Time,F2C1Bitrate,F2C1Jitter,F2C1Datagrams,F2C1Delay,F2C1Distance,F2F1Bitrate,F2F1Jitter,F2F1Datagrams,F2F1Delay,F2F1Distance,F2S1Bitrate,F2S1Jitter,F2S1Datagrams,F2S1Delay,F2S1Distance,F2F4Bitrate,F2F4Jitter,F2F4Datagrams,F2F4Delay,F2F4Distance
1731068776.81,0.9615405870746049,0.05041681185405854,-0.07518754852562552,-0.26234995244523546,1.0377163624055095,-0.5361107402806123,-0.22629983139880094,-0.0431494895617464,-0.133103011751536,-1.038262679439332,0.5911127968024926,-0.3698517585231557,-0.13004916117839413,-0.32421016507569345,-1.0394683740857138,-0.4558373623490976,-0.609300814663301,-0.0690561847543834,-0.4124243898403614,-1.0382648893562936
1731068777.31,-0.9214443623352827,-0.7123539394161277,-0.07518754852562552,1.3036786712223727,1.03736855632688,-0.5361107402806123,-0.22629983139880094,-0.0431494895617464,-0.17292685857802753,-1.0379405169526814,-0.4549339772403137,-0.4868445750464272,-0.13004916117839413,-0.43119551816022306,-1.0376235524360768,-0.1963350305392016,-0.5334656539726731,-0.0690561847543834,-0.43577750306743973,-1.037942695401385
1731068777.81,0.9615405870746049,-0.06942402804826364,-0.07518754852562552,-0.1948992813883909,1.0370207506601175,1.5403010408762854,-0.2968327901020488,-0.0431494895617464,-0.16997694399828742,-1.0376183434680288,0.5911127968024926,-0.16511432960743014,-0.13004916117839413,-0.32421016507569345,-1.0343257027060213,1.3606789603202112,-0.08994486569112073,-0.0690561847543834,-0.280090081553584,-1.0376204904603732
1731068778.31,-0.9214443623352827,0.15406294366147227,-0.07518754852562552,-0.3620596400944838,1.0366729454052224,-0.5361107402806123,0.13992899263729347,-0.0431494895617464,-0.17415598965291926,-1.037296158986998,-0.4549339772403137,0.2576551664653014,-0.13004916117839413,-0.44265823456213693,-1.038058628285837,-0.4558373623490976,-0.23242304638260394,-0.0690561847543834,-0.38517909107543663,-1.0372982745348784
1731068778.81,0.9615405870746049,0.15892135608994498,-0.07518754852562552,-0.3180700720139331,1.0363251405622211,-0.5361107402806123,-0.05268024074465264,-0.0431494895617464,0.6092921574830593,-1.0369739635112074,0.5911127968024926,1.4142886934567374,-0.13004916117839413,-0.3815237470852629,-1.0376003916505585,-0.1963350305392016,-0.7632691712170006,-0.0690561847543834,-0.2723057104778912,-1.0369760476265208
1731068779.31,-0.8920227225007512,0.18321341823230744,-0.07518754852562552,-0.06879585289081194,1.035977336131127,-0.5361107402806123,-0.06895707736847907,-0.0431494895617464,-0.18374321203707464,-1.0366517570422555,-0.4549339772403137,0.6112925436833726,-0.13004916117839413,-0.12552308077585259,-1.0371950400601766,-0.4558373623490976,-0.7035202567334754,-0.0690561847543834,-0.4046400187646686,-1.0366538097369202
1731068779.81,0.9615405870746049,-0.7139734102256184,-0.07518754852562552,-0.30047424478171275,1.0356295321119338,1.5403010408762854,0.33253822601923927,-0.0431494895617464,-0.19947608979568857,-1.036329539581808,-0.4549339772403137,-0.6809462933691282,-0.13004916117839413,-0.22868752839307765,-1.0363115002278673,-0.4558373623490976,0.08240777224212485,-0.0690561847543834,3.2579065723487903,-1.036331560867696
1731068780.31,-0.9214443623352827,0.18483288904179848,-0.07518754852562552,-0.31220479626985964,1.035281728504661,-0.5361107402806123,0.01785271795859523,-0.0431494895617464,-0.133103011751536,-1.036007311131462,0.5911127968024926,-0.5479999109563193,-0.13004916117839413,0.03495494885094191,-1.033678953317224,1.3606789603202112,-0.4139678250056226,-0.0690561847543834,-0.2061385563345023,-1.0360093010204692
1731068780.81,-0.8920227225007512,-0.2508047587112378,-0.07518754852562552,-0.29460896903763933,1.0349339253093355,-0.5361107402806123,0.2430156245881939,-0.0431494895617464,0.07339100883027201,-1.0356850716928374,0.5911127968024926,-0.8298462416714737,-0.13004916117839413,0.7762106095080404,-1.0363378979113234,-0.4558373623490976,-0.3794972974189735,-0.0690561847543834,-0.3462572356969726,-1.035687030196859
1731068781.31,0.9615405870746049,0.25932854627837726,-0.07518754852562552,-0.23302357372486823,1.034586122525951,-0.5361107402806123,0.04498077899830595,-0.0431494895617464,-0.16333963619387218,-1.035362821267554,-0.4549339772403137,-0.6171320298109799,-0.13004916117839413,-0.266896583066124,-1.0358864080954167,-0.4558373623490976,-0.04168612706981189,-0.0690561847543834,-0.3773947199997438,-1.0353647483984818
1731068781.81,-0.9214443623352827,0.28685955003972136,7.1389565094465715,0.06024021347880367,1.0342383201545404,-0.5361107402806123,-0.9533318672630476,-0.0431494895617464,-0.12081170100261884,-1.0350405598572074,0.7654539258096312,-0.6330855957005169,-0.13004916117839413,-0.28218020493534246,-1.034864537289024,1.3606789603202112,-0.37030515672920034,-0.0690561847543834,-0.2061385563345023,-1.035042455626959
1731068782.31,-0.9214443623352827,-0.2783357624725822,-0.07518754852562552,-0.2652825903172721,1.0338905181950906,1.5403010408762854,-0.9777471221987872,-0.0431494895617464,-0.0642716715576,-1.0347182874634626,-0.6292751062474522,-0.13054827018009982,-0.13004916117839413,-0.370061030683349,-1.0313737801592968,-0.4558373623490976,-0.12671342845021316,-0.0690561847543834,-0.17110888649388478,-1.034720151883908
1731068782.81,0.9909622269091337,0.6188510659853439,-0.07518754852562552,-0.23595621159690494,1.033542716647628,-0.5361107402806123,-0.9262038062233371,-0.0431494895617464,-0.09868734165456802,-1.0343960040879148,0.5911127968024926,-0.19968038903476043,-0.13004916117839413,-0.37770284161795825,-1.0344301484324852,-0.4558373623490976,0.4317091184535028,-0.0690561847543834,-0.3618259778483582,-1.0343978371709464
1731068783.31,-0.9508660021698115,-0.36740665699457853,-0.07518754852562552,-0.26234995244523546,1.0331949155121734,-0.5361107402806123,-1.116100233501312,-0.0431494895617464,0.1102649410770234,-1.0340737097321826,-0.4549339772403137,-0.11725363193881895,-0.13004916117839413,-0.1484485135796804,-1.0354089233839687,-0.1963350305392016,0.022658857758599632,-0.0690561847543834,-0.3267963080077407,-1.0340755114896936
1731068783.81,0.9615405870746049,0.17997447661332577,-0.07518754852562552,-0.24475412521301512,1.0328471147887195,1.5403010408762854,-1.0157264076543824,-0.0431494895617464,1.3393960159687375,-1.0337514043978844,-0.4549339772403137,-0.864412301098804,-0.13004916117839413,-0.3662401252160443,-1.030211974591867,1.3606789603202112,-0.06007040844935811,-0.0690561847543834,-0.4007478332268222,-1.033753174841766
1731068784.31,-0.9214443623352827,-0.11638868152349807,-0.07518754852562552,-0.2652825903172721,1.0324993144773131,-0.23948048582963297,-0.9967367649265848,-0.0431494895617464,-0.1923471295613166,-1.0334290880866144,0.5911127968024926,-1.6541138126308879,-0.13004916117839413,-0.4044491798890907,-1.034097424949624,-0.4558373623490976,0.09389794810434124,-0.0690561847543834,0.642357890916012,-1.033430827228781
1731068784.81,0.9615405870746049,-0.4240881353267578,-0.07518754852562552,-0.34739645073430026,1.0321515145779212,-0.5361107402806123,-0.6793384507619696,-0.0431494895617464,-0.15227745651984675,-1.0331067608000366,0.5911127968024926,-1.4945781537355174,-0.13004916117839413,-0.297463826804561,-1.030283330142478,-0.4558373623490976,0.3122112894864524,-0.0690561847543834,-0.44356187414313253,-1.0331084686523562
1731068785.31,-0.9214443623352827,0.4779571055596408,-0.07518754852562552,-0.29460896903763933,1.0318037150905834,-0.5361107402806123,-0.532846921147532,-0.0431494895617464,-0.1257282253021857,-1.0327844225397458,-0.4549339772403137,-1.0957390064970913,-0.13004916117839413,-0.22868752839307765,-1.0293393901557546,-0.4558373623490976,0.36966216879753455,-0.0690561847543834,-0.3267963080077407,-1.0327860991141087
1731068785.81,0.9615405870746049,0.06337257832998527,-0.07518754852562552,-0.2682152281893088,1.0314559160153134,-0.5361107402806123,-0.6006670737468087,-0.0431494895617464,-0.1783350353075511,-1.0324620733073582,0.5911127968024926,-0.7022177145551776,-0.13004916117839413,-0.1484485135796804,-1.031805316376814,1.3606789603202112,0.9349788212185804,-0.0690561847543834,-0.3968556476889758,-1.032463718615655
1731068786.31,-0.9214443623352827,1.0204798267390724,-0.07518754852562552,-0.17437081628413378,1.031108117352111,1.5403010408762854,-0.6576360019302011,-0.0431494895617464,-0.1640771148388072,-1.0321397131044905,-0.4549339772403137,-0.9042962158226466,-0.13004916117839413,-0.2630756775988193,-1.0325987568456099,-0.4558373623490976,0.7074733391466962,-0.0690561847543834,-0.4474540596809789,-1.0321413271586102
1731068786.81,0.9615405870746049,0.08604516966285708,-0.07518754852562552,2.0045791226391483,1.0307603191010164,-0.5361107402806123,-0.768861052193015,-0.0431494895617464,-0.08147950660608401,-1.0318173419327357,0.7654539258096312,-1.170188980648264,-0.13004916117839413,-0.4159118962910046,-1.0302138185805851,-0.4558373623490976,0.06632152603502191,-0.0690561847543834,-0.12051047450188167,-1.031818924744592
1731068787.31,-0.9214443623352827,-0.2508047587112378,-0.07518754852562552,-0.3151374341418964,1.0304125212619963,-0.5361107402806123,-0.8366812047922917,-0.0431494895617464,0.009476192935902867,-1.0314949597937584,-0.4549339772403137,-0.9627926240842826,-0.13004916117839413,-0.3891655580198721,-1.028836832861876,-0.4558373623490976,-0.34502676983232433,-0.0690561847543834,-0.06991206250987857,-1.0314965113752166
1731068787.81,0.9615405870746049,0.8682495706469333,-0.07518754852562552,-0.3561943643504104,1.0300647238351042,1.5403010408762854,-0.25342789243851166,-0.0431494895617464,-0.11343691455326856,-1.0311725666891498,0.5911127968024926,-0.06673400662195189,-0.13004916117839413,-0.15609032451428967,-1.0317242344286175,1.3606789603202112,-0.4599285284544882,-0.0690561847543834,-0.2723057104778912,-1.031174087052097
1731068788.31,-0.9214443623352827,-0.22975163818785688,-0.07518754852562552,-0.32393534775800653,1.0297169268203263,-0.5361107402806123,-0.6576360019302011,-0.0431494895617464,-0.11343691455326856,-1.0308501626205255,-0.4549339772403137,-1.1648711253517516,-0.13004916117839413,-0.1369857971777664,-1.0280396595683468,-0.4558373623490976,0.018062787413713075,-0.0690561847543834,-0.08158861912341768,-1.0308516517768507
1731068788.81,0.9615405870746049,0.5799837665575637,-0.07518754852562552,-0.256484676701162,1.0293691302176897,-0.5361107402806123,-0.6305079408904903,-0.0431494895617464,-0.16456876726876388,-1.030527747589502,0.5911127968024926,-1.2393210995029247,-0.13004916117839413,-0.35859831428143507,-1.0320373281656974,-0.4558373623490976,0.367364133625091,-0.0690561847543834,-0.06212769143418576,-1.0305292055510917
1731068789.31,-0.9214443623352827,-0.23137110899734772,-0.07518754852562552,-0.28874369329356586,1.0290213340272212,-0.5361107402806123,-0.6413591653063746,-0.0431494895617464,-0.007731642112581147,-1.0302053215976692,-0.4549339772403137,-1.2020961124273382,-0.13004916117839413,-0.3394937869449119,-1.0270549439830507,-0.4558373623490976,-0.15199181534708922,-0.0690561847543834,2.5534209899985925,-1.0302067483764359
1731068789.81,-0.9214443623352827,-0.3042472954244356,-0.07518754852562552,-0.36499227796652056,1.0286735382489005,1.5403010408762854,-0.5708262066031269,-0.0431494895617464,0.0856823195791891,-1.0298828846466905,0.5911127968024926,-0.954815841139514,-0.13004916117839413,0.21071660034695494,-1.026074492129037,1.3606789603202112,-0.07845468982890434,-0.0690561847543834,-0.427993131991747,-1.0298842802544965
1731068790.31,0.9615405870746049,-0.19574275118854936,-0.07518754852562552,-0.11865069671543615,1.0283257428827544,-0.5361107402806123,-0.23172544360674308,-0.0431494895617464,1.6884692412379843,-1.0295604367381574,-0.4549339772403137,-0.7261480633894831,-0.13004916117839413,3.1222465664330845,-1.0296154913784195,-0.4558373623490976,-0.19335644845106822,-0.0690561847543834,-0.1321870311154208,-1.0295618011868872
1731068790.81,-0.9214443623352827,-0.22651269656887518,-0.07518754852562552,-0.24768676308505183,1.0279779479287963,-0.5361107402806123,-0.5599749821872426,-0.0431494895617464,-0.0568968851082497,-1.0292379778736838,0.5911127968024926,-0.8511176628575231,-0.13004916117839413,-0.266896583066124,-1.028766454145973,-0.1963350305392016,0.07321563155235174,-0.0690561847543834,-0.3190119369320479,-1.029239311175225
1731068791.31,0.9615405870746049,0.6399041865087247,-0.07518754852562552,0.954694764450003,1.0276301533870398,-0.5361107402806123,-0.3673657488052967,-0.0431494895617464,-0.16874781292339572,-1.0289155080548824,-0.4549339772403137,-0.4895035026946834,-0.13004916117839413,-0.3738819361506536,-1.0265699737891092,-0.4558373623490976,0.1904154253469589,-0.0690561847543834,-0.4396696886052861,-1.028916810221121
1731068791.81,-0.9214443623352827,-0.4208491937077761,-0.07518754852562552,-0.34739645073430026,1.027282359257511,1.5403010408762854,-0.3700785549092678,-0.0431494895617464,-0.11835343885283542,-1.028593027283346,0.5911127968024926,-0.43632494972956015,-0.13004916117839413,-0.33567288147760727,-1.0265382403638366,-0.1963350305392016,0.5098423143165742,-0.0690561847543834,-0.408532204302515,-1.028594298326188
1731068792.31,0.9615405870746049,-0.21841534252142097,-0.07518754852562552,-0.297541606909676,1.0269345655401974,-0.5361107402806123,-0.38092977932515204,-0.0431494895617464,-0.015106428561931439,-1.0282705355607327,-0.4549339772403137,-0.35655712028187486,-0.13004916117839413,-0.3471355978795212,-1.0261040397724042,1.3606789603202112,0.4225169777637297,-0.0690561847543834,-0.3267963080077407,-1.028271775492044
1731068792.81,0.9615405870746049,-0.39655713156541367,-0.07518754852562552,-0.19783191926042756,1.0265867722351116,-0.5361107402806123,-0.142202842175698,-0.0431494895617464,-0.19357626063620834,-1.0279480328886352,0.5911127968024926,-0.6410623786452855,-0.13004916117839413,-0.43119551816022306,-1.0254281062103308,-0.4558373623490976,0.7787124294924375,-0.0690561847543834,-0.369610348924051,-1.027949241720295
1731068793.31,-0.9214443623352827,-0.2945304705674906,-0.07518754852562552,-0.2154277464926479,1.0262389793422877,-0.5361107402806123,-0.011988149185086559,-0.0431494895617464,-0.2058675713851255,-1.0276255192686643,-0.4549339772403137,-0.9308854923052085,-0.13004916117839413,-0.27071748853342853,-1.0284166751751787,-0.4558373623490976,0.7097713743191392,-0.0690561847543834,-0.5603274402785244,-1.0276266970125578
1731068793.81,-0.9214443623352827,-0.3981766023749045,-0.07518754852562552,-0.29460896903763933,1.0258911868617318,1.5403010408762854,-0.014700955289057632,-0.0431494895617464,-0.08639603090565087,-1.0273029947024341,0.5911127968024926,-0.8112337481336804,-0.13004916117839413,-0.2630756775988193,-1.0250810919745552,1.3606789603202112,1.1463980570833614,-0.0690561847543834,0.6929563029080151,-1.0273041413704445
1731068794.31,0.9615405870746049,-0.10505238585706217,-0.07518754852562552,-0.2066298328765378,1.0255433947934574,-0.5361107402806123,0.06125761562213238,-0.0431494895617464,-0.05443862295846627,-1.026980459191534,-0.4549339772403137,-0.4469606603225846,-0.13004916117839413,-0.35477740881413045,-1.0243862268600108,-0.4558373623490976,1.065966826047847,-0.0690561847543834,-0.14386358772896007,-1.0269815747955662
1731068794.81,0.9615405870746049,-0.017600962144556673,-0.07518754852562552,-0.2858110554215291,1.025195603137458,-0.5361107402806123,-0.5464109516673873,-0.0431494895617464,-0.19923026358071022,-1.0266579127376205,0.5911127968024926,-0.10395899369753836,-0.13004916117839413,1.0818830468924108,-1.0257547573845447,-0.1963350305392016,1.360115328120586,-0.0690561847543834,-0.389071276613283,-1.026658997289538
1731068795.31,-0.9214443623352827,-0.3172030619003624,-0.07518754852562552,-0.2799457796774557,1.0248478118937603,-0.5361107402806123,-0.7878506949208124,-0.0431494895617464,-0.2048842665252121,-1.0263353553422851,-0.4549339772403137,-0.04014473013939012,-0.13004916117839413,-0.22868752839307765,-1.0235187597417785,-0.4558373623490976,0.5282265956961205,-0.0690561847543834,-0.3540416067726654,-1.026336408853964
1731068795.81,0.9615405870746049,0.13948770637605487,-0.07518754852562552,-0.08052640437895883,1.0245000210623845,1.5403010408762854,-0.5464109516673873,-0.0431494895617464,-0.18079329745733452,-1.0260127870071392,-0.4549339772403137,0.6671300242967526,-0.13004916117839413,-0.27835929946803784,-1.025546142275295,-0.4558373623490976,-0.3771992622465302,-0.0690561847543834,-0.2255994840237344,-1.0260138094904627
1731068796.31,-0.9214443623352827,-0.17307015985567756,-0.07518754852562552,1.7289111626676967,1.0241522306433233,-0.5361107402806123,-0.6684872263460854,-0.0431494895617464,-0.14981919437006333,-1.0256902077337933,0.5911127968024926,0.4597336677327708,-0.13004916117839413,-0.2592547721315147,-1.0224441234466697,1.3606789603202112,-0.7862495229414334,-0.0690561847543834,-0.16332451541819198,-1.0256911992006437
1731068796.81,0.9615405870746049,-0.2831941749010547,-0.07518754852562552,-0.2799457796774557,1.0238044406366242,-0.5361107402806123,-0.6060926859547509,-0.0431494895617464,-0.0568968851082497,-1.0253676175238362,-0.6292751062474522,-0.8378230246162423,-0.13004916117839413,-0.3127474486737795,-1.0255049909077238,-0.4558373623490976,-0.9953707236337714,-0.0690561847543834,-0.3034431947806623,-1.0253685779861175
1731068797.31,-0.9214443623352827,0.00993004161678747,-0.07518754852562552,-0.1948992813883909,1.02345665104226,-0.23948048582963297,-0.5274213089395898,-0.0431494895617464,0.03651707658352055,-1.0250450163789244,0.7654539258096312,-0.8351640969679861,-0.13004916117839413,-0.3738819361506536,-1.020994324428053,-0.4558373623490976,-0.7931436284587632,-0.0690561847543834,-0.3267963080077407,-1.0250459458484933
1731068797.81,-0.9214443623352827,-0.6394777529890397,-0.07518754852562552,-0.2799457796774557,1.0231088618602644,1.5403010408762854,-0.5138572784197344,-0.0431494895617464,-0.17710590423265937,-1.0247224043006466,0.5911127968024926,-0.8325051693197298,-0.13004916117839413,-0.4159118962910046,-1.021825725376108,1.3606789603202112,-0.6115988498357443,-0.0690561847543834,-0.4163165753782078,-1.024723302789384
1731068798.31,0.9615405870746049,0.33544367432444666,-0.07518754852562552,-0.2799457796774557,1.022761073090644,-0.5361107402806123,0.3922199603066029,-0.0431494895617464,-0.0642716715576,-1.0243997812906138,-0.4549339772403137,-0.32464998850280075,-0.13004916117839413,-0.33185197601030264,-1.02035218727314,-0.4558373623490976,-0.08075272500134761,-0.0690561847543834,0.23757059497998675,-1.0244006488103947
1731068798.81,0.9615405870746049,0.4083198607515344,-0.07518754852562552,-0.2535520388291253,1.022413284733412,-0.5361107402806123,0.06397042172610345,-0.0431494895617464,0.03651707658352055,-1.0240771473504333,0.7654539258096312,-0.04014473013939012,-0.13004916117839413,-0.3624192197487397,-1.0237286907580023,-0.1963350305392016,0.22948202327849437,-0.0690561847543834,-0.3812869055375902,-1.0240779839131398
1731068799.31,-0.9214443623352827,0.055275224282531066,-0.07518754852562552,-0.19783191926042756,1.0220654967886023,-0.5361107402806123,-0.20731018867100345,-0.0431494895617464,-0.11097865240348512,-1.0237545024816943,-0.4549339772403137,-0.010896526008572174,-0.13004916117839413,0.4094036846467958,-1.024577987391662,-0.4558373623490976,-0.7770573822516603,-0.0690561847543834,-0.389071276613283,-1.0237553080992274
1731068799.81,0.9615405870746049,0.3775499153712086,-0.07518754852562552,-0.23888884946894168,1.0217177092561807,1.5403010408762854,-0.3944938098450074,-0.0431494895617464,-0.15227745651984675,-1.023431846686054,0.5911127968024926,0.06887130343911313,-0.13004916117839413,-0.18283666278542204,-1.0228063028825032,-0.4558373623490976,-0.35192087534965416,-0.0690561847543834,-0.3540416067726654,-1.0234326213702678
1731068800.31,-0.9214443623352827,-0.5309732087531535,-0.07518754852562552,-0.24475412521301512,1.021369922136208,-0.5361107402806123,0.05583200341419024,-0.0431494895617464,-0.1257282253021857,-1.0231091799650953,-0.4549339772403137,0.4145318977124155,-0.13004916117839413,-0.27835929946803784,-1.021390696428896,1.3606789603202112,-0.7219045381130216,-0.0690561847543834,-0.3073353803185087,-1.0231099237278678
1731068800.81,0.9615405870746049,0.3775499153712086,-0.07518754852562552,1.8168902988287985,1.0210221354286573,-0.5361107402806123,-0.10693636282407408,-0.0431494895617464,-0.15916059053924034,-1.0227865023204292,0.5911127968024926,0.32146943002344963,-0.13004916117839413,-0.3509565033468258,-1.02261191534002,-0.4558373623490976,-0.7104143622508052,-0.0690561847543834,-0.3112275658563551,-1.0227872151736384
1731068801.31,-0.9214443623352827,-0.22813216737836603,-0.07518754852562552,-0.34739645073430026,1.0206743491335688,-0.5361107402806123,-0.07166988347245014,-0.0431494895617464,-0.11835343885283542,-1.0224638137536652,-0.4549339772403137,-1.0345836705871994,-0.13004916117839413,-0.3624192197487397,-1.0203938361651332,-0.4558373623490976,-0.6644536588019396,-0.0690561847543834,-0.427993131991747,-1.0224644957091864
1731068801.81,0.9615405870746049,-0.04675143671539184,-0.07518754852562552,-0.2535520388291253,1.0203265632509555,1.5403010408762854,0.1263649621174381,-0.0431494895617464,-0.11589517670305198,-1.0221411142663865,0.5911127968024926,-0.8351640969679861,-0.13004916117839413,-0.328031070542998,-1.0182121484799471,1.3606789603202112,-0.5426577946624462,-0.0690561847543834,0.6345735198403194,-1.0221417653361202
1731068802.31,-0.9214443623352827,0.2690453711353223,-0.07518754852562552,-0.18023609202820723,1.0199787777808045,-0.5361107402806123,-0.006562536977144416,-0.0431494895617464,-0.13064474960175257,-1.0218184038602505,-0.4549339772403137,-0.938862275249977,-0.13004916117839413,-0.45412095096405086,-1.0190899124423516,-0.4558373623490976,-0.4369481767300554,-0.0690561847543834,1.0899592277683476,-1.0218190240560483
1731068802.81,0.9615405870746049,-0.39493766075592285,-0.07518754852562552,-0.3063395205257862,1.0196309927231555,-0.5361107402806123,-0.5409853394594452,-0.0431494895617464,-0.15006502058504168,-1.0214956825368409,0.5911127968024926,-0.6224498851074922,-0.13004916117839413,-0.23632933932768693,-1.0208582109156632,-0.4558373623490976,-0.441544247074942,-0.0690561847543834,-0.350149421234819,-1.0214962718705785
1731068803.31,-0.9214443623352827,0.6058952995094172,-0.07518754852562552,-0.30047424478171275,1.0192832080780019,-0.5361107402806123,-1.002162377134527,-0.0431494895617464,-0.17858086152252944,-1.0211729502977658,-1.675321880290271,-0.5373642003632946,2.0283981344429933,-0.1675530409162035,-1.020212580501781,-0.4558373623490976,-0.3680071215567571,-0.0690561847543834,2.11360402422195,-1.0211735087813183
1731068803.81,0.9615405870746049,-0.2653799959966554,-0.07518754852562552,-0.43537558689540184,1.018935423845364,1.5403010408762854,-0.8421068170002338,-0.0431494895617464,0.7617044107696319,-1.020850207144632,0.5911127968024926,-0.2262696655173222,-0.13004916117839413,-0.2095830010565544,-1.017315965884873,-0.1963350305392016,-0.16807806155419217,-0.0690561847543834,-0.1477557732668064,-1.020850734789874
1731068804.31,-0.9214443623352827,0.26742590032583125,-0.07518754852562552,-0.3327332613741167,1.0185876400252618,-0.23948048582963297,-0.6196567164746061,-0.0431494895617464,-0.14072362441586464,-1.0205274530790243,-0.4549339772403137,-0.12523041488358747,-0.13004916117839413,2.6140661392815683,-1.0185828047945522,1.3606789603202112,0.27774076189980346,-0.0690561847543834,-0.2528447827886591,-1.0205279498978528
1731068804.81,0.9615405870746049,0.5686474708911277,-0.07518754852562552,-0.203697195004501,1.0182398566177018,-0.5361107402806123,-0.768861052193015,-0.0431494895617464,-0.18595564797187972,-1.0202046881025966,0.7654539258096312,-0.5985195362731867,-0.13004916117839413,-0.4159118962910046,-1.0151126525639107,-0.1963350305392016,0.4799678570748114,-0.0690561847543834,-0.389071276613283,-1.020205154106862
1731068805.31,-0.9214443623352827,-0.47267225961148307,-0.07518754852562552,1.1541141397484997,1.017892073622684,-0.5361107402806123,-0.6088054920587219,-0.0431494895617464,-0.13556127390131942,-1.0198819122169325,-1.675321880290271,-1.62486560850007,-0.13004916117839413,-0.3471355978795212,-1.0157000106808671,-0.4558373623490976,1.0131120170816514,-0.0690561847543834,-0.4552384307566717,-1.0198823474185073
1731068805.81,0.9615405870746049,0.6318068324612707,-0.07518754852562552,-0.3327332613741167,1.017544291040242,-0.5361107402806123,-0.5681134004991558,-0.0431494895617464,-0.07656298230651715,-1.0195591254236374,1.6371595708453115,-1.5583924172936656,-0.13004916117839413,-0.21722481199116367,-1.019644578657682,1.3606789603202112,0.3351916412108851,-0.0690561847543834,-0.3229041224698943,-1.0195595298343945
1731068806.31,-0.9214443623352827,-0.47915014284944646,-0.07518754852562552,-0.2154277464926479,1.017196508870369,1.5403010408762854,-0.923491000119366,-0.0431494895617464,-0.14662345357534487,-1.0192363277243186,-0.4549339772403137,-1.1143515000348843,-0.13004916117839413,-0.3738819361506536,-1.0174719692411387,-0.1963350305392016,0.20879970672650514,-0.0690561847543834,-0.12829484557757448,-1.0192367013561316
1731068806.81,0.9615405870746049,0.2123638928031426,-0.07518754852562552,-0.1948992813883909,1.0168487271131184,-0.5361107402806123,-0.7851378888168413,-0.0431494895617464,-0.1525232827348251,-1.0189135191205587,0.5911127968024926,-0.9973586835116128,-0.13004916117839413,-0.4579418564313555,-1.0178346975617996,-0.4558373623490976,0.4638816108677087,-0.0690561847543834,-0.4046400187646686,-1.0189138619853217
1731068807.31,-0.8920227225007512,-0.5244953255151901,-0.07518754852562552,-0.16557290266802369,1.016500945768437,-0.5361107402806123,-0.7959891132327256,-0.0431494895617464,-0.17120607507317914,-1.018590699614009,-1.675321880290271,-0.9122729987674152,2.0283981344429933,-0.15226941904698496,-1.017548351399652,-0.4558373623490976,0.9763434543225594,-0.0690561847543834,-0.3773947199997438,-1.0185910117235695
1731068807.81,0.932118947240076,-0.5633626249429703,-0.07518754852562552,-0.03067156055433463,1.016153164836378,1.5403010408762854,0.10466251328566954,-0.0431494895617464,-0.15473571866963018,-1.018267869206254,0.7654539258096312,-0.5081159962324766,-0.13004916117839413,-0.3471355978795212,-1.0157198329205217,1.3606789603202112,1.4543347701907607,-0.0690561847543834,1.2067247939037395,-1.0182681505724833
1731068808.31,-0.9214443623352827,0.5977979454619629,-0.07518754852562552,-0.3385985371181901,1.0158053843169614,-0.5361107402806123,-0.5274213089395898,-0.0431494895617464,-0.13801953605110287,-1.0179450278988968,-0.4549339772403137,-0.587883825680162,-0.13004916117839413,-0.40062827442178606,-1.0157055630558998,-0.4558373623490976,0.6247440729387381,-0.0690561847543834,-0.4202087609160542,-1.0179452785336662
1731068808.81,0.9615405870746049,-0.43380496018370285,-0.07518754852562552,-0.3063395205257862,1.0154576042101675,-0.5361107402806123,-0.7851378888168413,-0.0431494895617464,-0.03477252576019888,-1.0176221756935442,0.5911127968024926,-1.0797854406075544,-0.13004916117839413,0.8870168680598748,-1.0153016151754215,-0.4558373623490976,0.27084665638247335,-0.0690561847543834,-0.3423650501591262,-1.0176223956087225
1731068809.31,-0.9214443623352827,0.37916938618069923,-0.07518754852562552,-0.2594173145731987,1.0151098245160564,-0.5361107402806123,-0.6250823286825482,-0.0431494895617464,-0.18374321203707464,-1.017299312591775,-0.4549339772403137,-0.7341248463342517,-0.13004916117839413,-0.27071748853342853,-1.0155871913462566,-0.4558373623490976,0.2639525508651438,-0.0690561847543834,-0.06991206250987857,-1.0172995017992563
1731068809.81,0.9615405870746049,-0.5180174422772267,-0.07518754852562552,0.4150893959952468,1.0147620452345942,1.5403010408762854,-0.6956152873857961,-0.0431494895617464,-0.0568968851082497,-1.016976438595243,0.5911127968024926,-1.1728479082965202,-0.13004916117839413,-0.3203892596083888,-1.0155924954272966,1.3606789603202112,0.008870646723939965,-0.0690561847543834,-0.2917666381671231,-1.0169765971068712
1731068810.31,-0.9508660021698115,-0.19250380956956767,-0.07518754852562552,-0.27114786606134555,1.0144142663658149,-0.5361107402806123,-0.3266736572457306,-0.0431494895617464,1.1673176654838977,-1.0166535537055272,-0.4549339772403137,-0.984064045270332,-0.13004916117839413,-0.43119551816022306,-1.0134577726970513,-0.1963350305392016,-0.22093287052038757,-0.0690561847543834,-0.17500107203173126,-1.0166536815331737
1731068810.81,-0.8920227225007512,-0.21193745928345778,-0.07518754852562552,-0.19783191926042756,1.0140664879097248,-0.5361107402806123,-0.3646529427013256,-0.0431494895617464,-0.18693895283179307,-1.0163306579242335,-0.4549339772403137,-1.045219381180224,2.0283981344429933,-0.37770284161795825,-1.012202434649091,-0.4558373623490976,0.008870646723939965,-0.0690561847543834,-0.4046400187646686,-1.0163307550797642
1731068811.31,0.9615405870746049,-0.1698312182366959,-0.07518754852562552,-0.19783191926042756,1.0137187098663374,-0.5361107402806123,-0.6440719714103458,-0.0431494895617464,-0.17735173044763772,-1.0160077512529633,-0.4549339772403137,-0.6091552468662114,-0.13004916117839413,-0.2860011104026471,-1.0143877187986778,-0.4558373623490976,0.1743291791398557,-0.0690561847543834,-0.369610348924051,-1.016007817748249
1731068811.81,0.9615405870746049,0.5184438757969116,-0.07518754852562552,-0.297541606909676,1.0133709322356863,1.5403010408762854,-0.5382725333554741,-0.0431494895617464,-0.13556127390131942,-1.0156848336932975,0.5911127968024926,-0.739442701630764,-0.13004916117839413,-0.4120909908237,-1.0116573815040522,1.3606789603202112,0.045639209483032406,-0.0690561847543834,-0.3073353803185087,-1.0156848695402263
1731068812.31,-0.8920227225007512,-0.44352178504064793,-0.07518754852562552,-0.3180700720139331,1.0130231550177444,-0.5361107402806123,0.321687001603355,-0.0431494895617464,-0.03477252576019888,-1.0153619052468879,-0.4549339772403137,-0.42568923913653545,-0.13004916117839413,-0.3127474486737795,-1.0111684138206265,-0.4558373623490976,0.6385322839733978,-0.0690561847543834,-0.17500107203173126,-1.015361910457303
1731068812.81,0.932118947240076,-0.42570760613624864,-0.07518754852562552,-0.13331388607561984,1.0126753782125588,-0.5361107402806123,-0.3538017182854413,-0.0431494895617464,-0.17735173044763772,-1.0150389659153107,0.5911127968024926,-0.6915820039621529,-0.13004916117839413,-0.3433146924122165,-1.0124417975522324,-0.4558373623490976,0.19960756603673202,-0.0690561847543834,-0.389071276613283,-1.015038940501081
1731068813.31,-0.9214443623352827,-0.49048643851588236,-0.07518754852562552,-0.3180700720139331,1.0123276018201226,-0.5361107402806123,-0.4270474830926603,-0.0431494895617464,-0.17636842558772434,-1.0147160157001711,-0.4549339772403137,-0.2475410867033716,-0.13004916117839413,-0.15609032451428967,-1.0130511865353167,-0.4558373623490976,0.5190344550063474,-0.0690561847543834,-0.4591306162945181,-1.014715959673161
1731068813.81,0.9615405870746049,-0.1325833896184065,-0.07518754852562552,-0.2652825903172721,1.0119798258404493,1.5403010408762854,0.7611615904466683,-0.0431494895617464,-0.12081170100261884,-1.014393054603071,-0.4549339772403137,-0.3698517585231557,-0.13004916117839413,-0.33567288147760727,-1.0124271670944316,1.3606789603202112,1.1992528660495572,-0.0690561847543834,-0.24895259725081278,-1.0143929679751453
1731068814.31,-0.8920227225007512,0.17673553499434408,-0.07518754852562552,-0.28874369329356586,1.0116320502735723,-0.5361107402806123,-0.02555217970494192,-0.0431494895617464,0.019309241535036534,-1.014070082625588,0.5911127968024926,-0.984064045270332,-0.13004916117839413,-0.3509565033468258,-1.0125965269451465,-0.4558373623490976,0.7373477963884585,-0.0690561847543834,-0.2839822670914303,-1.0140699654086374
1731068814.81,0.932118947240076,-0.18116751390313177,-0.07518754852562552,1.8227555745728716,1.0112842751194848,-0.5361107402806123,-0.07709549568039228,-0.0431494895617464,-0.08393776875586743,-1.0137470997693723,0.5911127968024926,-0.819210531078449,-0.13004916117839413,-0.297463826804561,-1.0108561123529844,-0.1963350305392016,0.7258576205262419,-0.0690561847543834,-0.4552384307566717,-1.0137469519752345
1731068815.31,-0.9214443623352827,-0.09695503180960796,-0.07518754852562552,-0.2535520388291253,1.0109365003782005,-0.5361107402806123,-0.5030060540038501,-0.0431494895617464,-0.14293606035066972,-1.0134241060359999,-0.4549339772403137,-0.6782873657208719,-0.13004916117839413,-0.2936429213372564,-1.0115608685468043,-0.4558373623490976,1.0062179115643217,-0.0690561847543834,-0.39296346215112943,-1.0134239276765424
1731068815.81,0.9615405870746049,-0.43218548937421203,-0.07518754852562552,-0.2740805039333823,1.0105887260497257,-0.5361107402806123,-0.7037537056977093,-0.0431494895617464,0.7076226434743965,-1.0131011014270752,0.5911127968024926,-0.6118141745144675,-0.13004916117839413,-0.37770284161795825,-1.0132482447172007,1.3606789603202112,0.9602572081154562,-0.0690561847543834,-0.054343320358492965,-1.013100892514161
1731068816.31,-0.8920227225007512,-0.11638868152349807,-0.07518754852562552,-0.3063395205257862,1.0102409521340874,1.5403010408762854,-0.20459738256703236,-0.0431494895617464,-0.0962290795047846,-1.012778085944196,-0.4549339772403137,-0.22361073786906602,-0.13004916117839413,-0.3738819361506536,-1.0112375566666592,-0.1963350305392016,1.07515896673762,-0.0690561847543834,-0.369610348924051,-1.012777846489689
1731068816.81,0.932118947240076,-0.42246866451726695,-0.07518754852562552,-0.06879585289081194,1.0098931786313055,-0.5361107402806123,-0.4894420234839948,-0.0431494895617464,-0.07656298230651715,-1.0124550595889423,0.5911127968024926,-0.1119357766423066,-0.13004916117839413,-0.1599112299815942,-1.0071514443553808,-0.4558373623490976,0.08010973706968158,-0.0690561847543834,-0.3579337923105118,-1.0124547896047287
1731068817.31,-0.9214443623352827,-0.2864331165200364,-0.07518754852562552,-0.2300909358528315,1.0095454055413666,-0.5361107402806123,-0.497580441795908,-0.0431494895617464,-0.16137302647404542,-1.01213202236296,-0.4549339772403137,0.22308910703797138,-0.13004916117839413,-0.4082700853563953,-1.0103876656861457,-0.4558373623490976,-0.15888592086441905,-0.0690561847543834,2.6818631127475236,-1.0121317218608787
1731068817.81,0.9615405870746049,0.04717787023507685,-0.07518754852562552,-0.3327332613741167,1.0091976328642975,1.5403010408762854,-0.378216973221181,-0.0431494895617464,-0.09868734165456802,-1.0118089742678265,0.5911127968024926,0.3001980088374002,-0.13004916117839413,-0.3738819361506536,-1.0062087202169647,1.3606789603202112,-0.7678652415618872,-0.0690561847543834,-0.4202087609160542,-1.011808643259739
1731068818.31,-0.9214443623352827,-0.043512495096410156,-0.07518754852562552,-0.3737901915826307,1.0088498606001117,-0.5361107402806123,-0.5708262066031269,-0.0431494895617464,-0.04706383650911604,-1.0114859153051419,-0.4549339772403137,-0.8697301563953164,-0.13004916117839413,2.07913937385892,-1.0077242976463456,-0.4558373623490976,-0.5518499353522193,-0.0690561847543834,-0.4046400187646686,-1.011485553802912
1731068818.81,0.9615405870746049,0.15406294366147227,-0.07518754852562552,-0.2300909358528315,1.0085020887488225,-0.5361107402806123,-0.5219956967316476,-0.0431494895617464,0.0021014064865525757,-1.0111628454765065,0.5911127968024926,-0.9787461899738196,-0.13004916117839413,-0.1599112299815942,-1.0088014094867153,-0.4558373623490976,0.22488595293360783,-0.0690561847543834,-0.18278544310742406,-1.0111624534919916
1731068819.31,-0.9214443623352827,0.23989489656448712,-0.07518754852562552,1.338870325686813,1.00815431731045,-0.5361107402806123,-0.5491237577713584,-0.0431494895617464,-0.16309380997889383,-1.0108397647834957,-0.4549339772403137,-0.8112337481336804,-0.13004916117839413,-0.30128473227186564,-1.0089061012233744,-0.1963350305392016,-0.23701911672749051,-0.0690561847543834,-0.2995510092428159,-1.010839342328582
1731068819.81,0.9615405870746049,0.35325785322884573,-0.07518754852562552,-0.3327332613741167,1.007806546284987,1.5403010408762854,-0.06624427126450799,-0.0431494895617464,-0.17686007801768103,-1.0105166732277544,0.5911127968024926,-0.36719283087489957,-0.13004916117839413,-0.3662401252160443,-1.006168199728319,1.3606789603202112,0.3397877115557717,-0.0690561847543834,-0.3384728646212798,-1.0105162203142797
1731068820.31,-0.9214443623352827,0.15892135608994498,-0.07518754852562552,-0.23595621159690494,1.0074587756724476,-0.5361107402806123,-0.21273580087894559,-0.0431494895617464,-0.015106428561931439,-1.010193570810861,-1.675321880290271,-0.3725106861714119,2.0283981344429933,-0.35859831428143507,-1.0082284670470656,-0.1963350305392016,-0.08305076017379089,-0.0690561847543834,-0.4474540596809789,-1.0101930874506828
1731068820.81,0.9909622269091337,-0.6589114027029298,-0.07518754852562552,-0.13331388607561984,1.007111005472865,-0.5361107402806123,0.02870394237447952,-0.0431494895617464,0.05372491163200456,-1.0098704575344115,0.5911127968024926,-0.10130006604928218,-0.13004916117839413,-0.2325084338603822,-1.0074854208924118,-0.4558373623490976,-0.3863914029363033,-0.0690561847543834,-0.10883391788834239,-1.0098699437393923
1731068821.31,-0.9508660021698115,0.218841776041106,-0.07518754852562552,-0.18023609202820723,1.0067632356862322,-0.5361107402806123,-0.2018845764630613,-0.0431494895617464,1.410685618312457,-1.0095473334000067,-0.4549339772403137,0.292221225892632,-0.13004916117839413,-0.3471355978795212,-1.0085685797185635,-0.1963350305392016,-0.30596017190078856,-0.0690561847543834,-0.08937299019911048,-1.0095467891819996
1731068821.81,0.9615405870746049,-0.1827869847126226,-0.07518754852562552,-0.23302357372486823,1.0064154663125895,1.5403010408762854,0.41663521524234254,-0.0431494895617464,-0.11097865240348512,-1.0092241984092196,0.5911127968024926,0.44112117419497726,-0.13004916117839413,-0.2630756775988193,-1.0065291092184785,-0.4558373623490976,0.08700384258701141,-0.0690561847543834,0.9498405484058773,-1.0092236237801124
1731068822.31,-0.9214443623352827,-0.09695503180960796,-0.07518754852562552,-0.32980062350207995,1.0060676973519036,-0.5361107402806123,0.14264179874126454,-0.0431494895617464,-0.1692394653533524,-1.0089010525636957,-0.4549339772403137,-1.1808246912412887,-0.13004916117839413,-0.4350164236275277,-1.0078983428495778,1.3606789603202112,-0.6529634829397233,-0.0690561847543834,-0.18278544310742406,-1.008900447535321
1731068822.81,0.9615405870746049,0.09090358209132961,-0.07518754852562552,-0.2799457796774557,1.005719928804228,-0.5361107402806123,0.10737531938964061,-0.0431494895617464,-0.2093091383948223,-1.008577895865009,0.5911127968024926,-1.1329639935726776,-0.13004916117839413,2.2625428362895423,-1.0073378161575912,-0.4558373623490976,-0.5127833374206836,-0.0690561847543834,0.050745689163359746,-1.0085772604492247
1731068823.31,-0.8920227225007512,-0.7447433556059445,-0.07518754852562552,-0.18903400564431747,1.0053721606695492,-0.5361107402806123,0.38408154199468963,-0.0431494895617464,-0.015106428561931439,-1.0082547283147578,-0.4549339772403137,-0.7075355698516899,-0.13004916117839413,-0.3433146924122165,-1.0025940279046988,-0.4558373623490976,-0.06926254913913123,-0.0690561847543834,0.023500390398435034,-1.0082540625234198
1731068823.81,0.932118947240076,0.1313903523286005,-0.07518754852562552,0.8461871631846444,1.0050243929478937,1.5403010408762854,0.1453546048452356,-0.0431494895617464,-0.04706383650911604,-1.0079315499145378,0.5911127968024926,-0.9574747687877702,-0.13004916117839413,-0.2630756775988193,-1.0075745901551083,1.3606789603202112,-0.3955835436260764,-0.0690561847543834,-0.4318853175295933,-1.007930853759504
1731068824.31,-0.9214443623352827,-0.6572919318934389,-0.07518754852562552,-0.3063395205257862,1.0046766256392954,-0.5361107402806123,-0.3185352389338174,-0.0431494895617464,-0.18546399554192305,-1.007608360665924,-0.4549339772403137,-0.4469606603225846,-0.13004916117839413,-0.33567288147760727,-1.0027878864140953,-0.4558373623490976,-0.16118395603686234,-0.0690561847543834,-0.4007478332268222,-1.0076076341590727
1731068824.81,0.9615405870746049,-0.08561873614317206,-0.07518754852562552,-0.25061940095708857,1.004328858743714,-0.5361107402806123,-1.0347160503821797,-0.0431494895617464,-0.13556127390131942,-1.0072851605705593,0.7654539258096312,-0.32199106085454454,-0.13004916117839413,-0.515255438440925,-1.0017218958136174,-0.4558373623490976,-0.30136410155590204,-0.0690561847543834,-0.04655894928280016,-1.0072844037237247
1731068825.31,-0.9214443623352827,0.5994174162714538,-0.07518754852562552,-0.21249510862061124,1.003981092261203,-0.5361107402806123,-0.9641830916789319,-0.0431494895617464,-0.049522098658899415,-1.0069619496300164,-0.4549339772403137,-0.45227851561909693,-0.13004916117839413,-0.27071748853342853,-1.0053238082675506,-0.1963350305392016,0.006572611551496687,-0.0690561847543834,-0.09326517573695679,-1.0069611624550525
1731068825.81,0.9615405870746049,-0.5083006174202817,-0.07518754852562552,-0.2682152281893088,1.0036333261917554,1.5403010408762854,-0.7715738582969861,-0.0431494895617464,-0.1778433828775944,-1.0066387278458921,0.5911127968024926,-0.2794482184824457,-0.13004916117839413,-0.05674678236436916,-1.001236145897138,1.3606789603202112,-0.15888592086441905,-0.0690561847543834,-0.18278544310742406,-1.0066379103546534
1731068826.31,-0.9214443623352827,0.750028201554102,-0.07518754852562552,-0.14211179969172993,1.0032855605353983,-0.5361107402806123,-0.5979542676428377,-0.0431494895617464,-0.13556127390131942,-1.0063154952197817,-0.4549339772403137,0.5501372077734809,-0.13004916117839413,-0.25161296119690546,-1.0048629983682706,-0.4558373623490976,0.42021894259128667,-0.0690561847543834,-0.3618259778483582,-1.0063146474241234
1731068826.81,0.9909622269091337,-0.46295543475453804,-0.07518754852562552,-0.28287841754949244,1.002937795292145,-0.5361107402806123,-0.5436981455634162,-0.0431494895617464,-0.11835343885283542,-1.0059922517532567,-0.4549339772403137,-1.6355013190930947,-0.13004916117839413,-0.3165683541410842,-1.0009049284724272,-0.4558373623490976,0.08930187775945468,-0.0690561847543834,2.2264774048194953,-1.0059913736650563
1731068827.31,-0.9508660021698115,0.29657637489666644,-0.07518754852562552,-0.3034068826537495,1.0025900304619888,-0.5361107402806123,-0.7444457972572754,-0.0431494895617464,0.1987623784692268,-1.0056689974479613,0.5911127968024926,-1.3270657118953784,-0.13004916117839413,1.0283903703501462,-1.0029393594724452,-0.4558373623490976,0.6408303191458409,-0.0690561847543834,-0.4474540596809789,-1.0056680890790484
1731068827.81,-0.9214443623352827,-0.2718578792346188,-0.07518754852562552,-0.1274486103315464,1.0022422660449564,1.5403010408762854,0.33525103212321034,-0.0431494895617464,-0.133103011751536,-1.005345732305465,0.5911127968024926,-0.9016372881743905,-0.13004916117839413,-0.060567687831673885,-1.0011028693065864,1.3606789603202112,1.1349078812211453,-0.0690561847543834,-0.4980524716729821,-1.0053447936676927
1731068828.31,0.9615405870746049,-0.13582233123738818,-0.07518754852562552,-0.24182148734097839,1.0018945020410546,-0.23948048582963297,-0.3836425854291231,-0.0431494895617464,-0.16038972161413204,-1.0050224563273646,-0.4549339772403137,-1.1223282829796528,-0.13004916117839413,-0.17519485185081277,-0.9990939730645805,-0.1963350305392016,1.0866491425998361,-0.0690561847543834,-0.1399714021911136,-1.005021487432585
1731068828.81,0.9909622269091337,0.5556917044152009,-0.07518754852562552,2.11015408603247,1.0015467384503098,-0.5361107402806123,-0.6494975836182879,-0.0431494895617464,-0.1822682547472046,-1.0046991695152523,0.5911127968024926,-1.0345836705871994,-0.13004916117839413,-0.4044491798890907,-1.0035526498897724,-0.4558373623490976,0.7258576205262419,-0.0690561847543834,-0.3190119369320479,-1.004698170375319
1731068829.31,-0.9508660021698115,-0.3188225327098532,-0.07518754852562552,-0.3327332613741167,1.001198975272729,-0.5361107402806123,-0.7363073789453621,-0.0431494895617464,-0.133103011751536,-1.0043758718707017,-1.675321880290271,-0.8537765905057793,2.0283981344429933,-0.3738819361506536,-0.9994089221034493,-0.4558373623490976,0.3145093246588959,-0.0690561847543834,-0.3657181633862046,-1.0043748424974905
1731068829.81,0.9615405870746049,0.24475330899295947,-0.07518754852562552,-0.2183603843646847,1.0008512125083056,1.5403010408762854,-0.5192828906276765,-0.0431494895617464,-0.17686007801768103,-1.0040525633953519,0.5911127968024926,-1.0771265129592982,-0.13004916117839413,-0.33185197601030264,-1.0015106496570727,-0.4558373623490976,0.11687829982877403,-0.0690561847543834,-0.4007478332268222,-1.0040515038006879
1731068830.31,-0.9214443623352827,-0.2702384084251279,-0.07518754852562552,-0.13038124820358304,1.0005034501570729,-0.5361107402806123,-0.4785907990681105,-0.0431494895617464,-0.02493947716106516,-1.003729244090774,-0.4549339772403137,-0.9202497817121837,-0.13004916117839413,-0.2898220158699517,-1.001132554956497,1.3606789603202112,-0.3680071215567571,-0.0690561847543834,0.4983470260156953,-1.0037281542865097
1731068830.81,0.9615405870746049,-0.22165428414040267,-0.07518754852562552,-0.24768676308505183,1.0001556882190374,-0.5361107402806123,-0.6277951347865193,-0.0431494895617464,0.029142290134170256,-1.003405913958561,-0.4549339772403137,-1.2579335930407178,-0.13004916117839413,-0.3203892596083888,-1.0007781094975807,-0.4558373623490976,-0.21863483534794428,-0.0690561847543834,1.2300779071308179,-1.0034047939565458
1731068831.31,-0.9214443623352827,0.20264706794619755,-0.07518754852562552,-0.22422566010875813,0.9998079266942126,-0.23948048582963297,-0.5491237577713584,-0.0431494895617464,-0.1623563313339588,-1.0030825730003066,0.5911127968024926,-0.6171320298109799,-0.13004916117839413,-0.37770284161795825,-1.001892726039411,-0.1963350305392016,0.09159991293189797,-0.0690561847543834,1.6660026873696143,-1.003081422812391
1731068831.81,0.9615405870746049,-0.36578718618508765,-0.07518754852562552,-0.34739645073430026,0.9994601655826186,1.5403010408762854,-0.535559727251503,-0.0431494895617464,-0.18546399554192305,-1.0027592212175815,0.5911127968024926,-1.0851032959040667,-0.13004916117839413,-0.35859831428143507,-1.0005321651392578,1.3606789603202112,-0.31745034776300496,-0.0690561847543834,-0.06601987697203207,-1.0027580408556367
1731068832.31,-0.9214443623352827,0.4309924520844062,-0.07518754852562552,-0.31220479626985964,0.9991124048842487,-0.5361107402806123,-0.5572621760832716,-0.0431494895617464,-0.18964304119655484,-1.002435858612023,-0.4549339772403137,-0.9681104793807949,-0.13004916117839413,-0.4120909908237,-1.0011424216360827,-0.4558373623490976,0.20420363638161856,-0.0690561847543834,0.28038463589629725,-1.002434648087876
1731068832.81,0.9909622269091337,-0.5196369130867176,-0.07518754852562552,0.08076867858306065,0.998764644599123,-0.5361107402806123,-0.45146273802839976,-0.0431494895617464,-0.16383128862382884,-1.002112485185202,0.5911127968024926,-0.8378230246162423,-0.13004916117839413,-0.39680736895448143,-1.0002797771153729,-0.4558373623490976,0.041043139138145855,-0.0690561847543834,-0.1321870311154208,-1.0021112445107012
1731068833.31,-0.9214443623352827,-0.31234464947188983,-0.07518754852562552,1.808092385212688,0.9984168847272681,-0.5361107402806123,-0.5057188601078212,-0.0431494895617464,-0.11097865240348512,-1.0017891009387097,-0.4549339772403137,-0.8617533734505478,-0.13004916117839413,-0.21722481199116367,-0.9987826764144156,-0.4558373623490976,0.16973310879496917,-0.0690561847543834,-0.22170729848588788,-1.0017878301257035
1731068833.81,0.9615405870746049,-0.45323860989759296,-0.07518754852562552,-0.297541606909676,0.9980691252686773,1.5403010408762854,-0.44332431971648656,-0.0431494895617464,-0.007731642112581147,-1.001465705874138,0.5911127968024926,-0.7314659186859954,-0.13004916117839413,-0.2592547721315147,-0.9954126970269292,1.3606789603202112,0.2754427267273599,-0.0690561847543834,-0.3112275658563551,-1.0014644049344743
1731068834.31,-0.9214443623352827,-0.17307015985567756,-0.07518754852562552,-0.13038124820358304,0.9977213662233909,-0.5361107402806123,-0.020126567496999776,-0.0431494895617464,-0.141706929275778,-1.0011422999930566,-0.4549339772403137,-0.10130006604928218,-0.13004916117839413,-0.33567288147760727,-0.9964656888618905,-0.4558373623490976,0.4133248370739566,-0.0690561847543834,-0.4513462452188253,-1.0011409689386046
1731068834.81,0.9615405870746049,0.6949661940314134,-0.07518754852562552,-0.24182148734097839,0.9973736075913887,-0.5361107402806123,-0.191033352047177,-0.0431494895617464,1.1624011411843307,-1.0008188832971017,-0.4549339772403137,0.17522840936936018,-0.13004916117839413,-0.37770284161795825,-0.9959294948288868,-0.4558373623490976,0.525928560523677,-0.0690561847543834,0.02739257593628135,-1.0008175221396878
1731068835.31,-0.9214443623352827,0.10062040694827466,-0.07518754852562552,-0.29460896903763933,0.9970258493726976,-0.23948048582963297,-0.06895707736847907,-0.0431494895617464,-0.18595564797187972,-1.000495455787843,0.5911127968024926,-0.9122729987674152,-0.13004916117839413,-0.07585130970089242,-0.9949487712241283,-0.4558373623490976,0.6408303191458409,-0.0690561847543834,-0.1321870311154208,-1.0004940645393094
1731068835.81,0.9615405870746049,0.12491246909063712,-0.07518754852562552,-0.11278542097136271,0.9966780915673308,-0.5361107402806123,-0.104223556720103,-0.0431494895617464,0.8108696537653005,-1.0001720174668705,0.7654539258096312,-0.8697301563953164,-0.13004916117839413,-0.2325084338603822,-0.9974883731154672,-0.1963350305392016,1.272789991567742,-0.0690561847543834,0.5255923247806202,-1.0001705961390648
1731068836.31,-0.9214443623352827,-0.3042472954244356,-0.07518754852562552,-0.1362465239476565,0.9963303341752949,1.5403010408762854,-0.05810585295259478,-0.0431494895617464,-0.16309380997889383,-0.9998485683357754,-0.6292751062474522,-0.3406035543923378,-0.13004916117839413,-0.3738819361506536,-0.9953142143987371,1.3606789603202112,0.7465399370782316,-0.0690561847543834,0.08188317346613094,-0.9998471169405425
1731068836.81,0.9615405870746049,-0.23784899223531109,-0.07518754852562552,-0.08345904225099549,0.9959825771966303,-0.5361107402806123,-0.4840164112760526,-0.0431494895617464,-0.16063554782911038,-0.9995251083961239,0.5911127968024926,-0.3804874691161804,-0.13004916117839413,2.1670201996069265,-0.9963179762713794,-0.4558373623490976,0.9556611377705696,-0.0690561847543834,-0.19446199972096317,-0.9995236269453323
1731068837.31,-0.9214443623352827,-0.15363651014178745,-0.07518754852562552,-0.3415311749902268,0.99563482063131,-0.5361107402806123,-0.5681134004991558,-0.0431494895617464,-0.1473609322202799,-0.9992016376495542,-0.4549339772403137,-0.1119357766423066,-0.13004916117839413,-0.297463826804561,-0.9935874281316229,-0.1963350305392016,1.6220913377791197,-0.0690561847543834,-0.2450604117129663,-0.9992001261550256
1731068837.81,0.9615405870746049,-0.33825618242374333,-0.07518754852562552,0.15408462538397863,0.9952870644793677,1.5403010408762854,-0.3456632999735281,-0.0431494895617464,-0.17808920909257275,-0.9988781560976321,0.7654539258096312,-0.08534650015974513,-0.13004916117839413,-0.17519485185081277,-0.9943653206044232,1.3606789603202112,1.1326098460487017,-0.0690561847543834,-0.07380424804772487,-0.9988766145712089
1731068838.31,-0.9214443623352827,-0.0791408529052087,-0.07518754852562552,-0.20076455713246436,0.9949393087408097,-0.5361107402806123,-0.49215482958796586,-0.0431494895617464,-0.14244440792071303,-0.9985546637419475,-0.6292751062474522,0.49695865480835727,-0.13004916117839413,-0.37770284161795825,-0.9937845246653148,-2.0128513532085104,-0.49669709121358063,-0.0690561847543834,-0.1399714021911136,-0.9985530921954745
1731068838.81,0.9615405870746049,0.2625674878973589,-0.07518754852562552,-0.3620596400944838,0.9945915534156496,-0.5361107402806123,-0.23443824971071417,-0.0431494895617464,-0.0888542930554343,-0.9982311605840889,0.7654539258096312,0.40921404241590315,-0.13004916117839413,-0.014716822224018263,-0.9943753332963022,1.3606789603202112,-0.2485092925897069,-0.0690561847543834,0.12858939992028776,-0.9982295590294088
1731068839.31,-0.8920227225007512,0.17997447661332577,-0.07518754852562552,-0.35326172647837367,0.9942437985039142,-0.5361107402806123,-0.13135161775981372,-0.0431494895617464,-0.176122599372746,-0.9979076466256234,-0.6292751062474522,0.127367711700749,-0.13004916117839413,-0.3509565033468258,-0.9943017011086374,-0.1963350305392016,-0.3794972974189735,-0.0690561847543834,-0.2255994840237344,-0.9979060150746021
1731068839.81,0.932118947240076,-0.22975163818785688,-0.07518754852562552,-0.1362465239476565,0.9938960440055901,1.5403010408762854,-0.24528947412659846,-0.0431494895617464,-0.09868734165456802,-0.9975841218681852,0.5911127968024926,-1.1170104276831405,-0.13004916117839413,-0.4235537072256138,-0.9947137954157571,-0.4558373623490976,-0.4599285284544882,-0.0690561847543834,-0.2995510092428159,-0.9975824603326421
1731068840.31,-0.9214443623352827,-0.18764539714109515,-0.07518754852562552,-0.2858110554215291,0.9935482899207105,-0.5361107402806123,-0.4867292173800237,-0.0431494895617464,-0.02739773931084859,-0.9972605863133405,-0.4549339772403137,-0.8830247946365972,-0.13004916117839413,-0.3929864634871768,-0.9910793917685727,1.3606789603202112,-0.6138968850081875,-0.0690561847543834,0.5606219946212377,-0.9972588948051166
1731068840.81,0.9615405870746049,0.04393892861609516,-0.07518754852562552,-0.3679249158385573,0.9932005362492756,-0.5361107402806123,-0.378216973221181,-0.0431494895617464,-0.1783350353075511,-0.9969370399626788,0.7654539258096312,-0.359216047930131,-0.13004916117839413,-0.15226941904698496,-0.9921662092549942,-0.4558373623490976,-0.4943990560411374,-0.0690561847543834,-0.4163165753782078,-0.9969353184936145
1731068841.31,-0.9214443623352827,-0.6896813480832559,-0.07518754852562552,-0.06586321501877529,0.9928527829913055,-0.5361107402806123,-0.45146273802839976,-0.0431494895617464,-0.1812849498872912,-0.9966134828177851,-0.6292751062474522,-0.4549374432673531,-0.13004916117839413,0.08080581445859752,-0.9936416622483215,-0.4558373623490976,-0.4622265636269315,-0.0690561847543834,-0.22170729848588788,-0.9966117313997236
1731068841.81,0.9615405870746049,0.0795672864248937,-0.07518754852562552,-0.26234995244523546,0.9925050301468269,1.5403010408762854,-0.3944938098450074,-0.0431494895617464,-0.0888542930554343,-0.9962899148802261,0.5911127968024926,0.22308910703797138,-0.13004916117839413,-0.3929864634871768,-0.9905441570175575,1.3606789603202112,0.49605410328191457,-0.0690561847543834,-0.3151197513942015,-0.9962881335250285
1731068842.31,-0.9214443623352827,0.2042665387556886,-0.07518754852562552,-0.24475412521301512,0.9921572777158195,-0.5361107402806123,-0.3293864633497017,-0.0431494895617464,1.2681064136250182,-0.9959663361516364,-0.4549339772403137,-0.09066435545625748,-0.13004916117839413,-0.3853446525525675,-0.9924957301614538,-0.4558373623490976,-0.16578002638174888,-0.0690561847543834,-0.21392292741019509,-0.995964524871122
1731068842.81,0.9615405870746049,-0.04675143671539184,-0.07518754852562552,1.7670354550041742,0.9918095256983105,-0.5361107402806123,-0.047254628536710495,-0.0431494895617464,-0.13064474960175257,-0.9956427466335792,-1.675321880290271,0.2682908770583261,4.186845430064381,0.37501553544105415,-0.9908489372302944,-0.4558373623490976,-0.6070027794908577,-0.0690561847543834,-0.3190119369320479,-0.9956409054395841
1731068843.31,-0.9214443623352827,0.1508240020424906,-0.07518754852562552,-0.3679249158385573,0.9914617740943262,-0.5361107402806123,0.04498077899830595,-0.0431494895617464,-0.11589517670305198,-0.9953191463276411,-0.4549339772403137,0.39857833182287844,-0.13004916117839413,-0.21722481199116367,-0.9922675599982502,-0.4558373623490976,-0.5265715484553433,-0.0690561847543834,-0.43577750306743973,-0.9953172752320064
1731068843.81,0.9615405870746049,-0.6637698151314023,-0.07518754852562552,-0.3063395205257862,0.9911140229038601,1.5403010408762854,-0.18289493373526408,-0.0431494895617464,-0.133103011751536,-0.994995535235409,-0.4549339772403137,-1.0851032959040667,-0.13004916117839413,-0.4694045728332694,-0.9901518103875124,-0.1963350305392016,-0.11752128776044006,-0.0690561847543834,-0.4124243898403614,-0.9949936342499724
1731068844.31,-0.9214443623352827,0.15244347285198162,-0.07518754852562552,-0.10398750735525261,0.9907662721269457,-0.5361107402806123,-0.02555217970494192,-0.0431494895617464,-0.03723078790998231,-0.9946719133584477,0.5911127968024926,-0.9016372881743905,-0.13004916117839413,-0.3127474486737795,-0.9930815245969139,1.3606789603202112,-0.34962284017721085,-0.0690561847543834,-0.26841352494004467,-0.9946699824950709
1731068844.81,-0.9214443623352827,-0.49048643851588236,-0.07518754852562552,-0.3034068826537495,0.9904185217635695,-0.5361107402806123,-0.02555217970494192,-0.0431494895617464,0.048808387332437704,-0.9943482806983881,0.5911127968024926,-0.6968998592586652,-0.13004916117839413,-0.328031070542998,-0.9913469284230038,-0.4558373623490976,-0.07845468982890434,-0.0690561847543834,0.19864873960152293,-0.9943463199688856
1731068845.31,0.9615405870746049,0.2755232543732857,-0.07518754852562552,-0.32980062350207995,0.9900707718137516,-0.5361107402806123,-0.35108891218147026,-0.0431494895617464,-0.16014389539915372,-0.9940246372567951,-0.4549339772403137,-0.6596748721830787,-0.13004916117839413,-0.4350164236275277,-0.9897856039929941,-0.4558373623490976,0.027254928103486186,-0.0690561847543834,-0.427993131991747,-0.9940226466730021
1731068845.81,0.9615405870746049,0.2625674878973589,-0.07518754852562552,-0.08932431799506893,0.9897230222775254,-0.5361107402806123,-1.1052490090854277,-0.0431494895617464,-0.19308460820625165,-0.9937009830352526,0.5911127968024926,-0.7633730504650696,-0.13004916117839413,1.9071986278302113,-0.9896701448015041,-0.1963350305392016,-0.15199181534708922,-0.0690561847543834,-0.4513462452188253,-0.993698962609007
1731068846.31,-0.9214443623352827,-0.46295543475453804,-0.07518754852562552,-0.25061940095708857,0.989375273154871,1.5403010408762854,-0.5084316662117923,-0.0431494895617464,-0.13801953605110287,-0.9933773180353465,-0.4549339772403137,-0.49216243034293955,-0.13004916117839413,1.6970488271284567,-0.9869677478355704,1.3606789603202112,0.22488595293360783,-0.0690561847543834,-0.3540416067726654,-0.9933752677784851
1731068846.81,0.9615405870746049,0.27390378356379463,-0.07518754852562552,-0.14211179969172993,0.9890275244458482,-0.23948048582963297,-0.7363073789453621,-0.0431494895617464,-0.049522098658899415,-0.9930536422586388,0.5911127968024926,-0.3804874691161804,-0.13004916117839413,-0.4235537072256138,-0.9882975986545444,-0.4558373623490976,-0.05317630293202828,-0.0690561847543834,-0.3812869055375902,-0.9930515621830202
1731068847.31,-0.9214443623352827,-0.2750968208536005,-0.07518754852562552,0.5646539274691194,0.9886797761504106,-0.5361107402806123,-0.8231171742724364,-0.0431494895617464,-0.18202242853222625,-0.9927299557067613,-0.4549339772403137,0.06621237579085666,-0.13004916117839413,0.5775235252081997,-0.986887110636686,-0.1963350305392016,0.15594489776030948,-0.0690561847543834,-0.2723057104778912,-0.9927278458241974
1731068847.81,0.9615405870746049,0.18807183066078015,-0.07518754852562552,-0.18023609202820723,0.9883320282686181,1.5403010408762854,-0.7580098277771308,-0.0431494895617464,-0.14883588951014995,-0.9924062583812759,-0.4549339772403137,0.10343736286644313,-0.13004916117839413,0.47817998305827925,-0.9871887566737795,1.3606789603202112,0.691387092939593,-0.0690561847543834,-0.536974327051446,-0.9924041187036013
1731068848.31,-0.9214443623352827,-0.048370907524882684,-0.07518754852562552,-0.16557290266802369,0.9879842808004575,-0.5361107402806123,-0.7010408995937383,-0.0431494895617464,0.7199139542233136,-0.9920825502837667,0.5911127968024926,-1.553074561997153,-0.13004916117839413,-0.3891655580198721,-0.9903844868539285,-0.4558373623490976,0.17892524948474225,-0.0690561847543834,-0.350149421234819,-0.9920803808228161
1731068848.81,0.9615405870746049,-0.607088336799223,-0.07518754852562552,-0.26234995244523546,0.9876365337459421,-0.5361107402806123,-0.7742866644009572,-0.0431494895617464,-0.18570982175690137,-0.9917588314158177,0.5911127968024926,-1.2845228695232795,-0.13004916117839413,-0.49615091110440185,-0.9890082910848891,-0.4558373623490976,0.34438378190065827,-0.0690561847543834,-0.39296346215112943,-0.9917566321834244
1731068849.31,-0.9214443623352827,0.36459414889528186,-0.07518754852562552,-0.2916763311656026,0.9872887871051187,-0.5361107402806123,-0.7824250827128703,-0.0431494895617464,0.019309241535036534,-0.9914351017789889,-0.4549339772403137,-1.1329639935726776,-0.13004916117839413,-0.11023945890663406,-0.9849322201138453,-0.4558373623490976,0.5098423143165742,-0.0690561847543834,-0.4552384307566717,-0.9914328727870108
1731068849.81,0.9615405870746049,-0.6572919318934389,-0.07518754852562552,-0.007210457578040859,0.9869410408779471,1.5403010408762854,-0.6250823286825482,-0.0431494895617464,0.06355796023113829,-0.991111361374912,0.5911127968024926,-1.3456782054331717,-0.13004916117839413,-0.2898220158699517,-0.9876046410466103,1.3606789603202112,0.7649242184577778,-0.0690561847543834,2.1797711783653386,-0.9911091026351573
1731068850.31,-0.9214443623352827,0.21398336361263365,-0.07518754852562552,-0.18316872990024402,0.9865932950644809,-0.5361107402806123,-0.8204043681684653,-0.0431494895617464,-0.05443862295846627,-0.9907876102051482,-0.4549339772403137,-1.2951585801163044,-0.13004916117839413,-0.39680736895448143,-0.9869566830753452,-0.4558373623490976,0.4937560681094711,-0.0690561847543834,-0.18667762864527038,-0.9907853217294492
1731068850.81,0.9909622269091337,-0.47267225961148307,-0.07518754852562552,-0.297541606909676,0.9862455496647067,-0.5361107402806123,-0.7281689606334489,-0.0431494895617464,-0.007731642112581147,-0.9904638482712775,0.5911127968024926,0.5395014971804561,-0.13004916117839413,2.0523930355877873,-0.986976915433566,-2.0128513532085104,-0.36111301603942725,-0.0690561847543834,-0.3462572356969726,-0.9904615300714671
1731068851.31,-0.9508660021698115,-0.44514125585013875,-0.07518754852562552,-0.3356658992461534,0.9858978046786512,-0.5361107402806123,-0.3293864633497017,-0.0431494895617464,0.12993103827529084,-0.9901400755748851,-0.4549339772403137,-0.36453390322664336,-0.13004916117839413,-0.17519485185081277,-0.9880399368619797,1.3606789603202112,0.6523204950080574,-0.0690561847543834,-0.3657181633862046,-0.9901377276627948
1731068851.81,0.932118947240076,0.9378868154550394,-0.07518754852562552,-0.13038124820358304,0.9855500601063345,1.5403010408762854,-0.3456632999735281,-0.0431494895617464,-0.11589517670305198,-0.989816292117529,0.5911127968024926,-0.7633730504650696,-0.13004916117839413,-0.32421016507569345,-0.9831049174015436,1.3606789603202112,-0.34502676983232433,-0.0690561847543834,-0.16332451541819198,-0.9898139145050128
1731068852.31,-0.8920227225007512,-0.23946846304480193,-0.07518754852562552,2.0133770362552585,0.9852023159477499,-0.5361107402806123,-0.7363073789453621,-0.0431494895617464,0.026684027984386828,-0.98949249790084,-0.4549339772403137,-0.9122729987674152,-0.13004916117839413,-0.33567288147760727,-0.9860750701225492,-0.1963350305392016,-0.2691916091416964,-0.0690561847543834,-0.18667762864527038,-0.9894900905997048
1731068852.81,0.9615405870746049,0.3597357364668091,-0.07518754852562552,-0.3180700720139331,0.984854572202924,-0.5361107402806123,-0.3673657488052967,-0.0431494895617464,-0.11589517670305198,-0.9891686929263744,0.5911127968024926,-1.0026765388081251,-0.13004916117839413,-0.3891655580198721,-0.9852482749305154,-0.4558373623490976,0.1398586515532068,-0.0690561847543834,-0.427993131991747,-0.9891662559484529
1731068853.31,-0.9214443623352827,-0.35768983213763345,-0.07518754852562552,-0.0042778197060042026,0.9845068288718571,-0.5361107402806123,-0.17204370931937982,-0.0431494895617464,1.2681064136250182,-0.9888448771957171,-0.4549339772403137,-1.0585140194215048,-0.13004916117839413,-0.12552308077585259,-0.9857377453338709,-0.4558373623490976,-0.07385861948401778,-0.0690561847543834,-0.38517909107543663,-0.9888424105528372
1731068853.81,-0.9214443623352827,0.821284917171699,-0.07518754852562552,-0.06586321501877529,0.984159085954569,1.5403010408762854,-0.48130360517208154,-0.0431494895617464,0.009476192935902867,-0.9885210507104475,0.5911127968024926,-0.9468390581947455,-0.13004916117839413,-0.17137394638350822,-0.9829134603158304,1.3606789603202112,-0.05317630293202828,-0.0690561847543834,-0.26841352494004467,-0.9885185544144371
1731068854.31,0.9909622269091337,0.4698597515121864,-0.07518754852562552,-0.23302357372486823,0.9838113434510866,-0.5361107402806123,-0.39178100374103636,-0.0431494895617464,-0.1881680839066848,-0.9881972134721245,-0.4549339772403137,-0.9441801305464893,-0.13004916117839413,-0.28218020493534246,-0.9831856502372783,-0.4558373623490976,0.4271130481086163,-0.0690561847543834,1.6309730175289967,-0.988194687534837
1731068854.81,0.9615405870746049,0.014788454045259998,-0.07518754852562552,-0.2916763311656026,0.9834636013614031,-0.5361107402806123,-0.304971208413962,-0.0431494895617464,-0.133103011751536,-0.9878733654823761,0.5911127968024926,-0.8777069393400849,-0.13004916117839413,-0.3624192197487397,-0.981472648323004,-0.4558373623490976,0.3949405556944104,-0.0690561847543834,-0.3579337923105118,-0.9878708099156159
1731068855.31,-0.9214443623352827,0.9864709397397646,-0.07518754852562552,-0.11278542097136271,0.9831158596855252,-0.5361107402806123,-0.535559727251503,-0.0431494895617464,0.0021014064865525757,-0.9875495067427598,-0.4549339772403137,-0.5506588386045754,-0.13004916117839413,0.9443304500694444,-0.9832519295604422,-0.4558373623490976,0.4661796460401517,-0.0690561847543834,0.4749939127886171,-0.9875469215583559
1731068855.81,0.9615405870746049,-0.19088433876007685,-0.07518754852562552,-0.35032908860633694,0.9827681184234863,1.5403010408762854,-0.3456632999735281,-0.0431494895617464,-0.17022277021326576,-0.9872256372548562,0.5911127968024926,-0.3911231797092051,-0.13004916117839413,-0.35859831428143507,-0.9809970926134887,1.3606789603202112,0.6500224598356139,-0.0690561847543834,-0.3151197513942015,-0.9872230224646334
1731068856.31,-0.9214443623352827,-0.23461005061632942,-0.07518754852562552,-0.24182148734097839,0.9824203775752932,-0.5361107402806123,-0.3212480450377885,-0.0431494895617464,-0.2088174859648656,-0.9869017570202451,-0.4549339772403137,-0.7367837739825078,-0.13004916117839413,-0.3891655580198721,-0.9828473193021064,-0.4558373623490976,0.606359791559192,-0.0690561847543834,-0.43577750306743973,-0.9868991126360331
1731068856.81,0.9909622269091337,-0.47915014284944646,-0.07518754852562552,1.1951710699570137,0.9820726371409525,-0.5361107402806123,-0.3212480450377885,-0.0431494895617464,-0.07656298230651715,-0.9865778660404843,0.7654539258096312,-0.6836052210173843,-0.13004916117839413,-0.12934398624315716,-0.9816713087444315,-0.4558373623490976,0.659214600525387,-0.0690561847543834,-0.22170729848588788,-0.9865751920741308
1731068857.31,-0.9508660021698115,-0.3301588283762891,-0.07518754852562552,-0.23888884946894168,0.9817248971204775,-0.23948048582963297,-0.16119248490349553,-0.0431494895617464,-0.049522098658899415,-0.9862539643171989,-0.6292751062474522,-0.9362033476017207,-0.13004916117839413,-0.35859831428143507,-0.9830193824279053,-0.4558373623490976,0.7718183239751074,-0.0690561847543834,-0.034882392669260874,-0.9862512607805091
1731068857.81,-0.9214443623352827,-0.4014155439938862,-0.07518754852562552,-0.15090971330784014,0.9813771575138817,1.5403010408762854,-0.1530540665915823,-0.0431494895617464,-0.1257282253021857,-0.9859300518519463,0.5911127968024926,-0.359216047930131,-0.13004916117839413,-0.40062827442178606,-0.9796220563666009,1.3606789603202112,0.7557320777680048,-0.0690561847543834,-0.3773947199997438,-0.9859273187567441
1731068858.31,0.9615405870746049,-0.4499996682786113,-0.07518754852562552,-0.19196664351635412,0.9810294183211784,-0.5361107402806123,-0.22358702529482988,-0.0431494895617464,-0.17759755666261606,-0.9856061286463056,-0.4549339772403137,-0.19968038903476043,-0.13004916117839413,-0.35477740881413045,-0.9831194510038173,-0.4558373623490976,0.9188925750114773,-0.0690561847543834,-0.16332451541819198,-0.9856033660044156
1731068858.81,0.9615405870746049,-0.23946846304480193,-0.07518754852562552,-0.37672282945466745,0.9806816795423811,-0.5361107402806123,-0.5057188601078212,-0.0431494895617464,-0.13801953605110287,-0.985282194701856,0.5911127968024926,-0.07205186191846424,-0.13004916117839413,-0.2325084338603822,-0.9814119484216846,-0.4558373623490976,1.3486251522583699,-0.0690561847543834,-0.10104954681264959,-0.985279402525103
1731068859.31,-0.8920227225007512,-0.393318189946432,-0.07518754852562552,-0.31220479626985964,0.9803339411775163,-0.5361107402806123,-0.6115182981626929,-0.0431494895617464,-0.059355147258033134,-0.984958250020152,-0.4549339772403137,0.052917737549576065,-0.13004916117839413,-0.3165683541410842,-0.9827266497743091,-0.4558373623490976,0.5167364198339038,-0.0690561847543834,-0.389071276613283,-0.9849554283203834
1731068859.81,0.932118947240076,-0.14068074366586072,-0.07518754852562552,-0.2594173145731987,0.9799862032265707,-0.23948048582963297,-0.0038497308731733435,-0.0431494895617464,0.026684027984386828,-0.9846342946028205,0.5911127968024926,0.3932604765263661,-0.13004916117839413,-0.2936429213372564,-0.9784008159706898,-0.4558373623490976,-0.4346501415576121,-0.0690561847543834,-0.3267963080077407,-0.9846314433918365
1731068860.31,-0.9214443623352827,-0.16497280580822335,-0.07518754852562552,-0.10692014522728926,0.9796384656895645,1.5403010408762854,-0.5681134004991558,-0.0431494895617464,-0.17022277021326576,-0.9843103284514149,-0.4549339772403137,0.27360873235483846,-0.13004916117839413,-0.35859831428143507,-0.9773613968598382,1.3606789603202112,-0.3978815787985197,-0.0690561847543834,-0.1905698141831167,-0.9843074477410401
1731068860.81,0.932118947240076,-0.05322931995335521,-0.07518754852562552,-0.2740805039333823,0.9792907285665243,-0.5361107402806123,-0.3375248816616149,-0.0431494895617464,-0.1923471295613166,-0.9839863515675135,-0.4549339772403137,-1.127646138276165,-0.13004916117839413,-0.17137394638350822,-0.9780449889630248,-0.4558373623490976,-0.6299831312152905,-0.0690561847543834,-0.4241009464539006,-0.9839834413695706
1731068861.31,-0.8626010826662224,0.23341701332652376,-0.07518754852562552,0.5587886517250458,0.9789429918574435,-0.5361107402806123,-0.29411998399807776,-0.0431494895617464,-0.12081170100261884,-0.9836623639526965,0.5911127968024926,-0.9175908540639276,-0.13004916117839413,-0.3127474486737795,-0.9814585166455739,-0.4558373623490976,-0.5863204629388682,-0.0690561847543834,-0.3540416067726654,-0.983659424279006
1731068861.81,-0.9508660021698115,-0.6491945778459848,-0.07518754852562552,-0.13038124820358304,0.9785952555623688,1.5403010408762854,-0.5762518188110691,-0.0431494895617464,-0.059355147258033134,-0.9833383656085134,0.5911127968024926,-0.6463802339417978,-0.13004916117839413,-0.3853446525525675,-0.9771560004039946,1.3606789603202112,-0.7425868546650111,-0.0690561847543834,-0.3735025344618974,-0.983335396470922
1731068862.31,0.9615405870746049,0.38402779860917197,-0.07518754852562552,-0.28874369329356586,0.9782475196812535,-0.5361107402806123,-0.3131096267258752,-0.0431494895617464,-0.1788266877375078,-0.9830143565365922,-0.4549339772403137,-0.6889230763138966,-0.13004916117839413,-0.3203892596083888,-0.9770009808388921,-0.1963350305392016,0.07091759637990847,-0.0690561847543834,-0.20224637079665597,-0.9830113579468965
1731068862.81,0.9615405870746049,0.060133636711003594,-0.07518754852562552,-0.2858110554215291,0.9778997842141643,-0.5361107402806123,-0.0038497308731733435,-0.0431494895617464,-0.1257282253021857,-0.9826903367384854,0.5911127968024926,-0.22361073786906602,-0.13004916117839413,-0.2860011104026471,-0.978778743544296,-0.4558373623490976,-0.10603111189822367,-0.0690561847543834,-0.3267963080077407,-0.982687308708507
1731068863.31,-0.9214443623352827,-0.08237979452419038,-0.07518754852562552,-0.10398750735525261,0.9775520491610881,-0.5361107402806123,-0.19645896425511916,-0.0431494895617464,-0.18964304119655484,-0.9823663062157703,-0.6292751062474522,-0.23158752081383455,-0.13004916117839413,-0.4235537072256138,-0.9779018942770336,-0.1963350305392016,-0.6299831312152905,-0.0690561847543834,-0.3618259778483582,-0.9823632487573294
1731068863.81,0.9615405870746049,0.18807183066078015,-0.07518754852562552,-0.23595621159690494,0.9772043145220447,1.5403010408762854,0.04498077899830595,-0.0431494895617464,-0.15817728567932696,-0.9820422649700222,0.5911127968024926,0.127367711700749,-0.13004916117839413,-0.3662401252160443,-0.9758755471369135,-0.4558373623490976,0.024956892931042907,-0.0690561847543834,2.506714763544436,-0.9820391780949382
1731068864.31,-0.9214443623352827,-0.36740665699457853,-0.07518754852562552,-0.2535520388291253,0.9768565802970542,-0.5361107402806123,-0.039116210224797276,-0.0431494895617464,-0.03723078790998231,-0.9817182130027937,-0.4549339772403137,0.2815855152996073,-0.13004916117839413,-0.25543386666421003,-0.9758070780470355,1.3606789603202112,-0.7035202567334754,-0.0690561847543834,-0.20224637079665597,-0.9817150967229098
1731068864.81,0.9615405870746049,0.4828155179881132,-0.07518754852562552,-0.3385985371181901,0.9765088464861235,-0.5361107402806123,0.09652409497375632,-0.0431494895617464,-0.17022277021326576,-0.9813941503157099,0.5911127968024926,0.9250460061776015,-0.13004916117839413,1.4219436334825233,-0.9772717987012993,-0.1963350305392016,-0.5265715484553433,-0.0690561847543834,-0.2061385563345023,-0.9813910046428214
1731068865.31,-0.9214443623352827,-0.23946846304480193,-0.07518754852562552,-0.23888884946894168,0.9761611130892522,-0.23948048582963297,0.1263649621174381,-0.0431494895617464,-0.12818648745196914,-0.9810700769103202,-0.4549339772403137,-0.9282265646569523,-0.13004916117839413,-0.3624192197487397,-0.978609157394573,-0.4558373623490976,0.38574841500463725,-0.0690561847543834,-0.3229041224698943,-0.9810669018562462
1731068865.81,0.9615405870746049,0.24799225061194116,-0.07518754852562552,-0.17730345415617058,0.9758133801064607,-0.5361107402806123,0.1263649621174381,-0.0431494895617464,-0.19013469362651153,-0.9807459927882021,0.5911127968024926,-1.0266068876424308,-0.13004916117839413,0.19161207301043184,-0.9781885353718196,1.3606789603202112,-0.41166978983317937,-0.0690561847543834,-0.13607921665326728,-0.9807427883647601
1731068866.31,-0.9214443623352827,0.3338242035149556,-0.07518754852562552,-0.3151374341418964,0.9754656475377756,1.5403010408762854,0.12365215601346705,-0.0431494895617464,-0.133103011751536,-0.9804218979509299,-0.4549339772403137,-0.8085748204854243,-0.13004916117839413,0.0464176652528559,-0.9734860540647402,-0.1963350305392016,0.09619598327678452,-0.0690561847543834,0.09745191561751655,-0.980418664169938
1731068866.81,0.9615405870746049,-0.5617431541334794,-0.07518754852562552,-0.297541606909676,0.9751179153832036,-0.5361107402806123,-0.44332431971648656,-0.0431494895617464,-0.02493947716106516,-0.9800977924000553,0.5911127968024926,-0.8697301563953164,-0.13004916117839413,-0.2095830010565544,-0.9760201883328452,-0.4558373623490976,-0.2278269760377174,-0.0690561847543834,-0.2333838550994272,-0.9800945292733537
1731068867.31,-0.9214443623352827,0.6042758286999261,-0.07518754852562552,-0.11865069671543615,0.9747701836427447,-0.5361107402806123,-0.6006670737468087,-0.0431494895617464,-0.1817766023172479,-0.9797736761372003,-0.4549339772403137,-0.17309111255219867,-0.13004916117839413,-0.3853446525525675,-0.9719681361184489,-0.1963350305392016,0.09619598327678452,-0.0690561847543834,-0.3112275658563551,-0.9797703836765819
1731068867.81,-0.9214443623352827,-0.41761025208879443,-0.07518754852562552,-0.16850554054006034,0.9744224523164189,1.5403010408762854,-0.6576360019302011,-0.0431494895617464,0.7690791972189822,-0.9794495491639167,0.5911127968024926,-0.5400231280115507,-0.13004916117839413,-0.018537727691322812,-0.9736757902415452,1.3606789603202112,-0.33813266431499445,-0.0690561847543834,-0.3423650501591262,-0.979446227381197
1731068868.31,0.9615405870746049,0.04717787023507685,-0.07518754852562552,-0.28287841754949244,0.9740747214042397,-0.5361107402806123,-0.920778194015395,-0.0431494895617464,-0.10360386595413489,-0.9791254114817758,-0.4549339772403137,0.021010605770501945,-0.13004916117839413,0.7914942313772589,-0.9731812940805824,-0.4558373623490976,0.3305955708659986,-0.0690561847543834,1.2067247939037395,-0.9791220603887727
1731068868.81,0.932118947240076,0.3273463202769923,-0.07518754852562552,-0.36499227796652056,0.9737269909062203,-0.23948048582963297,-0.8556708475200892,-0.0431494895617464,-0.167518681848504,-0.978801263092355,0.5911127968024926,0.27360873235483846,-0.13004916117839413,0.5049263213294116,-0.9752988368555506,-0.4558373623490976,0.6316381784560677,-0.0690561847543834,-0.2917666381671231,-0.9787978827008815
1731068869.31,-0.9214443623352827,-0.5908936287043146,-0.07518754852562552,-0.28287841754949244,0.9733792608223876,-0.5361107402806123,-0.5735390127070981,-0.0431494895617464,-0.133103011751536,-0.9784771039972021,-1.5009807512831326,-1.5663692002384342,-0.13004916117839413,0.8144196641810869,-0.9730683287015676,-0.1963350305392016,0.14215668672564982,-0.0690561847543834,-0.427993131991747,-0.9784736943190976
1731068869.81,0.9615405870746049,0.3176294954200472,-0.07518754852562552,-0.06879585289081194,0.9730315311527213,1.5403010408762854,-0.766148246089044,-0.0431494895617464,-0.1744018158678976,-0.9781529341979383,1.8115006998524499,-1.3270657118953784,-0.13004916117839413,-0.3089265432064749,-0.9745195979468938,1.3606789603202112,0.3719602039699776,-0.0690561847543834,-0.15164795880465287,-0.9781494952449921
1731068870.31,-0.9214443623352827,-0.4208491937077761,-0.07518754852562552,-0.2066298328765378,0.9726838018972486,-0.5361107402806123,-0.920778194015395,-0.0431494895617464,-0.17710590423265937,-0.977828753696114,-0.4549339772403137,-1.3377014224884032,-0.13004916117839413,-0.17137394638350822,-0.974264286265246,-0.1963350305392016,0.6178499674214081,-0.0690561847543834,-0.3345806790834334,-0.9778252854801412
1731068870.81,0.9615405870746049,0.12977088151910982,-0.07518754852562552,1.6819889567151092,0.9723360730559957,-0.5361107402806123,-0.7634354399850729,-0.0431494895617464,-0.17980999259742114,-0.977504562493301,0.5911127968024926,-1.2845228695232795,-0.13004916117839413,-0.23632933932768693,-0.9729013467496376,-0.4558373623490976,0.6569165653529441,-0.0690561847543834,-0.389071276613283,-0.9775010650261149
1731068871.31,-0.9214443623352827,-0.45161913908810214,-0.07518754852562552,0.03971174837454668,0.9719883446289563,-0.5361107402806123,-0.7281689606334489,-0.0431494895617464,0.048808387332437704,-0.9771803605910727,-0.4549339772403137,-1.2260264612616438,-0.13004916117839413,0.10755215272972989,-0.9715091744247847,-0.4558373623490976,0.6638106708702736,-0.0690561847543834,-0.408532204302515,-0.9771768338844854
1731068871.81,0.9615405870746049,-0.5633626249429703,-0.07518754852562552,-0.09812223161117917,0.9716406166161703,1.5403010408762854,-0.9479062550551056,-0.0431494895617464,-0.18423486446703133,-0.9768561479909769,0.5911127968024926,-0.9335444199534646,-0.13004916117839413,-0.4350164236275277,-0.9739200013901744,1.3606789603202112,1.566938493640481,-0.0690561847543834,-0.04655894928280016,-0.9768525920568248
1731068872.31,-0.9214443623352827,0.5654085292721459,-0.07518754852562552,-0.15677498905191348,0.9712928890176178,-0.5361107402806123,-0.2507150863345406,-0.0431494895617464,-0.1923471295613166,-0.9765319246946338,-0.4549339772403137,-0.954815841139514,-0.13004916117839413,0.05788038165476972,-0.9726771793017177,-2.0128513532085104,-0.23242304638260394,-0.0690561847543834,-0.2528447827886591,-0.9765283395447057
1731068872.81,0.9615405870746049,-0.49696432175384575,-0.07518754852562552,-0.2682152281893088,0.970945161833332,-0.5361107402806123,-0.7878506949208124,-0.0431494895617464,-0.029856001460632022,-0.976207690703592,0.5911127968024926,-0.848458735209267,-0.13004916117839413,0.008208610579809547,-0.9733189579044762,1.3606789603202112,-0.4461403174198285,-0.0690561847543834,-0.24116822617512,-0.9762040763496984
1731068873.31,-0.9214443623352827,1.0188603559295815,-0.07518754852562552,0.12475824666361154,0.9705974350633132,-0.5361107402806123,-0.6847640629699118,-0.0431494895617464,0.03160055228395369,-0.9758834460194223,-0.4549339772403137,-1.0106533217528937,-0.13004916117839413,-0.3127474486737795,-0.9696026147332857,-0.4558373623490976,0.024956892931042907,-0.0690561847543834,-0.44356187414313253,-0.975879802473374
1731068873.81,0.9615405870746049,0.16377976851841733,-0.07518754852562552,-0.0042778197060042026,0.9702497087075744,1.5403010408762854,-0.5762518188110691,-0.0431494895617464,-0.12818648745196914,-0.9755591906436961,0.5911127968024926,-0.9149319264156713,-0.13004916117839413,-0.27453839400073327,-0.969156962457835,-0.1963350305392016,0.24327023431315403,-0.0690561847543834,-0.22170729848588788,-0.9755555179173035
1731068874.31,-0.9214443623352827,-0.024078845382520045,-0.07518754852562552,-0.3356658992461534,0.9699019827661561,-0.5361107402806123,-0.5925286554348955,-0.0431494895617464,-0.14121527684582133,-0.9752349245779613,-0.4549339772403137,-0.7367837739825078,-0.13004916117839413,1.735257881801503,-0.9710002694226068,1.3606789603202112,0.11228222948388747,-0.0690561847543834,-0.16721670095603847,-0.9752312226830597
1731068874.81,-0.9214443623352827,-0.1714506890461867,-0.07518754852562552,-0.29460896903763933,0.9695542572390313,-0.5361107402806123,-0.3863553915330942,-0.0431494895617464,-0.17513929451283264,-0.9749106478238362,0.5911127968024926,-1.156894342406983,-0.13004916117839413,-0.3891655580198721,-0.9693433248246652,-0.4558373623490976,-0.018705775345379115,-0.0690561847543834,-0.44356187414313253,-0.9749069167722105
1731068875.31,0.9615405870746049,0.10709829018623802,-0.07518754852562552,0.4356178610995036,0.9692065321262402,-0.5361107402806123,-0.15034126048761123,-0.0431494895617464,-0.18915138876659815,-0.9745863603828675,-0.4549339772403137,-0.9175908540639276,-0.13004916117839413,-0.3738819361506536,-0.9680216787619629,-0.1963350305392016,0.11228222948388747,-0.0690561847543834,-0.3773947199997438,-0.9745826001863287
1731068875.81,0.9615405870746049,0.6220900076043256,-0.07518754852562552,-0.19196664351635412,0.9688588074277761,1.5403010408762854,-0.40805784036486276,-0.0431494895617464,-0.0962290795047846,-0.9742620622566259,0.5911127968024926,-0.7367837739825078,-0.13004916117839413,0.07316400352398826,-0.9670438980207613,-0.4558373623490976,0.07321563155235174,-0.0690561847543834,-0.21003074187234877,-0.9742582729269783
1731068876.31,-0.9214443623352827,0.4309924520844062,-0.07518754852562552,-0.3210027098859698,0.9685110831436657,-0.5361107402806123,-0.3348120755576438,-0.0431494895617464,-0.04706383650911604,-0.9739377534466811,-0.4549339772403137,0.34274085120949904,-0.13004916117839413,-0.22486662292577295,-0.9686370792263411,1.3606789603202112,0.6775988819049333,-0.0690561847543834,-0.21392292741019509,-0.973933934995735
1731068876.81,0.9615405870746049,-0.09047714857164459,-0.07518754852562552,-0.24182148734097839,0.9681633592739224,-0.5361107402806123,-0.5002932478998791,-0.0431494895617464,-0.16850198670841737,-0.9736134339545798,0.5911127968024926,-0.4416428050260722,-0.13004916117839413,-0.3394937869449119,-0.9706368534992209,-0.4558373623490976,0.9051043639768175,-0.0690561847543834,-0.3968556476889758,-0.9736095863941655
1731068877.31,-0.9214443623352827,0.10385934856725634,-0.07518754852562552,-0.13917916181969325,0.9678156358185462,-0.5361107402806123,0.3379638382271814,-0.0431494895617464,-0.11097865240348512,-0.9732891037819376,-0.4549339772403137,0.6990371560758267,-0.13004916117839413,-0.3624192197487397,-0.9682232448475929,-0.4558373623490976,0.6224460377662946,-0.0690561847543834,-0.054343320358492965,-0.9732852271238392
1731068877.81,0.9615405870746049,0.11843458585267375,-0.07518754852562552,-0.24182148734097839,0.9674679127775638,1.5403010408762854,0.020565524062566305,-0.0431494895617464,0.04389186303287084,-0.972964762930301,-0.4549339772403137,-0.20765717197952896,-0.13004916117839413,0.1877911675431273,-0.9680136592801076,1.3606789603202112,0.6936851281120365,-0.0690561847543834,1.0101694242424966,-0.9729608571863265
1731068878.31,-0.9214443623352827,0.3305852618959739,-0.07518754852562552,-0.3034068826537495,0.9671201901509687,-0.5361107402806123,-0.2208742191908588,-0.0431494895617464,-0.16825616049343903,-0.9726404114012399,0.5911127968024926,0.2815855152996073,-0.13004916117839413,0.015850421514418817,-0.9660767775568421,-0.1963350305392016,0.6569165653529441,-0.0690561847543834,2.074682168843486,-0.9726364765831947
1731068878.81,0.9615405870746049,-0.3285393575667983,-0.07518754852562552,-0.32686798563004327,0.9667724679388008,-0.5361107402806123,0.18875950250877246,-0.0431494895617464,-0.06918819585716686,-0.9723160491963222,0.5911127968024926,-0.8112337481336804,-0.13004916117839413,1.6645711306563673,-0.9655211178257348,-0.4558373623490976,0.9165945398390342,-0.0690561847543834,0.8350210750394087,-0.9723120853160103
1731068879.31,-0.9214443623352827,-0.15687545176076914,-0.07518754852562552,-0.35032908860633694,0.9664247461410601,-0.5361107402806123,-0.31039682062190416,-0.0431494895617464,-0.02493947716106516,-0.9719916763170925,-0.4549339772403137,-0.3831463967644366,-0.13004916117839413,3.313291839798316,-0.9661210485074958,-0.1963350305392016,1.3302408708788236,-0.0690561847543834,-0.4046400187646686,-0.9719876833863437
1731068879.81,0.9615405870746049,-0.24432687547327447,-0.07518754852562552,-0.12158333458747293,0.9660770247577467,-0.5361107402806123,-0.31039682062190416,-0.0431494895617464,-0.1800558188123995,-0.9716672927651673,0.5911127968024926,-0.16511432960743014,-0.13004916117839413,-0.10641855343932934,-0.9683558378615154,1.3606789603202112,1.6611579357106552,-0.0690561847543834,-0.13607921665326728,-0.971663270795765
1731068880.31,-0.9214443623352827,-0.1439196852848424,-0.07518754852562552,-0.3034068826537495,0.9657293037888806,1.5403010408762854,-0.5708262066031269,-0.0431494895617464,-0.039689050059765744,-0.9713428985420907,-0.4549339772403137,0.3906015488781102,-0.13004916117839413,-0.25543386666421003,-0.9641760430508409,-0.4558373623490976,1.1992528660495572,-0.0690561847543834,-0.2528447827886591,-0.9713388475458371
1731068880.81,0.9615405870746049,-0.4305660185647212,-0.07518754852562552,1.945926365198414,0.9653815832344885,-0.5361107402806123,-0.6793384507619696,-0.0431494895617464,0.4298390205488691,-0.9710184936494302,0.5911127968024926,-0.11991255958707513,-0.13004916117839413,-0.23632933932768693,-0.9681692976527578,-0.4558373623490976,0.15364686258786647,-0.0690561847543834,-0.4241009464539006,-0.9710144136381296
1731068881.31,-0.9214443623352827,-0.37388454023254186,-0.07518754852562552,-0.3210027098859698,0.9650338630945638,-0.23948048582963297,-0.5952414615388666,-0.0431494895617464,-0.13801953605110287,-0.9706940780887527,-0.4549339772403137,0.4810050889188202,-0.13004916117839413,-0.4235537072256138,-0.965194988927392,-0.1963350305392016,-0.9792844774266685,-0.0690561847543834,-0.4318853175295933,-0.9706899690742082
1731068881.81,-0.9214443623352827,0.026124749711695896,-0.07518754852562552,-0.2652825903172721,0.9646861433691467,1.5403010408762854,-0.6305079408904903,-0.0431494895617464,-0.14195275549075634,-0.9703696518616033,0.5911127968024926,0.4730283059740514,-0.13004916117839413,-0.3471355978795212,-0.964999993185605,1.3606789603202112,-0.8276141560454123,-0.0690561847543834,-0.14386358772896007,-0.9703655138556416
1731068882.31,0.9615405870746049,-0.4305660185647212,-0.07518754852562552,-0.25061940095708857,0.9643384240582169,-0.5361107402806123,-0.2778431473742513,-0.0431494895617464,-0.16604372455863395,-0.9700452149695962,-0.4549339772403137,-1.0026765388081251,-0.13004916117839413,-0.3738819361506536,-0.9664173600770207,-0.4558373623490976,-0.29906606638345873,-0.0690561847543834,-0.3540416067726654,-0.9700410479839966
1731068882.81,0.9615405870746049,-0.06456561561979111,-0.07518754852562552,-0.37672282945466745,0.9639907051617946,-0.5361107402806123,-0.4107706464688338,-0.0431494895617464,-0.12818648745196914,-0.9697207674142736,0.5911127968024926,-0.938862275249977,-0.13004916117839413,-0.297463826804561,-0.9640314806556259,-0.1963350305392016,-0.5495519001797761,-0.0690561847543834,1.9579166027080939,-0.9697165714608363
1731068883.31,-0.9214443623352827,0.2690453711353223,-0.07518754852562552,0.033846472630473246,0.9636429866799064,-0.5361107402806123,-0.2208742191908588,-0.0431494895617464,-0.06918819585716686,-0.9693963091972022,-0.4549339772403137,-0.268812507889421,-0.13004916117839413,0.42468730651601433,-0.9664507317100882,-0.4558373623490976,0.22718398810605137,-0.0690561847543834,0.08577535900397744,-0.9693920842877306
1731068883.81,0.9615405870746049,-0.0337956702394651,-0.07518754852562552,-0.24182148734097839,0.9632952686125525,1.5403010408762854,-0.10964916892804515,-0.0431494895617464,-0.1817766023172479,-0.969071840319949,0.5911127968024926,-0.710194497499946,-0.13004916117839413,1.1468384398365898,-0.9645591970163125,-0.1963350305392016,-0.27378767948658295,-0.0690561847543834,0.5061313970913883,-0.9690675864662427
1731068884.31,-0.9214443623352827,0.013168983235769156,-0.07518754852562552,-0.2682152281893088,0.962947550959773,-0.5361107402806123,0.08296006445390096,-0.0431494895617464,-0.17292685857802753,-0.9687473607840559,-0.4549339772403137,-0.14384290842138073,-0.13004916117839413,-0.45030004549674624,-0.962661361195078,1.3606789603202112,-0.29676803121101547,-0.0690561847543834,0.7007406739837081,-0.9687430779979394
1731068884.81,0.9615405870746049,-0.6022299243707505,-0.07518754852562552,-0.24475412521301512,0.9625998337215343,-0.5361107402806123,-0.09879794451216087,-0.0431494895617464,-0.19382208685118668,-0.9684228705911354,0.5911127968024926,-0.17840896784871102,-0.13004916117839413,-0.30128473227186564,-0.9613686545967717,-0.4558373623490976,-0.5771283222490954,-0.0690561847543834,0.6618188186052439,-0.9684185588843853
1731068885.31,-0.9214443623352827,0.21398336361263365,-0.07518754852562552,1.6057403720421544,0.9622521168978766,-0.5361107402806123,0.3026973588755575,-0.0431494895617464,-0.141706929275778,-0.9680983697427306,-0.4549339772403137,0.21245339644494668,-0.13004916117839413,-0.13316489171046186,-0.9635328014638302,-0.4558373623490976,-0.23931715189993377,-0.0690561847543834,0.8953499508760279,-0.9680940291271474
1731068885.81,0.9615405870746049,0.740311376697157,-0.07518754852562552,-0.3327332613741167,0.9619044004888133,1.5403010408762854,0.49801939836147435,-0.0431494895617464,-0.17710590423265937,-0.9677738582404054,-0.4549339772403137,0.39857833182287844,2.0283981344429933,-0.2936429213372564,-0.962008744514403,-0.4558373623490976,0.1628390032776396,-0.0690561847543834,1.2845685046606676,-0.9677694887277849
1731068886.31,-0.9214443623352827,0.23017807170754206,-0.07518754852562552,-0.13038124820358304,0.9615566844943444,-0.5361107402806123,0.43291205186616893,-0.0431494895617464,-0.13801953605110287,-0.9674493360857258,-1.675321880290271,-1.1010568617936038,-0.13004916117839413,-0.4044491798890907,-0.9614318825074971,1.3606789603202112,-0.2140387650030577,-0.0690561847543834,1.2300779071308179,-0.9674449376878685
1731068886.81,0.9615405870746049,0.7743202636964645,-0.07518754852562552,-0.32393534775800653,0.9612089689145166,-0.5361107402806123,0.2999845527715864,-0.0431494895617464,-0.10606212810391831,-0.9671248032802318,1.8115006998524499,-1.1462586318139585,-0.13004916117839413,-0.19429937918733586,-0.9608799704482487,-0.4558373623490976,-0.1841643077612951,-0.0690561847543834,0.9576249194815704,-0.9671203760089622
1731068887.31,-4.687414261155053,-0.2459463462827653,15.571072940842644,-0.3210027098859698,0.9608612537492965,-0.5361107402806123,0.06125761562213238,-0.0431494895617464,-0.07656298230651715,-0.9668002598255359,-0.4549339772403137,-1.1063747170901157,-0.13004916117839413,-0.4617627618986601,-0.9607409942945028,-0.1963350305392016,-0.29446999603857243,-0.0690561847543834,1.7166010993616174,-0.9667958036926227
1731068887.81,0.9909622269091337,0.46824028070269574,-0.07518754852562552,-0.2535520388291253,0.9605135389987176,1.5403010408762854,-0.09608513840818979,-0.0431494895617464,-0.1692394653533524,-0.9664757057231793,0.5911127968024926,-1.1595532700552393,-0.13004916117839413,-0.15609032451428967,-0.9588922043299034,1.3606789603202112,-0.23242304638260394,-0.0690561847543834,0.7591234570514038,-0.9664712207404226
1731068888.31,-0.9508660021698115,-0.2151764009024393,-0.07518754852562552,-0.20076455713246436,0.9601658246627933,-0.5361107402806123,-0.2968327901020488,-0.0431494895617464,-0.16948529156833075,-0.966151140974725,-0.4549339772403137,-0.7474194845755325,-0.13004916117839413,0.19161207301043184,-0.9612207415960615,-0.1963350305392016,-0.13820360431242956,-0.0690561847543834,0.6151125921510872,-0.9661466271539209
1731068888.81,0.9615405870746049,0.056894695092021906,-0.07518754852562552,-0.1948992813883909,0.9598181107415368,-0.5361107402806123,-0.7498714094652176,-0.0431494895617464,-0.20095104708555864,-0.965826565581737,0.5911127968024926,-0.5692713321423687,-0.13004916117839413,-0.35859831428143507,-0.9583895875465076,-0.4558373623490976,-0.048580232587141725,-0.0690561847543834,0.4321798718723066,-0.9658220229346816
1731068889.31,-0.8920227225007512,0.5346385838918202,-0.07518754852562552,-0.18316872990024402,0.9594703972349683,-0.23948048582963297,-1.0184392137583533,-0.0431494895617464,-0.18792225769170645,-0.9655019795457551,-0.4549339772403137,-0.3060374949650075,-0.13004916117839413,-0.3891655580198721,-0.9609547739271679,-0.4558373623490976,0.1398586515532068,-0.0690561847543834,0.7046328595215544,-0.9654974080842675
1731068889.81,-0.9214443623352827,-0.48076961365893733,-0.07518754852562552,1.1335856746442428,0.9591226841430878,1.5403010408762854,-1.0998233968774855,-0.0431494895617464,-0.1893972149815765,-0.9651773828683905,0.7654539258096312,-0.18904467844173573,-0.13004916117839413,-0.14462760811237568,-0.9578483057409746,1.3606789603202112,0.2478663046580406,-0.0690561847543834,0.7630156425892505,-0.9651727826042429
1731068890.31,0.932118947240076,0.36459414889528186,-0.07518754852562552,-0.297541606909676,0.9587749714659017,-0.5361107402806123,-1.0238648259662955,-0.0431494895617464,-0.1404777982008863,-0.964852775551181,-0.6292751062474522,-1.3722674819157332,-0.13004916117839413,-0.3471355978795212,-0.9599822555820603,-0.4558373623490976,0.3397877115557717,-0.0690561847543834,0.5372688813941595,-0.9648481464961675
1731068890.81,0.9615405870746049,-0.616805161656168,-0.07518754852562552,-0.256484676701162,0.9584272592034372,-0.5361107402806123,-1.0103007954464402,-0.0431494895617464,-0.03477252576019888,-0.9645281575956907,-0.4549339772403137,-1.1755068359447765,-0.13004916117839413,-0.24397115026229618,-0.958546427975424,-0.4558373623490976,0.26165451569270026,-0.0690561847543834,0.8564280954975637,-0.9645234997616053
1731068891.31,-0.9214443623352827,-0.7172123518446002,-0.07518754852562552,-0.297541606909676,0.9580795473557007,-0.5361107402806123,-1.0320032442782088,-0.0431494895617464,1.3983943075635399,-0.9642035290034807,0.5911127968024926,-1.350996060729684,-0.13004916117839413,-0.37770284161795825,-0.9593795777311324,-0.4558373623490976,0.3742582391424211,-0.0690561847543834,-0.18667762864527038,-0.9641988424021177
1731068891.81,-0.9214443623352827,-0.9002125533170652,-0.07518754852562552,-0.32686798563004327,0.9577318359227257,-0.5361107402806123,-0.6684872263460854,-0.0431494895617464,-0.14146110306079965,-0.963878889776091,0.5911127968024926,-1.3297246395436346,-0.13004916117839413,-0.14080670264507114,-0.9589882727045014,1.3606789603202112,0.826971168113746,-0.0690561847543834,-0.4241009464539006,-0.9638741744192674
1731068892.31,0.9615405870746049,-0.587654687085333,-0.07518754852562552,-0.26234995244523546,0.957384124904492,1.5403010408762854,-0.9533318672630476,-0.0431494895617464,-0.167518681848504,-0.9635542399151297,-0.4549339772403137,-1.2074139677238505,-0.13004916117839413,-0.3929864634871768,-0.9586102896326428,-0.4558373623490976,0.3949405556944104,-0.0690561847543834,2.5028225780065894,-0.9635494958146146
1731068892.81,0.9615405870746049,0.4811960471786225,-0.07518754852562552,-0.22422566010875813,0.9570364143010132,-0.5361107402806123,-0.847532429208176,-0.0431494895617464,-0.11343691455326856,-0.9632295794221357,0.5911127968024926,-1.0930800788488353,-0.13004916117839413,-0.3509565033468258,-0.959019921950621,-0.1963350305392016,0.8292692032861896,-0.0690561847543834,-0.4318853175295933,-0.9632248065897208
1731068893.31,-0.9214443623352827,-0.5325926795626442,-0.07518754852562552,-0.23302357372486823,0.9566887041123293,-0.23948048582963297,-0.6766256446579986,-0.0431494895617464,-0.17341851100798422,-0.9629049082986693,-0.4549339772403137,-1.154235414758727,-0.13004916117839413,2.931201293067853,-0.9560352684610988,-0.4558373623490976,0.06632152603502191,-0.0690561847543834,-0.21003074187234877,-0.9629001067461476
1731068893.81,0.9615405870746049,0.17349659337536238,-0.07518754852562552,-0.3356658992461534,0.9563409943384336,1.5403010408762854,-0.8665220719359735,-0.0431494895617464,-0.06918819585716686,-0.9625802265462924,0.5911127968024926,-0.9946997558633567,-0.13004916117839413,-0.2936429213372564,-0.9574029816873296,-0.4558373623490976,-0.5035911967309105,-0.0690561847543834,-0.5214055849000605,-0.9625753962854549
1731068894.31,-0.9214443623352827,-0.38198189427999607,-0.07518754852562552,0.2684575023934107,0.9559932849793595,-0.5361107402806123,-0.5247085028356188,-0.0431494895617464,-0.11835343885283542,-0.9622555341665432,-0.4549339772403137,-0.723489135741227,-0.13004916117839413,-0.3509565033468258,-0.9576024882542602,1.3606789603202112,-0.31055624224567513,-0.0690561847543834,-0.350149421234819,-0.962250675209203
1731068894.81,0.9615405870746049,-0.40789342723184957,-0.07518754852562552,-0.24475412521301512,0.955645576035087,-0.5361107402806123,-0.7037537056977093,-0.0431494895617464,-0.20635922381508218,-0.9619308311610278,-0.4549339772403137,-0.8750480116918288,-0.13004916117839413,-0.43119551816022306,-0.9535904902383991,-0.4558373623490976,-0.3312385587976646,-0.0690561847543834,-0.2333838550994272,-0.9619259435189524
1731068895.31,-0.9214443623352827,0.1281514107096188,-0.07518754852562552,-0.23302357372486823,0.9552978675056495,-0.5361107402806123,-0.5545493699793005,-0.0431494895617464,-0.20685087624503887,-0.9616061175312843,0.5911127968024926,-1.1489175594622145,-0.13004916117839413,-0.4120909908237,-0.9550455127631111,-0.1963350305392016,0.30072111362423626,-0.0690561847543834,-0.3735025344618974,-0.9616012012162628
1731068895.81,0.9615405870746049,-0.1244860355709523,-0.07518754852562552,-0.2916763311656026,0.9549501593910604,1.5403010408762854,-0.5735390127070981,-0.0431494895617464,-0.0642716715576,-0.961281393278872,0.5911127968024926,-0.9734283346773073,-0.13004916117839413,-0.24015024479499147,-0.9545101650320804,1.3606789603202112,-0.11981932293288333,-0.0690561847543834,-0.3579337923105118,-0.961276448302696
1731068896.31,-0.9214443623352827,0.6544794237941425,-0.07518754852562552,-0.2916763311656026,0.9546024516913196,-0.23948048582963297,-0.38906819763706524,-0.0431494895617464,-0.0642716715576,-0.9609566584053517,-0.4549339772403137,-0.35389819263361866,-0.13004916117839413,-0.4120909908237,-0.9553887233417399,-0.4558373623490976,0.8522495550106224,-0.0690561847543834,-0.2294916695615807,-0.9609516847798094
1731068896.81,0.9615405870746049,-0.012742549716084146,-0.07518754852562552,-0.18316872990024402,0.9542547444064674,-0.5361107402806123,-0.4243346769886892,-0.0431494895617464,0.8551183724614021,-0.960631912912258,0.5911127968024926,-0.8325051693197298,-0.13004916117839413,-0.3624192197487397,-0.9560786858983519,-0.4558373623490976,0.45928554052282217,-0.0690561847543834,1.9851619014730189,-0.9606269106491605
1731068897.31,-0.9214443623352827,-0.12934444799942482,-0.07518754852562552,-0.2652825903172721,0.9539070375364701,-0.5361107402806123,0.15891863536509068,-0.0431494895617464,0.007017930786119436,-0.9603071568011988,-0.4549339772403137,0.3241283576717061,-0.13004916117839413,-0.0911349315701108,-0.9537984997756722,-0.1963350305392016,0.9211906101839208,-0.0690561847543834,-0.22170729848588788,-0.9603021259123103
1731068897.81,0.9615405870746049,-0.46295543475453804,-0.07518754852562552,-0.34739645073430026,0.9535593310813881,1.5403010408762854,-0.4107706464688338,-0.0431494895617464,-0.1812849498872912,-0.9599823900737093,0.5911127968024926,-0.5533177662528317,-0.13004916117839413,1.4334063498844374,-0.954535415067543,1.3606789603202112,0.26854862121003037,-0.0690561847543834,-0.3267963080077407,-0.9599773305708178
1731068898.31,-0.9214443623352827,-0.33177829918577995,-0.07518754852562552,-0.36499227796652056,0.9532116250412079,-0.5361107402806123,-0.3538017182854413,-0.0431494895617464,1.0640706551929937,-0.9596576127313479,-0.4549339772403137,-0.1119357766423066,-0.13004916117839413,0.2603883714219153,-0.9512446336792222,-0.4558373623490976,0.2915289729344631,-0.0690561847543834,-0.4241009464539006,-0.9596525246262418
1731068898.81,0.9615405870746049,0.5637890584626553,-0.07518754852562552,-0.18023609202820723,0.9528639194159431,-0.5361107402806123,-0.04182901632876835,-0.0431494895617464,-0.16383128862382884,-0.9593328247756745,0.5911127968024926,0.18320519231412843,-0.13004916117839413,-0.4350164236275277,-0.9504416097312988,-0.4558373623490976,0.6086578267316349,-0.0690561847543834,-0.1399714021911136,-0.9593277080801367
1731068899.31,-0.9214443623352827,-0.40789342723184957,-0.07518754852562552,1.9078020728619363,0.9525162142056267,-0.5361107402806123,-0.1530540665915823,-0.0431494895617464,-0.11097865240348512,-0.9590080262082218,-0.4549339772403137,-0.6437213062935416,-0.13004916117839413,0.646299823619683,-0.9543395041299478,-0.4558373623490976,0.7189635150089123,-0.0690561847543834,-0.3345806790834334,-0.9590028809340645
1731068899.81,0.9615405870746049,-0.38684030670846864,-0.07518754852562552,-0.3356658992461534,0.952168509410239,1.5403010408762854,-0.28326875958219344,-0.0431494895617464,0.004559668636336006,-0.9586832170305966,0.5911127968024926,-0.6224498851074922,-0.13004916117839413,-0.39680736895448143,-0.9527326063229078,1.3606789603202112,1.2957703432921743,-0.0690561847543834,-0.408532204302515,-0.9586780431895824
1731068900.31,-0.9214443623352827,-0.5244953255151901,-0.07518754852562552,-0.3210027098859698,0.95182080502982,-0.5361107402806123,-0.3673657488052967,-0.0431494895617464,-0.1825140809621829,-0.9583583972443332,-0.4549339772403137,-0.7048766422034337,-0.13004916117839413,-0.4846881947024879,-0.9527569289829753,-0.4558373623490976,0.9418729267359099,-0.0690561847543834,-0.1555401443424992,-0.9583531948482463
1731068900.81,0.9615405870746049,-0.3366367116142525,-0.07518754852562552,-0.09812223161117917,0.951473101064363,-0.5361107402806123,-0.3375248816616149,-0.0431494895617464,-0.141706929275778,-0.958033566850989,0.5911127968024926,-0.6251088127557484,-0.13004916117839413,-0.3891655580198721,-0.9501076088946478,-0.4558373623490976,1.4060760315694516,-0.0690561847543834,-0.1477557732668064,-0.958028335911613
1731068901.31,-0.9214443623352827,-0.3900792483274503,-0.07518754852562552,-0.30047424478171275,0.9511253975138947,-0.5361107402806123,-0.6223695225785771,-0.0431494895617464,0.03897533873330398,-0.9577087258521212,-1.675321880290271,-0.42568923913653545,2.0283981344429933,-0.20576209558924985,-0.9513230387242615,-0.4558373623490976,1.2199351826015463,-0.0690561847543834,0.33098304788830035,-0.957703466381241
1731068901.81,0.9615405870746049,-0.35768983213763345,-0.07518754852562552,-0.24182148734097839,0.9507776943784285,1.5403010408762854,-0.766148246089044,-0.0431494895617464,-0.1778433828775944,-0.9573838742492633,0.5911127968024926,-0.2262696655173222,-0.13004916117839413,-0.39680736895448143,-0.9504861324800384,1.3606789603202112,0.9119984694941476,-0.0690561847543834,-0.44356187414313253,-0.9573785862586858
1731068902.31,-0.9214443623352827,0.48767393041658585,-0.07518754852562552,-0.34739645073430026,0.9504299916579712,-0.5361107402806123,-0.7200305423215357,-0.0431494895617464,-0.1864473004018364,-0.9570590120440193,-0.4549339772403137,0.16193377112807902,-0.13004916117839413,0.23746293861808748,-0.9504545641343006,-2.0128513532085104,-0.6047047443184145,-0.0690561847543834,-0.4007478332268222,-0.9570536955455029
1731068902.81,0.9615405870746049,-0.1325833896184065,-0.07518754852562552,-0.23302357372486823,0.9500822893525293,-0.5361107402806123,-0.5626877882912137,-0.0431494895617464,-0.18743060526174976,-0.9567341392379217,0.5911127968024926,0.6378818201659343,-0.13004916117839413,-0.4120909908237,-0.9501502330296349,1.3606789603202112,-0.15199181534708922,-0.0690561847543834,-0.350149421234819,-0.9567287942432506
1731068903.31,-0.9214443623352827,0.5216828174158934,-0.07518754852562552,-0.15970762692395024,0.9497345874621229,-0.5361107402806123,-0.48130360517208154,-0.0431494895617464,-0.11589517670305198,-0.9564092558325278,-1.5009807512831326,-1.0531961641249925,-0.13004916117839413,-0.2936429213372564,-0.9499065527958044,-0.4558373623490976,-0.4507363877647151,-0.0690561847543834,0.8175062401190999,-0.9564038823534833
1731068903.81,0.9615405870746049,-0.1212470939519706,-0.07518754852562552,1.321274498454593,0.9493868859867588,1.5403010408762854,-0.2724175351663092,-0.0431494895617464,0.061099698081354854,-0.9560843618293928,1.6371595708453115,-0.9229087093604399,-0.13004916117839413,-0.32421016507569345,-0.9512618471771885,-0.1963350305392016,-0.6667516939743829,-0.0690561847543834,0.5061313970913883,-0.9560789598777589
1731068904.31,-0.9214443623352827,-0.17307015985567756,-0.07518754852562552,-0.28874369329356586,0.949039184926477,-0.5361107402806123,-0.34295049386955706,-0.0431494895617464,-0.167518681848504,-0.9557594572300504,-0.4549339772403137,-0.8431408799127545,-0.13004916117839413,-0.3853446525525675,-0.9504468624489156,1.3606789603202112,-0.5472538650073328,-0.0690561847543834,-0.2528447827886591,-0.9557540268176297
1731068904.81,-0.9214443623352827,0.43747033532236956,-0.07518754852562552,-0.13038124820358304,0.9486914842812441,-0.5361107402806123,-0.5084316662117923,-0.0431494895617464,0.997697577148841,-0.9554345420361006,0.5911127968024926,0.6671300242967526,-0.13004916117839413,-0.3662401252160443,-0.94901338962101,-0.4558373623490976,-0.3358346291425512,-0.0690561847543834,-0.22170729848588788,-0.9554290831746506
1731068905.31,0.9615405870746049,-0.47591120123046476,-0.07518754852562552,-0.16264026479598692,0.9483437840511068,-0.5361107402806123,-0.22629983139880094,-0.0431494895617464,0.4593381663462702,-0.9551096162490788,-0.4549339772403137,-0.29274285672372663,-0.13004916117839413,-0.07967221516819697,-0.948210675915921,-0.1963350305392016,0.34897985224554484,-0.0690561847543834,-0.2294916695615807,-0.9551041289503773
1731068905.81,-0.9214443623352827,0.9103558116936953,-0.07518754852562552,-0.29460896903763933,0.9479960842360653,-0.5361107402806123,-0.24528947412659846,-0.0431494895617464,0.2774267672622966,-0.9547846798705375,0.5911127968024926,0.015692750473989592,-0.13004916117839413,-0.3853446525525675,-0.9475467701482889,1.3606789603202112,-0.1450977098297594,-0.0690561847543834,-0.2528447827886591,-0.9547791641463668
1731068906.31,0.9615405870746049,0.2123638928031426,-0.07518754852562552,-0.16557290266802369,0.9476483848361394,1.5403010408762854,-0.14762845438364017,-0.0431494895617464,0.27251024296272974,-0.9544597329020311,-0.4549339772403137,0.382624765933342,-0.13004916117839413,-0.39680736895448143,-0.9471695009079383,-0.4558373623490976,-0.38868943810874657,-0.0690561847543834,-0.1905698141831167,-0.9544541887641715
1731068906.81,-0.8920227225007512,0.08280622804387539,-0.07518754852562552,-0.2535520388291253,0.9473006858513361,-0.5361107402806123,0.2647180734199625,-0.0431494895617464,0.5527521280380405,-0.9541347753450923,0.5911127968024926,0.6059746883868602,-0.13004916117839413,-0.014716822224018263,-0.9476667230104358,-0.4558373623490976,1.024602192943868,-0.0690561847543834,-0.3229041224698943,-0.9541292028053436
1731068907.31,0.932118947240076,0.30629319975361147,-0.07518754852562552,-0.3913860188148511,0.9469529872816619,-0.5361107402806123,0.19147230861274353,-0.0431494895617464,0.14713887332377482,-0.9538098072013229,-0.4549339772403137,0.3586944170990361,-0.13004916117839413,3.657173331855733,-0.9485148984301078,-0.1963350305392016,-0.2278269760377174,-0.0690561847543834,-0.3968556476889758,-0.953804206271439
1731068907.81,-0.8920227225007512,-0.5989909827517689,-0.07518754852562552,-0.35912700222244714,0.9466052891271368,1.5403010408762854,0.09381128886978525,-0.0431494895617464,0.2012206406190103,-0.9534848284722508,-0.4549339772403137,-0.468232081508634,-0.13004916117839413,0.7609269876388218,-0.946612060791324,1.3606789603202112,-0.20944269465817117,-0.0690561847543834,-0.3267963080077407,-0.9534791991640128
1731068908.31,0.932118947240076,0.4520455726077873,-0.07518754852562552,0.2186026585687865,0.9462575913877876,-0.5361107402806123,0.1968979208206857,-0.0431494895617464,0.09797363032810626,-0.9531598391594323,0.5911127968024926,-0.9016372881743905,-0.13004916117839413,-0.41973280175830924,-0.9471261300053695,-0.1963350305392016,0.2731446915549169,-0.0690561847543834,-0.389071276613283,-0.9531541814846153
1731068908.81,-0.8920227225007512,-0.3172030619003624,-0.07518754852562552,-0.01600837119415096,0.9459098940635876,-0.5361107402806123,0.8995147017491927,-0.0431494895617464,0.3413415831566657,-0.9528348392644197,0.5911127968024926,-0.7553962675203011,-0.13004916117839413,0.3329855753007033,-0.9482396182483773,-0.4558373623490976,0.5006501736268012,-0.0690561847543834,-0.4396696886052861,-0.952829153234801
1731068909.31,0.932118947240076,0.22693913008856037,-0.07518754852562552,-0.22422566010875813,0.9455621971546102,-0.5361107402806123,0.2592924612120203,-0.0431494895617464,0.7985783430163834,-0.952509828788743,-0.4549339772403137,-0.3990999626539737,-0.13004916117839413,1.0704203304904971,-0.9446551144511156,-0.4558373623490976,-0.12671342845021316,-0.0690561847543834,-0.15943232988034567,-0.9525041144161218
1731068909.81,0.9909622269091337,0.27066484194481294,-0.07518754852562552,-0.2916763311656026,0.9452145006608088,-0.5361107402806123,-0.9343422245352503,-0.0431494895617464,0.30692591305969763,-0.952184807734003,0.5911127968024926,-0.7713498334098381,-0.13004916117839413,-0.18283666278542204,-0.9449114337646594,1.3606789603202112,0.045639209483032406,-0.0690561847543834,-0.389071276613283,-0.952179065030132
1731068910.31,-0.9508660021698115,-0.6249025157036221,-0.07518754852562552,-0.1245159724595096,0.9448668045822234,1.5403010408762854,-0.5708262066031269,-0.0431494895617464,0.20859542706836054,-0.9518597761017278,-0.4549339772403137,0.3480587065060114,-0.13004916117839413,-0.4120909908237,-0.9458167544407664,-0.4558373623490976,0.45698750535037863,-0.0690561847543834,-0.350149421234819,-0.9518540050783816
1731068910.81,0.9615405870746049,0.272284312754304,-0.07518754852562552,-0.26234995244523546,0.9445191089188674,-0.5361107402806123,-0.35108891218147026,-0.0431494895617464,-0.03477252576019888,-0.9515347338934695,0.5911127968024926,-0.3166732055580322,-0.13004916117839413,-0.39680736895448143,-0.9454169523847864,-0.4558373623490976,0.0157647522412698,-0.0690561847543834,2.1603102506761065,-0.9515289345624247
1731068911.31,-0.8920227225007512,-0.6184246324656587,-0.07518754852562552,-0.16850554054006034,0.9441714136707341,-0.5361107402806123,-0.9153525818074528,-0.0431494895617464,0.021767503684819965,-0.9512096811107829,-0.4549339772403137,0.4570747400845143,-0.13004916117839413,0.7150761220311662,-0.9466749018748878,-0.4558373623490976,0.44090125914327594,-0.0690561847543834,-0.17110888649388478,-0.9512038534838118
1731068911.81,0.9615405870746049,0.011549512426278314,-0.07518754852562552,-0.2594173145731987,0.9438237188378836,1.5403010408762854,-0.7824250827128703,-0.0431494895617464,-0.10360386595413489,-0.9508846177551944,-0.4549339772403137,2.3635258638841914,-0.13004916117839413,3.351500894471362,-0.9432635449209569,-0.4558373623490976,1.7691655888154896,-0.0690561847543834,-0.3229041224698943,-0.9508787618440943
1731068912.31,-0.9508660021698115,-0.21193745928345778,-0.07518754852562552,-0.297541606909676,0.9434760244202691,-0.5361107402806123,-0.5681134004991558,-0.0431494895617464,-0.1800558188123995,-0.9505595438283025,0.5911127968024926,-1.2792050142267672,-0.13004916117839413,-0.3815237470852629,-0.9435205367361503,1.3606789603202112,0.4983521384543576,-0.0690561847543834,-0.43577750306743973,-0.9505536596448255
1731068912.81,0.9909622269091337,-0.5423095044195894,-0.07518754852562552,-0.05999793927470185,0.9431283304179376,-0.5361107402806123,-0.3076840145179331,-0.0431494895617464,-0.02248121501128173,-0.9502344593316369,0.5911127968024926,-1.1303050659244214,-0.13004916117839413,-0.17901575731811747,-0.9448017626253611,-0.4558373623490976,0.6638106708702736,-0.0690561847543834,-0.38517909107543663,-0.9502285468875539
1731068913.31,-0.9508660021698115,0.4326119228938972,-0.07518754852562552,1.3447356014308869,0.9427806368308955,-0.5361107402806123,-0.7878506949208124,-0.0431494895617464,-0.04706383650911604,-0.949909364266748,-1.675321880290271,-1.3323835671918909,2.0283981344429933,-0.32421016507569345,-0.9423262161736147,-0.4558373623490976,0.4891599977645845,-0.0690561847543834,-0.3112275658563551,-0.9499034235738321
1731068913.81,0.9615405870746049,-0.46781384718301056,-0.07518754852562552,-0.3180700720139331,0.9424329436591564,1.5403010408762854,-0.966895897782903,-0.0431494895617464,-0.17907251395248613,-0.9495842586351875,0.5911127968024926,-0.6011784639214428,-0.13004916117839413,-0.2936429213372564,-0.9439857243362688,1.3606789603202112,0.6339362136285113,-0.0690561847543834,-0.4318853175295933,-0.9495782897052092
1731068914.31,-0.8920227225007512,0.8552938041710066,-0.07518754852562552,-0.15970762692395024,0.9420852509027403,-0.5361107402806123,-0.8204043681684653,-0.0431494895617464,-0.1886597363366415,-0.9492591424384811,-0.4549339772403137,-1.2792050142267672,-0.13004916117839413,-0.4159118962910046,-0.9437876701989103,-0.1963350305392016,0.1904154253469589,-0.0690561847543834,-0.3812869055375902,-0.9492531452832379
1731068914.81,0.932118947240076,0.013168983235769156,-0.07518754852562552,-0.09225695586710572,0.9417375585616403,-0.5361107402806123,-0.8041275315446388,-0.0431494895617464,-0.0888542930554343,-0.9489340156782271,0.5911127968024926,-0.24488215905511543,-0.13004916117839413,-0.060567687831673885,-0.9413266573329773,-0.4558373623490976,0.6270421081111812,-0.0690561847543834,-0.16721670095603847,-0.9489279903094626
1731068915.31,-0.9214443623352827,0.6301873616517797,-0.07518754852562552,-0.3356658992461534,0.9413898666358835,-0.5361107402806123,-0.05810585295259478,-0.0431494895617464,0.6904148084259124,-0.9486088783559524,-0.4549339772403137,-0.5081159962324766,-0.13004916117839413,-0.24397115026229618,-0.9416223720138801,-0.4558373623490976,-0.1427996746573161,-0.0690561847543834,1.48696215262868,-0.9486028247854369
1731068915.81,0.9615405870746049,1.5079405403958157,-0.07518754852562552,-0.32393534775800653,0.9410421751254696,1.5403010408762854,-0.6739128385540275,-0.0431494895617464,-0.02493947716106516,-0.9482837304732076,-0.4549339772403137,-0.10130006604928218,-0.13004916117839413,-0.2325084338603822,-0.9411316829899655,1.3606789603202112,-0.22323090569283083,-0.0690561847543834,-0.1477557732668064,-0.9482776487127151
1731068916.31,-0.9214443623352827,0.12491246909063712,-0.07518754852562552,-0.12158333458747293,0.9406944840304322,-0.5361107402806123,0.034129554582421666,-0.0431494895617464,-0.06672993370738342,-0.9479585720315402,0.7654539258096312,-1.061172947069761,-0.13004916117839413,0.6539416345542924,-0.9419265716401468,-0.1963350305392016,0.6040617563867484,-0.0690561847543834,-0.3735025344618974,-0.9479524620928387
1731068916.81,0.9615405870746049,0.6690546610795599,-0.07518754852562552,0.022115921142326356,0.9403467933507779,-0.5361107402806123,-0.20459738256703236,-0.0431494895617464,-0.1257282253021857,-0.9476334030324791,0.5911127968024926,-1.154235414758727,-0.13004916117839413,-0.35859831428143507,-0.9387543173559025,-0.4558373623490976,-0.11062718224311023,-0.0690561847543834,-0.4163165753782078,-0.9476272649273602
1731068917.31,-0.9214443623352827,-0.32368094513832574,-0.07518754852562552,-0.37672282945466745,0.9399991030865066,-0.23948048582963297,-0.5192828906276765,-0.0431494895617464,-0.12818648745196914,-0.9473082234776187,-0.4549339772403137,-0.6384034509970293,-0.13004916117839413,0.4590754557217561,-0.939659923359776,-0.4558373623490976,0.5948696156969753,-0.0690561847543834,-0.1555401443424992,-0.9473020572178272
1731068917.81,0.9615405870746049,0.05041681185405854,-0.07518754852562552,1.966454830302671,0.9396514132376319,-0.5361107402806123,-0.459601156340313,-0.0431494895617464,-0.11589517670305198,-0.9469830333684848,0.5911127968024926,-0.7952801822441434,-0.13004916117839413,0.5316726596005441,-0.9401035688205316,1.3606789603202112,0.5397167715583366,-0.0690561847543834,-0.39296346215112943,-0.9469768389657895
1731068918.31,-0.9214443623352827,-0.24270740466378363,-0.07518754852562552,-0.010143095450077516,0.9393037238041804,1.5403010408762854,-0.07438268957642122,-0.0431494895617464,-0.18103912367231287,-0.9466578327066271,-0.4549339772403137,-0.36719283087489957,-0.13004916117839413,0.24510474955269676,-0.9417770072210332,-0.4558373623490976,0.33289360603844215,-0.0690561847543834,-0.2956588237049695,-0.9466516101727945
1731068918.81,0.9615405870746049,-0.22165428414040267,-0.07518754852562552,-0.23888884946894168,0.9389560347861589,-0.5361107402806123,-0.4324730953006024,-0.0431494895617464,-0.06918819585716686,-0.9463326214935923,-0.4549339772403137,-0.5400231280115507,2.0283981344429933,-0.3509565033468258,-0.9388860889435822,-0.4558373623490976,0.9326807860461369,-0.0690561847543834,-0.3462572356969726,-0.9463263708403896
1731068919.31,-0.9214443623352827,0.5913200622239995,-0.07518754852562552,-0.2682152281893088,0.9386083461835872,-0.5361107402806123,-0.4189090647807471,-0.0431494895617464,0.019309241535036534,-0.9460073997309073,-0.4549339772403137,-0.36453390322664336,-0.13004916117839413,-0.09495583703741552,-0.9405329711255682,-0.4558373623490976,0.4868619625921415,-0.0690561847543834,-0.2761978960157375,-0.9460011209701239
1731068919.81,0.9615405870746049,-0.3479730072806884,-0.07518754852562552,-0.07759376650692218,0.9382606579964589,1.5403010408762854,-0.28326875958219344,-0.0431494895617464,-0.11835343885283542,-0.9456821674201655,0.7654539258096312,-0.2874250014272143,-0.13004916117839413,-0.41973280175830924,-0.9387925744898175,1.3606789603202112,0.21799184741627825,-0.0690561847543834,0.5022392115535416,-0.9456758605635439
1731068920.31,-0.9214443623352827,-0.34635353647119754,-0.07518754852562552,-0.24768676308505183,0.9379129702247938,-0.5361107402806123,-0.2588535046464538,-0.0431494895617464,-0.11343691455326856,-0.9453569245628919,-0.4549339772403137,-0.7075355698516899,-0.13004916117839413,-0.45412095096405086,-0.939533807631945,-0.4558373623490976,0.38115234465975073,-0.0690561847543834,-0.2255994840237344,-0.9453505896221972
1731068920.81,0.9615405870746049,-0.33501724080476164,-0.07518754852562552,-0.1362465239476565,0.9375652828686188,-0.5361107402806123,-0.07166988347245014,-0.0431494895617464,-0.09868734165456802,-0.9450316711606331,0.5911127968024926,-1.0239479599941745,-0.13004916117839413,-0.3853446525525675,-0.9369536027549884,-0.4558373623490976,0.8361633088035192,-0.0690561847543834,-0.3306884935455871,-0.9450253081476305
1731068921.31,-0.9214443623352827,-0.0791408529052087,-0.07518754852562552,-0.203697195004501,0.9372175959279205,-0.5361107402806123,-0.16119248490349553,-0.0431494895617464,1.2189411706293496,-0.9447064072149369,-0.4549339772403137,-0.45227851561909693,-0.13004916117839413,2.4344835823182507,-0.9395341592921128,-0.4558373623490976,0.8430574143208492,-0.0690561847543834,-0.3112275658563551,-0.944700016141392
1731068921.81,-0.9214443623352827,-0.2718578792346188,-0.07518754852562552,-0.11571805884339949,0.9368699094027525,1.5403010408762854,-0.006562536977144416,-0.0431494895617464,-0.03723078790998231,-0.9443811327273254,0.7654539258096312,-0.7713498334098381,-0.13004916117839413,-0.41973280175830924,-0.9397993449421025,1.3606789603202112,1.116523599841599,-0.0690561847543834,-0.2761978960157375,-0.9443747136050268
1731068922.31,0.9909622269091337,-0.2572826419492012,-0.07518754852562552,0.538260186620789,0.9365222232930811,-0.5361107402806123,-0.4324730953006024,-0.0431494895617464,-0.07656298230651715,-0.9440558476993959,-0.6292751062474522,0.27360873235483846,-0.13004916117839413,-0.41973280175830924,-0.9364814757459387,-0.4558373623490976,1.0200061225989814,-0.0690561847543834,-0.10494173235049607,-0.9440494005400794
1731068922.81,0.932118947240076,-0.1973622219980402,-0.07518754852562552,-0.1274486103315464,0.9361745375989533,-0.5361107402806123,-0.3185352389338174,-0.0431494895617464,-0.1490817157251283,-0.9437305521326683,0.5911127968024926,-0.133207197828356,-0.13004916117839413,-0.17137394638350822,-0.9355354863660107,-0.1963350305392016,0.9303827508736938,-0.0690561847543834,-0.4046400187646686,-0.9437240769480993
1731068923.31,-0.9214443623352827,-0.310725178662399,-0.07518754852562552,-0.23302357372486823,0.9358268523203624,-0.5361107402806123,-0.5111444723157633,-0.0431494895617464,-0.0888542930554343,-0.9434052460286887,-0.4549339772403137,0.09280165227341843,-0.13004916117839413,-0.2898220158699517,-0.9355284587390357,-0.4558373623490976,0.1306665108634337,-0.0690561847543834,-0.3735025344618974,-0.9433987428306296
1731068923.81,0.9615405870746049,-0.23299057980683857,-0.07518754852562552,-0.22422566010875813,0.9354791674573216,1.5403010408762854,-0.05268024074465264,-0.0431494895617464,0.014392717235469674,-0.9430799293890056,0.5911127968024926,0.13268556699726136,-0.13004916117839413,-0.3394937869449119,-0.9352349381099041,-0.4558373623490976,-0.7287986436303514,-0.0690561847543834,-0.3190119369320479,-0.9430733981892171
1731068924.31,-0.9214443623352827,0.2123638928031426,-0.07518754852562552,-0.23595621159690494,0.9351314830098713,-0.5361107402806123,-0.047254628536710495,-0.0431494895617464,-0.11589517670305198,-0.9427546022151374,-0.4549339772403137,1.1058530862590208,-0.13004916117839413,-0.41973280175830924,-0.9335236539453792,1.3606789603202112,-0.20714465948572788,-0.0690561847543834,-0.2995510092428159,-0.9427480430254067
1731068924.81,0.9615405870746049,-0.043512495096410156,-0.07518754852562552,-0.10398750735525261,0.9347837989779778,-0.23948048582963297,-0.26156631075042486,-0.0431494895617464,-0.16088137404408873,-0.9424292645086804,-0.4549339772403137,-0.8590944458022917,-0.13004916117839413,-0.3203892596083888,-0.9333077653607906,-0.4558373623490976,-0.7012222215610321,-0.0690561847543834,-0.14386358772896007,-0.9424226773407437
1731068925.31,-0.9214443623352827,0.006691099997805786,-0.07518754852562552,-0.04826738778655496,0.9344361153616947,-0.5361107402806123,-0.21544860698291665,-0.0431494895617464,-0.1744018158678976,-0.9421039162711544,0.7654539258096312,-0.4203713838400231,-0.13004916117839413,-0.11788126984124332,-0.9333837478621733,-0.4558373623490976,0.26625058603758683,-0.0690561847543834,-0.3151197513942015,-0.9420973011367725
1731068925.81,-0.9214443623352827,-0.6718671691788566,-0.07518754852562552,-0.16557290266802369,0.9340884321610019,1.5403010408762854,-0.48130360517208154,-0.0431494895617464,-0.13064474960175257,-0.9417785575041038,0.5911127968024926,-0.6809462933691282,-0.13004916117839413,2.0065421699801322,-0.9359344053377134,1.3606789603202112,-0.5058892319033538,-0.0690561847543834,-0.24895259725081278,-0.9417719144150358
1731068926.31,0.9909622269091337,0.1330098231380915,-0.07518754852562552,-0.28874369329356586,0.9337407493759396,-0.5361107402806123,-0.340237687765586,-0.0431494895617464,-0.05443862295846627,-0.941453188209075,-0.4549339772403137,-0.5559766939010878,-0.13004916117839413,0.3406273862353125,-0.9318047247323049,-0.4558373623490976,-0.4783128098340344,-0.0690561847543834,-0.3579337923105118,-0.9414465171770814
1731068926.81,0.932118947240076,0.035841574568640955,-0.07518754852562552,-0.07172849076284873,0.9333930670065211,-0.5361107402806123,-0.3131096267258752,-0.0431494895617464,0.13484756257485772,-0.9411278083875874,0.5911127968024926,-0.5745891874388811,-0.13004916117839413,-0.18283666278542204,-0.9337565733349927,-0.4558373623490976,-0.3473248050047676,-0.0690561847543834,-0.1399714021911136,-0.9411211094244496
1731068927.31,-0.9214443623352827,0.29009849165870305,-0.07518754852562552,-0.10105486948321582,0.933045385052733,-0.5361107402806123,0.5495627143369247,-0.0431494895617464,-0.1778433828775944,-0.9408024180412333,-0.4549339772403137,-0.3193321332062884,-0.13004916117839413,-0.40062827442178606,-0.9333137762269152,-0.4558373623490976,-0.5311676188002298,-0.0690561847543834,-0.3657181633862046,-0.9407956911586857
1731068927.81,0.9909622269091337,0.5006296968925122,-0.07518754852562552,-0.27114786606134555,0.9326977035146088,1.5403010408762854,-0.19645896425511916,-0.0431494895617464,0.1373058247246411,-0.9404770171715322,0.5911127968024926,-0.058757223677183355,-0.13004916117839413,-0.4350164236275277,-0.9313468029949247,1.101176628510306,-0.12211735810532662,-0.0690561847543834,-0.4318853175295933,-0.9404702623813347
1731068928.31,-0.9508660021698115,-0.42894654775523033,-0.07518754852562552,-0.28287841754949244,0.9323500223921484,-0.5361107402806123,-0.21544860698291665,-0.0431494895617464,0.17909628127095936,-0.9401516057800277,-0.4549339772403137,0.20713554114843433,-0.13004916117839413,-0.3891655580198721,-0.9337269734296985,0.06316730127070362,-0.7632691712170006,-0.0690561847543834,-0.11272610342618887,-0.9401448230939382
1731068928.81,0.9615405870746049,0.23989489656448712,-0.07518754852562552,-0.14797707543580338,0.9320023416853787,-0.5361107402806123,0.007001493542710944,-0.0431494895617464,-0.03231426361041545,-0.9398261838682639,0.5911127968024926,0.37730691063682964,-0.13004916117839413,0.0693430980566837,-0.9300736517566546,-0.4558373623490976,-0.4484383525922718,-0.0690561847543834,0.015716019322742237,-0.9398193732980373
1731068929.31,-0.9214443623352827,0.018027395664241684,-0.07518754852562552,-0.18023609202820723,0.9316546613943195,-0.5361107402806123,0.245728430692165,-0.0431494895617464,-0.08147950660608401,-0.9395007514377618,-0.4549339772403137,-1.1435997041657022,-0.13004916117839413,-0.1675530409162035,-0.9318990046597249,-0.4558373623490976,-0.6184929553530741,-0.0690561847543834,2.7597068235044517,-0.9394939129951789
1731068929.81,0.932118947240076,0.08766464047234791,-0.07518754852562552,-0.2916763311656026,0.9313069815189443,1.5403010408762854,0.09652409497375632,-0.0431494895617464,-0.0052733799627977165,-0.9391753084901082,0.5911127968024926,-1.0053354664563814,-0.13004916117839413,-0.3127474486737795,-0.9314453401163785,1.3606789603202112,-0.5426577946624462,-0.0690561847543834,-0.16332451541819198,-0.939168442186902
1731068930.31,-0.8920227225007512,0.29657637489666644,-0.07518754852562552,-0.07759376650692218,0.9309593020592931,-0.5361107402806123,0.38950715420263177,-0.0431494895617464,0.12009798967615713,-0.9388498550268242,-0.4549339772403137,-0.9282265646569523,-0.13004916117839413,1.1009875742289343,-0.9284884813541471,-0.4558373623490976,-0.20944269465817117,-0.0690561847543834,-0.11661828896403519,-0.9388429608747494
1731068930.81,0.9615405870746049,-0.6297609281320946,-0.07518754852562552,-0.23888884946894168,0.9306116230153793,-0.5361107402806123,-0.4840164112760526,-0.0431494895617464,0.10534841677745654,-0.9385243910494527,-0.4549339772403137,-0.6224498851074922,2.0283981344429933,-0.3853446525525675,-0.9294164463123226,-0.1963350305392016,-0.10832914707066695,-0.0690561847543834,-0.3579337923105118,-0.938517469060264
1731068931.31,-0.9214443623352827,0.25608960465939556,-0.07518754852562552,-0.3034068826537495,0.9302639443872162,-0.5361107402806123,-0.5491237577713584,-0.0431494895617464,-0.15104832544495503,-0.938198916559534,-0.4549339772403137,-0.5187517068255013,-0.13004916117839413,-0.4235537072256138,-0.9316499019883454,-0.4558373623490976,1.6749461467453148,-0.0690561847543834,-0.2917666381671231,-0.9381919667449873
1731068931.81,0.9615405870746049,-0.645955636227003,-0.07518754852562552,1.617470923530301,0.9299162661748239,1.5403010408762854,-0.5843902371229823,-0.0431494895617464,-0.0028151178130142855,-0.9378734315585889,0.5911127968024926,-0.513433851528989,-0.13004916117839413,-0.27071748853342853,-0.929980669498943,1.3606789603202112,0.18811739017451537,-0.0690561847543834,-0.07380424804772487,-0.9378664539304596
1731068932.31,-0.8920227225007512,-0.0062646664781209555,-0.07518754852562552,-0.09812223161117917,0.9295685883781891,-0.5361107402806123,-0.7010408995937383,-0.0431494895617464,1.2582733650258846,-0.9375479360482035,-0.4549339772403137,0.07950701403213783,-0.13004916117839413,-0.39680736895448143,-0.9287772085146135,-0.1963350305392016,0.0778117018972383,-0.0690561847543834,-0.3968556476889758,-0.9375409306182233
1731068932.81,0.9615405870746049,0.4326119228938972,-0.07518754852562552,-0.1362465239476565,0.9292209109973318,-0.5361107402806123,-0.4270474830926603,-0.0431494895617464,-0.09868734165456802,-0.9372224300298987,0.5911127968024926,-0.09598221075276983,-0.13004916117839413,-0.3662401252160443,-0.9318329899590927,-0.4558373623490976,0.1651370384500826,-0.0690561847543834,-0.4202087609160542,-0.9372153968098211
1731068933.31,-0.9508660021698115,-0.2556631711397104,-0.07518754852562552,-0.2740805039333823,0.9288732340322987,-0.5361107402806123,-0.416196258676776,-0.0431494895617464,-0.14785258465023657,-0.9368969135052128,-0.4549339772403137,-0.5506588386045754,-0.13004916117839413,-0.2325084338603822,-0.9281814257321828,-0.4558373623490976,0.15364686258786647,-0.0690561847543834,-0.3657181633862046,-0.9368898525067884
1731068933.81,0.9615405870746049,0.9459841695024938,-0.07518754852562552,-0.3180700720139331,0.9285255574830432,1.5403010408762854,-0.5518365638753294,-0.0431494895617464,-0.11097865240348512,-0.9365713864756887,0.5911127968024926,-1.215390750668619,-0.13004916117839413,-0.07967221516819697,-0.9288526657570757,-0.1963350305392016,0.49145803293702806,-0.0690561847543834,0.16751125529875174,-0.9365642977106702
1731068934.31,-0.9214443623352827,-0.22651269656887518,-0.07518754852562552,0.025048559014363012,0.9281778813496453,-0.5361107402806123,-0.9994495710305559,-0.0431494895617464,-0.1404777982008863,-0.9362458489428417,-0.6292751062474522,-1.2552746653924618,-0.13004916117839413,-0.41973280175830924,-0.926527927907454,1.3606789603202112,0.6017637212143053,-0.0690561847543834,-0.3306884935455871,-0.9362387324230048
1731068934.81,0.9615405870746049,0.8909221619798051,-0.07518754852562552,-0.28874369329356586,0.9278302056320584,-0.5361107402806123,-0.9831727344067295,-0.0431494895617464,-0.10360386595413489,-0.9359203009082616,0.7654539258096312,-1.4227871072326008,-0.13004916117839413,0.9290468282002258,-0.9274559559916474,-0.4558373623490976,0.7856065350097671,-0.0690561847543834,-0.5175133993622141,-0.9359131566453329
1731068935.31,-0.9214443623352827,-0.22489322575938436,-0.07518754852562552,-0.27114786606134555,0.9274825303303291,-0.5361107402806123,-0.8827989085597999,-0.0431494895617464,-0.13556127390131942,-0.9355947423734627,-0.6292751062474522,-1.1196693553313968,-0.13004916117839413,-0.297463826804561,-0.9293016467685286,-0.1963350305392016,1.0291982632887546,-0.0690561847543834,-0.3112275658563551,-0.9355875703791928
1731068935.81,0.9615405870746049,-0.12772497718993397,-0.07518754852562552,0.01038536965417947,0.9271348554444643,1.5403010408762854,-0.4107706464688338,-0.0431494895617464,-0.133103011751536,-0.9352691733399862,0.7654539258096312,-1.305794290709329,-0.13004916117839413,0.09226853086051151,-0.9296824189597812,1.3606789603202112,0.5190344550063474,-0.0690561847543834,-0.12829484557757448,-0.9352619736261258
1731068936.31,-0.9214443623352827,0.7095414313168308,-0.07518754852562552,0.04557702411862013,0.9267871809744639,-0.5361107402806123,-0.652210389722259,-0.0431494895617464,-0.14195275549075634,-0.934943593809373,-0.4549339772403137,-0.5453409833080631,-0.13004916117839413,-0.3165683541410842,-0.9296027774603562,-0.4558373623490976,0.020360822586156353,-0.0690561847543834,-0.3112275658563551,-0.9349363663876695
1731068936.81,0.9615405870746049,-0.11314973990451639,-0.07518754852562552,-0.2682152281893088,0.9264395069203746,-0.5361107402806123,-0.6088054920587219,-0.0431494895617464,0.5569311736926724,-0.9346180037831356,0.5911127968024926,-0.9122729987674152,-0.13004916117839413,-0.007075011289408993,-0.9269644773714544,-0.4558373623490976,-0.04168612706981189,-0.0690561847543834,-0.43577750306743973,-0.9346107486653644
1731068937.31,-0.9508660021698115,0.4925323428450582,-0.07518754852562552,-0.21249510862061124,0.926091833282163,-0.5361107402806123,-0.7118921240096225,-0.0431494895617464,1.2558151028761009,-0.9342924032628628,-0.4549339772403137,-0.789962326947631,-0.13004916117839413,-0.33567288147760727,-0.9249981632754791,-0.4558373623490976,-0.29446999603857243,-0.0690561847543834,-0.5136212138243678,-0.9342851204607473
1731068937.81,0.9909622269091337,-0.38684030670846864,-0.07518754852562552,-0.21249510862061124,0.925744160059876,1.5403010408762854,-0.6060926859547509,-0.0431494895617464,0.5384942075692967,-0.9339667922500698,0.5911127968024926,-0.984064045270332,-0.13004916117839413,-0.28218020493534246,-0.9277660629313547,1.3606789603202112,0.45239143500549206,-0.0690561847543834,-0.43577750306743973,-0.933959481775358
1731068938.31,-0.9214443623352827,-0.14553915609433324,-0.07518754852562552,-0.15970762692395024,0.9253964872535003,-0.5361107402806123,-0.15576687269555337,-0.0431494895617464,-0.17858086152252944,-0.9336411707462942,-0.4549339772403137,-1.0505372364767365,-0.13004916117839413,-0.266896583066124,-0.9246056742525403,-0.4558373623490976,0.2731446915549169,-0.0690561847543834,-0.14386358772896007,-0.9336338326107334
1731068938.81,-0.9508660021698115,-0.2961499413769814,-0.07518754852562552,-0.32686798563004327,0.9250488148630691,-0.5361107402806123,-0.5545493699793005,-0.0431494895617464,0.24055283501554506,-0.9333155387530756,0.5911127968024926,-0.44961958797084073,-0.13004916117839413,-0.328031070542998,-0.9254155093140422,-0.4558373623490976,0.1904154253469589,-0.0690561847543834,1.6660026873696143,-0.9333081729684132
1731068939.31,0.9615405870746049,-0.23461005061632942,-0.07518754852562552,-0.2535520388291253,0.9247011428886025,-0.5361107402806123,-0.3619401365973545,-0.0431494895617464,1.118152422488229,-0.9329898962719269,-0.4549339772403137,-0.7421016292790201,-0.13004916117839413,0.0884476253932068,-0.9241121273562412,-0.4558373623490976,0.5167364198339038,-0.0690561847543834,-0.3229041224698943,-0.9329825028499333
1731068939.81,0.9615405870746049,0.7160193145547942,-0.07518754852562552,-0.11571805884339949,0.9243534713300873,1.5403010408762854,0.034129554582421666,-0.0431494895617464,-0.1778433828775944,-0.9326642433044355,0.5911127968024926,-0.6862641486656404,-0.13004916117839413,-0.3853446525525675,-0.9230112498205955,1.3606789603202112,0.17892524948474225,-0.0690561847543834,-0.09715736127480327,-0.9326568222568323
1731068940.31,-0.9214443623352827,-0.31234464947188983,-0.07518754852562552,-0.19783191926042756,0.92400580018755,-0.5361107402806123,-0.19917177035909023,-0.0431494895617464,-0.12818648745196914,-0.9323385798521133,-0.4549339772403137,0.14863913288679842,-0.13004916117839413,-0.4350164236275277,-0.9255702418793506,-0.4558373623490976,0.36966216879753455,-0.0690561847543834,-0.427993131991747,-0.9323311311906461
1731068940.81,0.9615405870746049,-0.41437131046981296,-0.07518754852562552,0.05144229986269357,0.9236581294609975,-0.23948048582963297,-0.23172544360674308,-0.0431494895617464,-0.11589517670305198,-0.9320129059164983,-0.4549339772403137,-0.4549374432673531,2.0283981344429933,-0.10641855343932934,-0.9256663790152209,-0.1963350305392016,0.3145093246588959,-0.0690561847543834,-0.21392292741019509,-0.932005429652913
1731068941.31,-0.9214443623352827,-0.47267225961148307,-0.07518754852562552,-0.29460896903763933,0.9233104591504496,-0.5361107402806123,-0.35108891218147026,-0.0431494895617464,-0.18079329745733452,-0.9316872214991287,-0.4549339772403137,0.467710450677539,-0.13004916117839413,0.11137305819703461,-0.9225113985332186,-0.4558373623490976,0.406430731556627,-0.0690561847543834,-0.3579337923105118,-0.9316797176451689
1731068941.81,0.9615405870746049,-0.2653799959966554,-0.07518754852562552,-0.32393534775800653,0.9229627892559267,1.5403010408762854,-0.3185352389338174,-0.0431494895617464,-0.19062634605646822,-0.9313615266015172,-0.4549339772403137,-0.9574747687877702,-0.13004916117839413,-0.3433146924122165,-0.9209732269505214,1.3606789603202112,0.9487670322532401,-0.0690561847543834,-0.408532204302515,-0.9313539951689506
1731068942.31,-0.9214443623352827,0.12329299828114645,-0.07518754852562552,-0.10692014522728926,0.9226151197774218,-0.5361107402806123,-0.05268024074465264,-0.0431494895617464,-0.11343691455326856,-0.9310358212252464,0.5911127968024926,-0.2847660737789581,-0.13004916117839413,-0.40062827442178606,-0.923433479873082,-0.4558373623490976,0.6500224598356139,-0.0690561847543834,-0.3735025344618974,-0.9310282622257935
1731068942.81,0.9615405870746049,-0.2848136457105455,-0.07518754852562552,-0.3356658992461534,0.9222674507149485,-0.5361107402806123,0.5441371021289826,-0.0431494895617464,0.03651707658352055,-0.930710105371831,0.5911127968024926,0.08748379697690607,-0.13004916117839413,-0.3624192197487397,-0.9223314668042182,-0.4558373623490976,1.442844594328544,-0.0690561847543834,-0.4824837295215965,-0.9307025188172326
1731068943.31,-0.9214443623352827,-0.1520170393322966,-0.07518754852562552,-0.32393534775800653,0.9219197820685401,-0.5361107402806123,0.28642052225173104,-0.0431494895617464,-0.20562174517014714,-0.9303843790428062,-0.4549339772403137,-0.6889230763138966,-0.13004916117839413,-0.2860011104026471,-0.9199097966408675,-0.1963350305392016,0.9878336301847755,-0.0690561847543834,0.6851719318323225,-0.9303767649448065
1731068943.81,0.9909622269091337,-0.36254824456610596,-0.07518754852562552,-0.10398750735525261,0.9215721138381965,-0.5361107402806123,-0.6467847775143168,-0.0431494895617464,-0.11589517670305198,-0.9300586422397075,0.5911127968024926,0.09546057992167489,-0.13004916117839413,-0.3815237470852629,-0.919244054299879,-0.4558373623490976,1.3118565894992775,-0.0690561847543834,-0.1905698141831167,-0.930051000610048
1731068944.31,-0.9508660021698115,0.09090358209132961,-0.07518754852562552,-0.07172849076284873,0.9212244460239379,1.5403010408762854,-0.2886943717901356,-0.0431494895617464,0.417547709799952,-0.9297328949640481,-0.4549339772403137,-0.10661792134579454,-0.13004916117839413,3.0458284570869916,-0.9245338656392564,1.3606789603202112,1.6565618653657685,-0.0690561847543834,-0.3073353803185087,-0.929725225814493
1731068944.81,0.9909622269091337,-0.15363651014178745,-0.07518754852562552,-0.3092721583978229,0.9208767786257577,-0.5361107402806123,0.09652409497375632,-0.0431494895617464,-0.13556127390131942,-0.9294071372174092,0.5911127968024926,-0.27678929083418957,-0.13004916117839413,-0.0720304042335877,-0.9211759945118136,-0.4558373623490976,0.42021894259128667,-0.0690561847543834,-0.3073353803185087,-0.9293994405596778
1731068945.31,-0.9508660021698115,-0.23137110899734772,-0.07518754852562552,-0.3385985371181901,0.9205291116436825,-0.5361107402806123,-0.12863881165584265,-0.0431494895617464,-0.1584231118943053,-0.9290813690013033,-0.4549339772403137,0.7096728666688514,-0.13004916117839413,-0.3394937869449119,-0.9218232159387048,-0.4558373623490976,-0.5633401112144357,-0.0690561847543834,-0.26062915386435187,-0.9290736448471366
1731068945.81,0.9615405870746049,-0.1714506890461867,-0.07518754852562552,1.3242071363266297,0.9201814450777256,1.5403010408762854,-0.4107706464688338,-0.0431494895617464,-0.18153077610226956,-0.9287555903172658,0.5911127968024926,0.6033157607386044,-0.13004916117839413,-0.40062827442178606,-0.9188704704779526,-0.4558373623490976,-0.2760857146590262,-0.0690561847543834,-0.427993131991747,-0.9287478386783995
1731068946.31,-0.9214443623352827,-0.5342121503721351,-0.07518754852562552,-0.21249510862061124,0.9198337789278939,-0.5361107402806123,0.034129554582421666,-0.0431494895617464,-0.14219858170573468,-0.92842980116683,-0.4549339772403137,-0.7261480633894831,-0.13004916117839413,-0.17901575731811747,-0.9183665118423932,1.3606789603202112,-0.22323090569283083,-0.0690561847543834,-0.3267963080077407,-0.9284220220550056
1731068946.81,0.9615405870746049,-0.028937257810992573,-0.07518754852562552,-0.30047424478171275,0.9194861131942206,-0.5361107402806123,0.03141674847845059,-0.0431494895617464,-0.03723078790998231,-0.9281040015515066,0.5911127968024926,-0.34326248204059395,-0.13004916117839413,-0.4082700853563953,-0.918999667882548,-0.4558373623490976,0.1191763350012173,-0.0690561847543834,0.6462500764538583,-0.928096194978489
1731068947.31,-0.9214443623352827,-0.2880525873295272,-0.07518754852562552,-0.3092721583978229,0.9191384478766857,-0.5361107402806123,0.0015758813347688005,-0.0431494895617464,-0.17710590423265937,-0.9277781914728785,-0.6292751062474522,-0.6357445233487731,-0.13004916117839413,-0.3853446525525675,-0.9205736992061763,-0.1963350305392016,-0.2599994684519233,-0.0690561847543834,0.40104238756953536,-0.9277703574503794
1731068947.81,0.9615405870746049,-0.19088433876007685,-0.07518754852562552,-0.18610136777228067,0.9187907829753228,1.5403010408762854,-0.2588535046464538,-0.0431494895617464,-0.17415598965291926,-0.9274523709324545,0.7654539258096312,-0.5692713321423687,-0.13004916117839413,-0.39680736895448143,-0.9208940151159815,1.3606789603202112,-0.048580232587141725,-0.0690561847543834,1.210616979441586,-0.9274445094722132
1731068948.31,-0.9214443623352827,0.0795672864248937,-0.07518754852562552,-0.18610136777228067,0.918443118490145,-0.5361107402806123,-0.09065952620024764,-0.0431494895617464,-0.1889055625516198,-0.9271265399317699,-0.4549339772403137,-0.39378210735746133,-0.13004916117839413,-0.33185197601030264,-0.9170733986700977,-0.4558373623490976,-0.11522325258799677,-0.0690561847543834,-0.3267963080077407,-0.927118651045522
1731068948.81,0.9615405870746049,-0.6961592313212192,-0.07518754852562552,-0.23888884946894168,0.9180954544211526,-0.5361107402806123,0.24030281848422283,-0.0431494895617464,-0.20980079082477898,-0.9268006984723569,0.5911127968024926,0.013033822825733416,-0.13004916117839413,0.615732579881246,-0.9203353356067415,-0.4558373623490976,-0.4093717546607361,-0.0690561847543834,-0.4046400187646686,-0.9267927821718425
1731068949.31,-0.8920227225007512,0.1362487647570732,-0.07518754852562552,-0.30047424478171275,0.9177477907683854,-0.5361107402806123,0.36237909316292105,-0.0431494895617464,-0.11097865240348512,-0.9264748465557235,-0.4549339772403137,0.05823559284608842,-0.13004916117839413,-0.47322547830057404,-0.9165462245523099,-0.4558373623490976,-0.5012931615584671,-0.0690561847543834,-0.2372760406372735,-0.9264669028527008
1731068949.81,0.9615405870746049,-0.10991079828553471,-0.07518754852562552,-0.30047424478171275,0.9174001275318101,1.5403010408762854,-0.18018212763129302,-0.0431494895617464,0.481462525694321,-0.9261489841834528,0.5911127968024926,0.09280165227341843,-0.13004916117839413,-0.09877674250472006,-0.9190469126013009,1.3606789603202112,-0.4898029856962508,-0.0690561847543834,-0.3773947199997438,-0.9261410130896329
1731068950.31,-0.9508660021698115,-0.08561873614317206,-0.07518754852562552,0.8432545253126078,0.9170524647114803,-0.5361107402806123,-0.03369059801685514,-0.0431494895617464,-0.15866893810928365,-0.9258231113570522,-1.675321880290271,-1.2286853889098999,-0.13004916117839413,-0.266896583066124,-0.9201268141246194,-0.1963350305392016,-0.08534879534623417,-0.0690561847543834,-0.4746993584459037,-0.9258151128841711
1731068950.81,0.9615405870746049,0.5087270509399666,-0.07518754852562552,-0.13038124820358304,0.9167048023073892,-0.23948048582963297,0.7041926622632758,-0.0431494895617464,-0.16260215754893714,-0.9254972280780543,1.6371595708453115,-1.0372425982354554,-0.13004916117839413,-0.3815237470852629,-0.9151908882197919,-0.4558373623490976,-0.35192087534965416,-0.0690561847543834,-0.054343320358492965,-0.9254892022378475
1731068951.31,-0.9214443623352827,-0.5115395590392633,-0.07518754852562552,-0.3151374341418964,0.9163571403195567,-0.5361107402806123,0.7530231721347551,-0.0431494895617464,-0.1704685964282441,-0.9251713343479918,-0.4549339772403137,-0.6570159445348225,-0.13004916117839413,-0.3624192197487397,-0.9156679438230455,-0.1963350305392016,-0.13590556913998628,-0.0690561847543834,-0.3579337923105118,-0.9251632811521935
1731068951.81,0.9615405870746049,0.46824028070269574,-0.07518754852562552,-0.2271582979807948,0.9160094787480032,-0.5361107402806123,0.3108357771874707,-0.0431494895617464,-0.15104832544495503,-0.9248454301683721,0.5911127968024926,-0.1119357766423066,-0.13004916117839413,-0.1599112299815942,-0.9162632853178634,1.3606789603202112,1.0889471777722797,-0.0690561847543834,-0.3306884935455871,-0.9248373496287384
1731068952.31,-0.9214443623352827,-0.3301588283762891,-0.07518754852562552,-0.24768676308505183,0.9156618175927218,1.5403010408762854,0.43833766407411107,-0.0431494895617464,-0.14637762736036652,-0.9245195155407745,-0.4549339772403137,0.4065551147676473,-0.13004916117839413,-0.35859831428143507,-0.9153402106136552,-0.4558373623490976,-0.05317630293202828,-0.0690561847543834,0.12080502884459494,-0.9245114076690173
1731068952.81,0.9909622269091337,0.11681511504318308,-0.07518754852562552,1.4385800133360613,0.9153141568537392,-0.5361107402806123,-0.5219956967316476,-0.0431494895617464,-0.16481459348374222,-0.9241935904667058,0.5911127968024926,-0.11725363193881895,-0.13004916117839413,-0.3471355978795212,-0.9184938590008729,-0.4558373623490976,0.15824293293275302,-0.0690561847543834,2.9854535846995427,-0.9241854552745572
1731068953.31,-0.9214443623352827,0.4504261017982963,-0.07518754852562552,-0.32393534775800653,0.9149664965310556,-0.5361107402806123,-0.8556708475200892,-0.0431494895617464,0.03897533873330398,-0.9238676549476994,-0.4549339772403137,0.16991055407284783,-0.13004916117839413,-0.010895916756713543,-0.9125935842475859,-0.1963350305392016,0.691387092939593,-0.0690561847543834,-0.07380424804772487,-0.9238594924468909
1731068953.81,0.9615405870746049,-0.5568847417050069,-0.07518754852562552,-0.3034068826537495,0.9146188366247041,1.5403010408762854,-0.8773732963518578,-0.0431494895617464,-0.1662895507736123,-0.9235417089852831,0.5911127968024926,-1.366949626619221,-0.13004916117839413,2.7554396415718396,-0.9148897233589807,1.3606789603202112,0.008870646723939965,-0.0690561847543834,-0.4630228018323645,-0.923533519187547
1731068954.31,-0.9508660021698115,0.3208684370390289,-0.07518754852562552,-0.18903400564431747,0.9142711771346916,-0.5361107402806123,-0.5084316662117923,-0.0431494895617464,-0.18743060526174976,-0.9232157525809672,-0.4549339772403137,-0.20499824433127278,-0.13004916117839413,-0.06438859329897843,-0.9162244676182836,-0.1963350305392016,0.45928554052282217,-0.0690561847543834,-0.13607921665326728,-0.9232075354980582
1731068954.81,0.9909622269091337,-0.5066811466107908,-0.07518754852562552,0.14235407389583174,0.9139235180610115,-0.5361107402806123,-0.4460371258204576,-0.0431494895617464,-0.17194355371811418,-0.9228897857363265,-0.4549339772403137,-1.2632514483372301,-0.13004916117839413,-0.3203892596083888,-0.9163083587792549,-0.4558373623490976,0.2754427267273599,-0.0690561847543834,-0.2333838550994272,-0.922881541379953
1731068955.31,-0.9508660021698115,0.16539923932790837,-0.07518754852562552,-0.297541606909676,0.9135758594036971,-0.5361107402806123,-0.7607226338811018,-0.0431494895617464,-0.10606212810391831,-0.9225638084528703,0.5911127968024926,-1.1967782571308259,-0.13004916117839413,-0.4044491798890907,-0.9142057560990251,-0.4558373623490976,0.4983521384543576,-0.0690561847543834,-0.39296346215112943,-0.9225555368347614
1731068955.81,-0.9214443623352827,-0.13420286042789734,-0.07518754852562552,-0.18316872990024402,0.913228201162755,-0.5361107402806123,-0.885511714663771,-0.0431494895617464,-0.05198036080868284,-0.9222378207321256,-0.6292751062474522,-1.3297246395436346,2.0283981344429933,-0.41973280175830924,-0.9111127781926334,-0.1963350305392016,0.4477953646606055,-0.0690561847543834,-0.10883391788834239,-0.922229521864011
1731068956.31,0.9615405870746049,-0.10019397342858964,-0.07518754852562552,-0.3415311749902268,0.9128805433381854,1.5403010408762854,-0.7552970216731597,-0.0431494895617464,-0.20660505003006052,-0.9219118225756237,-0.4549339772403137,-1.2765460865785112,-0.13004916117839413,-0.5267181548428388,-0.9141504849878785,1.3606789603202112,0.5098423143165742,-0.0690561847543834,0.15194251314736615,-0.9219034964692324
1731068956.81,0.9615405870746049,1.3459934594467313,-0.07518754852562552,-0.297541606909676,0.9125328859300349,-0.5361107402806123,-0.6657744202421143,-0.0431494895617464,-0.133103011751536,-0.9215858139848705,0.5911127968024926,-0.298060712020239,-0.13004916117839413,-0.17519485185081277,-0.9150763766376312,-0.1963350305392016,2.1276590757166405,-0.0690561847543834,-0.24895259725081278,-0.9215774606519548
1731068957.31,-0.9214443623352827,-0.06618508642928195,-0.07518754852562552,-0.30047424478171275,0.9121852289382836,-0.5361107402806123,-0.6223695225785771,-0.0431494895617464,-0.1257282253021857,-0.9212597949614415,-0.4549339772403137,-0.7686909057615819,-0.13004916117839413,0.4934636049274976,-0.9132655779155285,-0.4558373623490976,0.3903444853495238,-0.0690561847543834,1.848935407648395,-0.9212514144137057
1731068957.81,0.9615405870746049,0.6156121243663623,-0.07518754852562552,-0.256484676701162,0.9118375723629447,1.5403010408762854,-0.6494975836182879,-0.0431494895617464,0.13484756257485772,-0.9209337655068423,0.5911127968024926,-0.5745891874388811,-0.13004916117839413,0.6654043509562061,-0.9134168618250513,-0.4558373623490976,0.450093399833049,-0.0690561847543834,-0.3812869055375902,-0.9209253577560159
1731068958.31,-0.9214443623352827,-0.12934444799942482,-0.07518754852562552,-0.28874369329356586,0.9114899162040518,-0.5361107402806123,-0.5979542676428377,-0.0431494895617464,-0.167518681848504,-0.9206077256226016,-0.4549339772403137,-0.723489135741227,-0.13004916117839413,3.7335914412018254,-0.9106310809334092,1.3606789603202112,-0.06926254913913123,-0.0690561847543834,0.23757059497998675,-0.9205992906804115
1731068958.81,0.9909622269091337,-0.24756581709225614,-0.07518754852562552,-0.2740805039333823,0.9111422604616048,-0.5361107402806123,-0.44332431971648656,-0.0431494895617464,-0.14318188656564806,-0.9202816753102473,-0.4549339772403137,-1.2047550400755944,-0.13004916117839413,-0.052925876897064614,-0.9102890705216355,-0.4558373623490976,0.10998419431144418,-0.0690561847543834,1.2145091649794322,-0.9202732131884185
1731068959.31,-0.9802876420043404,0.4358508645128789,-0.07518754852562552,-0.32686798563004327,0.9107946051356306,-0.5361107402806123,-0.18560773983923518,-0.0431494895617464,-0.06672993370738342,-0.919955614571285,0.5911127968024926,-0.2262696655173222,-0.13004916117839413,0.6195534853485505,-0.9094443684661698,-0.1963350305392016,-0.17267413189907874,-0.0690561847543834,0.4672095417129243,-0.9199471252815677
1731068959.81,0.9909622269091337,-0.3447340656617067,-0.07518754852562552,1.16291205336461,0.9104469502261155,1.5403010408762854,-0.6929024812818251,-0.0431494895617464,-0.20758835488997388,-0.9196295434072893,0.7654539258096312,-0.6251088127557484,-0.13004916117839413,0.1839702620758226,-0.9102699786137599,1.3606789603202112,0.0686195612074652,-0.0690561847543834,0.8213984256569462,-0.9196210269613851
1731068960.31,-0.9214443623352827,0.48767393041658585,-0.07518754852562552,-0.32686798563004327,0.9100992957330865,-0.5361107402806123,-0.5654005943951848,-0.0431494895617464,-0.18079329745733452,-0.9193034618197639,-0.4549339772403137,-1.0771265129592982,-0.13004916117839413,0.5813444306755043,-0.9094836700979071,-0.4558373623490976,0.16054096810519605,-0.0690561847543834,1.191156051752354,-0.9192949182294
1731068960.81,0.9909622269091337,-0.4953448509443549,-0.07518754852562552,-0.3210027098859698,0.9097516416565703,-0.5361107402806123,-0.4948676356919369,-0.0431494895617464,-0.12818648745196914,-0.9189773698102366,0.5911127968024926,-0.774008761058094,-0.13004916117839413,-0.03382134956054135,-0.9099745166155122,-0.4558373623490976,-0.050878267759585004,-0.0690561847543834,1.0471451868520372,-0.9189687990871352
1731068961.31,-0.9508660021698115,-0.2572826419492012,-0.07518754852562552,-0.28287841754949244,0.9094039879965401,-0.5361107402806123,-0.4785907990681105,-0.0431494895617464,-0.06672993370738342,-0.9186512673802342,-0.4549339772403137,-0.32464998850280075,-0.13004916117839413,0.24510474955269676,-0.9110205511244491,-0.4558373623490976,0.09389794810434124,-0.0690561847543834,0.8525359099597174,-0.9186426695361216
1731068961.81,0.9615405870746049,-0.5083006174202817,-0.07518754852562552,-0.3034068826537495,0.9090563347530694,1.5403010408762854,-0.5979542676428377,-0.0431494895617464,-0.16506041969872057,-0.9183251545312595,0.5911127968024926,-0.5107749238807328,-0.13004916117839413,-0.014716822224018263,-0.9080162170142733,1.3606789603202112,0.19730953086428848,-0.0690561847543834,2.214800848205956,-0.9183165295778836
1731068962.31,-0.9214443623352827,-0.39979607318439536,-0.07518754852562552,-0.2535520388291253,0.9087086819261115,-0.5361107402806123,-0.08252110788833443,-0.0431494895617464,-0.1485900632951716,-0.917999031264887,-0.4549339772403137,-0.0880054278080013,-0.13004916117839413,-0.1484485135796804,-0.9099180480802989,-0.4558373623490976,0.5810814046623156,-0.0690561847543834,-0.15943232988034567,-0.9179903792139451
1731068962.81,0.9615405870746049,0.6528599529846515,-0.07518754852562552,-0.29460896903763933,0.9083610295157132,-0.23948048582963297,-0.19645896425511916,-0.0431494895617464,-0.039689050059765744,-0.9176728975826208,0.5911127968024926,-0.22095181022080984,-0.13004916117839413,2.28546826909337,-0.9104985227794464,-0.1963350305392016,0.4225169777637297,-0.0690561847543834,-0.12440266003972798,-0.9176642184458346
1731068963.31,-0.9214443623352827,-0.34149512404272503,-0.07518754852562552,-0.3180700720139331,0.9080133775218744,-0.5361107402806123,-0.25342789243851166,-0.0431494895617464,-0.18275990717716126,-0.9173467534859845,-0.4549339772403137,-1.0239479599941745,-0.13004916117839413,-0.3891655580198721,-0.9088793081507576,-0.4558373623490976,0.5236305253512339,-0.0690561847543834,-0.3306884935455871,-0.917338047275078
1731068963.81,0.9909622269091337,-0.33987565323323415,-0.07518754852562552,-0.3151374341418964,0.9076657259446086,1.5403010408762854,-0.21544860698291665,-0.0431494895617464,0.8084113916155171,-0.917020598976505,0.5911127968024926,-0.7846444716511187,-0.13004916117839413,0.38647825184296813,-0.9098265329939506,1.3606789603202112,0.4477953646606055,-0.0690561847543834,-0.16332451541819198,-0.9170118657031998
1731068964.31,-0.9508660021698115,-0.35121194889967006,-0.07518754852562552,-0.02480628481026119,0.9073180747839423,-0.5361107402806123,-0.2561406985424827,-0.0431494895617464,0.011934455085686298,-0.9166944340556852,-0.4549339772403137,0.2682908770583261,-0.13004916117839413,-0.03764225502784607,-0.908004966909232,-0.4558373623490976,0.9280847157012503,-0.0690561847543834,-0.2255994840237344,-0.9166856737317248
1731068964.81,0.9909622269091337,-0.22003481333091182,-0.07518754852562552,-0.32980062350207995,0.9069704240398692,-0.5361107402806123,-0.5708262066031269,-0.0431494895617464,-0.19038051984148988,-0.9163682587250966,0.5911127968024926,-0.6623337998313349,-0.13004916117839413,-0.0720304042335877,-0.9069000649601924,-0.4558373623490976,1.116523599841599,-0.0690561847543834,-0.2839822670914303,-0.9163594713621791
1731068965.31,-0.9508660021698115,-0.40303501480337706,-0.07518754852562552,-0.32980062350207995,0.9066227737124156,-0.23948048582963297,0.01785271795859523,-0.0431494895617464,-0.19406791306616503,-0.9160420729862414,-0.4549339772403137,-0.2156339549242975,-0.13004916117839413,-0.30510563773917027,-0.9050038171835324,-0.4558373623490976,1.1762725143251243,-0.0690561847543834,-0.3190119369320479,-0.9160332585960856
1731068965.81,0.9615405870746049,-0.34635353647119754,-0.07518754852562552,-0.17437081628413378,0.9062751238015818,1.5403010408762854,-0.5274213089395898,-0.0431494895617464,-0.11589517670305198,-0.9157158768406443,0.5911127968024926,0.30817479178216906,-0.13004916117839413,-0.19429937918733586,-0.908353110466408,-0.4558373623490976,0.6155519322489651,-0.0690561847543834,-0.3968556476889758,-0.9157070354349682
1731068966.31,-0.9214443623352827,0.2415143673739778,-0.07518754852562552,-0.3356658992461534,0.9059274743073945,-0.5361107402806123,-0.5952414615388666,-0.0431494895617464,-0.17907251395248613,-0.9153896702898292,-0.4549339772403137,0.3028569364856567,-0.13004916117839413,0.7380015548349942,-0.9082282115241177,-0.4558373623490976,-0.5035911967309105,-0.0690561847543834,-0.058235505896339274,-0.915380801880356
1731068966.81,0.9615405870746049,0.1783550058038351,-0.07518754852562552,-0.2183603843646847,0.9055798252298604,-0.5361107402806123,-0.3348120755576438,-0.0431494895617464,-0.14244440792071303,-0.915063453335298,0.5911127968024926,0.6910603731310578,-0.13004916117839413,1.0283903703501462,-0.9081565807199248,1.3606789603202112,0.01346671706882652,-0.0690561847543834,2.829766163185687,-0.9150545579337682
1731068967.31,-0.9214443623352827,0.28685955003972136,-0.07518754852562552,-0.36499227796652056,0.9052321765689926,-0.23948048582963297,-0.3131096267258752,-0.0431494895617464,-0.10852039025370175,-0.9147372259786215,-1.675321880290271,-0.24488215905511543,2.0283981344429933,1.498361742828616,-0.904197826787995,-0.4558373623490976,-0.4737167394891479,-0.0690561847543834,-0.408532204302515,-0.9147283035967287
1731068967.81,0.9615405870746049,-0.07266296966724532,-0.07518754852562552,-0.2154277464926479,0.9048845283247914,1.5403010408762854,-0.2778431473742513,-0.0431494895617464,-0.17022277021326576,-0.9144109882212997,0.5911127968024926,-0.5373642003632946,-0.13004916117839413,0.3215228588987893,-0.9073334264213987,1.3606789603202112,-0.6276850960428472,-0.0690561847543834,-0.4318853175295933,-0.9144020388707613
1731068968.31,-0.9214443623352827,-0.17307015985567756,-0.07518754852562552,-0.08932431799506893,0.9045368804972902,-0.5361107402806123,-0.5301341150435609,-0.0431494895617464,-0.1404777982008863,-0.9140847400648574,-0.4549339772403137,-0.48418564739817105,-0.13004916117839413,-0.07967221516819697,-0.9040099424968466,-0.1963350305392016,-0.8230180857005258,-0.0690561847543834,-0.11272610342618887,-0.9140757637573906
1731068968.81,0.9615405870746049,-0.08237979452419038,-0.07518754852562552,-0.18316872990024402,0.9041892330864888,-0.5361107402806123,-0.20459738256703236,-0.0431494895617464,-0.11589517670305198,-0.9137584815108166,0.5911127968024926,-0.25285894199988396,-0.13004916117839413,0.21453750581425968,-0.9041917462836375,-0.4558373623490976,0.05483135017280552,-0.0690561847543834,-0.44356187414313253,-0.9137494782581372
1731068969.31,-0.9214443623352827,-0.6119467492276955,-0.07518754852562552,2.353563029411518,0.9038415860924142,-0.5361107402806123,0.16434424757303281,-0.0431494895617464,-0.1744018158678976,-0.9134322125606775,-0.4549339772403137,-0.17309111255219867,-0.13004916117839413,-0.25543386666421003,-0.9044796712678366,-0.4558373623490976,-0.3978815787985197,-0.0690561847543834,-0.4474540596809789,-0.9134231823745259
1731068969.81,-0.9214443623352827,0.17187712256587173,-0.07518754852562552,-0.15970762692395024,0.9034939395150662,1.5403010408762854,-0.24257666802262737,-0.0431494895617464,-0.07902124445630059,-0.9131059332160106,0.5911127968024926,-0.4469606603225846,-0.13004916117839413,-0.5037927220390112,-0.9012184296443926,1.3606789603202112,-0.31974838293544827,-0.0690561847543834,0.015716019322742237,-0.913096876108078
1731068970.31,0.9615405870746049,0.23989489656448712,-0.07518754852562552,-0.20076455713246436,0.9031462933544447,-0.5361107402806123,0.47902975563367717,-0.0431494895617464,-0.06918819585716686,-0.9127796434783141,-0.4549339772403137,0.3799658382850855,-0.13004916117839413,-0.4044491798890907,-0.9033972745435312,-0.4558373623490976,-0.14050163948487285,-0.0690561847543834,-0.3112275658563551,-0.9127705594603159
1731068970.81,0.932118947240076,-0.007884137287611798,-0.07518754852562552,-0.2799457796774557,0.9027986476105969,-0.5361107402806123,-0.07438268957642122,-0.0431494895617464,-0.17759755666261606,-0.9124533433491109,0.5911127968024926,0.12204985640423666,-0.13004916117839413,0.0005667996452002768,-0.9034286133624768,-0.1963350305392016,-0.4461403174198285,-0.0690561847543834,-0.24895259725081278,-0.9124442324327626
1731068971.31,-0.9214443623352827,0.06499204913947612,-0.07518754852562552,-0.3151374341418964,0.9024510022834957,-0.5361107402806123,0.02870394237447952,-0.0431494895617464,-0.12081170100261884,-0.912127032829923,-0.4549339772403137,0.34274085120949904,-0.13004916117839413,-0.12934398624315716,-0.9009897352890988,-0.4558373623490976,-0.4622265636269315,-0.0690561847543834,1.9151025617917838,-0.9121178950269366
1731068971.81,0.9615405870746049,-0.7479822972249262,-0.07518754852562552,-0.06879585289081194,0.9021033573732014,1.5403010408762854,0.09652409497375632,-0.0431494895617464,-0.08147950660608401,-0.9118007119222487,-0.4549339772403137,-0.9175908540639276,-0.13004916117839413,-0.3394937869449119,-0.9008343794969131,1.3606789603202112,-0.11752128776044006,-0.0690561847543834,-0.1555401443424992,-0.9117915472443617
1731068972.31,-0.9214443623352827,0.22531965927906936,-0.07518754852562552,-0.30047424478171275,0.9017557128796806,-0.23948048582963297,0.14264179874126454,-0.0431494895617464,-0.1628479837639155,-0.9114743806276574,0.5911127968024926,-1.0930800788488353,-0.13004916117839413,2.8165741290487136,-0.9008145567408444,-0.4558373623490976,-0.32204641810789153,-0.0690561847543834,-0.14386358772896007,-0.911465189086558
1731068972.81,-0.9214443623352827,-0.5180174422772267,-0.07518754852562552,-0.11278542097136271,0.9014080688029733,-0.5361107402806123,0.09652409497375632,-0.0431494895617464,-0.15498154488460852,-0.9111480389476465,-0.4549339772403137,-0.7926212545958873,2.0283981344429933,-0.014716822224018263,-0.9010013932881966,-0.4558373623490976,-0.5610420760419924,-0.0690561847543834,-0.369610348924051,-0.9111388205550469
1731068973.31,0.9615405870746049,0.04555839942558601,-0.07518754852562552,-0.32980062350207995,0.9010604251430795,-0.5361107402806123,-0.34295049386955706,-0.0431494895617464,0.7248304785228803,-0.9108216868837371,-0.4549339772403137,-0.6889230763138966,-0.13004916117839413,-0.1675530409162035,-0.9004461424787423,-0.4558373623490976,-0.26459553879680986,-0.0690561847543834,-0.39296346215112943,-0.9108124416513499
1731068973.81,0.9615405870746049,0.09576199451980195,-0.07518754852562552,1.0221454355068476,0.9007127819000195,-0.23948048582963297,-0.6901896751778539,-0.0431494895617464,-0.11835343885283542,-0.9104953244374492,0.5911127968024926,-0.6836052210173843,-0.13004916117839413,-0.27071748853342853,-0.9033905877331082,1.3606789603202112,-0.17956823741640857,-0.0690561847543834,-0.3190119369320479,-0.9104860523769863
1731068974.31,-0.9214443623352827,-0.393318189946432,-0.07518754852562552,-0.3415311749902268,0.900365139073813,1.5403010408762854,-0.9940239588226137,-0.0431494895617464,-0.10606212810391831,-0.9101689516102809,-0.6292751062474522,-0.2821071461307019,-0.13004916117839413,-0.4082700853563953,-0.9030408181325589,-0.4558373623490976,-0.29446999603857243,-0.0690561847543834,-0.3968556476889758,-0.9101596527334761
1731068974.81,0.9615405870746049,0.40508091913255273,-0.07518754852562552,-0.2271582979807948,0.9000174966644469,-0.5361107402806123,-0.8909373268717131,-0.0431494895617464,-0.12818648745196914,-0.9098425684037991,-0.4549339772403137,-0.016214381305084527,-0.13004916117839413,-0.40062827442178606,-0.8981101191060952,-0.4558373623490976,0.3053171839691228,-0.0690561847543834,-0.3618259778483582,-0.90983324272234
1731068975.31,-0.9214443623352827,-0.5212563838962083,-0.07518754852562552,-0.35032908860633694,0.899669854671961,-0.5361107402806123,-0.6440719714103458,-0.0431494895617464,-0.19603452278599176,-0.9095161748195029,0.5911127968024926,-0.18372682314522337,-0.13004916117839413,-0.3815237470852629,-0.9009631103464211,-0.4558373623490976,0.029552963275929465,-0.0690561847543834,0.0001472771713566359,-0.9095068223450966
1731068975.81,0.9615405870746049,0.04393892861609516,-0.07518754852562552,0.10129714368731778,0.899322213096349,1.5403010408762854,-0.09065952620024764,-0.0431494895617464,-0.012648166412148007,-0.9091897708589085,-0.4549339772403137,-0.5400231280115507,-0.13004916117839413,-0.12552308077585259,-0.9018632617640592,1.3606789603202112,0.3122112894864524,-0.0690561847543834,-0.2178151129480416,-0.9091803916032665
1731068976.31,-0.9214443623352827,-0.17954804309364095,-0.07518754852562552,-0.2066298328765378,0.8989745719376374,-0.23948048582963297,-0.022839373600970846,-0.0431494895617464,0.04143360088308741,-0.908863356523538,-0.4549339772403137,-0.6118141745144675,2.0283981344429933,0.008208610579809547,-0.900836065955925,-0.4558373623490976,1.1119275294967126,-0.0690561847543834,-0.3968556476889758,-0.9088539504983675
1731068976.81,0.9615405870746049,-0.4419023142311571,-0.07518754852562552,-0.23595621159690494,0.8986269311958397,-0.5361107402806123,-0.8149787559605232,-0.0431494895617464,-0.15694815460443526,-0.9085369318148856,0.5911127968024926,-1.124987210627909,-0.13004916117839413,2.430662676850946,-0.9000783885332962,-0.4558373623490976,0.6178499674214081,-0.0690561847543834,-0.4046400187646686,-0.9085274990319195
1731068977.31,-0.9214443623352827,0.46014292665524137,-0.07518754852562552,-0.2799457796774557,0.8982792908709625,-0.5361107402806123,-0.7905635010247835,-0.0431494895617464,-0.11343691455326856,-0.9082104967345203,-0.4549339772403137,-1.2818639418750235,-0.13004916117839413,-0.33567288147760727,-0.8972829926096157,-0.4558373623490976,0.6615126356978306,-0.0690561847543834,-0.3462572356969726,-0.9082010372054411
1731068977.81,0.9615405870746049,-0.33987565323323415,-0.07518754852562552,-0.32980062350207995,0.8979316509630124,1.5403010408762854,-0.8990757451836263,-0.0431494895617464,-0.15768563324937027,-0.9078840512839332,0.5911127968024926,-1.3377014224884032,-0.13004916117839413,-0.328031070542998,-0.8978296511551572,1.3606789603202112,0.6546185301805005,-0.0690561847543834,-0.2761978960157375,-0.90787456502045
1731068978.31,-0.9214443623352827,0.30953214137259316,-0.07518754852562552,0.15701726325601542,0.8975840114720096,-0.5361107402806123,-0.9424806428471635,-0.0431494895617464,-0.10114560380435145,-0.9075575954646475,-0.4549339772403137,-0.803256965188912,-0.13004916117839413,-0.24397115026229618,-0.8961431376732722,-0.4558373623490976,1.2590017805330822,-0.0690561847543834,-0.4474540596809789,-0.9075480824784653
1731068978.81,0.9615405870746049,-0.1665922766177142,-0.07518754852562552,-0.1274486103315464,0.8972363723979674,-0.5361107402806123,-0.24528947412659846,-0.0431494895617464,-0.08393776875586743,-0.9072311292781785,0.5911127968024926,-1.015971177049406,-0.13004916117839413,-0.4846881947024879,-0.8970498891647289,-0.4558373623490976,0.25016433983048414,-0.0690561847543834,-0.4513462452188253,-0.9072215895810056
1731068979.31,-0.8920227225007512,-0.16821174742720504,-0.07518754852562552,-0.2740805039333823,0.8968887337409058,-0.5361107402806123,-0.7146049301135936,-0.0431494895617464,-0.00035685566323085495,-0.9069046527260224,-0.4549339772403137,-0.6410623786452855,-0.13004916117839413,-0.35859831428143507,-0.8968559163508398,-0.4558373623490976,-0.3312385587976646,-0.0690561847543834,-0.17110888649388478,-0.906895086329584
1731068979.81,0.932118947240076,0.8569132749804976,-0.07518754852562552,-0.3092721583978229,0.8965410955008183,-0.23948048582963297,-0.6223695225785771,-0.0431494895617464,-0.13064474960175257,-0.9065781658097433,0.5911127968024926,0.34008192356124317,-0.13004916117839413,-0.2860011104026471,-0.8992244310942008,1.3606789603202112,0.34438378190065827,-0.0690561847543834,-0.3384728646212798,-0.9065685727257236
1731068980.31,-0.9214443623352827,-0.12772497718993397,-0.07518754852562552,-0.10105486948321582,0.8961934576777247,1.5403010408762854,-0.46502676854825514,-0.0431494895617464,-0.11343691455326856,-0.9062516685308362,-0.4549339772403137,-0.7474194845755325,-0.13004916117839413,-0.45030004549674624,-0.8955541099155592,-0.1963350305392016,-0.16118395603686234,-0.0690561847543834,-0.369610348924051,-0.906242048770939
1731068980.81,0.9615405870746049,0.5119659925589484,-0.07518754852562552,-0.35326172647837367,0.8958458202716454,-0.5361107402806123,-0.4189090647807471,-0.0431494895617464,-0.15498154488460852,-0.9059251608908175,0.5911127968024926,-0.2502000143516278,-0.13004916117839413,-0.3165683541410842,-0.8992547587131875,-0.4558373623490976,0.6661087060427171,-0.0690561847543834,2.0513290556164074,-0.905915514466747
1731068981.31,-0.9214443623352827,-0.14068074366586072,-0.07518754852562552,-0.3092721583978229,0.8954981832825935,-0.5361107402806123,-0.4568883502363419,-0.0431494895617464,-0.1404777982008863,-0.9055986428912055,-0.4549339772403137,-1.2180496783168753,-0.13004916117839413,1.3684509569402583,-0.896461743503274,-0.1963350305392016,-0.05547433810447156,-0.0690561847543834,-0.3968556476889758,-0.9055889698146647
1731068981.81,0.9909622269091337,-0.2750968208536005,-0.07518754852562552,-0.31220479626985964,0.8951505467105823,1.5403010408762854,-0.5789646249150402,-0.0431494895617464,-0.12081170100261884,-0.9052721145334927,0.7654539258096312,-0.11725363193881895,-0.13004916117839413,1.6359143396515825,-0.8936094882828072,1.3606789603202112,-0.13590556913998628,-0.0690561847543834,-0.350149421234819,-0.9052624148162061
1731068982.31,-0.9214443623352827,-0.279955233282073,-0.07518754852562552,-0.1245159724595096,0.894802910555612,-0.23948048582963297,-0.6332207469944614,-0.0431494895617464,-0.1709602488582008,-0.9049455758192436,-0.4549339772403137,-0.010896526008572174,-0.13004916117839413,-0.42737461269291843,-0.8963757912166914,-0.4558373623490976,-0.05317630293202828,-0.0690561847543834,-0.2761978960157375,-0.9049358494728947
1731068982.81,0.9615405870746049,-0.3074862370434173,-0.07518754852562552,-0.16557290266802369,0.8944552748176958,-0.5361107402806123,-0.6494975836182879,-0.0431494895617464,-0.039689050059765744,-0.9046190267499501,0.5911127968024926,-0.49482135799119575,-0.13004916117839413,-0.43119551816022306,-0.8969152463252055,-0.4558373623490976,0.8798259770799417,-0.0690561847543834,-0.2333838550994272,-0.9046092737862387
1731068983.31,-0.9214443623352827,1.1176480753085227,-0.07518754852562552,2.0016464847671114,0.894107639496874,-0.5361107402806123,-0.4460371258204576,-0.0431494895617464,-0.11835343885283542,-0.9042924673271293,-0.4549339772403137,0.05557666519783224,-0.13004916117839413,-0.40062827442178606,-0.8921707105133938,-0.1963350305392016,0.34208574672821523,-0.0690561847543834,-0.18667762864527038,-0.9042826877577562
1731068983.81,0.9615405870746049,0.04555839942558601,-0.07518754852562552,-0.13917916181969325,0.8937600045931131,1.5403010408762854,-0.02826498580891299,-0.0431494895617464,0.2012206406190103,-0.9039658975522964,0.5911127968024926,-0.4469606603225846,-0.13004916117839413,-0.27835929946803784,-0.8929476817515242,-0.4558373623490976,0.4041326963841835,-0.0690561847543834,-0.3229041224698943,-0.9039560913889636
1731068984.31,-0.8920227225007512,-0.19250380956956767,-0.07518754852562552,0.18341100410434585,0.8934123701064799,-0.5361107402806123,0.35966628705895,-0.0431494895617464,-0.18054747124235618,-0.903639317426944,-0.4549339772403137,-0.25551786964814016,-0.13004916117839413,-0.43119551816022306,-0.8947018328411527,1.3606789603202112,0.8821240122523848,-0.0690561847543834,-0.4824837295215965,-0.9036294846813725
1731068984.81,0.932118947240076,-0.33501724080476164,-0.07518754852562552,-0.2916763311656026,0.8930647360369343,-0.5361107402806123,-0.3266736572457306,-0.0431494895617464,-0.1886597363366415,-0.903312726952636,0.5911127968024926,-1.0212890323459185,-0.13004916117839413,-0.40062827442178606,-0.8914750846123243,-0.4558373623490976,1.0452845094958572,-0.0690561847543834,-0.3968556476889758,-0.903302867636505
1731068985.31,-0.9214443623352827,-0.23137110899734772,-0.07518754852562552,-0.2916763311656026,0.8927171023845297,-0.23948048582963297,-0.4324730953006024,-0.0431494895617464,-0.0888542930554343,-0.9029861261308609,-0.4549339772403137,-0.3778285414679243,-0.13004916117839413,-0.18283666278542204,-0.8939345510223923,-0.4558373623490976,0.8361633088035192,-0.0690561847543834,1.5297761935449905,-0.90297624025587
1731068985.81,-0.9214443623352827,-0.2929109997579997,-0.07518754852562552,-0.10985278309932606,0.8923694691492596,1.5403010408762854,-0.23172544360674308,-0.0431494895617464,-0.09377081735500116,-0.9026595149631371,0.5911127968024926,-0.40175889030222983,-0.13004916117839413,-0.3089265432064749,-0.8945739193603478,1.3606789603202112,1.3049624839819474,-0.0690561847543834,-0.4007478332268222,-0.9026496025409833
1731068986.31,0.9615405870746049,-0.3091057078529082,-0.07518754852562552,-0.2183603843646847,0.8920218363311373,-0.5361107402806123,0.24844123679613606,-0.0431494895617464,-0.16383128862382884,-0.9023328934509759,-0.4549339772403137,-0.26615358024116487,-0.13004916117839413,3.313291839798316,-0.8933189025386854,-0.4558373623490976,0.7947986756995402,-0.0690561847543834,-0.3423650501591262,-0.9023229544933582
1731068986.81,0.9615405870746049,-0.24756581709225614,-0.07518754852562552,-0.3034068826537495,0.8916742039301895,-0.5361107402806123,-0.5464109516673873,-0.0431494895617464,-0.1480984108652149,-0.9020062615958708,0.5911127968024926,-0.18638575079347955,-0.13004916117839413,-0.40062827442178606,-0.8902180294369587,-0.4558373623490976,1.1050334239793824,-0.0690561847543834,-0.3384728646212798,-0.9019962961145102
1731068987.31,-0.9214443623352827,-0.07266296966724532,-0.07518754852562552,-0.010143095450077516,0.8913265719464029,-0.5361107402806123,-0.6467847775143168,-0.0431494895617464,-0.1812849498872912,-0.9016796193993819,-0.4549339772403137,0.17788733701761608,-0.13004916117839413,-0.2898220158699517,-0.8924133746918549,-0.1963350305392016,0.41562287224640015,-0.0690561847543834,-0.2333838550994272,-0.9016696274059522
1731068987.81,0.9615405870746049,-0.06942402804826364,-0.07518754852562552,0.9693579538101866,0.8909789403798174,1.5403010408762854,-0.5789646249150402,-0.0431494895617464,-0.12818648745196914,-0.9013529668630008,0.5911127968024926,0.03430524401178283,-0.13004916117839413,-0.17901575731811747,-0.8927166002272381,-0.4558373623490976,-0.3771992622465302,-0.0690561847543834,-0.4124243898403614,-0.9013429483691977
1731068988.31,-0.9214443623352827,-0.21679587171193013,-0.07518754852562552,-0.2799457796774557,0.8906313092304199,-0.5361107402806123,-0.6847640629699118,-0.0431494895617464,-0.03723078790998231,-0.9010263039882388,-0.4549339772403137,0.8585728149711968,-0.13004916117839413,-0.3853446525525675,-0.8931631775269427,1.3606789603202112,-0.6552615181121666,-0.0690561847543834,-0.408532204302515,-0.9010162590057602
1731068988.81,0.9615405870746049,-0.33987565323323415,-0.07518754852562552,-0.15090971330784014,0.8902836784982503,-0.5361107402806123,-0.5464109516673873,-0.0431494895617464,-0.20660505003006052,-0.9006996307766124,-0.6292751062474522,-1.1329639935726776,-0.13004916117839413,-0.4617627618986601,-0.8886280057125431,-0.4558373623490976,-0.6437713422499501,-0.0690561847543834,-0.38517909107543663,-0.9006895593171523
1731068989.31,-0.9214443623352827,0.0714699323774395,-0.07518754852562552,-0.08639168012303228,0.8899360481833154,-0.23948048582963297,-0.4867292173800237,-0.0431494895617464,-0.17317268479300588,-0.900372947229609,0.5911127968024926,-0.7288069910377393,-0.13004916117839413,-0.2592547721315147,-0.8881255540243069,-0.4558373623490976,-0.1864623429337384,-0.0690561847543834,-0.4124243898403614,-0.9003628493048872
1731068989.81,-0.9214443623352827,-0.6734866399883473,-0.07518754852562552,0.0367791105025099,0.8895884182856085,1.5403010408762854,-0.3131096267258752,-0.0431494895617464,-0.13064474960175257,-0.90004625334879,0.5911127968024926,-0.7926212545958873,-0.13004916117839413,-0.1904784737200313,-0.8908789914135203,-0.1963350305392016,0.11687829982877403,-0.0690561847543834,-0.3773947199997438,-0.9000361289704762
1731068990.31,0.9615405870746049,-0.03541514104895594,-0.07518754852562552,-0.1362465239476565,0.8892407888051563,-0.5361107402806123,-0.2398638619186563,-0.0431494895617464,-0.19996774222564526,-0.8997195491356428,-0.4549339772403137,0.1406623499420296,-0.13004916117839413,-0.24779205572960075,-0.8884324041587971,1.3606789603202112,-0.29676803121101547,-0.0690561847543834,1.8450432221105484,-0.8997093983154328
1731068990.81,-0.9214443623352827,-0.22489322575938436,-0.07518754852562552,-0.29460896903763933,0.8888931597419722,-0.5361107402806123,-0.1232131994479005,-0.0431494895617464,0.7887452944172496,-0.8993928345916818,0.5911127968024926,-0.4310070944330478,-0.13004916117839413,1.4716154045574834,-0.8887716020276041,-0.4558373623490976,-0.32894052362522136,-0.0690561847543834,-0.4046400187646686,-0.8993826573412677
1731068991.31,0.9909622269091337,-0.1714506890461867,-0.07518754852562552,-0.10398750735525261,0.888545531096063,-0.5361107402806123,-0.21544860698291665,-0.0431494895617464,-0.16112720025906707,-0.8990661097184187,-0.4549339772403137,-0.07471078956672042,-0.13004916117839413,-0.4044491798890907,-0.888064078000365,-0.4558373623490976,-0.40017961397096297,-0.0690561847543834,-0.44356187414313253,-0.8990559060494946
1731068991.81,0.932118947240076,-0.075901911286227,-0.07518754852562552,-0.06879585289081194,0.8881979028674619,1.5403010408762854,-0.1232131994479005,-0.0431494895617464,-0.20119687330053698,-0.898739374517342,-0.4549339772403137,0.17522840936936018,-0.13004916117839413,-0.10259764797202478,-0.889609531318858,-0.1963350305392016,-0.46452459879937474,-0.0690561847543834,-0.030990207131414562,-0.898729144441623
1731068992.31,-0.9214443623352827,-0.5115395590392633,-0.07518754852562552,-0.27114786606134555,0.8878502750561489,-0.5361107402806123,0.02870394237447952,-0.0431494895617464,-0.12081170100261884,-0.89841262899001,0.5911127968024926,0.19649983055540962,-0.13004916117839413,-0.3891655580198721,-0.8901084302071611,1.3606789603202112,-0.48520691535136423,-0.0690561847543834,-0.2839822670914303,-0.8984023725191645
1731068992.81,0.9615405870746049,0.3516383824193551,-0.07518754852562552,1.652662577994742,0.8875026476621508,-0.5361107402806123,0.11280093159758275,-0.0431494895617464,-0.10360386595413489,-0.8980858731379101,0.5911127968024926,0.37464798298857316,-0.13004916117839413,-0.4350164236275277,-0.8858873605622112,-0.4558373623490976,-0.30596017190078856,-0.0690561847543834,-0.3229041224698943,-0.8980755902836307
1731068993.31,-0.9214443623352827,-0.043512495096410156,-0.07518754852562552,-0.15090971330784014,0.8871550206854877,-0.5361107402806123,0.15891863536509068,-0.0431494895617464,-0.18718477904677142,-0.8977591069625551,-0.6292751062474522,-0.6410623786452855,-0.13004916117839413,-0.12934398624315716,-0.8903155027846098,-0.4558373623490976,-0.4576304932820449,-0.0690561847543834,-0.350149421234819,-0.8977487977365317
1731068993.81,0.9909622269091337,0.2237001884695787,-0.07518754852562552,-0.24475412521301512,0.8868073941261729,1.5403010408762854,0.06397042172610345,-0.0431494895617464,-0.061813409407816565,-0.8974323304654553,0.5911127968024926,-0.9308854923052085,-0.13004916117839413,-0.25543386666421003,-0.8858718132837082,1.3606789603202112,0.001976541206610131,-0.0690561847543834,-0.12829484557757448,-0.8974219948793799
1731068994.31,-0.9508660021698115,0.51520493417793,-0.07518754852562552,-0.4089818460470714,0.886459767984213,-0.23948048582963297,0.15891863536509068,-0.0431494895617464,0.04635012518265427,-0.8971055436480977,-0.4549339772403137,-0.9627926240842826,-0.13004916117839413,-0.18665756825272659,-0.8895806490820293,-0.1963350305392016,-0.000321493965833147,-0.0690561847543834,0.17140344083659806,-0.8970951817136807
1731068994.81,0.9615405870746049,-0.47753067203995564,-0.07518754852562552,-0.2740805039333823,0.8861121422596149,-0.5361107402806123,-0.3348120755576438,-0.0431494895617464,-0.18103912367231287,-0.8967787465120403,0.5911127968024926,-0.7660319781133258,-0.13004916117839413,-0.39680736895448143,-0.8862860511322235,-0.4558373623490976,-0.2783837498314695,-0.0690561847543834,3.5303595599980384,-0.8967683582409488
1731068995.31,-0.9214443623352827,0.4698597515121864,-0.07518754852562552,-0.32393534775800653,0.8857645169523984,-0.5361107402806123,-0.7959891132327256,-0.0431494895617464,-0.20218017816045034,-0.8964519390587689,-0.4549339772403137,0.06621237579085666,-0.13004916117839413,0.12283577459894843,-0.8878457558556385,-0.4558373623490976,-0.25310536293459346,-0.0690561847543834,-0.2061385563345023,-0.8964415244626928
1731068995.81,0.9615405870746049,-0.43704390180268454,-0.07518754852562552,-0.22422566010875813,0.8854168920625838,1.5403010408762854,-0.9533318672630476,-0.0431494895617464,-0.13801953605110287,-0.8961251212897939,0.5911127968024926,-0.5240695621220137,-0.13004916117839413,-0.4655836673659648,-0.8845482669604664,1.3606789603202112,-0.31974838293544827,-0.0690561847543834,-0.2061385563345023,-0.8961146803804196
1731068996.31,-0.8920227225007512,0.03260263294965927,-0.07518754852562552,-0.32686798563004327,0.8850692675901641,-0.5361107402806123,-1.0998233968774855,-0.0431494895617464,-0.010189904262364578,-0.8957982932066262,-0.4549339772403137,0.47568723362230786,-0.13004916117839413,-0.4235537072256138,-0.8865557299428535,-0.1963350305392016,-0.06926254913913123,-0.0690561847543834,-0.054343320358492965,-0.8957878259956418
1731068996.81,0.932118947240076,0.5443554087487652,-0.07518754852562552,-0.32980062350207995,0.8847216435351865,-0.5361107402806123,-0.4758779929641394,-0.0431494895617464,-0.19038051984148988,-0.8954714548107495,-0.4549339772403137,-0.06939293427020807,2.0283981344429933,-0.18665756825272659,-0.8858799410324701,-0.4558373623490976,-0.016407740172935836,-0.0690561847543834,-0.09715736127480327,-0.8954609613098677
1731068997.31,-0.9214443623352827,-0.37226506942305104,-0.07518754852562552,0.9224357478575991,0.8843740198976172,-0.23948048582963297,-0.5111444723157633,-0.0431494895617464,-0.1795641663824428,-0.8951446061037229,-0.4549339772403137,-1.042560453531968,-0.13004916117839413,-0.33567288147760727,-0.8825220847626688,-0.4558373623490976,0.5558030177654398,-0.0690561847543834,-0.2839822670914303,-0.8951340863246053
1731068997.81,0.9615405870746049,0.576744824938582,-0.07518754852562552,-0.2799457796774557,0.8840263966775099,-0.5361107402806123,-0.8231171742724364,-0.0431494895617464,-0.11343691455326856,-0.8948177470870303,0.24243053878822798,-0.2874250014272143,-0.13004916117839413,-0.44265823456213693,-0.8858985558672543,1.3606789603202112,0.6178499674214081,-0.0690561847543834,-0.3151197513942015,-0.8948072010413631
1731068998.31,-0.8920227225007512,-0.40627395642235875,-0.07518754852562552,-0.25061940095708857,0.8836787738748513,1.5403010408762854,-0.5247085028356188,-0.0431494895617464,-0.039689050059765744,-0.8944908777621804,-0.10625171922604906,-1.5158495749215668,-0.13004916117839413,-0.010895916756713543,-0.8834527838701595,-0.4558373623490976,0.6408303191458409,-0.0690561847543834,-0.4474540596809789,-0.894480305461648
1731068998.81,0.932118947240076,0.36135520727630016,-0.07518754852562552,-0.3356658992461534,0.8833311514896611,-0.5361107402806123,-0.9045013573915685,-0.0431494895617464,-0.17563094694278933,-0.8941639981306817,0.5911127968024926,-1.3456782054331717,-0.13004916117839413,-0.4044491798890907,-0.8838953123832578,-0.1963350305392016,0.3145093246588959,-0.0690561847543834,-0.06991206250987857,-0.894153399586971
1731068999.31,-0.9214443623352827,-0.23946846304480193,-0.07518754852562552,-0.2271582979807948,0.8829835295219731,-0.5361107402806123,-0.652210389722259,-0.0431494895617464,-0.1830057333921396,-0.8938371081940183,-0.4549339772403137,-0.8777069393400849,-0.13004916117839413,-0.3815237470852629,-0.8834263593029082,-0.4558373623490976,0.6684067412151602,-0.0690561847543834,1.4052262563339057,-0.8938264834188384
1731068999.81,0.9615405870746049,-0.06456561561979111,-0.07518754852562552,-0.05999793927470185,0.8826359079717603,1.5403010408762854,0.47902975563367717,-0.0431494895617464,-0.05198036080868284,-0.8935102079537472,0.5911127968024926,-0.803256965188912,-0.13004916117839413,-0.09495583703741552,-0.8849008660361256,-0.4558373623490976,0.22488595293360783,-0.0690561847543834,-0.2333838550994272,-0.8934995569587563
1731069000.31,-0.8920227225007512,0.7905149717913729,-0.07518754852562552,-0.27114786606134555,0.8822882868390697,-0.23948048582963297,-0.7281689606334489,-0.0431494895617464,-0.02739773931084859,-0.8931832974113525,-0.4549339772403137,-0.8963194328778782,-0.13004916117839413,2.85478318372176,-0.8842538409871347,1.3606789603202112,0.0778117018972383,-0.0690561847543834,-0.3267963080077407,-0.8931726202082348
1731069000.81,0.9615405870746049,0.05851416590151275,-0.07518754852562552,-0.2858110554215291,0.8819406661238878,-0.5361107402806123,-0.4243346769886892,-0.0431494895617464,-0.1864473004018364,-0.8928563765683388,0.7654539258096312,-0.500139213287708,-0.13004916117839413,-0.328031070542998,-0.8825373396160988,-0.4558373623490976,0.027254928103486186,-0.0690561847543834,-0.19446199972096317,-0.8928456731687774
1731069001.31,-0.9508660021698115,0.5265412298443657,-0.07518754852562552,-0.13917916181969325,0.881593045826248,-0.5361107402806123,-0.304971208413962,-0.0431494895617464,-0.14711510600530156,-0.8925294454262169,-0.6292751062474522,-1.0797854406075544,-0.13004916117839413,-0.45412095096405086,-0.8827184538036325,-0.4558373623490976,-0.16348199120930562,-0.0690561847543834,-0.3267963080077407,-0.8925187158418953
1731069001.81,0.9615405870746049,-0.42894654775523033,-0.07518754852562552,-0.1362465239476565,0.8812454259461704,1.5403010408762854,-0.7742866644009572,-0.0431494895617464,0.7592461486198485,-0.8922025039864685,0.5911127968024926,-1.3775853372122455,-0.13004916117839413,-0.3203892596083888,-0.8823927604271831,1.3606789603202112,-0.3151523125905617,-0.0690561847543834,-0.4007478332268222,-0.8921917482290904
1731069002.31,-0.9214443623352827,-0.42246866451726695,-0.07518754852562552,-0.07466112863488539,0.8808978064836349,-0.5361107402806123,-0.7444457972572754,-0.0431494895617464,-0.1795641663824428,-0.8918755522506482,-0.4549339772403137,-1.2393210995029247,-0.13004916117839413,-0.25543386666421003,-0.8821822252587311,-0.4558373623490976,-0.1864623429337384,-0.0690561847543834,-0.15164795880465287,-0.8918647703318713
1731069002.81,-0.9214443623352827,-0.41113236885083126,-0.07518754852562552,-0.2858110554215291,0.8805501874386817,-0.5361107402806123,-0.6956152873857961,-0.0431494895617464,-0.133103011751536,-0.8915485902202379,0.5911127968024926,-0.9229087093604399,-0.13004916117839413,-0.18283666278542204,-0.8833016382292689,-0.4558373623490976,0.05253331500036224,-0.0690561847543834,-0.12829484557757448,-0.891537782151745
1731069003.31,0.9615405870746049,-0.4159907812793036,-0.07518754852562552,-0.2594173145731987,0.8802025688113042,-0.5361107402806123,-0.6006670737468087,-0.0431494895617464,-0.04706383650911604,-0.8912216178967451,-0.4549339772403137,-0.8697301563953164,-0.13004916117839413,-0.11023945890663406,-0.8826364257526962,-0.4558373623490976,0.09159991293189797,-0.0690561847543834,-0.38517909107543663,-0.8912107836902147
1731069003.81,0.9615405870746049,0.4730986931311681,-0.07518754852562552,-0.3063395205257862,0.8798549506015289,1.5403010408762854,-0.24528947412659846,-0.0431494895617464,-0.18202242853222625,-0.890894635281675,0.5911127968024926,-0.6171320298109799,-0.13004916117839413,-0.4082700853563953,-0.8805876996738796,1.3606789603202112,0.36506609845264804,-0.0690561847543834,-0.3462572356969726,-0.8908837749487872
1731069004.31,-0.9214443623352827,-0.35283141970916093,-0.07518754852562552,-0.35912700222244714,0.8795073328093826,-0.5361107402806123,-0.15034126048761123,-0.0431494895617464,-0.15522737109958687,-0.8905676423765102,-0.4549339772403137,-0.43898387737781636,-0.13004916117839413,-0.35859831428143507,-0.8792363544437342,-0.4558373623490976,0.33289360603844215,-0.0690561847543834,-0.4007478332268222,-0.8905567559289684
1731069004.81,0.9615405870746049,-0.31234464947188983,-0.07518754852562552,-0.3327332613741167,0.8791597154348454,-0.5361107402806123,-0.2697047290623381,-0.0431494895617464,-0.07410472015673372,-0.8902406391828034,0.5911127968024926,-0.5453409833080631,-0.13004916117839413,-0.11788126984124332,-0.8790341045022716,-0.1963350305392016,0.22718398810605137,-0.0690561847543834,-0.18667762864527038,-0.8902297266322636
1731069005.31,-0.9214443623352827,-0.2929109997579997,-0.07518754852562552,-0.0013451818339674162,0.8788120984779506,-0.5361107402806123,-0.142202842175698,-0.0431494895617464,-0.18718477904677142,-0.8899136257020364,-0.4549339772403137,-0.17309111255219867,-0.13004916117839413,-0.22868752839307765,-0.8808524958018301,-0.4558373623490976,0.567293193627656,-0.0690561847543834,-0.3229041224698943,-0.889902687060177
1731069005.81,0.9615405870746049,-0.2605215835681829,-0.07518754852562552,-0.3180700720139331,0.8784644819386981,1.5403010408762854,-0.4107706464688338,-0.0431494895617464,-0.14195275549075634,-0.8895866019357149,-0.4549339772403137,-0.9308854923052085,-0.13004916117839413,-0.3127474486737795,-0.8802853978971987,1.3606789603202112,0.30072111362423626,-0.0690561847543834,-0.2528447827886591,-0.8895756372142122
1731069006.31,-0.9214443623352827,0.23341701332652376,-0.07518754852562552,-0.29460896903763933,0.8781168658171149,-0.5361107402806123,0.8316945491499159,-0.0431494895617464,-0.12081170100261884,-0.8892595678853421,0.5911127968024926,0.3906015488781102,-0.13004916117839413,2.0294676027839595,-0.8789972496714752,-0.4558373623490976,2.214984412269485,-0.0690561847543834,-0.1321870311154208,-0.8892485770958733
1731069006.81,-0.9214443623352827,-0.02083990376353836,-0.07518754852562552,1.506030684392906,0.877769250113214,-0.5361107402806123,0.3379638382271814,-0.0431494895617464,1.4696839099072592,-0.8889325235524007,-0.4549339772403137,0.22840696233448374,-0.13004916117839413,-0.4617627618986601,-0.8768819117758095,-0.4558373623490976,1.2291273232913194,-0.0690561847543834,-0.3968556476889758,-0.888921506706666
1731069007.31,0.932118947240076,0.7807981469344278,-0.07518754852562552,-0.44710613838354873,0.8774216348269892,-0.5361107402806123,0.4925937861535322,-0.0431494895617464,-0.2390541104072018,-0.8886054689384405,0.7654539258096312,0.37464798298857316,-0.13004916117839413,-0.4159118962910046,-0.8767580535152281,-0.4558373623490976,2.743532501931438,-0.0690561847543834,-0.3306884935455871,-0.8885944260480934
1731069007.81,0.932118947240076,0.12005405666216477,-0.07518754852562552,-0.38845338094281434,0.8770740199584736,-0.5361107402806123,-0.6766256446579986,-0.0431494895617464,-0.25109959494114054,-0.8882784040449433,0.5911127968024926,0.14863913288679842,-0.13004916117839413,-0.3471355978795212,-0.8776582136133653,1.3606789603202112,1.523275825364059,-0.0690561847543834,-0.3618259778483582,-0.8882673351216587
1731069008.31,-0.8626010826662224,0.4617623974647324,-0.07518754852562552,-0.47936515497595267,0.8767264055076804,1.5403010408762854,-0.4487499319244287,-0.0431494895617464,-0.23610419582746164,-0.887951328873413,-0.4549339772403137,-0.27413036318593337,-0.13004916117839413,-0.47704638376787867,-0.8757129391236945,-0.4558373623490976,2.2080903067521547,-0.0690561847543834,-0.49416028613513574,-0.8879402339288658
1731069008.81,0.9615405870746049,0.36135520727630016,-0.07518754852562552,-0.07172849076284873,0.87637879147459,-0.5361107402806123,-0.02826498580891299,-0.0431494895617464,-0.133103011751536,-0.8876242434253526,0.5911127968024926,0.757533564337462,-0.13004916117839413,-0.3089265432064749,-0.8772662431577847,-2.0128513532085104,-0.2668935739692531,-0.0690561847543834,1.8722885208754734,-0.8876131224712166
1731069009.31,-0.9214443623352827,1.2391083860203362,-0.07518754852562552,-0.3034068826537495,0.8760311778592623,-0.5361107402806123,0.6960542439513626,-0.0431494895617464,-0.17587677315776767,-0.8872971477022411,-0.4549339772403137,0.49961758245661314,-0.13004916117839413,-0.15226941904698496,-0.8751244051681627,1.3606789603202112,0.34897985224554484,-0.0690561847543834,-0.16332451541819198,-0.8872860007502157
1731069009.81,0.9615405870746049,0.6496210113656697,-0.07518754852562552,-0.31220479626985964,0.8756835646616772,1.5403010408762854,-0.37279136101323884,-0.0431494895617464,0.19212507066481163,-0.8869700417056311,0.5911127968024926,0.6405407478141908,-0.13004916117839413,-0.4885091001697926,-0.8744576305451747,1.3606789603202112,-0.18186627258885182,-0.0690561847543834,-0.4241009464539006,-0.886958868767364
1731069010.31,-0.9214443623352827,-0.13906127285636988,-0.07518754852562552,-0.2740805039333823,0.8753359518818549,-0.5361107402806123,-0.4189090647807471,-0.0431494895617464,0.5601269144873908,-0.8866429254369996,-0.4549339772403137,-0.7607141228168134,-0.13004916117839413,-0.4044491798890907,-0.8750969395469748,-0.4558373623490976,0.16054096810519605,-0.0690561847543834,-0.4007478332268222,-0.8866317265241656
1731069010.81,0.9615405870746049,0.3305852618959739,-0.07518754852562552,-0.1274486103315464,0.874988339519822,-0.5361107402806123,0.7286079171990155,-0.0431494895617464,-0.16137302647404542,-0.8863157988978507,0.5911127968024926,-0.3273089161510569,-0.13004916117839413,2.533827124468171,-0.874297503922633,-0.4558373623490976,-0.016407740172935836,-0.0690561847543834,-0.4552384307566717,-0.8863045740221221
1731069011.31,-0.9214443623352827,0.00021321675984241518,-0.07518754852562552,0.9224357478575991,0.8746407275755653,-0.23948048582963297,-0.08794672009627658,-0.0431494895617464,-0.04460557435933261,-0.8859886620896863,-0.4549339772403137,-0.2608357249446525,-0.13004916117839413,0.43232911745062363,-0.8734581535637667,-0.4558373623490976,-0.45303442293715834,-0.0690561847543834,-0.26062915386435187,-0.885977411262733
1731069011.81,-0.9214443623352827,-0.08561873614317206,7.1389565094465715,-0.23888884946894168,0.8742931160491314,1.5403010408762854,-0.20459738256703236,-0.0431494895617464,-0.17759755666261606,-0.8856615150139835,0.5911127968024926,-0.5799070427353934,-0.13004916117839413,-0.25543386666421003,-0.8776932578477628,1.3606789603202112,-0.3542189105220974,-0.0690561847543834,-0.2645213394021984,-0.8856502382475021
1731069012.31,-0.9214443623352827,-0.0014062540496484275,-0.07518754852562552,-0.3034068826537495,0.8739455049405004,-0.5361107402806123,-0.03369059801685514,-0.0431494895617464,-0.13556127390131942,-0.885334357672293,-0.4549339772403137,-0.18904467844173573,-0.13004916117839413,-0.297463826804561,-0.8733859995718528,-0.4558373623490976,-0.2691916091416964,-0.0690561847543834,-0.3462572356969726,-0.8853230549779313
1731069012.81,0.932118947240076,-0.7771327717957612,-0.07518754852562552,-0.35912700222244714,0.8735978942496989,-0.5361107402806123,0.27556929783584677,-0.0431494895617464,-0.01756469071171487,-0.8850071900660929,0.5911127968024926,-0.17309111255219867,-0.13004916117839413,-0.47322547830057404,-0.874234480475949,-0.4558373623490976,-0.34962284017721085,-0.0690561847543834,-0.3151197513942015,-0.8849958614555183
1731069013.31,-0.9508660021698115,0.6075147703189079,-0.07518754852562552,-0.11865069671543615,0.8732502839767404,-0.5361107402806123,0.03684236068639274,-0.0431494895617464,-0.10606212810391831,-0.8846800121968841,-0.4549339772403137,0.15129806053505432,-0.13004916117839413,-0.3738819361506536,-0.8726633663686181,-0.4558373623490976,-0.3358346291425512,-0.0690561847543834,0.6734953752187832,-0.8846686576817688
1731069013.81,0.9909622269091337,0.0795672864248937,-0.07518754852562552,-0.18023609202820723,0.8729026741216449,1.5403010408762854,-0.1232131994479005,-0.0431494895617464,-0.1916096509163816,-0.8843528240661677,0.5911127968024926,0.4810050889188202,-0.13004916117839413,-0.32421016507569345,-0.8738621644215439,1.3606789603202112,-0.5886184981113115,-0.0690561847543834,-0.4163165753782078,-0.8843414436581798
1731069014.31,-0.9214443623352827,-0.04027355347742847,-0.07518754852562552,-0.22422566010875813,0.8725550646844191,-0.5361107402806123,0.01513991185462416,-0.0431494895617464,-0.14490267007049645,-0.884025625675421,-1.5009807512831326,-0.8005980375406557,-0.13004916117839413,-0.4694045728332694,-0.8711096541937935,-0.4558373623490976,-0.25770143327948003,-0.0690561847543834,-0.4007478332268222,-0.8840142193862522
1731069014.81,0.9615405870746049,0.44718716017931465,-0.07518754852562552,7.0457836246702685,0.872207455665063,-0.5361107402806123,1.178933730458213,-0.0431494895617464,-0.0962290795047846,-0.8836984170261916,1.6371595708453115,-0.8085748204854243,-0.13004916117839413,-0.13316489171046186,-0.870997218300368,-0.4558373623490976,0.5856774750072021,-0.0690561847543834,-0.39296346215112943,-0.8836869848674878
1731069015.31,-0.9214443623352827,-0.5034422049918091,-0.07518754852562552,0.033846472630473246,0.8718598470636099,-0.5361107402806123,0.3515278687470368,-0.0431494895617464,0.3020093887601308,-0.8833711981199566,-0.4549339772403137,-1.8402387480088203,-0.13004916117839413,0.10373124726242533,-0.8751962911724642,-0.4558373623490976,0.4317091184535028,-0.0690561847543834,-0.4124243898403614,-0.883359740103385
1731069015.81,0.932118947240076,0.2350364841360144,-0.07518754852562552,0.31537970834599827,0.8715122388800532,1.5403010408762854,0.09652409497375632,-0.0431494895617464,-0.1473609322202799,-0.8830439689582162,0.5911127968024926,0.2204301793897149,-0.13004916117839413,-0.4044491798890907,-0.8723138491111446,1.3606789603202112,0.043341174310589134,-0.0690561847543834,-0.3657181633862046,-0.8830324850954435
1731069016.31,-0.8626010826662224,-0.40627395642235875,-0.07518754852562552,-0.17143817841209713,0.8711646311144198,-0.5361107402806123,-0.4189090647807471,-0.0431494895617464,-0.0568968851082497,-0.8827167295424696,-0.4549339772403137,-0.6729695104243596,-0.13004916117839413,-0.2325084338603822,-0.8697311822584568,-0.4558373623490976,-0.03479202155248206,-0.0690561847543834,-0.408532204302515,-0.8827052198451634
1731069016.81,0.9615405870746049,0.0034521583788241004,-0.07518754852562552,-0.2916763311656026,0.8708170237667295,-0.5361107402806123,-0.9153525818074528,-0.0431494895617464,-0.16432294105378553,-0.8823894798741948,0.5911127968024926,-0.5373642003632946,-0.13004916117839413,-0.3089265432064749,-0.8743810095134857,-0.1963350305392016,0.10538812396655763,-0.0690561847543834,-0.17110888649388478,-0.8823779443540433
1731069017.31,-0.9214443623352827,0.6917272524124317,-0.07518754852562552,-0.3151374341418964,0.8704694168369758,-0.5361107402806123,-1.0537056931099773,-0.0431494895617464,-0.10852039025370175,-0.8820622199549357,-1.5009807512831326,0.43048546360195256,2.0283981344429933,-0.3509565033468258,-0.8689867168992859,-0.4558373623490976,0.6362342488009542,-0.0690561847543834,-0.2956588237049695,-0.8820506586235817
1731069017.81,0.932118947240076,-0.2815747040915638,-0.07518754852562552,-0.23888884946894168,0.870121810325172,1.5403010408762854,-0.8827989085597999,-0.0431494895617464,-0.12818648745196914,-0.8817349497861704,0.5911127968024926,-1.2340032442064124,-0.13004916117839413,-0.4044491798890907,-0.8686699465729482,1.3606789603202112,0.001976541206610131,-0.0690561847543834,-0.12051047450188167,-0.8817233626552774
1731069018.31,-0.9214443623352827,0.7678423804585011,-0.07518754852562552,-0.2271582979807948,0.8697742042313514,-0.5361107402806123,-0.7390201850493332,-0.0431494895617464,-0.16604372455863395,-0.8814076693693963,-0.4549339772403137,0.06355344814260078,-0.13004916117839413,-0.4082700853563953,-0.8717543156359302,-0.4558373623490976,0.006572611551496687,-0.0690561847543834,2.2887523734250377,-0.8813960564506298
1731069018.81,0.9615405870746049,-0.46457490556402886,-0.07518754852562552,-0.32686798563004327,0.8694265985555075,-0.23948048582963297,-0.8204043681684653,-0.0431494895617464,-0.03231426361041545,-0.8810803787061123,-0.6292751062474522,-1.2074139677238505,-0.13004916117839413,-0.2630756775988193,-0.8715470414666511,-0.4558373623490976,0.2225879177611648,-0.0690561847543834,-0.1555401443424992,-0.8810687400111359
1731069019.31,-0.9214443623352827,0.16216029770892668,-0.07518754852562552,-0.3151374341418964,0.8690789932976737,-0.5361107402806123,-0.8258299803764074,-0.0431494895617464,0.05864143593157142,-0.8807530777977938,0.5911127968024926,-1.4786245878459803,-0.13004916117839413,-0.15609032451428967,-0.8671872483980679,-0.4558373623490976,0.1283684756909904,-0.0690561847543834,0.27649245035845077,-0.8807414133382938
1731069019.81,-0.9214443623352827,-0.5763183914188971,-0.07518754852562552,-0.08345904225099549,0.8687313884578298,1.5403010408762854,-0.8366812047922917,-0.0431494895617464,-0.12818648745196914,-0.8804257666459856,0.7654539258096312,-0.7926212545958873,-0.13004916117839413,-0.3891655580198721,-0.8699843634043087,1.3606789603202112,0.30301914879667924,-0.0690561847543834,-0.389071276613283,-0.8804140764336027
1731069020.31,0.9615405870746049,-0.32368094513832574,-0.07518754852562552,0.022115921142326356,0.868383784036016,-0.5361107402806123,-0.8014147254406677,-0.0431494895617464,1.3295629673696039,-0.8800984452521621,-0.4549339772403137,-1.1781657635930325,-0.13004916117839413,1.7276160708668937,-0.8686487810393974,-0.4558373623490976,0.6293401432836248,-0.0690561847543834,-0.3735025344618974,-0.8800867292985568
1731069020.81,0.932118947240076,0.5637890584626553,-0.07518754852562552,1.2684870167579316,0.8680361800322324,-0.5361107402806123,-0.9479062550551056,-0.0431494895617464,-0.15178580408989006,-0.8797711136178212,0.5911127968024926,-0.8856837222848535,-0.13004916117839413,-0.3815237470852629,-0.8695896007233117,-0.1963350305392016,0.7672222536302209,-0.0690561847543834,-0.2645213394021984,-0.8797593719346554
1731069021.31,-0.9214443623352827,0.24313383818346881,-0.07518754852562552,-0.297541606909676,0.8676885764464922,-0.5361107402806123,-0.04996743464068157,-0.0431494895617464,-0.12326996315240228,-0.8794437717444605,-0.4549339772403137,-1.0079943941046376,-0.13004916117839413,-0.3394937869449119,-0.8671554809815727,-0.4558373623490976,0.30072111362423626,-0.0690561847543834,-0.3812869055375902,-0.8794320043433972
1731069021.81,0.9615405870746049,0.6123731827473806,-0.07518754852562552,-0.22129302223672134,0.8673409732788423,1.5403010408762854,-0.6766256446579986,-0.0431494895617464,-0.09868734165456802,-0.8791164196335522,0.5911127968024926,-0.774008761058094,-0.13004916117839413,-0.2860011104026471,-0.866361913964119,-0.1963350305392016,0.26854862121003037,-0.0690561847543834,-0.4980524716729821,-0.8791046265262732
1731069022.31,-0.9214443623352827,-0.35445089051865175,-0.07518754852562552,-0.05413266353062841,0.8669933705292359,-0.5361107402806123,-0.2859815656861645,-0.0431494895617464,-0.12081170100261884,-0.878789057286643,-0.4549339772403137,-0.6968998592586652,-0.13004916117839413,-0.30128473227186564,-0.865550936283133,1.3606789603202112,-0.3312385587976646,-0.0690561847543834,-0.3229041224698943,-0.8787772384847858
1731069022.81,-0.9214443623352827,-0.36740665699457853,-0.07518754852562552,-0.32686798563004327,0.8666457681977197,-0.5361107402806123,-0.5626877882912137,-0.0431494895617464,-0.18546399554192305,-0.8784616847052037,-0.4549339772403137,-0.9787461899738196,-0.13004916117839413,-0.370061030683349,-0.8648962338689168,-0.4558373623490976,-0.2278269760377174,-0.0690561847543834,1.732169841513003,-0.8784498402204276
1731069023.31,0.9615405870746049,0.2382754257549961,-0.07518754852562552,-0.2594173145731987,0.8662981662843138,-0.5361107402806123,-0.5572621760832716,-0.0431494895617464,-0.16063554782911038,-0.878134301890733,0.5911127968024926,-0.9920408282151005,-0.13004916117839413,-0.2325084338603822,-0.8699308806805923,-0.1963350305392016,-0.2278269760377174,-0.0690561847543834,-0.054343320358492965,-0.8781224317346957
1731069023.81,0.9615405870746049,-0.36416771537559683,-0.07518754852562552,-0.11865069671543615,0.8659505647890049,1.5403010408762854,-0.7363073789453621,-0.0431494895617464,-0.08639603090565087,-0.8778069088447246,0.5911127968024926,-0.9946997558633567,-0.13004916117839413,-0.39680736895448143,-0.8664822489213072,-0.4558373623490976,-0.10143504155333712,-0.0690561847543834,-0.10883391788834239,-0.8777950130290874
1731069024.31,-0.9214443623352827,0.738691905887666,-0.07518754852562552,0.007452731782142684,0.8656029637118396,-0.5361107402806123,-0.6196567164746061,-0.0431494895617464,-0.049522098658899415,-0.8774795055686527,-0.4549339772403137,-0.739442701630764,-0.13004916117839413,-0.22868752839307765,-0.8660692857004284,1.3606789603202112,0.1490507922429799,-0.0690561847543834,-0.2917666381671231,-0.8774675841050956
1731069024.81,0.9909622269091337,0.15730188528045397,-0.07518754852562552,-0.3356658992461534,0.8652553630527915,-0.5361107402806123,-0.46502676854825514,-0.0431494895617464,0.3241337481081817,-0.8771520920640593,0.5911127968024926,-1.0531961641249925,-0.13004916117839413,2.438304487785555,-0.8646892909884387,-0.4558373623490976,-0.06236844362180139,-0.0690561847543834,-0.2528447827886591,-0.8771401449642163
1731069025.31,-0.9508660021698115,-0.02569831619201089,-0.07518754852562552,1.5646834418336402,0.8649077628119071,-0.23948048582963297,-0.5002932478998791,-0.0431494895617464,0.007017930786119436,-0.8768246683324169,-0.4549339772403137,-0.558635621549344,-0.13004916117839413,-0.3929864634871768,-0.8649991531186133,-0.1963350305392016,0.08930187775945468,-0.0690561847543834,-0.2723057104778912,-0.8768126956079448
1731069025.81,0.9615405870746049,-0.46943331799250143,-0.07518754852562552,-0.2652825903172721,0.8645601629891732,-0.5361107402806123,0.09652409497375632,-0.0431494895617464,-0.10360386595413489,-0.8764972343752208,0.5911127968024926,-0.4469606603225846,-0.13004916117839413,-0.43119551816022306,-0.8633133529443365,1.3606789603202112,-0.14739574500220268,-0.0690561847543834,-0.027098021593568077,-0.8764852360377754
1731069026.31,-0.9214443623352827,-0.2929109997579997,-0.07518754852562552,-0.16264026479598692,0.8642125635846231,1.5403010408762854,-0.3348120755576438,-0.0431494895617464,-0.15817728567932696,-0.8761697901939651,-0.4549339772403137,-0.31135535026151984,-0.13004916117839413,-0.13316489171046186,-0.8645586720232704,-0.4558373623490976,0.27084665638247335,-0.0690561847543834,0.13637377099598055,-0.8761577662552027
1731069026.81,0.9615405870746049,0.9654178192163839,-0.07518754852562552,-0.2858110554215291,0.8638649645982701,-0.5361107402806123,-0.38906819763706524,-0.0431494895617464,-0.039689050059765744,-0.8758423357901225,0.5911127968024926,0.16193377112807902,-0.13004916117839413,-0.24779205572960075,-0.8621667537335106,-0.4558373623490976,0.4868619625921415,-0.0690561847543834,-0.2294916695615807,-0.8758302862617217
1731069027.31,-0.9214443623352827,-0.048370907524882684,-0.07518754852562552,-0.3385985371181901,0.8635173660301144,-0.5361107402806123,-0.24800228023056953,-0.0431494895617464,0.034058814433737115,-0.875514871165233,-0.4549339772403137,-0.6384034509970293,-0.13004916117839413,-0.4044491798890907,-0.8631824907892712,-0.4558373623490976,0.4386032239708324,-0.0690561847543834,1.9734853448594796,-0.8755027960588255
1731069027.81,0.9615405870746049,0.07794781561540286,-0.07518754852562552,-0.13917916181969325,0.8631697678801693,1.5403010408762854,-0.19917177035909023,-0.0431494895617464,-0.11343691455326856,-0.875187396320768,0.7654539258096312,-0.4549374432673531,-0.13004916117839413,-0.3891655580198721,-0.8634359547956005,1.3606789603202112,1.286578202602401,-0.0690561847543834,0.12858939992028776,-0.8751752956480069
1731069028.31,-0.9214443623352827,-0.2621410543776737,-0.07518754852562552,-0.3180700720139331,0.8628221701484481,-0.5361107402806123,-0.35922733049338346,-0.0431494895617464,-0.03477252576019888,-0.8748599112582219,-0.6292751062474522,-0.938862275249977,-0.13004916117839413,-0.15609032451428967,-0.8652942775775196,-0.4558373623490976,1.0912452129447228,-0.0690561847543834,-0.08548080466126416,-0.8748477850307607
1731069028.81,0.9909622269091337,-0.2459463462827653,-0.07518754852562552,-0.3210027098859698,0.8624745728349642,-0.5361107402806123,-0.5871030432269534,-0.0431494895617464,-0.12818648745196914,-0.8745324159790873,0.5911127968024926,-0.10130006604928218,-0.13004916117839413,-0.32421016507569345,-0.863651063425433,-0.4558373623490976,1.3325389060512667,-0.0690561847543834,-0.17889325756957758,-0.8745202642085806
1731069029.31,-0.9214443623352827,-0.40789342723184957,-0.07518754852562552,-0.29460896903763933,0.8621269759397512,-0.5361107402806123,-0.6793384507619696,-0.0431494895617464,-0.05443862295846627,-0.8742049104848363,-0.4549339772403137,-0.032167947194621585,-0.13004916117839413,1.0665994250231923,-0.8639154122297193,-0.4558373623490976,1.1762725143251243,-0.0690561847543834,-0.3112275658563551,-0.8741927331829596
1731069029.81,0.9026973074055472,-0.4046544856128679,-0.07518754852562552,0.3329755355782186,0.8617793794627887,1.5403010408762854,-0.416196258676776,-0.0431494895617464,-0.09868734165456802,-0.8738773947770072,0.5911127968024926,0.044940954604807536,-0.13004916117839413,0.12283577459894843,-0.8616483714664639,1.3606789603202112,1.5255738605365021,-0.0690561847543834,-0.43577750306743973,-0.8738651919553878
1731069030.31,-0.8920227225007512,0.3483994408003734,-0.07518754852562552,-0.3356658992461534,0.8614317834041038,-0.5361107402806123,-0.2507150863345406,-0.0431494895617464,-0.16948529156833075,-0.8735498688570706,-0.4549339772403137,1.2733655280991603,-0.13004916117839413,-0.4120909908237,-0.8618264783768613,-2.0128513532085104,-0.3634110512118705,-0.0690561847543834,0.21421748175290836,-0.8735376405273614
1731069030.81,0.9615405870746049,-0.20707904685498527,-0.07518754852562552,-0.1274486103315464,0.8610841877637162,-0.5361107402806123,-0.08794672009627658,-0.0431494895617464,-0.14146110306079965,-0.8732223327265188,0.5911127968024926,0.34008192356124317,-0.13004916117839413,-0.3165683541410842,-0.8591885077629101,1.3606789603202112,-0.466822633971818,-0.0690561847543834,-0.2294916695615807,-0.8732100789003693
1731069031.31,-0.9214443623352827,-0.05808773238182774,-0.07518754852562552,-0.23595621159690494,0.8607365925416262,-0.5361107402806123,0.16705705367700388,-0.0431494895617464,-0.029856001460632022,-0.8728947863868454,-1.5009807512831326,-0.4549374432673531,-0.13004916117839413,-0.3929864634871768,-0.8625254671629919,-0.4558373623490976,-0.5173794077655701,-0.0690561847543834,-0.1983541852588095,-0.8728825070759063
1731069031.81,0.9909622269091337,-0.2572826419492012,-0.07518754852562552,-0.17437081628413378,0.8603889977378669,1.5403010408762854,-0.2208742191908588,-0.0431494895617464,-0.16948529156833075,-0.8725672298395178,1.6371595708453115,-0.7607141228168134,-0.13004916117839413,-0.4464791400294416,-0.8582865482612758,1.3606789603202112,-0.2760857146590262,-0.0690561847543834,0.9498405484058773,-0.8725549250554634
1731069032.31,-0.9508660021698115,-0.30100835380545393,-0.07518754852562552,-0.2682152281893088,0.8600414033524321,-0.5361107402806123,-0.35922733049338346,-0.0431494895617464,-0.12081170100261884,-0.8722396630860754,-0.4549339772403137,-0.9681104793807949,-0.13004916117839413,-0.04910497142975989,-0.8619132048965518,-0.4558373623490976,-0.4346501415576121,-0.0690561847543834,-0.4241009464539006,-0.8722273328405308
1731069032.81,0.9615405870746049,-0.16497280580822335,-0.07518754852562552,-0.16264026479598692,0.8596938093853347,-0.5361107402806123,-0.48130360517208154,-0.0431494895617464,-0.11835343885283542,-0.8719120861279865,0.7654539258096312,-0.48152671974991484,-0.13004916117839413,-0.37770284161795825,-0.8602536201517913,-0.4558373623490976,-0.6299831312152905,-0.0690561847543834,0.04685350362551344,-0.871899730432601
1731069033.31,-0.9214443623352827,-0.6929202897022375,-0.07518754852562552,-0.13331388607561984,0.859346215836595,-0.5361107402806123,-0.3076840145179331,-0.0431494895617464,-0.2070967024600172,-0.8715844989667438,-0.6292751062474522,-0.6437213062935416,-0.13004916117839413,-0.3891655580198721,-0.8596843302626317,-0.4558373623490976,-0.4943990560411374,-0.0690561847543834,-0.12051047450188167,-0.8715721178331637
1731069033.81,0.9615405870746049,0.12977088151910982,-0.07518754852562552,-0.20956247074857445,0.8589986227062195,1.5403010408762854,-0.3863553915330942,-0.0431494895617464,-0.1480984108652149,-0.8712569016038377,0.5911127968024926,-0.03482687484287776,-0.13004916117839413,0.3444482917026171,-0.8616092662768426,1.3606789603202112,-0.3151523125905617,-0.0690561847543834,-0.16721670095603847,-0.8712444950437128
1731069034.31,-0.8920227225007512,-0.13744180204687903,-0.07518754852562552,-0.1948992813883909,0.8586510299942418,-0.5361107402806123,-0.23715105581468524,-0.0431494895617464,-0.05443862295846627,-0.8709292940407349,-0.4549339772403137,-0.0773697172149766,-0.13004916117839413,-0.4082700853563953,-0.8577121085779107,-0.4558373623490976,-0.34962284017721085,-0.0690561847543834,-0.26062915386435187,-0.8709168620657355
1731069034.81,-0.9214443623352827,-0.5827962746568603,-0.07518754852562552,-0.34739645073430026,0.8583034377006352,-0.5361107402806123,0.004288687438739873,-0.0431494895617464,1.3713534239159222,-0.8706016762789756,0.5911127968024926,-0.06407507897369571,-0.13004916117839413,-0.3471355978795212,-0.8596359142255445,-0.1963350305392016,-0.5495519001797761,-0.0690561847543834,-0.3306884935455871,-0.8705892189007237
1731069035.31,0.932118947240076,-0.12610550638044313,-0.07518754852562552,-0.2916763311656026,0.857955845825453,-0.5361107402806123,-0.039116210224797276,-0.0431494895617464,-0.17735173044763772,-0.8702740483200243,-0.4549339772403137,0.6112925436833726,-0.13004916117839413,-0.328031070542998,-0.8579298582370397,-0.4558373623490976,-0.466822633971818,-0.0690561847543834,-0.06991206250987857,-0.8702615655501668
1731069035.81,-0.9214443623352827,-0.688061877273765,-0.07518754852562552,-0.07172849076284873,0.8576082543686819,1.5403010408762854,-0.23715105581468524,-0.0431494895617464,-0.1530149351647818,-0.8699464101653738,-0.4549339772403137,-0.9574747687877702,-0.13004916117839413,-0.32421016507569345,-0.8608594818967082,-0.1963350305392016,-0.48520691535136423,-0.0690561847543834,-0.04655894928280016,-0.8699339020155558
1731069036.31,0.9909622269091337,0.25932854627837726,-0.07518754852562552,-0.20076455713246436,0.857260663330342,-0.5361107402806123,0.05583200341419024,-0.0431494895617464,-0.03477252576019888,-0.8696187618165115,0.5911127968024926,-1.0691497300145296,-0.13004916117839413,-0.3394937869449119,-0.8582813824097183,1.3606789603202112,-0.593214568456198,-0.0690561847543834,-0.26841352494004467,-0.8696062282983785
1731069036.81,-0.9508660021698115,-0.5811768038473696,-0.07518754852562552,-0.2799457796774557,0.8569130727104667,-0.5361107402806123,0.034129554582421666,-0.0431494895617464,-0.20808000731993057,-0.8692911032749062,0.5911127968024926,-0.7048766422034337,-0.13004916117839413,-0.4655836673659648,-0.8601497397485672,-0.4558373623490976,0.12147437017366057,-0.0690561847543834,1.9034260051782446,-0.8692785444001255
1731069037.31,0.9615405870746049,0.23665595494550545,-0.07518754852562552,-0.2740805039333823,0.8565654825090225,-0.5361107402806123,-0.4948676356919369,-0.0431494895617464,-0.1783350353075511,-0.8689634345420931,-0.4549339772403137,-0.7155123527964584,-0.13004916117839413,-0.33185197601030264,-0.8560754425000312,-0.4558373623490976,0.3742582391424211,-0.0690561847543834,-0.26841352494004467,-0.8689508503222847
1731069037.81,0.9615405870746049,0.23179754251703275,-0.07518754852562552,-0.16850554054006034,0.8562178927260631,-0.5361107402806123,-1.0943977846695434,-0.0431494895617464,-0.13801953605110287,-0.8686357556195389,0.5911127968024926,-0.7500784122237887,-0.13004916117839413,-0.3853446525525675,-0.8590841620526279,1.3606789603202112,-0.06926254913913123,-0.0690561847543834,-0.3540416067726654,-0.8686231460663476
1731069038.31,-0.9214443623352827,-0.5520263292765344,-0.07518754852562552,-0.15970762692395024,0.8558703033615814,1.5403010408762854,-1.0292904381742376,-0.0431494895617464,-0.13556127390131942,-0.8683080665087323,-0.4549339772403137,0.09014272462516254,-0.13004916117839413,-0.45412095096405086,-0.8569736332497019,-0.4558373623490976,0.05253331500036224,-0.0690561847543834,-0.4396696886052861,-0.8682954316338002
1731069038.81,0.9615405870746049,0.25285066304041387,-0.07518754852562552,-0.2682152281893088,0.8555227144156046,-0.5361107402806123,-0.7146049301135936,-0.0431494895617464,-0.16038972161413204,-0.8679803672111627,0.5911127968024926,-0.2023393166830166,-0.13004916117839413,1.9568703989051714,-0.8583871302953802,-0.4558373623490976,0.0686195612074652,-0.0690561847543834,0.11302065776890215,-0.8679677070261318
1731069039.31,-0.8920227225007512,0.08280622804387539,-0.07518754852562552,0.7376795619192857,0.855175125888139,-0.5361107402806123,-0.3293864633497017,-0.0431494895617464,-0.08393776875586743,-0.8676526577282941,-0.4549339772403137,0.2815855152996073,-0.13004916117839413,-0.27071748853342853,-0.8571161258254545,-0.4558373623490976,0.0157647522412698,-0.0690561847543834,0.09355973007967024,-0.8676399722448296
1731069039.81,0.932118947240076,0.31601002461055655,-0.07518754852562552,-0.3561943643504104,0.8548275377791983,1.5403010408762854,-0.497580441795908,-0.0431494895617464,-0.08147950660608401,-0.8673249380616637,-0.4549339772403137,-0.3778285414679243,-0.13004916117839413,-0.3929864634871768,-0.8552934067165275,1.3606789603202112,0.7718183239751074,-0.0690561847543834,0.007931648247049436,-0.8673122272913824
1731069040.31,-0.9214443623352827,-0.02731778700150173,-0.07518754852562552,-0.31220479626985964,0.8544799500887823,-0.5361107402806123,-0.4541755441323708,-0.0431494895617464,0.3290502724077486,-0.8669972082127344,0.5911127968024926,-1.5264852855145914,-0.13004916117839413,-0.3203892596083888,-0.8558468300686425,-0.1963350305392016,0.2754427267273599,-0.0690561847543834,-0.4007478332268222,-0.8669844721672774
1731069040.81,0.9615405870746049,-0.6022299243707505,-0.07518754852562552,-0.31220479626985964,0.8541323628169111,-0.5361107402806123,-0.5301341150435609,-0.0431494895617464,-0.17464764208287595,-0.8666694681829947,0.5911127968024926,-1.438740673122138,-0.13004916117839413,-0.4235537072256138,-0.8574613056575889,-0.4558373623490976,0.2547604101753707,-0.0690561847543834,-0.18667762864527038,-0.8666567068740032
1731069041.31,-0.9214443623352827,0.4763376347501498,-0.07518754852562552,-0.38845338094281434,0.8537847759636047,-0.5361107402806123,-0.6793384507619696,-0.0431494895617464,-0.18546399554192305,-0.8663417179739324,-0.4549339772403137,-0.5160927791772452,-0.13004916117839413,-0.4388373290948323,-0.8565397670515645,-0.4558373623490976,0.3145093246588959,-0.0690561847543834,2.674078741671831,-0.8663289314130441
1731069041.81,0.9615405870746049,-0.5763183914188971,-0.07518754852562552,0.07197076496695055,0.8534371895288899,1.5403010408762854,-0.7146049301135936,-0.0431494895617464,-0.13064474960175257,-0.8660139575870123,0.5911127968024926,-0.8830247946365972,-0.13004916117839413,-0.22486662292577295,-0.8567596176190704,1.3606789603202112,1.1211196701864856,-0.0690561847543834,-0.2333838550994272,-0.8660011457858912
1731069042.31,-0.9508660021698115,0.17025765175638072,-0.07518754852562552,-0.3034068826537495,0.8530896035127399,-0.5361107402806123,-0.7905635010247835,-0.0431494895617464,-0.039689050059765744,-0.8656861870237668,-0.4549339772403137,-1.183483618889545,-0.13004916117839413,-0.297463826804561,-0.8530501367773216,-0.1963350305392016,1.1877626901873404,-0.0690561847543834,-0.2956588237049695,-0.8656733499940269
1731069042.81,0.9615405870746049,-0.45647755151657465,-0.07518754852562552,-0.3180700720139331,0.852742017915195,-0.5361107402806123,-0.5789646249150402,-0.0431494895617464,-0.1817766023172479,-0.8653584062856606,0.5911127968024926,-1.0638318747180173,-0.13004916117839413,-0.4120909908237,-0.8528143347838829,-0.4558373623490976,0.45239143500549206,-0.0690561847543834,-0.2178151129480416,-0.8653455440389407
1731069043.31,-0.9214443623352827,-0.41761025208879443,-0.07518754852562552,-0.1274486103315464,0.8523944327362682,-0.5361107402806123,-0.6983280934897672,-0.0431494895617464,-0.1635854624088505,-0.8650306153741806,-0.4549339772403137,-0.468232081508634,-0.13004916117839413,1.2003311163788546,-0.8529881382034593,-0.4558373623490976,-0.31055624224567513,-0.0690561847543834,-0.26841352494004467,-0.8650177279221162
1731069043.81,0.9615405870746049,0.5394969963202925,-0.07518754852562552,-0.27701314180541897,0.85204684797596,1.5403010408762854,-0.8529580414161181,-0.0431494895617464,-0.05443862295846627,-0.8647028142908123,0.5911127968024926,-0.6703105827761034,-0.13004916117839413,-0.3853446525525675,-0.8545123916246725,1.3606789603202112,0.0984940184492278,-0.0690561847543834,0.29206119250983636,-0.8646899016450419
1731069044.31,-0.8920227225007512,-0.2848136457105455,-0.07518754852562552,1.7670354550041742,0.8516992636343034,-0.5361107402806123,-0.3619401365973545,-0.0431494895617464,-0.16088137404408873,-0.8643750030370189,-0.4549339772403137,-1.2419800271511807,-0.13004916117839413,-0.42737461269291843,-0.8521229864513544,-0.1963350305392016,0.2386741639682675,-0.0690561847543834,-0.007637093904336163,-0.8643620652092021
1731069044.81,0.932118947240076,0.8617716874089699,-0.07518754852562552,-0.11571805884339949,0.8513516797112851,-0.23948048582963297,-0.06624427126450799,-0.0431494895617464,-0.14637762736036652,-0.8640471816143327,0.5911127968024926,-1.156894342406983,-0.13004916117839413,-0.3738819361506536,-0.8515163527496351,-0.4558373623490976,0.15364686258786647,-0.0690561847543834,-0.3423650501591262,-0.8640342186160809
1731069045.31,-0.8920227225007512,-0.12772497718993397,-0.07518754852562552,-0.29460896903763933,0.851004096206932,-0.5361107402806123,-0.5681134004991558,-0.0431494895617464,-0.08147950660608401,-0.8637193500242175,-0.4549339772403137,-1.01331224940115,-0.13004916117839413,-0.35859831428143507,-0.8538479058663785,-0.4558373623490976,-0.18876037810618168,-0.0690561847543834,-0.2761978960157375,-0.8637063618671663
1731069045.81,0.932118947240076,-0.310725178662399,-0.07518754852562552,-0.26234995244523546,0.8506565131212573,1.5403010408762854,-0.5735390127070981,-0.0431494895617464,-0.12081170100261884,-0.8633915082681572,0.5911127968024926,-0.8723890840435725,-0.13004916117839413,-0.4044491798890907,-0.8511589638341902,-0.4558373623490976,-0.06007040844935811,-0.0690561847543834,1.6582183162939217,-0.8633784949639416
1731069046.31,-0.9214443623352827,-0.35768983213763345,-0.07518754852562552,-0.35326172647837367,0.8503089304542679,-0.5361107402806123,-0.5871030432269534,-0.0431494895617464,-0.19750948007586183,-0.8630636563476386,-0.6292751062474522,-0.9601336964360264,-0.13004916117839413,-0.0911349315701108,-0.8498813028709028,1.3606789603202112,-0.06696451396668794,-0.0690561847543834,-0.3267963080077407,-0.8630506179078918
1731069046.81,0.9615405870746049,-0.22327375494989352,-0.07518754852562552,-0.27701314180541897,0.8499613482059903,-0.5361107402806123,-0.5762518188110691,-0.0431494895617464,0.8256192266640009,-0.8627357942641205,0.7654539258096312,-0.5666124044941125,-0.13004916117839413,-0.3127474486737795,-0.8476600747540723,-0.4558373623490976,0.1490507922429799,-0.0690561847543834,-0.3812869055375902,-0.8627227307005002
1731069047.31,-0.9214443623352827,0.5961784746524721,-0.07518754852562552,-0.20956247074857445,0.8496137663764181,-0.5361107402806123,-0.4840164112760526,-0.0431494895617464,-0.09131255520521774,-0.8624079220191376,-0.4549339772403137,-0.4762088644534025,-0.13004916117839413,-0.2936429213372564,-0.8488518041271795,-0.4558373623490976,0.2915289729344631,-0.0690561847543834,-0.21003074187234877,-0.8623948333432526
1731069047.81,0.9615405870746049,-0.12772497718993397,-0.07518754852562552,-0.3210027098859698,0.8492661849655844,1.5403010408762854,-0.35108891218147026,-0.0431494895617464,-0.17980999259742114,-0.8620800396141497,0.5911127968024926,-0.468232081508634,-0.13004916117839413,-0.4120909908237,-0.8490004026991281,1.3606789603202112,0.28233683224469003,-0.0690561847543834,-0.3968556476889758,-0.8620669258376331
1731069048.31,-0.9214443623352827,-0.03541514104895594,-0.07518754852562552,-0.3063395205257862,0.8489186039734893,-0.23948048582963297,-0.3619401365973545,-0.0431494895617464,-0.12818648745196914,-0.8617521470506417,-0.4549339772403137,-0.8059158928371681,-0.13004916117839413,1.6168098123150594,-0.8481296332896808,-0.4558373623490976,0.3351916412108851,-0.0690561847543834,-0.369610348924051,-0.8617390081851243
1731069048.81,0.9615405870746049,-0.38845977751795946,-0.07518754852562552,1.2596891031418218,0.8485710234001329,-0.5361107402806123,-0.24800228023056953,-0.0431494895617464,-0.061813409407816565,-0.8614242443300965,0.5911127968024926,-1.031924742938943,-0.13004916117839413,-0.030000444093236805,-0.8491208139143258,-0.1963350305392016,0.1628390032776396,-0.0690561847543834,-0.427993131991747,-0.8614110803872095
1731069049.31,-0.9214443623352827,-0.21841534252142097,-0.07518754852562552,-0.2652825903172721,0.8482234432455685,-0.5361107402806123,0.19961072692465676,-0.0431494895617464,-0.1852181693269447,-0.861096331453974,-0.4549339772403137,-0.7314659186859954,-0.13004916117839413,-0.32421016507569345,-0.8516556754097743,-0.4558373623490976,1.2153391122566597,-0.0690561847543834,0.28038463589629725,-0.8610831424453738
1731069049.81,-0.9214443623352827,-0.4386633726121754,-0.07518754852562552,-0.31220479626985964,0.847875863509763,1.5403010408762854,-0.13135161775981372,-0.0431494895617464,-0.18915138876659815,-0.8607684084238059,0.5911127968024926,-0.5267284897702699,-0.13004916117839413,-0.45412095096405086,-0.8468667821339284,1.3606789603202112,0.8545475901830655,-0.0690561847543834,0.14026595653382687,-0.8607551943610982
1731069050.31,0.9615405870746049,-0.4095128980413404,-0.07518754852562552,-0.2916763311656026,0.8475282841927628,-0.5361107402806123,-0.38092977932515204,-0.0431494895617464,-0.13801953605110287,-0.860440475241053,-0.4549339772403137,-0.23158752081383455,-0.13004916117839413,-0.370061030683349,-0.8502638069742576,-0.4558373623490976,1.484209227432523,-0.0690561847543834,0.875889023186796,-0.860427236135866
1731069050.81,0.9615405870746049,-0.21679587171193013,-0.07518754852562552,-0.203697195004501,0.8471807052945548,-0.5361107402806123,-0.7742866644009572,-0.0431494895617464,-0.17415598965291926,-0.8601125319071965,0.5911127968024926,-0.06673400662195189,-0.13004916117839413,-0.3929864634871768,-0.8501127664318098,-0.4558373623490976,1.773761659160376,-0.0690561847543834,-0.369610348924051,-0.86009926777116
1731069051.31,-0.9214443623352827,-0.10991079828553471,-0.07518754852562552,-0.203697195004501,0.8468331268151724,-0.5361107402806123,-0.03640340412082621,-0.0431494895617464,-0.11343691455326856,-0.85978457842372,-0.4549339772403137,0.15661591583156667,-0.13004916117839413,-0.33185197601030264,-0.8482190089716064,-0.1963350305392016,0.34438378190065827,-0.0690561847543834,-0.3540416067726654,-0.8597712892684636
1731069051.81,0.9909622269091337,-0.09857450261909881,-0.07518754852562552,-0.3385985371181901,0.8464855487546288,1.5403010408762854,-0.35108891218147026,-0.0431494895617464,0.05864143593157142,-0.8594566147920817,0.5911127968024926,0.26297302176181375,-0.13004916117839413,-0.4617627618986601,-0.8455698401448969,-0.4558373623490976,-0.7701632767343305,-0.0690561847543834,-0.11272610342618887,-0.8594433006292539
1731069052.31,-0.9508660021698115,-0.34635353647119754,-0.07518754852562552,-0.3180700720139331,0.8461379711129241,-0.23948048582963297,-0.34295049386955706,-0.0431494895617464,-0.11589517670305198,-0.8591286410138123,-0.4549339772403137,0.3453997788577555,-0.13004916117839413,-0.4159118962910046,-0.846695015728484,1.3606789603202112,-0.41626586017806594,-0.0690561847543834,-0.034882392669260874,-0.8591153018550213
1731069052.81,0.9615405870746049,-0.32691988675730743,-0.07518754852562552,-0.02480628481026119,0.8457903938900718,-0.5361107402806123,-0.47316518686016834,-0.0431494895617464,-0.11343691455326856,-0.8588006570903688,-0.4549339772403137,-0.7686909057615819,-0.13004916117839413,1.5518544193708808,-0.8444470528925141,-0.4558373623490976,-0.625387060870404,-0.0690561847543834,-0.07380424804772487,-0.8587872929472399
1731069053.31,-0.9214443623352827,-0.075901911286227,-0.07518754852562552,0.09543186794324433,0.845442817086085,-0.5361107402806123,-0.4541755441323708,-0.0431494895617464,-0.1404777982008863,-0.8584726630232351,0.5911127968024926,-0.7553962675203011,-0.13004916117839413,-0.2860011104026471,-0.8458004428348792,-0.4558373623490976,-0.441544247074942,-0.0690561847543834,-0.019313650517875276,-0.8584592739073947
1731069053.81,-0.9214443623352827,-0.67834505241682,-0.07518754852562552,-0.05413266353062841,0.845095240700984,1.5403010408762854,-0.4948676356919369,-0.0431494895617464,-0.11343691455326856,-0.8581446588138902,0.5911127968024926,-0.47354993680514634,-0.13004916117839413,-0.16373213544889895,-0.848527113500524,1.3606789603202112,-0.6161949201806308,-0.0690561847543834,-0.2878744526292767,-0.8581312447369639
1731069054.31,0.9615405870746049,0.04231945780660432,-0.07518754852562552,-0.28874369329356586,0.8447476647347887,-0.5361107402806123,-0.4243346769886892,-0.0431494895617464,-0.1456401487154315,-0.8578166444637944,-0.4549339772403137,-0.5612945491976001,-0.13004916117839413,-0.21722481199116367,-0.846920140788728,-0.4558373623490976,-0.4277560360402823,-0.0690561847543834,-0.4513462452188253,-0.8578032054374314
1731069054.81,0.9615405870746049,-0.04675143671539184,-0.07518754852562552,-0.2652825903172721,0.8444000891874991,-0.5361107402806123,-0.3755041671172099,-0.0431494895617464,-0.13556127390131942,-0.8574886199744741,0.5911127968024926,-0.13852505312486837,-0.13004916117839413,-0.4120909908237,-0.8434385931059951,-0.1963350305392016,-0.16118395603686234,-0.0690561847543834,-0.2917666381671231,-0.8574751560102754
1731069055.31,-0.9214443623352827,-0.09209661938113543,-0.07518754852562552,-0.19783191926042756,0.8440525140591153,-0.5361107402806123,-0.2588535046464538,-0.0431494895617464,-0.18275990717716126,-0.8571605853473876,-0.4549339772403137,-0.30337856731675134,-0.13004916117839413,-0.3662401252160443,-0.8438071951775021,-0.4558373623490976,-0.6667516939743829,-0.0690561847543834,2.946531729321079,-0.85714709645698
1731069055.81,0.9615405870746049,0.35811626565731847,-0.07518754852562552,-0.27701314180541897,0.8437049393496774,1.5403010408762854,-0.2886943717901356,-0.0431494895617464,-0.12326996315240228,-0.8568325405840158,0.4167716677953665,-0.15447861901440543,-0.13004916117839413,-0.17901575731811747,-0.8475814011257679,-0.4558373623490976,-0.6782418698365993,-0.0690561847543834,-0.21003074187234877,-0.8568190267790162
1731069056.31,-0.9214443623352827,-0.3447340656617067,-0.07518754852562552,-0.3092721583978229,0.8433573650591786,-0.5361107402806123,-0.21273580087894559,-0.0431494895617464,-0.11835343885283542,-0.8565044856858379,-0.2805928482331876,0.052917737549576065,-0.13004916117839413,-0.4082700853563953,-0.8418283865034834,1.3606789603202112,-0.6276850960428472,-0.0690561847543834,-0.2372760406372735,-0.8564909469778762
1731069056.81,0.9909622269091337,0.16539923932790837,-0.07518754852562552,0.016250645398252914,0.8430097911876524,-0.5361107402806123,-0.05268024074465264,-0.0431494895617464,-0.08639603090565087,-0.856176420654312,-0.4549339772403137,-0.26615358024116487,-0.13004916117839413,-0.3853446525525675,-0.8443597964117052,-0.4558373623490976,-0.3955835436260764,-0.0690561847543834,-0.369610348924051,-0.8561628570550294
1731069057.31,-0.9508660021698115,-0.09857450261909881,-0.07518754852562552,-0.08932431799506893,0.8426622177350922,-0.5361107402806123,1.3091484234488246,-0.0431494895617464,-0.15031084680002002,-0.8558483454909638,0.5911127968024926,-1.1303050659244214,-0.13004916117839413,0.30241833156226616,-0.841909044419569,-0.4558373623490976,-0.3863914029363033,-0.0690561847543834,-0.3968556476889758,-0.8558347570119599
1731069057.81,0.9615405870746049,0.09252305290082026,-0.07518754852562552,-0.31220479626985964,0.8423146447015112,1.5403010408762854,0.5712651631686934,-0.0431494895617464,1.009988887897758,-0.8555202601972495,0.7654539258096312,-0.9867229729185881,-0.13004916117839413,-0.21722481199116367,-0.845557695455377,1.3606789603202112,-0.3680071215567571,-0.0690561847543834,-0.18278544310742406,-0.8555066468501473
1731069058.31,-0.9214443623352827,0.46014292665524137,-0.07518754852562552,2.412215786852252,0.8419670720869362,-0.5361107402806123,0.8262689369419741,-0.0431494895617464,-0.13556127390131942,-0.8551921647746482,-0.6292751062474522,-0.8085748204854243,-0.13004916117839413,-0.14462760811237568,-0.8439204570403988,-0.1963350305392016,0.13756061638076325,-0.0690561847543834,-0.4396696886052861,-0.8551785265710683
1731069058.81,0.9909622269091337,-0.36578718618508765,-0.07518754852562552,-0.24475412521301512,0.8416194998913605,-0.23948048582963297,-0.12050039334392944,-0.0431494895617464,-0.11589517670305198,-0.8548640592246419,0.5911127968024926,-0.6384034509970293,-0.13004916117839413,-0.24397115026229618,-0.8424976134943585,-0.4558373623490976,-0.08305076017379089,-0.0690561847543834,-0.3462572356969726,-0.8548503961762024
1731069059.31,-0.9508660021698115,0.3678330905142635,-0.07518754852562552,-0.32393534775800653,0.841271928114831,-0.5361107402806123,-0.6006670737468087,-0.0431494895617464,-0.16555207212867726,-0.8545359435486811,-0.4549339772403137,0.2443605282240208,-0.13004916117839413,-0.3662401252160443,-0.8431224447802298,-0.1963350305392016,-0.08994486569112073,-0.0690561847543834,-0.4591306162945181,-0.8545222556670298
1731069059.81,0.9909622269091337,-0.6038493951802414,-0.07518754852562552,-0.30047424478171275,0.8409243567573141,1.5403010408762854,-0.8366812047922917,-0.0431494895617464,0.11518146537659027,-0.8542078177482962,0.5911127968024926,-0.4097356732469984,-0.13004916117839413,-0.4159118962910046,-0.8403928977219044,1.3606789603202112,-0.06466647879424467,-0.0690561847543834,2.074682168843486,-0.8541941050450256
1731069060.31,-0.9214443623352827,0.03260263294965927,-0.07518754852562552,-0.24768676308505183,0.8405767858188635,-0.23948048582963297,-0.9560446733670187,-0.0431494895617464,-0.133103011751536,-0.8538796818249398,-0.4549339772403137,-0.16245540195917396,-0.13004916117839413,-0.33567288147760727,-0.8408724066983596,-0.4558373623490976,0.0984940184492278,-0.0690561847543834,-0.3112275658563551,-0.8538659443116671
1731069060.81,0.932118947240076,0.20750548037467026,-0.07518754852562552,-0.08639168012303228,0.8402292152994656,-0.5361107402806123,-0.8366812047922917,-0.0431494895617464,-0.11097865240348512,-0.8535515357800899,0.5911127968024926,-0.010896526008572174,-0.13004916117839413,-0.3853446525525675,-0.8417543407012533,-0.4558373623490976,0.06632152603502191,-0.0690561847543834,-0.2645213394021984,-0.8535377734684353
1731069061.31,-0.9214443623352827,-0.6249025157036221,-0.07518754852562552,-0.2858110554215291,0.8398816451991407,-0.23948048582963297,-1.045567274798064,-0.0431494895617464,-0.16899363913837406,-0.8532233796152257,-1.5009807512831326,-1.398856758398295,-0.13004916117839413,-0.35477740881413045,-0.8378404496778481,-0.4558373623490976,0.11228222948388747,-0.0690561847543834,-0.39296346215112943,-0.8532095925168061
1731069061.81,0.9615405870746049,0.2917179624681941,-0.07518754852562552,-0.34739645073430026,0.8395340755179286,1.5403010408762854,-0.9316294184312792,-0.0431494895617464,-0.14293606035066972,-0.8528952133318004,1.8115006998524499,-1.321747856598866,-0.13004916117839413,-0.27835929946803784,-0.8426397105495839,1.3606789603202112,0.39264252052196735,-0.0690561847543834,-0.38517909107543663,-0.8528814014582574
1731069062.31,-0.9214443623352827,-0.5585042125144978,-0.07518754852562552,-0.21249510862061124,0.8391865062557894,-0.5361107402806123,-0.7905635010247835,-0.0431494895617464,-0.02739773931084859,-0.852567036931338,-0.4549339772403137,-1.4812835154942368,-0.13004916117839413,2.5109016916643436,-0.8418695566487385,-0.1963350305392016,0.4868619625921415,-0.0690561847543834,-0.3151197513942015,-0.8525532002942644
1731069062.81,0.9615405870746049,0.12167352747165543,-0.07518754852562552,1.3857925316394006,0.8388389374127765,-0.5361107402806123,-0.6766256446579986,-0.0431494895617464,-0.20168852573049365,-0.8522388504152946,0.5911127968024926,-0.7660319781133258,-0.13004916117839413,-0.4350164236275277,-0.8399746428449487,-0.4558373623490976,0.43400715362594583,-0.0690561847543834,-0.17500107203173126,-0.8522249890263057
1731069063.31,-0.9214443623352827,-0.6184246324656587,-0.07518754852562552,-0.10398750735525261,0.8384913689888833,-0.23948048582963297,-0.38906819763706524,-0.0431494895617464,-0.0962290795047846,-0.8519106537851445,-0.4549339772403137,-0.9920408282151005,-0.13004916117839413,-0.3853446525525675,-0.8376209562683384,-0.4558373623490976,0.900508293631931,-0.0690561847543834,-0.4396696886052861,-0.8518967676558558
1731069063.81,0.9615405870746049,-0.607088336799223,-0.07518754852562552,-0.2858110554215291,0.8381438009841365,1.5403010408762854,-0.6332207469944614,-0.0431494895617464,-0.06918819585716686,-0.8515824470423669,0.5911127968024926,-1.1303050659244214,-0.13004916117839413,-0.15226941904698496,-0.8411134486832649,1.3606789603202112,0.6201480025938516,-0.0690561847543834,-0.4396696886052861,-0.8515685361843939
1731069064.31,-0.9214443623352827,3.53713746468784,-0.07518754852562552,-0.256484676701162,0.8377962333985427,-0.23948048582963297,5.435326507588821,-0.0431494895617464,1.4598508613081256,-0.8512542301884122,-0.4549339772403137,3.932293176355334,-0.13004916117839413,-0.30510563773917027,-0.836652600202226,-2.0128513532085104,4.986414830236076,-0.0690561847543834,0.7824765702784824,-0.8512402946133916
1731069064.81,0.9615405870746049,1.1727100828312114,-0.07518754852562552,-0.3210027098859698,0.8374486662321154,-0.5361107402806123,0.38136873589071857,-0.0431494895617464,-0.17513929451283264,-0.8509260032248053,0.5911127968024926,-1.01331224940115,-0.13004916117839413,-0.3662401252160443,-0.83667105596883,1.3606789603202112,0.37655627431486416,-0.0690561847543834,-0.38517909107543663,-0.8509120429443289
1731069065.31,-0.9214443623352827,1.3184624556853872,-0.07518754852562552,-0.3151374341418964,0.8371010994848612,-0.5361107402806123,0.28642052225173104,-0.0431494895617464,-0.12818648745196914,-0.8505977661529985,-0.4549339772403137,-0.8670712287470602,-0.13004916117839413,-0.3203892596083888,-0.8379439464368661,-0.4558373623490976,0.45928554052282217,-0.0690561847543834,-0.4202087609160542,-0.8505837811786771
1731069065.81,0.9615405870746049,0.00021321675984241518,-0.07518754852562552,-0.10105486948321582,0.8367535331568002,1.5403010408762854,0.3379638382271814,-0.0431494895617464,-0.02248121501128173,-0.8502695189744672,0.5911127968024926,0.42250868065718433,-0.13004916117839413,-0.4120909908237,-0.8352176670930529,1.3606789603202112,0.5305246308685635,-0.0690561847543834,-0.06601987697203207,-0.8502555093179143
1731069066.31,-0.9214443623352827,0.11843458585267375,-0.07518754852562552,-0.203697195004501,0.836405967247939,-0.5361107402806123,0.22673878796436747,-0.0431494895617464,-0.1788266877375078,-0.8499412616906876,-0.4549339772403137,-0.9415212028982332,-0.13004916117839413,-0.40062827442178606,-0.8383750039729231,-0.4558373623490976,0.6017637212143053,-0.0690561847543834,-0.3812869055375902,-0.8499272273635124
1731069066.81,-0.9214443623352827,0.18645235985128913,-0.07518754852562552,-0.31220479626985964,0.8360584017583045,-0.23948048582963297,-0.32396085114175954,-0.0431494895617464,-0.07656298230651715,-0.849612994303111,0.5911127968024926,-0.36453390322664336,-0.13004916117839413,0.7571060821715173,-0.8394244712875107,-0.4558373623490976,0.01346671706882652,-0.0690561847543834,-0.3657181633862046,-0.8495989353169533
1731069067.31,0.9615405870746049,-0.07752138209571785,-0.07518754852562552,0.37403246578673255,0.8357108366878965,-0.5361107402806123,-0.27513034127028024,-0.0431494895617464,-0.1404777982008863,-0.8492847168132596,-0.4549339772403137,-0.8085748204854243,-0.13004916117839413,-0.39680736895448143,-0.8391722752936905,-0.4558373623490976,0.043341174310589134,-0.0690561847543834,-0.11661828896403519,-0.8492706331797044
1731069067.81,0.9615405870746049,0.6026563578904355,-0.07518754852562552,-0.37672282945466745,0.8353632720367284,1.5403010408762854,-0.5111444723157633,-0.0431494895617464,-0.15817728567932696,-0.8489564292225845,0.5911127968024926,-0.20499824433127278,-0.13004916117839413,-0.4120909908237,-0.8344979238176704,1.3606789603202112,-0.07615665465646106,-0.0690561847543834,-0.44356187414313253,-0.8489423209532436
1731069068.31,-0.9214443623352827,-0.36902612780406935,-0.07518754852562552,-0.3444638128622635,0.8350157078048138,-0.5361107402806123,-0.3836425854291231,-0.0431494895617464,0.1643467083722589,-0.8486281315325603,-0.4549339772403137,-0.5054570685842205,-0.13004916117839413,-0.17137394638350822,-0.833920670271433,-0.4558373623490976,0.7879045701822106,-0.0690561847543834,-0.1477557732668064,-0.8486139986390446
1731069068.81,0.9615405870746049,-0.3981766023749045,-0.07518754852562552,-0.24768676308505183,0.8346681439921725,-0.5361107402806123,0.10194970718169846,-0.0431494895617464,-0.12818648745196914,-0.8482998237446623,0.5911127968024926,0.1060962905146996,-0.13004916117839413,-0.30128473227186564,-0.8330227162201848,-0.4558373623490976,0.5466108770756667,-0.0690561847543834,-0.39296346215112943,-0.8482856662385769
1731069069.31,-0.9214443623352827,-0.4240881353267578,-0.07518754852562552,-0.3737901915826307,0.8343205805988112,-0.23948048582963297,0.025991136270508447,-0.0431494895617464,0.34379984530644914,-0.8479715058603388,-0.4549339772403137,0.1300266393490049,-0.13004916117839413,-0.18283666278542204,-0.833821262223862,-0.4558373623490976,0.3903444853495238,-0.0690561847543834,3.3746721384841822,-0.8479573237533186
1731069069.81,-0.9214443623352827,0.16054082689943566,-0.07518754852562552,-0.30047424478171275,0.8339730176247435,1.5403010408762854,-0.5030060540038501,-0.0431494895617464,-0.1783350353075511,-0.8476431778811139,-0.4549339772403137,-0.7766676887063502,-0.13004916117839413,-0.3891655580198721,-0.8345933761681743,1.3606789603202112,0.6017637212143053,-0.0690561847543834,-0.16332451541819198,-0.8476289711847431
1731069070.31,0.9615405870746049,0.6188510659853439,-0.07518754852562552,-0.16557290266802369,0.8336254550699758,-0.5361107402806123,-0.31039682062190416,-0.0431494895617464,-0.20218017816045034,-0.8473148398084343,0.5911127968024926,-0.5479999109563193,-0.13004916117839413,-0.10259764797202478,-0.8328404361836732,-0.4558373623490976,0.7947986756995402,-0.0690561847543834,-0.17500107203173126,-0.8473006085343201
1731069070.81,0.9615405870746049,-0.11314973990451639,-0.07518754852562552,-0.2066298328765378,0.8332778929345417,-0.5361107402806123,0.2945589405636443,-0.0431494895617464,1.1083193738890953,-0.8469864916437759,0.4167716677953665,-0.7075355698516899,-0.13004916117839413,-0.04146316049515062,-0.8338723958465608,-0.4558373623490976,0.7074733391466962,-0.0690561847543834,-0.4124243898403614,-0.8469722358035262
1731069071.31,-0.8920227225007512,-0.0872382069526629,-0.07518754852562552,-0.14797707543580338,0.8329303312184277,-0.5361107402806123,-0.4460371258204576,-0.0431494895617464,-0.19185547713135992,-0.8466581333886115,-0.2805928482331876,0.39591940417462257,-0.13004916117839413,-0.4120909908237,-0.8327072879227483,-0.4558373623490976,1.4497386998458741,-0.0690561847543834,-0.2917666381671231,-0.8466438529938303
1731069071.81,0.932118947240076,-0.13096391880891567,-0.07518754852562552,0.16288253900008887,0.8325827699216741,-0.23948048582963297,-0.6115182981626929,-0.0431494895617464,-0.16432294105378553,-0.8463297650443876,0.5911127968024926,-0.1704321849039425,-0.13004916117839413,2.54911074633739,-0.8358216411443521,-0.1963350305392016,1.4175662074316682,-0.0690561847543834,-0.4630228018323645,-0.846315460106708
1731069072.31,-0.9214443623352827,-0.01598149133506583,-0.07518754852562552,-0.2799457796774557,0.8322352090442606,1.5403010408762854,-0.5111444723157633,-0.0431494895617464,-0.13064474960175257,-0.8460013866126281,-0.4549339772403137,-0.1465018360696369,-0.13004916117839413,-0.04910497142975989,-0.8322551744079646,1.3606789603202112,1.5002954736396261,-0.0690561847543834,-0.3229041224698943,-0.8459870571436298
1731069072.81,0.9615405870746049,-0.35930930294712426,-0.07518754852562552,-0.09518959373914238,0.8318876485862342,-0.5361107402806123,-0.18560773983923518,-0.0431494895617464,-0.17464764208287595,-0.8456729980947797,0.5911127968024926,-0.0002608154155474674,-0.13004916117839413,0.04259675978555118,-0.8320664441287674,-0.4558373623490976,0.24556826948559757,-0.0690561847543834,-0.39296346215112943,-0.8456586441060685
1731069073.31,-0.9214443623352827,-0.09209661938113543,-0.07518754852562552,-0.18610136777228067,0.8315400885475949,-0.5361107402806123,-0.5572621760832716,-0.0431494895617464,-0.1911179984864249,-0.8453445994923148,-0.4549339772403137,0.1300266393490049,-0.13004916117839413,-0.3089265432064749,-0.8325684400480373,-0.1963350305392016,-0.7035202567334754,-0.0690561847543834,-0.43577750306743973,-0.8453302209954929
1731069073.81,0.9615405870746049,0.022885808092714212,-0.07518754852562552,-0.3180700720139331,0.8311925289283291,1.5403010408762854,-0.45146273802839976,-0.0431494895617464,-0.11589517670305198,-0.8450161908067048,0.5911127968024926,0.6458586031107032,-0.13004916117839413,0.031134043383637358,-0.8342835041400283,1.3606789603202112,-0.8459984374249586,-0.0690561847543834,2.0591134266921003,-0.8450017878133773
1731069074.31,-0.8920227225007512,-0.13906127285636988,-0.07518754852562552,-0.32686798563004327,0.8308449697284972,-0.5361107402806123,-0.4243346769886892,-0.0431494895617464,-0.16014389539915372,-0.8446877720393973,-0.4549339772403137,-0.3299678437993131,-0.13004916117839413,-0.10259764797202478,-0.8346313460631806,-0.1963350305392016,-0.65066544776728,-0.0690561847543834,-0.2645213394021984,-0.844673344561192
1731069074.81,0.932118947240076,0.3775499153712086,-0.07518754852562552,-0.28874369329356586,0.8304974109480789,-0.5361107402806123,-0.011988149185086559,-0.0431494895617464,-0.1697311177833091,-0.8443593431919133,0.5911127968024926,0.028987388715270478,-0.13004916117839413,-0.37770284161795825,-0.8313650887795411,-0.4558373623490976,0.18811739017451537,-0.0690561847543834,-0.3540416067726654,-0.8443448912404077
1731069075.31,-0.9508660021698115,-0.05484879076284605,-0.07518754852562552,-0.3210027098859698,0.8301498525870946,-0.5361107402806123,-0.14491564827966907,-0.0431494895617464,-0.16333963619387218,-0.8440309042656987,-0.4549339772403137,-0.7607141228168134,-0.13004916117839413,-0.17901575731811747,-0.8305052253223304,-0.4558373623490976,-0.3634110512118705,-0.0690561847543834,-0.5252977704379069,-0.8440164278524953
1731069075.81,0.9909622269091337,-0.024078845382520045,-0.07518754852562552,-0.35032908860633694,0.8298022946455641,-0.23948048582963297,-0.13135161775981372,-0.0431494895617464,-0.15448989245465183,-0.8437024552622239,0.7654539258096312,-0.6463802339417978,-0.13004916117839413,0.0464176652528559,-0.8304706446500706,1.3606789603202112,-0.5518499353522193,-0.0690561847543834,-0.26841352494004467,-0.8436879543989245
1731069076.31,-0.9214443623352827,0.14272664799503657,-0.07518754852562552,-0.14797707543580338,0.8294547371234875,1.5403010408762854,-0.23715105581468524,-0.0431494895617464,-0.03723078790998231,-0.8433739961829613,-0.6292751062474522,-0.6570159445348225,-0.13004916117839413,0.21071660034695494,-0.829707856042335,-0.4558373623490976,-0.34962284017721085,-0.0690561847543834,-0.1477557732668064,-0.8433594708811667
1731069076.81,0.9615405870746049,-0.1325833896184065,-0.07518754852562552,1.330072412070703,0.8291071800208981,-0.23948048582963297,-0.13677722996775588,-0.0431494895617464,-0.1795641663824428,-0.8430455270293574,0.5911127968024926,0.6033157607386044,-0.13004916117839413,-0.04146316049515062,-0.8285504153516865,-0.4558373623490976,-0.046282197414698446,-0.0690561847543834,-0.3112275658563551,-0.8430309773006913
1731069077.31,-0.9214443623352827,0.3888862110376443,-0.07518754852562552,-0.3180700720139331,0.8287596233377826,-0.5361107402806123,-0.191033352047177,-0.0431494895617464,-0.18275990717716126,-0.8427170478029279,-0.4549339772403137,0.5208890036426626,-0.13004916117839413,0.2985974260949615,-0.8312968584107784,-0.4558373623490976,-0.692030080871259,-0.0690561847543834,-0.4046400187646686,-0.8427024736589636
1731069077.81,0.9615405870746049,-0.019220432954047517,-0.07518754852562552,-0.36499227796652056,0.8284120670741812,1.5403010408762854,-0.2507150863345406,-0.0431494895617464,-0.133103011751536,-0.842388558505121,0.5911127968024926,0.20181768585192197,-0.13004916117839413,-0.11788126984124332,-0.8304864351507822,1.3606789603202112,-0.634579201560177,-0.0690561847543834,-0.4552384307566717,-0.8423739599574629
1731069078.31,-0.9214443623352827,0.1815939474228168,-0.07518754852562552,-0.11865069671543615,0.8280645112300805,-0.5361107402806123,-0.15576687269555337,-0.0431494895617464,-0.04460557435933261,-0.8420600591374064,-1.675321880290271,-1.2180496783168753,-0.13004916117839413,-0.16373213544889895,-0.8287790759004147,-0.1963350305392016,-0.6115988498357443,-0.0690561847543834,1.5881589766126862,-0.8420454361976507
1731069078.81,0.9615405870746049,0.29981531651564813,-0.07518754852562552,-0.3327332613741167,0.8277169558055071,-0.5361107402806123,0.1860466964048014,-0.0431494895617464,-0.1928387819912733,-0.8417315497012517,1.8115006998524499,-0.500139213287708,-0.13004916117839413,0.012029516047114096,-0.8258299623211538,-0.4558373623490976,-0.609300814663301,-0.0690561847543834,-0.4669149873702109,-0.8417169023809974
1731069079.31,-0.9214443623352827,-0.6151856908466773,-0.07518754852562552,-0.3327332613741167,0.8273694008004812,-0.5361107402806123,0.047693585102277024,-0.0431494895617464,0.8256192266640009,-0.8414030301981056,-0.4549339772403137,-0.9016372881743905,-0.13004916117839413,-0.27453839400073327,-0.8263402035407525,-0.4558373623490976,-0.2714896443141397,-0.0690561847543834,-0.4163165753782078,-0.8413883585089726
1731069079.81,0.9615405870746049,0.10709829018623802,-0.07518754852562552,-0.09812223161117917,0.8270218462150026,1.5403010408762854,0.12093934990949597,-0.0431494895617464,-0.012648166412148007,-0.8410745006294814,0.5911127968024926,-0.46291422621212164,-0.13004916117839413,-0.21340390652385913,-0.8284020220817132,1.3606789603202112,-0.425458000867839,-0.0690561847543834,-0.2255994840237344,-0.8410598045830436
1731069080.31,-0.9214443623352827,-0.6686282275598748,-0.07518754852562552,-0.256484676701162,0.8266742920490849,-0.5361107402806123,0.2240259818603964,-0.0431494895617464,-0.1864473004018364,-0.8407459609968266,-0.4549339772403137,-1.6966566550029867,-0.13004916117839413,-0.45412095096405086,-0.8249338518584546,-0.4558373623490976,-0.17956823741640857,-0.0690561847543834,-0.17889325756957758,-0.8407312406046803
1731069080.81,0.9615405870746049,0.07632834480591202,-0.07518754852562552,-0.23302357372486823,0.8263267383027482,-0.23948048582963297,-1.0292904381742376,-0.0431494895617464,-0.1404777982008863,-0.8404174113016081,0.5911127968024926,-0.3406035543923378,-0.13004916117839413,-0.3815237470852629,-0.8255233499245193,-0.1963350305392016,-0.05547433810447156,-0.0690561847543834,-0.3618259778483582,-0.8404026665753483
1731069081.31,-0.9214443623352827,0.2625674878973589,-0.07518754852562552,1.1247877610281327,0.8259791849759989,-0.5361107402806123,-0.7797122766088993,-0.0431494895617464,-0.03723078790998231,-0.8400888515452944,-0.4549339772403137,0.21777125174145903,-0.13004916117839413,3.0840375117600383,-0.8258379913184956,-0.4558373623490976,0.4477953646606055,-0.0690561847543834,-0.389071276613283,-0.8400740824965183
1731069081.81,0.9615405870746049,-0.6572919318934389,-0.07518754852562552,-0.2858110554215291,0.8256316320688639,1.5403010408762854,-0.7580098277771308,-0.0431494895617464,-0.17218937993309252,-0.8397602817293303,0.5911127968024926,0.06621237579085666,-0.13004916117839413,-0.40062827442178606,-0.8286687827419403,1.3606789603202112,0.12377240534610386,-0.0690561847543834,0.03906913254982063,-0.8397454883696558
1731069082.31,-0.9214443623352827,0.8131875631242447,-0.07518754852562552,0.007452731782142684,0.8252840795813365,-0.5361107402806123,-0.4053450342608917,-0.0431494895617464,-0.17292685857802753,-0.8394317018552319,-0.4549339772403137,0.37730691063682964,-0.13004916117839413,-0.20576209558924985,-0.8254468199215953,-0.4558373623490976,0.3305955708659986,-0.0690561847543834,-0.2723057104778912,-0.8394168841962292
1731069082.81,0.9615405870746049,-0.46619437637351974,-0.07518754852562552,-0.23595621159690494,0.8249365275134367,-0.5361107402806123,-0.850245235312147,-0.0431494895617464,-0.11589517670305198,-0.8391031119244413,-0.4549339772403137,-1.4600120943081873,-0.13004916117839413,-0.2898220158699517,-0.8259183139694346,-0.4558373623490976,0.047937244655475685,-0.0690561847543834,-0.14386358772896007,-0.8390882699777035
1731069083.31,-0.9214443623352827,0.5038686385114939,-0.07518754852562552,-0.2916763311656026,0.8245889758651848,-0.5361107402806123,-0.5681134004991558,-0.0431494895617464,-0.12326996315240228,-0.838774511938427,0.5911127968024926,-0.8723890840435725,-0.13004916117839413,-0.4120909908237,-0.8267521993117052,-0.4558373623490976,0.5397167715583366,-0.0690561847543834,-0.2995510092428159,-0.8387596457155474
1731069083.81,-0.9214443623352827,-0.23784899223531109,-0.07518754852562552,-0.08345904225099549,0.8242414246365737,1.5403010408762854,-0.011988149185086559,-0.0431494895617464,-0.1485900632951716,-0.8384459018986556,0.5911127968024926,-1.305794290709329,-0.13004916117839413,0.14576120740277623,-0.8274386869859693,1.3606789603202112,0.7189635150089123,-0.0690561847543834,-0.26062915386435187,-0.8384310114112271
1731069084.31,0.9615405870746049,-0.10019397342858964,-0.07518754852562552,-0.3034068826537495,0.8238938738276572,-0.5361107402806123,-0.8231171742724364,-0.0431494895617464,-0.08393776875586743,-0.8381172818065702,-0.4549339772403137,-0.9494979858430017,-0.13004916117839413,-0.21722481199116367,-0.8265373388260329,-0.4558373623490976,0.34897985224554484,-0.0690561847543834,-0.2878744526292767,-0.838102367066209
1731069084.81,0.9909622269091337,0.7548866139825744,-0.07518754852562552,-0.23302357372486823,0.8235463234383951,-0.5361107402806123,-0.923491000119366,-0.0431494895617464,-0.17218937993309252,-0.8377886516636859,0.5911127968024926,-0.7447605569272764,-0.13004916117839413,-0.41973280175830924,-0.8241175575131244,-0.1963350305392016,0.9234886453563638,-0.0690561847543834,-0.3968556476889758,-0.837773712681959
1731069085.31,-0.9214443623352827,-0.13582233123738818,-0.07518754852562552,-0.3327332613741167,0.8231987734688342,-0.5361107402806123,-0.5572621760832716,-0.0431494895617464,-0.14834423708019326,-0.8374600114714437,-0.4549339772403137,-0.8218694587267051,-0.13004916117839413,-0.24779205572960075,-0.8266579110635622,-0.4558373623490976,0.41792090741884313,-0.0690561847543834,-0.08548080466126416,-0.8374450482599415
1731069085.81,0.932118947240076,0.3564967948478274,-0.07518754852562552,0.2508616751611904,0.8228512239189811,1.5403010408762854,-0.35922733049338346,-0.0431494895617464,-0.11097865240348512,-0.8371313612313112,0.5911127968024926,-1.0771265129592982,-0.13004916117839413,1.4104809170806094,-0.8236136594062304,-0.4558373623490976,-0.23472108155504723,-0.0690561847543834,-0.011529279442182478,-0.8371163738016244
1731069086.31,-0.9214443623352827,-0.44514125585013875,-0.07518754852562552,1.3242071363266297,0.8225036747888426,-0.5361107402806123,0.27828210393981784,-0.0431494895617464,-0.1404777982008863,-0.8368027009447523,-0.4549339772403137,-0.6809462933691282,-0.13004916117839413,-0.45412095096405086,-0.8238183962201475,1.3606789603202112,-0.18876037810618168,-0.0690561847543834,-0.030990207131414562,-0.8367876893084715
1731069086.81,-0.9214443623352827,-0.4419023142311571,-0.07518754852562552,-0.26234995244523546,0.8221561260784588,-0.5361107402806123,-0.21002299477497452,-0.0431494895617464,-0.12081170100261884,-0.8364740306132107,-0.4549339772403137,-1.183483618889545,-0.13004916117839413,-0.16373213544889895,-0.8215548234555353,-0.4558373623490976,0.3122112894864524,-0.0690561847543834,0.10912847223105566,-0.8364589947819493
1731069087.31,0.9909622269091337,0.2836206084207397,-0.07518754852562552,-0.3210027098859698,0.8218085777877961,-0.5361107402806123,-0.7444457972572754,-0.0431494895617464,-0.21078409568469234,-0.8361453502381999,0.5911127968024926,-1.2765460865785112,-0.13004916117839413,-0.43119551816022306,-0.8231573655063695,-0.4558373623490976,0.23407809362338095,-0.0690561847543834,0.03517694701197415,-0.8361302902235198
1731069087.81,-0.9508660021698115,-0.3301588283762891,-0.07518754852562552,-0.23888884946894168,0.8214610299169015,1.5403010408762854,0.1453546048452356,-0.0431494895617464,-0.1451484962854748,-0.8358166598211599,0.5911127968024926,-0.5027981409359643,-0.13004916117839413,-0.44265823456213693,-0.8251036272128998,1.3606789603202112,-0.004917564310719703,-0.0690561847543834,2.203124291592417,-0.8358015756346505
1731069088.31,0.9615405870746049,1.0399134764529627,-0.07518754852562552,-0.3210027098859698,0.8211134824657682,-0.5361107402806123,0.4763169495297061,-0.0431494895617464,-0.02739773931084859,-0.8354879593635555,-0.4549339772403137,-0.7181712804447146,-0.13004916117839413,-0.0834931206355017,-0.819500684043078,-0.4558373623490976,0.05023527982791896,-0.0690561847543834,-0.350149421234819,-0.8354728510168048
1731069088.81,0.9615405870746049,-0.22003481333091182,-0.07518754852562552,-0.2858110554215291,0.8207659354344298,-0.5361107402806123,-0.30225840230999096,-0.0431494895617464,-0.18079329745733452,-0.8351592488668522,0.5911127968024926,-0.7633730504650696,-0.13004916117839413,-0.266896583066124,-0.820805204658341,-0.1963350305392016,-0.01410970500049256,-0.0690561847543834,-0.20224637079665597,-0.8351441163714471
1731069089.31,-0.9214443623352827,-0.3172030619003624,-0.07518754852562552,-0.37672282945466745,0.8204183888228926,-0.5361107402806123,-0.4487499319244287,-0.0431494895617464,-0.14834423708019326,-0.8348305283324903,-0.4549339772403137,-0.7686909057615819,-0.13004916117839413,-0.27453839400073327,-0.8220985696838273,-0.4558373623490976,0.5925715805245323,-0.0690561847543834,-0.3462572356969726,-0.8348153717000395
1731069089.81,0.9615405870746049,-0.5779378622283878,-0.07518754852562552,-0.21249510862061124,0.8200708426311504,1.5403010408762854,-0.4487499319244287,-0.0431494895617464,0.2995511266103474,-0.834501797761982,-0.4549339772403137,-0.433666022081304,-0.13004916117839413,-0.3471355978795212,-0.8219181608926076,1.3606789603202112,0.3191053950037825,-0.0690561847543834,-0.21003074187234877,-0.8344866170040494
1731069090.31,-0.9214443623352827,-0.37550401104203274,-0.07518754852562552,-0.23595621159690494,0.819723296859243,-0.5361107402806123,-0.2968327901020488,-0.0431494895617464,-0.1812849498872912,-0.8341730571567665,0.5911127968024926,-0.11991255958707513,-0.13004916117839413,-0.1484485135796804,-0.8188134800116871,-0.4558373623490976,0.2639525508651438,-0.0690561847543834,-0.350149421234819,-0.8341578522849378
1731069090.81,0.9909622269091337,0.5492138211772375,-0.07518754852562552,1.6497299401227052,0.819375751507157,-0.5361107402806123,-0.3076840145179331,-0.0431494895617464,-0.13064474960175257,-0.8338443065183094,0.5911127968024926,0.3693301276920608,-0.13004916117839413,-0.17901575731811747,-0.8200440129058914,-0.1963350305392016,1.6128991970893465,-0.0690561847543834,-0.2061385563345023,-0.8338290775441662
1731069091.31,-0.9508660021698115,-0.3074862370434173,-0.07518754852562552,-0.297541606909676,0.819028206574926,-0.5361107402806123,0.7991408759022633,-0.0431494895617464,-0.03477252576019888,-0.8335155458480719,-0.4549339772403137,-0.6729695104243596,-0.13004916117839413,-0.1140603643739386,-0.8189134567279585,-0.4558373623490976,1.4566328053632036,-0.0690561847543834,-0.21003074187234877,-0.8335002927832005
1731069091.81,0.9909622269091337,0.19454971389874354,-0.07518754852562552,-0.15970762692395024,0.8186806620625701,-0.23948048582963297,0.3705175114748343,-0.0431494895617464,-0.17415598965291926,-0.8331867751474947,0.5911127968024926,-0.5320463450667822,-0.13004916117839413,-0.3853446525525675,-0.8215055149781849,1.3606789603202112,1.2819821322575151,-0.0690561847543834,-0.3735025344618974,-0.8331714980035048
1731069092.31,-0.9508660021698115,0.056894695092021906,-0.07518754852562552,-0.2300909358528315,0.8183331179700689,1.5403010408762854,-0.31039682062190416,-0.0431494895617464,-0.13556127390131942,-0.8328579944180884,-0.4549339772403137,-0.5533177662528317,-0.13004916117839413,-0.10641855343932934,-0.8172259812257905,-0.4558373623490976,0.9188925750114773,-0.0690561847543834,1.016007702549266,-0.8328426932065337
1731069092.81,0.9615405870746049,-0.043512495096410156,-0.07518754852562552,-0.1245159724595096,0.8179855742974561,-0.23948048582963297,0.12093934990949597,-0.0431494895617464,-0.04706383650911604,-0.8325292036612921,0.5911127968024926,0.08482486932865019,-0.13004916117839413,-0.2095830010565544,-0.8199978455642267,-0.4558373623490976,2.1184669350268672,-0.0690561847543834,-0.4552384307566717,-0.8325138783937575
1731069093.31,-0.9214443623352827,-0.3253004159478166,-0.07518754852562552,-0.24475412521301512,0.8176380310447517,-0.5361107402806123,-0.06895707736847907,-0.0431494895617464,-0.18030164502737783,-0.8322004028785677,-0.4549339772403137,-0.2821071461307019,-0.13004916117839413,-0.3738819361506536,-0.8177959500656478,-0.4558373623490976,1.1441000219109185,-0.0690561847543834,-0.2450604117129663,-0.8321850535666344
1731069093.81,0.9615405870746049,0.5913200622239995,-0.07518754852562552,-0.3180700720139331,0.8172904882119558,1.5403010408762854,-0.5436981455634162,-0.0431494895617464,-0.0962290795047846,-0.831871592071378,0.5911127968024926,-0.1225714872353313,-0.13004916117839413,-0.370061030683349,-0.8157036958816123,1.3606789603202112,1.0314962984611975,-0.0690561847543834,-0.21003074187234877,-0.831856218726629
1731069094.31,-0.9214443623352827,0.9200726365506403,-0.07518754852562552,-0.2066298328765378,0.816942945799095,-0.5361107402806123,-0.4026322281569206,-0.0431494895617464,-0.06918819585716686,-0.8315427712411602,-0.4549339772403137,0.13534449464551726,-0.13004916117839413,-0.27835929946803784,-0.8196585707917549,-2.0128513532085104,-0.12211735810532662,-0.0690561847543834,-0.3657181633862046,-0.8315273738751999
1731069094.81,0.9615405870746049,0.2658064295163406,-0.07518754852562552,-0.25061940095708857,0.8165954038061626,-0.5361107402806123,0.2240259818603964,-0.0431494895617464,-0.042147312209549176,-0.8312139403894256,0.5911127968024926,0.06621237579085666,-0.13004916117839413,-0.22486662292577295,-0.8162173822765968,1.3606789603202112,-0.7816534525965468,-0.0690561847543834,-0.4241009464539006,-0.8311985190138086
1731069095.31,-0.9214443623352827,0.23989489656448712,-0.07518754852562552,1.52069387375309,0.8162478622331787,-0.5361107402806123,-0.3483761060774992,-0.0431494895617464,1.3639786374665719,-0.8308850995176108,-1.675321880290271,-0.8218694587267051,-0.13004916117839413,3.0076194024139453,-0.8158383186119228,-0.4558373623490976,-0.016407740172935836,-0.0690561847543834,-0.350149421234819,-0.830869654143917
1731069095.81,0.9615405870746049,0.17673553499434408,-0.07518754852562552,-0.23595621159690494,0.81590032108017,1.5403010408762854,0.03684236068639274,-0.0431494895617464,-0.13556127390131942,-0.8305562486271774,1.8115006998524499,-0.9016372881743905,-0.13004916117839413,-0.4120909908237,-0.8153804428752969,1.3606789603202112,-0.04398416224225517,-0.0690561847543834,-0.16332451541819198,-0.8305407792669881
1731069096.31,-0.9214443623352827,-0.03865408266793763,-0.07518754852562552,-0.17730345415617058,0.81555278034713,-0.5361107402806123,-0.009275343081115488,-0.0431494895617464,-0.19013469362651153,-0.8302273877195873,-0.4549339772403137,-0.7048766422034337,-0.13004916117839413,-0.08731402610280624,-0.8184646904596047,-0.4558373623490976,-0.34962284017721085,-0.0690561847543834,-0.3735025344618974,-0.8302118943844768
1731069096.81,0.9909622269091337,-0.06132667400080943,-0.07518754852562552,-0.22129302223672134,0.8152052400340918,-0.23948048582963297,0.01785271795859523,-0.0431494895617464,-0.03231426361041545,-0.8298985167962749,0.5911127968024926,-0.2714714355376772,-0.13004916117839413,-0.3127474486737795,-0.8176679151024389,-0.4558373623490976,-0.5725322519042088,-0.0690561847543834,-0.2450604117129663,-0.8298829994978485
1731069097.31,-0.9508660021698115,-0.7350265307489994,-0.07518754852562552,0.15701726325601542,0.8148577001410423,-0.5361107402806123,0.0883856766618431,-0.0431494895617464,-0.10114560380435145,-0.8295696358587517,-0.4549339772403137,-0.5559766939010878,-0.13004916117839413,-0.026179538625932083,-0.8144428436516522,-0.4558373623490976,0.7810104646648806,-0.0690561847543834,-0.3735025344618974,-0.8295540946085589
1731069097.81,0.9615405870746049,0.06337257832998527,-0.07518754852562552,0.2508616751611904,0.8145101606680147,1.5403010408762854,-0.22358702529482988,-0.0431494895617464,-0.19210130334633826,-0.8292407449084518,0.5911127968024926,-0.19702146138650425,-0.13004916117839413,0.1839702620758226,-0.813350519264521,1.3606789603202112,-0.15199181534708922,-0.0690561847543834,-0.3968556476889758,-0.8292251797180754
1731069098.31,-0.8920227225007512,-0.22651269656887518,-0.07518754852562552,0.22740057218489662,0.814162621615016,-0.5361107402806123,-0.17746932152732195,-0.0431494895617464,-0.18988886741153319,-0.8289118439468363,-0.4549339772403137,-0.2156339549242975,-0.13004916117839413,0.29095561516035234,-0.8170050954424484,-0.1963350305392016,-0.5794263574215386,-0.0690561847543834,-0.3657181633862046,-0.8288962548278463
1731069098.81,0.932118947240076,-0.19250380956956767,-0.07518754852562552,0.1775457283602724,0.8138150829820526,-0.5361107402806123,0.4654657251138218,-0.0431494895617464,-0.04460557435933261,-0.8285829329753652,0.5911127968024926,0.15927484347982312,-0.13004916117839413,0.23364203315078275,-0.814480898741726,-0.4558373623490976,-0.692030080871259,-0.0690561847543834,-0.08937299019911048,-0.8285673199393422
1731069099.31,-0.9214443623352827,0.3856472694186626,-0.07518754852562552,-0.08052640437895883,0.8134675447691647,-0.5361107402806123,0.0015758813347688005,-0.0431494895617464,-0.13064474960175257,-0.8282540119954747,-2.024004138304548,0.467710450677539,2.0283981344429933,-0.060567687831673885,-0.81362792645147,-0.4558373623490976,-0.5035911967309105,-0.0690561847543834,-0.3345806790834334,-0.828238375054015
1731069099.81,0.9615405870746049,-0.32691988675730743,-0.07518754852562552,1.1189224852840591,0.8131200069763256,1.5403010408762854,0.5577011326488379,-0.0431494895617464,-0.17268103236304921,-0.8279250810086705,-0.10625171922604906,-1.1356229212209337,-0.13004916117839413,1.5098244592305297,-0.81245566288577,1.3606789603202112,-0.5311676188002298,-0.0690561847543834,-0.4630228018323645,-0.827909420173326
1731069100.31,-0.9214443623352827,0.6269484200327979,-0.07518754852562552,0.29485124324174117,0.8127724696035754,-0.5361107402806123,0.38408154199468963,-0.0431494895617464,-0.1404777982008863,-0.8275961400163898,0.5911127968024926,-0.8803658669883411,-0.13004916117839413,0.5507771869370672,-0.8151587643019392,-0.4558373623490976,-0.43235210638516886,-0.0690561847543834,-0.3540416067726654,-0.8275804552987336
1731069100.81,-0.8920227225007512,-0.1714506890461867,-0.07518754852562552,-0.010143095450077516,0.8124249326509073,-0.5361107402806123,0.11280093159758275,-0.0431494895617464,-0.12081170100261884,-0.8272671890200897,0.5911127968024926,-0.9681104793807949,-0.13004916117839413,-0.09495583703741552,-0.8113536177818811,-0.4558373623490976,-0.5012931615584671,-0.0690561847543834,-0.2839822670914303,-0.8272514804316958
1731069101.31,0.932118947240076,0.09576199451980195,-0.07518754852562552,0.18634364197638265,0.8120773961183549,-0.5361107402806123,-0.45146273802839976,-0.0431494895617464,0.1643467083722589,-0.8269382280212312,-0.4549339772403137,-0.7846444716511187,-0.13004916117839413,-0.07967221516819697,-0.8128149837693738,-0.4558373623490976,-0.18876037810618168,-0.0690561847543834,-0.5291899559757532,-0.8269224955736717
1731069101.81,0.9615405870746049,0.2382754257549961,-0.07518754852562552,0.2567269509052638,0.8117298600059247,-0.5361107402806123,-0.7200305423215357,-0.0431494895617464,-0.1876764314767281,-0.8266092570212465,0.5911127968024926,-0.34326248204059395,-0.13004916117839413,0.1342984910008624,-0.8136286613247292,-0.1963350305392016,-0.24161518707237706,-0.0690561847543834,2.3121054866521162,-0.8265935007261171
1731069102.31,-0.8920227225007512,-0.5617431541334794,-0.07518754852562552,0.2537943130332272,0.8113823243136236,1.5403010408762854,-0.45146273802839976,-0.0431494895617464,-0.13556127390131942,-0.8262802760216426,-0.4549339772403137,-0.032167947194621585,-0.13004916117839413,0.28713470969304766,-0.8141787575223379,1.3606789603202112,0.7120694094915822,-0.0690561847543834,-0.08937299019911048,-0.8262644958904904
1731069102.81,0.9615405870746049,0.5330191130823291,-0.07518754852562552,-0.09225695586710572,0.8110347890414714,-0.5361107402806123,0.0015758813347688005,-0.0431494895617464,-0.11097865240348512,-0.8259512850238536,0.5911127968024926,-0.33262677144756925,-0.13004916117839413,-0.0911349315701108,-0.8124761598464553,-0.4558373623490976,0.3742582391424211,-0.0690561847543834,-0.3423650501591262,-0.8259354810682522
1731069103.31,-0.9214443623352827,-0.5099200882297725,-0.07518754852562552,-0.08052640437895883,0.8106872541894616,-0.5361107402806123,-0.5382725333554741,-0.0431494895617464,-0.18103912367231287,-0.8256222840293377,-0.4549339772403137,-0.20765717197952896,-0.13004916117839413,-0.35859831428143507,-0.8117092346488795,-0.4558373623490976,0.1283684756909904,-0.0690561847543834,-0.3657181633862046,-0.8256064562608558
1731069103.81,0.9615405870746049,0.14596558961401826,-0.07518754852562552,0.025048559014363012,0.8103397197576343,1.5403010408762854,-0.7851378888168413,-0.0431494895617464,-0.18054747124235618,-0.8252932730395509,-0.4549339772403137,-0.1571375466626616,2.0283981344429933,-0.12934398624315716,-0.8139196241599246,1.3606789603202112,-0.10373307672578039,-0.0690561847543834,-0.39296346215112943,-0.8252774214697589
1731069104.31,-0.9508660021698115,-0.08076032371469953,-0.07518754852562552,0.579317116829303,0.8099921857460027,-0.23948048582963297,-0.9262038062233371,-0.0431494895617464,-0.13801953605110287,-0.8249642520559286,-0.4549339772403137,-1.5397799237558722,-0.13004916117839413,0.6845088782927292,-0.810100643462628,-0.4558373623490976,0.08470580741456814,-0.0690561847543834,-0.3345806790834334,-0.8249483766964196
1731069104.81,0.9615405870746049,-0.44028284342166624,-0.07518754852562552,-0.03067156055433463,0.8096446521545537,-0.5361107402806123,-0.7824250827128703,-0.0431494895617464,-0.09131255520521774,-0.8246352210799737,0.5911127968024926,-1.2632514483372301,-0.13004916117839413,-0.026179538625932083,-0.8100844096577429,-0.1963350305392016,0.7212615501813553,-0.0690561847543834,-0.3190119369320479,-0.8246193219422925
1731069105.31,-0.9214443623352827,0.4811960471786225,-0.07518754852562552,-0.10985278309932606,0.8092971189833071,-0.5361107402806123,-0.8204043681684653,-0.0431494895617464,-0.12081170100261884,-0.8243061801131204,-0.4549339772403137,-1.0797854406075544,-0.13004916117839413,-0.06820949876628316,-0.8089459137877264,-0.4558373623490976,1.1142255646691555,-0.0690561847543834,-0.49416028613513574,-0.8242902572088363
1731069105.81,0.932118947240076,-0.3042472954244356,-0.07518754852562552,0.054374937734730226,0.8089495862322965,1.5403010408762854,-0.8231171742724364,-0.0431494895617464,-0.14293606035066972,-0.823977129156825,0.5911127968024926,-1.5397799237558722,-0.13004916117839413,0.24128384408539202,-0.8081304303171576,1.3606789603202112,0.40183466121174044,-0.0690561847543834,-0.08548080466126416,-0.8239611824975048
1731069106.31,-0.9214443623352827,0.5686474708911277,-0.07518754852562552,-0.07172849076284873,0.8086020539015151,-0.5361107402806123,-0.7607226338811018,-0.0431494895617464,-0.11589517670305198,-0.8236480682125435,-0.4549339772403137,-1.2472978824476932,-0.13004916117839413,-0.010895916756713543,-0.8101033147022983,-0.4558373623490976,0.443199294315719,-0.0690561847543834,0.24535496605567958,-0.823632097809754
1731069106.81,0.9615405870746049,-0.2686189376156371,-0.07518754852562552,-0.03653683629840807,0.8082545219909897,-0.5361107402806123,-0.8448196231042049,-0.0431494895617464,-0.061813409407816565,-0.8233189972817084,0.5911127968024926,-0.433666022081304,-0.13004916117839413,0.054059476187465164,-0.8106059252020843,-0.4558373623490976,0.2800387970722465,-0.0690561847543834,-0.3540416067726654,-0.8233030031470405
1731069107.31,-0.9214443623352827,-0.34311459485221585,-0.07518754852562552,-0.2740805039333823,0.8079069905007202,-0.5361107402806123,-0.21002299477497452,-0.0431494895617464,-0.19800113250581852,-0.8229899163658236,-0.4549339772403137,-0.7979391098923996,-0.13004916117839413,-0.2936429213372564,-0.8080148849037807,-0.4558373623490976,-0.1427996746573161,-0.0690561847543834,-0.2450604117129663,-0.8229738985108187
1731069107.81,0.9615405870746049,0.6998246064598858,-0.07518754852562552,0.29485124324174117,0.8075594594307202,1.5403010408762854,-0.7363073789453621,-0.0431494895617464,1.3566038510172216,-0.8226608254663196,0.5911127968024926,-0.5081159962324766,-0.13004916117839413,-0.0834931206355017,-0.805691043843527,1.3606789603202112,-0.3151523125905617,-0.0690561847543834,-0.12829484557757448,-0.8226447839025438
1731069108.31,-0.9214443623352827,-0.37226506942305104,-0.07518754852562552,-0.03946947417044473,0.8072119287810161,-0.5361107402806123,-0.19917177035909023,-0.0431494895617464,-0.0642716715576,-0.8223317245846523,-0.4549339772403137,-1.4600120943081873,-0.13004916117839413,0.10373124726242533,-0.8083439791400925,-0.1963350305392016,-0.20254858914084134,-0.0690561847543834,-0.2178151129480416,-0.8223156593236702
1731069108.81,-0.9214443623352827,0.4083198607515344,-0.07518754852562552,-0.24182148734097839,0.8068643985516015,-0.5361107402806123,1.1084007717549653,-0.0431494895617464,-0.16555207212867726,-0.8220026137222772,-0.4549339772403137,1.1829619880584503,-0.13004916117839413,-0.030000444093236805,-0.8105405801003338,-0.4558373623490976,1.383095679845019,-0.0690561847543834,-0.4124243898403614,-0.8219865247756531
1731069109.31,0.9615405870746049,0.011549512426278314,-0.07518754852562552,2.148278378368947,0.8065168687425165,-0.23948048582963297,0.32711261381129714,-0.0431494895617464,-0.059355147258033134,-0.8216734928806247,0.5911127968024926,-0.9042962158226466,-0.13004916117839413,1.565227588506447,-0.8088123466970886,-0.4558373623490976,0.8407593791484057,-0.0690561847543834,-0.4591306162945181,-0.8216573802599462
1731069109.81,0.9615405870746049,-0.21841534252142097,-0.07518754852562552,0.7318142861752122,0.8061693393537408,1.5403010408762854,-0.3076840145179331,-0.0431494895617464,-0.18841391012166314,-0.8213443620611988,0.5911127968024926,-1.042560453531968,-0.13004916117839413,3.1604556211061308,-0.8048270242589507,1.3606789603202112,0.23637612879582445,-0.0690561847543834,-0.18667762864527038,-0.8213282257780052
1731069110.31,-0.9214443623352827,-0.15687545176076914,-0.07518754852562552,-0.013075733322114303,0.8058218103853148,-0.5361107402806123,-0.23715105581468524,-0.0431494895617464,-0.18915138876659815,-0.8210152212654278,-0.4549339772403137,-0.649039161590054,-0.13004916117839413,-0.1369857971777664,-0.8049431998065054,-0.1963350305392016,0.4937560681094711,-0.0690561847543834,-0.2178151129480416,-0.8209990613312832
1731069110.81,0.9615405870746049,-0.18764539714109515,-0.07518754852562552,-0.010143095450077516,0.8054742818372315,-0.5361107402806123,-0.5138572784197344,-0.0431494895617464,-0.02493947716106516,-0.8206860704947679,0.5911127968024926,-0.6703105827761034,-0.13004916117839413,0.012029516047114096,-0.8068853553267478,-0.4558373623490976,0.2524623750029272,-0.0690561847543834,-0.25673696832650555,-0.8206698869212308
1731069111.31,-0.8920227225007512,0.6690546610795599,-0.07518754852562552,-0.08052640437895883,0.8051267537095113,-0.5361107402806123,-0.39178100374103636,-0.0431494895617464,0.07830753312983882,-0.8203569097506718,-0.4549339772403137,-0.3193321332062884,-0.13004916117839413,-0.27453839400073327,-0.8066367159061073,-0.4558373623490976,0.5626971232827694,-0.0690561847543834,2.7402458958152196,-0.8203407025493052
1731069111.81,0.932118947240076,-0.24432687547327447,-0.07518754852562552,-0.10985278309932606,0.804779226002194,1.5403010408762854,0.14264179874126454,-0.0431494895617464,-0.1972636538608835,-0.8200277390345686,0.5911127968024926,-0.0002608154155474674,-0.13004916117839413,-0.3929864634871768,-0.8037100971293147,1.3606789603202112,1.316452659844164,-0.0690561847543834,-0.1399714021911136,-0.820011508216958
1731069112.31,-0.9214443623352827,-0.1325833896184065,-0.07518754852562552,0.1188929709195381,0.804431698715233,-0.5361107402806123,0.01785271795859523,-0.0431494895617464,-0.13064474960175257,-0.8196985583479606,-0.4549339772403137,-0.5985195362731867,-0.13004916117839413,0.015850421514418817,-0.8063656743700246,-0.4558373623490976,0.5305246308685635,-0.0690561847543834,-0.3540416067726654,-0.8196823039256421
1731069112.81,0.9615405870746049,-0.23137110899734772,-0.07518754852562552,-0.2183603843646847,0.8040841718487017,-0.5361107402806123,-0.3375248816616149,-0.0431494895617464,0.05618317378178799,-0.819369367692278,0.5911127968024926,-1.0877622235523228,-0.13004916117839413,-0.04146316049515062,-0.8055722521417518,-0.1963350305392016,0.4730737515574818,-0.0690561847543834,-0.3618259778483582,-0.8193530896768103
1731069113.31,-0.9214443623352827,-0.1325833896184065,-0.07518754852562552,-0.03946947417044473,0.8037366454025668,-0.5361107402806123,-0.16933090321540872,-0.0431494895617464,-0.039689050059765744,-0.8190401670689713,-0.4549339772403137,-0.6995587869069213,-0.13004916117839413,-0.09877674250472006,-0.8029630430336746,-0.4558373623490976,1.5623424232955945,-0.0690561847543834,-0.054343320358492965,-0.8190238654719162
1731069113.81,-0.8920227225007512,-0.13906127285636988,-0.07518754852562552,1.374061980151254,0.8033891193768684,-0.23948048582963297,0.3515278687470368,-0.0431494895617464,-0.049522098658899415,-0.8187109564794959,0.5911127968024926,-0.6570159445348225,-0.13004916117839413,0.023492232449028087,-0.8035092005169838,1.3606789603202112,0.8246731329413031,-0.0690561847543834,-0.26841352494004467,-0.8186946313124074
1731069114.31,0.932118947240076,-0.030556728620483416,-0.07518754852562552,0.04557702411862013,0.8030415937716199,1.5403010408762854,-0.31039682062190416,-0.0431494895617464,-0.12818648745196914,-0.8183817359252793,-0.4549339772403137,-0.433666022081304,-0.13004916117839413,1.8116759911475955,-0.8021437636766028,-0.1963350305392016,1.0498805798407438,-0.0690561847543834,-0.2450604117129663,-0.8183653871997421
1731069114.81,0.9615405870746049,-0.1779285722841501,-0.07518754852562552,-0.007210457578040859,0.802694068586821,-0.5361107402806123,-0.46502676854825514,-0.0431494895617464,-0.02493947716106516,-0.8180525054078196,0.5911127968024926,-0.25551786964814016,-0.13004916117839413,0.14958211287008097,-0.8026691041420109,-0.4558373623490976,1.0958412832896094,-0.0690561847543834,-0.369610348924051,-0.8180361331353678
1731069115.31,-0.9214443623352827,-0.3058667662339265,-0.07518754852562552,-0.20076455713246436,0.8023465438224922,-0.5361107402806123,-0.6006670737468087,-0.0431494895617464,-0.059355147258033134,-0.8177232649285483,-0.6292751062474522,-0.09598221075276983,-0.13004916117839413,0.027313137916332636,-0.8041128483464287,-0.4558373623490976,0.53512070121345,-0.0690561847543834,-0.2956588237049695,-0.8177068691207375
1731069115.81,0.9615405870746049,0.5573111752246919,-0.07518754852562552,-0.18023609202820723,0.8019990194786332,1.5403010408762854,-0.5979542676428377,-0.0431494895617464,-0.1623563313339588,-0.8173940144889148,0.5911127968024926,-0.06141615132543953,-0.13004916117839413,-0.17901575731811747,-0.8042652250476569,-0.1963350305392016,-0.6024067091459712,-0.0690561847543834,1.759415140277928,-0.8173775951573032
1731069116.31,-0.9214443623352827,0.29981531651564813,-0.07518754852562552,0.025048559014363012,0.8016514955552774,-0.5361107402806123,-0.5002932478998791,-0.0431494895617464,-0.13556127390131942,-0.8170647540903716,-0.4549339772403137,1.2387994686718298,-0.13004916117839413,0.061701287122074434,-0.8013099969894898,1.3606789603202112,-0.6207909905255173,-0.0690561847543834,-0.369610348924051,-0.8170483112465126
1731069116.81,0.9615405870746049,-0.05160984914386437,-0.07518754852562552,-0.16850554054006034,0.8013039720524316,-0.5361107402806123,-0.4243346769886892,-0.0431494895617464,-0.03477252576019888,-0.8167354837343462,-0.4549339772403137,-0.9016372881743905,-0.13004916117839413,0.2298211276834782,-0.8044474311921802,-0.4558373623490976,-0.8391043319076288,-0.0690561847543834,-0.3579337923105118,-0.8167190173898199
1731069117.31,-0.9214443623352827,0.12329299828114645,-0.07518754852562552,-0.0218736469382244,0.8009564489701027,-0.5361107402806123,0.08296006445390096,-0.0431494895617464,-0.18743060526174976,-0.8164062034223378,0.5911127968024926,-0.6410623786452855,-0.13004916117839413,-0.22104571745846838,-0.8032385357680873,-0.4558373623490976,0.1398586515532068,-0.0690561847543834,-0.24116822617512,-0.8163897135886736
1731069117.81,-0.9214443623352827,-0.6945397605117284,-0.07518754852562552,-0.32686798563004327,0.8006089263083036,1.5403010408762854,-0.44332431971648656,-0.0431494895617464,-0.02493947716106516,-0.8160769131557721,0.5911127968024926,0.2762676600030949,-0.13004916117839413,-0.10259764797202478,-0.8035050278131842,1.3606789603202112,-0.1956544836235115,-0.0690561847543834,-0.22170729848588788,-0.8160603998445249
1731069118.31,0.9909622269091337,-0.012742549716084146,-0.07518754852562552,0.7787364921277997,0.8002614040670479,-0.5361107402806123,-0.14762845438364017,-0.0431494895617464,-0.10606212810391831,-0.8157476129360994,-0.4549339772403137,-0.5214106344737575,-0.13004916117839413,-0.27453839400073327,-0.8008467929427009,-0.1963350305392016,-0.4783128098340344,-0.0690561847543834,-0.4046400187646686,-0.8157310761588229
1731069118.81,0.932118947240076,0.51520493417793,-0.07518754852562552,0.025048559014363012,0.7999138822463557,-0.23948048582963297,-0.2805559534782224,-0.0431494895617464,-0.19038051984148988,-0.8154183027647722,0.5911127968024926,-0.12788934253184364,-0.13004916117839413,1.1315548179673713,-0.7992786532494354,-0.4558373623490976,0.31680735983133895,-0.0690561847543834,-0.1983541852588095,-0.8154017425330183
1731069119.31,-0.9214443623352827,-0.3172030619003624,-0.07518754852562552,-0.2271582979807948,0.7995663608462404,-0.5361107402806123,-0.06624427126450799,-0.0431494895617464,-0.13064474960175257,-0.8150889826432143,-0.4549339772403137,-0.298060712020239,-0.13004916117839413,-0.007075011289408993,-0.7990641343433226,-0.4558373623490976,-0.2898739256936859,-0.0690561847543834,-0.4318853175295933,-0.8150723989685609
1731069119.81,0.9615405870746049,0.6544794237941425,-0.07518754852562552,-0.2154277464926479,0.799218839866702,1.5403010408762854,1.347127708904419,-0.0431494895617464,0.4298390205488691,-0.8147596525729257,0.5911127968024926,0.40921404241590315,-0.13004916117839413,-0.18665756825272659,-0.7982728625194159,-0.1963350305392016,0.3949405556944104,-0.0690561847543834,-0.2450604117129663,-0.8147430454668988
1731069120.31,-0.9214443623352827,-0.38360136508948695,-0.07518754852562552,-0.27114786606134555,0.7988713193077536,-0.5361107402806123,0.22673878796436747,-0.0431494895617464,-0.1404777982008863,-0.8144303125553312,-0.4549339772403137,0.29753908118914435,-0.13004916117839413,-0.3089265432064749,-0.7981451239661016,1.3606789603202112,-0.38409336776386005,-0.0690561847543834,-0.2995510092428159,-0.8144136820294822
1731069120.81,0.9615405870746049,0.22693913008856037,-0.07518754852562552,-0.03067156055433463,0.7985237991694288,-0.5361107402806123,-0.022839373600970846,-0.0431494895617464,-0.18693895283179307,-0.8141009625918793,0.5911127968024926,0.35337656180252375,-0.13004916117839413,-0.05674678236436916,-0.7989341383197348,-0.4558373623490976,-0.47601477466159114,-0.0690561847543834,-0.4552384307566717,-0.814084308657759
1731069121.31,-0.9508660021698115,-0.2993888829959631,-0.07518754852562552,-0.18023609202820723,0.7981762794517144,-0.5361107402806123,-0.07709549568039228,-0.0431494895617464,-0.06918819585716686,-0.8137716026840194,-0.4549339772403137,-0.7553962675203011,-0.13004916117839413,-0.030000444093236805,-0.8013328609782708,-0.1963350305392016,-0.4599285284544882,-0.0690561847543834,-0.11661828896403519,-0.8137549253531785
1731069121.81,0.9909622269091337,-0.07104349885775448,-0.07518754852562552,-0.27114786606134555,0.797828760154657,1.5403010408762854,0.1860466964048014,-0.0431494895617464,-0.02493947716106516,-0.8134422328331774,0.5911127968024926,-1.000017611159869,-0.13004916117839413,-0.13316489171046186,-0.7982023104546238,1.3606789603202112,-0.2875758905212426,-0.0690561847543834,-0.3812869055375902,-0.8134255321171876
1731069122.31,-0.9214443623352827,0.2949569040871754,-0.07518754852562552,-0.051200025658591615,0.7974812412782365,-0.5361107402806123,0.48988098004956143,-0.0431494895617464,-0.16653537698859064,-0.8131128530408495,-0.4549339772403137,-0.819210531078449,-0.13004916117839413,-0.25161296119690546,-0.8001383331246612,-0.1963350305392016,-0.4943990560411374,-0.0690561847543834,-0.369610348924051,-0.8130961289512366
1731069122.81,0.9615405870746049,-0.6605308735124207,-0.07518754852562552,-0.10105486948321582,0.7971337228224664,-0.5361107402806123,-0.2805559534782224,-0.0431494895617464,-0.15719398081941358,-0.8127834633084603,0.5911127968024926,-0.4070767455987422,-0.13004916117839413,-0.018537727691322812,-0.7967613383861396,-0.4558373623490976,-0.45303442293715834,-0.0690561847543834,-0.3345806790834334,-0.8127667158567724
1731069123.31,-0.9214443623352827,0.17025765175638072,-0.07518754852562552,0.5954466251255048,0.7967862047873935,-0.5361107402806123,-0.9343422245352503,-0.0431494895617464,-0.13556127390131942,-0.8124540636374575,-0.4549339772403137,-0.5160927791772452,-0.13004916117839413,-0.08731402610280624,-0.7954336354463598,-0.4558373623490976,0.31680735983133895,-0.0690561847543834,-0.4007478332268222,-0.8124372928352427
1731069123.81,0.9615405870746049,-0.5520263292765344,-0.07518754852562552,1.2919481197342255,0.7964386871729776,1.5403010408762854,-0.6440719714103458,-0.0431494895617464,-0.11343691455326856,-0.8121246540292888,0.5911127968024926,-0.3485803373371063,-0.13004916117839413,2.6369915720853965,-0.797626346339634,1.3606789603202112,-0.15888592086441905,-0.0690561847543834,-0.389071276613283,-0.8121078598880941
1731069124.31,-0.9214443623352827,0.030983162140168424,-0.07518754852562552,0.5426591434288439,0.796091169979299,-0.5361107402806123,-0.8258299803764074,-0.0431494895617464,-0.09131255520521774,-0.8117952344853788,-0.4549339772403137,-0.22892859316557837,-0.13004916117839413,-0.3509565033468258,-0.7954392305276924,-0.4558373623490976,-0.1427996746573161,-0.0690561847543834,-0.2450604117129663,-0.8117784170167749
1731069124.81,0.9909622269091337,0.3451604991813917,-0.07518754852562552,-0.2066298328765378,0.7957436532063041,-0.5361107402806123,-0.8936501329756842,-0.0431494895617464,-0.19824695872079684,-0.8114658050072229,0.5911127968024926,0.467710450677539,-0.13004916117839413,0.0693430980566837,-0.7975034477340848,-0.1963350305392016,0.37655627431486416,-0.0690561847543834,-0.3384728646212798,-0.8114489642227312
1731069125.31,-0.9508660021698115,-0.44514125585013875,-0.07518754852562552,0.640902512142074,0.7953961368540532,-0.5361107402806123,-0.7987019193366967,-0.0431494895617464,-0.14637762736036652,-0.8111363655962447,-1.5009807512831326,-1.2871817971715358,-0.13004916117839413,0.47817998305827925,-0.7985687174313324,-0.4558373623490976,0.35817199293531793,-0.0690561847543834,1.2456466492822034,-0.8111195015074105
1731069125.81,0.9909622269091337,0.567028000081637,-0.07518754852562552,-0.05999793927470185,0.795048620922526,1.5403010408762854,-0.7227433484255068,-0.0431494895617464,-0.029856001460632022,-0.81080691625389,1.6371595708453115,-1.186142546537801,-0.13004916117839413,-0.007075011289408993,-0.795555498278307,1.3606789603202112,0.6178499674214081,-0.0690561847543834,2.829766163185687,-0.810790028872258
1731069126.31,-0.9214443623352827,0.2609480170878679,-0.07518754852562552,-0.06586321501877529,0.794701105411763,-0.5361107402806123,-0.3483761060774992,-0.0431494895617464,1.3910195211141896,-0.8104774569816064,-0.4549339772403137,-1.3722674819157332,-0.13004916117839413,-0.18665756825272659,-0.7943392963533773,-0.4558373623490976,0.5374187363858935,-0.0690561847543834,-0.09326517573695679,-0.8104605463187214
1731069126.81,0.932118947240076,0.4569039850362597,-0.07518754852562552,-0.1362465239476565,0.7943535903217706,-0.5361107402806123,-0.5626877882912137,-0.0431494895617464,-0.16776450806348234,-0.8101479877808169,0.5911127968024926,-1.2978175077645606,-0.13004916117839413,-0.052925876897064614,-0.7978747596189861,-0.4558373623490976,0.6775988819049333,-0.0690561847543834,0.0020933699402797927,-0.8101310538482444
1731069127.31,-0.9214443623352827,-0.028937257810992573,-0.07518754852562552,0.09249923007120754,0.7940060756525555,-0.5361107402806123,-0.8448196231042049,-0.0431494895617464,-0.1635854624088505,-0.8098185086530136,-0.4549339772403137,-1.3642906989709649,-0.13004916117839413,0.09991034179512079,-0.796596080261064,-0.1963350305392016,0.5029482087992442,-0.0690561847543834,0.09745191561751655,-0.8098015514622758
1731069127.81,0.9615405870746049,-0.18440645552211346,-0.07518754852562552,-0.10692014522728926,0.7936585614041246,1.5403010408762854,-0.7769994705049282,-0.0431494895617464,-0.12081170100261884,-0.8094890195996216,0.5911127968024926,-0.925567637008696,-0.13004916117839413,-0.14462760811237568,-0.7931800392150975,1.3606789603202112,0.8499515198381788,-0.0690561847543834,0.02739257593628135,-0.8094720391622597
1731069128.31,-0.8920227225007512,0.8860637495513328,-0.07518754852562552,2.3242366506911503,0.793311047576491,-0.5361107402806123,-0.48130360517208154,-0.0431494895617464,-0.11835343885283542,-0.8091595206220853,-0.4549339772403137,-0.9229087093604399,-0.13004916117839413,2.969410347740899,-0.7927764638703945,-0.4558373623490976,0.21109774189894814,-0.0690561847543834,-0.11661828896403519,-0.8091425169496405
1731069128.81,0.932118947240076,-0.3220614743288349,-0.07518754852562552,-0.28874369329356586,0.7929635341696815,-0.5361107402806123,-0.7959891132327256,-0.0431494895617464,-0.08393776875586743,-0.8088300117218497,0.5911127968024926,-1.0053354664563814,-0.13004916117839413,-0.22486662292577295,-0.7936446473752681,-0.4558373623490976,-0.02330184569026567,-0.0690561847543834,-0.2917666381671231,-0.808812984825864
1731069129.31,-0.9214443623352827,0.5508332919867286,-0.07518754852562552,0.0279811968863998,0.7926160211837096,-0.5361107402806123,-0.8665220719359735,-0.0431494895617464,-0.14785258465023657,-0.8085004929003364,-0.4549339772403137,-1.0106533217528937,-0.13004916117839413,-0.21722481199116367,-0.793260453505082,-0.4558373623490976,-0.05777237327691483,-0.0690561847543834,-0.16332451541819198,-0.8084834427923756
1731069129.81,0.9909622269091337,-0.2864331165200364,-0.07518754852562552,-0.08345904225099549,0.7922685086185751,1.5403010408762854,-0.4758779929641394,-0.0431494895617464,-0.17513929451283264,-0.8081709641590401,0.5911127968024926,-1.3935389031017826,-0.13004916117839413,-0.15609032451428967,-0.7936073925645393,1.3606789603202112,-0.018705775345379115,-0.0690561847543834,-0.16332451541819198,-0.8081538908506191
1731069130.31,-0.9508660021698115,-0.2621410543776737,-0.07518754852562552,-0.17143817841209713,0.7919209964742983,-0.23948048582963297,-0.5843902371229823,-0.0431494895617464,-0.19800113250581852,-0.8078414254993795,-0.4549339772403137,-0.6596748721830787,-0.13004916117839413,-0.06820949876628316,-0.7953512539728389,-0.4558373623490976,0.08010973706968158,-0.0690561847543834,1.5414527501585298,-0.8078243290020374
1731069130.81,-0.8920227225007512,-0.38684030670846864,-0.07518754852562552,-0.13331388607561984,0.7915734847508856,-0.5361107402806123,-0.6630616141381432,-0.0431494895617464,-0.14932754194010664,-0.8075118769228005,0.7654539258096312,-1.0797854406075544,-0.13004916117839413,-0.4044491798890907,-0.7913960739871958,-0.1963350305392016,0.9671513136327863,-0.0690561847543834,-0.3267963080077407,-0.8074947572480772
1731069131.31,0.932118947240076,-0.279955233282073,-0.07518754852562552,0.10129714368731778,0.7912259734483573,-0.5361107402806123,-0.13949003607172694,-0.0431494895617464,-0.12818648745196914,-0.8071823184307477,-0.4549339772403137,-0.558635621549344,-0.13004916117839413,-0.17901575731811747,-0.7936468755230265,-0.4558373623490976,0.43630518879838937,-0.0690561847543834,-0.2255994840237344,-0.8071651755901809
1731069131.81,0.9615405870746049,0.46662080989320476,-0.07518754852562552,-0.07466112863488539,0.7908784625667268,1.5403010408762854,-0.23172544360674308,-0.0431494895617464,0.4298390205488691,-0.8068527500246402,0.5911127968024926,-0.7447605569272764,-0.13004916117839413,-0.1675530409162035,-0.7917317787336242,1.3606789603202112,0.0686195612074652,-0.0690561847543834,-0.4630228018323645,-0.8068355840297935
1731069132.31,-0.9214443623352827,-0.17630910147465925,-0.07518754852562552,-0.21249510862061124,0.7905309521060004,-0.5361107402806123,-0.2778431473742513,-0.0431494895617464,-0.12818648745196914,-0.8065231717059714,-0.4549339772403137,-0.42303031148827924,-0.13004916117839413,-0.06438859329897843,-0.7917156769760931,-0.4558373623490976,0.2524623750029272,-0.0690561847543834,-0.4669149873702109,-0.806505982568355
1731069132.81,0.9615405870746049,-0.34635353647119754,-0.07518754852562552,0.8725809040329748,0.790183442066192,-0.5361107402806123,-0.2886943717901356,-0.0431494895617464,-0.18841391012166314,-0.8061935834761593,0.5911127968024926,-0.4070767455987422,-0.13004916117839413,1.3760927678748678,-0.7931330558886572,-0.4558373623490976,0.7373477963884585,-0.0690561847543834,-0.17889325756957758,-0.8061763712073124
1731069133.31,-0.8920227225007512,0.06661151994896697,-0.07518754852562552,-0.22422566010875813,0.7898359324473212,-0.5361107402806123,0.2240259818603964,-0.0431494895617464,-0.12818648745196914,-0.8058639853366477,-0.4549339772403137,0.17788733701761608,-0.13004916117839413,-0.3089265432064749,-0.7901609758359206,-0.4558373623490976,1.4037779963970085,-0.0690561847543834,-0.3151197513942015,-0.8058467499481062
1731069133.81,0.9615405870746049,-0.13420286042789734,-0.07518754852562552,-0.10692014522728926,0.7894884232493882,1.5403010408762854,-0.23443824971071417,-0.0431494895617464,0.09797363032810626,-0.8055343772888823,-0.6292751062474522,-0.9654515517325387,-0.13004916117839413,-0.12170217530854788,-0.7889728560325595,-0.1963350305392016,0.8085868867341999,-0.0690561847543834,-0.18667762864527038,-0.8055171187921824
1731069134.31,-0.9214443623352827,0.13462929394758216,-0.07518754852562552,-0.03946947417044473,0.7891409144724397,-0.5361107402806123,-0.2561406985424827,-0.0431494895617464,-0.13556127390131942,-0.8052047593342784,0.5911127968024926,-0.43898387737781636,-0.13004916117839413,0.0005667996452002768,-0.7874054616882213,1.3606789603202112,0.5052462439716877,-0.0690561847543834,-0.3540416067726654,-0.8051874777409763
1731069134.81,-0.9214443623352827,-0.3253004159478166,-0.07518754852562552,0.0866339543271341,0.7887934061164358,-0.5361107402806123,-0.16933090321540872,-0.0431494895617464,0.014392717235469674,-0.8048751314743292,0.7654539258096312,-0.7474194845755325,-0.13004916117839413,0.0693430980566837,-0.7897818481603034,-0.4558373623490976,0.9326807860461369,-0.0690561847543834,0.09355973007967024,-0.8048578267959372
1731069135.31,0.9615405870746049,-0.07104349885775448,-0.07518754852562552,-0.3356658992461534,0.7884458981814298,-0.5361107402806123,-0.29411998399807776,-0.0431494895617464,-0.17636842558772434,-0.8045454937104519,-0.6292751062474522,-0.4070767455987422,-0.13004916117839413,-0.2325084338603822,-0.7895347441084849,-0.4558373623490976,1.1372059163935884,-0.0690561847543834,-0.1905698141831167,-0.8045281659585047
1731069135.81,0.9615405870746049,0.07794781561540286,-0.07518754852562552,-0.07172849076284873,0.788098390667415,-0.23948048582963297,-0.4053450342608917,-0.0431494895617464,-0.17808920909257275,-0.8042158460440904,0.5911127968024926,-0.5054570685842205,-0.13004916117839413,-0.3624192197487397,-0.7914972977141389,1.3606789603202112,1.0590727205305168,-0.0690561847543834,-0.3112275658563551,-0.804198495230119
1731069136.31,-0.9214443623352827,0.09414252371031129,-0.07518754852562552,-0.04240211204248152,0.7877508835744116,1.5403010408762854,-0.7064665118016804,-0.0431494895617464,-0.13556127390131942,-0.8038861884766845,-0.4549339772403137,-0.23424644846209072,-0.13004916117839413,-0.30510563773917027,-0.7874029133692168,-0.1963350305392016,1.1716764439802378,-0.0690561847543834,-0.14386358772896007,-0.803868814612222
1731069136.81,0.9615405870746049,-0.017600962144556673,-0.07518754852562552,-0.2154277464926479,0.7874033769024529,-0.5361107402806123,-0.6494975836182879,-0.0431494895617464,-0.03477252576019888,-0.8035565210096541,0.5911127968024926,-0.08268757251148895,-0.13004916117839413,-0.41973280175830924,-0.7877741369157497,-0.4558373623490976,0.3627680632802045,-0.0690561847543834,-0.4124243898403614,-0.803539124106257
1731069137.31,-0.9214443623352827,-0.2086985176644761,-0.07518754852562552,0.4620116019478341,0.7870558706515054,-0.5361107402806123,-0.5464109516673873,-0.0431494895617464,-0.1825140809621829,-0.8032268436444872,-0.4549339772403137,0.3055158641339126,-0.13004916117839413,1.2652865093230334,-0.7903679172017279,-0.4558373623490976,-0.593214568456198,-0.0690561847543834,-0.2372760406372735,-0.8032094237136644
1731069137.81,0.9615405870746049,0.006691099997805786,-0.07518754852562552,-0.18610136777228067,0.7867083648216228,1.5403010408762854,-0.497580441795908,-0.0431494895617464,0.8207027023644342,-0.8028971563826025,0.5911127968024926,0.48632294421533256,-0.13004916117839413,-0.4350164236275277,-0.7864449049034234,1.3606789603202112,-0.6736457994917128,-0.0690561847543834,-0.12829484557757448,-0.8028797134358836
1731069138.31,-0.9214443623352827,-0.5018227341823183,-0.07518754852562552,-0.31220479626985964,0.7863608594127915,-0.5361107402806123,-0.3836425854291231,-0.0431494895617464,-0.015106428561931439,-0.8025674592254401,-0.4549339772403137,-0.9016372881743905,-0.13004916117839413,-0.32421016507569345,-0.7888406246112057,-0.4558373623490976,-0.6598575884570531,-0.0690561847543834,-0.2761978960157375,-0.8025499932743559
1731069138.81,0.9909622269091337,0.00993004161678747,-0.07518754852562552,-0.24182148734097839,0.7860133544250452,-0.5361107402806123,-0.38092977932515204,-0.0431494895617464,-0.1916096509163816,-0.8022377521744409,0.5911127968024926,-0.938862275249977,-0.13004916117839413,-0.41973280175830924,-0.7897812740866373,-0.1963350305392016,-0.6299831312152905,-0.0690561847543834,-0.3345806790834334,-0.8022202632305212
1731069139.31,-0.9508660021698115,-0.19412328037905852,-0.07518754852562552,-0.13331388607561984,0.7856658498583903,-0.5361107402806123,-0.10151075061613193,-0.0431494895617464,-0.12818648745196914,-0.801908035231023,-0.4549339772403137,-0.5905427533284181,-0.13004916117839413,-0.43119551816022306,-0.7854239594037645,-0.4558373623490976,0.1651370384500826,-0.0690561847543834,-0.2372760406372735,-0.8018905233058194
1731069139.81,0.9909622269091337,-0.2540437003302195,-0.07518754852562552,-0.11571805884339949,0.7853183457128337,-0.23948048582963297,-0.04182901632876835,-0.0431494895617464,-0.02739773931084859,-0.8015783083966722,0.5911127968024926,-0.2608357249446525,-0.13004916117839413,-0.20576209558924985,-0.7878853717104551,1.3606789603202112,-0.5357636891451164,-0.0690561847543834,-0.3073353803185087,-0.8015607735016913
1731069140.31,-0.9214443623352827,-0.09047714857164459,-0.07518754852562552,-0.1948992813883909,0.7849708419883952,1.5403010408762854,-0.18289493373526408,-0.0431494895617464,-0.17243520614807087,-0.8012485716728064,-0.4549339772403137,-0.12523041488358747,-0.13004916117839413,-0.30510563773917027,-0.7879319834784811,-0.4558373623490976,-0.4277560360402823,-0.0690561847543834,-0.3462572356969726,-0.8012310138195752
1731069140.81,0.9909622269091337,-0.8160000712235416,-0.07518754852562552,0.016250645398252914,0.7846233386850751,-0.5361107402806123,-0.27513034127028024,-0.0431494895617464,-0.18202242853222625,-0.8009188250608656,0.5911127968024926,0.39591940417462257,-0.13004916117839413,0.3673737245064449,-0.7845711372287336,-0.4558373623490976,-0.4369481767300554,-0.0690561847543834,-0.408532204302515,-0.8009012442609118
1731069141.31,-0.9214443623352827,0.0018326875693332578,-0.07518754852562552,0.08956659219917089,0.7842758358028998,-0.5361107402806123,-0.14491564827966907,-0.0431494895617464,-0.1739101634379409,-0.8005890685622891,-0.4549339772403137,0.34008192356124317,-0.13004916117839413,0.19161207301043184,-0.7863013663003233,-0.1963350305392016,0.008870646723939965,-0.0690561847543834,-0.3384728646212798,-0.8005714648271379
1731069141.81,0.932118947240076,-0.16173386418924166,-0.07518754852562552,0.2889859674976677,0.7839283333418897,1.5403010408762854,0.007001493542710944,-0.0431494895617464,-0.19947608979568857,-0.8002593021784917,0.5911127968024926,0.22308910703797138,-0.13004916117839413,0.4628963611890607,-0.7870725823434728,1.3606789603202112,-0.6736457994917128,-0.0690561847543834,-0.2839822670914303,-0.8002416755196958
1731069142.31,-0.9214443623352827,-0.0872382069526629,-0.07518754852562552,-0.1450444375637667,0.7835808313020313,-0.5361107402806123,-0.009275343081115488,-0.0431494895617464,0.0021014064865525757,-0.7999295259109613,-0.6292751062474522,-0.41239460089525454,-0.13004916117839413,-0.27835929946803784,-0.7831552880128667,-0.4558373623490976,-0.32894052362522136,-0.0690561847543834,0.04685350362551344,-0.7999118763400224
1731069142.81,0.9909622269091337,0.10385934856725634,-0.07518754852562552,-0.256484676701162,0.7832333296833512,-0.5361107402806123,0.009714299646682016,-0.0431494895617464,0.07584927098005538,-0.7995997397611131,-0.4549339772403137,-1.0691497300145296,2.0283981344429933,-0.33567288147760727,-0.7824140796996786,-0.4558373623490976,-0.14969378017464594,-0.0690561847543834,-0.2255994840237344,-0.7995820672895553
1731069143.31,-0.9508660021698115,-0.6913008188927466,-0.07518754852562552,-0.09812223161117917,0.7828858284858697,-0.5361107402806123,0.04498077899830595,-0.0431494895617464,-0.17563094694278933,-0.7992699437303851,-0.4549339772403137,-1.4121513966395762,-0.13004916117839413,-0.22104571745846838,-0.7825179312192141,-0.4558373623490976,-0.2714896443141397,-0.0690561847543834,-0.20224637079665597,-0.7992522483697327
1731069143.81,0.9909622269091337,0.11195670261471037,-0.07518754852562552,0.0279811968863998,0.7825383277095933,1.5403010408762854,0.23759001238025176,-0.0431494895617464,-0.15129415165993337,-0.7989401378202163,0.5911127968024926,-0.7288069910377393,-0.13004916117839413,-0.14462760811237568,-0.7823685635900648,1.3606789603202112,-0.33353659397010793,-0.0690561847543834,-0.3384728646212798,-0.7989224195819947
1731069144.31,-0.9214443623352827,-0.6767255816073291,-0.07518754852562552,-0.16557290266802369,0.782190827354542,-0.5361107402806123,-0.5518365638753294,-0.0431494895617464,-0.11589517670305198,-0.7986103220320201,-0.4549339772403137,-0.5559766939010878,-0.13004916117839413,-0.24397115026229618,-0.7807978621804181,-0.4558373623490976,-0.4277560360402823,-0.0690561847543834,2.709108411512448,-0.7985925809277752
1731069144.81,0.9615405870746049,-0.12772497718993397,-0.07518754852562552,-0.20956247074857445,0.781843327420716,-0.5361107402806123,-0.8963629390796553,-0.0431494895617464,-0.16088137404408873,-0.798280496367285,0.5911127968024926,-0.2129750272760413,-0.13004916117839413,-0.1369857971777664,-0.7841046802512356,-0.4558373623490976,-0.29676803121101547,-0.0690561847543834,-0.3579337923105118,-0.7982627324085146
1731069145.31,-0.9214443623352827,0.5556917044152009,-0.07518754852562552,-0.24768676308505183,0.7814958279081287,-0.23948048582963297,-0.9967367649265848,-0.0431494895617464,-0.17808920909257275,-0.7979506608274215,-0.4549339772403137,-0.1119357766423066,-0.13004916117839413,-0.2860011104026471,-0.7797889869487579,-0.1963350305392016,0.004274576379053409,-0.0690561847543834,-0.2450604117129663,-0.79793287402565
1731069145.81,0.9909622269091337,-0.4386633726121754,-0.07518754852562552,-0.2682152281893088,0.7811483288168065,1.5403010408762854,-0.4107706464688338,-0.0431494895617464,-0.12818648745196914,-0.7976208154138695,0.5911127968024926,0.04759988225306371,-0.13004916117839413,-0.4464791400294416,-0.7828833324667643,-0.4558373623490976,0.40872876672907005,-0.0690561847543834,-0.5330821415135997,-0.7976030057806175
1731069146.31,-0.9508660021698115,0.5459748795582559,-0.07518754852562552,-0.17437081628413378,0.7808008301467431,-0.5361107402806123,-0.6901896751778539,-0.0431494895617464,-0.11835343885283542,-0.7972909601280653,-1.675321880290271,-0.5985195362731867,-0.13004916117839413,-0.3509565033468258,-0.782735852092419,1.3606789603202112,0.020360822586156353,-0.0690561847543834,-0.3579337923105118,-0.7972731276748538
1731069146.81,0.9615405870746049,-0.34149512404272503,-0.07518754852562552,1.6057403720421544,0.7804533318979849,-0.5361107402806123,-0.6929024812818251,-0.0431494895617464,-0.1709602488582008,-0.7969610949714221,0.5911127968024926,-1.3483371330814278,-0.13004916117839413,-0.13316489171046186,-0.7831879711859144,-0.4558373623490976,0.25016433983048414,-0.0690561847543834,-0.2839822670914303,-0.796943239709796
1731069147.31,-0.9508660021698115,0.5411164671297835,-0.07518754852562552,-0.2799457796774557,0.7801058340705056,-0.5361107402806123,-0.8176915620644942,-0.0431494895617464,-0.20390096166529875,-0.7966312199454246,0.5911127968024926,-1.0026765388081251,-0.13004916117839413,-0.297463826804561,-0.7824112317977244,-0.4558373623490976,0.4730737515574818,-0.0690561847543834,-0.408532204302515,-0.7966133418868784
1731069147.81,-0.8920227225007512,-0.030556728620483416,-0.07518754852562552,-0.06586321501877529,0.7797583366643382,1.5403010408762854,-0.8827989085597999,-0.0431494895617464,-0.17980999259742114,-0.7963013350514854,0.5911127968024926,-1.2659103759854864,-0.13004916117839413,-0.4846881947024879,-0.7832798193105495,1.3606789603202112,0.4110268019015136,-0.0690561847543834,-0.3579337923105118,-0.7962834342075403
1731069148.31,0.9615405870746049,0.08928411128183876,-0.07518754852562552,-0.10398750735525261,0.7794108396794964,-0.5361107402806123,-0.378216973221181,-0.0431494895617464,-0.17587677315776767,-0.7959714402910423,-0.4549339772403137,-0.6729695104243596,-0.13004916117839413,-0.33185197601030264,-0.7808113152778762,-0.4558373623490976,0.7442419019057881,-0.0690561847543834,-0.17500107203173126,-0.7959535166732163
1731069148.81,0.9615405870746049,0.7678423804585011,-0.07518754852562552,-0.2799457796774557,0.7790633431159734,-0.5361107402806123,-0.7173177362175647,-0.0431494895617464,-0.17464764208287595,-0.7956415356655288,0.4167716677953665,-0.8085748204854243,-0.13004916117839413,-0.27453839400073327,-0.7801763173681201,-0.1963350305392016,0.7488379722506746,-0.0690561847543834,1.319598174501285,-0.7956235892853403
1731069149.31,-0.9214443623352827,-0.22975163818785688,-0.07518754852562552,-0.3415311749902268,0.7787158469738293,-0.23948048582963297,-0.8068403376486099,-0.0431494895617464,-0.03477252576019888,-0.79531162117636,-0.2805928482331876,-0.8830247946365972,-0.13004916117839413,-0.3738819361506536,-0.7821247553988486,-0.4558373623490976,0.18352131982962883,-0.0690561847543834,-0.4202087609160542,-0.7952936520453496
1731069149.81,0.9615405870746049,0.3289657910864833,-0.07518754852562552,-0.12158333458747293,0.7783683512530241,1.5403010408762854,-0.5030060540038501,-0.0431494895617464,-0.15965224296919703,-0.7949816968250158,0.5911127968024926,-0.9122729987674152,-0.13004916117839413,-0.0720304042335877,-0.7805850851740688,-0.4558373623490976,-0.048580232587141725,-0.0690561847543834,-0.39296346215112943,-0.7949637049546776
1731069150.31,-0.9214443623352827,-0.2669994668061463,-0.07518754852562552,-0.2682152281893088,0.7780208559535977,-0.5361107402806123,-0.7905635010247835,-0.0431494895617464,-0.15006502058504168,-0.7946517626129108,-0.4549339772403137,-0.9335444199534646,-0.13004916117839413,-0.32421016507569345,-0.7774838342006738,1.3606789603202112,-0.4070737194882928,-0.0690561847543834,0.5917594789240089,-0.7946337480147603
1731069150.81,0.9615405870746049,-0.31558359109087153,-0.07518754852562552,-0.3561943643504104,0.7776733610755503,-0.5361107402806123,-0.6467847775143168,-0.0431494895617464,0.7862870322674661,-0.794321818541479,-0.4549339772403137,-1.2020961124273382,-0.13004916117839413,-0.3891655580198721,-0.7791487466603784,-0.4558373623490976,-0.19335644845106822,-0.0690561847543834,-0.24116822617512,-0.7943037812270322
1731069151.31,-0.9214443623352827,1.3783828756365482,-0.07518754852562552,2.0309728634874786,0.7773258666189087,-0.5361107402806123,0.9619092421405274,-0.0431494895617464,-0.10852039025370175,-0.7939918646121547,0.5911127968024926,-0.6118141745144675,-0.13004916117839413,3.3897099491444083,-0.7764294756208598,-0.4558373623490976,1.856490925368334,-0.0690561847543834,-0.2995510092428159,-0.7939738045929271
1731069151.81,-0.8920227225007512,0.5200633466064024,-0.07518754852562552,-0.09518959373914238,0.7769783725836926,1.5403010408762854,0.983611690972296,-0.0431494895617464,-0.04706383650911604,-0.7936619008263511,0.5911127968024926,-0.8910015775813658,-0.13004916117839413,-0.27453839400073327,-0.7767920561508426,1.3606789603202112,0.12147437017366057,-0.0690561847543834,-0.3618259778483582,-0.7936438181138804
1731069152.31,0.932118947240076,1.0771613050712519,-0.07518754852562552,-0.13917916181969325,0.776630878969889,-0.5361107402806123,-0.35922733049338346,-0.0431494895617464,-0.14096945063084299,-0.7933319271855465,-0.4549339772403137,-0.9335444199534646,-0.13004916117839413,-0.43119551816022306,-0.7777414912305157,-0.4558373623490976,-0.009513634655606003,-0.0690561847543834,-0.14386358772896007,-0.7933138217913253
1731069152.81,0.9615405870746049,-0.12610550638044313,-0.07518754852562552,-0.3151374341418964,0.7762833857775245,-0.23948048582963297,-0.22629983139880094,-0.0431494895617464,-0.2014426995155153,-0.7930019436911551,0.5911127968024926,-1.0266068876424308,-0.13004916117839413,-0.3394937869449119,-0.7760916195157829,-0.4558373623490976,0.2915289729344631,-0.0690561847543834,-0.4163165753782078,-0.7929838156266931
1731069153.31,-2.8044293117451677,-0.22813216737836603,7.7010976048729765,-0.17730345415617058,0.7759358930066126,-0.5361107402806123,-0.12592600555187158,-0.0431494895617464,-0.1822682547472046,-0.7926719503446091,-0.4549339772403137,-0.6091552468662114,-0.13004916117839413,-0.16373213544889895,-0.777533995521539,-0.4558373623490976,0.5006501736268012,-0.0690561847543834,-0.3306884935455871,-0.7926537996214207
1731069153.81,0.9615405870746049,-0.5309732087531535,-0.07518754852562552,-0.1274486103315464,0.7755884006571597,-0.23948048582963297,-0.5002932478998791,-0.0431494895617464,-0.20562174517014714,-0.792341947147342,0.5911127968024926,-0.5639534768458564,-0.13004916117839413,-0.12170217530854788,-0.7792936685601525,-0.1963350305392016,0.2386741639682675,-0.0690561847543834,-0.4863759150594429,-0.7923237737769405
1731069154.31,-0.9214443623352827,-0.10991079828553471,-0.07518754852562552,-0.18023609202820723,0.7752409087291994,-0.5361107402806123,-0.5599749821872426,-0.0431494895617464,-0.11343691455326856,-0.7920119341007651,-0.4549339772403137,0.13268556699726136,-0.13004916117839413,-0.4120909908237,-0.7743476368367255,1.3606789603202112,0.4868619625921415,-0.0690561847543834,-0.4863759150594429,-0.7919937380946847
1731069154.81,-0.9214443623352827,0.5411164671297835,-0.07518754852562552,-0.013075733322114303,0.774893417222725,-0.5361107402806123,-0.42162187088471814,-0.0431494895617464,-0.007731642112581147,-0.7916819112063574,0.5911127968024926,-0.08534650015974513,-0.13004916117839413,-0.21722481199116367,-0.7739725172041586,-0.4558373623490976,0.8315672384586327,-0.0690561847543834,-0.16721670095603847,-0.7916636925760856
1731069155.31,0.9615405870746049,-0.2621410543776737,-0.07518754852562552,-0.17730345415617058,0.7745459261377432,-0.5361107402806123,-0.22358702529482988,-0.0431494895617464,-0.13801953605110287,-0.7913518784655296,-0.4549339772403137,-0.9122729987674152,-0.13004916117839413,-0.3203892596083888,-0.7749776179701201,-0.4558373623490976,0.6661087060427171,-0.0690561847543834,-0.4241009464539006,-0.7913336372225763
1731069155.81,-0.9214443623352827,-0.08561873614317206,-0.07518754852562552,1.1687773291086834,0.7741984354742807,1.5403010408762854,-0.34295049386955706,-0.0431494895617464,-0.20611339760010383,-0.7910218358797136,0.5911127968024926,-0.8936605052296219,-0.13004916117839413,1.6817652052592382,-0.7760923418849569,1.3606789603202112,0.5833794398347592,-0.0690561847543834,-0.280090081553584,-0.7910035720355914
1731069156.31,0.9909622269091337,-0.10667185666655302,-0.07518754852562552,-0.2154277464926479,0.7738509452323575,-0.5361107402806123,0.07753445224595881,-0.0431494895617464,-0.2036551354503204,-0.7906917834503422,-0.4549339772403137,-0.6197909574592361,-0.13004916117839413,-0.18665756825272659,-0.7739851613703094,-0.4558373623490976,1.1762725143251243,-0.0690561847543834,-0.17500107203173126,-0.7906734970165592
1731069156.81,0.932118947240076,-0.05808773238182774,-0.07518754852562552,-0.23595621159690494,0.7735034554119737,-0.23948048582963297,-0.5138572784197344,-0.0431494895617464,-0.18030164502737783,-0.7903617211788245,0.5911127968024926,-0.5559766939010878,-0.13004916117839413,-0.3433146924122165,-0.7735665933468577,-0.4558373623490976,1.2406174991535361,-0.0690561847543834,-0.3423650501591262,-0.7903434121669128
1731069157.31,-0.9214443623352827,-0.10667185666655302,-0.07518754852562552,0.0866339543271341,0.7731559660131427,-0.5361107402806123,-0.5626877882912137,-0.0431494895617464,-0.061813409407816565,-0.7900316490666399,-0.4549339772403137,-0.24488215905511543,-0.13004916117839413,0.09226853086051151,-0.7735647397462613,-0.4558373623490976,1.7829537998501492,-0.0690561847543834,-0.3735025344618974,-0.7900133174880832
1731069157.81,0.9615405870746049,-0.11314973990451639,-0.07518754852562552,0.1276908845356482,0.7728084770358711,1.5403010408762854,-0.2697047290623381,-0.0431494895617464,-0.04706383650911604,-0.7897015671151968,0.5911127968024926,-0.2156339549242975,-0.13004916117839413,0.16868664020660404,-0.7725734167325687,1.3606789603202112,1.139503951566032,-0.0690561847543834,-0.2178151129480416,-0.789683212981504
1731069158.31,-0.9214443623352827,0.2010275971367069,-0.07518754852562552,0.013318007526216126,0.7724609884801923,-0.5361107402806123,-0.6033798798507798,-0.0431494895617464,1.5458900365505457,-0.7893714753259266,-0.4549339772403137,0.42250868065718433,-0.13004916117839413,0.061701287122074434,-0.7717719176318567,-2.0128513532085104,-0.19335644845106822,-0.0690561847543834,2.428871052787508,-0.7893530986486038
1731069158.81,0.9615405870746049,-0.07428244047673617,-0.07518754852562552,-0.09225695586710572,0.7721135003461064,-0.5361107402806123,0.1968979208206857,-0.0431494895617464,-0.08393776875586743,-0.7890413737002605,0.5911127968024926,0.26297302176181375,-0.13004916117839413,-0.13316489171046186,-0.7728828966905809,1.3606789603202112,-0.65066544776728,-0.0690561847543834,-0.1477557732668064,-0.7890229744908133
1731069159.31,-0.9214443623352827,0.4763376347501498,-0.07518754852562552,-0.2183603843646847,0.7717660126336333,-0.23948048582963297,0.06397042172610345,-0.0431494895617464,-0.1635854624088505,-0.7887112622396054,-1.5009807512831326,-0.9441801305464893,-0.13004916117839413,-0.27453839400073327,-0.7710714316767814,-0.4558373623490976,-0.4277560360402823,-0.0690561847543834,-0.4552384307566717,-0.7886928405095647
1731069159.81,0.9615405870746049,-0.05322931995335521,-0.07518754852562552,-0.15090971330784014,0.7714185253427598,1.5403010408762854,-0.3836425854291231,-0.0431494895617464,-0.13556127390131942,-0.7883811409454412,1.6371595708453115,-0.8750480116918288,-0.13004916117839413,-0.11788126984124332,-0.7706955973365683,1.3606789603202112,-0.6943281160437023,-0.0690561847543834,-0.408532204302515,-0.7883626967062897
1731069160.31,-0.9214443623352827,-0.1665922766177142,-0.07518754852562552,1.3945904452555111,0.7710710384735393,-0.5361107402806123,-0.46502676854825514,-0.0431494895617464,-0.10852039025370175,-0.7880510098191745,-0.4549339772403137,-0.7660319781133258,-0.13004916117839413,1.5824216631093178,-0.7731505448940632,-0.4558373623490976,-0.5564460056971059,-0.0690561847543834,-0.11661828896403519,-0.7880325430824142
1731069160.81,0.9909622269091337,0.2852400792302307,-0.07518754852562552,-0.1450444375637667,0.7707235520259518,-0.23948048582963297,-0.047254628536710495,-0.0431494895617464,-0.07164645800695028,-0.7877208688622349,0.5911127968024926,-0.8590944458022917,-0.13004916117839413,0.06552219258937898,-0.7716048804981367,-0.4558373623490976,0.21109774189894814,-0.0690561847543834,-0.4124243898403614,-0.7877023796393701
1731069161.31,-0.9508660021698115,-0.2880525873295272,-0.07518754852562552,-0.04240211204248152,0.7703760660000306,-0.5361107402806123,-0.02826498580891299,-0.0431494895617464,-0.1800558188123995,-0.7873907180760537,-0.4549339772403137,-0.36719283087489957,-0.13004916117839413,0.03495494885094191,-0.7714508707768644,-0.4558373623490976,0.7649242184577778,-0.0690561847543834,-0.4669149873702109,-0.7873722063785895
1731069161.81,0.9615405870746049,0.36459414889528186,-0.07518754852562552,-0.22129302223672134,0.7700285803957958,1.5403010408762854,-0.18018212763129302,-0.0431494895617464,-0.08393776875586743,-0.7870605574620365,0.5911127968024926,-0.0002608154155474674,-0.13004916117839413,-0.2592547721315147,-0.7709272201597472,1.3606789603202112,-0.22093287052038757,-0.0690561847543834,-0.4318853175295933,-0.7870420233014985
1731069162.31,-0.9214443623352827,0.2350364841360144,-0.07518754852562552,0.12475824666361154,0.7696810952132207,-0.5361107402806123,-0.24800228023056953,-0.0431494895617464,-0.13015309717179588,-0.7867303870216596,-0.4549339772403137,-0.008237598360315998,-0.13004916117839413,-0.04146316049515062,-0.768852209987434,-0.4558373623490976,-0.3680071215567571,-0.0690561847543834,-0.3151197513942015,-0.7867118304095281
1731069162.81,0.932118947240076,-0.0564682615723369,-0.07518754852562552,0.13648879815175843,0.769333610452352,-0.5361107402806123,-0.18289493373526408,-0.0431494895617464,-0.17661425180270268,-0.7864002067563316,0.7654539258096312,0.02366953341875812,-0.13004916117839413,0.35209010263722634,-0.7699041860282406,-0.4558373623490976,-0.6276850960428472,-0.0690561847543834,2.343242970954887,-0.7863816277041058
1731069163.31,-0.8920227225007512,0.10223987775776532,-0.07518754852562552,-0.04826738778655496,0.7689861261131966,-0.5361107402806123,0.1562058292611196,-0.0431494895617464,-0.08639603090565087,-0.786070016667479,-0.6292751062474522,0.34274085120949904,-0.13004916117839413,-0.20576209558924985,-0.7689517733839556,-0.4558373623490976,-0.22093287052038757,-0.0690561847543834,-0.16332451541819198,-0.7860514151866618
1731069163.81,0.932118947240076,-0.67834505241682,-0.07518754852562552,-0.23595621159690494,0.7686386421957611,1.5403010408762854,0.2348772062762807,-0.0431494895617464,0.048808387332437704,-0.7857398167565333,-0.4549339772403137,-1.2951585801163044,-0.13004916117839413,-0.17519485185081277,-0.7674466057251659,1.3606789603202112,-0.7655672063894439,-0.0690561847543834,-0.06991206250987857,-0.7857211928586243
1731069164.31,-0.9214443623352827,0.3111516121820838,-0.07518754852562552,-0.29460896903763933,0.7682911587000787,-0.5361107402806123,0.0992369010777274,-0.0431494895617464,0.05864143593157142,-0.7854096070248981,0.5911127968024926,-0.9042962158226466,-0.13004916117839413,-0.3929864634871768,-0.7674332356752772,-0.4558373623490976,-0.508187267075797,-0.0690561847543834,-0.3968556476889758,-0.7853909607214205
1731069164.81,-0.8920227225007512,-0.6216635740846405,-0.07518754852562552,0.8256586980803873,0.7679436756261295,-0.5361107402806123,0.1182265438055249,-0.0431494895617464,-0.18448069068200967,-0.7850793874740488,0.5911127968024926,-0.8218694587267051,-0.13004916117839413,0.9290468282002258,-0.7683818193133578,-0.1963350305392016,-0.4070737194882928,-0.0690561847543834,-0.4007478332268222,-0.7850607187764795
1731069165.31,0.8732756675710132,-0.03865408266793763,-0.07518754852562552,0.07490340283898722,0.767596192973947,-0.5361107402806123,-0.23715105581468524,-0.0431494895617464,-0.10606212810391831,-0.784749158105392,-0.4549339772403137,-1.8322619650640515,-0.13004916117839413,0.12283577459894843,-0.768961519229221,-0.4558373623490976,-0.34502676983232433,-0.0690561847543834,-0.18667762864527038,-0.7847304670252291
1731069165.81,1.0203838667436624,0.34192155756241005,-0.07518754852562552,-0.07466112863488539,0.7672487107435378,-0.5361107402806123,-0.8719476841439157,-0.0431494895617464,-0.0888542930554343,-0.7844189189203543,0.5911127968024926,-0.7022177145551776,-0.13004916117839413,0.012029516047114096,-0.7699236986618385,1.3606789603202112,-0.11981932293288333,-0.0690561847543834,-0.26841352494004467,-0.784400205469097
1731069166.31,-0.9214443623352827,-0.5617431541334794,-0.07518754852562552,-0.17730345415617058,0.7669012289349153,1.5403010408762854,-0.9072141634955395,-0.0431494895617464,-0.14490267007049645,-0.7840886699203642,-0.4549339772403137,-0.19702146138650425,-0.13004916117839413,-0.16373213544889895,-0.7655705781017241,-0.4558373623490976,-0.12211735810532662,-0.0690561847543834,-0.15164795880465287,-0.784069934109507
1731069166.81,0.9615405870746049,0.2220807176600877,-0.07518754852562552,-0.3063395205257862,0.7665537475481062,-0.5361107402806123,-0.5057188601078212,-0.0431494895617464,-0.1962803490009701,-0.7837584111068255,0.5911127968024926,-0.2794482184824457,-0.13004916117839413,-0.30128473227186564,-0.76700185664575,-0.4558373623490976,0.008870646723939965,-0.0690561847543834,-0.3190119369320479,-0.7837396529478923
1731069167.31,-0.9214443623352827,-0.6006104535612596,-0.07518754852562552,0.04264438624658334,0.766206266583104,-0.5361107402806123,-0.7905635010247835,-0.0431494895617464,-0.14637762736036652,-0.7834281424812135,-0.4549339772403137,0.292221225892632,-0.13004916117839413,0.1419403019354717,-0.7688417693172218,-0.1963350305392016,0.4225169777637297,-0.0690561847543834,1.086067042230501,-0.7834093619856759
1731069167.81,0.9615405870746049,0.030983162140168424,-0.07518754852562552,0.14528671176786853,0.7658587860399284,1.5403010408762854,-0.8556708475200892,-0.0431494895617464,-0.042147312209549176,-0.7830978640449309,0.5911127968024926,-0.2502000143516278,-0.13004916117839413,0.35209010263722634,-0.7698341252294173,-0.4558373623490976,0.07091759637990847,-0.0690561847543834,-0.08937299019911048,-0.7830790612242841
1731069168.31,-0.9214443623352827,-0.041893024286919316,-0.07518754852562552,-0.018941009066187744,0.765511305918593,-0.5361107402806123,-0.6440719714103458,-0.0431494895617464,-0.1439193652105831,-0.7827675757994054,-0.4549339772403137,-1.1329639935726776,-0.13004916117839413,-0.0720304042335877,-0.7689909927361755,1.3606789603202112,0.3558739577628749,-0.0690561847543834,-0.38517909107543663,-0.7827487506651453
1731069168.81,0.9615405870746049,-0.5439289752290801,-0.07518754852562552,-0.15970762692395024,0.7651638262191178,-0.5361107402806123,-0.8936501329756842,-0.0431494895617464,-0.18841391012166314,-0.7824372777460635,0.5911127968024926,-1.1781657635930325,-0.13004916117839413,-0.12170217530854788,-0.7658916887073773,-0.4558373623490976,0.939574891563467,-0.0690561847543834,-0.43577750306743973,-0.7824184303096849
1731069169.31,-0.8920227225007512,0.51520493417793,-0.07518754852562552,-0.20956247074857445,0.7648163469415096,-0.5361107402806123,-0.3972066159489785,-0.0431494895617464,-0.133103011751536,-0.7821069698863071,-0.4549339772403137,-0.8830247946365972,-0.13004916117839413,-0.06438859329897843,-0.7669672762024191,-0.4558373623490976,0.8315672384586327,-0.0690561847543834,-0.4474540596809789,-0.7820881001593277
1731069169.81,0.932118947240076,0.15568241447096332,-0.07518754852562552,-0.0218736469382244,0.7644688680857815,-0.23948048582963297,-0.6413591653063746,-0.0431494895617464,-0.03231426361041545,-0.7817766522216115,0.5911127968024926,-0.06673400662195189,-0.13004916117839413,2.063855751989702,-0.7675843147754938,1.3606789603202112,1.0452845094958572,-0.0690561847543834,-0.030990207131414562,-0.7817577602155006
1731069170.31,-0.9214443623352827,0.5297801714633474,-0.07518754852562552,0.2625922266493373,0.7641213896519339,1.5403010408762854,-0.229012637502772,-0.0431494895617464,-0.1886597363366415,-0.7814463247533785,-0.6292751062474522,-0.8963194328778782,-0.13004916117839413,0.21071660034695494,-0.7636666113249537,-0.4558373623490976,0.9464689970807966,-0.0690561847543834,-0.4474540596809789,-0.7814274104796297
1731069170.81,0.9909622269091337,0.23017807170754206,-0.07518754852562552,-0.09225695586710572,0.7637739116399997,-0.5361107402806123,-0.5084316662117923,-0.0431494895617464,1.2582733650258846,-0.7811159874830328,0.5911127968024926,-0.9042962158226466,-0.13004916117839413,-0.14462760811237568,-0.7657986340194188,-0.1963350305392016,0.33289360603844215,-0.0690561847543834,-0.350149421234819,-0.7810970509531375
1731069171.31,-0.9214443623352827,-0.08885767776215375,-0.07518754852562552,0.06610548922287711,0.7634264340499795,-0.5361107402806123,-0.8231171742724364,-0.0431494895617464,-0.06672993370738342,-0.7807856404120022,-0.4549339772403137,-0.5612945491976001,-0.13004916117839413,0.09226853086051151,-0.7628556125691792,-0.4558373623490976,-0.3749012270740869,-0.0690561847543834,-0.3384728646212798,-0.7807666816374523
1731069171.81,0.9615405870746049,1.0285771807865265,-0.07518754852562552,-0.25061940095708857,0.7630789568819062,1.5403010408762854,-0.6820512568659407,-0.0431494895617464,0.28234329156186344,-0.7804552835416853,0.5911127968024926,-0.3964410350057175,-0.13004916117839413,0.2489256550200013,-0.7625595860702659,1.3606789603202112,-0.35192087534965416,-0.0690561847543834,-0.24895259725081278,-0.7804363025339975
1731069172.31,-0.8920227225007512,-0.23461005061632942,-0.07518754852562552,-0.3034068826537495,0.76273148013576,-0.5361107402806123,-0.43789870750854454,-0.0431494895617464,-0.17071442264322245,-0.7801249168735577,-0.4549339772403137,-1.0824443682558105,-0.13004916117839413,-0.10259764797202478,-0.763137336141853,-0.1963350305392016,-0.10373307672578039,-0.0690561847543834,-0.43577750306743973,-0.7801059136441952
1731069172.81,0.9615405870746049,3.535517993878349,-0.07518754852562552,-0.05413266353062841,0.762384003811581,-0.5361107402806123,3.9649855992365013,-0.0431494895617464,-0.20168852573049365,-0.7797945404090172,0.5911127968024926,2.475200825110951,-0.13004916117839413,0.25274656048730604,-0.7608510330328505,-0.4558373623490976,5.650546995072181,-0.0690561847543834,-0.3267963080077407,-0.779775514969471
1731069173.31,-0.9214443623352827,1.0107630018821274,-0.07518754852562552,0.10422978155935443,0.762036527909369,-0.5361107402806123,0.2809949100437889,-0.0431494895617464,-0.18448069068200967,-0.7794641541494924,-1.675321880290271,-1.1515764871104708,2.0283981344429933,0.0884476253932068,-0.7643809451973187,-0.4558373623490976,0.8453554494932923,-0.0690561847543834,-0.3151197513942015,-0.7794451065112541
1731069173.81,0.932118947240076,0.4228950980369522,-0.07518754852562552,-0.28287841754949244,0.7616890524291311,-0.5361107402806123,-0.27513034127028024,-0.0431494895617464,-0.133103011751536,-0.7791337580964044,0.7654539258096312,-0.9760872623255634,-0.13004916117839413,0.027313137916332636,-0.7633342617014447,1.3606789603202112,0.2639525508651438,-0.0690561847543834,-0.4202087609160542,-0.7791146882709614
1731069174.31,-0.9214443623352827,-0.10991079828553471,-0.07518754852562552,2.705479574055924,0.7613415773709137,1.5403010408762854,-0.4704523807561973,-0.0431494895617464,-0.09377081735500116,-0.7788033522511548,-0.4549339772403137,-0.6144731021627237,-0.13004916117839413,3.351500894471362,-0.7627082149605255,-0.1963350305392016,-0.009513634655606003,-0.0690561847543834,-0.408532204302515,-0.7787842602500186
1731069174.81,0.9615405870746049,-0.2669994668061463,-0.07518754852562552,-0.18023609202820723,0.7609941027346835,-0.5361107402806123,-0.4107706464688338,-0.0431494895617464,-0.167518681848504,-0.7784729366152142,0.5911127968024926,-0.23424644846209072,-0.13004916117839413,-0.3662401252160443,-0.7612191150021513,-0.4558373623490976,0.23637612879582445,-0.0690561847543834,-0.09326517573695679,-0.7784538224498502
1731069175.31,-0.9214443623352827,0.5184438757969116,-0.07518754852562552,-0.1450444375637667,0.7606466285204874,-0.5361107402806123,-0.3619401365973545,-0.0431494895617464,-0.17194355371811418,-0.7781425111899853,-0.6292751062474522,-0.41505352854351074,-0.13004916117839413,-0.24397115026229618,-0.7624834338844944,-0.1963350305392016,0.37655627431486416,-0.0690561847543834,-0.3657181633862046,-0.7781233748718784
1731069175.81,0.9615405870746049,-0.34959247809017924,-0.07518754852562552,-0.37672282945466745,0.7602991547283185,1.5403010408762854,-0.2398638619186563,-0.0431494895617464,0.004559668636336006,-0.7778120759768883,0.7654539258096312,-0.359216047930131,-0.13004916117839413,-0.25161296119690546,-0.7621343232484806,1.3606789603202112,0.8798259770799417,-0.0690561847543834,-0.4163165753782078,-0.7777929175175244
1731069176.31,-0.9214443623352827,-0.08561873614317206,-0.07518754852562552,-0.26234995244523546,0.7599516813582038,-0.23948048582963297,-0.3185352389338174,-0.0431494895617464,0.08076579527962224,-0.7774816309773476,-0.4549339772403137,-0.4575963709156093,-0.13004916117839413,0.06552219258937898,-0.7595986699477787,-0.4558373623490976,0.4776698219023684,-0.0690561847543834,-0.3618259778483582,-0.777462450388215
1731069176.81,0.9615405870746049,-0.21841534252142097,-0.07518754852562552,-0.051200025658591615,0.7596042084101564,-0.5361107402806123,-0.06895707736847907,-0.0431494895617464,-0.04460557435933261,-0.7771511761927643,0.5911127968024926,-0.6277677404040046,-0.13004916117839413,-0.0720304042335877,-0.7586183816336148,-0.1963350305392016,0.6798969170773769,-0.0690561847543834,1.7166010993616174,-0.7771319734853694
1731069177.31,-0.9214443623352827,-0.11476921071400724,-0.07518754852562552,-0.1948992813883909,0.7592567358841765,-0.5361107402806123,0.05854480951816131,-0.0431494895617464,-0.13064474960175257,-0.7768207116246051,-0.4549339772403137,-0.6251088127557484,-0.13004916117839413,-0.35477740881413045,-0.7614704642731733,-0.4558373623490976,0.8338652736310762,-0.0690561847543834,-0.2723057104778912,-0.7768014868104117
1731069177.81,-0.9214443623352827,-0.33987565323323415,-0.07518754852562552,-0.2916763311656026,0.758909263780284,1.5403010408762854,-0.04454182243273942,-0.0431494895617464,0.04635012518265427,-0.7764902372742717,0.5911127968024926,-0.48418564739817105,-0.13004916117839413,-0.25161296119690546,-0.7610911178757868,1.3606789603202112,0.6867910225947064,-0.0690561847543834,-0.2878744526292767,-0.7764709903647604
1731069178.31,0.9615405870746049,0.4730986931311681,-0.07518754852562552,-0.24475412521301512,0.7585617920984857,-0.5361107402806123,0.023278330166537377,-0.0431494895617464,-0.05198036080868284,-0.7761597531431851,-0.4549339772403137,-0.14118398077312455,-0.13004916117839413,0.027313137916332636,-0.7596100621197779,-0.4558373623490976,1.190060725359784,-0.0690561847543834,-0.3306884935455871,-0.77614048414984
1731069178.81,-2.8044293117451677,0.27066484194481294,7.7010976048729765,1.7142479733075129,0.7582143208388084,-0.5361107402806123,-0.5681134004991558,-0.0431494895617464,-0.12326996315240228,-0.7758292592327671,0.5911127968024926,-0.3698517585231557,-0.13004916117839413,2.07913937385892,-0.7594850670852207,-0.4558373623490976,1.642773654331109,-0.0690561847543834,-0.427993131991747,-0.7758099681670724
1731069179.31,0.9615405870746049,-0.14715862690382409,-0.07518754852562552,-0.08639168012303228,0.7578668500012586,-0.5361107402806123,-0.33209926945367274,-0.0431494895617464,-0.14244440792071303,-0.7754987555444159,-0.4549339772403137,-0.1465018360696369,-0.13004916117839413,0.027313137916332636,-0.7587007701583766,-0.4558373623490976,0.5167364198339038,-0.0690561847543834,0.0001472771713566359,-0.7754794424178775
1731069179.81,0.9615405870746049,0.4795765763691315,-0.07518754852562552,0.13355616027972164,0.757519379585843,1.5403010408762854,0.5441371021289826,-0.0431494895617464,-0.15375241380971683,-0.7751682420796018,0.5911127968024926,0.35603548945078023,-0.13004916117839413,0.0464176652528559,-0.7568882851254047,-0.4558373623490976,-0.14969378017464594,-0.0690561847543834,0.004039462709203122,-0.7751489069036761
1731069180.31,-0.9214443623352827,-0.007884137287611798,-0.07518754852562552,-0.19196664351635412,0.7571719095925818,-0.23948048582963297,-0.2507150863345406,-0.0431494895617464,-0.11589517670305198,-0.774837718839721,-0.4549339772403137,1.0181084738665673,-0.13004916117839413,-0.09877674250472006,-0.7582268121742312,1.3606789603202112,-0.4737167394891479,-0.0690561847543834,2.3860570118711975,-0.7748183616258922
1731069180.81,0.9615405870746049,-0.05484879076284605,-0.07518754852562552,-0.2154277464926479,0.7568244400214816,-0.5361107402806123,-0.1530540665915823,-0.0431494895617464,-0.10606212810391831,-0.7745071858261953,-0.4549339772403137,-0.6384034509970293,-0.13004916117839413,-0.12934398624315716,-0.7597930422172087,-0.4558373623490976,-0.32204641810789153,-0.0690561847543834,-0.4046400187646686,-0.7744878065859399
1731069181.31,-0.9214443623352827,0.11681511504318308,-0.07518754852562552,0.04850966199065679,0.7564769708725693,-0.5361107402806123,-0.07438268957642122,-0.0431494895617464,-0.18472651689698802,-0.7741766430404458,0.5911127968024926,-0.723489135741227,-0.13004916117839413,-0.2592547721315147,-0.7559193176932407,-0.1963350305392016,-0.17267413189907874,-0.0690561847543834,0.6812797462944762,-0.7741572417852451
1731069181.81,-0.9214443623352827,-0.5844157454663512,-0.07518754852562552,-0.04240211204248152,0.7561295021458513,-0.5361107402806123,-0.19645896425511916,-0.0431494895617464,-0.18743060526174976,-0.7738460904838683,0.5911127968024926,-0.7766676887063502,-0.13004916117839413,-0.11023945890663406,-0.7568722558948748,1.3606789603202112,-0.5725322519042088,-0.0690561847543834,-0.4202087609160542,-0.7738266672252259
1731069182.31,0.9615405870746049,0.14272664799503657,-0.07518754852562552,-0.22422566010875813,0.7557820338413277,1.5403010408762854,-0.39178100374103636,-0.0431494895617464,-0.09868734165456802,-0.7735155281579317,-0.4549339772403137,-0.6836052210173843,-0.13004916117839413,0.6921506892273386,-0.7558707777417059,-0.4558373623490976,-0.4185638953505092,-0.0690561847543834,-0.2528447827886591,-0.7734960829073021
1731069182.81,0.9615405870746049,-0.17307015985567756,-0.07518754852562552,-0.24768676308505183,0.7554345659590118,-0.5361107402806123,-0.16119248490349553,-0.0431494895617464,1.0271967229462422,-0.7731849560640319,0.5911127968024926,-0.3485803373371063,-0.13004916117839413,-0.22868752839307765,-0.7569870739913416,-0.4558373623490976,-0.5219754781104567,-0.0690561847543834,-0.1555401443424992,-0.7731654888328933
1731069183.31,-0.9214443623352827,-0.22003481333091182,-0.07518754852562552,1.2567564652697851,0.755087098498944,-0.23948048582963297,-0.20459738256703236,-0.0431494895617464,0.061099698081354854,-0.7728543742035899,-0.4549339772403137,-0.16511432960743014,-0.13004916117839413,0.9634349774059674,-0.7581905911188211,-0.4558373623490976,-0.7954416636312065,-0.0690561847543834,-0.4474540596809789,-0.7728348850034208
1731069183.81,0.9615405870746049,-0.0678045572387728,-0.07518754852562552,-0.08052640437895883,0.7547396314611039,1.5403010408762854,-0.2724175351663092,-0.0431494895617464,-0.20242600437542868,-0.7725237825780248,0.5911127968024926,0.27094980470658253,-0.13004916117839413,-0.19812028465464057,-0.7549038089208339,-0.1963350305392016,-0.6736457994917128,-0.0690561847543834,-0.4396696886052861,-0.7725042714202989
1731069184.31,-0.9214443623352827,-0.7576991220818712,-0.07518754852562552,-0.14797707543580338,0.7543921648455453,-0.5361107402806123,-0.24800228023056953,-0.0431494895617464,-0.059355147258033134,-0.7721931811887307,-0.4549339772403137,0.8585728149711968,-0.13004916117839413,-0.10259764797202478,-0.755195169855396,1.3606789603202112,-0.508187267075797,-0.0690561847543834,-0.06212769143418576,-0.7721736480849514
1731069184.81,0.9615405870746049,-0.049990378334373524,-0.07518754852562552,-0.24475412521301512,0.7540446986522278,-0.5361107402806123,-0.21273580087894559,-0.0431494895617464,-0.0052733799627977165,-0.7718625700371772,0.5911127968024926,0.4464390294914896,-0.13004916117839413,-0.11788126984124332,-0.7547070075146685,-0.4558373623490976,-0.26459553879680986,-0.0690561847543834,-0.3384728646212798,-0.7718430149987937
1731069185.31,-0.9214443623352827,-0.46943331799250143,-0.07518754852562552,-0.17437081628413378,0.7536972328812117,-0.5361107402806123,0.2050363391325989,-0.0431494895617464,-0.1822682547472046,-0.7715319491247574,-1.675321880290271,-0.48152671974991484,2.0283981344429933,-0.3433146924122165,-0.7559836701343012,-0.4558373623490976,-0.24161518707237706,-0.0690561847543834,-0.408532204302515,-0.771512372163246
1731069185.81,0.9615405870746049,0.005071629188314943,-0.07518754852562552,0.01038536965417947,0.7533497675324836,1.5403010408762854,0.13992899263729347,-0.0431494895617464,-0.12326996315240228,-0.7712013184528924,0.5911127968024926,-0.8059158928371681,-0.13004916117839413,0.004387705112504997,-0.755292511049925,-0.1963350305392016,-0.2921719608661292,-0.0690561847543834,-0.2372760406372735,-0.7711817195797268
1731069186.31,-0.9214443623352827,0.3338242035149556,-0.07518754852562552,-0.18610136777228067,0.7530023026060568,-0.5361107402806123,0.023278330166537377,-0.0431494895617464,0.11518146537659027,-0.7708706780229972,-0.4549339772403137,-0.9122729987674152,-0.13004916117839413,0.5737026197408952,-0.7539571397019027,1.3606789603202112,-0.3243444532803348,-0.0690561847543834,2.7168927825881415,-0.7708510572496531
1731069186.81,0.9615405870746049,-0.3091057078529082,-0.07518754852562552,-0.3561943643504104,0.7526548381019649,-0.5361107402806123,-0.378216973221181,-0.0431494895617464,-0.19406791306616503,-0.7705400278364691,0.5911127968024926,-0.6171320298109799,-0.13004916117839413,-0.09877674250472006,-0.7559252216013628,-0.4558373623490976,-0.42315996569539577,-0.0690561847543834,-0.3540416067726654,-0.7705203851744421
1731069187.31,-0.9214443623352827,0.44394821856033295,-0.07518754852562552,-0.34739645073430026,0.7523073740202011,-0.5361107402806123,-0.7607226338811018,-0.0431494895617464,-0.1257282253021857,-0.7702093678947738,-0.4549339772403137,-0.0880054278080013,-0.13004916117839413,-0.3624192197487397,-0.7562451256780313,-0.1963350305392016,-0.22323090569283083,-0.0690561847543834,-0.3345806790834334,-0.770189703355513
1731069187.81,0.9615405870746049,-0.5050616758012999,-0.07518754852562552,0.33590817345025525,0.7519599103607855,1.5403010408762854,-1.0130136015504112,-0.0431494895617464,0.029142290134170256,-0.7698786981993044,0.5911127968024926,-0.2874250014272143,-0.13004916117839413,0.1304775855335577,-0.7539176184791345,1.3606789603202112,-0.046282197414698446,-0.0690561847543834,-0.2255994840237344,-0.7698590117942813
1731069188.31,-0.9214443623352827,0.04879734104456769,-0.07518754852562552,-0.16557290266802369,0.7516124471237247,-0.5361107402806123,-0.7010408995937383,-0.0431494895617464,1.5311404636518449,-0.769548018751477,-0.4549339772403137,-0.09864113840102601,-0.13004916117839413,2.3466027565702436,-0.749976063617783,-0.1963350305392016,0.12377240534610386,-0.0690561847543834,-0.2761978960157375,-0.7695283104921664
1731069188.81,0.9615405870746049,0.18969130147027083,-0.07518754852562552,0.016250645398252914,0.7512649843090389,-0.5361107402806123,-0.6684872263460854,-0.0431494895617464,-0.14637762736036652,-0.7692173295527128,0.5911127968024926,0.03962309930829518,-0.13004916117839413,-0.370061030683349,-0.7506135206672953,-0.4558373623490976,0.2478663046580406,-0.0690561847543834,-0.4241009464539006,-0.7691975994505814
1731069189.31,-0.9214443623352827,-0.6653892859408932,-0.07518754852562552,-0.3034068826537495,0.7509175219167479,-0.5361107402806123,-0.6250823286825482,-0.0431494895617464,-0.16014389539915372,-0.768886630604402,-1.675321880290271,-1.4600120943081873,-0.13004916117839413,-0.3089265432064749,-0.7546133816291012,-0.4558373623490976,0.21109774189894814,-0.0690561847543834,-0.3190119369320479,-0.7688668786709458
1731069189.81,0.9615405870746049,0.3046737289441205,-0.07518754852562552,-0.13331388607561984,0.750570059946852,1.5403010408762854,-0.6196567164746061,-0.0431494895617464,-0.0888542930554343,-0.7685559219080114,1.6371595708453115,-1.3297246395436346,-0.13004916117839413,-0.026179538625932083,-0.7534680621919546,1.3606789603202112,0.15594489776030948,-0.0690561847543834,-0.43577750306743973,-0.7685361481546757
1731069190.31,-0.9214443623352827,-0.38845977751795946,-0.07518754852562552,-0.297541606909676,0.7502225983993643,-0.5361107402806123,-0.5871030432269534,-0.0431494895617464,-0.15276910894980344,-0.7682252034649321,-0.4549339772403137,-1.0106533217528937,-0.13004916117839413,-0.0834931206355017,-0.7507050573705208,-0.4558373623490976,0.7603281481128913,-0.0690561847543834,-0.3345806790834334,-0.768205407903186
1731069190.81,0.9615405870746049,-0.545548446038571,-0.07518754852562552,-0.3444638128622635,0.7498751372742917,-0.5361107402806123,-0.5464109516673873,-0.0431494895617464,-0.13064474960175257,-0.7678944752765804,0.5911127968024926,-1.2313443165581561,-0.13004916117839413,-0.3815237470852629,-0.7490214496634112,-0.4558373623490976,0.6155519322489651,-0.0690561847543834,2.269291445735806,-0.7678746579178929
1731069191.31,-0.9214443623352827,-0.841911604175395,-0.07518754852562552,-0.11865069671543615,0.749527676571681,-0.23948048582963297,-0.7390201850493332,-0.0431494895617464,-0.12818648745196914,-0.7675637373443744,-0.4549339772403137,-1.0478783088284802,-0.13004916117839413,-0.3127474486737795,-0.74917529216342,-0.1963350305392016,0.6661087060427171,-0.0690561847543834,-0.39296346215112943,-0.7675438982002126
1731069191.81,0.9615405870746049,-0.6184246324656587,-0.07518754852562552,-0.2300909358528315,0.7491802162915119,1.5403010408762854,-0.07709549568039228,-0.0431494895617464,-0.1778433828775944,-0.7672329896697045,0.5911127968024926,-0.8112337481336804,-0.13004916117839413,-0.05674678236436916,-0.7502288445633275,1.3606789603202112,0.732751726043572,-0.0690561847543834,-0.4124243898403614,-0.7672131287515608
1731069192.31,-0.9214443623352827,0.5832227081765454,-0.07518754852562552,-0.29460896903763933,0.7488327564338045,-0.5361107402806123,-0.7959891132327256,-0.0431494895617464,-0.20808000731993057,-0.7669022322540344,-0.4549339772403137,-0.6011784639214428,-0.13004916117839413,-0.21340390652385913,-0.748201190728001,-0.4558373623490976,0.22488595293360783,-0.0690561847543834,-0.08548080466126416,-0.766882349573352
1731069192.81,-0.9214443623352827,-0.44028284342166624,7.1389565094465715,1.755304903516027,0.7484852969985725,-0.5361107402806123,-0.8610964597280313,-0.0431494895617464,-0.1404777982008863,-0.7665714650987565,0.5911127968024926,-0.9149319264156713,-0.13004916117839413,1.7467205982034169,-0.7497248811651813,-0.1963350305392016,-0.2691916091416964,-0.0690561847543834,-0.3773947199997438,-0.7665515606669996
1731069193.31,-0.9214443623352827,0.46662080989320476,-0.07518754852562552,-0.2682152281893088,0.7481378379858289,-0.5361107402806123,-0.17204370931937982,-0.0431494895617464,-0.10114560380435145,-0.766240688205286,-0.4549339772403137,-1.1515764871104708,-0.13004916117839413,-0.3815237470852629,-0.7500785721023386,-0.4558373623490976,-0.216336800175501,-0.0690561847543834,-0.3579337923105118,-0.7662207620339214
1731069193.81,0.9615405870746049,-0.32691988675730743,-0.07518754852562552,-0.25061940095708857,0.7477903793955872,1.5403010408762854,-0.7200305423215357,-0.0431494895617464,0.24301109716532857,-0.765909901575038,0.5911127968024926,-0.8830247946365972,-0.13004916117839413,-0.4159118962910046,-0.7495937025173047,1.3606789603202112,-0.2898739256936859,-0.0690561847543834,-0.06212769143418576,-0.765889953675529
1731069194.31,-0.9214443623352827,-0.41437131046981296,-0.07518754852562552,-0.40311657030299797,0.7474429212278809,-0.5361107402806123,-0.5843902371229823,-0.0431494895617464,-0.17661425180270268,-0.7655791052094021,-0.4549339772403137,-1.2526157377442055,-0.13004916117839413,-0.27453839400073327,-0.7476283380304225,-0.4558373623490976,-0.16578002638174888,-0.0690561847543834,-0.38517909107543663,-0.7655591355932395
1731069194.81,-0.9214443623352827,-0.597371511942278,-0.07518754852562552,-0.3063395205257862,0.7470954634826832,-0.5361107402806123,-0.5192828906276765,-0.0431494895617464,-0.14121527684582133,-0.7652482991098429,-0.4549339772403137,-0.33528569909582545,-0.13004916117839413,-0.4235537072256138,-0.7482100416318673,-0.1963350305392016,0.2317800584509379,-0.0690561847543834,-0.389071276613283,-0.7652283077884638
1731069195.31,0.9615405870746049,-0.46781384718301056,-0.07518754852562552,-0.21249510862061124,0.7467480061600342,-0.5361107402806123,-0.5382725333554741,-0.0431494895617464,-0.03477252576019888,-0.764917483277749,0.5911127968024926,-0.4310070944330478,-0.13004916117839413,-0.4464791400294416,-0.748139579909099,-0.4558373623490976,0.6936851281120365,-0.0690561847543834,0.5489454380076985,-0.764897470262619
1731069195.81,0.9615405870746049,1.0593471261668528,-0.07518754852562552,-0.26234995244523546,0.7464005492599406,1.5403010408762854,0.3298254199152682,-0.0431494895617464,-0.1876764314767281,-0.7645866577145355,0.5911127968024926,-0.29274285672372663,-0.13004916117839413,-0.1369857971777664,-0.7490829960912616,1.3606789603202112,0.3351916412108851,-0.0690561847543834,-0.3618259778483582,-0.7645666230171153
1731069196.31,-0.9214443623352827,-0.05808773238182774,-0.07518754852562552,0.5206643593885685,0.7460530927824023,-0.5361107402806123,-0.10964916892804515,-0.0431494895617464,-0.19455956549612172,-0.7642558224216167,-0.4549339772403137,-0.33528569909582545,-0.13004916117839413,0.1304775855335577,-0.7467672337248734,-0.4558373623490976,0.11687829982877403,-0.0690561847543834,-0.3034431947806623,-0.7642357660533688
1731069196.81,0.9615405870746049,-0.1552559809512783,-0.07518754852562552,-0.2535520388291253,0.7457056367274796,-0.5361107402806123,-0.19374615815114807,-0.0431494895617464,-0.07164645800695028,-0.7639249774003801,0.5911127968024926,-0.3858053244126928,-0.13004916117839413,-0.3738819361506536,-0.7475876451938573,-0.1963350305392016,0.5397167715583366,-0.0690561847543834,-0.408532204302515,-0.7639048993727906
1731069197.31,-0.9214443623352827,-0.22489322575938436,-0.07518754852562552,1.7318438005397332,0.7453581810951189,-0.5361107402806123,-0.229012637502772,-0.0431494895617464,-0.012648166412148007,-0.7635941226522897,-0.6292751062474522,0.19649983055540962,-0.13004916117839413,0.9328677336675304,-0.747099324545529,-0.4558373623490976,0.4661796460401517,-0.0690561847543834,-0.38517909107543663,-0.7635740229767946
1731069197.81,0.9615405870746049,-0.2572826419492012,-0.07518754852562552,-0.10398750735525261,0.7450107258853805,1.5403010408762854,-0.2995455962060199,-0.0431494895617464,-0.09131255520521774,-0.7632632581787338,-0.4549339772403137,-0.9122729987674152,-0.13004916117839413,-0.3433146924122165,-0.7450101628938144,-0.4558373623490976,1.024602192943868,-0.0690561847543834,-0.06212769143418576,-0.7632431368667925
1731069198.31,-0.9214443623352827,0.567028000081637,-0.07518754852562552,-0.25061940095708857,0.7446632710982576,-0.5361107402806123,-0.13949003607172694,-0.0431494895617464,-0.16997694399828742,-0.7629323839811246,0.5911127968024926,-0.6968998592586652,-0.13004916117839413,-0.22104571745846838,-0.7455426146742936,1.3606789603202112,0.6408303191458409,-0.0690561847543834,-0.3579337923105118,-0.7629122410441983
1731069198.81,0.9615405870746049,-0.24432687547327447,-0.07518754852562552,-0.27701314180541897,0.7443158167337636,-0.5361107402806123,-0.25342789243851166,-0.0431494895617464,-0.17980999259742114,-0.7626015000608756,-0.4549339772403137,-0.7633730504650696,-0.13004916117839413,-0.3624192197487397,-0.7433860650578534,-0.4558373623490976,0.6224460377662946,-0.0690561847543834,-0.3151197513942015,-0.7625813355104214
1731069199.31,-0.9214443623352827,-0.1325833896184065,-0.07518754852562552,-0.3561943643504104,0.743968362791932,-0.5361107402806123,-0.4134834525728049,-0.0431494895617464,-0.02248121501128173,-0.7622706064193753,0.5911127968024926,-0.1917036060899919,-0.13004916117839413,-0.3738819361506536,-0.7457599308919689,-0.4558373623490976,0.9740454191501159,-0.0690561847543834,0.11691284330674846,-0.7622504202668744
1731069199.81,0.9615405870746049,-0.41113236885083126,-0.07518754852562552,-0.3063395205257862,0.7436209092727426,-0.5361107402806123,-0.6576360019302011,-0.0431494895617464,-0.012648166412148007,-0.7619397030580836,0.5911127968024926,-0.050780440732414826,-0.13004916117839413,-0.2630756775988193,-0.746756589406026,-0.4558373623490976,1.3026644488095043,-0.0690561847543834,0.06242224577689903,-0.7619194953149742
1731069200.31,-0.9214443623352827,-0.21679587171193013,-0.07518754852562552,-0.27114786606134555,0.7432734561762356,1.5403010408762854,-0.8095531437525809,-0.0431494895617464,-0.1404777982008863,-0.7616087899783891,-0.4549339772403137,-0.058757223677183355,-0.13004916117839413,-0.2936429213372564,-0.7446926537482864,1.3606789603202112,1.360115328120586,-0.0690561847543834,2.428871052787508,-0.7615885606561255
1731069200.81,0.9615405870746049,-0.45485808070708383,-0.07518754852562552,-0.36499227796652056,0.7429260035023977,-0.5361107402806123,-0.4785907990681105,-0.0431494895617464,1.1230689467877957,-0.761277867181703,0.5911127968024926,0.021010605770501945,-0.13004916117839413,-0.39680736895448143,-0.7428050051634316,-0.4558373623490976,0.2593564805202572,-0.0690561847543834,0.38547364541814993,-0.7612576162917417
1731069201.31,-0.9214443623352827,-0.4273270769457395,-0.07518754852562552,-0.20076455713246436,0.7425785512512755,-0.5361107402806123,-0.5084316662117923,-0.0431494895617464,-0.15153997787491172,-0.7609469346694369,-0.4549339772403137,0.30817479178216906,-0.13004916117839413,-0.4617627618986601,-0.7435203301384635,-0.4558373623490976,-0.7356927491476812,-0.0690561847543834,0.8525359099597174,-0.7609266622232346
1731069201.81,0.9615405870746049,0.008310570807296629,-0.07518754852562552,-0.08639168012303228,0.7422310994228625,1.5403010408762854,-0.5464109516673873,-0.0431494895617464,-0.1889055625516198,-0.7606159924429782,0.5911127968024926,0.6724478795932649,-0.13004916117839413,-0.3891655580198721,-0.7411984473421002,1.3606789603202112,-0.6070027794908577,-0.0690561847543834,0.5606219946212377,-0.7605956984520141
1731069202.31,-0.9214443623352827,-0.5487873876575527,-0.07518754852562552,-0.3737901915826307,0.7418836480171719,-0.5361107402806123,0.10737531938964061,-0.0431494895617464,-0.14416519142556145,-0.7602850405037868,-0.4549339772403137,-0.8537765905057793,-0.13004916117839413,2.7783650743756674,-0.7417847174436918,-0.4558373623490976,-0.2898739256936859,-0.0690561847543834,0.6345735198403194,-0.7602647249794914
1731069202.81,0.9615405870746049,-0.14553915609433324,-0.07518754852562552,-0.2740805039333823,0.7415361970342171,-0.5361107402806123,-0.3266736572457306,-0.0431494895617464,-0.029856001460632022,-0.7599540788532495,0.5911127968024926,-0.6782873657208719,-0.13004916117839413,-0.3203892596083888,-0.7422273727365916,-0.4558373623490976,-0.4392462119024987,-0.0690561847543834,0.6540344475295513,-0.7599337418070765
1731069203.31,-0.9214443623352827,-0.1325833896184065,-0.07518754852562552,-0.19196664351635412,0.7411887464740117,-0.5361107402806123,0.06397042172610345,-0.0431494895617464,-0.17735173044763772,-0.7596231074927756,-0.4549339772403137,-0.6782873657208719,-0.13004916117839413,-0.3624192197487397,-0.7414312105552806,-0.4558373623490976,-0.03938809189736862,-0.0690561847543834,-0.3345806790834334,-0.7596027489361795
1731069203.81,0.9615405870746049,-0.19898169280753106,-0.07518754852562552,-0.1948992813883909,0.7408412963365688,1.5403010408762854,-0.31039682062190416,-0.0431494895617464,-0.18423486446703133,-0.7592921264237766,0.5911127968024926,-0.5240695621220137,-0.13004916117839413,-0.4923300056370972,-0.7400734338192806,1.3606789603202112,-0.4461403174198285,-0.0690561847543834,-0.5136212138243678,-0.7592717463682094
1731069204.31,-0.9214443623352827,0.33220473270546497,-0.07518754852562552,-0.2271582979807948,0.7404938466219153,-0.23948048582963297,-0.191033352047177,-0.0431494895617464,-0.19455956549612172,-0.7589611356476391,-0.4549339772403137,-0.33528569909582545,-0.13004916117839413,-0.43119551816022306,-0.7429651566722131,-0.4558373623490976,-0.33353659397010793,-0.0690561847543834,-0.369610348924051,-0.7589407341045767
1731069204.81,0.9615405870746049,-0.6184246324656587,-0.07518754852562552,-0.2535520388291253,0.7401463973300377,-0.5361107402806123,-0.21002299477497452,-0.0431494895617464,-0.133103011751536,-0.7586301351658192,0.5911127968024926,-0.18372682314522337,-0.13004916117839413,-0.17519485185081277,-0.7396313288726389,-0.1963350305392016,-0.45533245810960166,-0.0690561847543834,2.6662943705961384,-0.7586097121466918
1731069205.31,-0.9214443623352827,0.09738146532929297,-0.07518754852562552,-0.3034068826537495,0.7397989484609562,-0.5361107402806123,-0.07709549568039228,-0.0431494895617464,-0.0962290795047846,-0.7582991249797044,-0.4549339772403137,-0.037485802491133945,-0.13004916117839413,-0.3624192197487397,-0.7417214678145688,-0.4558373623490976,-0.609300814663301,-0.0690561847543834,-0.3423650501591262,-0.7582786804959604
1731069205.81,0.9615405870746049,-0.21679587171193013,-0.07518754852562552,-0.20956247074857445,0.739451500014704,1.5403010408762854,-0.20731018867100345,-0.0431494895617464,-0.16850198670841737,-0.7579681050907043,0.5911127968024926,0.18320519231412843,-0.13004916117839413,-0.4579418564313555,-0.7414223986164814,1.3606789603202112,-0.5886184981113115,-0.0690561847543834,-0.3657181633862046,-0.7579476391537947
1731069206.31,-0.9214443623352827,-0.1746896306651684,-0.07518754852562552,-0.13331388607561984,0.7391040519912747,-0.5361107402806123,-0.04996743464068157,-0.0431494895617464,-0.03477252576019888,-0.7576370755002273,-1.675321880290271,-0.8777069393400849,-0.13004916117839413,-0.4464791400294416,-0.7414650398411177,-0.1963350305392016,-0.6713477643192695,-0.0690561847543834,-0.4552384307566717,-0.7576165881216028
1731069206.81,0.9615405870746049,-0.03703461185844679,-0.07518754852562552,-0.2799457796774557,0.7387566043906948,-0.5361107402806123,0.04226797289433488,-0.0431494895617464,1.14765156828563,-0.7573060362096572,1.8115006998524499,-1.061172947069761,-0.13004916117839413,0.8526287188541332,-0.7385053711284999,-0.4558373623490976,-0.5242735132829,-0.0690561847543834,-0.3540416067726654,-0.7572855274007909
1731069207.31,-0.9214443623352827,-0.37226506942305104,-0.07518754852562552,-0.29460896903763933,0.7384091572129577,-0.23948048582963297,0.18062108419685924,-0.0431494895617464,-0.1876764314767281,-0.756974987220453,-0.4549339772403137,-0.9867229729185881,-0.13004916117839413,-0.42737461269291843,-0.7391808531998781,-0.4558373623490976,-0.40477568431584954,-0.0690561847543834,-0.43577750306743973,-0.7569544569927693
1731069207.81,0.9615405870746049,0.2884790208492124,-0.07518754852562552,-0.13917916181969325,0.7380617104580902,1.5403010408762854,0.09109848276581417,-0.0431494895617464,-0.1800558188123995,-0.7566439285339993,0.5911127968024926,-0.36719283087489957,-0.13004916117839413,-0.3471355978795212,-0.7407342677798548,1.3606789603202112,-0.17727020224396528,-0.0690561847543834,-0.3306884935455871,-0.7566233768989451
1731069208.31,-0.9214443623352827,-0.6022299243707505,-0.07518754852562552,-0.1538423511798768,0.7377142641261123,-0.5361107402806123,-0.4107706464688338,-0.0431494895617464,-0.11835343885283542,-0.756312860151703,-0.4549339772403137,-0.23956430375860308,-0.13004916117839413,-0.18665756825272659,-0.736923970701515,-0.4558373623490976,0.17662721431229925,-0.0690561847543834,-0.12829484557757448,-0.7562922871207284
1731069208.81,-0.9214443623352827,0.005071629188314943,-0.07518754852562552,-0.15090971330784014,0.7373668182170107,-0.5361107402806123,-0.9506190611590766,-0.0431494895617464,-0.133103011751536,-0.7559817820749731,0.5911127968024926,-0.23424644846209072,-0.13004916117839413,-0.3738819361506536,-0.7380556893476166,-0.4558373623490976,-0.2554033981070367,-0.0690561847543834,-0.3190119369320479,-0.7559611876595232
1731069209.31,0.9615405870746049,0.3046737289441205,-0.07518754852562552,-0.3327332613741167,0.7370193727308386,-0.5361107402806123,-0.8366812047922917,-0.0431494895617464,-0.15350658759473848,-0.7556506943051928,-0.4549339772403137,-0.14384290842138073,-0.13004916117839413,-0.09877674250472006,-0.7378319739221267,-0.4558373623490976,0.3351916412108851,-0.0690561847543834,1.0082233314735733,-0.7556300785167385
1731069209.81,0.9615405870746049,-0.6605308735124207,-0.07518754852562552,-0.3415311749902268,0.7366719276675696,1.5403010408762854,-0.3456632999735281,-0.0431494895617464,-0.12818648745196914,-0.7553195968438182,0.5911127968024926,-0.029509019546365412,-0.13004916117839413,-0.4617627618986601,-0.7384589194948176,1.3606789603202112,0.5833794398347592,-0.0690561847543834,-0.3423650501591262,-0.755298959693781
1731069210.31,-0.9214443623352827,0.6544794237941425,-0.07518754852562552,-0.32686798563004327,0.736324483027237,-0.5361107402806123,-0.6793384507619696,-0.0431494895617464,-0.1834973858220963,-0.7549884896922329,-0.4549339772403137,0.582044339552555,-0.13004916117839413,-0.3127474486737795,-0.7393351827022322,-0.1963350305392016,0.7028772688018096,-0.0690561847543834,-0.3267963080077407,-0.754967831192058
1731069210.81,0.9615405870746049,-0.46295543475453804,-0.07518754852562552,0.025048559014363012,0.7359770388098541,-0.5361107402806123,-0.02826498580891299,-0.0431494895617464,-0.17538512072781098,-0.7546573728518434,-0.4549339772403137,-1.4121513966395762,-0.13004916117839413,-0.3127474486737795,-0.7387222263769546,-0.4558373623490976,0.13296454603587696,-0.0690561847543834,-0.3540416067726654,-0.7546366930129752
1731069211.31,-0.9214443623352827,0.3483994408003734,-0.07518754852562552,0.9458968508338929,0.735629595015421,-0.5361107402806123,-0.45146273802839976,-0.0431494895617464,-0.13064474960175257,-0.7543262463240575,0.5911127968024926,-0.6623337998313349,-0.13004916117839413,-0.39680736895448143,-0.7378048967298967,-0.4558373623490976,0.8522495550106224,-0.0690561847543834,-0.24895259725081278,-0.7543055451579396
1731069211.81,-0.9214443623352827,0.014788454045259998,-0.07518754852562552,-0.3092721583978229,0.7352821516439777,1.5403010408762854,-0.21273580087894559,-0.0431494895617464,-0.039689050059765744,-0.753995110110257,0.5911127968024926,-0.9362033476017207,-0.13004916117839413,2.931201293067853,-0.7384612927322121,-0.1963350305392016,0.8867200825972713,-0.0690561847543834,0.5411610669320058,-0.7539743876283574
1731069212.31,0.9615405870746049,-0.21193745928345778,-0.07518754852562552,-0.27114786606134555,0.7349347086954976,-0.5361107402806123,-0.7173177362175647,-0.0431494895617464,-0.1830057333921396,-0.7536639642118971,-0.4549339772403137,-1.1356229212209337,-0.13004916117839413,-0.3127474486737795,-0.7357026387851348,1.3606789603202112,0.9441709619083535,-0.0690561847543834,0.5800829223104697,-0.7536432204256346
1731069212.81,0.9615405870746049,0.6965856648409043,-0.07518754852562552,0.004520093910106027,0.7345872661700275,-0.5361107402806123,-0.7797122766088993,-0.0431494895617464,-0.18398903825205298,-0.7533328086303595,0.5911127968024926,-0.8963194328778782,-0.13004916117839413,-0.4350164236275277,-0.738870370125452,-0.1963350305392016,0.9855355950123326,-0.0690561847543834,0.4516407995615387,-0.7533120435511749
1731069213.31,-0.9214443623352827,-0.35445089051865175,-0.07518754852562552,-0.13917916181969325,0.7342398240675672,-0.23948048582963297,-0.8583836536240602,-0.0431494895617464,-0.1446568438555181,-0.7530016433670518,-0.4549339772403137,-0.9362033476017207,-0.13004916117839413,-0.2019411901219451,-0.7359267172975247,-0.4558373623490976,0.5787833694898726,-0.0690561847543834,0.5917594789240089,-0.7529808570063864
1731069213.81,0.9615405870746049,0.3014347873251388,-0.07518754852562552,-0.31220479626985964,0.7338923823881167,1.5403010408762854,-0.6820512568659407,-0.0431494895617464,0.4642546906458371,-0.7526704684233768,0.5911127968024926,-0.8298462416714737,-0.13004916117839413,-0.28218020493534246,-0.7345649560739492,-0.4558373623490976,-0.2554033981070367,-0.0690561847543834,0.7552312715135575,-0.752649660792673
1731069214.31,-0.9214443623352827,-0.5050616758012999,-0.07518754852562552,-0.17730345415617058,0.7335449411317231,-0.5361107402806123,-0.7173177362175647,-0.0431494895617464,-0.17317268479300588,-0.7523392838007184,-0.4549339772403137,-0.7341248463342517,-0.13004916117839413,-0.33185197601030264,-0.733785717607195,1.3606789603202112,-0.45303442293715834,-0.0690561847543834,3.5303595599980384,-0.7523184549114398
1731069214.81,0.9615405870746049,-0.10343291504757134,-0.07518754852562552,-0.24768676308505183,0.7331975002983727,-0.5361107402806123,-0.5057188601078212,-0.0431494895617464,-0.13064474960175257,-0.7520080895005297,-0.4549339772403137,-1.3137710736540975,-0.13004916117839413,-0.14080670264507114,-0.734296109117617,-0.4558373623490976,0.05023527982791896,-0.0690561847543834,0.6384657053781657,-0.7519872393640914
1731069215.31,-0.9214443623352827,0.16216029770892668,-0.07518754852562552,-0.23302357372486823,0.7328500598880857,-0.5361107402806123,-0.4840164112760526,-0.0431494895617464,-0.061813409407816565,-0.7516768855241908,0.5911127968024926,-0.819210531078449,-0.13004916117839413,0.08080581445859752,-0.73272386744192,-0.4558373623490976,-0.174972167071522,-0.0690561847543834,0.19086436852583014,-0.7516560141520326
1731069215.81,0.9615405870746049,-0.4273270769457395,-0.07518754852562552,0.3183123462180349,0.7325026199008688,1.5403010408762854,-0.6386463592024035,-0.0431494895617464,-0.16678120320356896,-0.7513456718731081,0.5911127968024926,-0.9415212028982332,-0.13004916117839413,-0.19812028465464057,-0.7323390213556851,-0.1963350305392016,0.2570584453478137,-0.0690561847543834,-0.10104954681264959,-0.7513247792766662
1731069216.31,-0.9214443623352827,0.38078885699019027,-0.07518754852562552,-0.32980062350207995,0.7321551803367354,-0.5361107402806123,-0.3375248816616149,-0.0431494895617464,-0.15350658759473848,-0.7510144485486845,-0.4549339772403137,-1.0399015258837117,-0.13004916117839413,1.7046906380630662,-0.735229398722595,1.3606789603202112,-0.030195951207595502,-0.0690561847543834,-0.18667762864527038,-0.7509935347393998
1731069216.81,0.9615405870746049,-0.5504068584670435,-0.07518754852562552,-0.11571805884339949,0.7318077411957256,-0.5361107402806123,-0.2914071778941067,-0.0431494895617464,-0.17071442264322245,-0.7506832155523008,0.5911127968024926,-0.723489135741227,-0.13004916117839413,-0.3815237470852629,-0.7329775645715572,-0.4558373623490976,0.3282975356935556,-0.0690561847543834,-0.4202087609160542,-0.7506622805416331
1731069217.31,-0.9214443623352827,-0.2637605251871646,-0.07518754852562552,-0.20956247074857445,0.7314603024778191,-0.5361107402806123,-0.10964916892804515,-0.0431494895617464,-0.16014389539915372,-0.7503519728854104,-0.4549339772403137,-0.8590944458022917,-0.13004916117839413,-0.19812028465464057,-0.732932684101079,-0.4558373623490976,0.4868619625921415,-0.0690561847543834,-0.350149421234819,-0.7503310166847724
1731069217.81,0.9615405870746049,-0.4127518396603221,-0.07518754852562552,-0.2799457796774557,0.7311128641830297,1.5403010408762854,-0.5138572784197344,-0.0431494895617464,-0.0962290795047846,-0.7500207205493924,0.5911127968024926,-0.2874250014272143,-0.13004916117839413,-0.12934398624315716,-0.7315860370974974,1.3606789603202112,0.36966216879753455,-0.0690561847543834,-0.12440266003972798,-0.7499997431702209
1731069218.31,-0.9214443623352827,-0.34149512404272503,-0.07518754852562552,-0.35032908860633694,0.7307654263113971,-0.5361107402806123,-0.2208742191908588,-0.0431494895617464,0.9141166640562044,-0.7496894585456502,-0.4549339772403137,0.2656319494100702,-0.13004916117839413,-0.32421016507569345,-0.7338034042258854,-0.4558373623490976,0.4110268019015136,-0.0690561847543834,-0.26062915386435187,-0.7496684599993798
1731069218.81,0.9615405870746049,0.6447625989371975,-0.07518754852562552,-0.2858110554215291,0.7304179888629081,-0.5361107402806123,0.11280093159758275,-0.0431494895617464,0.31921722380861484,-0.7493581868755879,0.5911127968024926,-0.010896526008572174,-0.13004916117839413,-0.3662401252160443,-0.7300618672698405,-0.4558373623490976,0.3949405556944104,-0.0690561847543834,2.4872538358552037,-0.7493371671736531
1731069219.31,-0.9214443623352827,-0.38360136508948695,-0.07518754852562552,-0.2799457796774557,0.7300705518376028,-0.5361107402806123,0.5387114899210405,-0.0431494895617464,-0.03723078790998231,-0.7490269055405842,-0.4549339772403137,-0.5373642003632946,-0.13004916117839413,-0.45030004549674624,-0.7298735129629544,-0.4558373623490976,1.316452659844164,-0.0690561847543834,-0.4746993584459037,-0.7490058646944447
1731069219.81,0.9615405870746049,-0.10829132747604386,-0.07518754852562552,-0.36499227796652056,0.7297231152354613,-0.23948048582963297,-0.18289493373526408,-0.0431494895617464,-0.007731642112581147,-0.7486956145420895,-0.4549339772403137,-0.5692713321423687,-0.13004916117839413,-0.11023945890663406,-0.7304181602556217,-0.4558373623490976,0.7718183239751074,-0.0690561847543834,-0.3773947199997438,-0.7486745525631536
1731069220.31,-0.9214443623352827,-0.21679587171193013,-0.07518754852562552,-0.2682152281893088,0.72937567905651,1.5403010408762854,-0.16933090321540872,-0.0431494895617464,0.6142086817826262,-0.7483643138814849,0.5911127968024926,-0.23158752081383455,-0.13004916117839413,0.0693430980566837,-0.7329826918985837,1.3606789603202112,0.6017637212143053,-0.0690561847543834,-0.17889325756957758,-0.7483432307811846
1731069220.81,0.9615405870746049,-0.14715862690382409,-0.07518754852562552,2.705479574055924,0.729028243300776,-0.5361107402806123,-0.5382725333554741,-0.0431494895617464,0.32167548595839823,-0.7480330035601713,0.5911127968024926,-0.664992727479591,-0.13004916117839413,1.7772878419418539,-0.7272430121393212,-0.4558373623490976,0.8430574143208492,-0.0690561847543834,-0.4007478332268222,-0.7480118993499408
1731069221.31,-0.9214443623352827,-0.36254824456610596,-0.07518754852562552,-0.14797707543580338,0.7286808079682456,-0.5361107402806123,-0.15034126048761123,-0.0431494895617464,-0.1997219160106669,-0.7477016835795514,-0.4549339772403137,0.8107121173025855,-0.13004916117839413,-0.04146316049515062,-0.7300348590210273,-0.4558373623490976,1.8312125384714577,-0.0690561847543834,-0.3267963080077407,-0.7476805582708211
1731069221.81,0.9615405870746049,0.340302086752919,-0.07518754852562552,-0.32686798563004327,0.7283333730589793,1.5403010408762854,-0.3755041671172099,-0.0431494895617464,-0.049522098658899415,-0.7473703539410022,0.5911127968024926,-0.133207197828356,-0.13004916117839413,-0.0032541058221042733,-0.7278594610972092,1.3606789603202112,1.0406884391509708,-0.0690561847543834,-0.06991206250987857,-0.747349207545228
1731069222.31,-0.9214443623352827,3.7007040164464153,-0.07518754852562552,-0.3180700720139331,0.72798593857293,-0.5361107402806123,4.9795750821216815,-0.0431494895617464,-0.08639603090565087,-0.7470390146459751,-0.4549339772403137,3.1957702177883744,-0.13004916117839413,-0.33185197601030264,-0.7278288699927461,-2.0128513532085104,3.0859397426254858,-0.0690561847543834,-0.3384728646212798,-0.7470178471745641
1731069222.81,0.9615405870746049,1.6844628586303174,-0.07518754852562552,-0.28874369329356586,0.7276385045101447,-0.5361107402806123,0.33253822601923927,-0.0431494895617464,-0.1886597363366415,-0.7467076656958472,0.5911127968024926,0.45175688478800197,-0.13004916117839413,-0.30128473227186564,-0.7274271044456774,1.3606789603202112,-0.2255289408652741,-0.0690561847543834,10.302762395850767,-0.7466864771602287
1731069223.31,-0.9214443623352827,0.9119752825031859,-0.07518754852562552,-0.28287841754949244,0.7272910708706366,-0.5361107402806123,-0.35108891218147026,-0.0431494895617464,-0.06918819585716686,-0.7463763070920204,-0.4549339772403137,-0.26615358024116487,-0.13004916117839413,-0.12934398624315716,-0.7261917512766648,-0.4558373623490976,-0.4691206691442613,-0.0690561847543834,0.6034360355375482,-0.7463550975036232
1731069223.81,0.9615405870746049,0.2415143673739778,-0.07518754852562552,-0.20956247074857445,0.7269436376543992,1.5403010408762854,-0.09608513840818979,-0.0431494895617464,-0.08147950660608401,-0.7460449388358936,0.5911127968024926,-0.7288069910377393,-0.13004916117839413,-0.27071748853342853,-0.7269901011548374,1.3606789603202112,-0.7173084677681351,-0.0690561847543834,-0.19446199972096317,-0.7460237082061482
1731069224.31,-0.9214443623352827,-0.03541514104895594,-0.07518754852562552,-0.3210027098859698,0.7265962048614858,-0.5361107402806123,0.07482164614198775,-0.0431494895617464,0.7420383135713644,-0.7457135609288468,-0.4549339772403137,-0.7208302080929707,-0.13004916117839413,-0.3929864634871768,-0.7271652848906418,-0.4558373623490976,-0.6391752719050636,-0.0690561847543834,-0.389071276613283,-0.7456923092692034
1731069224.81,0.9615405870746049,0.20588600956517925,-0.07518754852562552,-0.2916763311656026,0.7262487724918564,-0.5361107402806123,-0.43518590140457347,-0.0431494895617464,-0.17341851100798422,-0.7453821733723275,0.5911127968024926,-0.5479999109563193,-0.13004916117839413,-0.24779205572960075,-0.7262100560394209,-0.4558373623490976,-0.26459553879680986,-0.0690561847543834,-0.427993131991747,-0.7453609006941898
1731069225.31,-0.9214443623352827,-0.6913008188927466,-0.07518754852562552,0.6907573559666982,0.7259013405455644,-0.5361107402806123,-0.4460371258204576,-0.0431494895617464,-0.13801953605110287,-0.7450507761677119,-0.4549339772403137,-0.3698517585231557,-0.13004916117839413,-0.33185197601030264,-0.7249819048337152,-0.4558373623490976,-0.3151523125905617,-0.0690561847543834,-0.3345806790834334,-0.745029482482507
1731069225.81,0.9615405870746049,0.030983162140168424,-0.07518754852562552,-0.35326172647837367,0.7255539090225965,1.5403010408762854,0.012427105750653089,-0.0431494895617464,-0.02739773931084859,-0.7447193693164007,0.5911127968024926,0.5022765101048696,-0.13004916117839413,2.85478318372176,-0.7260936075370917,1.3606789603202112,0.3466818170731018,-0.0690561847543834,-0.3579337923105118,-0.7446980546355543
1731069226.31,-0.9214443623352827,-0.189264867950586,-0.07518754852562552,-0.10985278309932606,0.7252064779229929,-0.5361107402806123,0.01785271795859523,-0.0431494895617464,-0.19308460820625165,-0.7443879528197921,-0.4549339772403137,-0.06939293427020807,-0.13004916117839413,-0.4082700853563953,-0.7271896717041486,-0.4558373623490976,-0.1864623429337384,-0.0690561847543834,-0.4124243898403614,-0.7443666171547328
1731069226.81,0.9615405870746049,-0.2151764009024393,-0.07518754852562552,-0.31220479626985964,0.7248590472467467,-0.5361107402806123,-0.1639052910074666,-0.0431494895617464,-0.13556127390131942,-0.7440565266792649,0.5911127968024926,0.1885230476106408,-0.13004916117839413,-0.24397115026229618,-0.7284907020926652,-0.1963350305392016,-0.6529634829397233,-0.0690561847543834,-0.17110888649388478,-0.744035170041439
1731069227.31,-0.9214443623352827,0.03422210375915011,-0.07518754852562552,-0.3444638128622635,0.7245116169938713,-0.5361107402806123,-0.09879794451216087,-0.0431494895617464,-0.1928387819912733,-0.743725090896265,-0.4549339772403137,0.813371044950842,-0.13004916117839413,-0.35859831428143507,-0.7253582122425452,-0.4558373623490976,-0.29446999603857243,-0.0690561847543834,-0.280090081553584,-0.7437037132970739
1731069227.81,0.9615405870746049,-0.6297609281320946,-0.07518754852562552,-0.17143817841209713,0.7241641871643936,1.5403010408762854,0.43562485797014,-0.0431494895617464,0.3118424373592645,-0.7433936454721684,-0.4549339772403137,-0.5559766939010878,-0.13004916117839413,-0.4044491798890907,-0.7249347664623346,1.3606789603202112,0.3282975356935556,-0.0690561847543834,-0.427993131991747,-0.7433722469230354
1731069228.31,-0.9214443623352827,0.19940812632721588,-0.07518754852562552,-0.3444638128622635,0.7238167577583068,-0.5361107402806123,0.16163144146906175,-0.0431494895617464,0.7027061191748295,-0.7430621904083731,0.7654539258096312,-0.9149319264156713,-0.13004916117839413,0.19734343121138886,-0.7232700471149947,-0.1963350305392016,-0.4714187043167046,-0.0690561847543834,1.759415140277928,-0.7430407709207215
1731069228.81,-0.9214443623352827,-0.636238811370058,-0.07518754852562552,-0.3092721583978229,0.7234693287756376,-0.5361107402806123,0.6417981218719412,-0.0431494895617464,-0.11835343885283542,-0.7427307257062781,0.5911127968024926,-0.4310070944330478,-0.13004916117839413,0.7991360423118684,-0.7221212310986331,-0.4558373623490976,-0.3151523125905617,-0.0690561847543834,-0.3267963080077407,-0.7427092852915318
1731069229.31,0.9615405870746049,0.006691099997805786,-0.07518754852562552,-0.256484676701162,0.7231219002164062,-0.5361107402806123,-0.40805784036486276,-0.0431494895617464,-0.1404777982008863,-0.7423992513672594,-0.4549339772403137,-0.7873033992993749,-0.13004916117839413,0.9328677336675304,-0.7259042170479779,-0.1963350305392016,-0.24161518707237706,-0.0690561847543834,-0.369610348924051,-0.7423777900368626
1731069229.81,0.9615405870746049,0.09738146532929297,-0.07518754852562552,-0.3151374341418964,0.7227744720806125,-0.5361107402806123,-0.7580098277771308,-0.0431494895617464,-0.07656298230651715,-0.7420677673927628,0.5911127968024926,-1.6966566550029867,-0.13004916117839413,-0.052925876897064614,-0.7268113292393593,1.3606789603202112,-0.10603111189822367,-0.0690561847543834,-0.2645213394021984,-0.7420462851581127
1731069230.31,-0.9214443623352827,-0.3220614743288349,-0.07518754852562552,1.2303627244214546,0.7224270443682632,1.5403010408762854,-0.8258299803764074,-0.0431494895617464,0.029142290134170256,-0.7417362737841616,-0.4549339772403137,-0.3060374949650075,-0.13004916117839413,-0.20576209558924985,-0.7257597926921037,-0.4558373623490976,0.029552963275929465,-0.0690561847543834,-0.3735025344618974,-0.741714770656683
1731069230.81,0.9615405870746049,0.4763376347501498,-0.07518754852562552,-0.2682152281893088,0.7220796170793851,-0.23948048582963297,-0.5626877882912137,-0.0431494895617464,1.3836447346648393,-0.7414047705428546,-0.6292751062474522,-0.20499824433127278,2.0283981344429933,2.3924536221778996,-0.7248220725931238,-0.4558373623490976,0.606359791559192,-0.0690561847543834,-0.389071276613283,-0.7413832465339626
1731069231.31,-0.9214443623352827,-0.5487873876575527,-0.07518754852562552,-0.24475412521301512,0.7217321902139914,-0.5361107402806123,-0.8068403376486099,-0.0431494895617464,-0.16899363913837406,-0.74107325767024,-0.4549339772403137,0.0023981122327087095,-0.13004916117839413,0.4820008885255839,-0.7223615116565769,-0.4558373623490976,0.3995366260392969,-0.0690561847543834,-0.15164795880465287,-0.7410517127913561
1731069231.81,0.9615405870746049,0.16863818094689004,-0.07518754852562552,-0.16850554054006034,0.7213847637720888,1.5403010408762854,-0.6739128385540275,-0.0431494895617464,-0.15817728567932696,-0.740741735167689,-0.4549339772403137,-1.1116925723866282,-0.13004916117839413,0.36355281903914033,-0.7240509873517531,1.3606789603202112,0.11687829982877403,-0.0690561847543834,-0.3306884935455871,-0.7407201694302576
1731069232.31,-0.9214443623352827,-0.19250380956956767,-0.07518754852562552,-0.19783191926042756,0.7210373377536908,-0.5361107402806123,-0.4758779929641394,-0.0431494895617464,-0.03723078790998231,-0.7404102030366493,0.5911127968024926,-1.1409407765174462,-0.13004916117839413,0.8870168680598748,-0.7206333264878876,-0.4558373623490976,0.9579591729430131,-0.0690561847543834,-0.4202087609160542,-0.740388616452063
1731069232.81,0.9615405870746049,-0.4921059093253732,-0.07518754852562552,-0.28287841754949244,0.7206899121588108,-0.5361107402806123,-0.8665220719359735,-0.0431494895617464,-0.09377081735500116,-0.7400786612784941,0.5911127968024926,-1.0664908023662734,-0.13004916117839413,1.288211942126861,-0.7201902940077426,-0.4558373623490976,0.2915289729344631,-0.0690561847543834,1.5686980489234543,-0.7400570538581709
1731069233.31,-0.9214443623352827,0.49415181365454924,-0.07518754852562552,-0.15090971330784014,0.7203424869874621,-0.5361107402806123,-0.9343422245352503,-0.0431494895617464,-0.08393776875586743,-0.7397471098946184,-0.4549339772403137,-0.9468390581947455,-0.13004916117839413,0.7150761220311662,-0.7230597224880454,-0.4558373623490976,0.2892309377620196,-0.0690561847543834,-0.3267963080077407,-0.7397254816499754
1731069233.81,-0.9214443623352827,-0.41437131046981296,-0.07518754852562552,-0.20076455713246436,0.7199950622396514,1.5403010408762854,-0.9587574794709898,-0.0431494895617464,-0.10114560380435145,-0.7394155488864196,0.5911127968024926,-1.0266068876424308,-0.13004916117839413,0.9214050172656164,-0.7227307485916625,1.101176628510306,0.23407809362338095,-0.0690561847543834,-0.3735025344618974,-0.7393938998288739
1731069234.31,0.9615405870746049,0.6107537119378895,-0.07518754852562552,-0.30047424478171275,0.7196476379154254,-0.23948048582963297,-0.7634354399850729,-0.0431494895617464,-0.17858086152252944,-0.7390839782552697,-0.4549339772403137,-0.6836052210173843,-0.13004916117839413,0.6386580126850739,-0.7240263648518532,-0.1963350305392016,0.0686195612074652,-0.0690561847543834,-0.1905698141831167,-0.7390623083962612
1731069234.81,0.9615405870746049,-0.0791408529052087,-0.07518754852562552,1.4591084784403185,0.719300214014744,-0.5361107402806123,-0.8366812047922917,-0.0431494895617464,-0.1788266877375078,-0.7387523980026145,0.5911127968024926,0.0023981122327087095,-0.13004916117839413,0.9137632063310073,-0.7183553454961805,-0.4558373623490976,0.6844929874222634,-0.0690561847543834,0.19086436852583014,-0.7387307073535337
1731069235.31,-0.9214443623352827,0.09738146532929297,-0.07518754852562552,-0.10985278309932606,0.7189527905376542,-0.5361107402806123,-0.2778431473742513,-0.0431494895617464,-0.1788266877375078,-0.7384208081298235,-0.6292751062474522,-1.1329639935726776,-0.13004916117839413,2.209050159747277,-0.7187307980012138,-0.4558373623490976,-0.21863483534794428,-0.0690561847543834,-0.3229041224698943,-0.7383990967020857
1731069235.81,0.9615405870746049,1.218055265496955,-0.07518754852562552,-0.16850554054006034,0.718605367484169,1.5403010408762854,-0.13949003607172694,-0.0431494895617464,0.27988502941207993,-0.7380892086382935,0.7654539258096312,-0.45227851561909693,-0.13004916117839413,-0.12934398624315716,-0.7206908272530064,1.3606789603202112,-0.43235210638516886,-0.0690561847543834,-0.4124243898403614,-0.7380674764433128
1731069236.31,-0.9214443623352827,-0.15039756852280578,-0.07518754852562552,-0.32980062350207995,0.7182579448542822,-0.23948048582963297,-0.6929024812818251,-0.0431494895617464,0.2651354565133794,-0.73775759952942,-0.4549339772403137,-0.7660319781133258,-0.13004916117839413,-0.37770284161795825,-0.7167552553503378,-0.4558373623490976,-0.12211735810532662,-0.0690561847543834,0.02739257593628135,-0.7377358465786098
1731069236.81,0.9615405870746049,0.4261340396559338,-0.07518754852562552,-0.29460896903763933,0.7179105226480401,-0.5361107402806123,-0.2968327901020488,-0.0431494895617464,0.07830753312983882,-0.7374259808045741,0.5911127968024926,-1.2526157377442055,-0.13004916117839413,-0.4120909908237,-0.7185199832325039,-0.4558373623490976,0.011168681896383242,-0.0690561847543834,-0.408532204302515,-0.7374042071093718
1731069237.31,-0.9214443623352827,-0.5423095044195894,-0.07518754852562552,-0.1948992813883909,0.7175631008654096,-0.23948048582963297,-0.5681134004991558,-0.0431494895617464,0.37084072895406683,-0.7370943524651978,-0.4549339772403137,-1.0399015258837117,-0.13004916117839413,-0.13316489171046186,-0.7190463770364849,-0.4558373623490976,0.11687829982877403,-0.0690561847543834,-0.027098021593568077,-0.7370725580369913
1731069237.81,0.9615405870746049,-0.37550401104203274,-0.07518754852562552,-0.32980062350207995,0.7172156795064442,1.5403010408762854,-0.38092977932515204,-0.0431494895617464,1.376269948215489,-0.7367627145126643,0.5911127968024926,-1.0824443682558105,-0.13004916117839413,-0.297463826804561,-0.7182423741920562,1.3606789603202112,0.14215668672564982,-0.0690561847543834,-0.3968556476889758,-0.7367408993628649
1731069238.31,-0.9214443623352827,-0.4159907812793036,-0.07518754852562552,-0.2594173145731987,0.7168682585711236,-0.5361107402806123,-0.4840164112760526,-0.0431494895617464,0.17417975697139249,-0.7364310669483659,-0.4549339772403137,-0.925567637008696,-0.13004916117839413,-0.3815237470852629,-0.7205741889816363,-0.1963350305392016,0.38345037983219427,-0.0690561847543834,-0.389071276613283,-0.7364092310883843
1731069238.81,0.9615405870746049,-0.4014155439938862,-0.07518754852562552,-0.04826738778655496,0.7165208380594946,-0.5361107402806123,-0.12863881165584265,-0.0431494895617464,0.2897180780112137,-0.7360994097736968,0.5911127968024926,-0.6384034509970293,-0.13004916117839413,0.18014935660851802,-0.7193667698236521,-0.4558373623490976,0.525928560523677,-0.0690561847543834,-0.3462572356969726,-0.7360775532149446
1731069239.31,-0.9214443623352827,0.5006296968925122,-0.07518754852562552,0.1687478147441623,0.7161734179715575,-0.5361107402806123,-0.4568883502363419,-0.0431494895617464,0.14468061117399145,-0.7357677429900283,-0.4549339772403137,-0.40441781795048604,-0.13004916117839413,-0.27071748853342853,-0.7150284064868877,-0.4558373623490976,0.7166654798364688,-0.0690561847543834,-0.2995510092428159,-0.735745865743939
1731069239.81,0.9615405870746049,0.053655753473040226,-0.07518754852562552,-0.2858110554215291,0.7158259983073121,1.5403010408762854,0.983611690972296,-0.0431494895617464,0.22334499996706111,-0.7354360665988023,-0.4549339772403137,-0.11725363193881895,2.0283981344429933,0.5622399033389812,-0.715504402748988,1.3606789603202112,0.7028772688018096,-0.0690561847543834,-0.24895259725081278,-0.7354141686767609
1731069240.31,-0.9214443623352827,0.3451604991813917,-0.07518754852562552,-0.35326172647837367,0.715478579066785,-0.5361107402806123,-0.08252110788833443,-0.0431494895617464,-0.16383128862382884,-0.7351043806013874,-0.4549339772403137,-0.7208302080929707,-0.13004916117839413,2.109706617597357,-0.7180731817357551,-0.4558373623490976,0.3949405556944104,-0.0690561847543834,-0.4513462452188253,-0.7350824620148023
1731069240.81,0.9615405870746049,0.0682309907584578,-0.07518754852562552,-0.3034068826537495,0.7151311602499831,-0.5361107402806123,-0.2697047290623381,-0.0431494895617464,0.04635012518265427,-0.7347726849991776,0.5911127968024926,-1.0345836705871994,-0.13004916117839413,-0.4044491798890907,-0.7176675366132842,-0.1963350305392016,0.6707047763876037,-0.0690561847543834,-0.4163165753782078,-0.7347507457594559
1731069241.31,-0.9214443623352827,-0.02083990376353836,-0.07518754852562552,-0.17143817841209713,0.7147837418569265,-0.5361107402806123,-0.21273580087894559,-0.0431494895617464,0.09059884387875597,-0.7344409797935653,-0.4549339772403137,-0.8670712287470602,-0.13004916117839413,-0.4120909908237,-0.7164822176451993,-0.1963350305392016,0.698281198456923,-0.0690561847543834,-0.04655894928280016,-0.7344190199121156
1731069241.81,-0.9214443623352827,-0.25890211275869207,-0.07518754852562552,-0.2300909358528315,0.7144363238876283,1.5403010408762854,-0.25342789243851166,-0.0431494895617464,-0.02493947716106516,-0.7341092649859198,0.5911127968024926,-0.6437213062935416,-0.13004916117839413,-0.21722481199116367,-0.7167820706903449,1.3606789603202112,0.8223750977688595,-0.0690561847543834,-0.4007478332268222,-0.7340872844741727
1731069242.31,0.9615405870746049,-0.21841534252142097,-0.07518754852562552,-0.27114786606134555,0.7140889063420888,-0.5361107402806123,-0.23715105581468524,-0.0431494895617464,-0.02493947716106516,-0.7337775405776823,-0.4549339772403137,-0.5559766939010878,-0.13004916117839413,-0.297463826804561,-0.7145540685870645,-0.4558373623490976,0.9303827508736938,-0.0690561847543834,2.1992321060545708,-0.7337555394470174
1731069242.81,0.9615405870746049,-0.21193745928345778,-0.07518754852562552,-0.18903400564431747,0.7137414892203279,-0.23948048582963297,-0.6712000324500564,-0.0431494895617464,0.7469548378709314,-0.7334458065702211,0.5911127968024926,-0.31135535026151984,-0.13004916117839413,-0.43119551816022306,-0.7160374917350503,-0.4558373623490976,1.0406884391509708,-0.0690561847543834,-0.4241009464539006,-0.7334237848320486
1731069243.31,-0.9214443623352827,-0.37712348185152356,-0.07518754852562552,-0.18023609202820723,0.7133940725223656,-0.5361107402806123,-0.6847640629699118,-0.0431494895617464,-0.06672993370738342,-0.7331140629649274,-0.4549339772403137,0.1885230476106408,-0.13004916117839413,-0.4159118962910046,-0.7143470317930354,-0.4558373623490976,0.20879970672650514,-0.0690561847543834,-0.2878744526292767,-0.7330920206306497
1731069243.81,0.9615405870746049,-0.2006011636170219,-0.07518754852562552,-0.16557290266802369,0.713046656248202,1.5403010408762854,-0.5626877882912137,-0.0431494895617464,-0.13064474960175257,-0.7327823097631947,-0.4549339772403137,0.31881050237519376,-0.13004916117839413,0.7303597439003848,-0.7147095032675715,-0.4558373623490976,-0.8666807539769481,-0.0690561847543834,-0.2528447827886591,-0.7327602468442156
1731069244.31,-0.9214443623352827,0.20912495118416094,-0.07518754852562552,-0.3737901915826307,0.7126992403978705,-0.5361107402806123,-0.340237687765586,-0.0431494895617464,-0.20660505003006052,-0.7324505469663896,0.5911127968024926,1.0526745332938978,-0.13004916117839413,-0.3929864634871768,-0.7146867102685028,1.3606789603202112,-0.15199181534708922,-0.0690561847543834,-0.43577750306743973,-0.7324284634741381
1731069244.81,0.9615405870746049,0.4730986931311681,-0.07518754852562552,-0.35326172647837367,0.7123518249713643,-0.5361107402806123,0.31897419549938394,-0.0431494895617464,-0.0888542930554343,-0.7321187745759518,-0.4549339772403137,-1.154235414758727,-0.13004916117839413,2.258721930822238,-0.7138210669112253,-0.1963350305392016,-0.8069318394934228,-0.0690561847543834,-0.38517909107543663,-0.7320966705218062
1731069245.31,-0.9214443623352827,0.2981958457061571,-0.07518754852562552,-0.1450444375637667,0.712004409968697,-0.5361107402806123,-0.3266736572457306,-0.0431494895617464,0.009476192935902867,-0.7317869925932489,0.5911127968024926,-0.603837391569699,-0.13004916117839413,-0.25161296119690546,-0.71509137735853,-0.4558373623490976,-0.5104853022482403,-0.0690561847543834,-0.17110888649388478,-0.7317648679886116
1731069245.81,-0.9214443623352827,-0.5633626249429703,-0.07518754852562552,-0.3327332613741167,0.7116569953899018,1.5403010408762854,-0.5952414615388666,-0.0431494895617464,-0.12326996315240228,-0.7314552010196724,0.5911127968024926,-0.8590944458022917,-0.13004916117839413,-0.3815237470852629,-0.7151993480341639,1.3606789603202112,-0.14739574500220268,-0.0690561847543834,-0.06212769143418576,-0.7314330558759448
1731069246.31,0.9615405870746049,0.31277108299157486,-0.07518754852562552,-0.3385985371181901,0.7113095812349588,-0.5361107402806123,0.025991136270508447,-0.0431494895617464,-0.11097865240348512,-0.7311233998566126,-0.4549339772403137,-0.6463802339417978,-0.13004916117839413,-0.41973280175830924,-0.71252363757584,-0.4558373623490976,-0.08994486569112073,-0.0690561847543834,-0.44356187414313253,-0.7311012341851959
1731069246.81,0.9615405870746049,-0.10343291504757134,-0.07518754852562552,-0.25061940095708857,0.710962167503928,-0.5361107402806123,0.09652409497375632,-0.0431494895617464,-0.08393776875586743,-0.7307915891054361,0.5911127968024926,-0.3990999626539737,-0.13004916117839413,-0.5343599657774482,-0.7119021074811738,-0.4558373623490976,-0.47601477466159114,-0.0690561847543834,1.023792073624959,-0.7307694029177563
1731069247.31,-0.9214443623352827,-0.11314973990451639,-0.07518754852562552,-0.3737901915826307,0.7106147541967694,-0.5361107402806123,0.03684236068639274,-0.0431494895617464,-0.03477252576019888,-0.7304597687675818,-0.4549339772403137,0.20447661350017785,-0.13004916117839413,-0.30510563773917027,-0.7136122725186199,-0.4558373623490976,-0.5886184981113115,-0.0690561847543834,-0.4318853175295933,-0.7304375620750123
1731069247.81,0.9615405870746049,0.18483288904179848,-0.07518754852562552,-0.28287841754949244,0.7102673413135299,1.5403010408762854,-0.3076840145179331,-0.0431494895617464,-0.0888542930554343,-0.7301279388444144,0.5911127968024926,-0.09598221075276983,-0.13004916117839413,-0.052925876897064614,-0.7095905720539538,-0.4558373623490976,-0.5771283222490954,-0.0690561847543834,-0.24895259725081278,-0.7301057116583566
1731069248.31,-0.9214443623352827,-0.645955636227003,-0.07518754852562552,-0.3151374341418964,0.7099199288542161,-0.5361107402806123,-0.23715105581468524,-0.0431494895617464,-0.0962290795047846,-0.7297960993373254,-0.4549339772403137,0.27094980470658253,-0.13004916117839413,-0.24779205572960075,-0.7123470915203532,1.3606789603202112,-0.20025055396839805,-0.0690561847543834,-0.39296346215112943,-0.7297738516691781
1731069248.81,0.9615405870746049,0.4957712844640399,-0.07518754852562552,1.2860828439901522,0.7095725168188345,-0.5361107402806123,-0.0852339139923055,-0.0431494895617464,-0.02739773931084859,-0.729464250247703,0.5911127968024926,0.2789265876513508,-0.13004916117839413,-0.43119551816022306,-0.7099351017765813,-0.1963350305392016,-0.5472538650073328,-0.0690561847543834,-0.4046400187646686,-0.729441982108864
1731069249.31,-0.9214443623352827,-0.03703461185844679,-0.07518754852562552,-0.2799457796774557,0.7092251052074187,-0.5361107402806123,0.35424067485100785,-0.0431494895617464,-0.09868734165456802,-0.729132391576915,-0.4549339772403137,-0.7580551951685572,-0.13004916117839413,0.822061475115696,-0.710029440977035,-0.4558373623490976,-0.4024776491434062,-0.0690561847543834,-0.3773947199997438,-0.7291101029788054
1731069249.81,0.9615405870746049,0.011549512426278314,-0.07518754852562552,-0.34739645073430026,0.7088776940199419,1.5403010408762854,0.19961072692465676,-0.0431494895617464,-0.0642716715576,-0.7288005233263966,0.5911127968024926,-0.7447605569272764,-0.13004916117839413,-0.4082700853563953,-0.7102606270968249,1.3606789603202112,-0.16578002638174888,-0.0690561847543834,-0.2878744526292767,-0.7287782142803875
1731069250.31,-0.9214443623352827,0.24961172142143218,-0.07518754852562552,-0.18316872990024402,0.7085302832564644,-0.5361107402806123,0.09109848276581417,-0.0431494895617464,-0.18546399554192305,-0.728468645497514,-0.4549339772403137,-0.7261480633894831,-0.13004916117839413,-0.12552308077585259,-0.708306796261419,-0.4558373623490976,-0.3266424884527781,-0.0690561847543834,-0.39296346215112943,-0.7284463160150049
1731069250.81,0.9615405870746049,-0.34959247809017924,-0.07518754852562552,-0.14211179969172993,0.7081828729169527,-0.23948048582963297,-0.32396085114175954,-0.0431494895617464,-0.11097865240348512,-0.7281367580916551,0.5911127968024926,-0.14384290842138073,-0.13004916117839413,-0.41973280175830924,-0.7082143834920617,-0.1963350305392016,0.03414903362081602,-0.0690561847543834,-0.4591306162945181,-0.7281144081840405
1731069251.31,-0.9214443623352827,0.4228950980369522,-0.07518754852562552,-0.2066298328765378,0.7078354630014534,-0.5361107402806123,-0.888224520767742,-0.0431494895617464,0.0856823195791891,-0.7278048611102083,-1.5009807512831326,-0.27678929083418957,2.0283981344429933,-0.3433146924122165,-0.7097800380841219,-0.4558373623490976,-0.18186627258885182,-0.0690561847543834,-0.25673696832650555,-0.7277824907888838
1731069251.81,0.9615405870746049,-0.42570760613624864,-0.07518754852562552,-0.2858110554215291,0.7074880535099735,1.5403010408762854,-1.121525845709254,-0.0431494895617464,-0.16088137404408873,-0.7274729545545391,0.5911127968024926,-0.3858053244126928,-0.13004916117839413,-0.15609032451428967,-0.707914945227384,-0.4558373623490976,0.5718892639725425,-0.0690561847543834,-0.2178151129480416,-0.727450563830923
1731069252.31,-0.9214443623352827,0.2382754257549961,-0.07518754852562552,-0.04240211204248152,0.7071406444425195,-0.5361107402806123,-0.4677395746522262,-0.0431494895617464,-0.19873861115075353,-0.7271410384260828,-0.4549339772403137,-0.30337856731675134,-0.13004916117839413,-0.2936429213372564,-0.7085052285250429,1.3606789603202112,-0.13590556913998628,-0.0690561847543834,-0.15943232988034567,-0.7271186273115445
1731069252.81,0.9615405870746049,0.4390898061318606,-0.07518754852562552,-0.1538423511798768,0.7067932357991047,-0.5361107402806123,-0.768861052193015,-0.0431494895617464,-0.14637762736036652,-0.7268091127262041,0.5911127968024926,0.06355344814260078,-0.13004916117839413,-0.27835929946803784,-0.7099449633928399,-0.4558373623490976,0.08470580741456814,-0.0690561847543834,-0.39296346215112943,-0.7267866812321364
1731069253.31,-0.9214443623352827,-0.5261147963246809,-0.07518754852562552,0.6262393227818905,0.7064458275797426,-0.5361107402806123,-0.5084316662117923,-0.0431494895617464,-0.039689050059765744,-0.7264771774562885,-1.675321880290271,-0.9415212028982332,-0.13004916117839413,-0.25543386666421003,-0.7092138575232698,-0.1963350305392016,0.5833794398347592,-0.0690561847543834,-0.3540416067726654,-0.7264547255940852
1731069253.81,0.9615405870746049,0.6480015405561791,-0.07518754852562552,-0.23595621159690494,0.7060984197844467,1.5403010408762854,-0.73088176673742,-0.0431494895617464,0.6240417303817599,-0.7261452326177265,1.8115006998524499,-1.2313443165581561,-0.13004916117839413,0.3329855753007033,-0.7042964356588233,1.3606789603202112,0.5213324901787904,-0.0690561847543834,-0.17889325756957758,-0.7261227603987768
1731069254.31,-0.9214443623352827,-0.3981766023749045,-0.07518754852562552,-0.3180700720139331,0.70575101241325,-0.5361107402806123,-0.7769994705049282,-0.0431494895617464,-0.14096945063084299,-0.7258132782118779,-0.4549339772403137,-1.5238263578663354,-0.13004916117839413,-0.24779205572960075,-0.7067719637185563,-0.4558373623490976,0.24097219914071102,-0.0690561847543834,-0.408532204302515,-0.7257907856476012
1731069254.81,0.9615405870746049,0.18807183066078015,-0.07518754852562552,-0.17143817841209713,0.7054036054661262,-0.5361107402806123,-0.7552970216731597,-0.0431494895617464,-0.16874781292339572,-0.7254813142401817,0.5911127968024926,-1.4413996007703938,-0.13004916117839413,-0.2936429213372564,-0.706167318752886,-0.1963350305392016,0.26854862121003037,-0.0690561847543834,-0.3151197513942015,-0.7254588013419407
1731069255.31,-0.9214443623352827,-0.587654687085333,-0.07518754852562552,-0.29460896903763933,0.7050561989431151,-0.5361107402806123,-0.8638092658320025,-0.0431494895617464,-0.133103011751536,-0.725149340703997,-1.675321880290271,-0.5745891874388811,2.0283981344429933,-0.09877674250472006,-0.7073697682153678,-0.4558373623490976,1.4175662074316682,-0.0690561847543834,-0.3968556476889758,-0.7251268074831841
1731069255.81,0.9615405870746049,-0.5471679168480619,-0.07518754852562552,-0.24768676308505183,0.704708792844217,1.5403010408762854,-0.6793384507619696,-0.0431494895617464,0.15697192192290854,-0.7248173576047121,0.7654539258096312,-0.7713498334098381,-0.13004916117839413,-0.3929864634871768,-0.7079837225993983,1.3606789603202112,1.1280137757038151,-0.0690561847543834,-0.04266676374495368,-0.724794804072717
1731069256.31,-0.9214443623352827,0.7905149717913729,-0.07518754852562552,-0.297541606909676,0.7043613871694583,-0.5361107402806123,-0.7281689606334489,-0.0431494895617464,-0.12326996315240228,-0.7244853649437127,-0.6292751062474522,-0.664992727479591,-0.13004916117839413,-0.43119551816022306,-0.7035100089451072,-2.0128513532085104,-0.3565169456945407,-0.0690561847543834,3.2189847169703265,-0.7244627911119237
1731069256.81,0.9615405870746049,-0.40303501480337706,-0.07518754852562552,-0.27114786606134555,0.7040139819188527,-0.5361107402806123,-0.8176915620644942,-0.0431494895617464,-0.17317268479300588,-0.7241533627223606,0.5911127968024926,-0.9362033476017207,-0.13004916117839413,-0.1599112299815942,-0.7039726563044755,1.3606789603202112,-0.07385861948401778,-0.0690561847543834,-0.19446199972096317,-0.7241307686021907
1731069257.31,-0.9214443623352827,0.32248790784851994,-0.07518754852562552,-0.23302357372486823,0.7036665770923999,-0.5361107402806123,-0.7607226338811018,-0.0431494895617464,-0.14883588951014995,-0.7238213509420901,-0.4549339772403137,-0.6543570168865663,-0.13004916117839413,-0.3127474486737795,-0.7029186033806819,-0.4558373623490976,-0.216336800175501,-0.0690561847543834,-0.350149421234819,-0.7237987365449023
1731069257.81,0.9615405870746049,-0.587654687085333,-0.07518754852562552,-0.20956247074857445,0.7033191726901067,1.5403010408762854,-0.35922733049338346,-0.0431494895617464,-0.16481459348374222,-0.7234893296042638,0.5911127968024926,-1.212731823020363,-0.13004916117839413,-0.4235537072256138,-0.7046365450437213,1.3606789603202112,0.03185099844837274,-0.0690561847543834,-0.11661828896403519,-0.7234666949414436
1731069258.31,-0.9214443623352827,-0.46457490556402886,-0.07518754852562552,-0.3327332613741167,0.7029717687120133,-0.5361107402806123,-0.4026322281569206,-0.0431494895617464,-0.029856001460632022,-0.7231572987102647,-0.4549339772403137,-0.7553962675203011,-0.13004916117839413,-0.16373213544889895,-0.7062503502945364,-0.4558373623490976,-0.2278269760377174,-0.0690561847543834,0.08966754454182374,-0.7231346437932017
1731069258.81,-0.9214443623352827,-0.5180174422772267,-0.07518754852562552,-0.04533474991451818,0.7026243651581062,-0.5361107402806123,-0.5952414615388666,-0.0431494895617464,-0.15743980703439192,-0.7228252582614801,0.5911127968024926,-0.7979391098923996,-0.13004916117839413,-0.328031070542998,-0.7039178924203162,-0.4558373623490976,0.5213324901787904,-0.0690561847543834,-0.280090081553584,-0.7228025831015579
1731069259.31,0.9615405870746049,-0.36254824456610596,-0.07518754852562552,0.013318007526216126,0.7022769620284323,-0.23948048582963297,-0.4758779929641394,-0.0431494895617464,-0.14637762736036652,-0.72249320825927,-0.4549339772403137,-0.9202497817121837,-0.13004916117839413,-0.17137394638350822,-0.7016862771255719,-0.4558373623490976,0.4868619625921415,-0.0690561847543834,-0.25673696832650555,-0.7224705128678985
1731069259.81,0.9615405870746049,0.41155880237051606,-0.07518754852562552,-0.1274486103315464,0.7019295593229581,1.5403010408762854,-0.26699192295836705,-0.0431494895617464,1.0444045579947263,-0.7221611487050676,0.5911127968024926,-0.3618749755783872,-0.13004916117839413,-0.19429937918733586,-0.7025289995702911,1.3606789603202112,0.08470580741456814,-0.0690561847543834,-0.3657181633862046,-0.7221384330936067
1731069260.31,-0.9214443623352827,-0.36416771537559683,-0.07518754852562552,-0.03946947417044473,0.7015821570417371,-0.23948048582963297,-0.23443824971071417,-0.0431494895617464,-0.02739773931084859,-0.721829079600232,-0.4549339772403137,-0.4469606603225846,-0.13004916117839413,-0.4082700853563953,-0.7019248077207084,-0.4558373623490976,0.15824293293275302,-0.0690561847543834,-0.4046400187646686,-0.7218063437800663
1731069260.81,0.9615405870746049,-0.00302572485913927,-0.07518754852562552,-0.04826738778655496,0.7012347551847559,-0.5361107402806123,-0.3538017182854413,-0.0431494895617464,-0.18743060526174976,-0.7214970009461487,0.5911127968024926,-0.5506588386045754,-0.13004916117839413,-0.4350164236275277,-0.701496526009083,-0.4558373623490976,0.4133248370739566,-0.0690561847543834,2.086358725457025,-0.721474244928661
1731069261.31,-0.9214443623352827,-0.2912915289485089,-0.07518754852562552,-0.22129302223672134,0.7008873537520413,-0.5361107402806123,-0.4107706464688338,-0.0431494895617464,-0.13556127390131942,-0.7211649127442005,-0.4549339772403137,0.35603548945078023,-0.13004916117839413,-0.35859831428143507,-0.7035968588662502,-0.1963350305392016,0.32140343017622547,-0.0690561847543834,-0.26062915386435187,-0.7211421365407733
1731069261.81,0.9615405870746049,-0.2572826419492012,-0.07518754852562552,-0.3034068826537495,0.7005399527436132,1.5403010408762854,-0.5165700845237055,-0.0431494895617464,-0.04460557435933261,-0.7208328149957491,-0.4549339772403137,-0.7979391098923996,-0.13004916117839413,-0.3853446525525675,-0.7009095536695399,1.3606789603202112,0.8338652736310762,-0.0690561847543834,-0.3229041224698943,-0.7208100186177893
1731069262.31,-0.9214443623352827,0.3856472694186626,-0.07518754852562552,-0.3034068826537495,0.7001925521594585,-0.5361107402806123,-0.2561406985424827,-0.0431494895617464,-0.2053759189551688,-0.7205007077022242,0.7654539258096312,-0.8697301563953164,-0.13004916117839413,-0.44265823456213693,-0.7005456554822362,-0.1963350305392016,0.564995158455213,-0.0690561847543834,-0.4007478332268222,-0.72047789116109
1731069262.81,-0.9214443623352827,-0.3074862370434173,-0.07518754852562552,1.643864664378632,0.6998451519996172,-0.5361107402806123,-0.10151075061613193,-0.0431494895617464,-0.1404777982008863,-0.7201685908649864,0.5911127968024926,-0.7288069910377393,-0.13004916117839413,-0.3203892596083888,-0.7001779549610004,-0.4558373623490976,0.9165945398390342,-0.0690561847543834,-0.3267963080077407,-0.7201457541720565
1731069263.31,0.9615405870746049,-0.045131965905900996,-0.07518754852562552,-0.34739645073430026,0.6994977522640891,-0.5361107402806123,-0.43518590140457347,-0.0431494895617464,-0.00035685566323085495,-0.7198364644854177,-0.4549339772403137,-0.49482135799119575,-0.13004916117839413,2.002721264512827,-0.7028712241133681,-0.4558373623490976,0.9418729267359099,-0.0690561847543834,-0.10494173235049607,-0.7198136076520739
1731069263.81,-0.9214443623352827,-0.2750968208536005,-0.07518754852562552,-0.3151374341418964,0.6991503529528877,-0.23948048582963297,-0.6657744202421143,-0.0431494895617464,-0.13064474960175257,-0.7195043285649017,0.5911127968024926,-0.15979647431091779,-0.13004916117839413,-0.3662401252160443,-0.7012966126957899,1.3606789603202112,0.7764143943199939,-0.0690561847543834,-0.280090081553584,-0.7194814516025226
1731069264.31,0.9615405870746049,-0.16821174742720504,-0.07518754852562552,-0.3561943643504104,0.6988029540660332,1.5403010408762854,-0.7010408995937383,-0.0431494895617464,0.021767503684819965,-0.7191721831047964,-0.4549339772403137,0.06355344814260078,-0.13004916117839413,-0.35859831428143507,-0.6987307012242313,-0.1963350305392016,0.9740454191501159,-0.0690561847543834,-0.4396696886052861,-0.7191492860247862
1731069264.81,0.9615405870746049,-0.3787429526610144,-0.07518754852562552,-0.16264026479598692,0.6984555556035255,-0.5361107402806123,-0.7552970216731597,-0.0431494895617464,-0.1923471295613166,-0.7188400281065332,0.7654539258096312,0.13534449464551726,-0.13004916117839413,-0.42737461269291843,-0.699943924191796,-0.4558373623490976,0.3466818170731018,-0.0690561847543834,-0.15164795880465287,-0.7188171109202451
1731069265.31,-0.9214443623352827,-0.22165428414040267,-0.07518754852562552,-0.2300909358528315,0.6981081575653979,-0.5361107402806123,-0.3972066159489785,-0.0431494895617464,-0.13556127390131942,-0.7185078635714701,-0.4549339772403137,0.4038961871193908,-0.13004916117839413,-0.3433146924122165,-0.701185950977174,-0.1963350305392016,-0.7862495229414334,-0.0690561847543834,1.3507356588040562,-0.7184849262902826
1731069265.81,0.9615405870746049,-0.18440645552211346,-0.07518754852562552,-0.2066298328765378,0.6977607599516372,1.5403010408762854,-0.5219956967316476,-0.0431494895617464,-0.04460557435933261,-0.7181756895009881,0.5911127968024926,0.6857425178345455,-0.13004916117839413,-0.17519485185081277,-0.7013207081887536,1.3606789603202112,-0.7609711360445574,-0.0690561847543834,-0.3773947199997438,-0.7181527321362778
1731069266.31,-0.9214443623352827,-0.47267225961148307,-0.07518754852562552,-0.3180700720139331,0.6974133627622701,-0.5361107402806123,-0.3131096267258752,-0.0431494895617464,-0.16112720025906707,-0.7178435058964696,-0.4549339772403137,-0.9468390581947455,-0.13004916117839413,-0.43119551816022306,-0.6962951718777447,-0.4558373623490976,-0.4783128098340344,-0.0690561847543834,-0.2723057104778912,-0.7178205284596125
1731069266.81,0.9615405870746049,-0.004645195668630113,-0.07518754852562552,-0.3620596400944838,0.6970659659973298,-0.5361107402806123,-0.416196258676776,-0.0431494895617464,-0.11589517670305198,-0.7175113127592709,0.5911127968024926,-0.7075355698516899,-0.13004916117839413,-0.3089265432064749,-0.6989853611891561,-0.4558373623490976,-0.5449558298348894,-0.0690561847543834,-0.2839822670914303,-0.7174883152616688
1731069267.31,-0.9214443623352827,-0.19898169280753106,-0.07518754852562552,1.881408332013606,0.6967185696567967,-0.5361107402806123,0.2891333283557021,-0.0431494895617464,0.1643467083722589,-0.7171791100908245,-0.4549339772403137,-1.0478783088284802,-0.13004916117839413,-0.18665756825272659,-0.6993783969750342,-0.4558373623490976,-0.22093287052038757,-0.0690561847543834,-0.3618259778483582,-0.7171560925438271
1731069267.81,0.9615405870746049,-0.2734773500441096,-0.07518754852562552,-0.2300909358528315,0.6963711737406971,1.5403010408762854,-0.09065952620024764,-0.0431494895617464,-0.13556127390131942,-0.7168468978924842,0.5911127968024926,-0.20499824433127278,-0.13004916117839413,1.735257881801503,-0.7002263236099352,1.3606789603202112,-0.6322811663877338,-0.0690561847543834,-0.3112275658563551,-0.7168238603074661
1731069268.31,-0.9214443623352827,-0.05322931995335521,-0.07518754852562552,-0.3356658992461534,0.6960237782490446,-0.5361107402806123,-0.27513034127028024,-0.0431494895617464,-0.15276910894980344,-0.7165146761656311,-0.4549339772403137,-0.06673400662195189,-0.13004916117839413,-0.3471355978795212,-0.6956766903796283,-0.1963350305392016,-0.03938809189736862,-0.0690561847543834,-0.44356187414313253,-0.7164916185539665
1731069268.81,0.9615405870746049,-0.7657964761293254,-0.07518754852562552,-0.3385985371181901,0.6956763831818458,-0.5361107402806123,-0.39991942205294956,-0.0431494895617464,-0.19333043442123,-0.716182444911648,0.5911127968024926,-0.010896526008572174,-0.13004916117839413,-0.45412095096405086,-0.6962937630688671,-0.4558373623490976,-0.3771992622465302,-0.0690561847543834,-0.44356187414313253,-0.7161593672847101
1731069269.31,-0.9214443623352827,0.08604516966285708,-0.07518754852562552,-0.12158333458747293,0.6953289885391342,-0.5361107402806123,0.15349302315714852,-0.0431494895617464,-0.1530149351647818,-0.7158502041318888,-0.4549339772403137,0.08482486932865019,-0.13004916117839413,0.26420927688921986,-0.6963248179586338,-0.4558373623490976,-0.42086193052295245,-0.0690561847543834,-0.3190119369320479,-0.7158271065010758
1731069269.81,0.9615405870746049,-0.15687545176076914,-0.07518754852562552,-0.28874369329356586,0.6949815943209029,1.5403010408762854,-0.03369059801685514,-0.0431494895617464,-0.11343691455326856,-0.7155179538277833,0.5911127968024926,0.3134926470786814,-0.13004916117839413,0.09991034179512079,-0.6954022030850433,1.3606789603202112,-0.34043069948743776,-0.0690561847543834,0.32319867681260755,-0.7154948362044412
1731069270.31,-0.9214443623352827,-0.11314973990451639,-0.07518754852562552,-0.35326172647837367,0.6946342005271656,-0.5361107402806123,-0.14762845438364017,-0.0431494895617464,-0.1480984108652149,-0.7151856940006864,-1.5009807512831326,-0.9175908540639276,-0.13004916117839413,-0.2936429213372564,-0.6984861608863366,-0.4558373623490976,-0.5978106388010846,-0.0690561847543834,-0.4824837295215965,-0.7151625563961894
1731069270.81,0.9615405870746049,0.17997447661332577,-0.07518754852562552,-0.11865069671543615,0.6942868071579421,-0.5361107402806123,-0.17204370931937982,-0.0431494895617464,-0.11835343885283542,-0.7148534246519791,1.6371595708453115,-1.109033644738372,-0.13004916117839413,-0.3203892596083888,-0.6965270230442194,-0.1963350305392016,-0.2668935739692531,-0.0690561847543834,-0.38517909107543663,-0.714830267077695
1731069271.31,-0.9214443623352827,-0.47915014284944646,-0.07518754852562552,-0.30047424478171275,0.6939394142132392,-0.23948048582963297,0.1968979208206857,-0.0431494895617464,0.8084113916155171,-0.7145211457830393,-0.4549339772403137,-1.0691497300145296,-0.13004916117839413,-0.3815237470852629,-0.6953155946036317,-0.4558373623490976,-0.3680071215567571,-0.0690561847543834,-0.21392292741019509,-0.71449796825034
1731069271.81,0.9615405870746049,0.5038686385114939,-0.07518754852562552,-0.18316872990024402,0.693592021693097,1.5403010408762854,0.1968979208206857,-0.0431494895617464,-0.133103011751536,-0.7141888573952221,0.5911127968024926,-0.6463802339417978,-0.13004916117839413,-0.1140603643739386,-0.6934767639019805,1.3606789603202112,-0.28297982017635603,-0.0690561847543834,-0.3579337923105118,-0.7141656599155015
1731069272.31,-0.9214443623352827,-0.2653799959966554,-0.07518754852562552,-0.32393534775800653,0.6932446295974753,-0.23948048582963297,-0.35108891218147026,-0.0431494895617464,-0.07656298230651715,-0.7138565594899571,-0.4549339772403137,-0.7553962675203011,-0.13004916117839413,1.5212871756324438,-0.6954138671499402,-0.1963350305392016,-0.0715605843115745,-0.0690561847543834,0.21810966729075484,-0.7138333420745586
1731069272.81,-8.453384159974824,0.6820104275554866,-0.07518754852562552,-0.23595621159690494,0.6928972379264278,-6.172085574849347,5.134205030048032,-0.0431494895617464,-0.1692394653533524,-0.7135242520685955,-17.191682361925377,8.258368460068128,-0.13004916117839413,-0.22104571745846838,-0.6956939067116464,-11.873939961984766,0.7672222536302209,-0.0690561847543834,-0.3423650501591262,-0.7135010147288902
1731069273.31,4.727510485894375,10.520295595212348,10.980253994860337,10.06640063286809,0.6925498466799676,1.5403010408762854,4.423449830807612,11.711332110077802,-0.14981919437006333,-0.7131919351325182,9.482510376166434,0.2310658899827396,12.01121687669191,9.541367751504865,-0.6965054215645503,4.734209273848933,5.645950924727296,12.423835420811344,30.191830494245853,-0.713168677879872
1731069273.81,0.9615405870746049,4.293430332720062,-0.07518754852562552,-0.32686798563004327,0.6922024558580815,1.5403010408762854,-0.009275343081115488,-0.0431494895617464,-0.13064474960175257,-0.7128596086831022,0.5911127968024926,0.03962309930829518,-0.13004916117839413,0.6004489580120274,-0.6938753787769552,1.3606789603202112,0.8085868867341999,-0.0690561847543834,-0.369610348924051,-0.7128363315288831
1731069274.31,-0.9214443623352827,2.8504818414637234,-0.07518754852562552,-0.09225695586710572,0.6918550654608161,-0.5361107402806123,-0.7200305423215357,-0.0431494895617464,-0.05443862295846627,-0.7125272727217036,-0.4549339772403137,0.07950701403213783,-0.13004916117839413,0.01967132698172337,-0.6906045941669814,-0.4558373623490976,0.22488595293360783,-0.0690561847543834,-0.3151197513942015,-0.7125039756773008
1731069274.81,0.9615405870746049,0.42451456884644284,-0.07518754852562552,-0.17143817841209713,0.6915076754881516,-0.5361107402806123,-0.9750343160948162,-0.0431494895617464,-0.1876764314767281,-0.7121949272497462,-0.4549339772403137,-1.505213864328542,-0.13004916117839413,-0.3089265432064749,-0.6945623022197063,-0.4558373623490976,0.5397167715583366,-0.0690561847543834,2.401625754022583,-0.712171610326504
1731069275.31,-2.8044293117451677,0.7759397345059555,7.7010976048729765,-0.17730345415617058,0.6911602859401279,-0.23948048582963297,-0.7824250827128703,-0.0431494895617464,-0.061813409407816565,-0.7118625722685841,0.5911127968024926,-1.5397799237558722,-0.13004916117839413,-0.35859831428143507,-0.6915717226781187,-0.1963350305392016,0.2984230784517927,-0.0690561847543834,-0.16721670095603847,-0.7118392354778671
1731069275.81,-0.9214443623352827,-0.2718578792346188,-0.07518754852562552,-0.37672282945466745,0.6908128968167452,1.5403010408762854,-0.8068403376486099,-0.0431494895617464,-0.0888542930554343,-0.7115302077795963,0.7654539258096312,-1.380244264860502,-0.13004916117839413,-0.3127474486737795,-0.6901977902898798,1.3606789603202112,0.3742582391424211,-0.0690561847543834,-0.4669149873702109,-0.7115068511327672
1731069276.31,0.9615405870746049,-0.44838019746912045,-0.07518754852562552,-0.3825881051987409,0.69046550811801,-0.5361107402806123,-0.8421068170002338,-0.0431494895617464,-0.20242600437542868,-0.7111978337841569,-0.6292751062474522,-0.9654515517325387,-0.13004916117839413,-0.24015024479499147,-0.6916117750581607,-0.4558373623490976,0.40872876672907005,-0.0690561847543834,-0.389071276613283,-0.7111744572925821
1731069276.81,0.9615405870746049,0.8552938041710066,-0.07518754852562552,3.028069739979963,0.6901181198439625,-0.5361107402806123,-0.7797122766088993,-0.0431494895617464,-0.19406791306616503,-0.7108654502836221,0.7654539258096312,-1.0957390064970913,-0.13004916117839413,1.0054649375463185,-0.6899544039101047,-0.1963350305392016,0.8614416957003955,-0.0690561847543834,-0.3579337923105118,-0.7108420539586873
1731069277.31,-0.9214443623352827,-0.24270740466378363,-0.07518754852562552,-0.17437081628413378,0.6897707319945826,-0.23948048582963297,-0.7987019193366967,-0.0431494895617464,-0.1928387819912733,-0.7105330572794146,-0.4549339772403137,-0.8883426499331096,-0.13004916117839413,2.709588775964184,-0.6925295383152187,-0.4558373623490976,0.3191053950037825,-0.0690561847543834,-0.350149421234819,-0.7105096411324588
1731069277.81,0.9615405870746049,0.28685955003972136,-0.07518754852562552,-0.3092721583978229,0.6894233445699038,1.5403010408762854,-0.7200305423215357,-0.0431494895617464,-0.1434277127806264,-0.7102006547728867,0.5911127968024926,-1.0345836705871994,-0.13004916117839413,-0.14080670264507114,-0.6904310742043575,-0.1963350305392016,-0.34962284017721085,-0.0690561847543834,-0.007637093904336163,-0.7101772188152741
1731069278.31,-0.9214443623352827,-0.5666015665619519,-0.07518754852562552,-0.3356658992461534,0.6890759575699194,-0.5361107402806123,-0.7634354399850729,-0.0431494895617464,-0.042147312209549176,-0.7098682427654165,-0.4549339772403137,-0.3379446267440816,-0.13004916117839413,-0.33185197601030264,-0.6904096723049183,1.3606789603202112,-0.17267413189907874,-0.0690561847543834,-0.1555401443424992,-0.7098447870085057
1731069278.81,0.9615405870746049,-0.636238811370058,-0.07518754852562552,-0.03946947417044473,0.6887285709946693,-0.23948048582963297,-0.2588535046464538,-0.0431494895617464,1.5360569879514119,-0.7095358212583789,-0.4549339772403137,-0.9282265646569523,-0.13004916117839413,-0.11788126984124332,-0.6901052755045383,-0.4558373623490976,0.0571293853452488,-0.0690561847543834,-0.3968556476889758,-0.7095123457135327
1731069279.31,-0.9214443623352827,0.07632834480591202,-0.07518754852562552,-0.32686798563004327,0.6883811848441604,-0.5361107402806123,-0.4134834525728049,-0.0431494895617464,-0.17194355371811418,-0.7092033902531254,0.7654539258096312,-1.0851032959040667,-0.13004916117839413,-0.07967221516819697,-0.6875388481570022,-0.1963350305392016,-0.28297982017635603,-0.0690561847543834,0.650142261991705,-0.709179894931728
1731069279.81,0.9615405870746049,-0.33177829918577995,-0.07518754852562552,-0.3092721583978229,0.6880337991183928,1.5403010408762854,-0.3076840145179331,-0.0431494895617464,-0.15817728567932696,-0.7088709497510807,0.5911127968024926,-0.08268757251148895,-0.13004916117839413,-0.2898220158699517,-0.6890737030621628,1.3606789603202112,0.6477244246631709,-0.0690561847543834,-0.11272610342618887,-0.7088474346644671
1731069280.31,-0.9214443623352827,0.4131782731800071,-0.07518754852562552,-0.06879585289081194,0.6876864138173728,-0.5361107402806123,-0.5952414615388666,-0.0431494895617464,-0.1490817157251283,-0.708538499753595,-0.4549339772403137,-0.8830247946365972,-0.13004916117839413,-0.16373213544889895,-0.6903725648342429,-0.4558373623490976,0.16743507362252613,-0.0690561847543834,-0.3073353803185087,-0.7085149649131247
1731069280.81,0.9615405870746049,-0.38036242347050525,-0.07518754852562552,-0.26234995244523546,0.6873390289411343,-0.5361107402806123,0.2620052673159914,-0.0431494895617464,-0.08147950660608401,-0.7082060402620445,0.5911127968024926,-1.0186301046976622,-0.13004916117839413,-0.39680736895448143,-0.689457917342205,-0.4558373623490976,0.3305955708659986,-0.0690561847543834,-0.389071276613283,-0.7081824856790749
1731069281.31,-0.9214443623352827,0.1362487647570732,-0.07518754852562552,1.5940098205540079,0.6869916444896836,-0.5361107402806123,0.29727174666761536,-0.0431494895617464,-0.12081170100261884,-0.7078735712778033,-0.4549339772403137,-0.5958606086249305,-0.13004916117839413,-0.3127474486737795,-0.6869628486811535,-0.4558373623490976,0.26165451569270026,-0.0690561847543834,-0.43577750306743973,-0.7078499969636937
1731069281.81,0.9615405870746049,-0.36092877375661514,-0.07518754852562552,-0.36499227796652056,0.686644260463041,-0.5361107402806123,-0.2778431473742513,-0.0431494895617464,-0.167518681848504,-0.7075410928022209,0.5911127968024926,0.09811950756993078,-0.13004916117839413,1.8231387075495096,-0.6855912976703706,1.3606789603202112,1.2567037453606387,-0.0690561847543834,-0.3267963080077407,-0.7075174987683522
1731069282.31,-0.9214443623352827,0.15406294366147227,-0.07518754852562552,-0.2594173145731987,0.6862968768612062,1.5403010408762854,-0.3375248816616149,-0.0431494895617464,-0.19062634605646822,-0.707208604836723,-0.4549339772403137,-0.7367837739825078,-0.13004916117839413,-0.27453839400073327,-0.6893602545507819,-0.1963350305392016,1.32794283570638,-0.0690561847543834,-0.2995510092428159,-0.707184991094428
1731069282.81,0.9615405870746049,0.8180459755527174,-0.07518754852562552,-0.20076455713246436,0.6859494936841929,-0.5361107402806123,0.05311919731021917,-0.0431494895617464,-0.133103011751536,-0.7068761073826579,0.5911127968024926,0.12204985640423666,-0.13004916117839413,-0.43119551816022306,-0.6893787878311887,-0.4558373623490976,0.6821949522498199,-0.0690561847543834,-0.17500107203173126,-0.7068524739432906
1731069283.31,-0.9214443623352827,-0.09047714857164459,-0.07518754852562552,-0.32980062350207995,0.6856021109320211,-0.5361107402806123,-0.07166988347245014,-0.0431494895617464,0.03897533873330398,-0.706543600441399,-0.4549339772403137,-0.7075355698516899,-0.13004916117839413,0.37119462997374963,-0.6845498899173106,-0.4558373623490976,0.5581010529378828,-0.0690561847543834,-0.22170729848588788,-0.7065199473163176
1731069283.81,0.9615405870746049,0.17025765175638072,-0.07518754852562552,-0.18316872990024402,0.6852547286046973,1.5403010408762854,0.05854480951816131,-0.0431494895617464,0.07339100883027201,-0.7062110840143212,0.5911127968024926,-0.6091552468662114,-0.13004916117839413,0.15722392380469022,-0.6875354675068629,-0.4558373623490976,0.9763434543225594,-0.0690561847543834,-0.2255994840237344,-0.7061874112148787
1731069284.31,-0.9214443623352827,0.1815939474228168,-0.07518754852562552,-0.1245159724595096,0.684907346702255,-0.5361107402806123,-0.009275343081115488,-0.0431494895617464,-0.16997694399828742,-0.7058785581027741,-0.4549339772403137,-0.7261480633894831,-0.13004916117839413,0.054059476187465164,-0.6850573507651245,1.101176628510306,1.001621841219435,-0.0690561847543834,1.8177979233456238,-0.705854865640348
1731069284.81,0.9615405870746049,0.1313903523286005,-0.07518754852562552,-0.09225695586710572,0.6845599652246742,-0.23948048582963297,0.18333389030083033,-0.0431494895617464,-0.18202242853222625,-0.7055460227081786,0.5911127968024926,-0.6171320298109799,-0.13004916117839413,-0.4617627618986601,-0.6867420008456429,-0.1963350305392016,1.1004373536344958,-0.0690561847543834,-0.2761978960157375,-0.7055223105941002
1731069285.31,-0.9214443623352827,-0.22489322575938436,-0.07518754852562552,-0.34739645073430026,0.6842125841719883,-0.5361107402806123,-0.6847640629699118,-0.0431494895617464,-0.1881680839066848,-0.7052134778318839,-0.4549339772403137,-0.33528569909582545,-0.13004916117839413,-0.41973280175830924,-0.6860640989493925,-0.1963350305392016,1.160186268118021,-0.0690561847543834,-0.427993131991747,-0.7051897460775048
1731069285.81,0.9615405870746049,-0.3285393575667983,-0.07518754852562552,-0.17143817841209713,0.6838652035442105,1.5403010408762854,-0.6359335530984325,-0.0431494895617464,0.18155454342074284,-0.7048809234752624,0.5911127968024926,-0.4469606603225846,-0.13004916117839413,-0.1599112299815942,-0.6845331480636085,1.3606789603202112,1.1624843032904646,-0.0690561847543834,-0.3384728646212798,-0.7048571720919348
1731069286.31,-0.9214443623352827,-0.15039756852280578,-0.07518754852562552,-0.3327332613741167,0.6835178233413479,-0.23948048582963297,-0.5925286554348955,-0.0431494895617464,0.05864143593157142,-0.7045483596396874,-0.4549339772403137,-0.2502000143516278,-0.13004916117839413,0.1877911675431273,-0.6848550388938125,-2.0128513532085104,-0.2485092925897069,-0.0690561847543834,0.5372688813941595,-0.7045245886387627
1731069286.81,0.9615405870746049,-0.38198189427999607,-0.07518754852562552,-0.18610136777228067,0.6831704435634268,-0.5361107402806123,-0.3755041671172099,-0.0431494895617464,0.05618317378178799,-0.7042157863265083,0.5911127968024926,0.15661591583156667,-0.13004916117839413,-0.1904784737200313,-0.6855670562327421,1.3606789603202112,-0.5909165332837548,-0.0690561847543834,0.14026595653382687,-0.7041919957193615
1731069287.31,-0.9214443623352827,-0.17954804309364095,-0.07518754852562552,-0.3151374341418964,0.6828230642104341,-0.5361107402806123,-0.378216973221181,-0.0431494895617464,0.17172149482160912,-0.703883203537143,-1.675321880290271,-0.10661792134579454,2.0283981344429933,-0.43119551816022306,-0.6823321254763669,-0.4558373623490976,-0.5403597594900029,-0.0690561847543834,0.2531393371313724,-0.703859393335101
1731069287.81,0.9615405870746049,-0.35768983213763345,-0.07518754852562552,-0.297541606909676,0.6824756852824099,1.5403010408762854,-0.09608513840818979,-0.0431494895617464,0.18647106772030972,-0.7035506112729409,0.7654539258096312,-1.0718086576627859,-0.13004916117839413,-0.3624192197487397,-0.6813313744239938,-0.1963350305392016,-0.4576304932820449,-0.0690561847543834,0.22200185282860116,-0.7035267814873523
1731069288.31,-0.9214443623352827,-0.17954804309364095,-0.07518754852562552,-0.17730345415617058,0.6821283067793473,-0.5361107402806123,-0.3673657488052967,-0.0431494895617464,0.13238930042507424,-0.7032180095352735,-0.4549339772403137,-0.5639534768458564,-0.13004916117839413,-0.1904784737200313,-0.6823595042809671,1.3606789603202112,-0.30596017190078856,-0.0690561847543834,0.3193064912747611,-0.7031941601774883
1731069288.81,0.9615405870746049,0.11195670261471037,-0.07518754852562552,-0.2066298328765378,0.6817809287012665,-0.5361107402806123,0.1372161865333224,-0.0431494895617464,1.6048883281453477,-0.7028853983255129,0.5911127968024926,-0.4097356732469984,-0.13004916117839413,-0.27453839400073327,-0.6846022266354238,-0.4558373623490976,-0.4989951263860239,-0.0690561847543834,3.7249688368903584,-0.7028615294068787
1731069289.31,-0.9214443623352827,-0.5325926795626442,-0.07518754852562552,-0.2740805039333823,0.6814335510481943,-0.5361107402806123,-0.26699192295836705,-0.0431494895617464,0.19630411631944342,-0.7025527776450047,0.06808940978108946,-0.14916076371789308,-0.13004916117839413,-0.370061030683349,-0.6835012467017364,-0.1963350305392016,0.5489089122481098,-0.0690561847543834,1.035468630238498,-0.7025288891768949
1731069289.81,0.9615405870746049,0.055275224282531066,-0.07518754852562552,-0.3620596400944838,0.6810861738201238,1.5403010408762854,-0.3755041671172099,-0.0431494895617464,0.4249224962493022,-0.7022201474951698,0.06808940978108946,-0.09332328310451365,-0.13004916117839413,-0.40062827442178606,-0.6849064640982305,1.3606789603202112,-0.358814980866984,-0.0690561847543834,1.6698948729074605,-0.7021962394889066
1731069290.31,-0.9214443623352827,-0.14553915609433324,-0.07518754852562552,-0.2652825903172721,0.6807387970170753,-0.5361107402806123,-0.02555217970494192,-0.0431494895617464,0.14222234902420797,-0.7018875078773549,-0.4549339772403137,-0.10395899369753836,-0.13004916117839413,-0.014716822224018263,-0.6818467322452428,-0.4558373623490976,-0.25310536293459346,-0.0690561847543834,0.11302065776890215,-0.7018635803442835
1731069290.81,0.9615405870746049,-0.1212470939519706,-0.07518754852562552,2.1189519996485804,0.6803914206390621,-0.5361107402806123,-0.014700955289057632,-0.0431494895617464,0.007017930786119436,-0.7015548587929292,0.5911127968024926,0.5182300759944067,-0.13004916117839413,0.10373124726242533,-0.6831363990389842,-0.4558373623490976,-0.20484662431328463,-0.0690561847543834,-0.4669149873702109,-0.7015309117443984
1731069291.31,-0.9214443623352827,0.23341701332652376,-0.07518754852562552,-0.2154277464926479,0.6800440446860975,-0.5361107402806123,0.36237909316292105,-0.0431494895617464,0.04635012518265427,-0.7012222002432642,-0.4549339772403137,0.47834616127056373,-0.13004916117839413,-0.37770284161795825,-0.6810670780416529,-0.4558373623490976,-0.2760857146590262,-0.0690561847543834,-0.22170729848588788,-0.7011982336906181
1731069291.81,0.9615405870746049,-0.616805161656168,-0.07518754852562552,-0.2740805039333823,0.6796966691582081,1.5403010408762854,-0.12863881165584265,-0.0431494895617464,-0.0052733799627977165,-0.7008895322297063,-0.4549339772403137,-0.12523041488358747,-0.13004916117839413,-0.28218020493534246,-0.6837355984774143,1.3606789603202112,-0.5909165332837548,-0.0690561847543834,-0.4396696886052861,-0.7008655461843122
1731069292.31,-0.9214443623352827,0.20264706794619755,-0.07518754852562552,-0.3210027098859698,0.6793492940553809,-0.5361107402806123,0.004288687438739873,-0.0431494895617464,-0.09377081735500116,-0.7005568547536736,0.5911127968024926,-0.35389819263361866,-0.13004916117839413,-0.17519485185081277,-0.6807269873134991,-0.4558373623490976,-0.5541479705246626,-0.0690561847543834,-0.2761978960157375,-0.7005328492268521
1731069292.81,-0.9214443623352827,-0.18116751390313177,-0.07518754852562552,-0.24768676308505183,0.6790019193776357,-0.23948048582963297,0.2430156245881939,-0.0431494895617464,-0.11589517670305198,-0.7002241678165106,0.5911127968024926,-0.42568923913653545,-0.13004916117839413,-0.37770284161795825,-0.6822998867140425,-0.1963350305392016,-0.13820360431242956,-0.0690561847543834,-0.3657181633862046,-0.7002001428196044
1731069293.31,0.9615405870746049,0.31277108299157486,-0.07518754852562552,-0.24768676308505183,0.6786545451249992,-0.5361107402806123,-0.378216973221181,-0.0431494895617464,0.7936618187168164,-0.699891471419588,-0.4549339772403137,-0.8059158928371681,-0.13004916117839413,-0.09877674250472006,-0.6833007266562425,-0.1963350305392016,-0.38409336776386005,-0.0690561847543834,2.479469464779511,-0.699867426963939
1731069293.81,-0.9214443623352827,1.349232401065713,-0.07518754852562552,-0.2183603843646847,0.6783071712974783,-0.5361107402806123,-1.078120948045717,-0.0431494895617464,-0.11343691455326856,-0.6995587655642738,0.5911127968024926,-0.4469606603225846,-0.13004916117839413,-0.22104571745846838,-0.6793797472654083,1.3606789603202112,-0.3863914029363033,-0.0690561847543834,-0.2333838550994272,-0.6995347016612286
1731069294.31,0.9909622269091337,0.018027395664241684,-0.07518754852562552,-0.09518959373914238,0.6779597978950862,1.5403010408762854,-0.9180653879114239,-0.0431494895617464,-0.03231426361041545,-0.699226050251913,-0.4549339772403137,0.15129806053505432,-0.13004916117839413,-0.35859831428143507,-0.678066737850826,-0.4558373623490976,-0.25770143327948003,-0.0690561847543834,-0.2528447827886591,-0.6992019669128352
1731069294.81,0.932118947240076,0.7905149717913729,-0.07518754852562552,-0.17730345415617058,0.6776124249178364,-0.5361107402806123,-0.8692348780399446,-0.0431494895617464,-0.18202242853222625,-0.6988933254839245,0.5911127968024926,0.02366953341875812,-0.13004916117839413,-0.030000444093236805,-0.6784376867668401,-0.4558373623490976,0.09389794810434124,-0.0690561847543834,-0.4163165753782078,-0.6988692227201303
1731069295.31,-0.9214443623352827,-0.393318189946432,-0.07518754852562552,1.192238432084977,0.6772650523657286,-0.23948048582963297,-0.8773732963518578,-0.0431494895617464,-0.12326996315240228,-0.6985605912616518,-0.4549339772403137,0.3453997788577555,-0.13004916117839413,-0.25543386666421003,-0.6794287724286197,-0.4558373623490976,-0.05777237327691483,-0.0690561847543834,-0.21392292741019509,-0.6985364690844805
1731069295.81,0.9615405870746049,0.16701871013739902,-0.07518754852562552,-0.27114786606134555,0.6769176802387966,1.5403010408762854,-0.8827989085597999,-0.0431494895617464,-0.10606212810391831,-0.6982278475864626,-0.4549339772403137,-0.2874250014272143,-0.13004916117839413,2.7783650743756674,-0.6763762083812677,1.3606789603202112,0.4386032239708324,-0.0690561847543834,-0.3423650501591262,-0.6982037060072556
1731069296.31,-0.9214443623352827,0.037461045378131795,-0.07518754852562552,-0.1274486103315464,0.6765703085370335,-0.5361107402806123,-1.0211520198623245,-0.0431494895617464,-0.17169772750313583,-0.6978950944597253,0.5911127968024926,-1.2366621718546684,-0.13004916117839413,-0.44265823456213693,-0.6774269373280586,-0.4558373623490976,0.024956892931042907,-0.0690561847543834,-0.2995510092428159,-0.6978709334898207
1731069296.81,0.9615405870746049,-0.10667185666655302,-0.07518754852562552,-0.2740805039333823,0.6762229372604861,-0.5361107402806123,-0.7200305423215357,-0.0431494895617464,-0.2294668880230464,-0.6975623318827845,0.5911127968024926,-0.925567637008696,-0.13004916117839413,0.1342984910008624,-0.6752129628428424,-0.4558373623490976,0.43630518879838937,-0.0690561847543834,-0.5019446572108285,-0.697538151533544
1731069297.31,-0.9214443623352827,0.9038779284557319,-0.07518754852562552,-0.256484676701162,0.6758755664091277,-0.5361107402806123,-0.8665220719359735,-0.0431494895617464,-0.13801953605110287,-0.6972295598570555,-0.4549339772403137,-0.7500784122237887,-0.13004916117839413,0.3329855753007033,-0.6784480414029047,-0.1963350305392016,0.9625552432878998,-0.0690561847543834,-0.4241009464539006,-0.6972053601397938
1731069297.81,0.9615405870746049,-0.1325833896184065,-0.07518754852562552,-0.08345904225099549,0.6755281959829917,1.5403010408762854,-0.5762518188110691,-0.0431494895617464,-0.039689050059765744,-0.6968967783838818,0.5911127968024926,-0.9920408282151005,-0.13004916117839413,-0.12552308077585259,-0.6773191648392864,1.3606789603202112,0.700579233629366,-0.0690561847543834,1.0549295579277302,-0.6968725593099354
1731069298.31,-0.9214443623352827,0.4326119228938972,-0.07518754852562552,-0.25061940095708857,0.675180825982085,-0.5361107402806123,-0.7987019193366967,-0.0431494895617464,-0.1697311177833091,-0.696563987464631,-0.4549339772403137,-1.0372425982354554,-0.13004916117839413,-0.35477740881413045,-0.6741649450312942,-0.4558373623490976,0.5167364198339038,-0.0690561847543834,-0.280090081553584,-0.6965397490453368
1731069298.81,0.9615405870746049,-0.4613359639450472,-0.07518754852562552,-0.27701314180541897,0.6748334564064272,-0.5361107402806123,-0.6088054920587219,-0.0431494895617464,-0.1404777982008863,-0.6962311871006687,0.7654539258096312,-1.3164300013023538,-0.13004916117839413,0.27567199329113384,-0.6778728948191294,-0.4558373623490976,-0.11522325258799677,-0.0690561847543834,-0.3812869055375902,-0.6962069293473632
1731069299.31,-0.9214443623352827,-0.47753067203995564,-0.07518754852562552,-0.40604920817503465,0.6744860872560321,-0.5361107402806123,-0.8746604902478867,-0.0431494895617464,0.8600348967609691,-0.6958983772933395,-0.4549339772403137,-0.6729695104243596,-0.13004916117839413,-0.11788126984124332,-0.6760828962848874,-0.4558373623490976,-0.593214568456198,-0.0690561847543834,-0.2917666381671231,-0.6958741002173814
1731069299.81,-0.9214443623352827,0.10385934856725634,-0.07518754852562552,-0.2682152281893088,0.6741387185308995,1.5403010408762854,-0.8909373268717131,-0.0431494895617464,-0.15522737109958687,-0.6955655580440567,0.5911127968024926,-0.513433851528989,-0.13004916117839413,-0.12934398624315716,-0.6780162764106468,-0.4558373623490976,-0.16118395603686234,-0.0690561847543834,-0.3267963080077407,-0.6955412616567566
1731069300.31,0.9615405870746049,-0.35283141970916093,-0.07518754852562552,-0.2594173145731987,0.6737913502310628,-0.5361107402806123,-0.7010408995937383,-0.0431494895617464,-0.2058675713851255,-0.695232729354163,-0.4549339772403137,-1.2659103759854864,-0.13004916117839413,2.461229920589383,-0.674687361686439,1.3606789603202112,-0.13820360431242956,-0.0690561847543834,-0.26062915386435187,-0.6952084136668554
1731069300.81,0.9615405870746049,0.3467799699908824,-0.07518754852562552,-0.1538423511798768,0.6734439823565087,-0.5361107402806123,-0.7471586033612465,-0.0431494895617464,-0.12326996315240228,-0.6948998912250249,0.5911127968024926,-1.3403603501366594,-0.13004916117839413,0.1342984910008624,-0.6739742661028175,-0.1963350305392016,0.06172545569013535,-0.0690561847543834,-0.4396696886052861,-0.6948755562490414
1731069301.31,-0.9214443623352827,-0.48724749689690067,-0.07518754852562552,-0.3092721583978229,0.6730966149072773,-0.5361107402806123,-0.6929024812818251,-0.0431494895617464,-0.049522098658899415,-0.6945670436580091,-0.4549339772403137,-0.9893819005668443,-0.13004916117839413,-0.03382134956054135,-0.6748673331997525,-0.4558373623490976,0.19730953086428848,-0.0690561847543834,-0.408532204302515,-0.694542689404683
1731069301.81,0.9615405870746049,-0.19574275118854936,-0.07518754852562552,-0.30047424478171275,0.6727492478833753,1.5403010408762854,-0.6386463592024035,-0.0431494895617464,-0.17243520614807087,-0.6942341866544545,-0.4549339772403137,-0.7819855440028626,-0.13004916117839413,-0.3624192197487397,-0.6768644738863536,-0.1963350305392016,0.06402349086257864,-0.0690561847543834,-0.10883391788834239,-0.6942098131351437
1731069302.31,-0.9214443623352827,-0.048370907524882684,-0.07518754852562552,-0.24182148734097839,0.6724018812848026,-0.5361107402806123,-0.17746932152732195,-0.0431494895617464,-0.176122599372746,-0.693901320215777,0.5911127968024926,-0.42568923913653545,-0.13004916117839413,-0.32421016507569345,-0.6722239385231903,1.3606789603202112,0.08010973706968158,-0.0690561847543834,-0.1983541852588095,-0.6938769274417872
1731069302.81,0.9615405870746049,-0.1633533349987325,-0.07518754852562552,-0.2740805039333823,0.6720545151115794,-0.5361107402806123,-0.3483761060774992,-0.0431494895617464,-0.1928387819912733,-0.6935684443433175,0.7654539258096312,-0.7819855440028626,-0.13004916117839413,-0.24015024479499147,-0.672230401023769,-0.4558373623490976,0.36506609845264804,-0.0690561847543834,-0.4746993584459037,-0.6935440323259787
1731069303.31,-0.9214443623352827,0.7143998437453035,-0.07518754852562552,-0.36499227796652056,0.6717071493637122,-0.5361107402806123,-0.31582243282984634,-0.0431494895617464,-0.029856001460632022,-0.6932355590384409,-0.6292751062474522,-0.15979647431091779,-0.13004916117839413,-0.3738819361506536,-0.675626293198105,-0.4558373623490976,0.30301914879667924,-0.0690561847543834,1.0821748566926548,-0.693211127789085
1731069303.81,0.9615405870746049,-0.20707904685498527,-0.07518754852562552,0.007452731782142684,0.671359784041228,1.5403010408762854,-0.4134834525728049,-0.0431494895617464,-0.12818648745196914,-0.6929026643025106,0.5911127968024926,-0.3485803373371063,-0.13004916117839413,-0.4120909908237,-0.6715936777901591,1.3606789603202112,0.18352131982962883,-0.0690561847543834,0.37768927434245714,-0.6928782138324664
1731069304.31,-0.9214443623352827,-0.24432687547327447,-0.07518754852562552,-0.297541606909676,0.6710124191441466,-0.5361107402806123,-0.35922733049338346,-0.0431494895617464,-0.20340930923534206,-0.6925697601368684,-1.675321880290271,-0.7660319781133258,-0.13004916117839413,-0.27835929946803784,-0.6723652370909439,-0.1963350305392016,0.4707757163850383,-0.0690561847543834,1.2184013505172788,-0.6925452904574899
1731069304.81,0.9615405870746049,-0.23299057980683857,-0.07518754852562552,1.7582375413880638,0.6706650546724547,-0.5361107402806123,0.034129554582421666,-0.0431494895617464,-0.1485900632951716,-0.6922368465429277,0.5911127968024926,-0.8803658669883411,-0.13004916117839413,0.6080907689466368,-0.6735544952904677,-0.4558373623490976,1.1234177053589287,-0.0690561847543834,0.9109186930274135,-0.6922123576655175
1731069305.31,-0.9214443623352827,0.31601002461055655,-0.07518754852562552,-0.3034068826537495,0.6703176906261792,-0.23948048582963297,-0.13949003607172694,-0.0431494895617464,-0.02739773931084859,-0.6919039235220265,0.5911127968024926,-0.8537765905057793,-0.13004916117839413,-0.24779205572960075,-0.6731576685357706,-0.4558373623490976,0.7557320777680048,-0.0690561847543834,0.72020160167294,-0.6918794154579129
1731069305.81,0.9615405870746049,0.060133636711003594,-0.07518754852562552,-0.32980062350207995,0.6699703270053332,1.5403010408762854,-0.2805559534782224,-0.0431494895617464,1.3467708024180878,-0.6915709910755302,0.7654539258096312,-0.388464252060949,-0.13004916117839413,-0.18665756825272659,-0.6712812179699192,1.3606789603202112,0.9349788212185804,-0.0690561847543834,0.7435547149000182,-0.6915464638360396
1731069306.31,-0.9214443623352827,-0.4014155439938862,-0.07518754852562552,-0.32686798563004327,0.6696229638099302,-0.5361107402806123,-0.27513034127028024,-0.0431494895617464,-0.18743060526174976,-0.6912380492048006,-0.6292751062474522,-0.268812507889421,-0.13004916117839413,-0.35859831428143507,-0.6734727639970931,-0.4558373623490976,0.7557320777680048,-0.0690561847543834,0.4321798718723066,-0.6912135028012598
1731069306.81,0.9615405870746049,-0.4046544856128679,-0.07518754852562552,-0.2154277464926479,0.6692756010399971,-0.5361107402806123,-0.6766256446579986,-0.0431494895617464,-0.10360386595413489,-0.6909050979111787,0.5911127968024926,-0.3512392649853625,-0.13004916117839413,0.42086640104870976,-0.6698460923201792,-0.4558373623490976,1.7392911315737265,-0.0690561847543834,0.5956516644618552,-0.6908805323549388
1731069307.31,-0.9214443623352827,-0.48724749689690067,-0.07518754852562552,-0.13331388607561984,0.6689282386955069,-0.5361107402806123,-0.229012637502772,-0.0431494895617464,-0.17415598965291926,-0.6905721371960757,-0.4549339772403137,-0.2581767972963963,-0.13004916117839413,-0.35859831428143507,-0.6700163644980399,-0.1963350305392016,0.5167364198339038,-0.0690561847543834,3.413593993862646,-0.6905475524984356
1731069307.81,0.9615405870746049,-0.14715862690382409,-0.07518754852562552,-0.3620596400944838,0.6685808767765131,1.5403010408762854,-0.35922733049338346,-0.0431494895617464,-0.08147950660608401,-0.6902391670608305,0.5911127968024926,0.8080531896543297,-0.13004916117839413,-0.40062827442178606,-0.6688337333351808,-0.4558373623490976,-0.4783128098340344,-0.0690561847543834,1.023792073624959,-0.6902145632331153
1731069308.31,-0.9214443623352827,-0.33501724080476164,-0.07518754852562552,-0.3034068826537495,0.6682335152830092,-0.5361107402806123,0.01785271795859523,-0.0431494895617464,-0.09377081735500116,-0.6899061875068051,-0.4549339772403137,-0.10395899369753836,-0.13004916117839413,-0.24397115026229618,-0.6714642131131645,1.3606789603202112,-0.584022427766425,-0.0690561847543834,0.6851719318323225,-0.6898815645603401
1731069308.81,0.9615405870746049,-0.2929109997579997,-0.07518754852562552,-0.10985278309932606,0.6678861542150017,-0.5361107402806123,0.0693960339340456,-0.0431494895617464,-0.18570982175690137,-0.6895731985353629,-0.4549339772403137,-0.9574747687877702,-0.13004916117839413,-0.32421016507569345,-0.6691774174163904,-0.4558373623490976,-0.7517789953547842,-0.0690561847543834,0.7785843847406361,-0.6895485564814691
1731069309.31,-0.9214443623352827,0.07632834480591202,-0.07518754852562552,1.4503105648242085,0.6675387935725442,-0.5361107402806123,-0.4324730953006024,-0.0431494895617464,-0.17194355371811418,-0.689240200147841,0.5911127968024926,-0.34592140968885016,-0.13004916117839413,0.4972845103948025,-0.6689625179748911,-0.4558373623490976,0.6431283543182844,-0.0690561847543834,0.17529562637444454,-0.6892155389978672
1731069309.81,-0.9214443623352827,-0.6087078076087139,-0.07518754852562552,-0.2535520388291253,0.6671914333555966,1.5403010408762854,-0.06081865905656585,-0.0431494895617464,-0.1704685964282441,-0.6889071923456509,0.5911127968024926,-0.819210531078449,-0.13004916117839413,2.5987825174123493,-0.6707196051198483,1.3606789603202112,-0.5702342167317656,-0.0690561847543834,0.3932580164938428,-0.6888825121108939
1731069310.31,0.9615405870746049,0.16863818094689004,-0.07518754852562552,-0.3034068826537495,0.6668440735642056,-0.5361107402806123,-0.3673657488052967,-0.0431494895617464,-0.16604372455863395,-0.6885741751301295,-1.675321880290271,-0.587883825680162,2.0283981344429933,-0.18665756825272659,-0.6672927807784477,-0.4558373623490976,-0.20254858914084134,-0.0690561847543834,1.016007702549266,-0.6885494758219112
1731069310.81,0.9615405870746049,-0.23137110899734772,-0.07518754852562552,-0.3151374341418964,0.6664967141983779,-0.5361107402806123,-0.340237687765586,-0.0431494895617464,-0.16161885268902376,-0.6882411485026395,-1.5009807512831326,-0.39378210735746133,2.0283981344429933,-0.18665756825272659,-0.6668590332977283,-0.4558373623490976,-0.4989951263860239,-0.0690561847543834,0.6462500764538583,-0.6882164301322794
1731069311.31,-0.9214443623352827,-0.045131965905900996,-0.07518754852562552,-0.2271582979807948,0.6661493552581136,-0.5361107402806123,-0.06353146516053693,-0.0431494895617464,-0.08639603090565087,-0.6879081124645409,0.5911127968024926,0.13268556699726136,-0.13004916117839413,-0.24779205572960075,-0.6700176795111075,-0.4558373623490976,-0.24161518707237706,-0.0690561847543834,-0.3073353803185087,-0.6878833750433611
1731069311.81,0.9615405870746049,0.07308940318693033,-0.07518754852562552,-0.297541606909676,0.6658019967434526,1.5403010408762854,-0.2588535046464538,-0.0431494895617464,-0.0052733799627977165,-0.6875750670171723,0.7654539258096312,-0.3778285414679243,-0.13004916117839413,-0.33185197601030264,-0.6689587861857252,-0.4558373623490976,-0.7196065029405784,-0.0690561847543834,2.315997672189962,-0.6875503105565134
1731069312.31,-0.9214443623352827,-0.6119467492276955,-0.07518754852562552,0.13355616027972164,0.665454638654375,-0.5361107402806123,-0.06353146516053693,-0.0431494895617464,-0.17071442264322245,-0.6872420121619407,-0.6292751062474522,0.3161515747269373,-0.13004916117839413,-0.41973280175830924,-0.6690239055851566,1.3606789603202112,-0.34043069948743776,-0.0690561847543834,-0.280090081553584,-0.6872172366731002
1731069312.81,0.9615405870746049,0.2949569040871754,-0.07518754852562552,0.05144229986269357,0.6651072809909075,-0.5361107402806123,0.10466251328566954,-0.0431494895617464,-0.20291765680538537,-0.6869089479001848,0.5911127968024926,0.47568723362230786,-0.13004916117839413,-0.328031070542998,-0.6671911064514263,-0.4558373623490976,-0.40017961397096297,-0.0690561847543834,-0.4202087609160542,-0.6868841533944805
1731069313.31,-0.9214443623352827,-0.1552559809512783,-0.07518754852562552,0.016250645398252914,0.6647599237530702,-0.5361107402806123,0.020565524062566305,-0.0431494895617464,-0.12081170100261884,-0.6865758742332644,-0.4549339772403137,-1.1063747170901157,-0.13004916117839413,-0.04528406596245534,-0.6664449730829326,-0.4558373623490976,-0.2714896443141397,-0.0690561847543834,-0.4046400187646686,-0.6865510607220119
1731069313.81,0.9615405870746049,-0.0014062540496484275,-0.07518754852562552,-0.01600837119415096,0.6644125669408766,1.5403010408762854,-0.07438268957642122,-0.0431494895617464,-0.02493947716106516,-0.6862427911625405,-0.10625171922604906,-0.27413036318593337,-0.13004916117839413,-0.4808672892351833,-0.6678529348357615,1.3606789603202112,-0.625387060870404,-0.0690561847543834,-0.1399714021911136,-0.6862179586570579
1731069314.31,-0.9214443623352827,0.2625674878973589,-0.07518754852562552,1.2772849303740421,0.6640652105543531,-0.5361107402806123,0.15078021705317776,-0.0431494895617464,0.19138759201987657,-0.6859096986893471,0.24243053878822798,-0.2821071461307019,-0.13004916117839413,2.2931100800279793,-0.6626543633824231,-0.4558373623490976,-0.5127833374206836,-0.0690561847543834,-0.3073353803185087,-0.6858848472009748
1731069314.81,0.9615405870746049,-0.46943331799250143,-0.07518754852562552,-0.3063395205257862,0.6637178545934598,-0.5361107402806123,-0.5057188601078212,-0.0431494895617464,-0.17317268479300588,-0.6855765968150948,-0.4549339772403137,-0.4310070944330478,-0.13004916117839413,-0.14080670264507114,-0.6631940261500432,-0.1963350305392016,-0.3978815787985197,-0.0690561847543834,-0.39296346215112943,-0.685551726355123
1731069315.31,-0.9214443623352827,0.340302086752919,-0.07518754852562552,-0.27114786606134555,0.6633704990582634,-0.5361107402806123,-0.8800861024558289,-0.0431494895617464,-0.13801953605110287,-0.6852434855411165,0.5911127968024926,-0.22892859316557837,-0.13004916117839413,-0.37770284161795825,-0.6624829034464884,-0.4558373623490976,-0.2783837498314695,-0.0690561847543834,-0.2917666381671231,-0.6852185961208616
1731069315.81,-0.9214443623352827,-0.4354244309931937,-0.07518754852562552,-0.28874369329356586,0.6630231439487507,1.5403010408762854,-1.0754081419417458,-0.0431494895617464,-0.04460557435933261,-0.6849103648687733,0.5911127968024926,-0.4469606603225846,-0.13004916117839413,-0.4120909908237,-0.6637210089042203,1.3606789603202112,-0.38868943810874657,-0.0690561847543834,-0.3229041224698943,-0.6848854564995497
1731069316.31,0.9615405870746049,0.706302489697849,-0.07518754852562552,-0.29460896903763933,0.6626757892649485,-0.23948048582963297,-0.5491237577713584,-0.0431494895617464,-0.11097865240348512,-0.684577234799424,-0.4549339772403137,-0.002919743063803644,-0.13004916117839413,-0.23632933932768693,-0.6630573017618298,-0.4558373623490976,0.10079205362167108,-0.0690561847543834,0.4477486140236922,-0.6845523074925463
1731069316.81,0.9615405870746049,1.302267747590479,-0.07518754852562552,-0.18023609202820723,0.6623284350068699,-0.5361107402806123,-0.966895897782903,-0.0431494895617464,-0.14096945063084299,-0.6842440953344037,0.5911127968024926,0.0263284610670143,-0.13004916117839413,-0.3929864634871768,-0.6651393126476786,-0.4558373623490976,0.6454263894907274,-0.0690561847543834,-0.3968556476889758,-0.6842191491012075
1731069317.31,-0.9214443623352827,-0.13744180204687903,-0.07518754852562552,-0.3092721583978229,0.6619810811745152,-0.5361107402806123,-0.9045013573915685,-0.0431494895617464,-0.18398903825205298,-0.683910946475119,-1.675321880290271,-1.5557334896454094,-0.13004916117839413,-0.2936429213372564,-0.6650277534649457,-0.4558373623490976,0.8016927812168703,-0.0690561847543834,1.0821748566926548,-0.6838859813268924
1731069317.81,0.9615405870746049,0.5897005914145088,-0.07518754852562552,-0.35912700222244714,0.6616337277679042,1.5403010408762854,-0.0011369247692022716,-0.0431494895617464,-0.10606212810391831,-0.6835777882229049,1.8115006998524499,-1.4094924689913197,-0.13004916117839413,-0.24779205572960075,-0.6618741779499422,1.3606789603202112,0.2915289729344631,-0.0690561847543834,-0.3618259778483582,-0.6835528041709599
1731069318.31,-0.9214443623352827,-0.4921059093253732,-0.07518754852562552,-0.1274486103315464,0.6612863747870503,-0.5361107402806123,-0.7607226338811018,-0.0431494895617464,-0.10606212810391831,-0.6832446205791186,-0.4549339772403137,-1.2286853889098999,-0.13004916117839413,-0.3433146924122165,-0.6627769982547432,-0.4558373623490976,0.5925715805245323,-0.0690561847543834,-0.06601987697203207,-0.6832196176347662
1731069318.81,0.9615405870746049,0.18645235985128913,-0.07518754852562552,1.3476682393029236,0.660939022231967,-0.5361107402806123,-0.47316518686016834,-0.0431494895617464,-0.13801953605110287,-0.682911443545118,0.5911127968024926,-0.6277677404040046,-0.13004916117839413,0.8488078133868285,-0.662665345658873,-0.4558373623490976,1.056774685358074,-0.0690561847543834,-0.1983541852588095,-0.682886421719669
1731069319.31,-0.9214443623352827,-0.5827962746568603,-0.07518754852562552,0.04850966199065679,0.6605916701026743,-0.5361107402806123,-0.6494975836182879,-0.0431494895617464,-0.18669312661681473,-0.6825782571222382,-0.4549339772403137,-0.984064045270332,-0.13004916117839413,-0.2860011104026471,-0.6601501872336831,-0.4558373623490976,0.5603990881103263,-0.0690561847543834,-0.427993131991747,-0.6825532164270285
1731069319.81,0.9615405870746049,-0.39655713156541367,-0.07518754852562552,0.025048559014363012,0.6602443183991722,1.5403010408762854,-0.8122659498565521,-0.0431494895617464,-0.12326996315240228,-0.6822450613118838,0.5911127968024926,-1.3722674819157332,-0.13004916117839413,0.1304775855335577,-0.6600779930172567,-0.1963350305392016,0.041043139138145855,-0.0690561847543834,-0.43577750306743973,-0.6822200017581963
1731069320.31,-0.9214443623352827,0.7435503183161386,-0.07518754852562552,-0.26234995244523546,0.659896967121474,-0.5361107402806123,-0.6929024812818251,-0.0431494895617464,-0.02739773931084859,-0.681911856115389,-0.4549339772403137,-0.5267284897702699,-0.13004916117839413,-0.0911349315701108,-0.660131875890216,1.3606789603202112,0.36047002810776146,-0.0690561847543834,-0.12829484557757448,-0.6818867777145331
1731069320.81,0.9615405870746049,-0.2086985176644761,-0.07518754852562552,0.09543186794324433,0.6595496162696065,-0.5361107402806123,-0.7607226338811018,-0.0431494895617464,-0.1825140809621829,-0.6815786415341107,0.5911127968024926,-0.7873033992993749,-0.13004916117839413,0.054059476187465164,-0.6626749576695865,-0.1963350305392016,-0.2140387650030577,-0.0690561847543834,0.33487523342614667,-0.6815535442973949
1731069321.31,-0.9214443623352827,0.42451456884644284,-0.07518754852562552,0.022115921142326356,0.6592022658435698,-0.5361107402806123,-0.6874768690738828,-0.0431494895617464,0.7715374593687656,-0.6812454175694053,-0.4549339772403137,-0.27413036318593337,-0.13004916117839413,0.21071660034695494,-0.662997243313231,-0.4558373623490976,-0.34962284017721085,-0.0690561847543834,2.604019401990596,-0.6812203015081362
1731069321.81,0.9615405870746049,-0.5163979714677358,-0.07518754852562552,0.3124470704739615,0.6588549158433971,1.5403010408762854,-0.4460371258204576,-0.0431494895617464,-0.18054747124235618,-0.6809121842226066,-0.4549339772403137,-0.9681104793807949,-0.13004916117839413,0.45525455025445144,-0.6618077288726825,1.3606789603202112,-0.34043069948743776,-0.0690561847543834,-0.4163165753782078,-0.6808870493481145
1731069322.31,-0.9214443623352827,-0.44838019746912045,-0.07518754852562552,0.06024021347880367,0.6585075662690685,-0.23948048582963297,-0.4134834525728049,-0.0431494895617464,0.8256192266640009,-0.6805789414951174,0.5911127968024926,-1.186142546537801,-0.13004916117839413,0.10755215272972989,-0.660261188329482,-0.4558373623490976,-0.16348199120930562,-0.0690561847543834,-0.24895259725081278,-0.6805537878186858
1731069322.81,-0.9214443623352827,-0.12286656476146145,-0.07518754852562552,0.11302769517546467,0.6581602171206173,-0.5361107402806123,-0.34295049386955706,-0.0431494895617464,-0.09131255520521774,-0.6802456893882711,-0.4549339772403137,-1.127646138276165,-0.13004916117839413,0.07316400352398826,-0.6582200314716593,-0.4558373623490976,-0.018705775345379115,-0.0690561847543834,-0.12829484557757448,-0.6802205169212046
1731069323.31,0.9615405870746049,-0.3074862370434173,-0.07518754852562552,0.7171510968150286,0.6578128683980639,-0.23948048582963297,-0.5735390127070981,-0.0431494895617464,-0.18398903825205298,-0.6799124279034245,0.5911127968024926,-0.7341248463342517,-0.13004916117839413,0.5622399033389812,-0.6580261234377237,-0.4558373623490976,0.19501149569184548,-0.0690561847543834,-0.4318853175295933,-0.679887236657027
1731069323.81,-0.9214443623352827,0.5605501168436736,7.1389565094465715,-0.3063395205257862,0.6574655201014078,1.5403010408762854,0.06397042172610345,-0.0431494895617464,-0.14072362441586464,-0.6795791570419311,0.5911127968024926,-0.7952801822441434,-0.13004916117839413,-0.24015024479499147,-0.6608722699107686,1.3606789603202112,0.09389794810434124,-0.0690561847543834,-0.3773947199997438,-0.6795539470275089
1731069324.31,-0.9214443623352827,-0.35930930294712426,-0.07518754852562552,0.09836450581528099,0.657118172230676,-0.5361107402806123,-0.264279116854396,-0.0431494895617464,-0.039689050059765744,-0.6792458768051256,-0.4549339772403137,-0.6889230763138966,-0.13004916117839413,0.24128384408539202,-0.6598083810102832,-0.4558373623490976,0.08010973706968158,-0.0690561847543834,-0.06212769143418576,-0.6792206480340035
1731069324.81,0.9615405870746049,-0.38684030670846864,-0.07518754852562552,0.1687478147441623,0.6567708247858551,-0.5361107402806123,-0.2507150863345406,-0.0431494895617464,-0.1404777982008863,-0.6789125871944082,0.5911127968024926,-0.500139213287708,-0.13004916117839413,0.3215228588987893,-0.6576914677895493,-0.1963350305392016,0.22718398810605137,-0.0690561847543834,-0.3267963080077407,-0.6788873396778681
1731069325.31,-0.9214443623352827,-0.514778500658245,-0.07518754852562552,-0.06879585289081194,0.6564234777669786,-0.5361107402806123,-0.17746932152732195,-0.0431494895617464,-0.1744018158678976,-0.6785792882111119,-0.4549339772403137,0.2204301793897149,-0.13004916117839413,-0.04528406596245534,-0.657961676669643,-0.4558373623490976,0.3742582391424211,-0.0690561847543834,0.7630156425892505,-0.6785540219604542
1731069325.81,0.9615405870746049,-0.02731778700150173,-0.07518754852562552,-0.06586321501877529,0.6560761311740598,1.5403010408762854,1.2576051074733738,-0.0431494895617464,-0.1830057333921396,-0.6782459798565921,-0.4549339772403137,0.16725162642459138,-0.13004916117839413,0.08080581445859752,-0.6566347951108626,1.3606789603202112,1.2498096398433092,-0.0690561847543834,3.3357502831057184,-0.678220694883118
1731069326.31,-0.9214443623352827,0.453665043417278,-0.07518754852562552,-0.03653683629840807,0.6557287850071121,-0.5361107402806123,0.823556130838003,-0.0431494895617464,2.563610566560885,-0.6779126621322016,0.5911127968024926,0.06621237579085666,-0.13004916117839413,-0.3471355978795212,-0.656537634620435,-0.4558373623490976,1.192358760532227,-0.0690561847543834,0.5372688813941595,-0.6778873584472138
1731069326.81,-0.9214443623352827,0.24799225061194116,-0.07518754852562552,-0.1362465239476565,0.655381439266142,-0.5361107402806123,0.2891333283557021,-0.0431494895617464,-0.03723078790998231,-0.6775793350392719,0.7654539258096312,-0.6729695104243596,-0.13004916117839413,-0.1484485135796804,-0.6568093429957751,-0.4558373623490976,0.774116359147551,-0.0690561847543834,0.4205033152587675,-0.6775540126540915
1731069327.31,0.9615405870746049,0.05851416590151275,-0.07518754852562552,-0.08639168012303228,0.6550340939511698,-0.5361107402806123,-0.014700955289057632,-0.0431494895617464,-0.0962290795047846,-0.6772459985792059,-0.4549339772403137,0.44378010184323374,-0.13004916117839413,-0.10641855343932934,-0.6540121644622917,-0.4558373623490976,1.8220203977816847,-0.0690561847543834,0.3037377491233755,-0.6772206575051134
1731069327.81,0.9615405870746049,-0.3560703613281426,-0.07518754852562552,-0.2154277464926479,0.654686749062202,-0.23948048582963297,-0.6277951347865193,-0.0431494895617464,-0.0568968851082497,-0.6769126527533327,0.5911127968024926,-0.3725106861714119,-0.13004916117839413,-0.297463826804561,-0.657471525942489,1.3606789603202112,1.1808685846700109,-0.0690561847543834,-0.427993131991747,-0.6768872930016248
1731069328.31,-0.9214443623352827,0.06661151994896697,-0.07518754852562552,2.353563029411518,0.6543394045992456,1.5403010408762854,0.1480674109492067,-0.0431494895617464,-0.1744018158678976,-0.6765792975630066,-0.4549339772403137,1.4541726081805797,-0.13004916117839413,1.953049493437867,-0.6546110395712638,-0.4558373623490976,1.7691655888154896,-0.0690561847543834,-0.13607921665326728,-0.6765539191449816
1731069328.81,0.9615405870746049,-0.2750968208536005,-0.07518754852562552,0.06610548922287711,0.6539920605623268,-0.5361107402806123,-0.378216973221181,-0.0431494895617464,0.04143360088308741,-0.6762459330095818,-0.4549339772403137,0.4916407995118449,-0.13004916117839413,0.23364203315078275,-0.6536784845205766,-0.4558373623490976,0.3053171839691228,-0.0690561847543834,-0.18667762864527038,-0.6762205359365369
1731069329.31,-0.9214443623352827,-0.20545957604549442,-0.07518754852562552,0.04557702411862013,0.6536447169514662,-0.5361107402806123,-0.21273580087894559,-0.0431494895617464,-0.10114560380435145,-0.6759125590943847,0.5911127968024926,0.2417016005757643,-0.13004916117839413,0.015850421514418817,-0.6580634437505352,-0.4558373623490976,-0.5978106388010846,-0.0690561847543834,-0.408532204302515,-0.6758871433776421
1731069329.81,0.9615405870746049,-0.15687545176076914,-0.07518754852562552,0.04850966199065679,0.6532973737666634,1.5403010408762854,-0.5030060540038501,-0.0431494895617464,0.09551536817832283,-0.6755791758188211,-0.4549339772403137,-0.1465018360696369,-0.13004916117839413,0.28713470969304766,-0.6534415227984168,1.3606789603202112,-0.47601477466159114,-0.0690561847543834,-0.3968556476889758,-0.6755537414696516
1731069330.31,-0.9214443623352827,-0.5795573330378787,-0.07518754852562552,-0.17437081628413378,0.652950031007912,-0.5361107402806123,-0.2724175351663092,-0.0431494895617464,0.08814058172897253,-0.6752457831842164,0.5911127968024926,-0.9016372881743905,-0.13004916117839413,0.06552219258937898,-0.6528983413475784,-0.4558373623490976,-0.5909165332837548,-0.0690561847543834,0.4516407995615387,-0.675220330213917
1731069330.81,0.9615405870746049,0.07632834480591202,-0.07518754852562552,-0.04533474991451818,0.6526026886752586,-0.5361107402806123,-0.13949003607172694,-0.0431494895617464,0.19630411631944342,-0.6749123811919248,0.5911127968024926,-0.739442701630764,-0.13004916117839413,-0.10259764797202478,-0.6544544326949697,-0.4558373623490976,-0.02100381051782239,-0.0690561847543834,-0.2878744526292767,-0.6748869096117913
1731069331.31,-0.9214443623352827,-0.1665922766177142,-0.07518754852562552,-0.2066298328765378,0.65225534676871,-0.23948048582963297,-0.17204370931937982,-0.0431494895617464,0.03160055228395369,-0.6745789698432976,-0.4549339772403137,-0.7819855440028626,-0.13004916117839413,-0.25161296119690546,-0.6534940636153886,-0.4558373623490976,-0.3863914029363033,-0.0690561847543834,-0.3657181633862046,-0.6745534796646242
1731069331.81,0.9615405870746049,-0.2524242295207287,-0.07518754852562552,-0.2183603843646847,0.6519080052882728,1.5403010408762854,-0.3944938098450074,-0.0431494895617464,-0.18054747124235618,-0.6742455491396632,0.5911127968024926,-0.6330855957005169,-0.13004916117839413,-0.18665756825272659,-0.655560025556205,1.3606789603202112,-0.5426577946624462,-0.0690561847543834,-0.389071276613283,-0.6742200403737689
1731069332.31,-0.9214443623352827,0.24799225061194116,-0.07518754852562552,-0.14797707543580338,0.6515606642339538,-0.5361107402806123,-0.022839373600970846,-0.0431494895617464,-0.1404777982008863,-0.6739121190824224,-0.4549339772403137,-0.2900839290754704,-0.13004916117839413,0.015850421514418817,-0.6546834735617917,-0.1963350305392016,-0.2760857146590262,-0.0690561847543834,-0.14386358772896007,-0.6738865917405752
1731069332.81,0.9615405870746049,-0.39493766075592285,-0.07518754852562552,2.1189519996485804,0.6512133236057728,-0.5361107402806123,0.16705705367700388,-0.0431494895617464,0.6215834682319764,-0.6735786796729039,0.5911127968024926,0.01835167812224577,-0.13004916117839413,2.8165741290487136,-0.6515732446105288,-0.4558373623490976,-0.06236844362180139,-0.0690561847543834,-0.2294916695615807,-0.6735531337663961
1731069333.31,-0.9214443623352827,0.1475850604235089,-0.07518754852562552,-0.0218736469382244,0.6508659834037435,-0.5361107402806123,-0.10964916892804515,-0.0431494895617464,-0.1704685964282441,-0.6732452309124577,-0.4549339772403137,0.39857833182287844,-0.13004916117839413,-0.04910497142975989,-0.6527390172443542,-0.4558373623490976,-0.3473248050047676,-0.0690561847543834,-0.4980524716729821,-0.673219666452583
1731069333.81,0.9615405870746049,-0.0062646664781209555,-0.07518754852562552,-0.02480628481026119,0.650518643627879,1.5403010408762854,-0.17475651542335088,-0.0431494895617464,-0.133103011751536,-0.6729117728024353,0.5911127968024926,0.127367711700749,-0.13004916117839413,-0.052925876897064614,-0.6501104246338093,1.3606789603202112,-0.3266424884527781,-0.0690561847543834,-0.3657181633862046,-0.6728861898004844
1731069334.31,-0.9214443623352827,0.055275224282531066,-0.07518754852562552,-0.2799457796774557,0.6501713042782129,-0.5361107402806123,0.11008812549361167,-0.0431494895617464,-0.06918819585716686,-0.6725783053441651,-0.4549339772403137,-0.3379446267440816,-0.13004916117839413,-0.22486662292577295,-0.6496246776406897,-0.1963350305392016,-0.6575595532846098,-0.0690561847543834,-0.3112275658563551,-0.6725527038114517
1731069334.81,0.9615405870746049,0.19940812632721588,-0.07518754852562552,-0.05413266353062841,0.649823965354705,-0.5361107402806123,0.3705175114748343,-0.0431494895617464,-0.18374321203707464,-0.672244828539044,0.5911127968024926,-1.061172947069761,-0.13004916117839413,-0.18283666278542204,-0.6527350411692573,-0.4558373623490976,-0.3680071215567571,-0.0690561847543834,0.39715020203168905,-0.6722192084868349
1731069335.31,-0.9214443623352827,-0.6540529902744573,-0.07518754852562552,0.004520093910106027,0.6494766268574221,-0.23948048582963297,0.3705175114748343,-0.0431494895617464,-0.19455956549612172,-0.6719113423884007,-0.4549339772403137,-0.9681104793807949,-0.13004916117839413,0.11137305819703461,-0.6530840826400287,-0.4558373623490976,-0.3243444532803348,-0.0690561847543834,-0.3384728646212798,-0.6718857038279852
1731069335.81,-0.9214443623352827,0.47147922232167744,-0.07518754852562552,-0.3385985371181901,0.649129288786351,1.5403010408762854,0.44376327628205325,-0.0431494895617464,-0.1434277127806264,-0.6715778468935842,0.4167716677953665,-0.2475410867033716,-0.13004916117839413,-0.2095830010565544,-0.6488717293803845,1.3606789603202112,-0.3771992622465302,-0.0690561847543834,-0.4241009464539006,-0.6715521898362528
1731069336.31,0.9615405870746049,1.2828340978765886,-0.07518754852562552,-0.21249510862061124,0.6487819511414983,-0.5361107402806123,0.2918461344596732,-0.0431494895617464,0.04389186303287084,-0.6712443420559452,-0.2805928482331876,-0.5027981409359643,-0.13004916117839413,-0.3662401252160443,-0.6494439942544098,-0.1963350305392016,0.30072111362423626,-0.0690561847543834,-0.12051047450188167,-0.6712186665129829
1731069336.81,0.9615405870746049,0.7127803729358124,-0.07518754852562552,-0.10398750735525261,0.6484346139229175,-0.5361107402806123,-0.9072141634955395,-0.0431494895617464,-0.1864473004018364,-0.6709108278768101,0.5911127968024926,-0.24222323140685925,-0.13004916117839413,-0.5076136275063158,-0.6519914154857686,-0.4558373623490976,0.42481501293617274,-0.0690561847543834,-0.4863759150594429,-0.6708851338595315
1731069337.31,-0.9214443623352827,1.2682588605911713,-0.07518754852562552,1.3447356014308869,0.6480872771305682,-0.5361107402806123,-1.002162377134527,-0.0431494895617464,-0.11835343885283542,-0.6705773043575759,-0.4549339772403137,-0.029509019546365412,-0.13004916117839413,2.0103630754474366,-0.6474565848726008,-0.4558373623490976,0.05023527982791896,-0.0690561847543834,-0.22170729848588788,-0.670551591877244
1731069337.81,0.9909622269091337,-0.20384010523600357,-0.07518754852562552,-0.24182148734097839,0.6477399407644977,1.5403010408762854,-0.7742866644009572,-0.0431494895617464,0.014392717235469674,-0.67024377149957,0.5911127968024926,-0.17575004020045484,-0.13004916117839413,-0.018537727691322812,-0.6482374583597393,1.3606789603202112,0.5718892639725425,-0.0690561847543834,-0.10883391788834239,-0.6702180405674688
1731069338.31,-0.9214443623352827,0.5346385838918202,-0.07518754852562552,-0.051200025658591615,0.6473926048247056,-0.5361107402806123,-0.9289166123273082,-0.0431494895617464,1.4475595505592085,-0.6699102293041401,-0.4549339772403137,0.021010605770501945,-0.13004916117839413,-0.30510563773917027,-0.6492563481457264,-0.1963350305392016,0.4546894701779356,-0.0690561847543834,-0.2645213394021984,-0.6698844799315559
1731069338.81,0.932118947240076,-0.20707904685498527,-0.07518754852562552,-0.2183603843646847,0.6470452693112122,-0.5361107402806123,-0.6196567164746061,-0.0431494895617464,-0.17415598965291926,-0.6695766777726354,-0.4549339772403137,-1.167530053000008,-0.13004916117839413,-0.35859831428143507,-0.6486463535291433,-0.4558373623490976,0.27084665638247335,-0.0690561847543834,-0.3229041224698943,-0.6695509099708534
1731069339.31,-0.9214443623352827,0.2658064295163406,-0.07518754852562552,-0.09812223161117917,0.6466979342240374,-0.5361107402806123,-0.378216973221181,-0.0431494895617464,-0.13801953605110287,-0.6692431169063806,0.5911127968024926,-1.4227871072326008,-0.13004916117839413,0.05788038165476972,-0.6474195877068065,-0.4558373623490976,0.4638816108677087,-0.0690561847543834,-0.4708071729080573,-0.6692173306867101
1731069339.81,-0.9214443623352827,-0.33987565323323415,-0.07518754852562552,0.09836450581528099,0.6463505995631813,1.5403010408762854,-0.8285427864803785,-0.0431494895617464,-0.0642716715576,-0.6689095467067736,0.7654539258096312,-1.582322766127971,-0.13004916117839413,0.06552219258937898,-0.6503979943175388,1.3606789603202112,0.32599950052111204,-0.0690561847543834,1.9306713039431693,-0.6688837420804726
1731069340.31,0.9615405870746049,-0.47591120123046476,-0.07518754852562552,0.08076867858306065,0.6460032653286505,-0.5361107402806123,-0.6766256446579986,-0.0431494895617464,-0.21029244325473567,-0.6685759671751382,-0.4549339772403137,-1.3456782054331717,-0.13004916117839413,0.2603883714219153,-0.6487675932489627,-0.1963350305392016,0.5098423143165742,-0.0690561847543834,-0.16721670095603847,-0.6685501441534909
1731069340.81,0.9615405870746049,0.5605501168436736,-0.07518754852562552,0.004520093910106027,0.6456559315204717,-0.5361107402806123,-0.7797122766088993,-0.0431494895617464,-0.11097865240348512,-0.6682423783128217,0.5911127968024926,-1.2286853889098999,-0.13004916117839413,0.1304775855335577,-0.644824277941644,-0.4558373623490976,0.9142965046665906,-0.0690561847543834,-0.4007478332268222,-0.6682165369071119
1731069341.31,-0.9508660021698115,-0.32691988675730743,-0.07518754852562552,-0.03360419842637129,0.6453085981386584,-0.23948048582963297,-0.8665220719359735,-0.0431494895617464,-0.015106428561931439,-0.6679087801211747,-0.4549339772403137,-1.1435997041657022,-0.13004916117839413,-0.09877674250472006,-0.6462074826375295,-0.4558373623490976,0.11228222948388747,-0.0690561847543834,-0.3618259778483582,-0.6678829203426824
1731069341.81,0.9615405870746049,0.36135520727630016,-0.07518754852562552,0.6438351500141107,0.6449612651832306,1.5403010408762854,-0.4623139624442841,-0.0431494895617464,-0.18570982175690137,-0.6675751726015177,0.5911127968024926,0.43314439125020904,-0.13004916117839413,1.0474948976866691,-0.649431756657612,-0.4558373623490976,0.11687829982877403,-0.0690561847543834,-0.17110888649388478,-0.6675492944615479
1731069342.31,-0.9214443623352827,-0.24432687547327447,-0.07518754852562552,0.01038536965417947,0.6446139326541749,-0.5361107402806123,-0.35108891218147026,-0.0431494895617464,-0.18202242853222625,-0.6672415557552489,-0.4549339772403137,-0.14118398077312455,-0.13004916117839413,-0.010895916756713543,-0.6452189762172983,1.3606789603202112,0.3305955708659986,-0.0690561847543834,-0.034882392669260874,-0.6672156592650595
1731069342.81,-0.9214443623352827,-0.3366367116142525,-0.07518754852562552,-0.23302357372486823,0.6442666005515181,-0.5361107402806123,-0.7471586033612465,-0.0431494895617464,-0.061813409407816565,-0.6669079295836909,-0.4549339772403137,-1.031924742938943,-0.13004916117839413,-0.17137394638350822,-0.645966783764979,-0.4558373623490976,-0.13820360431242956,-0.0690561847543834,-0.4163165753782078,-0.6668820147545599
1731069343.31,0.9615405870746049,0.19940812632721588,-0.07518754852562552,-0.22129302223672134,0.6439192688752868,-0.23948048582963297,-0.9316294184312792,-0.0431494895617464,0.051266649482221135,-0.6665742940881912,0.5911127968024926,-1.061172947069761,-0.13004916117839413,-0.3165683541410842,-0.645786526488815,-0.4558373623490976,0.36506609845264804,-0.0690561847543834,-0.3462572356969726,-0.6665483609313988
1731069343.81,0.9615405870746049,-0.19088433876007685,-0.07518754852562552,-0.15090971330784014,0.6435719376254745,1.5403010408762854,-0.5626877882912137,-0.0431494895617464,0.24792762146489541,-0.6662406492700945,0.5911127968024926,-1.244638954799437,-0.13004916117839413,-0.17519485185081277,-0.645360319094715,1.3606789603202112,-0.016407740172935836,-0.0690561847543834,-0.11661828896403519,-0.6662146977969201
1731069344.31,-0.9214443623352827,0.738691905887666,-0.07518754852562552,0.06317285135084046,0.6432246068021146,-0.5361107402806123,-0.6386463592024035,-0.0431494895617464,-0.18448069068200967,-0.6659069951307264,-0.4549339772403137,-0.909614071119159,-0.13004916117839413,0.2947765206276569,-0.6453596407928973,-0.1963350305392016,-0.04168612706981189,-0.0690561847543834,0.4633173561750778,-0.6658810253524706
1731069344.81,0.9615405870746049,-0.36092877375661514,-0.07518754852562552,0.01918328327028957,0.6428772764052069,-0.5361107402806123,-0.5219956967316476,-0.0431494895617464,-0.18398903825205298,-0.6655733316714789,0.5911127968024926,-0.9122729987674152,-0.13004916117839413,-0.0032541058221042733,-0.6439509093046545,-0.4558373623490976,0.6178499674214081,-0.0690561847543834,-0.3579337923105118,-0.6655473435993957
1731069345.31,-0.8920227225007512,-0.2750968208536005,-0.07518754852562552,-0.1274486103315464,0.6425299464347582,-0.5361107402806123,-0.10964916892804515,-0.0431494895617464,-0.133103011751536,-0.6652396588936769,-0.4549339772403137,-0.7155123527964584,-0.13004916117839413,-0.20576209558924985,-0.6454353176990694,-0.1963350305392016,0.3558739577628749,-0.0690561847543834,-0.4902681005972893,-0.6652136525390423
1731069345.81,0.932118947240076,-0.43704390180268454,-0.07518754852562552,1.0133475218907375,0.6421826168907887,1.5403010408762854,-0.02555217970494192,-0.0431494895617464,-0.02739773931084859,-0.6649059767986648,0.5911127968024926,0.4038961871193908,-0.13004916117839413,1.3837345788094768,-0.6417753795438143,1.3606789603202112,0.2065016715540616,-0.0690561847543834,-0.15943232988034567,-0.6648799521727556
1731069346.31,-0.8920227225007512,-0.03703461185844679,-0.07518754852562552,0.33590817345025525,0.6418352877733117,-0.5361107402806123,-0.0852339139923055,-0.0431494895617464,-0.18620147418685806,-0.6645722853877883,-0.4549339772403137,0.6086336160351167,-0.13004916117839413,0.39794096824488195,-0.6437075138065638,-0.4558373623490976,0.6086578267316349,-0.0690561847543834,-0.4202087609160542,-0.6645462425018797
1731069346.81,0.932118947240076,0.6431431281277064,-0.07518754852562552,-0.1274486103315464,0.6414879590823603,-0.5361107402806123,0.07482164614198775,-0.0431494895617464,-0.1889055625516198,-0.6642385846623702,0.7654539258096312,0.24701945587227667,-0.13004916117839413,1.8842731950263838,-0.6460100378968021,-0.1963350305392016,0.5764853343174291,-0.0690561847543834,-0.389071276613283,-0.6642125235277596
1731069347.31,-0.8920227225007512,-0.35445089051865175,-0.07518754852562552,-0.3092721583978229,0.6411406308179083,-0.5361107402806123,-0.10693636282407408,-0.0431494895617464,-0.20857165974988726,-0.6639048746238025,-0.6292751062474522,-0.49482135799119575,-0.13004916117839413,-0.47322547830057404,-0.6435881486096093,-0.4558373623490976,0.41562287224640015,-0.0690561847543834,-0.3579337923105118,-0.6638787952517423
1731069347.81,0.932118947240076,-0.22165428414040267,-0.07518754852562552,-0.1274486103315464,0.640793302980002,1.5403010408762854,0.09652409497375632,-0.0431494895617464,-0.13801953605110287,-0.6635711552734062,-0.4549339772403137,-0.7208302080929707,2.0283981344429933,-0.04528406596245534,-0.6430722238755042,1.3606789603202112,0.5282265956961205,-0.0690561847543834,-0.07769643358557136,-0.6635450576751687
1731069348.31,-0.8920227225007512,-0.3058667662339265,-0.07518754852562552,-0.2594173145731987,0.640445975568635,-0.5361107402806123,-0.2697047290623381,-0.0431494895617464,-0.0200229528614983,-0.6632374266125268,-0.4549339772403137,0.021010605770501945,-0.13004916117839413,0.05023857072016045,-0.642003128851491,-0.1963350305392016,0.826971168113746,-0.0690561847543834,-0.4163165753782078,-0.6632113107993857
1731069348.81,0.932118947240076,0.18321341823230744,-0.07518754852562552,-0.2652825903172721,0.6400986485838207,-0.5361107402806123,0.06125761562213238,-0.0431494895617464,-0.1748934682978543,-0.662903688642509,0.5911127968024926,-0.5240695621220137,-0.13004916117839413,-0.3165683541410842,-0.6423604291164049,-0.4558373623490976,0.8522495550106224,-0.0690561847543834,-0.4318853175295933,-0.6628775546257353
1731069349.31,-0.9214443623352827,-0.1973622219980402,-0.07518754852562552,-0.13917916181969325,0.6397513220256057,-0.5361107402806123,0.03141674847845059,-0.0431494895617464,-0.1404777982008863,-0.6625699413646745,-0.4549339772403137,0.18054626466587254,-0.13004916117839413,-0.18665756825272659,-0.6423229247741956,-0.4558373623490976,1.1234177053589287,-0.0690561847543834,2.4055179395604296,-0.6625437891555646
1731069349.81,0.9615405870746049,-0.3285393575667983,-0.07518754852562552,-0.3356658992461534,0.63940399589395,1.5403010408762854,-0.6576360019302011,-0.0431494895617464,-0.17980999259742114,-0.6622361847804136,0.5911127968024926,0.09280165227341843,-0.13004916117839413,-0.37770284161795825,-0.6424955273066204,-0.1963350305392016,0.367364133625091,-0.0690561847543834,-0.2528447827886591,-0.6622100143902127
1731069350.31,-0.9214443623352827,-0.10505238585706217,-0.07518754852562552,-0.2799457796774557,0.6390566701889071,-0.5361107402806123,-0.65492319582623,-0.0431494895617464,-0.18964304119655484,-0.6619024188910472,-0.4549339772403137,0.326787285319962,-0.13004916117839413,-0.3165683541410842,-0.6415305983286808,-0.4558373623490976,-0.37260319190164365,-0.0690561847543834,-0.3229041224698943,-0.6618762303310266
1731069350.81,0.9615405870746049,-0.11314973990451639,-0.07518754852562552,0.007452731782142684,0.6387093449104568,-0.5361107402806123,-0.34295049386955706,-0.0431494895617464,-0.1257282253021857,-0.6615686436979199,0.5911127968024926,0.523547931290919,-0.13004916117839413,0.05788038165476972,-0.6404236352720636,1.3606789603202112,-0.23242304638260394,-0.0690561847543834,-0.4007478332268222,-0.6615424369793487
1731069351.31,-0.8920227225007512,0.5216828174158934,-0.07518754852562552,3.2333543910225337,0.6383620200586527,-0.23948048582963297,-0.13135161775981372,-0.0431494895617464,-0.13556127390131942,-0.6612348592023733,-2.72136865433309,-0.7952801822441434,2.0283981344429933,4.0774729332592425,-0.6417316708386689,-0.4558373623490976,-0.11522325258799677,-0.0690561847543834,-0.2839822670914303,-0.6612086343365224
1731069351.81,0.932118947240076,0.08280622804387539,-0.07518754852562552,-0.203697195004501,0.6380146956334748,1.5403010408762854,-0.3646529427013256,-0.0431494895617464,1.2558151028761009,-0.6609010654057285,1.6371595708453115,-1.154235414758727,-0.13004916117839413,-0.19429937918733586,-0.6373215187716956,1.3606789603202112,-0.7287986436303514,-0.0690561847543834,-0.1905698141831167,-0.660874822403889
1731069352.31,-0.9214443623352827,-0.019220432954047517,-0.07518754852562552,-0.03360419842637129,0.6376673716349565,-0.5361107402806123,0.023278330166537377,-0.0431494895617464,-0.19578869657101342,-0.6605672623093766,-0.4549339772403137,-0.7873033992993749,-0.13004916117839413,0.1534030183373855,-0.6409651128077823,-0.4558373623490976,-0.6828379401814859,-0.0690561847543834,-0.18278544310742406,-0.6605410011827904
1731069352.81,0.9909622269091337,-0.06132667400080943,-0.07518754852562552,-0.21249510862061124,0.6373200480630976,-0.5361107402806123,-0.4026322281569206,-0.0431494895617464,0.06601622238092171,-0.6602334499146345,0.5911127968024926,-0.43632494972956015,-0.13004916117839413,-0.22486662292577295,-0.6409580642158924,-0.1963350305392016,-0.05547433810447156,-0.0690561847543834,-0.4007478332268222,-0.6602071706745706
1731069353.31,-0.9508660021698115,-0.5002032633728274,-0.07518754852562552,-0.04826738778655496,0.6369727249179117,-0.5361107402806123,-0.1232131994479005,-0.0431494895617464,-0.20513009274019045,-0.659899628222848,-0.4549339772403137,-0.3725106861714119,-0.13004916117839413,-0.15226941904698496,-0.6410938898364205,-0.4558373623490976,-0.08305076017379089,-0.0690561847543834,0.15583469868521246,-0.6598733308805719
1731069353.81,0.9615405870746049,0.1475850604235089,-0.07518754852562552,-0.2740805039333823,0.6366254021994254,1.5403010408762854,-0.04182901632876835,-0.0431494895617464,0.8403687995627016,-0.6595657972353578,0.5911127968024926,-0.19968038903476043,-0.13004916117839413,-0.3891655580198721,-0.6402448952171326,1.3606789603202112,-0.1450977098297594,-0.0690561847543834,3.296828427727254,-0.659539481802135
1731069354.31,-0.9214443623352827,0.061753107520494434,-0.07518754852562552,0.0866339543271341,0.6362780799076523,-0.5361107402806123,-0.08794672009627658,-0.0431494895617464,0.011934455085686298,-0.6592319569534809,-0.4549339772403137,0.21777125174145903,-0.13004916117839413,0.14958211287008097,-0.6360906696822604,-0.1963350305392016,-0.31745034776300496,-0.0690561847543834,0.4049345731073819,-0.6592056234406021
1731069354.81,0.9615405870746049,0.18645235985128913,-0.07518754852562552,0.01038536965417947,0.6359307580425787,-0.5361107402806123,-0.12863881165584265,-0.0431494895617464,0.24546935931511193,-0.6588981073786104,0.5911127968024926,0.04228202695655136,-0.13004916117839413,-0.014716822224018263,-0.6395818913879354,-0.4558373623490976,-0.6391752719050636,-0.0690561847543834,-0.2723057104778912,-0.6588717557973142
1731069355.31,-0.9214443623352827,0.2415143673739778,-0.07518754852562552,-0.2799457796774557,0.6355834366042449,-0.5361107402806123,0.43019924576219787,-0.0431494895617464,-0.19824695872079684,-0.6585642485120616,-0.4549339772403137,0.33210514061647434,-0.13004916117839413,-0.28218020493534246,-0.6393236539638565,-0.4558373623490976,-0.6690497291468263,-0.0690561847543834,-0.3579337923105118,-0.6585378788736134
1731069355.81,0.9615405870746049,-0.6475751070364939,-0.07518754852562552,1.048539176355178,0.6352361155926508,1.5403010408762854,-0.030977791912884065,-0.0431494895617464,-0.12326996315240228,-0.6582303803551781,-0.4549339772403137,-0.5985195362731867,-0.13004916117839413,1.7772878419418539,-0.6356841489465426,1.3606789603202112,-0.4507363877647151,-0.0690561847543834,-0.3579337923105118,-0.6582039926708391
1731069356.31,-0.9214443623352827,0.576744824938582,-0.07518754852562552,-0.17437081628413378,0.6348887950078098,-0.5361107402806123,0.869673834605511,-0.0431494895617464,-0.0642716715576,-0.6578965029092987,0.5911127968024926,-0.8351640969679861,-0.13004916117839413,-0.41973280175830924,-0.6384357204669253,-0.4558373623490976,-0.08075272500134761,-0.0690561847543834,-0.12829484557757448,-0.6578700971903335
1731069356.81,-0.9214443623352827,-0.4467607266596296,-0.07518754852562552,-0.18316872990024402,0.6345414748497554,-0.5361107402806123,0.45190169459396645,-0.0431494895617464,-0.17243520614807087,-0.6575626161757433,-0.4549339772403137,-0.8883426499331096,-0.13004916117839413,-0.2325084338603822,-0.6374028596658179,-0.4558373623490976,-0.20714465948572788,-0.0690561847543834,-0.4241009464539006,-0.6575361924334359
1731069357.31,0.9909622269091337,0.14596558961401826,-0.07518754852562552,-0.1450444375637667,0.6341941551184676,-0.5361107402806123,-0.3266736572457306,-0.0431494895617464,-0.13801953605110287,-0.6572287201558984,0.5911127968024926,0.05557666519783224,-0.13004916117839413,-0.1599112299815942,-0.6351068161465547,-0.4558373623490976,-0.37260319190164365,-0.0690561847543834,-0.3968556476889758,-0.6572022784014885
1731069357.81,-0.9508660021698115,0.30953214137259316,7.1389565094465715,-0.26234995244523546,0.6338468358139796,-0.5361107402806123,-0.888224520767742,-0.0431494895617464,-0.1800558188123995,-0.6568948148510839,0.5911127968024926,-0.6277677404040046,-0.13004916117839413,-0.3394937869449119,-0.6367348345951558,1.3606789603202112,-0.342728734659881,-0.0690561847543834,-0.13607921665326728,-0.6568683550958291
1731069358.31,-0.8920227225007512,-0.30100835380545393,-0.07518754852562552,-0.0013451818339674162,0.6334995169363049,1.5403010408762854,-0.6820512568659407,-0.0431494895617464,-0.13064474960175257,-0.6565609002626369,-0.4549339772403137,-0.11459470429056277,-0.13004916117839413,-0.25161296119690546,-0.6343316828055586,-0.4558373623490976,0.043341174310589134,-0.0690561847543834,1.4752855960151408,-0.6565344225177984
1731069358.81,0.932118947240076,0.3208684370390289,-0.07518754852562552,-0.17730345415617058,0.6331521984854436,-0.5361107402806123,-0.535559727251503,-0.0431494895617464,-0.05443862295846627,-0.6562269763918999,0.5911127968024926,-0.25551786964814016,-0.13004916117839413,-0.052925876897064614,-0.6345730407997816,-0.4558373623490976,-0.08764683051867744,-0.0690561847543834,-0.4241009464539006,-0.6562004806687373
1731069359.31,-0.9214443623352827,-0.6054688659897322,-0.07518754852562552,-0.23302357372486823,0.6328048804614356,-0.5361107402806123,-1.0184392137583533,-0.0431494895617464,-0.1881680839066848,-0.655893043240188,-0.4549339772403137,-0.02153223660159688,-0.13004916117839413,-0.33185197601030264,-0.6336045279574001,-0.4558373623490976,-0.12671342845021316,-0.0690561847543834,-0.4630228018323645,-0.6558665295499834
1731069359.81,0.9615405870746049,1.5662414895374859,-0.07518754852562552,-0.07759376650692218,0.6324575628642609,1.5403010408762854,0.5142962349853007,-0.0431494895617464,-0.1783350353075511,-0.6555591008088888,0.5911127968024926,0.6697889519450084,-0.13004916117839413,-0.1599112299815942,-0.6322477392904909,1.3606789603202112,1.5301699308813885,-0.0690561847543834,-0.2995510092428159,-0.6555325691628759
1731069360.31,-0.9214443623352827,0.6609573070321059,-0.07518754852562552,0.6848920802226249,0.632110245693953,-0.5361107402806123,0.05583200341419024,-0.0431494895617464,-0.15129415165993337,-0.6552251490993184,-0.4549339772403137,-0.9122729987674152,-0.13004916117839413,1.2691074147903378,-0.6326300528642642,-0.4558373623490976,0.8844220474248283,-0.0690561847543834,-0.16721670095603847,-0.6551985995087557
1731069360.81,0.9615405870746049,0.09090358209132961,-0.07518754852562552,-0.27114786606134555,0.6317629289505253,-0.5361107402806123,-0.26699192295836705,-0.0431494895617464,-0.007731642112581147,-0.6548911881128164,0.5911127968024926,-1.4121513966395762,-0.13004916117839413,-0.35477740881413045,-0.6349822942276773,-0.4558373623490976,0.2869329025895766,-0.0690561847543834,-0.4591306162945181,-0.6548646205889606
1731069361.31,-0.9214443623352827,0.8261433296001714,-0.07518754852562552,-0.10105486948321582,0.631415612633971,-0.5361107402806123,-0.8231171742724364,-0.0431494895617464,-0.1525232827348251,-0.654557217850722,-0.6292751062474522,-0.7553962675203011,-0.13004916117839413,-0.03382134956054135,-0.6317005824123867,-0.4558373623490976,0.5121403494890173,-0.0690561847543834,-0.3812869055375902,-0.654530632404828
1731069361.81,0.9615405870746049,0.05851416590151275,-0.07518754852562552,-0.24768676308505183,0.6310682967443503,1.5403010408762854,-1.0265776320702666,-0.0431494895617464,-0.13556127390131942,-0.654223238314349,0.5911127968024926,-1.4307638901773692,-0.13004916117839413,-0.14462760811237568,-0.6346727839438622,1.3606789603202112,0.7810104646648806,-0.0690561847543834,-0.3034431947806623,-0.6541966349576959
1731069362.31,-0.9214443623352827,0.5297801714633474,-0.07518754852562552,0.04850966199065679,0.6307209812816164,-0.5361107402806123,-0.7254561545294779,-0.0431494895617464,-0.15498154488460852,-0.6538892495050861,-0.4549339772403137,-1.289840724819792,-0.13004916117839413,0.0005667996452002768,-0.6347691544420901,-0.4558373623490976,0.4799678570748114,-0.0690561847543834,-0.2450604117129663,-0.653862628248905
1731069362.81,0.9615405870746049,-0.4467607266596296,-0.07518754852562552,0.14528671176786853,0.6303736662458228,-0.5361107402806123,-0.6223695225785771,-0.0431494895617464,-0.1709602488582008,-0.6535552514242464,0.7654539258096312,-1.0797854406075544,-0.13004916117839413,0.9366886391348349,-0.6312487135184575,-0.4558373623490976,0.6798969170773769,-0.0690561847543834,0.31541430573691476,-0.6535286122797914
1731069363.31,-0.9508660021698115,-0.4921059093253732,-0.07518754852562552,-0.03946947417044473,0.6300263516369561,-0.5361107402806123,-0.2968327901020488,-0.0431494895617464,-0.12818648745196914,-0.6532212440731678,-0.6292751062474522,-0.4283481667847916,-0.13004916117839413,0.008208610579809547,-0.6311937180076725,-0.1963350305392016,-0.050878267759585004,-0.0690561847543834,-0.3423650501591262,-0.6531945870516929
1731069363.81,0.9615405870746049,0.759745026411047,-0.07518754852562552,-0.13038124820358304,0.6296790374550565,1.5403010408762854,-0.6467847775143168,-0.0431494895617464,-0.02739773931084859,-0.6528872274531903,0.5911127968024926,-0.44961958797084073,-0.13004916117839413,-0.13316489171046186,-0.6296713967443001,1.3606789603202112,-0.4369481767300554,-0.0690561847543834,-0.3462572356969726,-0.6528605525659488
1731069364.31,-0.9214443623352827,-0.38360136508948695,-0.07518754852562552,-0.11571805884339949,0.6293317237001306,-0.5361107402806123,-0.7471586033612465,-0.0431494895617464,0.21597021351771087,-0.6525532015656259,-0.4549339772403137,-1.1648711253517516,-0.13004916117839413,-0.04528406596245534,-0.630043429569108,-0.4558373623490976,-0.19105841327862494,-0.0690561847543834,0.798045312429868,-0.6525265088238921
1731069364.81,0.9615405870746049,0.25932854627837726,-0.07518754852562552,0.11596033304750132,0.6289844103721783,-0.5361107402806123,-0.6793384507619696,-0.0431494895617464,0.4396720691480028,-0.6522191664118604,0.5911127968024926,-1.289840724819792,-0.13004916117839413,0.1839702620758226,-0.6334031491760278,-0.4558373623490976,0.0571293853452488,-0.0690561847543834,0.34265960450183947,-0.6521924558268636
1731069365.31,-0.9214443623352827,-0.5212563838962083,-0.07518754852562552,1.9928485711510016,0.6286370974712132,-0.5361107402806123,0.23759001238025176,-0.0431494895617464,1.191900286981732,-0.6518851219932087,-0.4549339772403137,-0.925567637008696,-0.13004916117839413,1.576690304908361,-0.6307966133899322,-0.4558373623490976,0.5098423143165742,-0.0690561847543834,-0.38517909107543663,-0.6518583935761981
1731069365.81,0.9615405870746049,-0.2815747040915638,-0.07518754852562552,-0.22422566010875813,0.6282897849972552,1.5403010408762854,-0.5572621760832716,-0.0431494895617464,-0.18595564797187972,-0.651551068311006,0.5911127968024926,-1.186142546537801,-0.13004916117839413,2.969410347740899,-0.6302624977301159,1.3606789603202112,-0.17267413189907874,-0.0690561847543834,0.6034360355375482,-0.6515243220732316
1731069366.31,-0.9214443623352827,-0.45323860989759296,-0.07518754852562552,-0.06586321501877529,0.6279424729503243,-0.5361107402806123,-0.5735390127070981,-0.0431494895617464,-0.133103011751536,-0.651217005366592,-0.4549339772403137,-0.9681104793807949,-0.13004916117839413,0.10755215272972989,-0.630002841850541,-0.4558373623490976,0.5558030177654398,-0.0690561847543834,0.40882675864522816,-0.6511902413193051
1731069366.81,0.9615405870746049,-0.3981766023749045,-0.07518754852562552,0.10716241943139122,0.6275951613304408,-0.5361107402806123,-0.5219956967316476,-0.0431494895617464,-0.11343691455326856,-0.6508829331612752,0.5911127968024926,-0.4443017326743284,-0.13004916117839413,0.12283577459894843,-0.6297825286070402,-0.1963350305392016,1.0544766501856304,-0.0690561847543834,-0.11661828896403519,-0.6508561513157486
1731069367.31,-0.9214443623352827,0.8471964501235526,-0.07518754852562552,-0.24182148734097839,0.6272478501375843,-0.5361107402806123,0.5088706227773586,-0.0431494895617464,0.04143360088308741,-0.6505488516964442,-0.4549339772403137,-0.5825659703836495,-0.13004916117839413,-0.11788126984124332,-0.630670178745962,-0.1963350305392016,0.6959831632844795,-0.0690561847543834,-0.3968556476889758,-0.6505220520639012
1731069367.81,0.9615405870746049,-0.18440645552211346,-0.07518754852562552,-0.3063395205257862,0.6269005393717886,1.5403010408762854,-0.07709549568039228,-0.0431494895617464,-0.07902124445630059,-0.650214760973409,0.5911127968024926,-0.4177124561917669,-0.13004916117839413,-0.35859831428143507,-0.6270917126785013,1.3606789603202112,0.33748967638332866,-0.0690561847543834,3.5303595599980384,-0.6501879435650992
1731069368.31,-0.9214443623352827,-0.2831941749010547,-0.07518754852562552,-0.32686798563004327,0.6265532290330734,-0.5361107402806123,-0.15576687269555337,-0.0431494895617464,-0.12081170100261884,-0.6498806609935078,-0.4549339772403137,-0.5852248980319058,-0.13004916117839413,-0.21722481199116367,-0.6256290635143288,-0.4558373623490976,0.564995158455213,-0.0690561847543834,-0.4824837295215965,-0.6498538258206759
1731069368.81,0.9615405870746049,-0.46943331799250143,-0.07518754852562552,-0.18023609202820723,0.626205919121439,-0.5361107402806123,-0.23172544360674308,-0.0431494895617464,0.009476192935902867,-0.6495465517580737,0.5911127968024926,-0.5639534768458564,-0.13004916117839413,-0.328031070542998,-0.6268928221093231,-0.4558373623490976,0.8683358012177251,-0.0690561847543834,-0.4474540596809789,-0.6495196988319671
1731069369.31,-0.9214443623352827,-0.02569831619201089,-0.07518754852562552,-0.15970762692395024,0.6258586096369185,-0.5361107402806123,0.07753445224595881,-0.0431494895617464,0.04635012518265427,-0.6492124332684199,-0.4549339772403137,-0.6782873657208719,-0.13004916117839413,-0.3681505779496967,-0.6257560603180741,-0.4558373623490976,0.8085868867341999,-0.0690561847543834,-0.38517909107543663,-0.6491855626003079
1731069369.81,-0.9214443623352827,-0.310725178662399,-0.07518754852562552,3.1160488761410647,0.6255113005794989,-0.5361107402806123,-0.2968327901020488,-0.0431494895617464,-0.10360386595413489,-0.6488783055259301,0.5911127968024926,-0.5267284897702699,-0.13004916117839413,-0.4082700853563953,-0.6256771216553033,-0.1963350305392016,1.5301699308813885,-0.0690561847543834,-0.3540416067726654,-0.6488514171270328
1731069370.31,0.9615405870746049,-0.2945304705674906,-0.07518754852562552,-0.31220479626985964,0.6251639919491933,1.5403010408762854,-0.18560773983923518,-0.0431494895617464,-0.19259295577629496,-0.6485441685319153,-0.4549339772403137,-0.388464252060949,-0.13004916117839413,3.466128058490501,-0.6264316252693688,1.101176628510306,1.2176371474291032,-0.0690561847543834,-0.4241009464539006,-0.6485172624134777
1731069370.81,0.9615405870746049,-0.23622952142582024,-0.07518754852562552,-0.2594173145731987,0.6248166837460486,-0.5361107402806123,-0.4460371258204576,-0.0431494895617464,-0.17071442264322245,-0.64821002228771,0.7654539258096312,-0.2129750272760413,-0.13004916117839413,-0.17519485185081277,-0.6242877864409992,-0.1963350305392016,0.983237559839889,-0.0690561847543834,-0.3812869055375902,-0.6481830984609763
1731069371.31,-0.9214443623352827,-0.2621410543776737,-0.07518754852562552,-0.23302357372486823,0.624469375970038,-0.5361107402806123,-0.652210389722259,-0.0431494895617464,-0.13556127390131942,-0.64787586679465,-0.6292751062474522,-0.050780440732414826,-0.13004916117839413,0.8526287188541332,-0.6260633944598032,-0.4558373623490976,0.323701465348669,-0.0690561847543834,-0.2995510092428159,-0.6478489252708629
1731069371.81,0.9615405870746049,-0.17630910147465925,-0.07518754852562552,-0.20956247074857445,0.624122068621215,1.5403010408762854,-0.4840164112760526,-0.0431494895617464,-0.0568968851082497,-0.6475417020540447,0.5911127968024926,-0.002919743063803644,-0.13004916117839413,-0.19429937918733586,-0.6244939656212276,-0.4558373623490976,-0.8069318394934228,-0.0690561847543834,-0.39296346215112943,-0.6475147428444706
1731069372.31,-0.9214443623352827,0.17997447661332577,-0.07518754852562552,-0.30047424478171275,0.6237747616995463,-0.5361107402806123,-0.5138572784197344,-0.0431494895617464,-0.16801033427846068,-0.647207528067277,-0.4549339772403137,0.6990371560758267,-0.13004916117839413,-0.07967221516819697,-0.6231470646621285,1.3606789603202112,-0.016407740172935836,-0.0690561847543834,0.6151125921510872,-0.6471805511831313
1731069372.81,0.9909622269091337,-0.14877809771331493,-0.07518754852562552,-0.34739645073430026,0.6234274552050851,-0.5361107402806123,-0.3348120755576438,-0.0431494895617464,-0.1567023283894569,-0.646873344835656,-0.6292751062474522,-1.0664908023662734,-0.13004916117839413,0.09608943632781607,-0.6233913421626693,-0.4558373623490976,-0.2783837498314695,-0.0690561847543834,-0.21392292741019509,-0.646846350288184
1731069373.31,-4.716835900989584,11.262013225959151,15.571072940842644,13.378815109333564,0.623080149137825,-4.095673793692439,16.715174287900528,12.906703120210636,-0.13162805446166595,-0.6465391523605168,-6.033850105468672,4.578412594881585,12.685731656573594,0.01967132698172337,-0.6263420055404844,-5.386381666737232,17.72442379108915,11.471996060387289,-0.24116822617512,-0.6465121401609575
1731069373.81,-0.8920227225007512,4.42298799747933,-0.07518754852562552,27.10502666940143,0.6227328434977725,1.5403010408762854,1.6591004108610925,-0.0431494895617464,-0.106553780533875,-0.6462049506431928,0.5911127968024926,-0.0428036577876463,-0.13004916117839413,34.87397099973457,-0.6238212907815162,1.3606789603202112,1.6933304281248611,-0.0690561847543834,-0.26841352494004467,-0.6461779208027861
1731069374.31,0.932118947240076,2.3322511824266536,-0.07518754852562552,1.4004557209995843,0.6223855382849811,-0.5361107402806123,0.04226797289433488,-0.0431494895617464,-0.08147950660608401,-0.6458707396849933,-0.4549339772403137,-0.5240695621220137,-0.13004916117839413,-0.37770284161795825,-0.6241054276666335,-0.4558373623490976,0.2570584453478137,-0.0690561847543834,-0.2956588237049695,-0.6458436922150003
1731069374.81,0.9615405870746049,0.8342406836476258,-0.07518754852562552,-0.25061940095708857,0.6220382334994041,-0.5361107402806123,-0.3293864633497017,-0.0431494895617464,-0.07164645800695028,-0.6455365194873,0.5911127968024926,-0.5160927791772452,-0.13004916117839413,1.322600091332603,-0.6226159461362369,-0.4558373623490976,-0.2278269760377174,-0.0690561847543834,-0.2450604117129663,-0.645509454398939
1731069375.31,-0.8920227225007512,0.47471816394065913,-0.07518754852562552,0.08956659219917089,0.6216909291411016,-0.5361107402806123,0.2647180734199625,-0.0431494895617464,-0.1692394653533524,-0.6452022900514212,-0.4549339772403137,-0.35389819263361866,-0.13004916117839413,0.08080581445859752,-0.6244396420463167,-0.4558373623490976,-0.21863483534794428,-0.0690561847543834,-0.38517909107543663,-0.645175207355928
1731069375.81,0.9615405870746049,0.4423287477508423,-0.07518754852562552,-0.14797707543580338,0.6213436252100603,1.5403010408762854,0.16705705367700388,-0.0431494895617464,-0.12326996315240228,-0.6448680513786902,0.5911127968024926,0.15927484347982312,-0.13004916117839413,-0.07585130970089242,-0.6246965398985653,-0.1963350305392016,-0.31055624224567513,-0.0690561847543834,0.01960820486058855,-0.6448409510873018
1731069376.31,-0.9508660021698115,-0.49372538013486406,-0.07518754852562552,-0.18610136777228067,0.6209963217063001,-0.5361107402806123,-0.02826498580891299,-0.0431494895617464,-0.13064474960175257,-0.6445338034704392,-0.4549339772403137,0.3719890553403173,-0.13004916117839413,-0.21722481199116367,-0.6254551031136297,1.3606789603202112,-0.4185638953505092,-0.0690561847543834,-0.12440266003972798,-0.6445066855943921
1731069376.81,0.9615405870746049,0.3500189116098641,-0.07518754852562552,-0.3092721583978229,0.6206490186298546,-0.5361107402806123,1.3823941882560433,-0.0431494895617464,0.11272320322680679,-0.6441995463279766,0.7654539258096312,0.41984975300892785,-0.13004916117839413,-0.10259764797202478,-0.62289410907033,-0.4558373623490976,-0.4461403174198285,-0.0690561847543834,-0.38517909107543663,-0.6441724108785318
1731069377.31,-0.9214443623352827,-0.3091057078529082,-0.07518754852562552,-0.2183603843646847,0.6203017159807103,-0.5361107402806123,0.4925937861535322,-0.0431494895617464,-0.17759755666261606,-0.6438652799526833,-0.4549339772403137,-0.8936605052296219,-0.13004916117839413,-0.37770284161795825,-0.6207077893962928,-0.4558373623490976,-0.5403597594900029,-0.0690561847543834,1.0899592277683476,-0.6438381269410515
1731069377.81,0.9615405870746049,-0.07428244047673617,-0.07518754852562552,-0.13038124820358304,0.6199544137588873,1.5403010408762854,0.45190169459396645,-0.0431494895617464,-0.08639603090565087,-0.6435310043458666,0.5911127968024926,-0.6995587869069213,-0.13004916117839413,-0.39680736895448143,-0.6207106432426853,1.3606789603202112,-0.5357636891451164,-0.0690561847543834,-0.3306884935455871,-0.6435038337832808
1731069378.31,-0.9214443623352827,0.14272664799503657,-0.07518754852562552,-0.18903400564431747,0.6196071119643989,-0.5361107402806123,0.06397042172610345,-0.0431494895617464,-0.05198036080868284,-0.6431967195088579,-0.4549339772403137,-0.3858053244126928,-0.13004916117839413,-0.4694045728332694,-0.6228866781946947,-0.1963350305392016,0.020360822586156353,-0.0690561847543834,0.7591234570514038,-0.6431695314065545
1731069378.81,0.9615405870746049,-0.6945397605117284,-0.07518754852562552,-0.05413266353062841,0.6192598105972652,-0.5361107402806123,-0.3456632999735281,-0.0431494895617464,-0.18620147418685806,-0.6428624254429893,0.5911127968024926,-0.6995587869069213,-0.13004916117839413,-0.21340390652385913,-0.6187179233403135,-0.4558373623490976,-0.16578002638174888,-0.0690561847543834,-0.39296346215112943,-0.6428352198121998
1731069379.31,-0.9214443623352827,0.23341701332652376,-0.07518754852562552,-0.3210027098859698,0.6189125096574997,-0.5361107402806123,-0.9804599283027583,-0.0431494895617464,-0.1485900632951716,-0.6425281221495664,-0.4549339772403137,-0.513433851528989,-0.13004916117839413,-0.24397115026229618,-0.6236983077724827,-0.1963350305392016,-0.09454093603600729,-0.0690561847543834,-0.4474540596809789,-0.6425008990015483
1731069379.81,0.9909622269091337,-0.6475751070364939,-0.07518754852562552,-0.06586321501877529,0.6185652091451089,1.5403010408762854,-0.8746604902478867,-0.0431494895617464,-0.12818648745196914,-0.6421938096299712,0.5911127968024926,-0.603837391569699,-0.13004916117839413,2.304572796429893,-0.620672550362519,1.3606789603202112,0.2065016715540616,-0.0690561847543834,-0.3540416067726654,-0.6421665689759328
1731069380.31,-0.9214443623352827,0.022885808092714212,-0.07518754852562552,-0.2916763311656026,0.6182179090600995,-0.5361107402806123,-0.9777471221987872,-0.0431494895617464,-0.16678120320356896,-0.6418594878855078,-0.4549339772403137,-0.18638575079347955,-0.13004916117839413,-0.27071748853342853,-0.6179554266695791,-0.4558373623490976,-0.16118395603686234,-0.0690561847543834,-0.3968556476889758,-0.6418322297366809
1731069380.81,0.932118947240076,0.272284312754304,-0.07518754852562552,-0.3063395205257862,0.6178706094024984,-0.5361107402806123,-0.969608703886874,-0.0431494895617464,-0.1697311177833091,-0.6415251569175089,0.5911127968024926,0.2895622982443755,-0.13004916117839413,-0.3089265432064749,-0.6181025904317016,-0.4558373623490976,-0.13820360431242956,-0.0690561847543834,-0.4708071729080573,-0.6414978812851222
1731069381.31,-0.9214443623352827,-0.5018227341823183,-0.07518754852562552,-0.3210027098859698,0.6175233101723122,-0.5361107402806123,-0.9994495710305559,-0.0431494895617464,-0.1542440662396735,-0.6411908167273036,-1.675321880290271,-1.2792050142267672,-0.13004916117839413,-0.11023945890663406,-0.6170404004982113,-0.1963350305392016,0.28233683224469003,-0.0690561847543834,-0.2645213394021984,-0.6411635236225885
1731069381.81,0.9615405870746049,0.5508332919867286,-0.07518754852562552,-0.16264026479598692,0.6171760113695608,1.5403010408762854,-0.8041275315446388,-0.0431494895617464,-0.0052733799627977165,-0.6408564673161975,1.8115006998524499,-1.4094924689913197,-0.13004916117839413,0.2489256550200013,-0.6209005160551346,-0.4558373623490976,0.7465399370782316,-0.0690561847543834,-0.15943232988034567,-0.6408291567504069
1731069382.31,-0.9214443623352827,-0.249185287901747,-0.07518754852562552,-0.18610136777228067,0.6168287129942511,-0.5361107402806123,-0.5274213089395898,-0.0431494895617464,-0.176122599372746,-0.6405221086855695,-0.6292751062474522,-0.5400231280115507,-0.13004916117839413,0.19543297847773658,-0.6180441436788772,1.3606789603202112,1.139503951566032,-0.0690561847543834,-0.2761978960157375,-0.640494780669909
1731069382.81,0.9615405870746049,0.4083198607515344,-0.07518754852562552,-0.15970762692395024,0.6164814150463898,-0.5361107402806123,-0.3266736572457306,-0.0431494895617464,0.7838287701176827,-0.640187740836726,0.5911127968024926,-1.2871817971715358,-0.13004916117839413,-0.2325084338603822,-0.6205731642496282,-0.4558373623490976,0.691387092939593,-0.0690561847543834,-0.2450604117129663,-0.6401603953824233
1731069383.31,-0.9214443623352827,-0.15363651014178745,-0.07518754852562552,-0.18903400564431747,0.6161341175260033,-0.5361107402806123,-0.8122659498565521,-0.0431494895617464,-0.167518681848504,-0.6398533637709957,-0.4549339772403137,-1.1781657635930325,-0.13004916117839413,-0.266896583066124,-0.6173866624743917,-0.1963350305392016,0.7580301129404478,-0.0690561847543834,-0.3968556476889758,-0.6398260008892783
1731069383.81,0.9615405870746049,-0.06618508642928195,-0.07518754852562552,-0.3415311749902268,0.6157868204330853,1.5403010408762854,-0.2914071778941067,-0.0431494895617464,0.8280774888137845,-0.6395189774897077,0.5911127968024926,-0.7500784122237887,-0.13004916117839413,-0.15609032451428967,-0.6177127749715036,-0.4558373623490976,0.14215668672564982,-0.0690561847543834,-0.3773947199997438,-0.6394915971918013
1731069384.31,-0.9508660021698115,0.9573204651689295,-0.07518754852562552,3.761229207989143,0.6154395237676891,-0.5361107402806123,-0.4568883502363419,-0.0431494895617464,-0.1257282253021857,-0.6391845819941666,-0.4549339772403137,-0.20499824433127278,-0.13004916117839413,4.841654026720168,-0.6176526150148195,-0.4558373623490976,-0.1565878856919758,-0.0690561847543834,-0.3267963080077407,-0.6391571842913236
1731069384.81,0.9615405870746049,-0.14230021447535154,-0.07518754852562552,0.05144229986269357,0.6150922275297813,-0.5361107402806123,-0.5979542676428377,-0.0431494895617464,-0.12081170100261884,-0.6388501772857514,0.5911127968024926,-0.8723890840435725,-0.13004916117839413,0.05023857072016045,-0.6184063677917712,1.3606789603202112,-0.1129252174155535,-0.0690561847543834,-0.3112275658563551,-0.638822762189171
1731069385.31,-0.9214443623352827,0.42775351046542454,-0.07518754852562552,-0.16557290266802369,0.614744931719402,-0.5361107402806123,-0.23172544360674308,-0.0431494895617464,-0.16604372455863395,-0.638515763365764,-0.4549339772403137,-0.7686909057615819,-0.13004916117839413,-0.2936429213372564,-0.6145651827670848,-0.4558373623490976,0.22948202327849437,-0.0690561847543834,-0.2839822670914303,-0.6384883308866719
1731069385.81,0.9615405870746049,-0.5115395590392633,-0.07518754852562552,-0.203697195004501,0.6143976363365579,1.5403010408762854,-0.5138572784197344,-0.0431494895617464,-0.17317268479300588,-0.6381813402355343,0.5911127968024926,-1.1196693553313968,-0.13004916117839413,-0.33567288147760727,-0.6155999609695363,1.3606789603202112,-0.10832914707066695,-0.0690561847543834,-0.39296346215112943,-0.638153890385155
1731069386.31,-0.9214443623352827,-0.2815747040915638,-0.07518754852562552,-0.203697195004501,0.614050341381249,-0.5361107402806123,-0.6929024812818251,-0.0431494895617464,-0.12081170100261884,-0.6378469078963901,-0.4549339772403137,-0.5958606086249305,-0.13004916117839413,-0.11023945890663406,-0.6139466841756281,-0.4558373623490976,-0.10143504155333712,-0.0690561847543834,-0.26062915386435187,-0.6378194406859471
1731069386.81,-0.9214443623352827,-0.041893024286919316,-0.07518754852562552,-0.3151374341418964,0.6137030468535287,-0.5361107402806123,-0.0038497308731733435,-0.0431494895617464,0.021767503684819965,-0.6375124663496349,0.5911127968024926,0.03962309930829518,-0.13004916117839413,-0.27835929946803784,-0.6174417632426276,-0.4558373623490976,0.18352131982962883,-0.0690561847543834,-0.2878744526292767,-0.6374849817903755
1731069387.31,0.9909622269091337,0.19131077227976184,-0.07518754852562552,-0.11571805884339949,0.6133557527533637,-0.5361107402806123,-0.5464109516673873,-0.0431494895617464,-0.20783418110495222,-0.6371780155966466,-0.4549339772403137,-0.8910015775813658,-0.13004916117839413,-0.2325084338603822,-0.6176390403342209,-0.4558373623490976,0.3558739577628749,-0.0690561847543834,-0.38517909107543663,-0.637150513699767
1731069387.81,0.9615405870746049,0.9071168700747135,-0.07518754852562552,-0.15677498905191348,0.6130084590807942,1.5403010408762854,-0.4406115136125156,-0.0431494895617464,-0.12081170100261884,-0.6368435556387261,0.5911127968024926,-0.010896526008572174,-0.13004916117839413,-0.21722481199116367,-0.6154130574880624,1.3606789603202112,0.14675275707053637,-0.0690561847543834,2.479469464779511,-0.6368160364154489
1731069388.31,-0.9508660021698115,0.09252305290082026,-0.07518754852562552,-0.15970762692395024,0.6126611658358131,-0.5361107402806123,-0.030977791912884065,-0.0431494895617464,0.06601622238092171,-0.6365090864772027,-0.4549339772403137,-0.298060712020239,-0.13004916117839413,-0.266896583066124,-0.6159148734309998,-0.4558373623490976,0.5833794398347592,-0.0690561847543834,-0.3618259778483582,-0.6364815499387496
1731069388.81,-0.9214443623352827,-0.00302572485913927,-0.07518754852562552,1.769968092876211,0.6123138730184543,-0.5361107402806123,0.2538668490040782,-0.0431494895617464,-0.1817766023172479,-0.6361746081134019,0.5911127968024926,-0.0002608154155474674,-0.13004916117839413,2.415379054981728,-0.6159973055370667,-0.4558373623490976,0.7626261832853343,-0.0690561847543834,0.015716019322742237,-0.6361470542709916
1731069389.31,0.932118947240076,-0.11153026909502554,-0.07518754852562552,-0.01600837119415096,0.6119665806287375,-0.23948048582963297,0.12907776822140918,-0.0431494895617464,-0.14416519142556145,-0.6358401205486265,-0.4549339772403137,-0.12523041488358747,-0.13004916117839413,0.08462671992590225,-0.6149243590268424,-0.4558373623490976,0.564995158455213,-0.0690561847543834,-0.2878744526292767,-0.6358125494135051
1731069389.81,0.9909622269091337,-0.17954804309364095,-0.07518754852562552,-0.16850554054006034,0.6116192886666428,1.5403010408762854,-0.4189090647807471,-0.0431494895617464,0.23317804856619484,-0.6355056237842535,-0.4549339772403137,-0.7819855440028626,-0.13004916117839413,-0.17137394638350822,-0.6129747939380168,1.3606789603202112,0.9097004343217041,-0.0690561847543834,-0.39296346215112943,-0.6354780353676138
1731069390.31,-0.9214443623352827,0.218841776041106,-0.07518754852562552,0.0015874560380692404,0.6112719971322037,-0.5361107402806123,0.38136873589071857,-0.0431494895617464,-0.18103912367231287,-0.6351711178215834,0.5911127968024926,-0.6995587869069213,-0.13004916117839413,-0.20576209558924985,-0.6131687814746792,-0.1963350305392016,1.383095679845019,-0.0690561847543834,-0.24895259725081278,-0.6351435121346436
1731069390.81,0.9615405870746049,-0.15039756852280578,-0.07518754852562552,-0.23595621159690494,0.6109247060254335,-0.5361107402806123,0.6200956730401727,-0.0431494895617464,-0.03477252576019888,-0.6348366026619422,0.5911127968024926,-0.5479999109563193,-0.13004916117839413,-0.297463826804561,-0.6153417736285262,-0.4558373623490976,0.9234886453563638,-0.0690561847543834,-0.06601987697203207,-0.6348089797159228
1731069391.31,-0.9214443623352827,0.024505278902205056,-0.07518754852562552,0.013318007526216126,0.6105774153463455,-0.5361107402806123,0.1968979208206857,-0.0431494895617464,1.2631898893254512,-0.634502078306658,-0.4549339772403137,-0.16511432960743014,-0.13004916117839413,-0.3853446525525675,-0.6117973476001485,-0.4558373623490976,1.2360214288086495,-0.0690561847543834,-0.21003074187234877,-0.6344744381127724
1731069391.81,0.9615405870746049,-0.34311459485221585,-0.07518754852562552,0.24499639941711693,0.6102301250949531,-0.5361107402806123,-0.73088176673742,-0.0431494895617464,-0.19308460820625165,-0.6341675447570286,0.5911127968024926,-0.4895035026946834,-0.13004916117839413,0.4170454955814051,-0.611827062920772,1.3606789603202112,1.026900228116311,-0.0690561847543834,-0.2372760406372735,-0.6341398873265194
1731069392.31,-0.9214443623352827,-0.13096391880891567,-0.07518754852562552,-0.08639168012303228,0.609882835271263,1.5403010408762854,-0.5979542676428377,-0.0431494895617464,-0.19947608979568857,-0.6338330020144324,-0.4549339772403137,-0.09066435545625748,-0.13004916117839413,-0.06820949876628316,-0.6098679464703914,-0.4558373623490976,1.6795422170902015,-0.0690561847543834,1.5103152658557586,-0.6338053273584909
1731069392.81,0.9615405870746049,-0.1714506890461867,-0.07518754852562552,0.007452731782142684,0.6095355458752952,-0.5361107402806123,-0.1232131994479005,-0.0431494895617464,-0.1778433828775944,-0.6334984500801669,0.5911127968024926,-0.016214381305084527,-0.13004916117839413,0.1534030183373855,-0.6128336274633073,-0.4558373623490976,0.34438378190065827,-0.0690561847543834,-0.10883391788834239,-0.6334707582100079
1731069393.31,-0.9214443623352827,-0.12772497718993397,-0.07518754852562552,1.374061980151254,0.6091882569070632,-0.5361107402806123,-0.3972066159489785,-0.0431494895617464,-0.12818648745196914,-0.6331638889555599,-0.4549339772403137,0.48898187186358844,-0.13004916117839413,1.8498850458206422,-0.6118835659573086,-0.4558373623490976,-0.9517080553573491,-0.0690561847543834,0.03517694701197415,-0.6331361798823973
1731069393.81,0.9615405870746049,0.2463727798024505,-0.07518754852562552,0.09249923007120754,0.6088409683665736,1.5403010408762854,-0.18832054594320594,-0.0431494895617464,-0.00035685566323085495,-0.6328293186419346,0.5911127968024926,0.22574803468622726,-0.13004916117839413,0.12283577459894843,-0.6106529117143382,1.3606789603202112,-0.6529634829397233,-0.0690561847543834,-0.25673696832650555,-0.6328015923769817
1731069394.31,-0.9214443623352827,-0.2880525873295272,-0.07518754852562552,0.0367791105025099,0.6084936802538465,-0.5361107402806123,-0.08794672009627658,-0.0431494895617464,-0.20316348302036372,-0.6324947391405912,-0.6292751062474522,-0.5214106344737575,-0.13004916117839413,0.08462671992590225,-0.6125989450343496,-0.4558373623490976,-0.5334656539726731,-0.0690561847543834,-0.16332451541819198,-0.6324669956950866
1731069394.81,0.9615405870746049,0.6399041865087247,-0.07518754852562552,-0.06586321501877529,0.6081463925688885,-0.23948048582963297,0.0883856766618431,-0.0431494895617464,-0.18792225769170645,-0.6321601504529046,0.7654539258096312,-0.0880054278080013,-0.13004916117839413,-0.3891655580198721,-0.6113335731789662,-0.1963350305392016,-0.5403597594900029,-0.0690561847543834,0.16751125529875174,-0.6321323898380359
1731069395.31,-0.9214443623352827,0.25123119223092283,-0.07518754852562552,-0.13331388607561984,0.607799105311713,-0.5361107402806123,-0.07980830178436336,-0.0431494895617464,-0.13064474960175257,-0.6318255525801738,-0.4549339772403137,-0.058757223677183355,-0.13004916117839413,0.03877585431824663,-0.6082634230294998,-0.4558373623490976,-0.5311676188002298,-0.0690561847543834,-0.058235505896339274,-0.6317977748071522
1731069395.81,0.9615405870746049,0.056894695092021906,-0.07518754852562552,-0.01600837119415096,0.6074518184823468,-0.23948048582963297,-0.12592600555187158,-0.0431494895617464,-0.01756469071171487,-0.6314909455237214,0.5911127968024926,0.5767264842560426,-0.13004916117839413,-0.04146316049515062,-0.6088831999026743,1.3606789603202112,-0.08075272500134761,-0.0690561847543834,-0.17110888649388478,-0.6314631506037608
1731069396.31,-0.9214443623352827,0.44070927694135126,-0.07518754852562552,-0.2916763311656026,0.6071045320807764,1.5403010408762854,0.28642052225173104,-0.0431494895617464,-0.17931834016746445,-0.631156329284874,-0.4549339772403137,-0.3990999626539737,-0.13004916117839413,-0.24015024479499147,-0.6073084906539631,-0.4558373623490976,-0.3243444532803348,-0.0690561847543834,-0.24116822617512,-0.6311285172291813
1731069396.81,0.9615405870746049,-0.5439289752290801,-0.07518754852562552,0.054374937734730226,0.606757246107062,-0.5361107402806123,0.004288687438739873,-0.0431494895617464,-0.21004661703975733,-0.6308217038649294,-1.5009807512831326,-0.25285894199988396,4.186845430064381,-0.0834931206355017,-0.6088826050398207,-0.4558373623490976,-0.17037609672663545,-0.0690561847543834,0.4360720574101531,-0.6307938746847391
1731069397.31,-0.9214443623352827,0.2884790208492124,-0.07518754852562552,0.013318007526216126,0.606409960561157,-0.5361107402806123,-0.2018845764630613,-0.0431494895617464,-0.02493947716106516,-0.6304870692652589,-0.4549339772403137,0.4038961871193908,-0.13004916117839413,-0.10259764797202478,-0.6068421477362096,-0.4558373623490976,-0.5702342167317656,-0.0690561847543834,-0.3735025344618974,-0.6304592229717568
1731069397.81,0.9615405870746049,0.04555839942558601,-0.07518754852562552,0.11009505730342788,0.6060626754431147,1.5403010408762854,-0.16933090321540872,-0.0431494895617464,0.24546935931511193,-0.6301524254871623,0.5911127968024926,0.2682908770583261,-0.13004916117839413,0.3788364409083589,-0.6085795905533212,1.3606789603202112,-0.08534879534623417,-0.0690561847543834,-0.3345806790834334,-0.6301245620915568
1731069398.31,-0.9214443623352827,0.12329299828114645,-0.07518754852562552,-0.09225695586710572,0.605715390752935,-0.5361107402806123,0.671638989015623,-0.0431494895617464,-0.17268103236304921,-0.6298177725319634,-1.5009807512831326,-1.1409407765174462,-0.13004916117839413,-0.11788126984124332,-0.6072935521652687,-0.4558373623490976,-0.4783128098340344,-0.0690561847543834,-0.3579337923105118,-0.6297898920454615
1731069398.81,0.9615405870746049,0.5103465217494573,-0.07518754852562552,0.12475824666361154,0.6053681064906316,-0.5361107402806123,0.1562058292611196,-0.0431494895617464,-0.13556127390131942,-0.6294831104009817,1.8115006998524499,-1.199437184779082,-0.13004916117839413,0.15722392380469022,-0.6066772656759387,-0.4558373623490976,-0.0715605843115745,-0.0690561847543834,-0.3423650501591262,-0.6294552128347934
1731069399.31,-0.9214443623352827,-0.48886696770639154,-0.07518754852562552,-0.11865069671543615,0.6050208226562442,-0.5361107402806123,0.11551373770155382,-0.0431494895617464,-0.02248121501128173,-0.6291484390955192,-0.4549339772403137,-0.45227851561909693,-0.13004916117839413,-0.0834931206355017,-0.6075464360007016,-0.4558373623490976,0.48456392741969795,-0.0690561847543834,-0.408532204302515,-0.6291205244608721
1731069399.81,0.9615405870746049,0.4261340396559338,-0.07518754852562552,-0.01600837119415096,0.604673539249733,1.5403010408762854,0.5658395509607511,-0.0431494895617464,-0.18595564797187972,-0.6288137586169453,0.5911127968024926,-0.6224498851074922,-0.13004916117839413,0.054059476187465164,-0.6054694555510552,1.3606789603202112,-0.26459553879680986,-0.0690561847543834,-0.3306884935455871,-0.6287858269250228
1731069400.31,-0.9214443623352827,-0.5180174422772267,-0.07518754852562552,-0.14211179969172993,0.6043262562711513,-0.23948048582963297,-0.4677395746522262,-0.0431494895617464,-0.19996774222564526,-0.6284790689665568,-0.4549339772403137,-0.2714714355376772,-0.13004916117839413,-0.266896583066124,-0.6043859512895559,-0.1963350305392016,-0.1450977098297594,-0.0690561847543834,-0.2995510092428159,-0.6284511202285636
1731069400.81,0.9615405870746049,0.31277108299157486,-0.07518754852562552,-0.10985278309932606,0.6039789737204926,-0.5361107402806123,-0.9885983466146716,-0.0431494895617464,-0.1257282253021857,-0.6281443701456775,0.5911127968024926,-0.513433851528989,-0.13004916117839413,-0.3394937869449119,-0.6045167374634516,-0.4558373623490976,0.19271346051940194,-0.0690561847543834,-0.4746993584459037,-0.6281164043728169
1731069401.31,-0.8920227225007512,0.4957712844640399,-0.07518754852562552,0.15994990112805207,0.6036316915977834,-0.5361107402806123,-0.7010408995937383,-0.0431494895617464,-0.12081170100261884,-0.6278096621556271,-0.4549339772403137,0.2815855152996073,-0.13004916117839413,0.35973191357183565,-0.6058477047416095,-0.1963350305392016,0.5443128419032232,-0.0690561847543834,-0.4202087609160542,-0.6277816793591037
1731069401.81,0.932118947240076,-0.47753067203995564,-0.07518754852562552,-0.19196664351635412,0.6032844099030372,-0.5361107402806123,-0.5165700845237055,-0.0431494895617464,-0.10606212810391831,-0.6274749449977034,0.5911127968024926,-0.08268757251148895,-0.13004916117839413,-0.25543386666421003,-0.6062353983196446,1.3606789603202112,0.027254928103486186,-0.0690561847543834,2.214800848205956,-0.6274469451887463
1731069402.31,-0.9214443623352827,0.3872667402281536,-0.07518754852562552,-0.11571805884339949,0.6029371286362607,1.5403010408762854,-0.850245235312147,-0.0431494895617464,-0.17243520614807087,-0.6271402186732771,-0.6292751062474522,0.39857833182287844,-0.13004916117839413,-0.11023945890663406,-0.6037882580340685,-0.1963350305392016,0.07551366672479502,-0.0690561847543834,-0.369610348924051,-0.6271122018630628
1731069402.81,0.9615405870746049,-0.38036242347050525,-0.07518754852562552,2.010444398383222,0.6025898477974673,-0.5361107402806123,-0.7851378888168413,-0.0431494895617464,-0.17120607507317914,-0.6268054831836438,-0.4549339772403137,-1.5477567067006408,-0.13004916117839413,2.7363351142353167,-0.6023020406249712,-0.4558373623490976,0.5787833694898726,-0.0690561847543834,-0.3423650501591262,-0.626777449383374
1731069403.31,-0.9214443623352827,0.17349659337536238,-0.07518754852562552,0.0367791105025099,0.6022425673866636,-0.5361107402806123,-0.7797122766088993,-0.0431494895617464,-0.12818648745196914,-0.6264707385301246,0.5911127968024926,-1.1595532700552393,-0.13004916117839413,-0.03382134956054135,-0.6019412573288934,-0.4558373623490976,0.5948696156969753,-0.0690561847543834,-0.3812869055375902,-0.6264426877510024
1731069403.81,-0.9214443623352827,-0.024078845382520045,-0.07518754852562552,0.130623522407685,0.6018952874038763,1.5403010408762854,-0.8014147254406677,-0.0431494895617464,-0.11835343885283542,-0.626135984714041,0.5911127968024926,-1.3244067842471223,-0.13004916117839413,0.061701287122074434,-0.6033985600134077,1.3606789603202112,0.5535049825929963,-0.0690561847543834,-0.3151197513942015,-0.626107916967263
1731069404.31,0.932118947240076,-0.23622952142582024,-0.07518754852562552,-0.10398750735525261,0.6015480078491255,-0.5361107402806123,-0.5545493699793005,-0.0431494895617464,1.686010979088201,-0.6258012217366872,-0.4549339772403137,-1.124987210627909,-0.13004916117839413,-0.297463826804561,-0.6025561372578075,-0.4558373623490976,0.6155519322489651,-0.0690561847543834,-0.2372760406372735,-0.6257731370334825
1731069404.81,0.9615405870746049,0.5540722336057102,-0.07518754852562552,-0.19196664351635412,0.6012007287223979,-0.5361107402806123,-0.6956152873857961,-0.0431494895617464,-0.17931834016746445,-0.6254664495994335,0.5911127968024926,-0.9734283346773073,-0.13004916117839413,0.08462671992590225,-0.6025047444440269,-0.1963350305392016,0.7534340425955612,-0.0690561847543834,-0.2761978960157375,-0.6254383479509745
1731069405.31,-0.9214443623352827,-0.3447340656617067,-0.07518754852562552,-0.29460896903763933,0.6008534500237136,-0.5361107402806123,-0.7335945728413911,-0.0431494895617464,-0.17169772750313583,-0.6251316683035741,-0.4549339772403137,-1.045219381180224,-0.13004916117839413,-0.13316489171046186,-0.5996308827558785,-0.4558373623490976,0.3191053950037825,-0.0690561847543834,-0.4124243898403614,-0.6251035497210597
1731069405.81,0.9615405870746049,0.6706741318890509,-0.07518754852562552,-0.15090971330784014,0.6005061717531058,1.5403010408762854,-0.35922733049338346,-0.0431494895617464,-0.15768563324937027,-0.6247968778504307,-0.4549339772403137,-0.9973586835116128,2.0283981344429933,-0.0911349315701108,-0.6011260838270451,-0.4558373623490976,0.21799184741627825,-0.0690561847543834,-0.3735025344618974,-0.6247687423450579
1731069406.31,-0.9214443623352827,-0.3560703613281426,-0.07518754852562552,-0.1362465239476565,0.600158893910568,-0.5361107402806123,-0.5898158493309245,-0.0431494895617464,-0.17686007801768103,-0.62446207824132,-0.4549339772403137,-0.8617533734505478,-0.13004916117839413,-0.22868752839307765,-0.6004379806178475,1.3606789603202112,-0.3749012270740869,-0.0690561847543834,1.5803746055369936,-0.6244339258242881
1731069406.81,0.9615405870746049,-0.18440645552211346,-0.07518754852562552,-0.3356658992461534,0.5998116164961336,-0.5361107402806123,-0.4948676356919369,-0.0431494895617464,-0.11343691455326856,-0.6241272694775394,-0.4549339772403137,-1.0239479599941745,-0.13004916117839413,-0.21722481199116367,-0.6010135325415887,-0.4558373623490976,-0.4392462119024987,-0.0690561847543834,-0.3812869055375902,-0.6240991001600684
1731069407.31,-0.8920227225007512,0.36135520727630016,-0.07518754852562552,1.8872736077576797,0.5994643395097891,-0.5361107402806123,-0.65492319582623,-0.0431494895617464,-0.059355147258033134,-0.6237924515604552,0.5911127968024926,-1.167530053000008,-0.13004916117839413,2.3083937018971974,-0.6017478997731702,-0.1963350305392016,0.0157647522412698,-0.0690561847543834,-0.44356187414313253,-0.6237642653537182
1731069407.81,0.9615405870746049,-0.19088433876007685,-0.07518754852562552,0.09249923007120754,0.5991170629515613,1.5403010408762854,-0.6793384507619696,-0.0431494895617464,-0.14219858170573468,-0.6234576244913623,0.5911127968024926,-0.8457998075610108,-0.13004916117839413,0.2298211276834782,-0.6007988444156532,1.101176628510306,0.05942742051769208,-0.0690561847543834,0.09355973007967024,-0.6234294214065523
1731069408.31,-0.9508660021698115,0.6544794237941425,-0.07518754852562552,0.08956659219917089,0.5987697868214703,-0.23948048582963297,-0.42976028919663134,-0.0431494895617464,-0.20808000731993057,-0.6231227882715789,-0.4549339772403137,-0.6862641486656404,-0.13004916117839413,0.16868664020660404,-0.6026322479006566,-0.4558373623490976,-0.18186627258885182,-0.0690561847543834,-0.22170729848588788,-0.6230945683198916
1731069408.81,0.9615405870746049,-0.32691988675730743,-0.07518754852562552,-0.10105486948321582,0.5984225111195095,-0.5361107402806123,-0.4243346769886892,-0.0431494895617464,-0.1257282253021857,-0.6227879429024246,0.5911127968024926,-0.925567637008696,-0.13004916117839413,-0.022358633158627534,-0.5984412487016744,-0.1963350305392016,-0.000321493965833147,-0.0690561847543834,-0.3540416067726654,-0.6227597060950542
1731069409.31,-0.8920227225007512,-0.0678045572387728,-0.07518754852562552,-0.23888884946894168,0.5980752358457254,-0.5361107402806123,-0.05268024074465264,-0.0431494895617464,-0.02248121501128173,-0.6224530883851925,-0.4549339772403137,-0.8165516034301928,-0.13004916117839413,-0.17137394638350822,-0.5977982958250136,-0.1963350305392016,0.3282975356935556,-0.0690561847543834,-0.3462572356969726,-0.6224248347333562
1731069409.81,0.932118947240076,-0.1973622219980402,-0.07518754852562552,-0.34739645073430026,0.5977279610000916,1.5403010408762854,-0.4541755441323708,-0.0431494895617464,-0.19455956549612172,-0.6221182247212486,0.5911127968024926,-0.4762088644534025,-0.13004916117839413,-0.2860011104026471,-0.6014955032963487,1.3606789603202112,0.34438378190065827,-0.0690561847543834,-0.3034431947806623,-0.6220899542361156
1731069410.31,-0.9214443623352827,-0.049990378334373524,-0.07518754852562552,0.0367791105025099,0.5973806865826481,-0.5361107402806123,-0.5572621760832716,-0.0431494895617464,-0.09131255520521774,-0.6217833519118874,-0.4549339772403137,-0.4974802856394519,-0.13004916117839413,0.2718510878238291,-0.601872166797944,-0.4558373623490976,0.24327023431315403,-0.0690561847543834,-0.21392292741019509,-0.6217550646046488
1731069410.81,0.9615405870746049,0.8148070339337358,-0.07518754852562552,-0.3151374341418964,0.5970334125934015,-0.5361107402806123,-0.17204370931937982,-0.0431494895617464,-0.07410472015673372,-0.6214484699584253,0.5911127968024926,0.526206858939175,-0.13004916117839413,-0.24015024479499147,-0.598353486012629,-0.4558373623490976,0.5512069474205533,-0.0690561847543834,0.13637377099598055,-0.6214201658402736
1731069411.31,-0.9214443623352827,-0.2815747040915638,-0.07518754852562552,-0.203697195004501,0.5966861390323517,-0.5361107402806123,-0.2588535046464538,-0.0431494895617464,0.21597021351771087,-0.62111357886218,-0.4549339772403137,-0.7553962675203011,-0.13004916117839413,-0.17137394638350822,-0.5984882448773673,-0.4558373623490976,0.659214600525387,-0.0690561847543834,-0.350149421234819,-0.621085257944305
1731069411.81,0.9615405870746049,-0.02569831619201089,-0.07518754852562552,1.113057209539986,0.5963388658995524,1.5403010408762854,-0.011988149185086559,-0.0431494895617464,-0.14637762736036652,-0.6207786786244457,0.5911127968024926,-0.6915820039621529,-0.13004916117839413,1.1506593453038945,-0.5994328838405476,1.3606789603202112,0.6339362136285113,-0.0690561847543834,-0.11661828896403519,-0.6207503409180607
1731069412.31,-0.9214443623352827,-0.16497280580822335,-0.07518754852562552,-0.2858110554215291,0.5959915931949635,-0.5361107402806123,-0.19917177035909023,-0.0431494895617464,-0.20685087624503887,-0.6204437692465851,-0.4549339772403137,-0.6011784639214428,-0.13004916117839413,0.03495494885094191,-0.6001031192974642,-0.1963350305392016,1.1050334239793824,-0.0690561847543834,-0.2839822670914303,-0.6204154147628571
1731069412.81,0.9909622269091337,-0.04027355347742847,-0.07518754852562552,-0.13038124820358304,0.5956443209186316,-0.5361107402806123,-0.24800228023056953,-0.0431494895617464,-0.19185547713135992,-0.6201088507298932,0.5911127968024926,-0.4895035026946834,-0.13004916117839413,-0.17137394638350822,-0.5962601817533156,-0.4558373623490976,1.0200061225989814,-0.0690561847543834,-0.3229041224698943,-0.6200804794800092
1731069413.31,-0.9508660021698115,-0.2508047587112378,-0.07518754852562552,-0.05999793927470185,0.5952970490705568,-0.5361107402806123,-0.42976028919663134,-0.0431494895617464,-0.19013469362651153,-0.6197739230756841,-0.4549339772403137,0.07684808638388137,-0.13004916117839413,-0.23632933932768693,-0.595880244892338,-0.4558373623490976,1.3026644488095043,-0.0690561847543834,-0.3735025344618974,-0.6197455350708347
1731069413.81,0.9615405870746049,-0.15849492257026,-0.07518754852562552,-0.17730345415617058,0.5949497776507658,1.5403010408762854,-0.04454182243273942,-0.0431494895617464,-0.15522737109958687,-0.6194389862852758,0.5911127968024926,-0.1119357766423066,-0.13004916117839413,-0.1369857971777664,-0.597048207705324,1.3606789603202112,1.1992528660495572,-0.0690561847543834,-0.1399714021911136,-0.619410581536647
1731069414.31,-0.9214443623352827,0.09252305290082026,-0.07518754852562552,-0.3855207430707776,0.5946025066592722,-0.5361107402806123,0.0883856766618431,-0.0431494895617464,0.024225765834603397,-0.6191040403599586,-0.8036162352545908,0.32146943002344963,-0.13004916117839413,-0.08731402610280624,-0.5959506049482137,-2.0128513532085104,-0.466822633971818,-0.0690561847543834,-0.1555401443424992,-0.619075618878761
1731069414.81,0.9615405870746049,-0.019220432954047517,-0.07518754852562552,-0.23302357372486823,0.5942552360960622,-0.5361107402806123,-0.5274213089395898,-0.0431494895617464,-0.04460557435933261,-0.6187690853010989,0.9397950548167697,0.29753908118914435,-0.13004916117839413,-0.22868752839307765,-0.5977471856775346,1.3606789603202112,-0.45303442293715834,-0.0690561847543834,-0.16721670095603847,-0.6187406470984944
1731069415.31,-0.9214443623352827,0.2884790208492124,-0.07518754852562552,-0.1948992813883909,0.5939079659611697,-0.5361107402806123,-0.4487499319244287,-0.0431494895617464,-0.07902124445630059,-0.6184341211099861,-0.4549339772403137,0.052917737549576065,-0.13004916117839413,-0.14080670264507114,-0.5956335785190934,-0.1963350305392016,-0.37260319190164365,-0.0690561847543834,0.16361906976090526,-0.6184056661971606
1731069415.81,-0.9214443623352827,0.08442569885336623,-0.07518754852562552,-0.18316872990024402,0.593560696254601,-0.23948048582963297,-0.4406115136125156,-0.0431494895617464,0.029142290134170256,-0.6180991477879352,0.5911127968024926,-0.9042962158226466,-0.13004916117839413,-0.17137394638350822,-0.5975080650255226,-0.4558373623490976,-0.30596017190078856,-0.0690561847543834,2.5884506598392107,-0.618070676176073
1731069416.31,0.9615405870746049,0.33220473270546497,-0.07518754852562552,0.5705192032131927,0.5932134269763829,1.5403010408762854,0.25657965510804925,-0.0431494895617464,0.11272320322680679,-0.6177641653362632,-0.4549339772403137,-0.44961958797084073,-0.13004916117839413,0.3406273862353125,-0.5937454604287957,1.3606789603202112,1.3371349763961533,-0.0690561847543834,0.21810966729075484,-0.6177356770365495
1731069416.81,-0.9214443623352827,0.16216029770892668,-0.07518754852562552,-0.32393534775800653,0.592866158126529,-0.5361107402806123,-0.28326875958219344,-0.0431494895617464,0.019309241535036534,-0.6174291737562594,-0.2805928482331876,-0.40175889030222983,-0.13004916117839413,-0.20576209558924985,-0.595675027162026,-0.4558373623490976,0.5443128419032232,-0.0690561847543834,0.17529562637444454,-0.6174006687799002
1731069417.31,0.9615405870746049,-0.45323860989759296,-0.07518754852562552,-0.28287841754949244,0.5925188897050323,-0.5361107402806123,0.047693585102277024,-0.0431494895617464,-0.12326996315240228,-0.6170941730492875,0.4167716677953665,-0.2369053761103469,-0.13004916117839413,-0.4159118962910046,-0.592588858237074,-0.4558373623490976,0.043341174310589134,-0.0690561847543834,0.4438564284858459,-0.6170656514074432
1731069417.81,0.9615405870746049,0.08766464047234791,-0.07518754852562552,-0.10398750735525261,0.5921716217119065,1.5403010408762854,-0.21002299477497452,-0.0431494895617464,-0.12326996315240228,-0.6167591632166378,0.5911127968024926,-0.20765717197952896,-0.13004916117839413,-0.19812028465464057,-0.5926383301118946,1.3606789603202112,-0.29446999603857243,-0.0690561847543834,0.4711017272507706,-0.6167306249204886
1731069418.31,-0.9214443623352827,-0.1325833896184065,-0.07518754852562552,-0.2594173145731987,0.5918243541471848,-0.5361107402806123,0.03141674847845059,-0.0431494895617464,-0.19382208685118668,-0.6164241442596244,-0.4549339772403137,0.18320519231412843,-0.13004916117839413,0.03495494885094191,-0.5958973387720706,-0.4558373623490976,-0.3955835436260764,-0.0690561847543834,0.7863687558163287,-0.6163955893203512
1731069418.81,0.9615405870746049,-0.1439196852848424,-0.07518754852562552,0.0367791105025099,0.5914770870108739,-0.5361107402806123,0.5902548058964908,-0.0431494895617464,0.9214914505055548,-0.6160891161795614,0.5911127968024926,0.14863913288679842,-0.13004916117839413,-0.11788126984124332,-0.5949820074183205,-0.4558373623490976,0.39264252052196735,-0.0690561847543834,-0.14386358772896007,-0.6160605446083475
1731069419.31,-0.9214443623352827,2.2739502332849835,-0.07518754852562552,-0.13917916181969325,0.5911298203029806,-0.23948048582963297,1.268456331889258,-0.0431494895617464,0.004559668636336006,-0.615754078977738,-0.4549339772403137,3.2888326854773395,-0.13004916117839413,-0.39680736895448143,-0.5937391564415002,-0.4558373623490976,3.3272334357320297,-0.0690561847543834,-0.21003074187234877,-0.6157254907857878
1731069419.81,0.9615405870746049,1.0285771807865265,-0.07518754852562552,-0.06293057714673851,0.5907825540235248,1.5403010408762854,0.8154177125260897,-0.0431494895617464,-0.16038972161413204,-0.6154190326555161,-0.4549339772403137,0.2682908770583261,-0.13004916117839413,0.08080581445859752,-0.5901155404589411,-0.4558373623490976,0.6224460377662946,-0.0690561847543834,-0.2917666381671231,-0.6153904278539837
1731069420.31,-0.9214443623352827,0.9184531657411493,-0.07518754852562552,-0.30047424478171275,0.5904352881725066,-0.5361107402806123,0.43562485797014,-0.0431494895617464,-0.12818648745196914,-0.6150839772141861,0.5911127968024926,-0.35389819263361866,-0.13004916117839413,-0.3853446525525675,-0.5922248185410247,1.3606789603202112,1.3716055039828026,-0.0690561847543834,2.6507256284447522,-0.6150553558142501
1731069420.81,-0.8920227225007512,-0.08399926533368123,-0.07518754852562552,-0.18903400564431747,0.5900880227499593,-0.5361107402806123,0.6228084791441437,-0.0431494895617464,-0.12081170100261884,-0.6147489126550598,0.5911127968024926,-0.468232081508634,-0.13004916117839413,-0.22104571745846838,-0.5937503553108053,-0.4558373623490976,-0.06926254913913123,-0.0690561847543834,-0.4669149873702109,-0.6147202746678989
1731069421.31,0.932118947240076,0.4293729812749155,-0.07518754852562552,1.4737716678005024,0.5897407577558698,-0.5361107402806123,-0.26156631075042486,-0.0431494895617464,-0.11835343885283542,-0.6144138389794507,-0.4549339772403137,-0.7421016292790201,-0.13004916117839413,2.3427818511029392,-0.591719561327851,-0.4558373623490976,0.004274576379053409,-0.0690561847543834,-0.019313650517875276,-0.6143851844162433
1731069421.81,0.9615405870746049,0.6075147703189079,-0.07518754852562552,0.01038536965417947,0.589393493190298,-0.5361107402806123,-0.5708262066031269,-0.0431494895617464,-0.0962290795047846,-0.614078756188648,0.5911127968024926,-0.7633730504650696,-0.13004916117839413,-0.3165683541410842,-0.5892137498853447,1.3606789603202112,0.3397877115557717,-0.0690561847543834,-0.427993131991747,-0.6140500850605937
1731069422.31,-0.9214443623352827,-0.46295543475453804,-0.07518754852562552,0.06317285135084046,0.5890462290531971,1.5403010408762854,-0.8773732963518578,-0.0431494895617464,-0.1520316303048684,-0.6137436642840116,-0.4549339772403137,-0.22892859316557837,-0.13004916117839413,0.2985974260949615,-0.5927276840753515,-0.4558373623490976,-0.09913700638089383,-0.0690561847543834,-0.3423650501591262,-0.6137149766022633
1731069422.81,0.9615405870746049,0.3241073786580106,-0.07518754852562552,0.06024021347880367,0.5886989653446275,-0.5361107402806123,-0.8719476841439157,-0.0431494895617464,-0.1542440662396735,-0.6134085632668307,0.5911127968024926,0.08482486932865019,-0.13004916117839413,-0.1369857971777664,-0.5908293162067698,-0.4558373623490976,0.5489089122481098,-0.0690561847543834,-0.3735025344618974,-0.6133798590425622
1731069423.31,-0.9214443623352827,-0.3333977699952708,-0.07518754852562552,0.11596033304750132,0.5883517020645757,-0.5361107402806123,-0.3619401365973545,-0.0431494895617464,0.4372138069982194,-0.6130734531384168,-0.4549339772403137,-0.008237598360315998,-0.13004916117839413,-0.14080670264507114,-0.5882426536234793,-0.4558373623490976,-0.01410970500049256,-0.0690561847543834,-0.3345806790834334,-0.6130447323828025
1731069423.81,0.9615405870746049,0.39212515265662595,-0.07518754852562552,0.286053329625631,0.5880044392130617,-0.5361107402806123,-0.8746604902478867,-0.0431494895617464,-0.17686007801768103,-0.6127383339000798,-0.4549339772403137,-0.3485803373371063,-0.13004916117839413,0.3673737245064449,-0.5875530093209362,-0.1963350305392016,0.27774076189980346,-0.0690561847543834,-0.3968556476889758,-0.6127095966242989
1731069424.31,-0.9214443623352827,0.14920453123299993,-0.07518754852562552,0.10129714368731778,0.587657176790119,1.5403010408762854,-0.22629983139880094,-0.0431494895617464,-0.05443862295846627,-0.6124032055531112,0.5911127968024926,-1.0053354664563814,-0.13004916117839413,0.2068956948796504,-0.5912545933971665,1.3606789603202112,0.6844929874222634,-0.0690561847543834,-0.14386358772896007,-0.6123744517683571
1731069424.81,0.9615405870746049,-0.07752138209571785,-0.07518754852562552,0.004520093910106027,0.5873099147957207,-0.5361107402806123,-0.8665220719359735,-0.0431494895617464,1.250898578576534,-0.612068068098868,0.5911127968024926,-1.321747856598866,-0.13004916117839413,0.08462671992590225,-0.5913460541372109,-0.4558373623490976,0.24097219914071102,-0.0690561847543834,0.40104238756953536,-0.6120392978162905
1731069425.31,-0.9214443623352827,0.6107537119378895,-0.07518754852562552,0.06317285135084046,0.5869626532299138,-0.5361107402806123,-0.7987019193366967,-0.0431494895617464,0.004559668636336006,-0.6117329215386377,-0.4549339772403137,-0.7766676887063502,-0.13004916117839413,-0.19429937918733586,-0.5886669189249871,-0.4558373623490976,0.5879755101796457,-0.0690561847543834,-0.24116822617512,-0.6117041347694091
1731069425.81,-0.9214443623352827,-0.02731778700150173,-0.07518754852562552,0.8344566116964975,0.5866153920926915,-0.5361107402806123,-0.6305079408904903,-0.0431494895617464,0.019309241535036534,-0.6113977658737322,0.5911127968024926,-0.43632494972956015,-0.13004916117839413,1.2691074147903378,-0.589380321041622,-0.4558373623490976,1.4129701370867818,-0.0690561847543834,-0.3773947199997438,-0.6113689626290235
1731069426.31,0.9615405870746049,0.5897005914145088,-0.07518754852562552,0.06903812709491378,0.5862681313840873,1.5403010408762854,-0.29411998399807776,-0.0431494895617464,-0.07656298230651715,-0.611062601105461,-0.4549339772403137,-0.2023393166830166,-0.13004916117839413,-0.018537727691322812,-0.5867740906435327,1.3606789603202112,1.0728609315651765,-0.0690561847543834,-0.350149421234819,-0.6110337813964437
1731069426.81,0.9615405870746049,-0.45809702232606553,-0.07518754852562552,-0.07759376650692218,0.5859208711040944,-0.5361107402806123,-0.4053450342608917,-0.0431494895617464,-0.18669312661681473,-0.6107274272351115,0.7654539258096312,-1.0372425982354554,-0.13004916117839413,-0.060567687831673885,-0.588197345600557,-0.4558373623490976,0.3742582391424211,-0.0690561847543834,-0.3735025344618974,-0.6106985910729801
1731069427.31,-0.9214443623352827,-0.47105278880199225,-0.07518754852562552,0.22446793431285994,0.585573611252733,-0.5361107402806123,-0.5030060540038501,-0.0431494895617464,-0.1257282253021857,-0.6103922442640426,-0.4549339772403137,-0.7660319781133258,-0.13004916117839413,0.5507771869370672,-0.5877666277858273,-0.4558373623490976,-0.20944269465817117,-0.0690561847543834,-0.21392292741019509,-0.6103633916599414
1731069427.81,0.9909622269091337,0.4730986931311681,-0.07518754852562552,0.3828303794028428,0.585226351830023,-0.5361107402806123,-0.5165700845237055,-0.0431494895617464,-0.03231426361041545,-0.6100570521935389,0.5911127968024926,-0.26349465259290866,-0.13004916117839413,0.38265734637566345,-0.5878256684493596,1.3606789603202112,-0.45533245810960166,-0.0690561847543834,-0.10104954681264959,-0.6100281831586377
1731069428.31,-0.9508660021698115,-0.5293537379436626,-0.07518754852562552,0.13355616027972164,0.5848790928359713,1.5403010408762854,-0.6739128385540275,-0.0431494895617464,-0.18915138876659815,-0.6097218510249106,-0.6292751062474522,-1.2552746653924618,-0.13004916117839413,0.2833138042257431,-0.5889779724714677,-0.4558373623490976,-0.4070737194882928,-0.0690561847543834,-0.3773947199997438,-0.609692965570378
1731069428.81,0.9615405870746049,0.24313383818346881,-0.07518754852562552,-0.11571805884339949,0.5845318342705843,-0.5361107402806123,-0.2778431473742513,-0.0431494895617464,-0.133103011751536,-0.60938664075947,0.5911127968024926,-0.9973586835116128,-0.13004916117839413,0.2068956948796504,-0.5872368249742168,-0.4558373623490976,0.26625058603758683,-0.0690561847543834,-0.3540416067726654,-0.6093577388964695
1731069429.31,-0.9214443623352827,-0.3091057078529082,-0.07518754852562552,0.0279811968863998,0.5841845761339023,-0.5361107402806123,0.1968979208206857,-0.0431494895617464,0.44704685559735313,-0.6090514213984988,-0.4549339772403137,-0.7128534251482023,-0.13004916117839413,0.11901486913164387,-0.5856008751124507,-0.4558373623490976,-0.02330184569026567,-0.0690561847543834,-0.3384728646212798,-0.6090225031382254
1731069429.81,0.9615405870746049,-0.4046544856128679,-0.07518754852562552,-0.007210457578040859,0.5838373184259051,1.5403010408762854,-0.6494975836182879,-0.0431494895617464,-0.18915138876659815,-0.6087161929433568,0.5911127968024926,-0.8351640969679861,-0.13004916117839413,-0.007075011289408993,-0.586907228476027,1.3606789603202112,-0.24161518707237706,-0.0690561847543834,2.868688018564151,-0.6086872582969544
1731069430.31,-0.8920227225007512,-0.47429173042097394,-0.07518754852562552,0.4414831368435772,0.583490061146613,-0.5361107402806123,-0.6766256446579986,-0.0431494895617464,-0.1439193652105831,-0.6083809553953284,-0.6292751062474522,-0.9335444199534646,-0.13004916117839413,0.5049263213294116,-0.5843874203359539,-0.1963350305392016,0.4225169777637297,-0.0690561847543834,-0.427993131991747,-0.6083520043739591
1731069430.81,0.932118947240076,-0.32368094513832574,-0.07518754852562552,1.4943001329047594,0.5831428042960591,-0.5361107402806123,-0.3944938098450074,-0.0431494895617464,-0.03723078790998231,-0.6080457087557223,0.7654539258096312,-0.6251088127557484,-0.13004916117839413,-0.1140603643739386,-0.5834268098832467,-0.4558373623490976,0.2915289729344631,-0.0690561847543834,-0.3423650501591262,-0.6080167413705531
1731069431.31,-0.9214443623352827,0.6220900076043256,-0.07518754852562552,-0.10105486948321582,0.582795547874237,-0.5361107402806123,-0.2859815656861645,-0.0431494895617464,-0.20390096166529875,-0.6077104530258475,-0.6292751062474522,-0.25285894199988396,-0.13004916117839413,-0.25543386666421003,-0.5867786172724285,-0.4558373623490976,0.3351916412108851,-0.0690561847543834,-0.1555401443424992,-0.6076814692880402
1731069431.81,0.9615405870746049,-0.3139641202813807,-0.07518754852562552,0.022115921142326356,0.5824482918811801,1.5403010408762854,-0.2778431473742513,-0.0431494895617464,-0.07656298230651715,-0.6073751882069869,0.5911127968024926,-0.500139213287708,-0.13004916117839413,-0.09877674250472006,-0.5825274873989685,1.3606789603202112,0.3512778874179884,-0.0690561847543834,0.38936583095599625,-0.6073461881277324
1731069432.31,-0.9214443623352827,-0.310725178662399,-0.07518754852562552,-0.256484676701162,0.5821010363168747,-0.5361107402806123,-0.1530540665915823,-0.0431494895617464,-0.11835343885283542,-0.6070399143004993,-0.4549339772403137,-0.46291422621212164,-0.13004916117839413,-0.12170217530854788,-0.5865281748901222,-0.1963350305392016,0.6661087060427171,-0.0690561847543834,-0.3112275658563551,-0.6070108978909339
1731069432.81,0.932118947240076,-0.46457490556402886,-0.07518754852562552,-0.10985278309932606,0.5817537811813479,-0.5361107402806123,-0.1232131994479005,-0.0431494895617464,-0.1692394653533524,-0.6067046313076675,0.7654539258096312,-0.9787461899738196,-0.13004916117839413,-0.04146316049515062,-0.5818983583938557,-0.4558373623490976,0.47537178672992486,-0.0690561847543834,-0.43577750306743973,-0.6066755985789548
1731069433.31,-0.9214443623352827,0.018027395664241684,-0.07518754852562552,-0.2300909358528315,0.5814065264746197,-0.5361107402806123,-0.0011369247692022716,-0.0431494895617464,-0.07164645800695028,-0.6063693392297977,-0.4549339772403137,-0.6118141745144675,-0.13004916117839413,-0.33185197601030264,-0.5833966396142951,-0.1963350305392016,0.8062888515617569,-0.0690561847543834,-0.1477557732668064,-0.6063402901930994
1731069433.81,-0.8920227225007512,-0.13420286042789734,-0.07518754852562552,-0.13331388607561984,0.58105927219669,1.5403010408762854,0.17790827809288817,-0.0431494895617464,-0.18374321203707464,-0.6060340380682003,0.5911127968024926,-0.710194497499946,-0.13004916117839413,-0.06438859329897843,-0.582870073835063,1.3606789603202112,0.8361633088035192,-0.0690561847543834,-0.2917666381671231,-0.6060049727346749
1731069434.31,0.932118947240076,-0.16173386418924166,-0.07518754852562552,0.13648879815175843,0.5807120183475921,-0.5361107402806123,-0.4134834525728049,-0.0431494895617464,-0.14883588951014995,-0.6056987278241571,-0.4549339772403137,-0.30337856731675134,-0.13004916117839413,0.08462671992590225,-0.5848986979234347,-0.4558373623490976,0.7902026053546537,-0.0690561847543834,1.3118138034255922,-0.6056696462049914
1731069434.81,0.9615405870746049,-0.1633533349987325,-0.07518754852562552,-0.08052640437895883,0.5803647649273129,-0.5361107402806123,-0.6766256446579986,-0.0431494895617464,-0.08393776875586743,-0.6053634084990231,0.5911127968024926,-0.026850091898109236,-0.13004916117839413,-0.12170217530854788,-0.5845365302195549,-0.4558373623490976,1.4198642426041113,-0.0690561847543834,-0.06212769143418576,-0.6053343106053533
1731069435.31,-0.9214443623352827,-0.08076032371469953,-0.07518754852562552,2.206931135809682,0.580017511935879,-0.5361107402806123,-0.24800228023056953,-0.0431494895617464,-0.18079329745733452,-0.6050280800940819,-0.4549339772403137,-0.005578670712059821,-0.13004916117839413,2.6866633431603564,-0.5807221740297254,-0.1963350305392016,0.3995366260392969,-0.0690561847543834,-0.10883391788834239,-0.6049989659370646
1731069435.81,0.9615405870746049,0.061753107520494434,-0.07518754852562552,-0.203697195004501,0.5796702593733039,1.5403010408762854,-0.5789646249150402,-0.0431494895617464,-0.1852181693269447,-0.6046927426106391,0.5911127968024926,0.05557666519783224,-0.13004916117839413,0.03877585431824663,-0.5838820426893734,-0.4558373623490976,-0.6161949201806308,-0.0690561847543834,-0.4046400187646686,-0.604663612201434
1731069436.31,-0.9214443623352827,-0.21841534252142097,-0.07518754852562552,-0.3092721583978229,0.5793230072395941,-0.5361107402806123,-0.5111444723157633,-0.0431494895617464,-0.0568968851082497,-0.604357396050002,-0.4549339772403137,0.4038961871193908,-0.13004916117839413,-0.12170217530854788,-0.5801254108511479,1.3606789603202112,-0.857488613287175,-0.0690561847543834,-0.389071276613283,-0.6043282493997658
1731069436.81,0.9909622269091337,-0.2929109997579997,-0.07518754852562552,0.06610548922287711,0.5789757555347964,-0.5361107402806123,-0.24800228023056953,-0.0431494895617464,-0.042147312209549176,-0.6040220404134533,-0.4549339772403137,-1.1143515000348843,-0.13004916117839413,-0.1140603643739386,-0.5789140959432904,-0.4558373623490976,-0.7885475581138767,-0.0690561847543834,-0.1555401443424992,-0.6039928775333672
1731069437.31,-0.9214443623352827,0.1475850604235089,-0.07518754852562552,-0.2652825903172721,0.578628504258864,-0.5361107402806123,-0.229012637502772,-0.0431494895617464,-0.1893972149815765,-0.6036866757023462,0.5911127968024926,-0.8457998075610108,-0.13004916117839413,-0.4235537072256138,-0.5823120809148541,-0.1963350305392016,-0.7310966788027947,-0.0690561847543834,-0.2723057104778912,-0.6036574966035438
1731069437.81,-0.8920227225007512,-0.5261147963246809,-0.07518754852562552,-0.3151374341418964,0.5782812534118573,1.5403010408762854,-0.23443824971071417,-0.0431494895617464,-0.1704685964282441,-0.6033513019179625,0.5911127968024926,-0.8325051693197298,-0.13004916117839413,0.13811939646816696,-0.5799391448328393,1.3606789603202112,-0.4783128098340344,-0.0690561847543834,-0.3812869055375902,-0.6033221066115982
1731069438.31,0.932118947240076,0.4131782731800071,-0.07518754852562552,-0.25061940095708857,0.5779340029937694,-0.5361107402806123,-0.10964916892804515,-0.0431494895617464,-0.1530149351647818,-0.6030159190616083,-0.4549339772403137,-0.20499824433127278,-0.13004916117839413,-0.05674678236436916,-0.577764753878277,-0.4558373623490976,-0.1542898505195325,-0.0690561847543834,-0.2178151129480416,-0.6029867075588363
1731069438.81,0.9615405870746049,-0.10343291504757134,-0.07518754852562552,-0.04533474991451818,0.5775867530046204,-0.5361107402806123,0.41120960303440035,-0.0431494895617464,-0.13556127390131942,-0.6026805271345896,0.5911127968024926,-0.2581767972963963,-0.13004916117839413,-0.25543386666421003,-0.5798799278077053,-0.4558373623490976,-0.733394713975238,-0.0690561847543834,-0.3812869055375902,-0.6026512994465651
1731069439.31,-0.9214443623352827,0.33220473270546497,-0.07518754852562552,-0.13917916181969325,0.577239503444437,-0.5361107402806123,-0.14491564827966907,-0.0431494895617464,-0.12081170100261884,-0.6023451261381859,-0.4549339772403137,-0.1917036060899919,-0.13004916117839413,-0.2898220158699517,-0.5770623572928073,-0.4558373623490976,-0.6736457994917128,-0.0690561847543834,-0.280090081553584,-0.6023158822760873
1731069439.81,0.9909622269091337,0.524921759034875,-0.07518754852562552,1.8315534881889817,0.5768922543132059,1.5403010408762854,0.3433894504351236,-0.0431494895617464,-0.17120607507317914,-0.6020097160737514,0.5911127968024926,0.021010605770501945,-0.13004916117839413,1.941586777035953,-0.5776414314293082,-0.1963350305392016,-0.4691206691442613,-0.0690561847543834,-0.408532204302515,-0.6019804560487055
1731069440.31,-0.9508660021698115,-0.5406900336100985,-0.07518754852562552,-0.3151374341418964,0.576545005610947,-0.5361107402806123,-0.055393046848623714,-0.0431494895617464,-0.1404777982008863,-0.6016742969425668,-0.4549339772403137,0.013033822825733416,-0.13004916117839413,-0.266896583066124,-0.5792698909730363,1.3606789603202112,-0.5955126036286413,-0.0690561847543834,-0.39296346215112943,-0.6016450207657271
1731069440.81,0.9909622269091337,0.11843458585267375,-0.07518754852562552,-0.15090971330784014,0.5761977573376806,-0.5361107402806123,0.05583200341419024,-0.0431494895617464,-0.09377081735500116,-0.6013388687459368,0.5911127968024926,0.6166103989798849,-0.13004916117839413,-0.2630756775988193,-0.5803597101604077,-0.4558373623490976,-0.31745034776300496,-0.0690561847543834,-0.1477557732668064,-0.6013095764284545
1731069441.31,-0.9214443623352827,-0.41113236885083126,-0.07518754852562552,-0.25061940095708857,0.5758505094934266,-0.5361107402806123,0.32711261381129714,-0.0431494895617464,0.051266649482221135,-0.6010034314851648,-0.4549339772403137,-1.031924742938943,-0.13004916117839413,-0.4999718165717065,-0.5773204198677341,-0.4558373623490976,-0.584022427766425,-0.0690561847543834,-0.2528447827886591,-0.600974123038192
1731069441.81,0.932118947240076,-0.18764539714109515,-0.07518754852562552,-0.2858110554215291,0.575503262078185,1.5403010408762854,0.03141674847845059,-0.0431494895617464,-0.18743060526174976,-0.6006679851615317,0.5911127968024926,-1.1489175594622145,-0.13004916117839413,-0.2095830010565544,-0.5795971641823104,1.3606789603202112,-0.5748302870766521,-0.0690561847543834,-0.3267963080077407,-0.6006386605962422
1731069442.31,-0.9214443623352827,0.4358508645128789,-0.07518754852562552,-0.3327332613741167,0.575156015091976,-0.5361107402806123,0.16163144146906175,-0.0431494895617464,-0.061813409407816565,-0.6003325297763887,-0.4549339772403137,-1.704633437947755,-0.13004916117839413,-0.1369857971777664,-0.5782309682877042,-0.4558373623490976,0.06172545569013535,-0.0690561847543834,-0.39296346215112943,-0.6003031891039077
1731069442.81,0.932118947240076,-0.48724749689690067,-0.07518754852562552,-0.15970762692395024,0.574808768534806,-0.5361107402806123,-0.21816141308688772,-0.0431494895617464,-0.08147950660608401,-0.5999970653310166,0.5911127968024926,-0.6437213062935416,-0.13004916117839413,-0.3433146924122165,-0.578459977768653,-0.4558373623490976,0.10309008879411435,-0.0690561847543834,-0.3151197513942015,-0.5999677085624926
1731069443.31,-0.8920227225007512,0.218841776041106,-0.07518754852562552,-0.26234995244523546,0.5744615224066887,-0.5361107402806123,-0.7227433484255068,-0.0431494895617464,-0.1852181693269447,-0.5996615918267181,-0.4549339772403137,-0.5666124044941125,-0.13004916117839413,-0.3853446525525675,-0.5762824715395187,-0.4558373623490976,-0.01410970500049256,-0.0690561847543834,-0.1321870311154208,-0.5996322189732998
1731069443.81,0.932118947240076,-0.40789342723184957,-0.07518754852562552,-0.3444638128622635,0.5741142767076505,1.5403010408762854,-0.9289166123273082,-0.0431494895617464,-0.1404777982008863,-0.5993261092647967,0.5911127968024926,-0.4868445750464272,-0.13004916117839413,-0.22104571745846838,-0.5739407548710082,1.3606789603202112,-0.23242304638260394,-0.0690561847543834,2.829766163185687,-0.5992967203376316
1731069444.31,-0.9214443623352827,0.11195670261471037,-0.07518754852562552,0.4121567581232099,0.5737670314376984,-0.23948048582963297,-1.0238648259662955,-0.0431494895617464,-0.06918819585716686,-0.5989906176465313,-0.4549339772403137,-0.24222323140685925,-0.13004916117839413,0.19543297847773658,-0.5748435062346263,-0.4558373623490976,0.2915289729344631,-0.0690561847543834,-0.350149421234819,-0.5989612126567909
1731069444.81,0.9615405870746049,0.48443498879760416,-0.07518754852562552,-0.11278542097136271,0.5734197865968388,-0.5361107402806123,-0.7932763071287545,-0.0431494895617464,-0.16825616049343903,-0.5986551169732721,0.5911127968024926,0.4836640165670761,-0.13004916117839413,-0.15226941904698496,-0.5753201204248659,-0.1963350305392016,0.4615835756952652,-0.0690561847543834,-0.2645213394021984,-0.5986256959320787
1731069445.31,-0.9214443623352827,-0.09857450261909881,-0.07518754852562552,-0.3385985371181901,0.5730725421850853,-0.5361107402806123,-0.6820512568659407,-0.0431494895617464,-0.12326996315240228,-0.5983196072462991,-1.675321880290271,-1.5025549366802862,-0.13004916117839413,-0.22868752839307765,-0.5728968387902795,-0.4558373623490976,0.8614416957003955,-0.0690561847543834,-0.3423650501591262,-0.5982901701647976
1731069445.81,0.9615405870746049,0.4990102260830216,-0.07518754852562552,-0.08052640437895883,0.5727252982024578,1.5403010408762854,-0.7607226338811018,-0.0431494895617464,-0.19505121792607838,-0.5979840884669138,1.8115006998524499,-1.5371209961076162,-0.13004916117839413,-0.1599112299815942,-0.5736507620955889,1.3606789603202112,0.3512778874179884,-0.0690561847543834,-0.3812869055375902,-0.5979546353562504
1731069446.31,-0.9214443623352827,-0.5228758547056992,-0.07518754852562552,-0.21249510862061124,0.5723780546489631,-0.5361107402806123,-1.0509928870060061,-0.0431494895617464,-0.07902124445630059,-0.597648560636419,-0.4549339772403137,-1.486601370790749,-0.13004916117839413,-0.06820949876628316,-0.5731336851128581,-0.1963350305392016,0.1812232846571858,-0.0690561847543834,-0.4863759150594429,-0.5976190915077364
1731069446.81,0.9909622269091337,0.2544701338499045,-0.07518754852562552,-0.18610136777228067,0.5720308115246345,-0.5361107402806123,-0.847532429208176,-0.0431494895617464,-0.0200229528614983,-0.5973130237560915,0.5911127968024926,-0.7819855440028626,-0.13004916117839413,-0.22104571745846838,-0.5716800567888185,-0.4558373623490976,1.1670803736353512,-0.0690561847543834,-0.10883391788834239,-0.5972835386205585
1731069447.31,-0.9508660021698115,-0.5406900336100985,-0.07518754852562552,0.013318007526216126,0.5716835688294454,-0.5361107402806123,-0.8231171742724364,-0.0431494895617464,-0.18570982175690137,-0.5969774778272818,-0.4549339772403137,-1.244638954799437,-0.13004916117839413,-0.0032541058221042733,-0.5726741989394306,-0.4558373623490976,1.4727190515703068,-0.0690561847543834,-0.1555401443424992,-0.5969479766960176
1731069447.81,0.9615405870746049,-0.5908936287043146,-0.07518754852562552,-0.23888884946894168,0.5713363265634491,1.5403010408762854,-0.2018845764630613,-0.0431494895617464,0.8207027023644342,-0.5966419228512686,0.7654539258096312,-1.2845228695232795,-0.13004916117839413,-0.370061030683349,-0.5754653826500187,1.3606789603202112,0.7051753039742527,-0.0690561847543834,-0.4396696886052861,-0.5966124057354135
1731069448.31,-0.9214443623352827,0.5475943503677468,-0.07518754852562552,-0.2594173145731987,0.5709890847266325,-0.5361107402806123,-0.7281689606334489,-0.0431494895617464,-0.049522098658899415,-0.5963063588293508,-0.4549339772403137,-0.8218694587267051,-0.13004916117839413,-0.05674678236436916,-0.5742951281538471,-0.4558373623490976,0.06632152603502191,-0.0690561847543834,0.8953499508760279,-0.5962768257400473
1731069448.81,0.9615405870746049,-0.535831621181626,-0.07518754852562552,-0.3327332613741167,0.570641843319022,-0.5361107402806123,-0.5382725333554741,-0.0431494895617464,-0.19357626063620834,-0.5959707857628319,0.5911127968024926,-1.0186301046976622,-0.13004916117839413,-0.328031070542998,-0.5719576927153408,-0.4558373623490976,-0.4392462119024987,-0.0690561847543834,-0.1983541852588095,-0.5959412367112215
1731069449.31,-0.9214443623352827,0.6771520151270143,-0.07518754852562552,-0.14797707543580338,0.5702946023406447,-0.5361107402806123,-0.27513034127028024,-0.0431494895617464,-0.15522737109958687,-0.5956352036529862,-0.4549339772403137,-0.9521569134912579,-0.13004916117839413,2.33514004016833,-0.5744010438263343,-0.4558373623490976,0.027254928103486186,-0.0690561847543834,-0.3579337923105118,-0.5956056386502325
1731069449.81,0.9615405870746049,0.10547881937674701,-0.07518754852562552,-0.23302357372486823,0.5699473617914734,1.5403010408762854,-0.5654005943951848,-0.0431494895617464,-0.06672993370738342,-0.5952996125011646,0.5911127968024926,-1.0345836705871994,-0.13004916117839413,-0.4235537072256138,-0.5702946046567942,1.3606789603202112,0.05253331500036224,-0.0690561847543834,-0.4163165753782078,-0.5952700315583848
1731069450.31,-0.9214443623352827,-0.13906127285636988,-0.07518754852562552,-0.35032908860633694,0.5696001216715554,-0.5361107402806123,-0.535559727251503,-0.0431494895617464,-0.11589517670305198,-0.5949640123086425,-0.4549339772403137,-1.212731823020363,-0.13004916117839413,-0.3089265432064749,-0.5700306759261772,-0.4558373623490976,-0.07845468982890434,-0.0690561847543834,-0.2061385563345023,-0.5949344154369748
1731069450.81,-0.9214443623352827,-0.38522083589897776,-0.07518754852562552,-0.2652825903172721,0.5692528819808836,-0.5361107402806123,-0.5111444723157633,-0.0431494895617464,-0.20439261409525544,-0.5946284030767214,0.5911127968024926,-0.9654515517325387,-0.13004916117839413,-0.4846881947024879,-0.5708400205299546,-0.4558373623490976,-0.050878267759585004,-0.0690561847543834,-0.2878744526292767,-0.594598790287302
1731069451.31,0.9615405870746049,-0.3042472954244356,-0.07518754852562552,-0.08052640437895883,0.5689056427194917,-0.5361107402806123,-0.6440719714103458,-0.0431494895617464,-0.13064474960175257,-0.5942927848066993,-0.4549339772403137,-0.8590944458022917,-0.13004916117839413,-0.27835929946803784,-0.5691148115219476,-0.4558373623490976,0.08470580741456814,-0.0690561847543834,-0.21003074187234877,-0.5942631561106676
1731069451.81,0.9615405870746049,0.47147922232167744,-0.07518754852562552,-0.3444638128622635,0.5685584038873863,1.5403010408762854,-0.6223695225785771,-0.0431494895617464,-0.1795641663824428,-0.593957157499853,0.5911127968024926,-0.8165516034301928,-0.13004916117839413,-0.19812028465464057,-0.5689581840477862,1.3606789603202112,-0.05777237327691483,-0.0690561847543834,-0.4474540596809789,-0.5939275129083711
1731069452.31,-0.9214443623352827,-0.28967205813901803,-0.07518754852562552,-0.31220479626985964,0.5682111654845674,-0.5361107402806123,-0.3565145243894124,-0.0431494895617464,-0.15768563324937027,-0.593621521157532,-0.4549339772403137,-0.8112337481336804,-0.13004916117839413,-0.25161296119690546,-0.5689253943443345,-0.4558373623490976,0.39264252052196735,-0.0690561847543834,-0.4007478332268222,-0.5935918606817091
1731069452.81,-0.9214443623352827,8.902444256530996,7.1389565094465715,-0.3913860188148511,0.5678639275110617,-2.3158922669865305,12.293300338427686,6.3321625644800426,-0.03477252576019888,-0.5932858757810083,-0.4549339772403137,3.2516076984017537,2.0283981344429933,-0.4808672892351833,-0.5711713309587239,-2.0128513532085104,11.66910111170112,3.738301256941838,0.4360720574101531,-0.5932561994319827
1731069453.31,-0.9214443623352827,4.1573947847228325,-0.07518754852562552,-0.18610136777228067,0.5675166899668692,-0.5361107402806123,1.6238339315094683,-0.0431494895617464,2.3423669730803764,-0.5929502213715828,-0.4549339772403137,0.0608945204943443,-0.13004916117839413,-0.22868752839307765,-0.5713702332203756,-0.4558373623490976,1.985180895025157,-0.0690561847543834,-0.2917666381671231,-0.5929205291604885
1731069453.81,0.9909622269091337,1.7994452861041674,-0.07518754852562552,2.4415421655726193,0.5671694528520234,1.5403010408762854,0.3298254199152682,-0.0431494895617464,-0.06672993370738342,-0.5926145579305552,-0.4549339772403137,-0.4788677921016587,-0.13004916117839413,2.2663637417568467,-0.566869948778902,1.3606789603202112,0.8453554494932923,-0.0690561847543834,-0.25673696832650555,-0.592584849868526
1731069454.31,-0.9508660021698115,1.443161708016182,-0.07518754852562552,-0.23595621159690494,0.5668222161665308,-0.5361107402806123,0.12907776822140918,-0.0431494895617464,-0.16997694399828742,-0.5922788854591987,0.5911127968024926,-0.9468390581947455,-0.13004916117839413,-0.13316489171046186,-0.5660949358948375,-0.4558373623490976,0.9234886453563638,-0.0690561847543834,-0.3267963080077407,-0.5922491615573918
1731069454.81,0.9615405870746049,0.12005405666216477,-0.07518754852562552,-0.2916763311656026,0.5664749799103916,-0.5361107402806123,0.24844123679613606,-0.0431494895617464,0.1495971354735583,-0.5919432039588617,0.5911127968024926,-0.33528569909582545,-0.13004916117839413,-0.3853446525525675,-0.567827952237872,-0.4558373623490976,0.7947986756995402,-0.0690561847543834,-0.3735025344618974,-0.591913464228387
1731069455.31,-0.9214443623352827,-0.20222063442651272,-0.07518754852562552,-0.3385985371181901,0.5661277440836258,-0.5361107402806123,-0.48130360517208154,-0.0431494895617464,-0.06918819585716686,-0.5916075134308162,-0.4549339772403137,-0.6197909574592361,-0.13004916117839413,-0.4159118962910046,-0.5658073793950318,-0.1963350305392016,1.3486251522583699,-0.0690561847543834,-0.1399714021911136,-0.5915777578828049
1731069455.81,0.9615405870746049,-0.11153026909502554,-0.07518754852562552,-0.35326172647837367,0.5657805086862534,-0.5361107402806123,-0.6847640629699118,-0.0431494895617464,-0.0888542930554343,-0.5912718138763622,-0.4549339772403137,-0.3193321332062884,2.0283981344429933,-0.13316489171046186,-0.569533559311005,1.3606789603202112,0.8775279419074982,-0.0690561847543834,-0.3968556476889758,-0.5912420425219453
1731069456.31,-0.9214443623352827,0.36459414889528186,-0.07518754852562552,-0.11278542097136271,0.5654332737182811,1.5403010408762854,-0.48130360517208154,-0.0431494895617464,-0.17194355371811418,-0.5909361052967965,-0.4549339772403137,-0.2156339549242975,-0.13004916117839413,-0.3662401252160443,-0.5648586884235283,-0.4558373623490976,1.1257157405313722,-0.0690561847543834,-0.3462572356969726,-0.5909063181471078
1731069456.81,0.9909622269091337,0.1475850604235089,-0.07518754852562552,-0.30047424478171275,0.5650860391797423,-0.5361107402806123,-0.20459738256703236,-0.0431494895617464,-0.17538512072781098,-0.5906003876933933,0.5911127968024926,0.007715967529221063,-0.13004916117839413,-0.4044491798890907,-0.5647190858888556,-0.4558373623490976,0.24327023431315403,-0.0690561847543834,-0.1477557732668064,-0.5905705847595858
1731069457.31,-0.9508660021698115,0.32248790784851994,-0.07518754852562552,-0.1948992813883909,0.5647388050706037,-0.5361107402806123,-0.497580441795908,-0.0431494895617464,-0.16211050511898045,-0.5902646610674971,-0.4549339772403137,0.42250868065718433,-0.13004916117839413,-0.1140603643739386,-0.5659679876634857,-0.4558373623490976,-0.7724613119067737,-0.0690561847543834,-0.24116822617512,-0.5902348423606757
1731069457.81,0.9909622269091337,0.053655753473040226,-0.07518754852562552,-0.3385985371181901,0.564391571390912,1.5403010408762854,-0.5545493699793005,-0.0431494895617464,-0.17759755666261606,-0.5899289254203839,0.5911127968024926,0.542160424828712,-0.13004916117839413,-0.3127474486737795,-0.56747692903387,1.3606789603202112,-0.609300814663301,-0.0690561847543834,2.5612053610742858,-0.5898990909516774
1731069458.31,-1.0391309216734006,-0.39169871913694115,-0.07518754852562552,1.6761236809710358,0.5640443381406873,-0.5361107402806123,-0.5789646249150402,-0.0431494895617464,-0.01756469071171487,-0.5895931807533468,-0.4549339772403137,-0.7367837739825078,-0.13004916117839413,0.11137305819703461,-0.5664612849851721,-0.4558373623490976,-0.6966261512161456,-0.0690561847543834,-0.25673696832650555,-0.5895633305338841
1731069458.81,1.07922714641272,-0.09047714857164459,-0.07518754852562552,-0.13917916181969325,0.5636971053199161,-0.5361107402806123,-0.2778431473742513,-0.0431494895617464,-0.07656298230651715,-0.5892574270676866,0.5911127968024926,-0.7580551951685572,-0.13004916117839413,-0.4617627618986601,-0.565647136083489,-0.1963350305392016,-0.03479202155248206,-0.0690561847543834,-0.4241009464539006,-0.5892275611085941
1731069459.31,-0.9214443623352827,-0.3026278246149448,-0.07518754852562552,-0.18610136777228067,0.5633498729286454,-0.5361107402806123,-0.011988149185086559,-0.0431494895617464,-0.16776450806348234,-0.5889216643646734,-0.4549339772403137,-0.7580551951685572,-0.13004916117839413,-0.297463826804561,-0.5654158151410829,-0.4558373623490976,-0.3473248050047676,-0.0690561847543834,-0.3773947199997438,-0.5888917826771036
1731069459.81,0.9615405870746049,-0.32044200351934404,-0.07518754852562552,-0.41191448391910807,0.5630026409668548,1.5403010408762854,-0.3619401365973545,-0.0431494895617464,-0.17243520614807087,-0.5885858926456511,0.5911127968024926,-0.3698517585231557,-0.13004916117839413,-0.17137394638350822,-0.5676204992821154,1.3606789603202112,-0.34962284017721085,-0.0690561847543834,-0.43577750306743973,-0.5885559952407065
1731069460.31,-0.9214443623352827,-0.0014062540496484275,-0.07518754852562552,-0.2858110554215291,0.5626554094345781,-0.5361107402806123,-0.2208742191908588,-0.0431494895617464,-0.13801953605110287,-0.5882501119118945,-0.4549339772403137,-0.2900839290754704,-0.13004916117839413,-0.3127474486737795,-0.5625930151439998,-0.4558373623490976,-0.2783837498314695,-0.0690561847543834,-0.2450604117129663,-0.5882201988006975
1731069460.81,0.9615405870746049,-0.7301681183205269,-0.07518754852562552,-0.1362465239476565,0.5623081783318286,-0.5361107402806123,0.6906286317434205,-0.0431494895617464,0.5109616714917222,-0.5879143221646969,0.5911127968024926,-0.3406035543923378,-0.13004916117839413,-0.328031070542998,-0.5626845789862719,-0.4558373623490976,-0.12901146362265645,-0.0690561847543834,-0.15164795880465287,-0.5878843933583747
1731069461.31,-0.9214443623352827,0.04393892861609516,-0.07518754852562552,-0.2682152281893088,0.5619609476585994,-0.23948048582963297,0.4491888884899954,-0.0431494895617464,-0.19185547713135992,-0.587578523405356,-0.4549339772403137,0.18054626466587254,-0.13004916117839413,-0.1599112299815942,-0.5625756423342189,-0.4558373623490976,-0.5886184981113115,-0.0690561847543834,-0.4513462452188253,-0.5875485789150333
1731069461.81,0.9615405870746049,-0.17954804309364095,-0.07518754852562552,-0.3180700720139331,0.5616137174149375,1.5403010408762854,0.0015758813347688005,-0.0431494895617464,-0.14219858170573468,-0.5872427156351422,0.5911127968024926,0.48632294421533256,-0.13004916117839413,-0.2325084338603822,-0.5642379467689442,-0.4558373623490976,-0.48520691535136423,-0.0690561847543834,-0.3618259778483582,-0.5872127554719652
1731069462.31,-0.9214443623352827,-0.1973622219980402,-0.07518754852562552,-0.32686798563004327,0.5612664876008228,-0.5361107402806123,-0.05810585295259478,-0.0431494895617464,-0.1817766023172479,-0.586906898855399,-0.4549339772403137,-0.32464998850280075,-0.13004916117839413,-0.44265823456213693,-0.5660930867287941,1.3606789603202112,-0.5196774429380134,-0.0690561847543834,1.3624122154175955,-0.5868769230304682
1731069462.81,0.9615405870746049,0.00021321675984241518,-0.07518754852562552,0.673161528734478,0.5609192582162885,-0.5361107402806123,-0.07438268957642122,-0.0431494895617464,-0.14834423708019326,-0.5865710730673988,0.5911127968024926,-1.5131906472733108,-0.13004916117839413,-0.24015024479499147,-0.5614293979007204,-0.4558373623490976,-0.5472538650073328,-0.0690561847543834,-0.3073353803185087,-0.5865410815918345
1731069463.31,-0.9214443623352827,-0.6621503443219116,-0.07518754852562552,-0.2066298328765378,0.560572029261335,-0.5361107402806123,0.17248266588494604,-0.0431494895617464,-0.04460557435933261,-0.5862352382724344,-0.4549339772403137,-0.22095181022080984,-0.13004916117839413,2.5911407064777405,-0.5616758608596526,-0.4558373623490976,0.2547604101753707,-0.0690561847543834,-0.10494173235049607,-0.5862052311573591
1731069463.81,0.932118947240076,0.1135761734242014,-0.07518754852562552,-0.27114786606134555,0.5602248007359888,1.5403010408762854,0.18062108419685924,-0.0431494895617464,0.3929650883021177,-0.5858993944718011,0.5911127968024926,-0.5825659703836495,-0.13004916117839413,-0.2095830010565544,-0.5603076511619081,1.3606789603202112,0.4271130481086163,-0.0690561847543834,-0.25673696832650555,-0.5858693717283354
1731069464.31,-0.9214443623352827,-0.49858379256333657,-0.07518754852562552,-0.24475412521301512,0.5598775726402632,-0.5361107402806123,-0.42162187088471814,-0.0431494895617464,0.20367890276879366,-0.58556354166677,-0.4549339772403137,-0.2475410867033716,-0.13004916117839413,-0.30510563773917027,-0.5633655141601345,-0.1963350305392016,-0.12211735810532662,-0.0690561847543834,-0.408532204302515,-0.5855335033060585
1731069464.81,0.9615405870746049,0.3176294954200472,-0.07518754852562552,-0.1538423511798768,0.5595303449741517,-0.5361107402806123,-0.7987019193366967,-0.0431494895617464,-0.19701782764590514,-0.5852276798586847,0.5911127968024926,-0.43632494972956015,-0.13004916117839413,-0.2630756775988193,-0.5597162117232759,-0.4558373623490976,0.001976541206610131,-0.0690561847543834,-0.4708071729080573,-0.5851976258918218
1731069465.31,-0.9214443623352827,0.7305945518402119,-0.07518754852562552,-0.18610136777228067,0.5591831177376942,-0.5361107402806123,-0.9967367649265848,-0.0431494895617464,-0.07410472015673372,-0.5848918090488128,-0.6292751062474522,-0.4097356732469984,-0.13004916117839413,-0.328031070542998,-0.5624920831022582,-0.4558373623490976,-0.030195951207595502,-0.0690561847543834,-0.4163165753782078,-0.5848617394869173
1731069465.81,0.9615405870746049,-0.1698312182366959,-0.07518754852562552,-0.31220479626985964,0.5588358909308843,1.5403010408762854,-0.923491000119366,-0.0431494895617464,-0.07164645800695028,-0.584555929238448,0.7654539258096312,-0.26615358024116487,-0.13004916117839413,-0.3738819361506536,-0.5627336079444354,1.3606789603202112,0.024956892931042907,-0.0690561847543834,-0.3151197513942015,-0.58452584409264
1731069466.31,-0.9214443623352827,0.6593378362226149,-0.07518754852562552,-0.2799457796774557,0.5584886645537351,-0.23948048582963297,-0.5762518188110691,-0.0431494895617464,-0.19431373928114337,-0.5842200404288866,-0.4549339772403137,0.48898187186358844,-0.13004916117839413,-0.297463826804561,-0.5585109194233714,-0.1963350305392016,0.4294110832810593,-0.0690561847543834,-0.3968556476889758,-0.5841899397102819
1731069466.81,0.932118947240076,-0.43218548937421203,-0.07518754852562552,-0.17437081628413378,0.5581414386062868,-0.5361107402806123,-1.004875183238498,-0.0431494895617464,-0.1997219160106669,-0.583884142621395,-0.6292751062474522,-1.701974510299499,-0.13004916117839413,-0.43119551816022306,-0.5575257720010468,-0.4558373623490976,-0.01181166982804928,-0.0690561847543834,1.2923528757363603,-0.5838540263411348
1731069467.31,-0.9214443623352827,0.18645235985128913,-0.07518754852562552,-0.23302357372486823,0.5577942130885262,-0.5361107402806123,-0.5762518188110691,-0.0431494895617464,-0.09131255520521774,-0.5835482358173167,0.5911127968024926,-0.7793266163546063,-0.13004916117839413,-0.12552308077585259,-0.556820264648205,-0.4558373623490976,0.5695912288000995,-0.0690561847543834,-0.3267963080077407,-0.5835181039864925
1731069467.81,-0.9214443623352827,-0.4014155439938862,-0.07518754852562552,-0.3063395205257862,0.5574469880004597,1.5403010408762854,0.004288687438739873,-0.0431494895617464,1.440184764109858,-0.5832123200179192,0.5911127968024926,-0.8910015775813658,-0.13004916117839413,1.3799136733421722,-0.5597040395973754,1.3606789603202112,0.35357592259043136,-0.0690561847543834,-0.3034431947806623,-0.5831821726476482
1731069468.31,0.9615405870746049,-0.42246866451726695,-0.07518754852562552,-0.1362465239476565,0.5570997633421207,-0.5361107402806123,-0.7390201850493332,-0.0431494895617464,-0.10852039025370175,-0.5828763952244965,-0.6292751062474522,-0.18372682314522337,-0.13004916117839413,-0.44265823456213693,-0.5570398537861845,-0.4558373623490976,0.6730028115600467,-0.0690561847543834,-0.3267963080077407,-0.5828462323258908
1731069468.81,0.9909622269091337,1.3557102843036763,-0.07518754852562552,-0.29460896903763933,0.5567525391135163,-0.5361107402806123,-0.6115182981626929,-0.0431494895617464,-0.16899363913837406,-0.5825404614383399,0.7654539258096312,-0.6118141745144675,-0.13004916117839413,-0.1599112299815942,-0.559604314061657,-0.4558373623490976,0.5879755101796457,-0.0690561847543834,-0.4396696886052861,-0.582510283022514
1731069469.31,-0.9508660021698115,0.04231945780660432,-0.07518754852562552,-0.3415311749902268,0.5564053153146729,-0.5361107402806123,-0.497580441795908,-0.0431494895617464,-0.1864473004018364,-0.5822045186607187,-0.4549339772403137,-0.9574747687877702,-0.13004916117839413,-0.21340390652385913,-0.5594941660347079,-0.1963350305392016,0.22488595293360783,-0.0690561847543834,-0.2956588237049695,-0.5821743247388127
1731069469.81,0.9615405870746049,0.4002225067040804,-0.07518754852562552,-0.3385985371181901,0.5560580919455771,1.5403010408762854,-0.6277951347865193,-0.0431494895617464,-0.1257282253021857,-0.5818685668929726,0.5911127968024926,-0.6836052210173843,-0.13004916117839413,-0.0834931206355017,-0.5590737862245685,-0.4558373623490976,-0.1841643077612951,-0.0690561847543834,-0.2333838550994272,-0.5818383574760742
1731069470.31,-0.9214443623352827,-0.23461005061632942,-0.07518754852562552,-0.08639168012303228,0.5557108690062558,-0.5361107402806123,-0.8393940108962628,-0.0431494895617464,-0.04706383650911604,-0.5815326061363691,-0.4549339772403137,0.05823559284608842,-0.13004916117839413,-0.25161296119690546,-0.5604912526640642,1.3606789603202112,-0.4783128098340344,-0.0690561847543834,-0.369610348924051,-0.5815023812355905
1731069470.81,0.9615405870746049,-0.2459463462827653,-0.07518754852562552,-0.2652825903172721,0.5553636464967223,-0.5361107402806123,-0.7281689606334489,-0.0431494895617464,-0.19038051984148988,-0.5811966363922014,-0.4549339772403137,-0.14118398077312455,-0.13004916117839413,-0.4120909908237,-0.5555430024106885,-0.4558373623490976,0.38345037983219427,-0.0690561847543834,-0.427993131991747,-0.5811663960186522
1731069471.31,-0.8920227225007512,0.10871776099572869,-0.07518754852562552,-0.3356658992461534,0.5550164244169833,-0.5361107402806123,-0.014700955289057632,-0.0431494895617464,-0.18620147418685806,-0.5808606576617596,0.5911127968024926,-1.0824443682558105,-0.13004916117839413,-0.27071748853342853,-0.5558425509111686,-0.4558373623490976,0.5144383846614609,-0.0690561847543834,0.6073282210753945,-0.5808304018265525
1731069471.81,0.932118947240076,-0.2605215835681829,-0.07518754852562552,0.3828303794028428,0.5546692027670722,1.5403010408762854,-0.4053450342608917,-0.0431494895617464,-0.13801953605110287,-0.5805246699463111,0.5911127968024926,-0.6011784639214428,-0.13004916117839413,0.6080907689466368,-0.5562214641923251,1.3606789603202112,0.26625058603758683,-0.0690561847543834,-0.17110888649388478,-0.5804943986605806
1731069472.31,-0.9214443623352827,0.5006296968925122,-0.07518754852562552,1.995781209023038,0.5543219815469757,-0.5361107402806123,-0.5301341150435609,-0.0431494895617464,-0.029856001460632022,-0.5801886732471949,-0.4549339772403137,-0.6676516551278472,-0.13004916117839413,1.5633171357727946,-0.5543446198451105,-0.4558373623490976,-0.03249398638003878,-0.0690561847543834,-0.3112275658563551,-0.5801583865220252
1731069472.81,-0.9214443623352827,-0.38684030670846864,-0.07518754852562552,-0.34739645073430026,0.553974760756727,-0.23948048582963297,-0.5654005943951848,-0.0431494895617464,-0.08639603090565087,-0.5798526675656793,0.5911127968024926,-0.9734283346773073,-0.13004916117839413,-0.1140603643739386,-0.5587728972554635,-0.4558373623490976,0.5006501736268012,-0.0690561847543834,-0.389071276613283,-0.5798223654121784
1731069473.31,0.9615405870746049,-0.28967205813901803,-0.07518754852562552,-0.3210027098859698,0.5536275403963264,-0.5361107402806123,-0.3646529427013256,-0.0431494895617464,-0.12326996315240228,-0.5795166529030535,-0.4549339772403137,-0.803256965188912,-0.13004916117839413,-0.026179538625932083,-0.5554884799026989,-0.4558373623490976,0.450093399833049,-0.0690561847543834,-0.4007478332268222,-0.5794863353323304
1731069473.81,0.9615405870746049,-0.5633626249429703,-0.07518754852562552,-0.10692014522728926,0.5532803204657938,1.5403010408762854,-0.535559727251503,-0.0431494895617464,-0.18841391012166314,-0.5791806292606079,0.5911127968024926,0.01835167812224577,-0.13004916117839413,-0.007075011289408993,-0.5539381704729776,-0.1963350305392016,0.33748967638332866,-0.0690561847543834,-0.3073353803185087,-0.5791502962837703
1731069474.31,-0.9214443623352827,-0.22165428414040267,-0.07518754852562552,-0.3356658992461534,0.552933100965156,-0.5361107402806123,-0.5436981455634162,-0.0431494895617464,-0.0642716715576,-0.5788445966396089,-0.4549339772403137,-0.4097356732469984,-0.13004916117839413,0.08462671992590225,-0.5562950454052551,1.3606789603202112,0.2869329025895766,-0.0690561847543834,-0.3151197513942015,-0.5788142482677872
1731069474.81,0.9909622269091337,0.6706741318890509,-0.07518754852562552,-0.3092721583978229,0.5525858818943995,-0.5361107402806123,-0.3375248816616149,-0.0431494895617464,-0.03231426361041545,-0.5785085550413953,0.5911127968024926,0.09280165227341843,-0.13004916117839413,-0.18665756825272659,-0.5556644037397312,-0.4558373623490976,0.41562287224640015,-0.0690561847543834,-0.1399714021911136,-0.5784781912856726
1731069475.31,-0.9508660021698115,-0.2718578792346188,-0.07518754852562552,-0.12158333458747293,0.5522386632535512,-0.5361107402806123,-0.23715105581468524,-0.0431494895617464,0.10780667892723993,-0.5781725044672317,-0.4549339772403137,-0.8404819522644984,-0.13004916117839413,-0.12552308077585259,-0.5561663646034413,-0.4558373623490976,0.6661087060427171,-0.0690561847543834,-0.2528447827886591,-0.5781421253387127
1731069475.81,0.9615405870746049,-0.33177829918577995,-0.07518754852562552,-0.25061940095708857,0.5518914450426177,1.5403010408762854,-0.27513034127028024,-0.0431494895617464,-0.16727285563352565,-0.5778364449184092,0.5911127968024926,-0.6836052210173843,-0.13004916117839413,0.10755215272972989,-0.5528152233697801,1.3606789603202112,0.6936851281120365,-0.0690561847543834,-0.3540416067726654,-0.5778060504281978
1731069476.31,-0.8920227225007512,-0.16011439337975084,-0.07518754852562552,-0.03360419842637129,0.551544227261619,-0.5361107402806123,-0.21002299477497452,-0.0431494895617464,-0.18153077610226956,-0.5775003763962154,-0.4549339772403137,-0.23158752081383455,-0.13004916117839413,-0.25543386666421003,-0.5535388776085293,-0.4558373623490976,0.5787833694898726,-0.0690561847543834,3.1800628615918627,-0.5774699665554153
1731069476.81,0.932118947240076,0.0795672864248937,-0.07518754852562552,0.9224357478575991,0.551197009910582,-0.23948048582963297,-0.3863553915330942,-0.0431494895617464,-0.13064474960175257,-0.5771642989019167,0.5911127968024926,-0.5267284897702699,-0.13004916117839413,1.0436739922193647,-0.5510563928168059,-0.4558373623490976,1.0039198763918782,-0.0690561847543834,-0.3384728646212798,-0.5771338737216556
1731069477.31,-0.9214443623352827,-0.0791408529052087,-0.07518754852562552,-0.24768676308505183,0.5508497929894931,-0.5361107402806123,-0.5518365638753294,-0.0431494895617464,-0.1257282253021857,-0.576828212436849,-0.4549339772403137,-0.43632494972956015,-0.13004916117839413,-0.3929864634871768,-0.5502301828753261,-0.4558373623490976,1.4175662074316682,-0.0690561847543834,-0.3735025344618974,-0.5767977719282077
1731069477.81,0.9615405870746049,-0.32368094513832574,-0.07518754852562552,-0.2682152281893088,0.5505025764983792,1.5403010408762854,-0.1530540665915823,-0.0431494895617464,-0.15743980703439192,-0.5764921170022788,0.5911127968024926,-0.09598221075276983,-0.13004916117839413,-0.28218020493534246,-0.5501722251813344,1.3606789603202112,1.150994127428248,-0.0690561847543834,-0.4124243898403614,-0.5764616611763558
1731069478.31,-0.8920227225007512,-0.11153026909502554,-0.07518754852562552,-0.34739645073430026,0.5501553604372537,-0.5361107402806123,-0.49215482958796586,-0.0431494895617464,-0.13556127390131942,-0.5761560125994925,-0.4549339772403137,0.12470878405249254,-0.13004916117839413,-0.15226941904698496,-0.5540475800636682,-2.0128513532085104,-0.6667516939743829,-0.0690561847543834,-0.04266676374495368,-0.576125541467392
1731069478.81,0.9615405870746049,-0.049990378334373524,-0.07518754852562552,-0.25061940095708857,0.5498081448061165,-0.5361107402806123,-0.6277951347865193,-0.0431494895617464,-0.17169772750313583,-0.5758198992297804,0.5911127968024926,0.40921404241590315,-0.13004916117839413,-0.24015024479499147,-0.5515695769767266,1.3606789603202112,-0.6460693774223935,-0.0690561847543834,-0.3306884935455871,-0.5757894128026005
1731069479.31,-0.9508660021698115,-0.011123078906593304,-0.07518754852562552,-0.3415311749902268,0.5494609296050144,-0.23948048582963297,0.0015758813347688005,-0.0431494895617464,-0.167518681848504,-0.5754837768944042,-0.4549339772403137,-0.15979647431091779,-0.13004916117839413,-0.22868752839307765,-0.551607292284877,-0.4558373623490976,-0.5955126036286413,-0.0690561847543834,-0.3306884935455871,-0.5754532751832719
1731069479.81,0.9615405870746049,0.2577090754688862,-0.07518754852562552,-0.32393534775800653,0.5491137148339273,1.5403010408762854,-0.5518365638753294,-0.0431494895617464,-0.1788266877375078,-0.5751476455947027,0.5911127968024926,-0.7288069910377393,-0.13004916117839413,-0.370061030683349,-0.5490595635188295,1.3606789603202112,0.4294110832810593,-0.0690561847543834,-0.44356187414313253,-0.5751171286106904
1731069480.31,-0.9214443623352827,-0.05160984914386437,-0.07518754852562552,-0.1274486103315464,0.5487665004928756,-0.5361107402806123,-0.3755041671172099,-0.0431494895617464,-0.1485900632951716,-0.5748115053319367,-0.4549339772403137,-0.5905427533284181,-0.13004916117839413,-0.33567288147760727,-0.551634611449182,-0.4558373623490976,-0.5035911967309105,-0.0690561847543834,-0.24895259725081278,-0.5747809730861451
1731069480.81,0.9615405870746049,-0.048370907524882684,-0.07518754852562552,-0.2183603843646847,0.5484192865818855,-0.23948048582963297,-0.17475651542335088,-0.0431494895617464,-0.02493947716106516,-0.5744753561073964,0.5911127968024926,-0.664992727479591,-0.13004916117839413,-0.12934398624315716,-0.5529928472592673,-0.4558373623490976,-0.6161949201806308,-0.0690561847543834,1.0821748566926548,-0.5744448086109215
1731069481.31,-0.9214443623352827,-0.759318592891362,-0.07518754852562552,-0.013075733322114303,0.5480720731009574,-0.5361107402806123,0.4491888884899954,-0.0431494895617464,-0.18472651689698802,-0.5741391979223663,-0.4549339772403137,-0.19968038903476043,-0.13004916117839413,-0.3394937869449119,-0.5525922906355926,-0.4558373623490976,-0.26229750362436655,-0.0690561847543834,-0.3735025344618974,-0.5741086351863073
1731069481.81,0.9615405870746049,-0.10829132747604386,-0.07518754852562552,-0.3737901915826307,0.5477248600501178,1.5403010408762854,-0.19917177035909023,-0.0431494895617464,-0.10360386595413489,-0.5738030307781111,0.5911127968024926,0.6564943137037279,-0.13004916117839413,2.3466027565702436,-0.5498161876751241,1.3606789603202112,0.5626971232827694,-0.0690561847543834,-0.16332451541819198,-0.5737724528135881
1731069482.31,-0.9214443623352827,-0.19412328037905852,-0.07518754852562552,-0.2916763311656026,0.5473776474293669,-0.23948048582963297,-0.13677722996775588,-0.0431494895617464,0.05372491163200456,-0.5734668546759647,-0.4549339772403137,-0.1810678954969672,-0.13004916117839413,-0.04910497142975989,-0.5502503194019445,-0.4558373623490976,-0.30596017190078856,-0.0690561847543834,-0.06991206250987857,-0.5734362614940485
1731069482.81,0.9615405870746049,-0.23299057980683857,-0.07518754852562552,-0.21249510862061124,0.5470304352387179,-0.5361107402806123,0.1562058292611196,-0.0431494895617464,-0.1662895507736123,-0.5731306696171918,-0.4549339772403137,-0.24222323140685925,-0.13004916117839413,-0.2936429213372564,-0.5509188921512159,-0.1963350305392016,-0.6276850960428472,-0.0690561847543834,-0.4318853175295933,-0.5731000612289787
1731069483.31,-0.8920227225007512,0.3079126705631022,-0.07518754852562552,-0.2858110554215291,0.5466832234781909,-0.5361107402806123,-0.07438268957642122,-0.0431494895617464,0.9903227906994906,-0.5727944756030758,0.5911127968024926,0.6166103989798849,-0.13004916117839413,-0.4655836673659648,-0.5495132547094402,-0.4558373623490976,-0.6230890256979607,-0.0690561847543834,0.04296131808766695,-0.5727638520196602
1731069483.81,0.9615405870746049,-0.6540529902744573,-0.07518754852562552,-0.3210027098859698,0.5463360121477927,1.5403010408762854,0.44105047017808213,-0.0431494895617464,-0.14588597493040983,-0.5724582726349053,-0.4549339772403137,-0.48418564739817105,-0.13004916117839413,-0.4617627618986601,-0.5472000960724389,1.3606789603202112,-0.4484383525922718,-0.0690561847543834,-0.10104954681264959,-0.5724276338673803
1731069484.31,-0.9214443623352827,0.17349659337536238,-0.07518754852562552,-0.1948992813883909,0.5459888012475566,-0.5361107402806123,0.18333389030083033,-0.0431494895617464,-0.18202242853222625,-0.5721220607139418,0.5911127968024926,-1.5185085025698233,-0.13004916117839413,-0.22868752839307765,-0.5466963795140362,-0.4558373623490976,-0.3955835436260764,-0.0690561847543834,-0.04266676374495368,-0.5720914067734247
1731069484.81,-0.9214443623352827,-0.1325833896184065,-0.07518754852562552,-0.23888884946894168,0.5456415907774625,-0.5361107402806123,0.5902548058964908,-0.0431494895617464,-0.18743060526174976,-0.5717858398415175,0.5911127968024926,-0.268812507889421,-0.13004916117839413,-0.0720304042335877,-0.5455929742421591,-0.4558373623490976,-0.4622265636269315,-0.0690561847543834,-0.4202087609160542,-0.571755170739078
1731069485.31,0.9615405870746049,0.6107537119378895,-0.07518754852562552,-0.28874369329356586,0.5452943807375573,-0.5361107402806123,-0.2398638619186563,-0.0431494895617464,-0.14293606035066972,-0.571449610018895,-0.4549339772403137,-0.864412301098804,-0.13004916117839413,-0.32421016507569345,-0.5481067220579473,-0.4558373623490976,-0.23701911672749051,-0.0690561847543834,0.29595337804768285,-0.5714189257656243
1731069485.81,-0.9214443623352827,0.6722936026985415,-0.07518754852562552,-0.3356658992461534,0.5449471711278276,-0.5361107402806123,-0.8990757451836263,-0.0431494895617464,-0.06672993370738342,-0.5711133712473601,0.5911127968024926,-0.19436253373824808,-0.13004916117839413,-0.3433146924122165,-0.5460600645865472,1.3606789603202112,-0.2760857146590262,-0.0690561847543834,-0.2294916695615807,-0.5710826718543496
1731069486.31,0.9615405870746049,-0.44028284342166624,-0.07518754852562552,2.3242366506911503,0.5445999619482867,1.5403010408762854,-0.966895897782903,-0.0431494895617464,-0.18374321203707464,-0.5707771235281978,-0.4549339772403137,-0.2821071461307019,-0.13004916117839413,1.528928986567053,-0.5464952630275599,-0.4558373623490976,0.23637612879582445,-0.0690561847543834,-0.3267963080077407,-0.5707464090065382
1731069486.81,0.9615405870746049,0.5929395330334905,-0.07518754852562552,-0.2183603843646847,0.5442527531989884,-0.5361107402806123,-0.3646529427013256,-0.0431494895617464,-0.141706929275778,-0.5704408668626682,-0.4549339772403137,0.5155711483461503,-0.13004916117839413,-0.47322547830057404,-0.5445646654272028,-0.1963350305392016,1.0636687908754034,-0.0690561847543834,-0.1983541852588095,-0.5704101372234728
1731069487.31,-0.9214443623352827,-0.47267225961148307,-0.07518754852562552,-0.297541606909676,0.5439055448798921,-0.5361107402806123,-0.4270474830926603,-0.0431494895617464,0.13976408687442457,-0.5701046012521043,0.5911127968024926,-1.5583924172936656,-0.13004916117839413,-0.3165683541410842,-0.5458724950021907,-0.4558373623490976,0.10079205362167108,-0.0690561847543834,-0.38517909107543663,-0.5700738565064394
1731069487.81,0.9615405870746049,0.013168983235769156,-0.07518754852562552,-0.3356658992461534,0.5435583369910515,1.5403010408762854,-0.378216973221181,-0.0431494895617464,-0.1812849498872912,-0.5697683266977669,-0.4549339772403137,-0.5719302597906248,-0.13004916117839413,-0.15226941904698496,-0.5473486040484855,1.3606789603202112,0.450093399833049,-0.0690561847543834,-0.2917666381671231,-0.5697375668567192
1731069488.31,-0.9214443623352827,-0.09695503180960796,-0.07518754852562552,-0.15090971330784014,0.5432111295324467,-0.5361107402806123,-0.8638092658320025,-0.0431494895617464,-0.1439193652105831,-0.5694320432009404,0.5911127968024926,-1.3164300013023538,-0.13004916117839413,-0.28218020493534246,-0.542575493623518,-0.1963350305392016,0.30991325431400935,-0.0690561847543834,-0.16332451541819198,-0.5694012682755997
1731069488.81,0.9615405870746049,-0.6378582821795489,-0.07518754852562552,-0.2916763311656026,0.5428639225041175,-0.5361107402806123,-0.8638092658320025,-0.0431494895617464,-0.042147312209549176,-0.5690957507629096,0.5911127968024926,-0.8298462416714737,-0.13004916117839413,-0.297463826804561,-0.5446112818908477,-0.4558373623490976,0.5098423143165742,-0.0690561847543834,-0.26062915386435187,-0.5690649607643604
1731069489.31,-0.9508660021698115,1.943578188148852,-0.07518754852562552,-0.3092721583978229,0.5425167159060709,-0.5361107402806123,-0.6332207469944614,-0.0431494895617464,-0.18325155960711795,-0.5687594493849313,-1.675321880290271,-0.13852505312486837,-0.13004916117839413,-0.33185197601030264,-0.5442721970281064,-0.1963350305392016,0.7442419019057881,-0.0690561847543834,-0.3345806790834334,-0.5687286443242859
1731069489.81,-0.9214443623352827,11.29602211295846,7.1389565094465715,-0.08345904225099549,0.54216950973832,1.5403010408762854,10.42960254499956,-0.0431494895617464,-0.1249907466572507,-0.5684231390683404,-1.5009807512831326,1.6163671947242069,6.2103897697094315,-0.370061030683349,-0.5424092091971688,-2.0128513532085104,9.80079851650474,7.307698858532046,-0.24116822617512,-0.5683923189566605
1731069490.31,-0.9214443623352827,5.7460956488333474,-0.07518754852562552,-0.20956247074857445,0.541822304000865,-0.5361107402806123,0.7367463355109287,-0.0431494895617464,-0.06672993370738342,-0.5680868198143949,-0.6292751062474522,-1.1728479082965202,-0.13004916117839413,-0.3624192197487397,-0.5458650279550368,-0.4558373623490976,2.2402627991663606,-0.0690561847543834,-0.2723057104778912,-0.5680559846627653
1731069490.81,-2.8044293117451677,19.965049356162933,7.7010976048729765,0.828591335952424,0.5414750986937324,-7.951867101555254,3.1836974412928334,-0.0431494895617464,-0.1864473004018364,-0.5677504916243784,-18.412070264975334,4.2487055664978195,-0.13004916117839413,-0.3853446525525675,-0.5438500061407812,-10.316925971125357,7.649837595097831,-0.0690561847543834,-0.4318853175295933,-0.5677196414438833
1731069491.31,0.9615405870746049,9.71703807370489,-0.07518754852562552,21.562341091252026,0.5411278938169358,5.396494348739101,5.451603344212647,5.734477059413624,-0.13556127390131942,-0.5674141544995743,15.061426504394792,0.03962309930829518,4.996263165922401,26.00947031558783,-0.5409053048628842,9.664753578237057,3.8971461584979625,-0.0690561847543834,37.431295594640154,-0.5673832893012972
1731069491.81,0.9615405870746049,5.135555153655301,-0.07518754852562552,-0.297541606909676,0.5407806893704885,1.5403010408762854,1.3037228112408825,-0.0431494895617464,-0.04460557435933261,-0.5670778084412398,0.5911127968024926,0.27360873235483846,-0.13004916117839413,-0.25161296119690546,-0.5447178520682968,-0.4558373623490976,1.056774685358074,-0.0690561847543834,-0.17500107203173126,-0.5670469282362899
1731069492.31,-0.8920227225007512,1.8318347022939843,-0.07518754852562552,-0.11571805884339949,0.5404334853543973,-0.5361107402806123,-0.12050039334392944,-0.0431494895617464,-0.14269023413569137,-0.5667414534507069,-1.675321880290271,-1.3164300013023538,2.0283981344429933,-0.22104571745846838,-0.5440363238815311,1.3606789603202112,-0.06236844362180139,-0.0690561847543834,-0.3618259778483582,-0.566710558250141
1731069492.81,0.932118947240076,1.3168429848758962,-0.07518754852562552,-0.256484676701162,0.5400862817686752,-0.5361107402806123,-0.13135161775981372,-0.0431494895617464,-0.15916059053924034,-0.5664050895292334,0.7654539258096312,-0.7846444716511187,-0.13004916117839413,-0.41973280175830924,-0.5408713477870034,-0.4558373623490976,0.07321563155235174,-0.0690561847543834,-0.4163165753782078,-0.5663741793441334
1731069493.31,-0.9214443623352827,-0.01598149133506583,-0.07518754852562552,-0.32686798563004327,0.5397390786133427,-0.5361107402806123,-0.3836425854291231,-0.0431494895617464,0.7297470028224473,-0.5660687166781031,-0.6292751062474522,-1.1941193294825696,-0.13004916117839413,-0.4694045728332694,-0.5433082888272895,-0.4558373623490976,0.23407809362338095,-0.0690561847543834,-0.10104954681264959,-0.5660377915195485
1731069493.81,0.9615405870746049,-0.3333977699952708,-0.07518754852562552,-0.3210027098859698,0.5393918758884062,1.5403010408762854,-0.07709549568039228,-0.0431494895617464,-0.133103011751536,-0.5657323348985946,0.5911127968024926,-0.8750480116918288,-0.13004916117839413,-0.3089265432064749,-0.5423227417681992,1.3606789603202112,0.20420363638161856,-0.0690561847543834,-0.4318853175295933,-0.5657013947776672
1731069494.31,-0.9214443623352827,-0.44028284342166624,-0.07518754852562552,0.03971174837454668,0.5390446735938925,-0.5361107402806123,0.01513991185462416,-0.0431494895617464,-0.19603452278599176,-0.5653959441919688,-0.4549339772403137,-0.026850091898109236,-0.13004916117839413,-0.17137394638350822,-0.5422202566483035,-0.4558373623490976,0.826971168113746,-0.0690561847543834,-0.3773947199997438,-0.5653649891197713
1731069494.81,0.9615405870746049,-0.3026278246149448,-0.07518754852562552,-0.05706530140266506,0.5386974717297949,-0.5361107402806123,-0.21816141308688772,-0.0431494895617464,-0.1404777982008863,-0.5650595445595531,0.5911127968024926,-0.15447861901440543,-0.13004916117839413,-0.3433146924122165,-0.5420143769863685,-0.1963350305392016,0.5489089122481098,-0.0690561847543834,3.4525158492411103,-0.5650285745471417
1731069495.31,-0.9508660021698115,0.9589399359784205,-0.07518754852562552,0.5705192032131927,0.5383502702961336,-0.5361107402806123,-0.14762845438364017,-0.0431494895617464,-0.05198036080868284,-0.5647231360026062,-0.4549339772403137,-0.018873308953340703,-0.13004916117839413,-0.32421016507569345,-0.5376832019639287,-0.4558373623490976,0.4937560681094711,-0.0690561847543834,-0.369610348924051,-0.5646921510610599
1731069495.81,0.9615405870746049,0.24799225061194116,-0.07518754852562552,-0.32686798563004327,0.5380030692929351,1.5403010408762854,-0.3185352389338174,-0.0431494895617464,-0.20611339760010383,-0.5643867185224088,0.7654539258096312,-0.21031609962778514,-0.13004916117839413,2.5223644080662573,-0.5413033839306106,-0.1963350305392016,0.5443128419032232,-0.0690561847543834,-0.3423650501591262,-0.5643557186628039
1731069496.31,-0.9214443623352827,1.237488915210845,-0.07518754852562552,-0.1245159724595096,0.5376558687201929,-0.5361107402806123,0.03684236068639274,-0.0431494895617464,-0.1446568438555181,-0.5640502921202418,-0.4549339772403137,0.28690337059611964,-0.13004916117839413,-0.30510563773917027,-0.5376664067539492,1.3606789603202112,0.6569165653529441,-0.0690561847543834,-0.06601987697203207,-0.5640192773536552
1731069496.81,0.9909622269091337,0.453665043417278,-0.07518754852562552,0.11596033304750132,0.537308668577947,-0.5361107402806123,-0.18018212763129302,-0.0431494895617464,-0.12081170100261884,-0.563713856797361,0.5911127968024926,-0.5320463450667822,-0.13004916117839413,0.1419403019354717,-0.5367253518192502,-0.4558373623490976,0.7672222536302209,-0.0690561847543834,-0.3657181633862046,-0.5636828271348935
1731069497.31,-0.9508660021698115,0.42451456884644284,-0.07518754852562552,-0.1538423511798768,0.5369614688661775,-0.5361107402806123,-0.13135161775981372,-0.0431494895617464,-0.18448069068200967,-0.5633774125550958,-0.4549339772403137,-0.5320463450667822,-0.13004916117839413,-0.23632933932768693,-0.5377724472407092,-0.1963350305392016,0.8108849219066434,-0.0690561847543834,-0.3968556476889758,-0.5633463680077985
1731069497.81,-0.9214443623352827,-0.03541514104895594,-0.07518754852562552,-0.24475412521301512,0.5366142695849175,1.5403010408762854,0.05311919731021917,-0.0431494895617464,-0.13801953605110287,-0.5630409593947031,0.5911127968024926,0.4384622465467214,-0.13004916117839413,-0.12170217530854788,-0.5389893933982903,1.3606789603202112,1.0866491425998361,-0.0690561847543834,-0.08158861912341768,-0.5630098999736514
1731069498.31,0.9615405870746049,-0.28967205813901803,-0.07518754852562552,-0.2858110554215291,0.5362670707341808,-0.5361107402806123,-0.37279136101323884,-0.0431494895617464,-0.0200229528614983,-0.5627044973174617,-0.4549339772403137,-0.16511432960743014,-0.13004916117839413,-0.026179538625932083,-0.5368896263806152,-0.1963350305392016,1.2704919563952985,-0.0690561847543834,-0.011529279442182478,-0.5626734230337291
1731069498.81,0.9615405870746049,-0.08076032371469953,-0.07518754852562552,-0.13038124820358304,0.5359198723139671,-0.5361107402806123,-0.2588535046464538,-0.0431494895617464,1.4696839099072592,-0.5623680263246523,0.5911127968024926,-0.005578670712059821,-0.13004916117839413,-0.0911349315701108,-0.5352905415158447,-0.4558373623490976,2.0495258798535687,-0.0690561847543834,-0.2333838550994272,-0.5623369371893128
1731069499.31,-0.9214443623352827,-0.13582233123738818,-0.07518754852562552,-0.19196664351635412,0.5355726743243232,-0.23948048582963297,-0.4107706464688338,-0.0431494895617464,0.06355796023113829,-0.5620315464175291,-0.6292751062474522,0.03696417166003901,-0.13004916117839413,-0.30128473227186564,-0.536967886603048,-0.4558373623490976,0.574187299144986,-0.0690561847543834,0.5294845103184666,-0.5620004424416808
1731069499.81,0.9615405870746049,-0.03541514104895594,-0.07518754852562552,-0.3972512945589245,0.5352254767652158,1.5403010408762854,-0.38906819763706524,-0.0431494895617464,-0.08393776875586743,-0.5616950575974212,0.5911127968024926,0.42250868065718433,-0.13004916117839413,-0.35477740881413045,-0.5373371086353009,-0.4558373623490976,-0.5242735132829,-0.0690561847543834,-0.3812869055375902,-0.5616639387921096
1731069500.31,-0.9214443623352827,-0.2929109997579997,-0.07518754852562552,1.7318438005397332,0.5348782796366917,-0.5361107402806123,-0.5681134004991558,-0.0431494895617464,-0.14121527684582133,-0.5613585598655828,-0.4549339772403137,0.6538353860554714,-0.13004916117839413,1.8307805184841186,-0.5356347700111446,1.3606789603202112,-0.65066544776728,-0.0690561847543834,-0.39296346215112943,-0.5613274262418823
1731069500.81,0.9615405870746049,-0.33825618242374333,-0.07518754852562552,-0.35326172647837367,0.5345310829387441,-0.5361107402806123,-0.5708262066031269,-0.0431494895617464,-0.12081170100261884,-0.5610220532232936,-0.4549339772403137,-0.7607141228168134,-0.13004916117839413,-0.35859831428143507,-0.5345327211948641,-0.4558373623490976,-0.6575595532846098,-0.0690561847543834,-0.5097290282865213,-0.5609909047922738
1731069501.31,-0.8920227225007512,-0.10343291504757134,-0.07518754852562552,-0.35912700222244714,0.5341838866713998,-0.5361107402806123,-0.3131096267258752,-0.0431494895617464,-0.16776450806348234,-0.5606855376718325,0.5911127968024926,-0.529387417418526,-0.13004916117839413,-0.47704638376787867,-0.5365426551318064,-0.4558373623490976,-0.6070027794908577,-0.0690561847543834,-0.21392292741019509,-0.5606543744445623
1731069501.81,-0.9214443623352827,-0.7431238847964536,-0.07518754852562552,-0.36499227796652056,0.5338366908346722,1.5403010408762854,-0.29411998399807776,-0.0431494895617464,-0.17243520614807087,-0.5603490132124515,0.5911127968024926,-0.14118398077312455,-0.13004916117839413,-0.04910497142975989,-0.5334324149941235,-0.4558373623490976,-0.3680071215567571,-0.0690561847543834,-0.1555401443424992,-0.5603178352000264
1731069502.31,0.9615405870746049,0.035841574568640955,-0.07518754852562552,-0.40018393243096123,0.5334894954285678,-0.5361107402806123,-0.10151075061613193,-0.0431494895617464,-0.16456876726876388,-0.5600124798464801,-0.4549339772403137,-1.0824443682558105,-0.13004916117839413,0.19543297847773658,-0.532632103217049,1.3606789603202112,-0.4507363877647151,-0.0690561847543834,-0.3229041224698943,-0.5599812870599457
1731069502.81,0.9615405870746049,0.16863818094689004,-0.07518754852562552,-0.20956247074857445,0.533142300453107,-0.5361107402806123,0.25657965510804925,-0.0431494895617464,-0.15694815460443526,-0.5596759375751721,-0.4549339772403137,-0.3086964226132637,-0.13004916117839413,-0.42737461269291843,-0.5357955097223378,-0.4558373623490976,0.01346671706882652,-0.0690561847543834,-0.4046400187646686,-0.5596447300255937
1731069503.31,-0.9214443623352827,0.060133636711003594,-0.07518754852562552,-0.10692014522728926,0.5327951059082962,-0.5361107402806123,-0.15034126048761123,-0.0431494895617464,-0.02739773931084859,-0.5593393863998047,0.5911127968024926,-0.268812507889421,-0.13004916117839413,-0.41973280175830924,-0.5338482924667441,-0.4558373623490976,-0.40017961397096297,-0.0690561847543834,-0.17110888649388478,-0.5593081640982501
1731069503.81,0.9615405870746049,0.08604516966285708,-0.07518754852562552,-0.2858110554215291,0.5324479117941421,1.5403010408762854,-0.229012637502772,-0.0431494895617464,-0.16432294105378553,-0.5590028263216555,-0.4549339772403137,0.09546057992167489,-0.13004916117839413,-0.24779205572960075,-0.5351228212558806,-0.4558373623490976,-0.6207909905255173,-0.0690561847543834,-0.2878744526292767,-0.5589715892791919
1731069504.31,-0.9214443623352827,-0.5099200882297725,-0.07518754852562552,-0.2652825903172721,0.5321007181106849,-0.5361107402806123,-0.23172544360674308,-0.0431494895617464,-0.13556127390131942,-0.558666257341977,0.5911127968024926,0.20713554114843433,-0.13004916117839413,-0.3509565033468258,-0.5338730137397628,1.3606789603202112,-0.5058892319033538,-0.0690561847543834,2.7246771536638343,-0.5586350055696971
1731069504.81,0.9615405870746049,0.17025765175638072,-0.07518754852562552,0.391628293018953,0.5317535248579113,-0.23948048582963297,-0.06353146516053693,-0.0431494895617464,-0.1817766023172479,-0.5583296794620971,0.5911127968024926,0.48632294421533256,-0.13004916117839413,-0.15226941904698496,-0.5331055696245068,-0.4558373623490976,-0.508187267075797,-0.0690561847543834,-0.3657181633862046,-0.5582984129710395
1731069505.31,-0.8920227225007512,0.00993004161678747,-0.07518754852562552,-0.19783191926042756,0.5314063320358344,-0.5361107402806123,0.1372161865333224,-0.0431494895617464,-0.08147950660608401,-0.5579930926832665,-0.4549339772403137,-1.0797854406075544,-0.13004916117839413,1.8040341802129864,-0.5351398172290296,-0.4558373623490976,-0.22093287052038757,-0.0690561847543834,-0.5136212138243678,-0.5579618114844959
1731069505.81,0.932118947240076,-0.14068074366586072,-0.07518754852562552,-0.3063395205257862,0.531059139644488,1.5403010408762854,-0.011988149185086559,-0.0431494895617464,-0.1714519012881575,-0.5576564970067636,0.5911127968024926,-0.9734283346773073,-0.13004916117839413,0.29095561516035234,-0.5340169143654259,1.3606789603202112,-0.5104853022482403,-0.0690561847543834,-0.015421464980028964,-0.5576252011113442
1731069506.31,-0.9214443623352827,0.3257268494675016,-0.07518754852562552,-0.27701314180541897,0.5307119476838651,-0.5361107402806123,0.023278330166537377,-0.0431494895617464,-0.16112720025906707,-0.5573198924338637,-0.4549339772403137,-0.29274285672372663,-0.13004916117839413,-0.2898220158699517,-0.5350861794629501,-0.4558373623490976,-0.7310966788027947,-0.0690561847543834,-0.4202087609160542,-0.5572885818528612
1731069506.81,-0.9214443623352827,-0.2961499413769814,-0.07518754852562552,-0.25061940095708857,0.5303647561540059,-0.5361107402806123,-0.3185352389338174,-0.0431494895617464,-0.08147950660608401,-0.5569832789658207,0.5911127968024926,-0.41239460089525454,-0.13004916117839413,-0.3662401252160443,-0.532921570719995,-0.4558373623490976,-0.20944269465817117,-0.0690561847543834,-0.3579337923105118,-0.5569519537103192
1731069507.31,0.9615405870746049,0.3338242035149556,-0.07518754852562552,-0.17437081628413378,0.5300175650549037,-0.5361107402806123,-0.5925286554348955,-0.0431494895617464,0.10289015462767312,-0.5566466566039582,-0.4549339772403137,0.4942997271601008,-0.13004916117839413,-0.28218020493534246,-0.5309580049512479,-0.4558373623490976,-0.133607533967543,-0.0690561847543834,-0.17889325756957758,-0.5566153166849964
1731069507.81,-0.9214443623352827,0.18807183066078015,-0.07518754852562552,-0.36499227796652056,0.529670374386552,1.5403010408762854,-0.9370550306392214,-0.0431494895617464,-0.17341851100798422,-0.5563100253495284,0.5911127968024926,-0.26349465259290866,-0.13004916117839413,-0.15609032451428967,-0.533852026683214,-0.4558373623490976,0.42021894259128667,-0.0690561847543834,0.4749939127886171,-0.556278670778168
1731069508.31,0.9615405870746049,0.4164172147989888,-0.07518754852562552,-0.31220479626985964,0.5293231841489973,-0.5361107402806123,-0.5111444723157633,-0.0431494895617464,-0.08639603090565087,-0.5559733852038063,-0.4549339772403137,0.7123317943171072,-0.13004916117839413,-0.297463826804561,-0.5299914349653856,1.3606789603202112,0.020360822586156353,-0.0690561847543834,0.4399642429479994,-0.5559420159911089
1731069508.81,0.9615405870746049,0.7694618512679922,-0.07518754852562552,-0.1948992813883909,0.5289759943422331,-0.5361107402806123,-0.768861052193015,-0.0431494895617464,-0.10852039025370175,-0.5556367361680689,0.5911127968024926,0.127367711700749,-0.13004916117839413,-0.13316489171046186,-0.5333533102148003,-0.4558373623490976,-0.04168612706981189,-0.0690561847543834,2.537852247847207,-0.555605352325093
1731069509.31,-0.9214443623352827,-0.37712348185152356,-0.07518754852562552,-0.0218736469382244,0.5286288049663128,-0.5361107402806123,-0.923491000119366,-0.0431494895617464,-0.18693895283179307,-0.5553000782435662,-1.5009807512831326,-0.909614071119159,-0.13004916117839413,-0.2095830010565544,-0.5297289553306135,-0.4558373623490976,0.15594489776030948,-0.0690561847543834,0.38158145988030345,-0.5552686797813955
1731069509.81,0.9615405870746049,0.9897098813587464,-0.07518754852562552,-0.35032908860633694,0.5282816160211897,1.5403010408762854,-0.4053450342608917,-0.0431494895617464,-0.18620147418685806,-0.554963411431623,1.6371595708453115,-1.167530053000008,-0.13004916117839413,2.5070807861970383,-0.5290672814366584,1.3606789603202112,1.4267583481214414,-0.0690561847543834,0.08966754454182374,-0.5549319983612915
1731069510.31,-0.9802876420043404,-0.2880525873295272,-0.07518754852562552,-0.3356658992461534,0.5279344275069171,-0.5361107402806123,-0.5084316662117923,-0.0431494895617464,0.24792762146489541,-0.5546267357334893,-0.4549339772403137,-1.4626710219564432,-0.13004916117839413,-0.04146316049515062,-0.5306991587556663,-0.4558373623490976,1.2084450067393302,-0.0690561847543834,-0.3229041224698943,-0.5545953080660562
1731069510.81,1.0498055065781913,0.20912495118416094,-0.07518754852562552,-0.17143817841209713,0.5275872394234952,-0.5361107402806123,-0.4785907990681105,-0.0431494895617464,-0.18743060526174976,-0.5542900511504403,0.5911127968024926,-0.909614071119159,-0.13004916117839413,-0.25161296119690546,-0.5276885392792472,-0.4558373623490976,0.3122112894864524,-0.0690561847543834,-0.4241009464539006,-0.5542586088969601
1731069511.31,-0.9508660021698115,-0.5682210373714428,-0.07518754852562552,-0.19783191926042756,0.5272400517709239,-0.5361107402806123,-0.7932763071287545,-0.0431494895617464,-0.13064474960175257,-0.5539533576837499,-0.4549339772403137,-0.32464998850280075,-0.13004916117839413,-0.328031070542998,-0.5311556675054304,-0.1963350305392016,0.8131829570790864,-0.0690561847543834,-0.408532204302515,-0.5539219008552801
1731069511.81,0.9615405870746049,-0.249185287901747,-0.07518754852562552,-0.20956247074857445,0.5268928645492634,-0.23948048582963297,-0.4894420234839948,-0.0431494895617464,-0.049522098658899415,-0.5536166553346684,0.5911127968024926,-0.4895035026946834,-0.13004916117839413,-0.14462760811237568,-0.5280196115364302,1.3606789603202112,0.6293401432836248,-0.0690561847543834,-0.15164795880465287,-0.5535851839422913
1731069512.31,-0.9214443623352827,0.6447625989371975,-0.07518754852562552,-0.3356658992461534,0.5265456777584735,1.5403010408762854,-0.7607226338811018,-0.0431494895617464,-0.18620147418685806,-0.5532799441045185,-0.4549339772403137,0.044940954604807536,-0.13004916117839413,-0.2095830010565544,-0.5264817269495901,-2.0128513532085104,-0.4139678250056226,-0.0690561847543834,-0.3306884935455871,-0.5532484581592643
1731069512.81,0.9615405870746049,-0.21031798847396696,-0.07518754852562552,-0.3415311749902268,0.5261984913985944,-0.5361107402806123,1.0297293947398038,-0.0431494895617464,-0.1257282253021857,-0.5529432239945504,0.5911127968024926,-0.5559766939010878,-0.13004916117839413,-0.2898220158699517,-0.5280748834392249,1.3606789603202112,-0.18876037810618168,-0.0690561847543834,-0.4513462452188253,-0.5529117235074742
1731069513.31,-0.9214443623352827,0.46338186827422306,-0.07518754852562552,-0.16557290266802369,0.5258513054696261,-0.5361107402806123,-0.32396085114175954,-0.0431494895617464,-0.05443862295846627,-0.5526064950060382,-0.4549339772403137,-1.1622121977034956,-0.13004916117839413,-0.2592547721315147,-0.5258949623949751,-0.1963350305392016,-0.17267413189907874,-0.0690561847543834,0.24146278051783326,-0.5525749799881917
1731069513.81,-0.9214443623352827,-0.35445089051865175,7.1389565094465715,-0.2916763311656026,0.525504119971602,1.5403010408762854,-0.4568883502363419,-0.0431494895617464,-0.20635922381508218,-0.5522697571402538,0.5911127968024926,-0.7607141228168134,-0.13004916117839413,-0.3089265432064749,-0.5280591958075511,1.3606789603202112,-0.35192087534965416,-0.0690561847543834,-0.15164795880465287,-0.5522382276026904
1731069514.31,-0.8920227225007512,-0.12934444799942482,-0.07518754852562552,2.1042888102883963,0.5251569349045286,-0.5361107402806123,-0.3212480450377885,-0.0431494895617464,0.8329940131133513,-0.5519330103984468,-0.4549339772403137,-1.2260264612616438,-0.13004916117839413,2.423020865916337,-0.5274701762655637,-0.1963350305392016,0.8246731329413031,-0.0690561847543834,-0.3190119369320479,-0.5519014663522456
1731069514.81,-0.9214443623352827,-0.35445089051865175,-0.07518754852562552,-0.23888884946894168,0.5248097502684063,-0.5361107402806123,-0.06895707736847907,-0.0431494895617464,-0.02493947716106516,-0.5515962547819396,0.5911127968024926,-0.9627926240842826,-0.13004916117839413,0.10373124726242533,-0.529006777570066,-0.4558373623490976,-0.03249398638003878,-0.0690561847543834,-0.369610348924051,-0.5515646962381262
1731069515.31,0.932118947240076,0.07632834480591202,-0.07518754852562552,-0.18903400564431747,0.5244625660632548,-0.5361107402806123,-0.4867292173800237,-0.0431494895617464,-0.17931834016746445,-0.5512594902919807,-0.4549339772403137,-0.6782873657208719,-0.13004916117839413,0.09608943632781607,-0.5273247914180249,-0.4558373623490976,0.20190560120917506,-0.0690561847543834,-0.3306884935455871,-0.5512279172616059
1731069515.81,0.9615405870746049,0.8439575085045709,-0.07518754852562552,-0.1948992813883909,0.5241153822890877,1.5403010408762854,-0.12863881165584265,-0.0431494895617464,-0.11097865240348512,-0.5509227169298423,0.5911127968024926,-0.44961958797084073,-0.13004916117839413,-0.22868752839307765,-0.5238433737386753,1.3606789603202112,1.360115328120586,-0.0690561847543834,-0.427993131991747,-0.550891129423957
1731069516.31,-0.9214443623352827,-0.06132667400080943,-0.07518754852562552,-0.05413266353062841,0.5237681989459249,-0.5361107402806123,-0.16119248490349553,-0.0431494895617464,-0.0568968851082497,-0.5505859346967972,-0.4549339772403137,-0.7660319781133258,-0.13004916117839413,-0.1484485135796804,-0.5281780726326601,-0.1963350305392016,0.6155519322489651,-0.0690561847543834,-0.4124243898403614,-0.5505543327264514
1731069516.81,0.9909622269091337,-0.2572826419492012,-0.07518754852562552,-0.2183603843646847,0.5234210160337798,-0.5361107402806123,-0.2588535046464538,-0.0431494895617464,-0.09131255520521774,-0.550249143594092,0.5911127968024926,-0.0773697172149766,-0.13004916117839413,-0.3738819361506536,-0.522856074195957,-0.4558373623490976,0.21109774189894814,-0.0690561847543834,-0.2450604117129663,-0.5502175271703599
1731069517.31,-0.9508660021698115,-0.22003481333091182,-0.07518754852562552,-0.2271582979807948,0.5230738335526591,-0.5361107402806123,-0.2778431473742513,-0.0431494895617464,-0.05443862295846627,-0.5499123436230503,-0.4549339772403137,-0.21031609962778514,-0.13004916117839413,-0.12552308077585259,-0.5233171072029038,-0.4558373623490976,0.5489089122481098,-0.0690561847543834,-0.10494173235049607,-0.5498807127569529
1731069517.81,-0.9214443623352827,-0.13744180204687903,-0.07518754852562552,-0.1274486103315464,0.5227266515025628,1.5403010408762854,0.06668322783007453,-0.0431494895617464,-0.16383128862382884,-0.5495755347849166,-0.4549339772403137,-0.6915820039621529,-0.13004916117839413,-0.0911349315701108,-0.5254635450172728,-0.4558373623490976,1.024602192943868,-0.0690561847543834,0.14026595653382687,-0.5495438894875042
1731069518.31,-2.8044293117451677,12.316288722937689,14.353100567418766,-0.2535520388291253,0.522379469883531,-4.095673793692439,13.836887011587224,12.906703120210636,-0.17194355371811418,-0.5492387170809641,-4.987803331425853,3.408484429648867,10.527284360952207,-0.33185197601030264,-0.525681896390389,-2.0128513532085104,14.091230183456334,7.307698858532046,2.9076098739426146,-0.5492070573632843
1731069518.81,0.9615405870746049,4.918546065183527,-0.07518754852562552,1.755304903516027,0.5220322886955637,-0.5361107402806123,1.7242077573563976,-0.0431494895617464,-0.1473609322202799,-0.5489018905124637,0.5911127968024926,-0.6623337998313349,-0.13004916117839413,1.2232565491826823,-0.5220706719340173,-0.4558373623490976,2.6286307433092744,-0.0690561847543834,0.4049345731073819,-0.548870216385561
1731069519.31,-0.8920227225007512,2.150870451763679,-0.07518754852562552,-0.3356658992461534,0.5216851079386811,-0.5361107402806123,0.09381128886978525,-0.0431494895617464,1.3688951617661387,-0.5485650550806631,-0.4549339772403137,-0.13054827018009982,-0.13004916117839413,-0.40062827442178606,-0.5239234857580461,-0.1963350305392016,2.166725673648176,-0.0690561847543834,-0.3073353803185087,-0.5485333665556077
1731069519.81,0.9615405870746049,0.6301873616517797,-0.07518754852562552,-0.24768676308505183,0.5213379276128897,-0.23948048582963297,-0.38906819763706524,-0.0431494895617464,-0.16555207212867726,-0.548228210786881,0.7654539258096312,-0.4788677921016587,-0.13004916117839413,-0.014716822224018263,-0.5230360240984607,1.3606789603202112,1.107331459151826,-0.0690561847543834,-0.3229041224698943,-0.548196507874695
1731069520.31,-0.9214443623352827,0.3710720321332452,-0.07518754852562552,-0.12158333458747293,0.5209907477181961,1.5403010408762854,-0.7037537056977093,-0.0431494895617464,-0.18202242853222625,-0.5478913576323647,-0.6292751062474522,-0.1119357766423066,-0.13004916117839413,-0.3127474486737795,-0.5249121203451595,-0.4558373623490976,1.024602192943868,-0.0690561847543834,-0.350149421234819,-0.5478596403440906
1731069520.81,0.9615405870746049,-0.2006011636170219,-0.07518754852562552,-0.2916763311656026,0.5206435682546272,-0.5361107402806123,-0.7227433484255068,-0.0431494895617464,-0.12326996315240228,-0.5475544956183845,0.5911127968024926,0.13268556699726136,-0.13004916117839413,-0.3203892596083888,-0.5236903575863812,-0.4558373623490976,0.15364686258786647,-0.0690561847543834,-0.4241009464539006,-0.5475227639650666
1731069521.31,-0.9214443623352827,0.08766464047234791,-0.07518754852562552,-0.3210027098859698,0.5202963892221898,-0.23948048582963297,-0.2588535046464538,-0.0431494895617464,-0.05198036080868284,-0.5472176247462097,-0.4549339772403137,0.8107121173025855,-0.13004916117839413,-0.3471355978795212,-0.519756901684766,-0.4558373623490976,-0.6230890256979607,-0.0690561847543834,-0.25673696832650555,-0.547185878738892
1731069521.81,-0.9214443623352827,0.053655753473040226,7.1389565094465715,-0.1245159724595096,0.5199492106209104,1.5403010408762854,-0.6305079408904903,-0.0431494895617464,-0.2048842665252121,-0.5468807450170877,0.5911127968024926,0.9356817167706262,-0.13004916117839413,0.2068956948796504,-0.5236609950848802,1.3606789603202112,-0.8965552112187105,-0.0690561847543834,-0.2723057104778912,-0.5468489846668344
1731069522.31,-0.9214443623352827,-0.07752138209571785,-0.07518754852562552,-0.3092721583978229,0.519602032450769,-0.5361107402806123,-0.5654005943951848,-0.0431494895617464,-0.13556127390131942,-0.5465438564323363,-0.4549339772403137,-0.3831463967644366,-0.13004916117839413,-0.15609032451428967,-0.519749464899374,-0.4558373623490976,-0.009513634655606003,-0.0690561847543834,-0.4318853175295933,-0.5465120817501659
1731069522.81,0.9909622269091337,0.24799225061194116,-0.07518754852562552,-0.297541606909676,0.5192548547118124,-0.5361107402806123,-0.340237687765586,-0.0431494895617464,-0.042147312209549176,-0.546206958993201,0.7654539258096312,-0.6809462933691282,-0.13004916117839413,-0.3624192197487397,-0.5207361941334558,-0.4558373623490976,-0.17727020224396528,-0.0690561847543834,3.3746721384841822,-0.546175169990154
1731069523.31,-0.9214443623352827,-0.10019397342858964,-0.07518754852562552,0.11009505730342788,0.5189076774040474,-0.5361107402806123,-0.30225840230999096,-0.0431494895617464,-0.1788266877375078,-0.545870052700951,-0.6292751062474522,-0.10661792134579454,-0.13004916117839413,-0.24397115026229618,-0.5230479523979975,-0.1963350305392016,-0.49210102086869406,-0.0690561847543834,0.6384657053781657,-0.5458382493880696
1731069523.81,0.9615405870746049,-0.08237979452419038,-0.07518754852562552,-0.24182148734097839,0.5185605005274739,1.5403010408762854,-0.09065952620024764,-0.0431494895617464,0.47408773924497083,-0.5455331375568567,0.5911127968024926,-0.050780440732414826,-0.13004916117839413,2.633170666618091,-0.5206871405979129,-0.4558373623490976,-0.38179533259141674,-0.0690561847543834,-0.3306884935455871,-0.5455013199451784
1731069524.31,-0.9508660021698115,-0.00950360809710264,-0.07518754852562552,-0.14211179969172993,0.5182133240821186,-0.23948048582963297,-0.12863881165584265,-0.0431494895617464,0.4396720691480028,-0.5451962135621625,-0.4549339772403137,-0.04014473013939012,-0.13004916117839413,-0.3509565033468258,-0.5226387189960097,1.3606789603202112,-0.4943990560411374,-0.0690561847543834,-0.1983541852588095,-0.5451643816627495
1731069524.81,0.9909622269091337,-0.7609380637008529,-0.07518754852562552,-0.2183603843646847,0.5178661480679816,-0.5361107402806123,-0.15034126048761123,-0.0431494895617464,-0.1822682547472046,-0.5448592807181855,0.7654539258096312,-0.08534650015974513,-0.13004916117839413,-0.3471355978795212,-0.5210862177148734,-0.1963350305392016,-0.5702342167317656,-0.0690561847543834,-0.389071276613283,-0.5448274345420522
1731069525.31,-0.9214443623352827,0.05851416590151275,-0.07518754852562552,-0.3034068826537495,0.5175189724850896,-0.5361107402806123,-0.19645896425511916,-0.0431494895617464,-0.18423486446703133,-0.5445223390261699,-0.6292751062474522,0.35337656180252375,-0.13004916117839413,-0.4694045728332694,-0.5178586944464734,-0.4558373623490976,-0.4346501415576121,-0.0690561847543834,-0.2995510092428159,-0.5444904785843553
1731069525.81,-0.8920227225007512,-0.20707904685498527,-0.07518754852562552,-0.3561943643504104,0.5171717973334425,-0.5361107402806123,0.37323031757880537,-0.0431494895617464,-0.14096945063084299,-0.5441853884873842,0.5911127968024926,0.27094980470658253,-0.13004916117839413,-0.4044491798890907,-0.51766632531173,-0.1963350305392016,-0.425458000867839,-0.0690561847543834,-0.15943232988034567,-0.5441535137909236
1731069526.31,0.9615405870746049,0.014788454045259998,-0.07518754852562552,-0.23888884946894168,0.5168246226130672,1.5403010408762854,0.16976985978097497,-0.0431494895617464,-0.133103011751536,-0.5438484291030977,-0.4549339772403137,-0.1571375466626616,-0.13004916117839413,-0.15609032451428967,-0.5178952516549276,1.3606789603202112,-0.31285427741811844,-0.0690561847543834,-0.3423650501591262,-0.5438165401630274
1731069526.81,-8.453384159974824,4.0990938355811615,-0.07518754852562552,-0.06879585289081194,0.5164774483239836,-10.028278882712153,12.952512221692654,-0.0431494895617464,-0.10114560380435145,-0.5435114608745529,-21.724551716110916,2.7703417940673862,-0.13004916117839413,-0.4082700853563953,-0.5196496824517218,-11.873939961984766,10.101841124094806,-0.0690561847543834,-0.5175133993622141,-0.5434795577019346
1731069527.31,8.552323664383207,11.553517971667503,-0.07518754852562552,3.086722497420698,0.5161302744661852,3.3200825675822037,5.896503545263903,16.492816150609144,35.258497158680484,-0.5431744838030669,20.64034263262314,-0.2847660737789581,1.4887863105376467,5.33837173746977,-0.5202892366112267,11.221767569096471,5.381676879896318,-0.0690561847543834,11.120121358798512,-0.5431425664089093
1731069527.81,0.9615405870746049,5.451351961506013,-0.07518754852562552,-0.2740805039333823,0.5157831010396852,1.5403010408762854,0.8886634773333084,-0.0431494895617464,-0.10114560380435145,-0.5428374978898841,0.5911127968024926,-0.8803658669883411,-0.13004916117839413,-0.21340390652385913,-0.5175137984573314,1.3606789603202112,0.6523204950080574,-0.0690561847543834,-0.054343320358492965,-0.5428055662852194
1731069528.31,-0.9214443623352827,2.024551728623394,-0.07518754852562552,-0.17143817841209713,0.5154359280445103,-0.5361107402806123,0.5549883265448669,-0.0431494895617464,-0.17980999259742114,-0.54250050313627,-0.4549339772403137,-0.32464998850280075,-0.13004916117839413,1.5786007576420134,-0.5203301581589774,-0.4558373623490976,-0.46452459879937474,-0.0690561847543834,-0.26841352494004467,-0.5424685573321338
1731069528.81,0.9615405870746049,1.271497802210153,-0.07518754852562552,-0.23302357372486823,0.5150887554806608,-0.23948048582963297,-0.9641830916789319,-0.0431494895617464,-0.0962290795047846,-0.5421634995434929,0.7654539258096312,-0.05609829602892718,-0.13004916117839413,-0.3891655580198721,-0.5164367163031962,-0.1963350305392016,0.045639209483032406,-0.0690561847543834,-0.2839822670914303,-0.5421315395509171
1731069529.31,-0.8920227225007512,0.7840370885534095,-0.07518754852562552,-0.2652825903172721,0.5147415833481831,-0.5361107402806123,-0.6766256446579986,-0.0431494895617464,-0.07902124445630059,-0.5418264871127954,-0.4549339772403137,-1.553074561997153,-0.13004916117839413,-0.22486662292577295,-0.5173631962466111,-0.4558373623490976,0.4983521384543576,-0.0690561847543834,-0.3618259778483582,-0.5417945129428366
1731069529.81,0.9615405870746049,-0.2508047587112378,-0.07518754852562552,-0.3210027098859698,0.5143944116470441,-0.5361107402806123,-0.8231171742724364,-0.0431494895617464,-0.23610419582746164,-0.5414894658454925,-0.6292751062474522,-1.6966566550029867,-0.13004916117839413,-0.4082700853563953,-0.5153075906278674,1.3606789603202112,-0.009513634655606003,-0.0690561847543834,-0.44356187414313253,-0.5414574775091572
1731069530.31,-0.9214443623352827,1.2795951562576071,-0.07518754852562552,-0.3327332613741167,0.5140472403772837,1.5403010408762854,-0.2778431473742513,-0.0431494895617464,-0.1662895507736123,-0.5411524357428268,0.5911127968024926,0.8000764067095608,-0.13004916117839413,-0.47704638376787867,-0.5164563144897728,-0.4558373623490976,1.9047496639896426,-0.0690561847543834,-0.4669149873702109,-0.5411204332511462
1731069530.81,0.9615405870746049,0.018027395664241684,-0.07518754852562552,-0.203697195004501,0.513700069538902,-0.5361107402806123,-0.4758779929641394,-0.0431494895617464,-0.14367353899560475,-0.5408153968060658,-0.6292751062474522,-1.0053354664563814,-0.13004916117839413,-0.4235537072256138,-0.515191940739415,-0.4558373623490976,0.6155519322489651,-0.0690561847543834,-0.5642196258163709,-0.5407833801700682
1731069531.31,-0.9214443623352827,0.18483288904179848,-0.07518754852562552,-0.10692014522728926,0.5133528991319257,-0.5361107402806123,-0.23443824971071417,-0.0431494895617464,-0.04706383650911604,-0.540478349036474,0.7654539258096312,-0.664992727479591,-0.13004916117839413,-0.2325084338603822,-0.5169810969510794,-0.4558373623490976,1.2957703432921743,-0.0690561847543834,-0.4746993584459037,-0.5404463182671891
1731069531.81,-0.9214443623352827,0.6269484200327979,-0.07518754852562552,-0.28874369329356586,0.5130057291563682,1.5403010408762854,-0.7905635010247835,-0.0431494895617464,1.5680143958985964,-0.5401412924352927,0.5911127968024926,-0.9707694070290511,-0.13004916117839413,-0.09877674250472006,-0.5133470768384738,1.3606789603202112,0.5581010529378828,-0.0690561847543834,0.4399642429479994,-0.5401092475437765
1731069532.31,0.9909622269091337,0.3111516121820838,-0.07518754852562552,-0.1274486103315464,0.5126585596122295,-0.5361107402806123,-0.7878506949208124,-0.0431494895617464,-0.14539432250045314,-0.5398042270038385,-0.4549339772403137,-0.6836052210173843,-0.13004916117839413,-0.3662401252160443,-0.5150848814291977,-0.4558373623490976,0.5879755101796457,-0.0690561847543834,-0.14386358772896007,-0.5397721680010905
1731069532.81,0.932118947240076,0.8601522165994793,-0.07518754852562552,1.6702584052269625,0.5123113904995296,-0.5361107402806123,-0.7634354399850729,-0.0431494895617464,-0.17587677315776767,-0.5394671527433514,0.5911127968024926,-1.505213864328542,-0.13004916117839413,0.03495494885094191,-0.5121684668734109,-0.4558373623490976,0.35357592259043136,-0.0690561847543834,-0.2450604117129663,-0.5394350796404
1731069533.31,-2.8044293117451677,0.13786823556656386,7.7010976048729765,-0.3356658992461534,0.5119642218182885,-0.5361107402806123,-0.4623139624442841,-0.0431494895617464,-0.12326996315240228,-0.5391300696550965,-1.675321880290271,0.18054626466587254,2.0283981344429933,1.8880941004936882,-0.5148232078908457,-0.4558373623490976,0.1812232846571858,-0.0690561847543834,-0.3968556476889758,-0.5390979824629695
1731069533.81,0.9615405870746049,0.5087270509399666,-0.07518754852562552,-0.22422566010875813,0.5116170535685064,1.5403010408762854,-0.21816141308688772,-0.0431494895617464,-0.08147950660608401,-0.538792977740339,0.5911127968024926,-0.3379446267440816,-0.13004916117839413,-0.3624192197487397,-0.5126084157650598,-0.1963350305392016,-0.34502676983232433,-0.0690561847543834,-0.4863759150594429,-0.5387608764700605
1731069534.31,-0.9214443623352827,-0.3188225327098532,-0.07518754852562552,-0.2300909358528315,0.5112698857502233,-0.5361107402806123,-0.304971208413962,-0.0431494895617464,-0.17218937993309252,-0.5384558770003205,-0.4549339772403137,-0.3406035543923378,-0.13004916117839413,-0.06438859329897843,-0.51418223650371,1.3606789603202112,-0.36111301603942725,-0.0690561847543834,-0.2061385563345023,-0.5384237616629406
1731069534.81,0.9615405870746049,-0.33501724080476164,-0.07518754852562552,-0.14797707543580338,0.5109227183634191,-0.5361107402806123,-0.6033798798507798,-0.0431494895617464,-0.19652617521594845,-0.5381187674363532,0.24243053878822798,-0.4070767455987422,-0.13004916117839413,-0.3089265432064749,-0.5125735606980413,-0.1963350305392016,-0.3909874732811899,-0.0690561847543834,-0.350149421234819,-0.5380866380428727
1731069535.31,-0.9214443623352827,0.3500189116098641,-0.07518754852562552,-0.23595621159690494,0.5105755514081205,-0.5361107402806123,-0.6006670737468087,-0.0431494895617464,-0.06918819585716686,-0.537781649049678,-0.10625171922604906,-0.5400231280115507,-0.13004916117839413,-0.1484485135796804,-0.513424093873387,-0.4558373623490976,0.6109558619040785,-0.0690561847543834,-0.408532204302515,-0.5377495056111198
1731069535.81,-10.33636910938471,13.492024530628042,34.02803890734294,-0.2799457796774557,0.5102283848843477,-15.960883971731871,25.914299786466422,-0.0431494895617464,-0.039689050059765744,-0.537444521841559,-21.898892845118056,21.922597644456612,29.278795241663012,-0.14080670264507114,-0.5131831821906886,-20.178014579901618,23.359206033920064,-0.0690561847543834,-0.3229041224698943,-0.5374123643689465
1731069536.31,-0.9214443623352827,26.86237553378442,13.322508559137022,-0.297541606909676,0.5098812187920939,3.616712822033183,23.635542659130724,34.821838305979284,14.264938399530005,-0.5371073858132602,-4.813462202418715,4.323155540648992,22.938356310775188,-0.03191089682688908,-0.5135217847249336,-2.0128513532085104,21.467923086999246,37.766558392101814,0.47304782001969375,-0.5370752143176141
1731069536.81,0.9615405870746049,11.106544028248031,-0.07518754852562552,-0.3151374341418964,0.5095340531314126,-0.5361107402806123,3.1891230535007753,-0.0431494895617464,-0.11343691455326856,-0.5367702409660211,0.5911127968024926,-0.8059158928371681,-0.13004916117839413,0.07698490899129298,-0.5128262389932651,-0.1963350305392016,2.989422265382869,-0.0690561847543834,1.268999762509282,-0.5367380554583886
1731069537.31,-0.9214443623352827,5.245679168700677,-0.07518754852562552,0.9048399206253789,0.5091868879022705,-0.23948048582963297,-0.022839373600970846,-0.0431494895617464,-0.17169772750313583,-0.5364330873011538,-0.4549339772403137,-0.3379446267440816,-0.13004916117839413,0.4132245901141005,-0.5122957219046699,-0.4558373623490976,0.6408303191458409,-0.0690561847543834,-0.3812869055375902,-0.5364008877925331
1731069537.81,0.9615405870746049,1.9484366005773242,-0.07518754852562552,-0.35912700222244714,0.5088397231047143,1.5403010408762854,-0.24800228023056953,-0.0431494895617464,-0.11343691455326856,-0.5360959248198992,0.5911127968024926,-0.5479999109563193,-0.13004916117839413,2.8165741290487136,-0.513581708130742,-0.4558373623490976,0.443199294315719,-0.0690561847543834,-0.3229041224698943,-0.5360637113213076
1731069538.31,-0.8920227225007512,1.0674444802143068,-0.07518754852562552,-0.2535520388291253,0.5084925587387304,-0.5361107402806123,0.32711261381129714,-0.0431494895617464,-0.0642716715576,-0.535758753523518,-0.4549339772403137,-0.4575963709156093,-0.13004916117839413,-0.17519485185081277,-0.512342599664365,1.3606789603202112,0.826971168113746,-0.0690561847543834,-0.3306884935455871,-0.5357265260459779
1731069538.81,0.932118947240076,1.2212942071159367,-0.07518754852562552,-0.2799457796774557,0.5081453948043594,-0.5361107402806123,0.6282340913520859,-0.0431494895617464,0.06355796023113829,-0.5354215734132753,0.5911127968024926,0.2682908770583261,-0.13004916117839413,-0.12170217530854788,-0.5125490509755826,-0.1963350305392016,0.564995158455213,-0.0690561847543834,-0.3657181633862046,-0.5353893319678026
1731069539.31,-0.9214443623352827,-0.12610550638044313,-0.07518754852562552,-0.37085755371059403,0.5077982313016008,-0.23948048582963297,0.1968979208206857,-0.0431494895617464,-0.2036551354503204,-0.5350843844904075,-0.4549339772403137,-0.848458735209267,-0.13004916117839413,-0.2592547721315147,-0.5086225444994786,-0.4558373623490976,0.8085868867341999,-0.0690561847543834,-0.3735025344618974,-0.5350521290880476
1731069539.81,0.9615405870746049,-0.09371609019062628,-0.07518754852562552,-0.23888884946894168,0.507451068230475,1.5403010408762854,-0.17746932152732195,-0.0431494895617464,-0.0568968851082497,-0.5347471867562275,0.5911127968024926,-0.513433851528989,-0.13004916117839413,0.04259675978555118,-0.5116395555964757,1.3606789603202112,0.9809395246674459,-0.0690561847543834,0.24924715159352606,-0.5347149174079728
1731069540.31,-0.9214443623352827,-0.3479730072806884,-0.07518754852562552,-0.06879585289081194,0.5071039055909752,-0.5361107402806123,-0.3348120755576438,-0.0431494895617464,0.019309241535036534,-0.5344099802119741,-0.4549339772403137,-0.8590944458022917,-0.13004916117839413,-0.41973280175830924,-0.5083709473431286,-0.1963350305392016,0.8844220474248283,-0.0690561847543834,0.30762993466122196,-0.5343776969288414
1731069540.81,0.9909622269091337,3.146844999600547,-0.07518754852562552,-0.2799457796774557,0.5067567433831348,-0.5361107402806123,3.1430053497332673,-0.0431494895617464,-0.1657978983436556,-0.5340727648589079,0.5911127968024926,0.4703693783257955,-0.13004916117839413,-0.27835929946803784,-0.507834281682172,-0.4558373623490976,4.361349263331504,-0.0690561847543834,0.07799098792828463,-0.5340404676519132
1731069541.31,-0.9508660021698115,1.7281885704865703,-0.07518754852562552,-0.32393534775800653,0.5064095816069605,-0.5361107402806123,-0.191033352047177,-0.0431494895617464,-0.20340930923534206,-0.5337355406982927,-0.4549339772403137,-0.1810678954969672,-0.13004916117839413,-0.22486662292577295,-0.5073662848265479,-0.4558373623490976,2.0610160557157853,-0.0690561847543834,-0.08937299019911048,-0.5337032295784495
1731069541.81,0.932118947240076,0.48605445960709487,-0.07518754852562552,0.17461309048823576,0.5060624202624789,1.5403010408762854,-0.6684872263460854,-0.0431494895617464,-0.2070967024600172,-0.5333983077313631,0.5911127968024926,-0.17575004020045484,-0.13004916117839413,-0.0834931206355017,-0.5099437959595127,1.3606789603202112,1.3118565894992775,-0.0690561847543834,1.8061213667320846,-0.5333659827097135
1731069542.31,-0.8920227225007512,0.4585234558457507,-0.07518754852562552,-0.3063395205257862,0.505715259349677,-0.5361107402806123,-0.4677395746522262,-0.0431494895617464,-0.07902124445630059,-0.5330610659594326,-0.4549339772403137,0.1300266393490049,-0.13004916117839413,1.5977052849785363,-0.5072401490633616,-2.0128513532085104,-0.5035911967309105,-0.0690561847543834,-0.369610348924051,-0.533028727046965
1731069542.81,-0.9508660021698115,0.2350364841360144,-0.07518754852562552,-0.32393534775800653,0.5053680988685811,-0.5361107402806123,-0.37279136101323884,-0.0431494895617464,-0.06672993370738342,-0.532723815383736,0.5911127968024926,1.0473566779973855,-0.13004916117839413,-0.3815237470852629,-0.5079121362397652,1.3606789603202112,-0.8827670001840507,-0.0690561847543834,-0.4007478332268222,-0.5326914625914639
1731069543.31,0.9909622269091337,0.3435410283719007,-0.07518754852562552,-0.2594173145731987,0.5050209388192183,-0.5361107402806123,-0.4541755441323708,-0.0431494895617464,-0.17218937993309252,-0.532386556005536,-1.675321880290271,-0.3485803373371063,2.0283981344429933,-0.42737461269291843,-0.5057530498161581,-0.4558373623490976,-0.2691916091416964,-0.0690561847543834,-0.050451134820646476,-0.5323541893444719
1731069543.81,0.9615405870746049,0.18807183066078015,-0.07518754852562552,-0.20956247074857445,0.5046737792015816,1.5403010408762854,-0.5545493699793005,-0.0431494895617464,-0.1404777982008863,-0.5320492878260912,0.7654539258096312,-0.25551786964814016,-0.13004916117839413,-0.3203892596083888,-0.5077245093259455,1.3606789603202112,-0.6529634829397233,-0.0690561847543834,-0.12829484557757448,-0.5320169073072486
1731069544.31,-0.9508660021698115,0.056894695092021906,-0.07518754852562552,-0.203697195004501,0.504326620015698,-0.5361107402806123,-0.5843902371229823,-0.0431494895617464,-0.18325155960711795,-0.5317120108466414,-0.6292751062474522,-0.2475410867033716,-0.13004916117839413,-0.37770284161795825,-0.5090467687150088,-0.1963350305392016,-0.002619529138276425,-0.0690561847543834,-0.22170729848588788,-0.5316796164810526
1731069544.81,0.9909622269091337,0.06985046156794865,-0.07518754852562552,-0.3561943643504104,0.5039794612615673,-0.5361107402806123,-0.46502676854825514,-0.0431494895617464,-0.049522098658899415,-0.5313747250684933,0.5911127968024926,-0.2900839290754704,-0.13004916117839413,-0.42737461269291843,-0.5051692989737148,-0.4558373623490976,-0.20025055396839805,-0.0690561847543834,-0.369610348924051,-0.5313423168671483
1731069545.31,-0.9508660021698115,-0.6378582821795489,-0.07518754852562552,-0.3210027098859698,0.5036323029392098,-0.5361107402806123,0.039555166790363805,-0.0431494895617464,0.04143360088308741,-0.5310374304928843,-0.4549339772403137,-0.5745891874388811,-0.13004916117839413,-0.15226941904698496,-0.5055249965353219,-0.4558373623490976,-0.4989951263860239,-0.0690561847543834,0.06631443131474535,-0.5310050084667911
1731069545.81,0.9615405870746049,0.40508091913255273,-0.07518754852562552,-0.28874369329356586,0.503285145048652,1.5403010408762854,-0.15034126048761123,-0.0431494895617464,-0.17513929451283264,-0.5307001271210736,0.5911127968024926,-0.19436253373824808,-0.13004916117839413,-0.3662401252160443,-0.5060799224929791,1.3606789603202112,0.08700384258701141,-0.0690561847543834,-0.24895259725081278,-0.5306676912812425
1731069546.31,-0.8920227225007512,0.055275224282531066,-0.07518754852562552,-0.32980062350207995,0.5029379875898738,-0.5361107402806123,0.3379638382271814,-0.0431494895617464,0.8403687995627016,-0.5303628149543207,-0.4549339772403137,0.07418915873562548,-0.13004916117839413,-0.4120909908237,-0.5073554993517307,-0.1963350305392016,-0.05317630293202828,-0.0690561847543834,2.4249788672496617,-0.5303303653117608
1731069546.81,-0.9508660021698115,-0.08399926533368123,7.1389565094465715,1.71718061117955,0.5025908305629424,-0.5361107402806123,0.16976985978097497,-0.0431494895617464,-0.09868734165456802,-0.5300254939938636,0.5911127968024926,0.06355344814260078,-0.13004916117839413,0.7609269876388218,-0.5067948819927626,-0.4558373623490976,-0.5564460056971059,-0.0690561847543834,-0.4552384307566717,-0.5299930305596046
1731069547.31,-0.9214443623352827,0.039080516187622635,-0.07518754852562552,-0.14797707543580338,0.5022436739678107,-0.5361107402806123,0.012427105750653089,-0.0431494895617464,-0.167518681848504,-0.5296881642410075,-0.4549339772403137,0.5847032672008108,-0.13004916117839413,-0.30510563773917027,-0.5022959189175114,-0.4558373623490976,0.006572611551496687,-0.0690561847543834,-0.2956588237049695,-0.529655687026035
1731069547.81,0.9615405870746049,-0.7382654723679811,-0.07518754852562552,-0.35326172647837367,0.5018965178045255,1.5403010408762854,0.837120161357858,-0.0431494895617464,-0.1525232827348251,-0.5293508256969887,-0.4549339772403137,-0.8910015775813658,-0.13004916117839413,-0.21722481199116367,-0.5025939660886786,1.3606789603202112,-0.0715605843115745,-0.0690561847543834,-0.11661828896403519,-0.5293183347123076
1731069548.31,-0.9214443623352827,0.20588600956517925,-0.07518754852562552,-0.3034068826537495,0.5015493620731003,-0.5361107402806123,0.4491888884899954,-0.0431494895617464,-0.12818648745196914,-0.5290134783630667,0.5911127968024926,-0.6623337998313349,-0.13004916117839413,-0.33567288147760727,-0.501385105659407,-0.4558373623490976,-0.3036621367283453,-0.0690561847543834,-0.17889325756957758,-0.5289809736196809
1731069548.81,-0.9214443623352827,-0.6329998697510764,-0.07518754852562552,-0.3356658992461534,0.5012022067735351,-0.5361107402806123,0.37594312368277644,-0.0431494895617464,0.04143360088308741,-0.5286761222405002,0.5911127968024926,-1.0505372364767365,-0.13004916117839413,-0.30128473227186564,-0.5023768225796892,-0.1963350305392016,-0.358814980866984,-0.0690561847543834,-0.4046400187646686,-0.5286436037494191
1731069549.31,0.9615405870746049,-0.08076032371469953,-0.07518754852562552,-0.07172849076284873,0.5008550519058699,-0.5361107402806123,-0.15847967879952446,-0.0431494895617464,-0.16678120320356896,-0.5283387573305226,-0.4549339772403137,-0.6011784639214428,-0.13004916117839413,-0.3891655580198721,-0.5044266195020364,-0.4558373623490976,-0.342728734659881,-0.0690561847543834,-0.3773947199997438,-0.5283062251027731
1731069549.81,0.9615405870746049,0.19454971389874354,-0.07518754852562552,-0.14211179969172993,0.500507897470078,-0.5361107402806123,-0.6467847775143168,-0.0431494895617464,-0.11589517670305198,-0.5280013836344419,0.5911127968024926,-1.3749264095639897,-0.13004916117839413,-0.17519485185081277,-0.5016497515272662,1.3606789603202112,-0.030195951207595502,-0.0690561847543834,-0.2645213394021984,-0.527968837681003
1731069550.31,-0.9214443623352827,-0.5925130995138055,-0.07518754852562552,-0.3092721583978229,0.5001607434662062,1.5403010408762854,-0.13949003607172694,-0.0431494895617464,0.061099698081354854,-0.5276640011534924,-0.4549339772403137,-0.09598221075276983,-0.13004916117839413,-0.10259764797202478,-0.5026609181540053,-0.4558373623490976,0.11687829982877403,-0.0690561847543834,-0.2333838550994272,-0.527631441485367
1731069550.81,0.932118947240076,0.5216828174158934,-0.07518754852562552,-0.3092721583978229,0.49981358989424113,-0.5361107402806123,-0.8204043681684653,-0.0431494895617464,-0.18915138876659815,-0.5273266098889309,0.5911127968024926,-0.2369053761103469,-0.13004916117839413,-0.4617627618986601,-0.5001574851333288,-0.4558373623490976,-0.12441539327776989,-0.0690561847543834,1.4246871840231377,-0.5272940365171236
1731069551.31,-0.9214443623352827,-0.5066811466107908,-0.07518754852562552,0.286053329625631,0.49946643675422286,-0.5361107402806123,-1.0645569175258616,-0.0431494895617464,0.016850979385253106,-0.5269892098420171,-0.4549339772403137,0.01835167812224577,-0.13004916117839413,-0.03764225502784607,-0.5032427778521137,-0.4558373623490976,0.4661796460401517,-0.0690561847543834,-0.3968556476889758,-0.5269566227775265
1731069551.81,0.9615405870746049,0.13786823556656386,-0.07518754852562552,-0.297541606909676,0.4991192840461582,1.5403010408762854,-0.8448196231042049,-0.0431494895617464,1.1722341897834643,-0.5266518010139821,0.5911127968024926,-1.5131906472733108,-0.13004916117839413,2.170841105074231,-0.503074858348637,-0.1963350305392016,0.1743291791398557,-0.0690561847543834,-0.19446199972096317,-0.5266192002678358
1731069552.31,-0.9214443623352827,1.4723121825870171,-0.07518754852562552,1.4708390299284657,0.49877213177004703,-0.5361107402806123,0.10466251328566954,-0.0431494895617464,0.3511746317557994,-0.5263143834061335,-0.4549339772403137,-0.08002864486323277,-0.13004916117839413,1.215614738248073,-0.5019608100143146,1.3606789603202112,1.2268292881188765,-0.0690561847543834,-0.21003074187234877,-0.5262817689893068
1731069552.81,0.932118947240076,0.567028000081637,-0.07518754852562552,-0.24768676308505183,0.4984249799259094,-0.23948048582963297,-0.13949003607172694,-0.0431494895617464,-0.16874781292339572,-0.525976957019704,0.5911127968024926,-1.380244264860502,-0.13004916117839413,-0.39680736895448143,-0.5028232848056837,-0.4558373623490976,0.24327023431315403,-0.0690561847543834,-0.2255994840237344,-0.5259443289431963
1731069553.31,-0.8920227225007512,0.8471964501235526,-0.07518754852562552,-0.25061940095708857,0.49807782851375876,-0.5361107402806123,-0.5409853394594452,-0.0431494895617464,-0.1508024992299767,-0.525639521855951,-0.4549339772403137,-0.8989783605261343,-0.13004916117839413,-0.33567288147760727,-0.5010539942332553,-0.1963350305392016,0.525928560523677,-0.0690561847543834,-0.22170729848588788,-0.5256068801307596
1731069553.81,0.9615405870746049,-0.23137110899734772,-0.07518754852562552,0.6262393227818905,0.4977306775336151,1.5403010408762854,-0.5816774310190113,-0.0431494895617464,-0.18988886741153319,-0.5253020779161309,0.5911127968024926,-1.1914604018343136,-0.13004916117839413,-0.24015024479499147,-0.5014368775622118,1.3606789603202112,0.8844220474248283,-0.0690561847543834,-0.4163165753782078,-0.5252694225532569
1731069554.31,-0.9214443623352827,0.5913200622239995,-0.07518754852562552,-0.3796554673267042,0.4973835269854918,-0.5361107402806123,-0.4324730953006024,-0.0431494895617464,-0.20685087624503887,-0.5249646252014751,-0.4549339772403137,-1.109033644738372,-0.13004916117839413,-0.4846881947024879,-0.4981377448629848,-0.4558373623490976,0.691387092939593,-0.0690561847543834,-0.3190119369320479,-0.5249319562119387
1731069554.81,0.9615405870746049,0.037461045378131795,-0.07518754852562552,-0.38845338094281434,0.49703637686939556,-0.5361107402806123,-0.28326875958219344,-0.0431494895617464,-0.1834973858220963,-0.52462716371329,0.5911127968024926,-0.2874250014272143,-0.13004916117839413,-0.10259764797202478,-0.49816403442877755,-0.4558373623490976,0.9303827508736938,-0.0690561847543834,-0.3773947199997438,-0.524594481108065
1731069555.31,-0.9214443623352827,0.10062040694827466,-0.07518754852562552,-0.10692014522728926,0.49668922718531966,-0.5361107402806123,-0.5572621760832716,-0.0431494895617464,-0.08147950660608401,-0.5242896934528067,-0.4549339772403137,-0.8245283863749614,-0.13004916117839413,-0.42737461269291843,-0.49908989331449943,-0.4558373623490976,-0.16578002638174888,-0.0690561847543834,0.4360720574101531,-0.5242569972428881
1731069555.81,0.9615405870746049,1.1370817250224128,-0.07518754852562552,0.2186026585687865,0.49634207793331764,1.5403010408762854,-0.26699192295836705,-0.0431494895617464,0.07339100883027201,-0.5239522144212823,0.5911127968024926,-0.7553962675203011,-0.13004916117839413,-0.30128473227186564,-0.5008742256891076,1.3606789603202112,-0.2875758905212426,-0.0690561847543834,-0.17889325756957758,-0.5239195046176665
1731069556.31,-0.9214443623352827,-0.10667185666655302,-0.07518754852562552,1.388725169511437,0.49599492911337606,-0.5361107402806123,-0.10693636282407408,-0.0431494895617464,-0.12081170100261884,-0.5236147266199715,-0.4549339772403137,-1.13828184886919,-0.13004916117839413,1.3913763897440863,-0.4994074707624253,-0.4558373623490976,-0.06926254913913123,-0.0690561847543834,0.050745689163359746,-0.5235820032336523
1731069556.81,0.9615405870746049,0.4779571055596408,-0.07518754852562552,-0.34739645073430026,0.4956477807255284,-0.5361107402806123,-0.6088054920587219,-0.0431494895617464,-0.16948529156833075,-0.5232772300501056,0.5911127968024926,-1.2765460865785112,-0.13004916117839413,-0.3089265432064749,-0.49724306233483156,-0.4558373623490976,0.07321563155235174,-0.0690561847543834,-0.4474540596809789,-0.5232444930921012
1731069557.31,-0.9214443623352827,-0.36740665699457853,-0.07518754852562552,-0.256484676701162,0.49530063276976793,-0.5361107402806123,-0.31582243282984634,-0.0431494895617464,0.04389186303287084,-0.5229397247129891,-0.4549339772403137,-0.7952801822441434,-0.13004916117839413,-0.1369857971777664,-0.49782180776267254,-0.4558373623490976,0.6132538970765216,-0.0690561847543834,-0.2956588237049695,-0.5229069741942697
1731069557.81,0.9615405870746049,0.13948770637605487,-0.07518754852562552,-0.2535520388291253,0.49495348524610805,1.5403010408762854,0.007001493542710944,-0.0431494895617464,-0.15965224296919703,-0.5226022106098522,0.5911127968024926,-0.9202497817121837,-0.13004916117839413,-0.13316489171046186,-0.49457145174917916,1.3606789603202112,0.17203114396741268,-0.0690561847543834,-0.16332451541819198,-0.5225694465414102
1731069558.31,-0.9508660021698115,-0.2864331165200364,-0.07518754852562552,-0.37672282945466745,0.49460633815458216,-0.5361107402806123,-0.6115182981626929,-0.0431494895617464,-0.16038972161413204,-0.522264687741951,-0.4549339772403137,-0.16777325725568631,-0.13004916117839413,-0.41973280175830924,-0.4983304573517812,-0.4558373623490976,0.5213324901787904,-0.0690561847543834,0.023500390398435034,-0.5222319101347767
1731069558.81,0.9615405870746049,-0.13420286042789734,-0.07518754852562552,-0.06586321501877529,0.4942591914951836,-0.5361107402806123,-0.5436981455634162,-0.0431494895617464,0.899367091157504,-0.5219271561105383,-0.4549339772403137,0.37730691063682964,-0.13004916117839413,-0.4159118962910046,-0.4984515135340884,-0.1963350305392016,0.13526258120832024,-0.0690561847543834,-0.3968556476889758,-0.5218943649756274
1731069559.31,-0.9214443623352827,0.7969928550293363,-0.07518754852562552,-0.18610136777228067,0.49391204526795246,-0.5361107402806123,0.11551373770155382,-0.0431494895617464,-0.0888542930554343,-0.5215896157168473,0.5911127968024926,0.42250868065718433,-0.13004916117839413,-0.4159118962910046,-0.49771825249129725,-0.4558373623490976,1.1349078812211453,-0.0690561847543834,-0.38517909107543663,-0.5215568110652116
1731069559.81,0.9909622269091337,-0.028937257810992573,-0.07518754852562552,0.3212449840900717,0.49356489947286203,1.5403010408762854,-0.3565145243894124,-0.0431494895617464,0.016850979385253106,-0.5212520665621777,0.5911127968024926,-0.6437213062935416,-0.13004916117839413,0.4934636049274976,-0.49691313495965883,1.3606789603202112,0.6615126356978306,-0.0690561847543834,0.007931648247049436,-0.5212192484047832
1731069560.31,-0.9214443623352827,0.09414252371031129,-0.07518754852562552,-0.2154277464926479,0.49321775410995233,-0.5361107402806123,-0.3483761060774992,-0.0431494895617464,-0.11589517670305198,-0.5209145086477626,-0.4549339772403137,0.03696417166003901,-0.13004916117839413,-0.13316489171046186,-0.4955895403213015,-0.1963350305392016,0.49145803293702806,-0.0690561847543834,2.868688018564151,-0.5208816769955975
1731069560.81,0.932118947240076,-0.1698312182366959,-0.07518754852562552,-0.16557290266802369,0.4928706091792368,-0.5361107402806123,0.05583200341419024,-0.0431494895617464,-0.0568968851082497,-0.5205769419748532,0.5911127968024926,-0.6437213062935416,-0.13004916117839413,-0.21340390652385913,-0.49754672786851134,-0.4558373623490976,0.49145803293702806,-0.0690561847543834,-0.2255994840237344,-0.5205440968389068
1731069561.31,-0.9214443623352827,0.4569039850362597,-0.07518754852562552,1.1277203989001694,0.4925234646807088,-0.5361107402806123,-0.33209926945367274,-0.0431494895617464,0.09551536817832283,-0.5202393665447035,-0.4549339772403137,-0.5267284897702699,-0.13004916117839413,1.6282725287169735,-0.4953276637772173,-0.1963350305392016,1.2819821322575151,-0.0690561847543834,0.25703152266921886,-0.5202065079359649
1731069561.81,-0.9214443623352827,0.22531965927906936,-0.07518754852562552,0.05144229986269357,0.49217632061443506,1.5403010408762854,-0.020126567496999776,-0.0431494895617464,-0.07164645800695028,-0.5199017823585437,0.7654539258096312,-0.6144731021627237,-0.13004916117839413,0.015850421514418817,-0.4971402064192961,1.3606789603202112,1.4612288757080902,-0.0690561847543834,-0.03877457820710736,-0.5198689102880242
1731069562.31,0.9615405870746049,-0.17954804309364095,-0.07518754852562552,1.4444452890801351,0.4918291769803488,-0.5361107402806123,-0.16119248490349553,-0.0431494895617464,-0.13801953605110287,-0.5195641894176775,-0.4549339772403137,-0.3698517585231557,-0.13004916117839413,2.07913937385892,-0.4928461017415624,-0.4558373623490976,1.5002954736396261,-0.0690561847543834,-0.08158861912341768,-0.5195313038963383
1731069562.81,0.9615405870746049,-0.17630910147465925,-0.07518754852562552,0.09836450581528099,0.49148203377852356,-0.23948048582963297,-0.7146049301135936,-0.0431494895617464,-0.14318188656564806,-0.51922658772333,0.5911127968024926,0.14598020523854197,-0.13004916117839413,0.4094036846467958,-0.49056056370745776,-0.4558373623490976,0.038745103965702576,-0.0690561847543834,-0.2061385563345023,-0.5191936887621568
1731069563.31,-0.9214443623352827,-0.36578718618508765,-0.07518754852562552,-0.10692014522728926,0.4911348910089459,-0.5361107402806123,-0.6413591653063746,-0.0431494895617464,0.35854941820514963,-0.5188889772767555,-0.6292751062474522,0.18586411996238492,-0.13004916117839413,-0.13316489171046186,-0.49583698903547474,-0.1963350305392016,0.5029482087992442,-0.0690561847543834,-0.1399714021911136,-0.5188560648867346
1731069563.81,0.9615405870746049,-0.249185287901747,-0.07518754852562552,-0.08345904225099549,0.490787748671636,1.5403010408762854,-0.3646529427013256,-0.0431494895617464,-0.15473571866963018,-0.518551358079208,0.5911127968024926,0.33210514061647434,-0.13004916117839413,-0.21722481199116367,-0.49130356519989254,-0.4558373623490976,-0.21863483534794428,-0.0690561847543834,-0.07380424804772487,-0.518518432271323
1731069564.31,-0.9214443623352827,-0.10181344423808049,-0.07518754852562552,-0.03946947417044473,0.49044060676662715,-0.5361107402806123,-0.22358702529482988,-0.0431494895617464,-0.13064474960175257,-0.518213730131914,-0.4549339772403137,0.6963782284275702,-0.13004916117839413,-0.19812028465464057,-0.49428621176670473,1.3606789603202112,-0.08075272500134761,-0.0690561847543834,-0.3462572356969726,-0.5181807909171724
1731069564.81,0.9615405870746049,-0.23946846304480193,-0.07518754852562552,-0.08932431799506893,0.49009346529390607,-0.23948048582963297,-0.46502676854825514,-0.0431494895617464,-0.15768563324937027,-0.5178760934361749,-0.6292751062474522,-0.8989783605261343,-0.13004916117839413,-0.010895916756713543,-0.49324018942986914,-0.4558373623490976,-0.42315996569539577,-0.0690561847543834,1.2145091649794322,-0.5178431408255366
1731069565.31,-0.9214443623352827,0.061753107520494434,-0.07518754852562552,-0.22129302223672134,0.48974632425348613,-0.5361107402806123,-0.13949003607172694,-0.0431494895617464,-0.13064474960175257,-0.5175384479932191,0.5911127968024926,-0.7208302080929707,-0.13004916117839413,-0.3089265432064749,-0.4927692722113379,-0.4558373623490976,-0.5610420760419924,-0.0690561847543834,-0.1477557732668064,-0.5175054819976651
1731069565.81,-0.9214443623352827,-0.4613359639450472,-0.07518754852562552,0.07490340283898722,0.4893991836454007,1.5403010408762854,-0.39178100374103636,-0.0431494895617464,-0.18398903825205298,-0.5172007938042968,0.5911127968024926,-0.9149319264156713,-0.13004916117839413,-0.28218020493534246,-0.4924468051414501,1.3606789603202112,-0.30825820707323187,-0.0690561847543834,-0.2995510092428159,-0.5171678144348101
1731069566.31,0.9615405870746049,0.08604516966285708,-0.07518754852562552,0.2508616751611904,0.4890520434696364,-0.5361107402806123,-0.07438268957642122,-0.0431494895617464,-0.1670270294185473,-0.5168631308706622,-0.4549339772403137,-0.5426820556598069,-0.13004916117839413,0.1839702620758226,-0.4888940020113227,-0.4558373623490976,-0.2783837498314695,-0.0690561847543834,-0.3735025344618974,-0.5168301381382223
1731069566.81,0.9615405870746049,0.10871776099572869,-0.07518754852562552,1.5353570631132731,0.4887049037262334,-0.5361107402806123,-0.25342789243851166,-0.0431494895617464,-0.15006502058504168,-0.5165254591935405,0.5911127968024926,-0.029509019546365412,-0.13004916117839413,2.350423662037549,-0.48889090408260305,-0.4558373623490976,0.4225169777637297,-0.0690561847543834,-0.17500107203173126,-0.5164924531091541
1731069567.31,-0.9214443623352827,0.05203628266354938,-0.07518754852562552,-0.1245159724595096,0.4883577644151916,-0.5361107402806123,0.2647180734199625,-0.0431494895617464,-0.05198036080868284,-0.5161877787742325,-0.4549339772403137,-0.07205186191846424,-0.13004916117839413,-0.022358633158627534,-0.491330090730783,-0.4558373623490976,-0.4783128098340344,-0.0690561847543834,-0.2645213394021984,-0.5161547593488531
1731069567.81,0.9615405870746049,0.035841574568640955,-0.07518754852562552,-0.18903400564431747,0.48801062553652447,1.5403010408762854,-0.20459738256703236,-0.0431494895617464,-0.1778433828775944,-0.5158500896139637,0.5911127968024926,0.24701945587227667,-0.13004916117839413,-0.3891655580198721,-0.4910572390658398,-0.4558373623490976,0.2754427267273599,-0.0690561847543834,-0.2294916695615807,-0.5158170568585703
1731069568.31,-0.8920227225007512,-0.6508140486554757,-0.07518754852562552,-0.13038124820358304,0.4876634870902454,-0.23948048582963297,0.1182265438055249,-0.0431494895617464,-0.12326996315240228,-0.5155123917139871,-0.4549339772403137,0.4278265359536967,-0.13004916117839413,0.18014935660851802,-0.4893309128381534,1.3606789603202112,-0.3151523125905617,-0.0690561847543834,-0.4708071729080573,-0.5154793456395577
1731069568.81,0.9615405870746049,0.17025765175638072,-0.07518754852562552,0.19514155559249274,0.4873163490763743,-0.5361107402806123,0.13992899263729347,-0.0431494895617464,-0.09377081735500116,-0.515174685075551,0.5911127968024926,0.8825031638055026,-0.13004916117839413,0.34826919716992183,-0.4918580526602674,-0.1963350305392016,-0.3909874732811899,-0.0690561847543834,-0.389071276613283,-0.5151416256930648
1731069569.31,-0.9508660021698115,-0.1973622219980402,-0.07518754852562552,0.004520093910106027,0.48696921149492467,-0.5361107402806123,-0.03640340412082621,-0.0431494895617464,0.04143360088308741,-0.5148369696998828,-0.4549339772403137,-0.13852505312486837,-0.13004916117839413,0.03495494885094191,-0.48990633814416434,-0.4558373623490976,0.28233683224469003,-0.0690561847543834,0.23757059497998675,-0.5148038970203391
1731069569.81,0.9615405870746049,0.31601002461055655,-0.07518754852562552,-0.0218736469382244,0.48662207434589644,-0.23948048582963297,0.11551373770155382,-0.0431494895617464,-0.17071442264322245,-0.5144992455882803,-0.4549339772403137,-1.0106533217528937,-0.13004916117839413,0.15722392380469022,-0.4890833333305223,1.3606789603202112,-0.5518499353522193,-0.0690561847543834,-0.2995510092428159,-0.5144661596226331
1731069570.31,-0.9214443623352827,0.48605445960709487,-0.07518754852562552,0.24792903728915372,0.4862749376293097,1.5403010408762854,0.16976985978097497,-0.0431494895617464,1.204191597730649,-0.5141615127419709,0.5911127968024926,-0.8005980375406557,-0.13004916117839413,0.26803018235652454,-0.4862749246363488,-0.4558373623490976,-0.34043069948743776,-0.0690561847543834,-0.2723057104778912,-0.514128413501193
1731069570.81,-0.9214443623352827,0.04879734104456769,-0.07518754852562552,-0.027738922682297846,0.4859278013451845,-0.5361107402806123,-0.4189090647807471,-0.0431494895617464,-0.15276910894980344,-0.5138237711622038,0.5911127968024926,-0.7580551951685572,-0.13004916117839413,-0.014716822224018263,-0.48945158897746477,-0.4558373623490976,0.33289360603844215,-0.0690561847543834,-0.3034431947806623,-0.5137906586572709
1731069571.31,0.9615405870746049,0.6463820697466881,-0.07518754852562552,0.4033588445070999,0.4855806654935208,-0.5361107402806123,-0.9614702855749608,-0.0431494895617464,-0.1744018158678976,-0.5134860208502273,-0.4549339772403137,-0.5054570685842205,-0.13004916117839413,0.35209010263722634,-0.4890727451566185,-0.4558373623490976,0.004274576379053409,-0.0690561847543834,-0.4513462452188253,-0.5134528950921131
1731069571.81,0.9615405870746049,-0.48886696770639154,-0.07518754852562552,2.9107642250984944,0.48523353007435877,1.5403010408762854,-0.8610964597280313,-0.0431494895617464,-0.13556127390131942,-0.5131482618072678,0.5911127968024926,0.4490979571397461,-0.13004916117839413,3.4279190038174545,-0.4868602880573678,1.3606789603202112,-0.24161518707237706,-0.0690561847543834,-0.427993131991747,-0.5131151228069705
1731069572.31,-0.9214443623352827,0.19940812632721588,-0.07518754852562552,0.1687478147441623,0.48488639508767833,-0.5361107402806123,-0.5871030432269534,-0.0431494895617464,0.007017930786119436,-0.5128104940346232,-0.4549339772403137,-0.12788934253184364,-0.13004916117839413,0.31388104796418,-0.48669665453643896,-0.1963350305392016,0.08700384258701141,-0.0690561847543834,-0.3151197513942015,-0.5127773418030906
1731069572.81,0.9615405870746049,0.2981958457061571,-0.07518754852562552,-0.09225695586710572,0.4845392605335196,-0.5361107402806123,-0.416196258676776,-0.0431494895617464,-0.19357626063620834,-0.5124727175335171,0.5911127968024926,0.382624765933342,-0.13004916117839413,0.01967132698172337,-0.4880781107756405,-0.4558373623490976,0.038745103965702576,-0.0690561847543834,-0.17889325756957758,-0.5124395520817214
1731069573.31,-0.9214443623352827,-0.5698405081809337,-0.07518754852562552,-0.08639168012303228,0.4841921264118758,-0.23948048582963297,-0.19374615815114807,-0.0431494895617464,-0.18669312661681473,-0.5121349323051986,-2.72136865433309,-1.029265815290687,2.0283981344429933,-0.014716822224018263,-0.48820115803164954,-0.4558373623490976,0.24327023431315403,-0.0690561847543834,-0.38517909107543663,-0.5121017536441119
1731069573.81,0.9615405870746049,0.4261340396559338,-0.07518754852562552,-0.09225695586710572,0.4838449927227671,1.5403010408762854,-0.09337233230421872,-0.0431494895617464,-0.19087217227144657,-0.5117971383509169,1.8115006998524499,-1.0930800788488353,-0.13004916117839413,0.08462671992590225,-0.4851958870359537,1.3606789603202112,0.6546185301805005,-0.0690561847543834,-0.4746993584459037,-0.5117639464915085
1731069574.31,-0.9214443623352827,-0.36740665699457853,-0.07518754852562552,-0.04240211204248152,0.48349785946622686,-0.5361107402806123,-0.5599749821872426,-0.0431494895617464,-0.18841391012166314,-0.5114593356718957,-0.4549339772403137,-1.5716870555349465,-0.13004916117839413,0.015850421514418817,-0.4858188132563759,-0.4558373623490976,0.20420363638161856,-0.0690561847543834,1.7944448101185453,-0.5114261306251602
1731069574.81,0.9615405870746049,0.15244347285198162,-0.07518754852562552,-0.17730345415617058,0.4831507266422284,-0.5361107402806123,-0.9289166123273082,-0.0431494895617464,-0.133103011751536,-0.5111215242694319,0.5911127968024926,-1.3855621201570143,-0.13004916117839413,-0.2936429213372564,-0.488338708520097,-0.4558373623490976,0.21799184741627825,-0.0690561847543834,-0.4318853175295933,-0.5110883060463149
1731069575.31,-0.9214443623352827,-0.19898169280753106,-0.07518754852562552,-0.04240211204248152,0.48280359425082514,-0.23948048582963297,-0.31582243282984634,-0.0431494895617464,-0.07164645800695028,-0.5107837041447489,-0.4549339772403137,-1.2180496783168753,-0.13004916117839413,-0.18283666278542204,-0.48205591375348167,-0.4558373623490976,0.7649242184577778,-0.0690561847543834,-0.38517909107543663,-0.5107504727562173
1731069575.81,0.9615405870746049,-0.34959247809017924,-0.07518754852562552,0.06610548922287711,0.48245646229200373,1.5403010408762854,-0.7444457972572754,-0.0431494895617464,-0.1783350353075511,-0.5104458752990941,-0.6292751062474522,-0.9441801305464893,2.0283981344429933,0.12665668006625314,-0.486487461976314,-0.1963350305392016,0.525928560523677,-0.0690561847543834,-0.2450604117129663,-0.5104126307561181
1731069576.31,-0.9508660021698115,0.7046830188883584,-0.07518754852562552,1.5470876146014203,0.4821093307657842,-0.5361107402806123,-0.5491237577713584,-0.0431494895617464,-0.1434277127806264,-0.5101080377337169,-0.4549339772403137,-0.5958606086249305,-0.13004916117839413,2.212871065214582,-0.4862496451742996,-0.4558373623490976,-0.23242304638260394,-0.0690561847543834,-0.13607921665326728,-0.5100747800472589
1731069576.81,0.9615405870746049,-0.48562802608740985,-0.07518754852562552,0.007452731782142684,0.48176219967219336,-0.5361107402806123,-0.8285427864803785,-0.0431494895617464,-0.05198036080868284,-0.5097701914498368,-0.4549339772403137,-0.9016372881743905,2.0283981344429933,-0.07585130970089242,-0.4825033260835111,1.3606789603202112,-0.5104853022482403,-0.0690561847543834,-0.3151197513942015,-0.5097369206308936
1731069577.31,-0.9214443623352827,0.4358508645128789,-0.07518754852562552,-0.28287841754949244,0.48141506901122444,-0.5361107402806123,0.2321644001723096,-0.0431494895617464,-0.17735173044763772,-0.5094323364487527,-0.6292751062474522,-0.954815841139514,-0.13004916117839413,-0.3394937869449119,-0.48533623862400666,-0.4558373623490976,-0.28527785534879935,-0.0690561847543834,-0.350149421234819,-0.5093990525082622
1731069577.81,0.9909622269091337,-0.3447340656617067,-0.07518754852562552,-0.03360419842637129,0.4810679387829042,1.5403010408762854,-0.6820512568659407,-0.0431494895617464,0.8207027023644342,-0.5090944727316864,0.5911127968024926,-1.0079943941046376,-0.13004916117839413,0.1304775855335577,-0.48232430222964595,1.3606789603202112,-0.1956544836235115,-0.0690561847543834,-0.408532204302515,-0.509061175680614
1731069578.31,-0.9508660021698115,-0.2961499413769814,-0.07518754852562552,0.08956659219917089,0.48072080898723935,-0.5361107402806123,-0.7769994705049282,-0.0431494895617464,-0.10852039025370175,-0.5087566002998839,-0.4549339772403137,-1.0585140194215048,-0.13004916117839413,0.031134043383637358,-0.4834317728192099,-0.1963350305392016,0.23637612879582445,-0.0690561847543834,-0.06212769143418576,-0.5087232901491923
1731069578.81,-0.8920227225007512,-0.38198189427999607,-0.07518754852562552,-0.1450444375637667,0.4803736796242499,-0.5361107402806123,-0.2724175351663092,-0.0431494895617464,-0.16432294105378553,-0.5084187191545929,0.5911127968024926,-0.6118141745144675,-0.13004916117839413,-0.03382134956054135,-0.48061163963316916,-0.4558373623490976,0.2524623750029272,-0.0690561847543834,1.8917494485647053,-0.5083853959152491
1731069579.31,0.932118947240076,-0.279955233282073,-0.07518754852562552,-0.018941009066187744,0.4800265506939426,-0.5361107402806123,-0.2018845764630613,-0.0431494895617464,-0.16161885268902376,-0.5080808292970339,-0.4549339772403137,-0.23424644846209072,-0.13004916117839413,0.061701287122074434,-0.48469874682609837,-0.4558373623490976,0.28233683224469003,-0.0690561847543834,-0.3773947199997438,-0.5080474929800232
1731069579.81,0.9615405870746049,0.6058952995094172,-0.07518754852562552,0.23033321005693339,0.47967942219633075,-0.5361107402806123,-0.4026322281569206,-0.0431494895617464,-0.1635854624088505,-0.5077429307285029,0.5911127968024926,-0.4097356732469984,-0.13004916117839413,0.1839702620758226,-0.4800949384606267,1.3606789603202112,0.16973310879496917,-0.0690561847543834,-0.11661828896403519,-0.5077095813447637
1731069580.31,-0.9214443623352827,-0.22975163818785688,-0.07518754852562552,-0.08345904225099549,0.4793322941314278,1.5403010408762854,-0.03369059801685514,-0.0431494895617464,-0.18448069068200967,-0.5074050234502204,-0.4549339772403137,-0.5506588386045754,-0.13004916117839413,-0.1140603643739386,-0.4791910639591093,-0.4558373623490976,0.9464689970807966,-0.0690561847543834,-0.26062915386435187,-0.507371661010714
1731069580.81,0.9615405870746049,-0.3301588283762891,-0.07518754852562552,0.6907573559666982,0.4789851664992604,-0.5361107402806123,-0.2697047290623381,-0.0431494895617464,-0.05198036080868284,-0.5070671074634332,0.5911127968024926,0.031646316363526654,-0.13004916117839413,0.9252259227329213,-0.4837051978091154,-0.4558373623490976,0.39264252052196735,-0.0690561847543834,-0.369610348924051,-0.5070337319791199
1731069581.31,-0.9214443623352827,-0.37712348185152356,-0.07518754852562552,-0.18903400564431747,0.4786380392998219,-0.5361107402806123,-0.4677395746522262,-0.0431494895617464,-0.10852039025370175,-0.5067291827693854,-0.4549339772403137,-0.08534650015974513,-0.13004916117839413,-0.17519485185081277,-0.47852025204006177,-0.4558373623490976,0.4041326963841835,-0.0690561847543834,-0.4124243898403614,-0.5066957942512265
1731069581.81,0.9615405870746049,-0.24270740466378363,-0.07518754852562552,-0.09812223161117917,0.47829091253314576,-0.5361107402806123,-0.24800228023056953,-0.0431494895617464,-0.16997694399828742,-0.5063912493692997,-0.4549339772403137,-0.6968998592586652,-0.13004916117839413,-0.2019411901219451,-0.47725007463045466,1.3606789603202112,0.5029482087992442,-0.0690561847543834,-0.3657181633862046,-0.5063578478282782
1731069582.31,-0.9214443623352827,0.6852493691744683,-0.07518754852562552,0.07197076496695055,0.4779437861992319,1.5403010408762854,0.2728564917318757,-0.0431494895617464,-0.16137302647404542,-0.5060533072644673,0.5911127968024926,0.2789265876513508,-0.13004916117839413,0.1304775855335577,-0.48139880995592993,-0.4558373623490976,1.118821635014042,-0.0690561847543834,-0.38517909107543663,-0.5060198927115181
1731069582.81,0.9615405870746049,-0.10019397342858964,-0.07518754852562552,0.06024021347880367,0.47759666029808706,-0.5361107402806123,0.07482164614198775,-0.0431494895617464,-0.17661425180270268,-0.5057153564561118,0.5911127968024926,-0.4177124561917669,-0.13004916117839413,0.11901486913164387,-0.48129462416912216,-0.1963350305392016,0.8614416957003955,-0.0690561847543834,-0.5214055849000605,-0.5056819289021927
1731069583.31,-0.9214443623352827,0.1508240020424906,-0.07518754852562552,-0.007210457578040859,0.4772495348297447,-0.5361107402806123,-0.104223556720103,-0.0431494895617464,-0.176122599372746,-0.5053773969454766,-0.4549339772403137,-0.23424644846209072,-0.13004916117839413,0.008208610579809547,-0.47798462361222743,-0.4558373623490976,1.1463980570833614,-0.0690561847543834,0.30762993466122196,-0.5053439564015418
1731069583.81,0.9615405870746049,-0.2767162916630913,-0.07518754852562552,-0.2652825903172721,0.476902409794198,-0.5361107402806123,0.06125761562213238,-0.0431494895617464,-0.20513009274019045,-0.5050394287338044,0.5911127968024926,0.18586411996238492,-0.13004916117839413,-0.3853446525525675,-0.47813890504386447,1.3606789603202112,1.6266874081240061,-0.0690561847543834,-0.20224637079665597,-0.5050059752108164
1731069584.31,-0.9214443623352827,0.4698597515121864,-0.07518754852562552,-0.04533474991451818,0.4765552851914872,1.5403010408762854,-0.18018212763129302,-0.0431494895617464,-0.10852039025370175,-0.5047014518223176,-0.4549339772403137,-0.16245540195917396,-0.13004916117839413,0.008208610579809547,-0.47735977362569615,-0.1963350305392016,1.2383194639810926,-0.0690561847543834,-0.3540416067726654,-0.5046679853312533
1731069584.81,0.9615405870746049,-0.10829132747604386,-0.07518754852562552,-0.0218736469382244,0.4762081610215922,-0.5361107402806123,-0.33209926945367274,-0.0431494895617464,0.0021014064865525757,-0.5043634662123085,0.5911127968024926,0.7867817684682803,-0.13004916117839413,-0.030000444093236805,-0.48022571286344473,-0.4558373623490976,0.1812232846571858,-0.0690561847543834,-0.389071276613283,-0.504329986764099
1731069585.31,-0.8920227225007512,-0.028937257810992573,-0.07518754852562552,0.48840534279616477,0.47586103728454643,-0.5361107402806123,-0.14491564827966907,-0.0431494895617464,-0.17808920909257275,-0.5040254719049958,-0.4549339772403137,0.5926800501455797,-0.13004916117839413,0.5431353760024581,-0.4784418997482071,-0.4558373623490976,0.16743507362252613,-0.0690561847543834,-0.07769643358557136,-0.5039919795105964
1731069585.81,0.932118947240076,-0.0791408529052087,-0.07518754852562552,2.080827707312103,0.47551391398036325,1.5403010408762854,0.11008812549361167,-0.0431494895617464,-0.15817728567932696,-0.5036874689016231,0.5911127968024926,0.7867817684682803,-0.13004916117839413,-0.04146316049515062,-0.479812837095614,-0.4558373623490976,-0.2691916091416964,-0.0690561847543834,-0.3773947199997438,-0.5036539635719871
1731069586.31,-0.9214443623352827,-0.5439289752290801,-0.07518754852562552,-0.05999793927470185,0.47516679110904264,-0.5361107402806123,-0.19917177035909023,-0.0431494895617464,-0.133103011751536,-0.5033494572034338,-0.4549339772403137,-0.06407507897369571,-0.13004916117839413,0.09608943632781607,-0.4751831882250149,1.3606789603202112,0.10538812396655763,-0.0690561847543834,-0.369610348924051,-0.5033159389495145
1731069586.81,0.9615405870746049,0.3905056818471353,-0.07518754852562552,-0.2535520388291253,0.4748196686706381,-0.5361107402806123,1.154518475522473,-0.0431494895617464,-0.1704685964282441,-0.5030114368116468,0.5911127968024926,-0.4868445750464272,-0.13004916117839413,-0.06438859329897843,-0.4768640416415242,-0.1963350305392016,-0.41626586017806594,-0.0690561847543834,-0.1983541852588095,-0.5029779056444216
1731069587.31,-0.9214443623352827,0.7370724350781753,-0.07518754852562552,-0.18610136777228067,0.47447254666509614,-0.5361107402806123,0.27014368562790464,-0.0431494895617464,-0.13064474960175257,-0.5026734077275551,-0.4549339772403137,0.2603140941135578,-0.13004916117839413,-0.3662401252160443,-0.47656641200857797,-0.4558373623490976,0.7120694094915822,-0.0690561847543834,-0.350149421234819,-0.5026398636579514
1731069587.81,0.9909622269091337,0.4099393315610254,-0.07518754852562552,-0.09225695586710572,0.4741254250924903,-0.23948048582963297,0.04498077899830595,-0.0431494895617464,0.515878195791289,-0.5023353699523756,0.5911127968024926,-0.1225714872353313,-0.13004916117839413,-0.43119551816022306,-0.4744574102685275,1.3606789603202112,0.9924297005296621,-0.0690561847543834,-0.3151197513942015,-0.5023018129913444
1731069588.31,-0.9508660021698115,0.5589306460341826,-0.07518754852562552,-0.2858110554215291,0.4737783039528005,1.5403010408762854,0.3108357771874707,-0.0431494895617464,-0.1434277127806264,-0.5019973234873518,-0.4549339772403137,0.07950701403213783,-0.13004916117839413,-0.33567288147760727,-0.47765117139163255,-0.4558373623490976,-0.01181166982804928,-0.0690561847543834,2.7285693392016808,-0.5019637536458433
1731069588.81,0.9615405870746049,-0.37064559861356017,-0.07518754852562552,-0.04826738778655496,0.4734311832460469,-0.5361107402806123,0.2511540429001071,-0.0431494895617464,-0.133103011751536,-0.5016592683337263,0.5911127968024926,0.2337248176309961,-0.13004916117839413,-0.33185197601030264,-0.4778984977591264,-0.1963350305392016,-0.3680071215567571,-0.0690561847543834,-0.2294916695615807,-0.5016256856226884
1731069589.31,-0.9214443623352827,0.3597357364668091,-0.07518754852562552,-0.16557290266802369,0.4730840629722561,-0.5361107402806123,-0.14762845438364017,-0.0431494895617464,-0.24495393956668202,-0.501321204492715,-0.4549339772403137,1.8264224789364445,-0.13004916117839413,-0.4694045728332694,-0.4740647238929892,-0.4558373623490976,0.9372768563910234,-0.0690561847543834,-0.3190119369320479,-0.501287608923123
1731069589.81,0.9615405870746049,-0.11962762314247977,-0.07518754852562552,-0.24475412521301512,0.4727369431314281,1.5403010408762854,-0.1530540665915823,-0.0431494895617464,-0.15006502058504168,-0.5009831319656111,0.5911127968024926,0.21245339644494668,-0.13004916117839413,-0.4350164236275277,-0.4734922201523284,-0.4558373623490976,-0.28527785534879935,-0.0690561847543834,-0.007637093904336163,-0.5009495235483884
1731069590.31,-0.9214443623352827,-0.05322931995335521,-0.07518754852562552,1.550020252473457,0.47238982372358307,-0.5361107402806123,0.28642052225173104,-0.0431494895617464,-0.133103011751536,-0.5006450507536311,-1.675321880290271,0.16193377112807902,-0.13004916117839413,2.617887044748873,-0.4732106467636478,-0.4558373623490976,-0.06466647879424467,-0.0690561847543834,-0.3151197513942015,-0.5006114294997249
1731069590.81,0.9909622269091337,0.5718864125101093,-0.07518754852562552,-0.08932431799506893,0.47204270474872095,-0.5361107402806123,0.21317475744451211,-0.0431494895617464,-0.12818648745196914,-0.5003069608580151,1.8115006998524499,-0.6410623786452855,-0.13004916117839413,-0.4694045728332694,-0.4732358503404918,-0.4558373623490976,0.6730028115600467,-0.0690561847543834,-0.4902681005972893,-0.5002733267783741
1731069591.31,-0.9508660021698115,0.567028000081637,-0.07518754852562552,0.04557702411862013,0.47169558620687513,-0.5361107402806123,0.6390853157679701,-0.0431494895617464,-0.039689050059765744,-0.4999688622800075,-0.6292751062474522,-0.5479999109563193,-0.13004916117839413,-0.4159118962910046,-0.4710003551691972,-0.1963350305392016,0.4271130481086163,-0.0690561847543834,-0.2178151129480416,-0.4999352153855761
1731069591.81,-0.9214443623352827,0.750028201554102,-0.07518754852562552,0.08370131645509744,0.47134846809805236,1.5403010408762854,0.5034450105694165,-0.0431494895617464,-0.20660505003006052,-0.4996307550208221,-0.4549339772403137,-0.47354993680514634,2.0283981344429933,0.11137305819703461,-0.47459207579824025,1.3606789603202112,-0.37260319190164365,-0.0690561847543834,-0.3112275658563551,-0.49959709532257096
1731069592.31,0.9909622269091337,-0.3560703613281426,-0.07518754852562552,0.0015874560380692404,0.47100135042226593,-0.5361107402806123,0.7882896514863791,-0.0431494895617464,0.011934455085686298,-0.49929263908175125,-0.4549339772403137,0.2789265876513508,-0.13004916117839413,0.08080581445859752,-0.474605491002266,-0.4558373623490976,1.1854646550148975,-0.0690561847543834,-0.2956588237049695,-0.4992589665906003
1731069592.81,-2.8338509515796964,12.068509689085593,14.353100567418766,11.691082013976432,0.47065423317951594,-4.095673793692439,11.658503710098456,12.906703120210636,0.2897180780112137,-0.4989545144640089,-9.346331556604255,2.2385562644161516,19.161073543437755,15.414099454752085,-0.4743717558038439,-6.943395657596636,9.952468837885993,15.279353502083511,0.6987945812147849,-0.49892082919090275
1731069593.31,-0.9214443623352827,5.932334791924794,-0.07518754852562552,23.380576571914794,0.4703071163698223,-0.5361107402806123,1.0541446496755438,-0.0431494895617464,-0.14269023413569137,-0.49861638116883755,-0.4549339772403137,0.13268556699726136,-0.13004916117839413,30.747393095045574,-0.47390664407027516,-0.4558373623490976,1.3945858557072355,-0.0690561847543834,1.693247986134539,-0.49858268312471987
1731069593.81,0.9615405870746049,1.8188789358180575,-0.07518754852562552,0.01038536965417947,0.4699599999932119,1.5403010408762854,-0.6576360019302011,-0.0431494895617464,-0.16874781292339572,-0.49827823919747605,0.5911127968024926,-0.0428036577876463,-0.13004916117839413,-0.07585130970089242,-0.47322647455151295,1.3606789603202112,-0.050878267759585004,-0.0690561847543834,-0.24116822617512,-0.49824452839328875
1731069594.31,-0.9214443623352827,1.7751532239618044,-0.07518754852562552,0.08370131645509744,0.4696128840496913,-0.5361107402806123,-0.4840164112760526,-0.0431494895617464,0.021767503684819965,-0.49794008855114114,-0.4549339772403137,0.5395014971804561,-0.13004916117839413,-0.1675530409162035,-0.4728451539991251,-0.1963350305392016,0.5603990881103263,-0.0690561847543834,-0.43577750306743973,-0.497906364997851
1731069594.81,0.9615405870746049,0.09090358209132961,-0.07518754852562552,1.2274300865494179,0.4692657685392673,-0.5361107402806123,-0.6603488080341722,-0.0431494895617464,0.5945425845843588,-0.49760192923112034,-0.4549339772403137,-1.1170104276831405,-0.13004916117839413,1.7505415036707215,-0.4734109802811336,-0.4558373623490976,0.25016433983048414,-0.0690561847543834,-0.4124243898403614,-0.4975681929396452
1731069595.31,-0.9214443623352827,0.4034614483230621,-0.07518754852562552,-0.08052640437895883,0.4689186534619532,-0.23948048582963297,-0.8122659498565521,-0.0431494895617464,1.388561258964406,-0.49726376123863136,0.5911127968024926,-1.1435997041657022,-0.13004916117839413,-0.06820949876628316,-0.4718597840352656,-0.1963350305392016,0.23637612879582445,-0.0690561847543834,-0.06991206250987857,-0.4972300122199099
1731069595.81,-0.9214443623352827,-0.37226506942305104,-0.07518754852562552,-0.06293057714673851,0.46857153881777575,1.5403010408762854,-0.6250823286825482,-0.0431494895617464,-0.16653537698859064,-0.49692558457491204,0.5911127968024926,-0.8723890840435725,-0.13004916117839413,-0.18665756825272659,-0.4715969668615406,1.3606789603202112,1.6864363226075314,-0.0690561847543834,-0.3618259778483582,-0.4968918228398852
1731069596.31,0.9615405870746049,-0.5487873876575527,-0.07518754852562552,0.2772554160095209,0.4682244246067282,-0.5361107402806123,-0.35922733049338346,-0.0431494895617464,-0.0028151178130142855,-0.4965873992412011,-0.4549339772403137,-0.9308854923052085,-0.13004916117839413,0.31006014249687547,-0.46956610432908963,-0.4558373623490976,0.9993238060469917,-0.0690561847543834,-0.03877457820710736,-0.49655362480080817
1731069596.81,0.9615405870746049,0.7467892599351204,-0.07518754852562552,-0.0218736469382244,0.46787731082885076,-0.5361107402806123,0.08567287055787204,-0.0431494895617464,-0.1257282253021857,-0.4962492052387145,0.5911127968024926,-1.0053354664563814,-0.13004916117839413,0.08462671992590225,-0.4683358316972007,-0.4558373623490976,0.7281556556986853,-0.0690561847543834,0.01960820486058855,-0.4962154181039189
1731069597.31,-0.8920227225007512,-0.2151764009024393,-0.07518754852562552,-0.06586321501877529,0.46753019748412333,-0.23948048582963297,-0.46502676854825514,-0.0431494895617464,-0.17735173044763772,-0.4959110025687396,-0.4549339772403137,-1.2180496783168753,-0.13004916117839413,0.031134043383637358,-0.47219968412176283,-0.4558373623490976,0.17892524948474225,-0.0690561847543834,-0.43577750306743973,-0.4958772027504544
1731069597.81,0.932118947240076,0.282001137611249,-0.07518754852562552,0.007452731782142684,0.46718308457258606,1.5403010408762854,-0.6467847775143168,-0.0431494895617464,-0.14588597493040983,-0.49557279123249137,0.5911127968024926,-0.9308854923052085,-0.13004916117839413,0.09608943632781607,-0.4716960309080176,-0.4558373623490976,0.008870646723939965,-0.0690561847543834,-0.3306884935455871,-0.49553897874165326
1731069598.31,-0.9214443623352827,-0.4240881353267578,-0.07518754852562552,0.15701726325601542,0.46683597209424554,-0.5361107402806123,-0.8176915620644942,-0.0431494895617464,-0.18546399554192305,-0.4952345712312075,-0.4549339772403137,-0.27413036318593337,-0.13004916117839413,-0.1369857971777664,-0.46837916973052107,1.3606789603202112,-0.2255289408652741,-0.0690561847543834,1.8255822944213165,-0.4952007460787526
1731069598.81,0.9909622269091337,-0.2151764009024393,-0.07518754852562552,-0.03946947417044473,0.4664888600491085,-0.5361107402806123,-0.4785907990681105,-0.0431494895617464,-0.14219858170573468,-0.49489634256612597,-0.4549339772403137,-1.1170104276831405,-0.13004916117839413,-0.19812028465464057,-0.47022526275429,-0.4558373623490976,0.11228222948388747,-0.0690561847543834,-0.3462572356969726,-0.4948625047629909
1731069599.31,-0.9508660021698115,0.28685955003972136,-0.07518754852562552,0.8315239738244609,0.4661417484372084,-0.5361107402806123,-0.532846921147532,-0.0431494895617464,-0.09868734165456802,-0.49455810523846067,0.5911127968024926,-0.6437213062935416,-0.13004916117839413,1.5518544193708808,-0.4678843121701554,-0.1963350305392016,0.07551366672479502,-0.0690561847543834,-0.4396696886052861,-0.49452425479560363
1731069599.81,0.9615405870746049,-0.10343291504757134,-0.07518754852562552,-0.09225695586710572,0.4657946372585185,1.5403010408762854,-0.6929024812818251,-0.0431494895617464,-0.1404777982008863,-0.49421985924949896,0.5911127968024926,-0.9175908540639276,-0.13004916117839413,-0.2592547721315147,-0.4708723950838715,-0.4558373623490976,0.22028988258872126,-0.0690561847543834,-0.26062915386435187,-0.49418599617783104
1731069600.31,-0.9214443623352827,-0.38684030670846864,-0.07518754852562552,-0.24475412521301512,0.4654475265130922,-0.5361107402806123,-0.1639052910074666,-0.0431494895617464,-0.1404777982008863,-0.4938816046004539,-0.4549339772403137,-0.8564355181540355,-0.13004916117839413,-0.35859831428143507,-0.4649827207756881,1.3606789603202112,-0.027897916035152227,-0.0690561847543834,-0.3384728646212798,-0.4938477289109086
1731069600.81,0.9909622269091337,-0.4499996682786113,-0.07518754852562552,-0.05413266353062841,0.4651004162009229,-0.5361107402806123,-0.1340644238637848,-0.0431494895617464,-0.1795641663824428,-0.49354334129256333,0.5911127968024926,-0.46291422621212164,-0.13004916117839413,0.19161207301043184,-0.4676597418218897,-0.4558373623490976,0.42021894259128667,-0.0690561847543834,-0.21392292741019509,-0.4935094529960733
1731069601.31,-0.9214443623352827,-0.07266296966724532,-0.07518754852562552,-0.29460896903763933,0.4647533063220306,-0.5361107402806123,-0.49215482958796586,-0.0431494895617464,-0.0200229528614983,-0.4932050693270641,-0.4549339772403137,-0.6357445233487731,-0.13004916117839413,-0.2898220158699517,-0.4686786915651914,-0.1963350305392016,0.41562287224640015,-0.0690561847543834,-0.4007478332268222,-0.4931711684345607
1731069601.81,0.932118947240076,0.14272664799503657,-0.07518754852562552,-0.10985278309932606,0.46440619687642865,1.5403010408762854,0.05583200341419024,-0.0431494895617464,0.048808387332437704,-0.49286678870516826,0.7654539258096312,0.021010605770501945,-0.13004916117839413,-0.007075011289408993,-0.46784773706890365,-0.4558373623490976,0.9694493488052293,-0.0690561847543834,-0.3657181633862046,-0.4928328752276094
1731069602.31,-0.8920227225007512,-0.08399926533368123,-0.07518754852562552,-0.203697195004501,0.4640590878641305,-0.5361107402806123,0.4084967969304293,-0.0431494895617464,0.5404608172891234,-0.4925284994281613,-0.4549339772403137,0.4703693783257955,-0.13004916117839413,-0.2936429213372564,-0.4636504697054802,1.3606789603202112,0.3512778874179884,-0.0690561847543834,-0.16332451541819198,-0.4924945733764533
1731069602.81,0.932118947240076,0.6334263032707613,-0.07518754852562552,-0.25061940095708857,0.46371197928514946,-0.5361107402806123,-0.09608513840818979,-0.0431494895617464,-0.0888542930554343,-0.4921902014972582,0.4167716677953665,0.28690337059611964,-0.13004916117839413,-0.266896583066124,-0.46744000447059353,-0.4558373623490976,0.8154809922515299,-0.0690561847543834,2.230369590357342,-0.4921562628823296
1731069603.31,-0.8920227225007512,-0.38198189427999607,-0.07518754852562552,-0.30047424478171275,0.46336487113948555,-0.5361107402806123,0.02870394237447952,-0.0431494895617464,-0.12081170100261884,-0.4918518949136919,-0.2805928482331876,-0.4762088644534025,-0.13004916117839413,-0.3662401252160443,-0.465960597537248,-0.1963350305392016,0.5305246308685635,-0.0690561847543834,-0.4474540596809789,-0.4918179437464737
1731069603.81,0.932118947240076,-0.3479730072806884,-0.07518754852562552,-0.1450444375637667,0.46301776342717216,1.5403010408762854,0.08296006445390096,-0.0431494895617464,-0.05443862295846627,-0.49151357967870224,0.5911127968024926,-0.8005980375406557,-0.13004916117839413,-0.07585130970089242,-0.4624953886006542,1.3606789603202112,1.2130410770842168,-0.0690561847543834,-0.44356187414313253,-0.49147961597012113
1731069604.31,-0.9214443623352827,-0.46295543475453804,-0.07518754852562552,1.4532432026962452,0.4626706561482227,-0.5361107402806123,-0.02555217970494192,-0.0431494895617464,-0.13556127390131942,-0.49117525579349736,-0.4549339772403137,-0.6064963192179552,-0.13004916117839413,-0.14462760811237568,-0.4652877240725927,-0.4558373623490976,0.6615126356978306,-0.0690561847543834,-0.3579337923105118,-0.4911412795545074
1731069604.81,0.932118947240076,-0.2961499413769814,-0.07518754852562552,-0.297541606909676,0.4623235493026372,-0.5361107402806123,-0.3972066159489785,-0.0431494895617464,-0.14637762736036652,-0.4908369232593638,0.5911127968024926,-0.5107749238807328,-0.13004916117839413,-0.3815237470852629,-0.4664071113907425,-0.4558373623490976,0.9901316653572191,-0.0690561847543834,-0.3267963080077407,-0.49080293450086815
1731069605.31,-4.657992621320524,4.878059294946255,-0.07518754852562552,-0.11571805884339949,0.4619764428904222,-2.3158922669865305,3.246091981684168,-0.0431494895617464,-0.04706383650911604,-0.4904985820775126,-10.566719459654212,8.250391677123362,-0.13004916117839413,0.11519396366433916,-0.4653226106973849,-5.386381666737232,0.8913161529421578,-0.0690561847543834,-0.17500107203173126,-0.49046458081043576
1731069605.81,2.8739471763190214,6.90563674842879,6.202054683735897,-0.3063395205257862,0.4616293369116113,1.5403010408762854,5.421762477068966,5.93370556110243,26.40875341946014,-0.4901602322491798,7.3904168280808085,0.6751068072415208,5.535874989827748,-0.20576209558924985,-0.4648921467775441,4.4747069420390275,6.8363331440529125,3.3813614967828176,-0.4630228018323645,-0.4901262184844503
1731069606.31,-0.9214443623352827,3.1419865871720742,-0.07518754852562552,-0.28287841754949244,0.4612822313662244,-0.5361107402806123,0.0992369010777274,-0.0431494895617464,-0.176122599372746,-0.4898218737755992,-0.4549339772403137,0.4570747400845143,-0.13004916117839413,-0.09495583703741552,-0.46643315769645216,-2.0128513532085104,0.1306665108634337,-0.0690561847543834,-0.12440266003972798,-0.48978784752414123
1731069606.81,0.9615405870746049,1.2050994990210282,-0.07518754852562552,0.7816691299998366,0.46093512625424826,-0.5361107402806123,-0.5002932478998791,-0.0431494895617464,0.04635012518265427,-0.48948350665798307,0.5911127968024926,0.26297302176181375,-0.13004916117839413,0.1839702620758226,-0.4649594191083073,1.3606789603202112,-0.2806817850039128,-0.0690561847543834,-0.3345806790834334,-0.4894494679307456
1731069607.31,-0.9214443623352827,0.9897098813587464,-0.07518754852562552,-0.2183603843646847,0.4605880215757029,-0.5361107402806123,-0.3565145243894124,-0.0431494895617464,0.4691712149454039,-0.4891451308976129,-1.675321880290271,-0.848458735209267,-0.13004916117839413,-0.32421016507569345,-0.46398423110144454,-0.4558373623490976,0.08010973706968158,-0.0690561847543834,1.3643583081865187,-0.4891110797054959
1731069607.81,0.9615405870746049,0.3273463202769923,-0.07518754852562552,-0.2858110554215291,0.4602409173306083,1.5403010408762854,-0.4758779929641394,-0.0431494895617464,-0.07410472015673372,-0.4888067464957009,1.8115006998524499,-0.6330855957005169,-0.13004916117839413,-0.24779205572960075,-0.46278667422232034,1.3606789603202112,-0.49210102086869406,-0.0690561847543834,3.0632972954564703,-0.48877268284962605
1731069608.31,-0.9214443623352827,0.14920453123299993,-0.07518754852562552,-0.35032908860633694,0.4598938135189912,-0.5361107402806123,-0.340237687765586,-0.0431494895617464,1.2066498598804325,-0.48846835345348194,-0.4549339772403137,-0.954815841139514,-0.13004916117839413,-0.23632933932768693,-0.4639873727428861,-0.4558373623490976,-0.40477568431584954,-0.0690561847543834,-0.3034431947806623,-0.48843427736437167
1731069608.81,0.9615405870746049,0.3289657910864833,-0.07518754852562552,0.4502810504596872,0.45954671014083165,-0.5361107402806123,-0.2995455962060199,-0.0431494895617464,-0.16014389539915372,-0.48812995177218815,0.5911127968024926,-0.5905427533284181,-0.13004916117839413,0.85836007705509,-0.46283101992947073,-0.4558373623490976,0.13526258120832024,-0.0690561847543834,-0.2761978960157375,-0.48809586325096666
1731069609.31,-0.9214443623352827,-0.5277342671341717,-0.07518754852562552,-0.2682152281893088,0.45919960719618974,-0.5361107402806123,0.1372161865333224,-0.0431494895617464,1.002614101448408,-0.4877915414530297,-0.4549339772403137,-0.664992727479591,-0.13004916117839413,1.953049493437867,-0.46012260648864234,-0.4558373623490976,-0.4599285284544882,-0.0690561847543834,-0.24895259725081278,-0.4877574405106405
1731069609.81,-0.9214443623352827,0.16216029770892668,-0.07518754852562552,-0.18610136777228067,0.4588525046850254,1.5403010408762854,-0.18832054594320594,-0.0431494895617464,-0.04706383650911604,-0.4874531224972911,0.5911127968024926,0.16725162642459138,-0.13004916117839413,-0.25543386666421003,-0.46000750451441713,1.3606789603202112,-0.16348199120930562,-0.0690561847543834,0.031284761474127835,-0.48741900914463027
1731069610.31,0.9615405870746049,0.18807183066078015,-0.07518754852562552,-0.2916763311656026,0.45850540260738537,-0.5361107402806123,-0.21273580087894559,-0.0431494895617464,-0.05198036080868284,-0.4871146949061787,-0.4549339772403137,-0.24222323140685925,-0.13004916117839413,-0.3891655580198721,-0.4606171226964282,-0.4558373623490976,-0.11062718224311023,-0.0690561847543834,-0.050451134820646476,-0.4870805691541668
1731069610.81,-0.9214443623352827,0.3079126705631022,-0.07518754852562552,-0.10985278309932606,0.4581583009632831,-0.5361107402806123,0.6879158256394494,-0.0431494895617464,-0.10852039025370175,-0.48677625868092844,0.5911127968024926,-0.01355545365682835,-0.13004916117839413,-0.40062827442178606,-0.4622519715204199,-0.4558373623490976,-0.7563750656996707,-0.0690561847543834,-0.26062915386435187,-0.48674212054048266
1731069611.31,0.9615405870746049,0.5103465217494573,-0.07518754852562552,-0.09518959373914238,0.45781119975271845,-0.5361107402806123,0.0883856766618431,-0.0431494895617464,-0.0028151178130142855,-0.48643781382277235,-0.4549339772403137,0.9862013420874932,-0.13004916117839413,-0.3203892596083888,-0.45949810660272117,-0.1963350305392016,-0.12441539327776989,-0.0690561847543834,-0.1905698141831167,-0.48640366330481183
1731069611.81,0.9615405870746049,-0.32368094513832574,-0.07518754852562552,0.9136378342414888,0.45746409897571827,1.5403010408762854,0.22945159406833854,-0.0431494895617464,-0.15768563324937027,-0.4860993603329188,-0.4549339772403137,-0.06673400662195189,-0.13004916117839413,-0.4388373290948323,-0.45921337395429074,-0.4558373623490976,0.9579591729430131,-0.0690561847543834,-0.08158861912341768,-0.4860651974483867
1731069612.31,-0.8920227225007512,0.7192582561737758,-0.07518754852562552,-0.1948992813883909,0.4571169986322759,-0.5361107402806123,0.6635005707037097,-0.0431494895617464,-0.15965224296919703,-0.4857608982126502,0.5911127968024926,-0.20499824433127278,-0.13004916117839413,-0.33185197601030264,-0.45949485058069534,1.3606789603202112,-0.20714465948572788,-0.0690561847543834,0.15972688422305895,-0.48572672297243685
1731069612.81,-0.9508660021698115,-0.44838019746912045,-0.07518754852562552,-0.25061940095708857,0.456769898722438,-0.5361107402806123,0.18333389030083033,-0.0431494895617464,-0.1864473004018364,-0.4854224274631741,0.5911127968024926,-0.8059158928371681,-0.13004916117839413,-0.370061030683349,-0.4595854576769972,-0.4558373623490976,-0.030195951207595502,-0.0690561847543834,-0.3229041224698943,-0.4853882398781977
1731069613.31,-0.9214443623352827,0.011549512426278314,7.1389565094465715,-0.04826738778655496,0.45642279924617796,-0.5361107402806123,-0.39991942205294956,-0.0431494895617464,-0.07656298230651715,-0.4850839480857234,-0.4549339772403137,-0.23158752081383455,-0.13004916117839413,0.0005667996452002768,-0.45803190977467384,-0.1963350305392016,0.3627680632802045,-0.0690561847543834,0.21810966729075484,-0.48504974816689705
1731069613.81,0.9909622269091337,0.19131077227976184,-0.07518754852562552,0.7640733027676162,0.4560757002035358,-0.23948048582963297,-0.7146049301135936,-0.0431494895617464,-0.061813409407816565,-0.48474546008153024,0.5911127968024926,-0.6516980892383102,-0.13004916117839413,0.24128384408539202,-0.4557819744236839,1.3606789603202112,-0.04168612706981189,-0.0690561847543834,-0.24116822617512,-0.4847112478397706
1731069614.31,-0.9214443623352827,-0.6394777529890397,-0.07518754852562552,1.5764139933217873,0.4557286015945383,1.5403010408762854,-0.8285427864803785,-0.0431494895617464,-0.14490267007049645,-0.48440696345180095,-0.4549339772403137,0.6538353860554714,-0.13004916117839413,-0.3738819361506536,-0.4584453522088706,-0.4558373623490976,-0.27378767948658295,-0.0690561847543834,-0.3151197513942015,-0.48437273889804616
1731069614.81,0.9615405870746049,0.15892135608994498,-0.07518754852562552,-0.1245159724595096,0.45538150341915207,-0.5361107402806123,-0.6712000324500564,-0.0431494895617464,-0.07410472015673372,-0.4840684581978172,0.5911127968024926,0.06621237579085666,-0.13004916117839413,-0.14080670264507114,-0.45539629372582563,-0.1963350305392016,1.4267583481214414,-0.0690561847543834,-0.3384728646212798,-0.4840342213429562
1731069615.31,-0.9214443623352827,-0.5617431541334794,-0.07518754852562552,-0.1274486103315464,0.45503440567743053,-0.5361107402806123,-0.5002932478998791,-0.0431494895617464,-0.1404777982008863,-0.48372994432078725,-0.4549339772403137,0.4038961871193908,-0.13004916117839413,-0.35859831428143507,-0.4559122870080027,-0.4558373623490976,0.9165945398390342,-0.0690561847543834,-0.17110888649388478,-0.4836956951757317
1731069615.81,0.9615405870746049,0.02774422052118674,-0.07518754852562552,-0.11571805884339949,0.45468730836936033,1.5403010408762854,-0.5626877882912137,-0.0431494895617464,-0.14981919437006333,-0.4833914218219404,-0.4549339772403137,0.1167320011077243,-0.13004916117839413,-0.3891655580198721,-0.45501285873566544,1.3606789603202112,0.42481501293617274,-0.0690561847543834,0.06242224577689903,-0.48335716039760207
1731069616.31,-0.9214443623352827,0.14272664799503657,-0.07518754852562552,-0.10398750735525261,0.45434021149498155,-0.5361107402806123,-0.9072141634955395,-0.0431494895617464,-0.09868734165456802,-0.48305289070250956,0.5911127968024926,-0.9920408282151005,-0.13004916117839413,-0.21340390652385913,-0.4579824051276893,-0.1963350305392016,1.350923187430813,-0.0690561847543834,-0.2061385563345023,-0.48301861700980125
1731069616.81,0.9615405870746049,-0.49048643851588236,-0.07518754852562552,-0.2022308760684827,0.45399311505430096,-0.23948048582963297,-0.73088176673742,-0.0431494895617464,-0.1257282253021857,-0.48271435096370113,0.5911127968024926,-1.4334228178256256,-0.13004916117839413,-0.27453839400073327,-0.457405486661676,-0.4558373623490976,0.4822658922472549,-0.0690561847543834,-0.3579337923105118,-0.48268006501355565
1731069617.31,-0.9214443623352827,0.4196561564179705,-0.07518754852562552,-0.30047424478171275,0.4536460190473117,-0.5361107402806123,-0.885511714663771,-0.0431494895617464,-0.2093091383948223,-0.4823758026067931,-0.4549339772403137,-1.0824443682558105,-0.13004916117839413,-0.297463826804561,-0.4546580082878242,-0.4558373623490976,0.44090125914327594,-0.0690561847543834,3.1800628615918627,-0.48234150441009777
1731069617.81,0.9615405870746049,0.44070927694135126,-0.07518754852562552,-0.23595621159690494,0.45329892347404743,-0.5361107402806123,-0.9533318672630476,-0.0431494895617464,-0.10360386595413489,-0.48203724563299255,0.5911127968024926,-0.19968038903476043,-0.13004916117839413,-0.27071748853342853,-0.4544099477966555,1.3606789603202112,1.3440290819134832,-0.0690561847543834,-0.3773947199997438,-0.48200293520065696
1731069618.31,-0.9214443623352827,0.6560988946036331,-0.07518754852562552,-0.28874369329356586,0.45295182833451464,1.5403010408762854,-0.7173177362175647,-0.0431494895617464,-0.05198036080868284,-0.4816986800435308,-0.4549339772403137,-1.0505372364767365,-0.13004916117839413,-0.39680736895448143,-0.45313669758034175,-0.1963350305392016,0.6684067412151602,-0.0690561847543834,2.175878992827492,-0.4816643573864612
1731069618.81,0.9615405870746049,-0.12772497718993397,-0.07518754852562552,1.3036786712223727,0.4526047336287268,-0.5361107402806123,-0.8339683986883206,-0.0431494895617464,-0.16088137404408873,-0.481360105839636,0.5911127968024926,-0.7766676887063502,-0.13004916117839413,2.6140661392815683,-0.45214295908766977,-0.4558373623490976,0.35357592259043136,-0.0690561847543834,-0.4202087609160542,-0.48132577096874285
1731069619.31,-0.9214443623352827,0.10223987775776532,-0.07518754852562552,-0.27114786606134555,0.4522576393567106,-0.5361107402806123,-0.497580441795908,-0.0431494895617464,-0.11589517670305198,-0.4810215230225165,-0.4549339772403137,-0.4283481667847916,-0.13004916117839413,-0.4159118962910046,-0.45441222915513885,-0.4558373623490976,-0.11522325258799677,-0.0690561847543834,-0.350149421234819,-0.48098717594872836
1731069619.81,0.9615405870746049,0.8957805744082779,-0.07518754852562552,-0.2682152281893088,0.45191054551845267,1.5403010408762854,-0.46502676854825514,-0.0431494895617464,0.7051643813246131,-0.48068293159344816,0.5911127968024926,-0.529387417418526,-0.13004916117839413,-0.35477740881413045,-0.451188228514224,1.3606789603202112,0.0984940184492278,-0.0690561847543834,-0.17110888649388478,-0.48064857232764874
1731069620.31,-0.9214443623352827,-0.11476921071400724,-0.07518754852562552,-0.03360419842637129,0.45156345211397975,-0.5361107402806123,0.13179057432538024,-0.0431494895617464,-0.08639603090565087,-0.4803443315536374,-0.4549339772403137,-1.2100728953721067,-0.13004916117839413,-0.3471355978795212,-0.45590269432033215,-0.4558373623490976,-0.216336800175501,-0.0690561847543834,-0.3579337923105118,-0.4803099601067317
1731069620.81,0.9909622269091337,0.4228950980369522,-0.07518754852562552,-0.32980062350207995,0.45121635914331193,-0.5361107402806123,-0.4107706464688338,-0.0431494895617464,-0.07164645800695028,-0.4800057229043135,0.5911127968024926,-0.7527373398720449,-0.13004916117839413,-0.33567288147760727,-0.45145998128616505,-0.4558373623490976,-0.05547433810447156,-0.0690561847543834,-0.389071276613283,-0.4799713392872053
1731069621.31,-0.9508660021698115,-0.22813216737836603,-0.07518754852562552,-0.203697195004501,0.4508692666064492,-0.5361107402806123,-0.5409853394594452,-0.0431494895617464,-0.11343691455326856,-0.4796671056467065,-0.4549339772403137,-0.8511176628575231,-0.13004916117839413,-0.35859831428143507,-0.4520740317423242,-0.1963350305392016,0.5925715805245323,-0.0690561847543834,-0.027098021593568077,-0.47963270987030043
1731069621.81,0.9615405870746049,-0.20222063442651272,-0.07518754852562552,-0.3415311749902268,0.45052217450343834,-0.23948048582963297,-0.5030060540038501,-0.0431494895617464,-0.061813409407816565,-0.4793284797820181,0.5911127968024926,-0.6277677404040046,-0.13004916117839413,-0.39680736895448143,-0.45550353905865776,1.3606789603202112,-0.13590556913998628,-0.0690561847543834,1.3935496997203665,-0.47929407185724343
1731069622.31,-0.9214443623352827,0.1475850604235089,-0.07518754852562552,-0.2183603843646847,0.45017508283423924,1.5403010408762854,-0.0038497308731733435,-0.0431494895617464,-0.1928387819912733,-0.478989845311529,-0.8036162352545908,0.3613533447472926,-0.13004916117839413,0.11519396366433916,-0.4514176923721565,-0.1963350305392016,0.7557320777680048,-0.0690561847543834,-0.2761978960157375,-0.47895542524926377
1731069622.81,0.9615405870746049,-0.16497280580822335,-0.07518754852562552,-0.2858110554215291,0.44982799159890535,-0.5361107402806123,-0.23172544360674308,-0.0431494895617464,-0.1446568438555181,-0.47865120223644164,0.9397950548167697,-0.7367837739825078,-0.13004916117839413,-0.37770284161795825,-0.4524139654694955,-0.4558373623490976,0.4822658922472549,-0.0690561847543834,-0.3812869055375902,-0.4786167700475878
1731069623.31,-0.9214443623352827,0.8747274538848967,-0.07518754852562552,0.49133798066820145,0.4494809007974434,-0.5361107402806123,-0.47316518686016834,-0.0431494895617464,-0.0962290795047846,-0.4783125505579854,-0.4549339772403137,0.9888602697357497,-0.13004916117839413,1.0704203304904971,-0.4502314883872317,-0.4558373623490976,0.5282265956961205,-0.0690561847543834,-0.26841352494004467,-0.47827810625344336
1731069623.81,0.9615405870746049,0.060133636711003594,-0.07518754852562552,1.3506008771749602,0.4491338104298467,1.5403010408762854,-0.28326875958219344,-0.0431494895617464,-0.176122599372746,-0.47797389027738746,0.7654539258096312,-0.04812151308415865,-0.13004916117839413,-0.3203892596083888,-0.44880430812571703,1.3606789603202112,0.5512069474205533,-0.0690561847543834,-0.21392292741019509,-0.4779394338680584
1731069624.31,-0.9214443623352827,0.07794781561540286,-0.07518754852562552,-0.32393534775800653,0.4487867204961687,-0.5361107402806123,-0.06895707736847907,-0.0431494895617464,-0.20340930923534206,-0.4776352213958514,-0.6292751062474522,-0.5612945491976001,-0.13004916117839413,-0.1484485135796804,-0.44926210113758835,-0.4558373623490976,0.3282975356935556,-0.0690561847543834,-0.24895259725081278,-0.47760075289266085
1731069624.81,0.9615405870746049,-0.11638868152349807,-0.07518754852562552,-0.31220479626985964,0.44843963099637596,-0.5361107402806123,-0.2886943717901356,-0.0431494895617464,-0.19013469362651153,-0.47729654391465504,0.5911127968024926,-1.090421151200579,-0.13004916117839413,-0.4694045728332694,-0.45238049717709694,-0.1963350305392016,0.4638816108677087,-0.0690561847543834,-0.4552384307566717,-0.4772620633284755
1731069625.31,-0.9214443623352827,-0.1439196852848424,-0.07518754852562552,-0.3385985371181901,0.4480925419305086,-0.5361107402806123,0.3162613893954129,-0.0431494895617464,-0.0888542930554343,-0.47695785783499905,-0.4549339772403137,-0.3166732055580322,-0.13004916117839413,-0.3471355978795212,-0.44817225721925563,-0.4558373623490976,1.2704919563952985,-0.0690561847543834,-0.4318853175295933,-0.4769233651767318
1731069625.81,-0.9214443623352827,-0.2750968208536005,-0.07518754852562552,-0.3034068826537495,0.4477454532985734,1.5403010408762854,-0.13135161775981372,-0.0431494895617464,-0.09131255520521774,-0.47661916315811353,0.5911127968024926,-0.5320463450667822,-0.13004916117839413,-0.4044491798890907,-0.4488292233991467,1.3606789603202112,0.8292692032861896,-0.0690561847543834,-0.44356187414313253,-0.47658465843865455
1731069626.31,0.9615405870746049,-0.37388454023254186,-0.07518754852562552,-0.23595621159690494,0.4473983651005903,-0.5361107402806123,-0.304971208413962,-0.0431494895617464,1.3295629673696039,-0.476280459885224,-0.4549339772403137,-0.22095181022080984,-0.13004916117839413,-0.24397115026229618,-0.44853242727197323,-0.4558373623490976,0.7120694094915822,-0.0690561847543834,1.1094201554575795,-0.47624594311547164
1731069626.81,0.9909622269091337,-0.2621410543776737,-0.07518754852562552,-0.32980062350207995,0.44705127733657934,-0.5361107402806123,-0.5138572784197344,-0.0431494895617464,-0.16801033427846068,-0.4759417480175329,0.5911127968024926,0.17788733701761608,-0.13004916117839413,-0.17137394638350822,-0.450318170437247,-0.1963350305392016,1.0613707557029604,-0.0690561847543834,-0.3735025344618974,-0.475907219208408
1731069627.31,-0.9508660021698115,0.20588600956517925,-0.07518754852562552,-0.30047424478171275,0.4467041900065273,-0.5361107402806123,-0.7118921240096225,-0.0431494895617464,-0.13556127390131942,-0.4756030275563163,-0.4549339772403137,0.5527961354217367,-0.13004916117839413,-0.060567687831673885,-0.4480766167835236,-0.4558373623490976,0.4041326963841835,-0.0690561847543834,-0.4124243898403614,-0.4755684867186899
1731069627.81,0.9615405870746049,0.1313903523286005,-0.07518754852562552,-0.256484676701162,0.44635710311047405,1.5403010408762854,-0.4026322281569206,-0.0431494895617464,-0.04706383650911604,-0.47526429850277657,-0.6292751062474522,0.21511232409320255,-0.13004916117839413,0.5737026197408952,-0.4466283017834054,-0.4558373623490976,-0.4185638953505092,-0.0690561847543834,-0.18667762864527038,-0.4752297456475423
1731069628.31,-0.9214443623352827,-0.22165428414040267,-0.07518754852562552,1.338870325686813,0.44601001664840645,-0.5361107402806123,0.15078021705317776,-0.0431494895617464,-0.17268103236304921,-0.4749255608581393,0.7654539258096312,0.37464798298857316,-0.13004916117839413,-0.42737461269291843,-0.44635196745580946,1.3606789603202112,-0.7540770305272275,-0.0690561847543834,-0.3812869055375902,-0.47489099599619294
1731069628.81,-0.9214443623352827,-0.04675143671539184,-0.07518754852562552,-0.29460896903763933,0.44566293062036444,-0.5361107402806123,-0.25342789243851166,-0.0431494895617464,-0.1456401487154315,-0.47458681462363167,-0.4549339772403137,-0.6277677404040046,-0.13004916117839413,-0.3203892596083888,-0.4469630636360027,-0.1963350305392016,-0.8919591408738239,-0.0690561847543834,-0.4552384307566717,-0.47455223776586675
1731069629.31,0.9615405870746049,-0.2767162916630913,-0.07518754852562552,-0.15677498905191348,0.4453158450263615,-0.5361107402806123,-0.19374615815114807,-0.0431494895617464,-0.02739773931084859,-0.4742480598004534,0.5911127968024926,-1.167530053000008,-0.13004916117839413,-0.2898220158699517,-0.44823850566879686,-0.4558373623490976,-0.17037609672663545,-0.0690561847543834,-0.4513462452188253,-0.4742134709577871
1731069629.81,-0.9214443623352827,-0.7155928810351093,-0.07518754852562552,-0.04826738778655496,0.44496875986638423,1.5403010408762854,-0.04182901632876835,-0.0431494895617464,-0.17464764208287595,-0.47390929638988144,0.5911127968024926,-0.4416428050260722,-0.13004916117839413,-0.27071748853342853,-0.4457752015264845,1.3606789603202112,-0.7471829250098977,-0.0690561847543834,-0.1399714021911136,-0.4738746955731818
1731069630.31,0.9615405870746049,-0.043512495096410156,-0.07518754852562552,-0.3034068826537495,0.444621675140466,-0.5361107402806123,-0.3646529427013256,-0.0431494895617464,-0.18718477904677142,-0.4735705243931145,-0.4549339772403137,-0.7873033992993749,-0.13004916117839413,-0.3509565033468258,-0.4464763050934376,-0.4558373623490976,-0.4806108450064777,-0.0690561847543834,-0.08548080466126416,-0.4735359116132727
1731069630.81,0.9615405870746049,-0.06294614481030027,-0.07518754852562552,-0.26234995244523546,0.44427459084862025,-0.5361107402806123,-0.19645896425511916,-0.0431494895617464,0.42246423409951883,-0.4732317438113789,0.5911127968024926,-0.44961958797084073,-0.13004916117839413,-0.1484485135796804,-0.44901179748957476,-0.4558373623490976,0.9349788212185804,-0.0690561847543834,-0.4202087609160542,-0.4731971190792861
1731069631.31,-0.9214443623352827,-0.11962762314247977,-0.07518754852562552,-0.31220479626985964,0.44392750699085365,-0.5361107402806123,-0.3185352389338174,-0.0431494895617464,0.4126311855003851,-0.47289295464590003,-0.4549339772403137,-0.20499824433127278,-0.13004916117839413,-0.47322547830057404,-0.4481210316201142,-0.4558373623490976,-0.03249398638003878,-0.0690561847543834,2.1914477349788775,-0.4728583179724454
1731069631.81,0.932118947240076,0.3046737289441205,-0.07518754852562552,-0.35032908860633694,0.4435804235671929,1.5403010408762854,-0.03369059801685514,-0.0431494895617464,0.6117504196328426,-0.47255415689787866,0.5911127968024926,-0.1571375466626616,-0.13004916117839413,-0.3165683541410842,-0.4455182110349395,-0.4558373623490976,-0.19105841327862494,-0.0690561847543834,-0.2450604117129663,-0.47251950829397693
1731069632.31,-0.9214443623352827,-0.36902612780406935,-0.07518754852562552,-0.3034068826537495,0.4432333405776313,-0.23948048582963297,-0.055393046848623714,-0.0431494895617464,0.24055283501554506,-0.47221535056858677,-0.4549339772403137,0.28424444294786316,-0.13004916117839413,-0.41973280175830924,-0.4464408639267223,1.3606789603202112,-0.774759347079217,-0.0690561847543834,-0.2839822670914303,-0.47218069004510244
1731069632.81,-0.9214443623352827,0.6998246064598858,-0.07518754852562552,-0.3034068826537495,0.442886258022189,-0.5361107402806123,0.21588756354848318,-0.0431494895617464,0.36100768035493314,-0.47187653565922605,0.5911127968024926,0.22308910703797138,-0.13004916117839413,2.743976925169926,-0.44753769594949505,-0.4558373623490976,-0.23701911672749051,-0.0690561847543834,-0.2761978960157375,-0.47184186322704685
1731069633.31,0.932118947240076,0.220461246850597,-0.07518754852562552,1.8198229367008352,0.442539175900886,-0.5361107402806123,-0.0038497308731733435,-0.0431494895617464,0.3536328939055828,-0.4715377121710199,-0.4549339772403137,1.9965938484248398,-0.13004916117839413,-0.37770284161795825,-0.4453500669900216,-0.1963350305392016,-0.28527785534879935,-0.0690561847543834,-0.408532204302515,-0.47150302784103343
1731069633.81,0.9615405870746049,0.8974000452177685,-0.07518754852562552,-0.12158333458747293,0.44219209421373556,1.5403010408762854,1.4312246981275225,-0.0431494895617464,0.4396720691480028,-0.47119888010519295,0.5911127968024926,0.15927484347982312,-0.13004916117839413,-0.5076136275063158,-0.44582517312438064,1.3606789603202112,1.9576044729558377,-0.0690561847543834,-0.4513462452188253,-0.47116418388828557
1731069634.31,-0.8920227225007512,0.8358601544571165,-0.07518754852562552,-0.19783191926042756,0.4418450129607579,-0.5361107402806123,0.5359986838170694,-0.0431494895617464,0.615437812857518,-0.4708600394629447,-0.4549339772403137,-0.7128534251482023,-0.13004916117839413,-0.328031070542998,-0.4452353222641558,-0.4558373623490976,0.19960756603673202,-0.0690561847543834,-0.19446199972096317,-0.47082533137002647
1731069634.81,0.932118947240076,-0.40627395642235875,-0.07518754852562552,-0.2858110554215291,0.4414979321419396,-0.5361107402806123,-0.3293864633497017,-0.0431494895617464,0.791203556567033,-0.4705211902455474,0.5911127968024926,-1.9705262027733725,-0.13004916117839413,-0.2592547721315147,-0.44160278750905657,-0.4558373623490976,-0.30596017190078856,-0.0690561847543834,-0.3345806790834334,-0.47048647028747953
1731069635.31,-0.9214443623352827,0.44070927694135126,-0.07518754852562552,-0.36499227796652056,0.44115085175732077,-0.5361107402806123,-1.0211520198623245,-0.0431494895617464,0.572418225236308,-0.47018233245419966,-0.4549339772403137,-0.14916076371789308,-0.13004916117839413,-0.33567288147760727,-0.44087047704234555,-0.4558373623490976,-0.018705775345379115,-0.0690561847543834,-0.4124243898403614,-0.47014760064186656
1731069635.81,0.9909622269091337,-0.5487873876575527,-0.07518754852562552,-0.256484676701162,0.44080377180690133,1.5403010408762854,-0.9994495710305559,-0.0431494895617464,0.5601269144873908,-0.4698434660901251,0.5911127968024926,-0.3379446267440816,-0.13004916117839413,-0.4159118962910046,-0.44458827437469595,-0.4558373623490976,0.15134882741542294,-0.0690561847543834,2.2264774048194953,-0.4698087224344108
1731069636.31,-0.9214443623352827,0.053655753473040226,-0.07518754852562552,-0.20956247074857445,0.44045669229069473,-0.5361107402806123,-0.45146273802839976,-0.0431494895617464,0.33150853455753193,-0.4695045911545482,-1.675321880290271,-0.3273089161510569,2.0283981344429933,-0.328031070542998,-0.44105496340315564,1.3606789603202112,0.03185099844837274,-0.0690561847543834,-0.18278544310742406,-0.4694698356663341
1731069636.81,0.932118947240076,0.455284514226769,-0.07518754852562552,-0.3561943643504104,0.4401096132087411,-0.5361107402806123,-0.6196567164746061,-0.0431494895617464,-0.19185547713135992,-0.46916570764866466,0.5911127968024926,-0.04014473013939012,-0.13004916117839413,-0.2325084338603822,-0.4431277606347349,-0.4558373623490976,0.28233683224469003,-0.0690561847543834,-0.4241009464539006,-0.4691309403388598
1731069637.31,-0.9214443623352827,-0.514778500658245,-0.07518754852562552,-0.2916763311656026,0.43976253456100695,-0.5361107402806123,-0.9750343160948162,-0.0431494895617464,1.5188491529029278,-0.46882681557374867,-1.675321880290271,-1.1489175594622145,-0.13004916117839413,1.6550188669881056,-0.4426308353958262,-0.4558373623490976,0.038745103965702576,-0.0690561847543834,-0.2723057104778912,-0.4687920364532081
1731069637.81,0.9615405870746049,0.5378775255108018,-0.07518754852562552,1.4591084784403185,0.4394154563475391,1.5403010408762854,-0.5382725333554741,-0.0431494895617464,-0.14760675843525825,-0.468487914930996,0.5911127968024926,-1.170188980648264,-0.13004916117839413,-0.1675530409162035,-0.4442263006832713,1.3606789603202112,0.7212615501813553,-0.0690561847543834,0.36601271772891786,-0.4684531240106039
1731069638.31,-0.9214443623352827,-0.48886696770639154,-0.07518754852562552,-0.2858110554215291,0.43906837856833747,-0.5361107402806123,-0.9126397757034816,-0.0431494895617464,-0.1444110176405398,-0.4681490057216312,0.5911127968024926,-1.0053354664563814,-0.13004916117839413,-0.22868752839307765,-0.4421305518603669,-0.4558373623490976,0.12607044051854713,-0.0690561847543834,-0.3151197513942015,-0.4681142030122644
1731069638.81,0.9615405870746049,0.15406294366147227,-0.07518754852562552,-0.2858110554215291,0.43872130122342895,-0.5361107402806123,-0.9723215099908451,-0.0431494895617464,-0.16948529156833075,-0.46781008794687484,0.5911127968024926,-1.4626710219564432,-0.13004916117839413,-0.27453839400073327,-0.443325699248678,-0.4558373623490976,0.3076152191415658,-0.0690561847543834,-0.4318853175295933,-0.46777527345941444
1731069639.31,-0.9214443623352827,-0.49858379256333657,-0.07518754852562552,-0.013075733322114303,0.43837422431282014,-0.5361107402806123,-0.5084316662117923,-0.0431494895617464,-0.21250487918954075,-0.46747116160792473,-0.4549339772403137,-0.7048766422034337,-0.13004916117839413,-0.328031070542998,-0.44161560762556074,-0.1963350305392016,0.7787124294924375,-0.0690561847543834,-0.389071276613283,-0.4674363353532743
1731069639.81,0.9909622269091337,-0.3188225327098532,-0.07518754852562552,-0.3356658992461534,0.4380271478365177,1.5403010408762854,-0.8014147254406677,-0.0431494895617464,-0.1812849498872912,-0.4671322267060511,0.5911127968024926,-0.21829288257255366,-0.13004916117839413,-0.3738819361506536,-0.44316586228418997,1.3606789603202112,1.0223041577714245,-0.0690561847543834,-0.1983541852588095,-0.4670973886950642
1731069640.31,-0.9214443623352827,0.6042758286999261,-0.07518754852562552,-0.28874369329356586,0.43768007179453505,-0.23948048582963297,-0.7335945728413911,-0.0431494895617464,-0.19849278493577519,-0.46679328324245173,-0.4549339772403137,-0.42303031148827924,-0.13004916117839413,-0.13316489171046186,-0.43743635521656676,-2.0128513532085104,-0.4300540712127256,-0.0690561847543834,1.4324715550988305,-0.46675843348600443
1731069640.81,0.932118947240076,0.8795858663133694,-0.07518754852562552,-0.04826738778655496,0.43733299618688554,-0.5361107402806123,-0.6901896751778539,-0.0431494895617464,-0.04460557435933261,-0.4664543312183472,0.5911127968024926,1.079263809776459,-0.13004916117839413,-0.3929864634871768,-0.4375282364175313,1.3606789603202112,-0.17037609672663545,-0.0690561847543834,-0.4513462452188253,-0.46641946972731835
1731069641.31,-0.9214443623352827,0.9476036403119844,-0.07518754852562552,0.2010068313365662,0.43698592101360256,-0.5361107402806123,-0.2697047290623381,-0.0431494895617464,-0.12081170100261884,-0.46611537063495917,-0.6292751062474522,0.9596120656049314,-0.13004916117839413,-0.4044491798890907,-0.4408563997887097,-0.4558373623490976,-0.16807806155419217,-0.0690561847543834,-0.4669149873702109,-0.46608049742022317
1731069641.81,0.9909622269091337,0.00993004161678747,-0.07518754852562552,-0.297541606909676,0.4366388462746862,1.5403010408762854,-0.5138572784197344,-0.0431494895617464,-0.20463844031023376,-0.4657764014934834,0.5911127968024926,-0.30337856731675134,-0.13004916117839413,0.2260002222161735,-0.43801797810105647,1.3606789603202112,0.45698750535037863,-0.0690561847543834,-0.44356187414313253,-0.46574151656594065
1731069642.31,-0.9508660021698115,-0.19088433876007685,-0.07518754852562552,0.077836040711024,0.436291771970143,-0.5361107402806123,-0.31039682062190416,-0.0431494895617464,-0.11097865240348512,-0.4654374237951903,-0.4549339772403137,-1.0638318747180173,-0.13004916117839413,-0.21722481199116367,-0.4364685238658872,-0.4558373623490976,-0.19105841327862494,-0.0690561847543834,-0.389071276613283,-0.4654025271656911
1731069642.81,-0.9214443623352827,-0.28967205813901803,-0.07518754852562552,-0.2594173145731987,0.4359446980999865,-0.5361107402806123,-0.5301341150435609,-0.0431494895617464,-0.07164645800695028,-0.46509843754127467,0.5911127968024926,-0.8750480116918288,-0.13004916117839413,-0.37770284161795825,-0.4382805607102461,-0.4558373623490976,1.1441000219109185,-0.0690561847543834,-0.3151197513942015,-0.46506352922069316
1731069643.31,0.9615405870746049,-0.22165428414040267,-0.07518754852562552,-0.23595621159690494,0.4355976246642366,-0.5361107402806123,-0.24257666802262737,-0.0431494895617464,-0.1997219160106669,-0.4647594427329581,-0.4549339772403137,-0.5559766939010878,-0.13004916117839413,-0.5037927220390112,-0.43605483266585326,-0.4558373623490976,0.6638106708702736,-0.0690561847543834,0.05853006023905255,-0.4647245227321657
1731069643.81,0.9615405870746049,0.7257361394117392,-0.07518754852562552,-0.3151374341418964,0.4352505516629135,1.5403010408762854,-0.5843902371229823,-0.0431494895617464,-0.12818648745196914,-0.46442043937146027,0.5911127968024926,-0.3299678437993131,-0.13004916117839413,-0.3815237470852629,-0.43888929047228104,1.3606789603202112,0.6017637212143053,-0.0690561847543834,-0.17889325756957758,-0.46438550770133047
1731069644.31,-0.9214443623352827,-0.22489322575938436,-0.07518754852562552,-0.2535520388291253,0.4349034790960237,-0.5361107402806123,-0.31039682062190416,-0.0431494895617464,-0.05198036080868284,-0.46408142745797615,-0.4549339772403137,0.07950701403213783,-0.13004916117839413,-0.328031070542998,-0.4391757243061292,-0.4558373623490976,0.48456392741969795,-0.0690561847543834,-0.2956588237049695,-0.4640464841294062
1731069644.81,0.9615405870746049,-0.24756581709225614,-0.07518754852562552,-0.1538423511798768,0.43455640696357406,-0.5361107402806123,-0.2697047290623381,-0.0431494895617464,-0.20168852573049365,-0.46374240699377406,0.5911127968024926,0.2337248176309961,-0.13004916117839413,-0.5037927220390112,-0.43516261595927946,-0.4558373623490976,0.7212615501813553,-0.0690561847543834,0.38936583095599625,-0.4637074520176101
1731069645.31,-0.9214443623352827,-0.47429173042097394,-0.07518754852562552,-0.24768676308505183,0.4342093352655778,-0.23948048582963297,-0.38906819763706524,-0.0431494895617464,-0.1928387819912733,-0.46340337798004977,-0.4549339772403137,0.43314439125020904,-0.13004916117839413,-0.30128473227186564,-0.4370126324870599,-0.4558373623490976,1.2130410770842168,-0.0690561847543834,-0.21003074187234877,-0.46336841136716245
1731069645.81,0.9909622269091337,-0.310725178662399,-0.07518754852562552,-0.27114786606134555,0.4338622640020618,-0.5361107402806123,-0.03369059801685514,-0.0431494895617464,-0.1439193652105831,-0.46306434041802214,-0.4549339772403137,-0.5453409833080631,-0.13004916117839413,-0.21340390652385913,-0.4349489170529781,-0.4558373623490976,1.316452659844164,-0.0690561847543834,-0.3462572356969726,-0.4630293621792804
1731069646.31,-0.9214443623352827,0.3451604991813917,-0.07518754852562552,-0.3679249158385573,0.43351519317302595,1.5403010408762854,0.16976985978097497,-0.0431494895617464,-0.1257282253021857,-0.46272529430891074,0.5911127968024926,-0.4097356732469984,-0.13004916117839413,-0.25543386666421003,-0.4355625221650532,1.3606789603202112,0.7442419019057881,-0.0690561847543834,-0.4552384307566717,-0.4626903044551829
1731069646.81,0.932118947240076,0.18807183066078015,-0.07518754852562552,-0.05413266353062841,0.43316812277851713,-0.5361107402806123,-0.15847967879952446,-0.0431494895617464,-0.15153997787491172,-0.4623862396539087,0.5911127968024926,-0.7819855440028626,-0.13004916117839413,2.4879762588605154,-0.433050612535089,-0.4558373623490976,0.8867200825972713,-0.0690561847543834,-0.3968556476889758,-0.4623512381960884
1731069647.31,-0.9214443623352827,0.06499204913947612,-0.07518754852562552,1.71718061117955,0.43282105281849514,-0.23948048582963297,-0.23443824971071417,-0.0431494895617464,-0.0568968851082497,-0.46204717645428517,-0.4549339772403137,-0.23158752081383455,-0.13004916117839413,-0.4235537072256138,-0.43503267119981553,-0.4558373623490976,1.1946567957046705,-0.0690561847543834,-0.2178151129480416,-0.46201216340321594
1731069647.81,-0.8920227225007512,-0.13096391880891567,-0.07518754852562552,-0.34739645073430026,0.43247398329300685,-0.5361107402806123,-0.3348120755576438,-0.0431494895617464,-0.1451484962854748,-0.4617081047112332,0.5911127968024926,-0.02153223660159688,-0.13004916117839413,-0.28218020493534246,-0.43464236123141775,1.3606789603202112,1.141801986738475,-0.0690561847543834,0.4594251706372315,-0.46167308007778096
1731069648.31,0.932118947240076,-0.08076032371469953,-0.07518754852562552,-0.19196664351635412,0.4321269142020589,1.5403010408762854,-0.6359335530984325,-0.0431494895617464,-0.1640771148388072,-0.46136902442597155,-0.4549339772403137,0.3161515747269373,-0.13004916117839413,-0.15609032451428967,-0.43395719424685925,-0.4558373623490976,1.4382485239836575,-0.0690561847543834,-0.2878744526292767,-0.46133398822100236
1731069648.81,0.9615405870746049,-0.34959247809017924,-0.07518754852562552,-0.12158333458747293,0.43177984554565796,-0.5361107402806123,-0.5219956967316476,-0.0431494895617464,-0.16727285563352565,-0.46102993559971805,0.5911127968024926,0.17256948172110373,-0.13004916117839413,-0.39680736895448143,-0.4325049357530577,-0.4558373623490976,0.26625058603758683,-0.0690561847543834,-0.3657181633862046,-0.4609948878340973
1731069649.31,-0.8920227225007512,-0.3058667662339265,-0.07518754852562552,-0.2858110554215291,0.4314327773238442,-0.5361107402806123,-0.3944938098450074,-0.0431494895617464,1.157484616884764,-0.46069083823366463,-0.4549339772403137,0.5847032672008108,-0.13004916117839413,-0.266896583066124,-0.43645728550375595,-0.4558373623490976,-0.593214568456198,-0.0690561847543834,0.03517694701197415,-0.46065577891828297
1731069649.81,-0.9508660021698115,-0.04675143671539184,-0.07518754852562552,-0.297541606909676,0.43108570953659753,1.5403010408762854,-0.17475651542335088,-0.0431494895617464,-0.1456401487154315,-0.4603517323290806,-0.6292751062474522,-0.23956430375860308,-0.13004916117839413,-0.4579418564313555,-0.4342103079677207,1.3606789603202112,-0.7816534525965468,-0.0690561847543834,2.829766163185687,-0.4603166614747767
1731069650.31,0.9615405870746049,-0.189264867950586,-0.07518754852562552,-0.3034068826537495,0.43073864218394464,-0.5361107402806123,-0.26156631075042486,-0.0431494895617464,-0.10606212810391831,-0.4600126178871581,0.7654539258096312,-0.7048766422034337,-0.13004916117839413,-0.32421016507569345,-0.4310650814572139,-0.1963350305392016,-0.08994486569112073,-0.0690561847543834,-0.4202087609160542,-0.45997753550479403
1731069650.81,0.9615405870746049,0.23341701332652376,-0.07518754852562552,-0.1538423511798768,0.430391575265899,-0.5361107402806123,0.16163144146906175,-0.0431494895617464,-0.20685087624503887,-0.4596734949091129,0.5911127968024926,-0.9681104793807949,-0.13004916117839413,-0.3089265432064749,-0.43306281452542517,-0.4558373623490976,-0.3266424884527781,-0.0690561847543834,-0.408532204302515,-0.4596384010095538
1731069651.31,-0.9214443623352827,-0.16173386418924166,-0.07518754852562552,-0.3327332613741167,0.4300445087824739,-0.5361107402806123,-0.006562536977144416,-0.0431494895617464,-0.07656298230651715,-0.4593343633961638,-0.4549339772403137,-0.5240695621220137,-0.13004916117839413,1.9683331153070855,-0.4318171427525434,-0.4558373623490976,-0.5058892319033538,-0.0690561847543834,-0.2333838550994272,-0.4592992579902686
1731069651.81,0.9909622269091337,-0.0062646664781209555,-0.07518754852562552,1.2127668971892342,0.4296974427336961,1.5403010408762854,-0.15847967879952446,-0.0431494895617464,-0.07902124445630059,-0.4589952233495009,0.5911127968024926,0.044940954604807536,-0.13004916117839413,-0.19812028465464057,-0.43380187415282606,1.3606789603202112,-0.030195951207595502,-0.0690561847543834,-0.10883391788834239,-0.4589601064481572
1731069652.31,-0.9214443623352827,0.20750548037467026,-0.07518754852562552,-0.24182148734097839,0.4293503771195589,-0.5361107402806123,-0.12592600555187158,-0.0431494895617464,-0.15153997787491172,-0.4586560747703925,-0.4549339772403137,0.46505152302928315,-0.13004916117839413,-0.20576209558924985,-0.4321745159943192,-0.4558373623490976,0.38574841500463725,-0.0690561847543834,-0.43577750306743973,-0.45862094638443685
1731069652.81,0.932118947240076,0.029363691330677583,-0.07518754852562552,-0.15090971330784014,0.4290033119400824,-0.5361107402806123,1.0053141398040646,-0.0431494895617464,-0.1579314594643486,-0.45831691766002974,0.5911127968024926,-0.1917036060899919,-0.13004916117839413,-0.14462760811237568,-0.4311601596859075,-0.4558373623490976,-0.08305076017379089,-0.0690561847543834,-0.408532204302515,-0.45828177780032014
1731069653.31,-0.9214443623352827,0.3872667402281536,-0.07518754852562552,-0.24182148734097839,0.4286562471952799,-0.5361107402806123,0.40307118472248715,-0.0431494895617464,-0.1817766023172479,-0.4579777520196276,-0.4549339772403137,0.3134926470786814,-0.13004916117839413,-0.4159118962910046,-0.43376088152277886,-0.4558373623490976,-0.7242025732854649,-0.0690561847543834,-0.3618259778483582,-0.4579426006970243
1731069653.81,0.9615405870746049,-0.04675143671539184,-0.07518754852562552,-0.3210027098859698,0.4283091828851715,1.5403010408762854,-0.014700955289057632,-0.0431494895617464,-0.11589517670305198,-0.45763857785040374,0.5911127968024926,0.43048546360195256,-0.13004916117839413,-0.4617627618986601,-0.4276702737485438,1.3606789603202112,-0.04398416224225517,-0.0690561847543834,-0.4163165753782078,-0.4576034150757635
1731069654.31,-0.8920227225007512,-0.0791408529052087,-0.07518754852562552,-0.2682152281893088,0.4279621190097706,-0.5361107402806123,0.012427105750653089,-0.0431494895617464,-0.02493947716106516,-0.4572993951535484,-0.6292751062474522,-0.8351640969679861,-0.13004916117839413,-0.45030004549674624,-0.4297007703242083,-0.4558373623490976,-0.5817243925939819,-0.0690561847543834,1.8722885208754734,-0.45726422093775504
1731069654.81,0.932118947240076,0.41803668560847945,-0.07518754852562552,-0.05413266353062841,0.42761505556907714,-0.5361107402806123,0.4274864396582268,-0.0431494895617464,-0.14834423708019326,-0.45696020393032694,0.5911127968024926,-0.8883426499331096,-0.13004916117839413,-0.04910497142975989,-0.42699378239125646,-0.4558373623490976,-0.5380617243175596,-0.0690561847543834,-0.26062915386435187,-0.4569250182842114
1731069655.31,-0.9214443623352827,-0.44838019746912045,-0.07518754852562552,-0.2652825903172721,0.4272679925631045,-0.5361107402806123,0.21588756354848318,-0.0431494895617464,-0.17980999259742114,-0.4566210041819296,-0.4549339772403137,-0.6064963192179552,-0.13004916117839413,-0.4082700853563953,-0.43111863085881,-0.4558373623490976,-0.3771992622465302,-0.0690561847543834,-0.2761978960157375,-0.4565858071163499
1731069655.81,0.9615405870746049,0.19131077227976184,-0.07518754852562552,0.016250645398252914,0.4269209299918861,-0.23948048582963297,-0.18832054594320594,-0.0431494895617464,-0.16161885268902376,-0.4562817959095722,0.5911127968024926,-0.5932016809766743,-0.13004916117839413,0.9825395047424905,-0.42957885143081664,1.3606789603202112,-0.466822633971818,-0.0690561847543834,-0.3384728646212798,-0.45624658743538316
1731069656.31,-0.9214443623352827,-0.22489322575938436,-0.07518754852562552,0.4356178610995036,0.42657386785541523,1.5403010408762854,-0.07438268957642122,-0.0431494895617464,0.07830753312983882,-0.45594257911446967,-0.4549339772403137,-1.7205870038372921,-0.13004916117839413,-0.28218020493534246,-0.4284667979202224,-0.4558373623490976,-0.3771992622465302,-0.0690561847543834,-0.16332451541819198,-0.45590735924252535
1731069656.81,0.9615405870746049,-0.34635353647119754,-0.07518754852562552,-0.203697195004501,0.4262268061537321,-0.23948048582963297,-0.768861052193015,-0.0431494895617464,1.582763968797297,-0.4556033537978122,0.5911127968024926,-0.359216047930131,-0.13004916117839413,-0.3127474486737795,-0.4305662023104738,-0.4558373623490976,-0.23012501121016066,-0.0690561847543834,0.12080502884459494,-0.4555681225389906
1731069657.31,-0.9214443623352827,0.4390898061318606,-0.07518754852562552,-0.24768676308505183,0.42587974488682323,-0.5361107402806123,-0.6630616141381432,-0.0431494895617464,-0.13064474960175257,-0.4552641199608633,-0.4549339772403137,-0.17309111255219867,-0.13004916117839413,-0.32421016507569345,-0.42769600330522634,-0.4558373623490976,0.29382700810690615,-0.0690561847543834,-0.24895259725081278,-0.45522887732599465
1731069657.81,0.9615405870746049,-0.32044200351934404,-0.07518754852562552,-0.25061940095708857,0.42553268405470207,1.5403010408762854,-0.4243346769886892,-0.0431494895617464,-0.19849278493577519,-0.45492487760481404,0.5911127968024926,0.27360873235483846,-0.13004916117839413,-0.370061030683349,-0.4292498571703454,-0.1963350305392016,0.2984230784517927,-0.0690561847543834,-0.10494173235049607,-0.45488962360475016
1731069658.31,-0.9214443623352827,0.4309924520844062,-0.07518754852562552,-0.24768676308505183,0.425185623657402,-0.5361107402806123,-0.9424806428471635,-0.0431494895617464,-0.13064474960175257,-0.45458562673087655,-0.4549339772403137,-1.3111121460058415,-0.13004916117839413,-0.3738819361506536,-0.42619428612879673,1.3606789603202112,0.08700384258701141,-0.0690561847543834,-0.3306884935455871,-0.4545503613764712
1731069658.81,0.9909622269091337,-0.5083006174202817,-0.07518754852562552,-0.1245159724595096,0.4248385636949163,-0.5361107402806123,-0.9858855405107005,-0.0431494895617464,-0.02248121501128173,-0.45424636734026663,-0.4549339772403137,-0.9707694070290511,-0.13004916117839413,-0.14462760811237568,-0.4257316015825909,-0.1963350305392016,0.047937244655475685,-0.0690561847543834,0.6345735198403194,-0.45421109064236903
1731069659.31,-0.9214443623352827,0.2463727798024505,-0.07518754852562552,-0.1245159724595096,0.4244915041672851,-0.5361107402806123,-0.9858855405107005,-0.0431494895617464,-0.20783418110495222,-0.45390709943417257,-0.4549339772403137,-0.938862275249977,2.0283981344429933,-0.3662401252160443,-0.4273446440687251,-0.4558373623490976,0.2593564805202572,-0.0690561847543834,-0.3151197513942015,-0.45387181140365923
1731069659.81,-0.9214443623352827,-0.5277342671341717,-0.07518754852562552,-0.32686798563004327,0.4241444450744817,1.5403010408762854,-0.5030060540038501,-0.0431494895617464,-0.1451484962854748,-0.4535678230138579,0.5911127968024926,-1.3270657118953784,-0.13004916117839413,-0.2898220158699517,-0.42626573498135084,1.3606789603202112,0.9648532784603427,-0.0690561847543834,-0.3112275658563551,-0.4535325236615529
1731069660.31,-0.9508660021698115,-0.38036242347050525,7.1389565094465715,-0.23302357372486823,0.42379738641655956,-0.5361107402806123,-0.7363073789453621,-0.0431494895617464,-0.07164645800695028,-0.4532285380805118,-0.4549339772403137,-0.6995587869069213,-0.13004916117839413,-0.16373213544889895,-0.42487525797149683,-0.4558373623490976,0.5006501736268012,-0.0690561847543834,-0.019313650517875276,-0.4531932274172643
1731069660.81,0.9615405870746049,0.46338186827422306,-0.07518754852562552,-0.15090971330784014,0.42345032819351197,-0.5361107402806123,-0.885511714663771,-0.0431494895617464,-0.20906331217984395,-0.4528892446353463,0.5911127968024926,-1.1143515000348843,-0.13004916117839413,1.6359143396515825,-0.4260628469879017,-0.4558373623490976,0.4983521384543576,-0.0690561847543834,-0.3034431947806623,-0.452853922672006
1731069661.31,-0.9214443623352827,-0.2767162916630913,-0.07518754852562552,1.2714196546299688,0.4231032704053457,-0.5361107402806123,-0.7471586033612465,-0.0431494895617464,-0.059355147258033134,-0.4525499426795755,-0.4549339772403137,-1.13828184886919,-0.13004916117839413,-0.30128473227186564,-0.42402997638691786,-0.1963350305392016,0.0364470687932593,-0.0690561847543834,-0.17110888649388478,-0.4525146094269861
1731069661.81,0.9909622269091337,0.27066484194481294,-0.07518754852562552,-0.36499227796652056,0.42275621305210737,1.5403010408762854,-0.017413761393028703,-0.0431494895617464,-0.07410472015673372,-0.45221063221438557,0.5911127968024926,-0.9867229729185881,-0.13004916117839413,0.0005667996452002768,-0.4229737775166094,-0.4558373623490976,-0.16118395603686234,-0.0690561847543834,-0.1399714021911136,-0.4521752876834249
1731069662.31,-0.9508660021698115,-0.5390705628006076,-0.07518754852562552,-0.3180700720139331,0.4224091561337637,-0.5361107402806123,-0.3456632999735281,-0.0431494895617464,0.13484756257485772,-0.45187131324104113,-0.4549339772403137,-0.5373642003632946,-0.13004916117839413,0.23364203315078275,-0.4260348663768206,1.3606789603202112,0.09389794810434124,-0.0690561847543834,-0.4124243898403614,-0.45183595744252736
1731069662.81,-0.9214443623352827,-0.48076961365893733,-0.07518754852562552,-0.28287841754949244,0.42206209965036146,-0.5361107402806123,-0.6793384507619696,-0.0431494895617464,-0.17980999259742114,-0.45153198576072845,-0.4549339772403137,-1.3722674819157332,-0.13004916117839413,-0.1904784737200313,-0.42601961141918304,-0.4558373623490976,-0.20714465948572788,-0.0690561847543834,-0.4202087609160542,-0.4514966187055076
1731069663.31,0.9615405870746049,0.17349659337536238,-0.07518754852562552,-0.32686798563004327,0.4217150436019006,-0.5361107402806123,-0.7742866644009572,-0.0431494895617464,-0.13556127390131942,-0.4511926497746605,-0.4549339772403137,-1.1648711253517516,2.0283981344429933,-0.41973280175830924,-0.42226747199869596,-0.4558373623490976,0.18581935500207236,-0.0690561847543834,0.20254092513936925,-0.45115727147357837
1731069663.81,0.9615405870746049,-0.030556728620483416,-0.07518754852562552,-0.15090971330784014,0.4213679879884012,1.5403010408762854,-0.6576360019302011,-0.0431494895617464,-0.0642716715576,-0.45085330528404854,0.5911127968024926,-1.1303050659244214,-0.13004916117839413,-0.42737461269291843,-0.42611514826246605,1.3606789603202112,0.1651370384500826,-0.0690561847543834,-0.3968556476889758,-0.45081791574794766
1731069664.31,-0.8920227225007512,0.6172315951758529,-0.07518754852562552,-0.14797707543580338,0.42102093280988334,-0.5361107402806123,0.22673878796436747,-0.0431494895617464,-0.17513929451283264,-0.4505139522900806,-0.4549339772403137,-0.10395899369753836,-0.13004916117839413,-0.12934398624315716,-0.42179534963201204,-0.4558373623490976,0.30072111362423626,-0.0690561847543834,-0.39296346215112943,-0.4504785515298297
1731069664.81,0.932118947240076,-0.21355693009294846,-0.07518754852562552,-0.18610136777228067,0.4206738780663403,-0.5361107402806123,-0.4704523807561973,-0.0431494895617464,-0.11589517670305198,-0.4501745907940166,-0.4549339772403137,-0.4868445750464272,2.0283981344429933,-0.3127474486737795,-0.421654860839159,-0.4558373623490976,0.10538812396655763,-0.0690561847543834,-0.20224637079665597,-0.450139178820434
1731069665.31,-0.9214443623352827,-0.3058667662339265,-0.07518754852562552,-0.34739645073430026,0.42032682375779884,-0.5361107402806123,-0.5192828906276765,-0.0431494895617464,-0.08393776875586743,-0.44983522079704474,-0.4549339772403137,-0.5985195362731867,-0.13004916117839413,2.430662676850946,-0.422067219657085,-0.4558373623490976,0.7580301129404478,-0.0690561847543834,-0.4046400187646686,-0.4497997976209718
1731069665.81,0.9615405870746049,-0.2669994668061463,-0.07518754852562552,1.8403514018050922,0.41997976988426566,1.5403010408762854,-0.22358702529482988,-0.0431494895617464,-0.1714519012881575,-0.4494958423003751,0.5911127968024926,-0.3858053244126928,-0.13004916117839413,-0.47322547830057404,-0.420090610524112,-0.1963350305392016,0.5718892639725425,-0.0690561847543834,-0.3968556476889758,-0.44946040793265407
1731069666.31,-0.9214443623352827,-0.2540437003302195,-0.07518754852562552,-0.37085755371059403,0.4196327164457607,-0.5361107402806123,-0.006562536977144416,-0.0431494895617464,-0.02739773931084859,-0.4491564553052188,-0.4549339772403137,-0.3831463967644366,-0.13004916117839413,-0.28218020493534246,-0.4224948608706869,1.3606789603202112,0.26854862121003037,-0.0690561847543834,-0.04266676374495368,-0.44912100975669045
1731069666.81,0.9615405870746049,0.6350457740802524,-0.07518754852562552,-0.11865069671543615,0.4192856634423109,-0.5361107402806123,-0.24800228023056953,-0.0431494895617464,0.03897533873330398,-0.44881705981276315,0.5911127968024926,0.031646316363526654,-0.13004916117839413,-0.24015024479499147,-0.419440056273057,-0.4558373623490976,0.3995366260392969,-0.0690561847543834,-0.369610348924051,-0.4487816030942906
1731069667.31,-0.9508660021698115,-0.37388454023254186,-0.07518754852562552,-0.2066298328765378,0.418938610873896,-0.5361107402806123,-0.191033352047177,-0.0431494895617464,-0.05198036080868284,-0.4484776558242669,-0.4549339772403137,-0.8670712287470602,-0.13004916117839413,-0.22104571745846838,-0.419404524934697,-0.4558373623490976,1.0383904039785277,-0.0690561847543834,-0.2956588237049695,-0.4484421879466655
1731069667.81,-0.8920227225007512,-0.1714506890461867,-0.07518754852562552,-0.2916763311656026,0.41859155874054954,1.5403010408762854,0.04226797289433488,-0.0431494895617464,1.1034028495895283,-0.4481382433409155,0.5911127968024926,-0.8936605052296219,-0.13004916117839413,-0.5267181548428388,-0.4225646837995447,1.3606789603202112,1.0912452129447228,-0.0690561847543834,-0.4630228018323645,-0.4481027643150234
1731069668.31,0.9909622269091337,-0.2912915289485089,-0.07518754852562552,-0.2858110554215291,0.41824450704229155,-0.23948048582963297,-0.1530540665915823,-0.0431494895617464,0.06847448453070515,-0.44779882236392,-0.6292751062474522,-0.10395899369753836,-0.13004916117839413,-0.4579418564313555,-0.42030887913903503,-0.4558373623490976,0.7787124294924375,-0.0690561847543834,1.9773775303973258,-0.4477633322005753
1731069668.81,0.932118947240076,-0.2669994668061463,-0.07518754852562552,-0.15090971330784014,0.417897455779122,-0.5361107402806123,-0.10151075061613193,-0.0431494895617464,-0.059355147258033134,-0.44745939289449055,0.7654539258096312,-0.46291422621212164,-0.13004916117839413,-0.3891655580198721,-0.4207205765818668,-0.1963350305392016,1.4060760315694516,-0.0690561847543834,-0.3229041224698943,-0.4474238916045307
1731069669.31,-0.9214443623352827,-0.3074862370434173,-0.07518754852562552,-0.22422566010875813,0.41755040495107437,-0.5361107402806123,-0.3944938098450074,-0.0431494895617464,-0.12818648745196914,-0.44711995493381257,-0.4549339772403137,-0.2900839290754704,-0.13004916117839413,-0.22104571745846838,-0.4222093753861236,-0.4558373623490976,1.5577463529507078,-0.0690561847543834,-0.3618259778483582,-0.44708444252809787
1731069669.81,0.9615405870746049,-0.4095128980413404,-0.07518754852562552,-0.35912700222244714,0.4172033545581285,1.5403010408762854,-0.6359335530984325,-0.0431494895617464,-0.1404777982008863,-0.4467805084831438,0.5911127968024926,0.09811950756993078,-0.13004916117839413,1.6550188669881056,-0.42047339739728307,1.3606789603202112,1.2406174991535361,-0.0690561847543834,-0.3773947199997438,-0.4467449849724863
1731069670.31,-0.9214443623352827,-0.20384010523600357,-0.07518754852562552,0.5265296351326421,0.416856304600318,-0.5361107402806123,-0.6576360019302011,-0.0431494895617464,-0.17341851100798422,-0.4464410535436697,-0.4549339772403137,0.18586411996238492,-0.13004916117839413,-0.22104571745846838,-0.4188932699682491,-2.0128513532085104,-0.5725322519042088,-0.0690561847543834,-0.3267963080077407,-0.446405518938904
1731069670.81,0.9909622269091337,-0.37712348185152356,-0.07518754852562552,-0.13038124820358304,0.41650925507766273,-0.5361107402806123,-0.1530540665915823,-0.0431494895617464,-0.1257282253021857,-0.4461015901166004,0.5911127968024926,0.3932604765263661,-0.13004916117839413,-0.22868752839307765,-0.417954796524525,1.3606789603202112,-0.5656381463868789,-0.0690561847543834,-0.03877457820710736,-0.4460660444285592
1731069671.31,-0.9508660021698115,-0.017600962144556673,-0.07518754852562552,-0.16557290266802369,0.4161622059901628,-0.5361107402806123,-0.3944938098450074,-0.0431494895617464,-0.14539432250045314,-0.44576211820314415,-1.5009807512831326,-0.3911231797092051,-0.13004916117839413,-0.37770284161795825,-0.41945866367956114,-0.4558373623490976,-0.4714187043167046,-0.0690561847543834,-0.3112275658563551,-0.44572656144266126
1731069671.81,0.9615405870746049,-0.2459463462827653,-0.07518754852562552,-0.3180700720139331,0.41581515733785157,1.5403010408762854,-0.24257666802262737,-0.0431494895617464,-0.08393776875586743,-0.44542263780448443,1.6371595708453115,-0.23424644846209072,-0.13004916117839413,-0.1369857971777664,-0.4180744032137582,1.3606789603202112,0.08930187775945468,-0.0690561847543834,-0.3190119369320479,-0.44538706998241845
1731069672.31,-0.8920227225007512,-0.2669994668061463,-0.07518754852562552,-0.29460896903763933,0.41546810912071575,-0.5361107402806123,-0.19917177035909023,-0.0431494895617464,0.6486243518795941,-0.44508314892187995,-0.4549339772403137,-0.8431408799127545,-0.13004916117839413,-0.328031070542998,-0.42035099601870507,-0.4558373623490976,-0.4989951263860239,-0.0690561847543834,-0.3735025344618974,-0.4450475700490387
1731069672.81,0.932118947240076,-0.08561873614317206,-0.07518754852562552,-0.05999793927470185,0.4151210613387887,-0.5361107402806123,-0.23172544360674308,-0.0431494895617464,-0.1446568438555181,-0.44474365155651524,0.7654539258096312,-0.02419116424985306,-0.13004916117839413,-0.370061030683349,-0.41684758058089777,-0.4558373623490976,-0.6529634829397233,-0.0690561847543834,1.1872638662145076,-0.4447080616437286
1731069673.31,-0.9214443623352827,-0.7058760561781643,-0.07518754852562552,-0.2300909358528315,0.41477401399207037,-0.5361107402806123,-0.23172544360674308,-0.0431494895617464,-0.17907251395248613,-0.4444041457095965,-0.6292751062474522,-0.045462585435902474,-0.13004916117839413,-0.2019411901219451,-0.41405591101822947,-0.4558373623490976,0.6867910225947064,-0.0690561847543834,-0.38517909107543663,-0.4443685447676948
1731069673.81,0.9615405870746049,0.40508091913255273,-0.07518754852562552,-0.20956247074857445,0.4144269670805809,1.5403010408762854,-0.06624427126450799,-0.0431494895617464,-0.13556127390131942,-0.444064631382335,0.5911127968024926,-0.2581767972963963,-0.13004916117839413,-0.1904784737200313,-0.41902267277362043,1.3606789603202112,0.08240777224212485,-0.0690561847543834,-0.07769643358557136,-0.44402901942214973
1731069674.31,-0.9214443623352827,-0.05322931995335521,-0.07518754852562552,-0.3913860188148511,0.414079920604347,-0.5361107402806123,-0.022839373600970846,-0.0431494895617464,-0.07902124445630059,-0.44372510857590935,-0.4549339772403137,0.08748379697690607,-0.13004916117839413,0.3177019534314847,-0.4153594095713918,-0.1963350305392016,-0.48520691535136423,-0.0690561847543834,-0.11272610342618887,-0.44368948560829546
1731069674.81,0.9909622269091337,0.3597357364668091,-0.07518754852562552,-0.08932431799506893,0.41373287456335534,-0.5361107402806123,0.43562485797014,-0.0431494895617464,-0.20906331217984395,-0.4433855772915812,0.5911127968024926,0.3108337194304249,-0.13004916117839413,-0.3624192197487397,-0.4159446843091015,-0.4558373623490976,-0.5219754781104567,-0.0690561847543834,-0.3151197513942015,-0.44334994332734007
1731069675.31,-0.9508660021698115,0.36135520727630016,-0.07518754852562552,-0.08639168012303228,0.4133858289576393,-0.5361107402806123,-0.13677722996775588,-0.0431494895617464,-0.14121527684582133,-0.4430460375305302,-0.4549339772403137,0.3932604765263661,-0.13004916117839413,-0.3509565033468258,-0.41622701006624707,-0.1963350305392016,-0.48750495052380755,-0.0690561847543834,-0.3540416067726654,-0.4430103925804901
1731069675.81,0.9615405870746049,0.0795672864248937,-0.07518754852562552,-0.3385985371181901,0.4130387837871989,-0.5361107402806123,-0.15034126048761123,-0.0431494895617464,-0.0568968851082497,-0.4427064892939655,-0.4549339772403137,-0.8138926757819367,-0.13004916117839413,-0.5076136275063158,-0.4150054654935857,-0.4558373623490976,-0.06926254913913123,-0.0690561847543834,-0.2917666381671231,-0.4426708333689536
1731069676.31,-0.9214443623352827,0.7727007928869738,-0.07518754852562552,-0.051200025658591615,0.4126917390520608,1.5403010408762854,0.27828210393981784,-0.0431494895617464,-0.19529704414105672,-0.4423669325830926,0.5911127968024926,-0.739442701630764,-0.13004916117839413,-0.47704638376787867,-0.4161538916364269,1.3606789603202112,-0.26459553879680986,-0.0690561847543834,-0.1905698141831167,-0.44233126569393555
1731069676.81,-0.9214443623352827,-0.028937257810992573,-0.07518754852562552,-0.15090971330784014,0.4123446947522385,-0.23948048582963297,0.4925937861535322,-0.0431494895617464,-0.07902124445630059,-0.4420273673990949,0.5911127968024926,-1.0797854406075544,-0.13004916117839413,-0.3127474486737795,-0.41358732063253684,-0.4558373623490976,-0.482908880178921,-0.0690561847543834,-0.20224637079665597,-0.44199168955664253
1731069677.31,0.9615405870746049,0.18645235985128913,-0.07518754852562552,-0.17437081628413378,0.4119976508877319,-0.5361107402806123,-0.2724175351663092,-0.0431494895617464,0.4421303312977863,-0.44168779374322736,-0.4549339772403137,-0.7075355698516899,-0.13004916117839413,-0.0720304042335877,-0.4150476868717849,-0.1963350305392016,-0.3036621367283453,-0.0690561847543834,-0.3034431947806623,-0.4416521049582811
1731069677.81,0.9615405870746049,0.2852400792302307,-0.07518754852562552,-0.31220479626985964,0.41165060745856774,-0.5361107402806123,-1.0564184992139483,-0.0431494895617464,-0.17710590423265937,-0.4413482116166735,0.5911127968024926,-0.5107749238807328,-0.13004916117839413,-0.3815237470852629,-0.4134420554961593,1.3606789603202112,-0.31974838293544827,-0.0690561847543834,-0.3735025344618974,-0.44131251190005627
1731069678.31,-0.8920227225007512,-0.6022299243707505,-0.07518754852562552,-0.32980062350207995,0.4113035644647528,1.5403010408762854,-0.7173177362175647,-0.0431494895617464,-0.1434277127806264,-0.44100862102063676,-0.4549339772403137,-0.3166732055580322,-0.13004916117839413,-0.3471355978795212,-0.4150550878691663,-0.4558373623490976,0.9326807860461369,-0.0690561847543834,-0.2372760406372735,-0.4409729103831745
1731069678.81,0.932118947240076,0.33220473270546497,-0.07518754852562552,-0.2916763311656026,0.41095652190628695,-0.5361107402806123,-0.8909373268717131,-0.0431494895617464,-0.11097865240348512,-0.4406690219563263,0.5911127968024926,0.582044339552555,-0.13004916117839413,-0.4120909908237,-0.4142382625070768,-0.4558373623490976,0.23637612879582445,-0.0690561847543834,-0.3579337923105118,-0.44063330040883936
1731069679.31,-0.9214443623352827,-0.42246866451726695,-0.07518754852562552,-0.32393534775800653,0.41060947978322376,-0.5361107402806123,-0.8610964597280313,-0.0431494895617464,-0.1662895507736123,-0.4403294144249209,-0.4549339772403137,0.7628514196339744,-0.13004916117839413,2.4344835823182507,-0.413441718281258,-0.4558373623490976,0.0364470687932593,-0.0690561847543834,-0.24116822617512,-0.44029368197825586
1731069679.81,0.9615405870746049,0.14596558961401826,-0.07518754852562552,1.5852119069378974,0.4102624380955365,1.5403010408762854,-1.0482800809020352,-0.0431494895617464,-0.1623563313339588,-0.4399897984276774,0.5911127968024926,-1.124987210627909,-0.13004916117839413,-0.22868752839307765,-0.41135499725575725,1.3606789603202112,0.027254928103486186,-0.0690561847543834,-0.4046400187646686,-0.439954055092632
1731069680.31,-0.9214443623352827,-0.13096391880891567,-0.07518754852562552,-0.297541606909676,0.40991539684325845,-0.5361107402806123,-0.9180653879114239,-0.0431494895617464,-0.07410472015673372,-0.4396501739657745,-0.4549339772403137,-1.4174692519360885,-0.13004916117839413,-0.22104571745846838,-0.41073690135868557,-0.4558373623490976,0.8384613439759627,-0.0690561847543834,-0.3735025344618974,-0.4396144197531699
1731069680.81,0.9615405870746049,-0.45809702232606553,-0.07518754852562552,-0.11865069671543615,0.40956835602639646,-0.5361107402806123,-0.07980830178436336,-0.0431494895617464,-0.0568968851082497,-0.43931054104041944,0.5911127968024926,-1.3961978307500391,-0.13004916117839413,-0.370061030683349,-0.4127612957548438,-0.4558373623490976,0.4546894701779356,-0.0690561847543834,-0.4046400187646686,-0.4392747759610744
1731069681.31,-0.9214443623352827,0.453665043417278,-0.07518754852562552,-0.2594173145731987,0.40922131564496383,-0.5361107402806123,-0.7417329911533043,-0.0431494895617464,-0.17341851100798422,-0.4389708996528158,-0.4549339772403137,-0.9627926240842826,-0.13004916117839413,-0.4082700853563953,-0.40961186315392945,-0.4558373623490976,0.41562287224640015,-0.0690561847543834,-0.15943232988034567,-0.43893512371755056
1731069681.81,0.9909622269091337,-0.5536458000860253,-0.07518754852562552,-0.3210027098859698,0.40887427569898727,1.5403010408762854,-0.9153525818074528,-0.0431494895617464,-0.06672993370738342,-0.4386312498041451,0.5911127968024926,-1.1622121977034956,-0.13004916117839413,-0.3662401252160443,-0.4121957834133623,1.3606789603202112,0.9051043639768175,-0.0690561847543834,-0.3190119369320479,-0.4385954630238034
1731069682.31,-0.9214443623352827,0.17511606418485343,-0.07518754852562552,-0.35912700222244714,0.40852723618846015,-0.5361107402806123,-0.20731018867100345,-0.0431494895617464,-0.09131255520521774,-0.4382915914956604,-0.4549339772403137,-1.0053354664563814,-0.13004916117839413,-0.41973280175830924,-0.41207014842474177,-0.4558373623490976,0.6500224598356139,-0.0690561847543834,2.4989303924687434,-0.43825579388103497
1731069682.81,0.932118947240076,-0.19088433876007685,-0.07518754852562552,-0.297541606909676,0.40818019711340253,-0.5361107402806123,-0.264279116854396,-0.0431494895617464,1.440184764109858,-0.4379519247285422,0.5911127968024926,-0.5825659703836495,-0.13004916117839413,-0.4120909908237,-0.40800335906522384,-0.4558373623490976,0.7695202888026644,-0.0690561847543834,-0.3773947199997438,-0.43791611629044863
1731069683.31,-0.9214443623352827,-0.36416771537559683,-0.07518754852562552,-0.2154277464926479,0.4078331584738411,-0.5361107402806123,-0.7363073789453621,-0.0431494895617464,-0.1825140809621829,-0.43761224950399413,-0.4549339772403137,-0.9042962158226466,-0.13004916117839413,-0.19429937918733586,-0.4087382479644164,-0.4558373623490976,-0.4024776491434062,-0.0690561847543834,-0.2761978960157375,-0.4375764302532495
1731069683.81,0.9615405870746049,0.5330191130823291,-0.07518754852562552,-0.3679249158385573,0.4074861202697625,1.5403010408762854,-0.8366812047922917,-0.0431494895617464,-0.1876764314767281,-0.4372725658232206,0.5911127968024926,-0.6410623786452855,-0.13004916117839413,1.6817652052592382,-0.4110105088717815,1.3606789603202112,-0.5035911967309105,-0.0690561847543834,-0.44356187414313253,-0.437236735770641
1731069684.31,-0.9214443623352827,-0.28967205813901803,-0.07518754852562552,0.15994990112805207,0.4071390825012202,-0.5361107402806123,-0.7037537056977093,-0.0431494895617464,-0.18915138876659815,-0.43693287368740025,-0.4549339772403137,-1.2207086059651313,-0.13004916117839413,-0.4579418564313555,-0.40727609505211443,-0.4558373623490976,-0.38409336776386005,-0.0690561847543834,-0.3968556476889758,-0.43689703284382664
1731069684.81,0.9615405870746049,-0.5666015665619519,-0.07518754852562552,-0.30047424478171275,0.4067920451681875,-0.5361107402806123,-0.6820512568659407,-0.0431494895617464,-0.17513929451283264,-0.4365931730977871,0.5911127968024926,-1.1489175594622145,-0.13004916117839413,-0.3662401252160443,-0.40772916225703637,-0.4558373623490976,-0.03709005672492534,-0.0690561847543834,-0.2294916695615807,-0.43655732147400683
1731069685.31,-0.8920227225007512,-0.7026371145591825,-0.07518754852562552,-0.37672282945466745,0.4064450082706978,-0.23948048582963297,-0.4704523807561973,-0.0431494895617464,-0.19333043442123,-0.4362534640555599,-0.4549339772403137,-1.0877622235523228,-0.13004916117839413,-0.16373213544889895,-0.40933641080101085,-0.4558373623490976,0.011168681896383242,-0.0690561847543834,-0.20224637079665597,-0.43621760166238666
1731069685.81,-0.9508660021698115,-0.5601236833239885,-0.07518754852562552,-0.11571805884339949,0.40609797180876445,1.5403010408762854,-0.532846921147532,-0.0431494895617464,-0.13801953605110287,-0.4359137465619202,0.7654539258096312,-0.6995587869069213,-0.13004916117839413,-0.4388373290948323,-0.4080688820665126,1.3606789603202112,0.1191763350012173,-0.0690561847543834,-0.2723057104778912,-0.4358778734101696
1731069686.31,0.9615405870746049,0.13462929394758216,-0.07518754852562552,-0.23302357372486823,0.40575093578238747,-0.5361107402806123,-0.4704523807561973,-0.0431494895617464,-0.09131255520521774,-0.4355740206180734,-0.6292751062474522,-0.3193321332062884,-0.13004916117839413,-0.3203892596083888,-0.4108806135972081,-0.4558373623490976,0.047937244655475685,-0.0690561847543834,-0.5136212138243678,-0.4355381367185545
1731069686.81,0.9615405870746049,-0.1698312182366959,-0.07518754852562552,-0.27701314180541897,0.40540390019161365,-0.5361107402806123,-0.532846921147532,-0.0431494895617464,-0.13556127390131942,-0.4352342862251952,0.5911127968024926,-0.2794482184824457,-0.13004916117839413,-0.05674678236436916,-0.40918249134112483,-0.1963350305392016,0.42021894259128667,-0.0690561847543834,2.2186930337438024,-0.4351983915887464
1731069687.31,-0.9214443623352827,0.9508425819309662,-0.07518754852562552,0.34470608706636546,0.40505686503641625,-0.5361107402806123,-0.05810585295259478,-0.0431494895617464,-0.1653062459136989,-0.4348945433845408,-0.4549339772403137,0.4703693783257955,-0.13004916117839413,-0.37770284161795825,-0.408954341601369,-0.4558373623490976,0.7419438667333451,-0.0690561847543834,-0.2839822670914303,-0.4348586380219458
1731069687.81,0.9615405870746049,0.037461045378131795,-0.07518754852562552,-0.16850554054006034,0.40470983031682867,-0.5361107402806123,-0.3375248816616149,-0.0431494895617464,-0.12818648745196914,-0.4345547920972849,-0.4549339772403137,-0.6304266680522608,2.0283981344429933,-0.3853446525525675,-0.40468634406108833,-0.1963350305392016,0.49605410328191457,-0.0690561847543834,-0.3345806790834334,-0.43451887601935607
1731069688.31,-0.9214443623352827,-0.12610550638044313,-0.07518754852562552,-0.23888884946894168,0.40436279603286435,1.5403010408762854,-0.3375248816616149,-0.0431494895617464,-0.18743060526174976,-0.43421503236463205,-0.4549339772403137,-0.2900839290754704,-0.13004916117839413,0.4934636049274976,-0.407535752615541,1.3606789603202112,0.5282265956961205,-0.0690561847543834,-0.2450604117129663,-0.43417910558217626
1731069688.81,0.9615405870746049,-0.35445089051865175,-0.07518754852562552,-0.1948992813883909,0.4040157621845299,-0.5361107402806123,-0.35922733049338346,-0.0431494895617464,-0.21545479376928087,-0.43387526418778377,0.5911127968024926,0.09546057992167489,-0.13004916117839413,-0.370061030683349,-0.4078794333334116,-0.4558373623490976,1.190060725359784,-0.0690561847543834,-0.2995510092428159,-0.4338393267116098
1731069689.31,-0.8920227225007512,-0.15687545176076914,-0.07518754852562552,-0.3034068826537495,0.40366872877185206,-0.23948048582963297,-0.2398638619186563,-0.0431494895617464,-0.2014426995155153,-0.4335354875679159,-0.4549339772403137,-0.4895035026946834,-0.13004916117839413,-0.21722481199116367,-0.40368645679253545,-0.4558373623490976,0.7970967108719837,-0.0690561847543834,-0.3968556476889758,-0.4334995394088586
1731069689.81,-0.9508660021698115,-0.39493766075592285,-0.07518754852562552,-0.3444638128622635,0.4033216957948375,1.5403010408762854,-0.28326875958219344,-0.0431494895617464,-0.1404777982008863,-0.4331957025062805,0.5911127968024926,-0.6384034509970293,-0.13004916117839413,-0.23632933932768693,-0.4045782806489569,-0.1963350305392016,1.0062179115643217,-0.0690561847543834,-0.2061385563345023,-0.4331597436751201
1731069690.31,0.9615405870746049,-0.42246866451726695,-0.07518754852562552,-0.18023609202820723,0.40297466325348635,-0.5361107402806123,-0.35922733049338346,-0.0431494895617464,-0.03477252576019888,-0.43285590900405446,-0.4549339772403137,0.005057039880964886,-0.13004916117839413,-0.39680736895448143,-0.40712438593950795,1.3606789603202112,1.357817292948143,-0.0690561847543834,-0.2995510092428159,-0.4328199395115993
1731069690.81,-0.9214443623352827,0.04879734104456769,-0.07518754852562552,-0.32393534775800653,0.4026276311478252,-0.23948048582963297,-0.7010408995937383,-0.0431494895617464,0.4273807583990857,-0.43251610706243926,0.5911127968024926,-0.3379446267440816,-0.13004916117839413,-0.21340390652385913,-0.4067324039875333,-0.4558373623490976,1.6197933026066762,-0.0690561847543834,-0.369610348924051,-0.43248012691949367
1731069691.31,0.9615405870746049,-0.36740665699457853,-0.07518754852562552,-0.3415311749902268,0.40228059947787415,-0.5361107402806123,-0.3185352389338174,-0.0431494895617464,-0.21447148890936749,-0.4321762966826365,-0.4549339772403137,0.11141414581121195,-0.13004916117839413,-0.3738819361506536,-0.40634060450303533,-0.4558373623490976,0.2593564805202572,-0.0690561847543834,0.9031343219517205,-0.432140305900005
1731069691.81,0.9615405870746049,0.08928411128183876,-0.07518754852562552,-0.2154277464926479,0.4019335682436399,1.5403010408762854,-0.3565145243894124,-0.0431494895617464,-0.19554287035603507,-0.43183647786582113,0.5911127968024926,1.2175280474857804,-0.13004916117839413,-0.35477740881413045,-0.4070345314177097,-0.4558373623490976,-0.5058892319033538,-0.0690561847543834,-0.4007478332268222,-0.43180047645433395
1731069692.31,-0.9214443623352827,-0.249185287901747,-0.07518754852562552,-0.2535520388291253,0.4015865374451291,-0.5361107402806123,-0.5138572784197344,-0.0431494895617464,-0.1881680839066848,-0.43149665061324327,-0.6292751062474522,0.6618121690002402,-0.13004916117839413,-0.14462760811237568,-0.4016877779313771,1.3606789603202112,-0.5955126036286413,-0.0690561847543834,-0.24895259725081278,-0.4314606385836792
1731069692.81,0.9615405870746049,-0.31234464947188983,-0.07518754852562552,-0.12158333458747293,0.4012395070823619,-0.5361107402806123,-0.45146273802839976,-0.0431494895617464,-0.12818648745196914,-0.4311568149260797,-0.4549339772403137,-1.0851032959040667,-0.13004916117839413,-0.12934398624315716,-0.4011115996852524,-0.4558373623490976,-0.49669709121358063,-0.0690561847543834,-0.3735025344618974,-0.43112079228923983
1731069693.31,-0.9214443623352827,-0.14553915609433324,-0.07518754852562552,-0.23888884946894168,0.40089247715535153,-0.23948048582963297,-0.229012637502772,-0.0431494895617464,-0.03231426361041545,-0.4308169708055302,0.5911127968024926,-0.08268757251148895,-0.13004916117839413,2.3427818511029392,-0.40103199176389154,-0.4558373623490976,0.6821949522498199,-0.0690561847543834,-0.4241009464539006,-0.4307809375722178
1731069693.81,-0.9214443623352827,-0.7755133009862704,-0.07518754852562552,1.7729007307482476,0.40054544766411143,1.5403010408762854,0.16705705367700388,-0.0431494895617464,-0.16038972161413204,-0.43047711825279333,0.5911127968024926,-0.8777069393400849,-0.13004916117839413,-0.4350164236275277,-0.4019893386776522,1.3606789603202112,-0.5334656539726731,-0.0690561847543834,-0.12440266003972798,-0.4304410744338119
1731069694.31,0.9615405870746049,0.05203628266354938,-0.07518754852562552,-0.297541606909676,0.400198418608655,-0.5361107402806123,-0.3700785549092678,-0.0431494895617464,-0.09131255520521774,-0.43013725726904795,-0.4549339772403137,-0.3831463967644366,-0.13004916117839413,-0.44265823456213693,-0.40470813218194135,-0.4558373623490976,-0.4599285284544882,-0.0690561847543834,-0.4241009464539006,-0.43010120287521963
1731069694.81,0.9909622269091337,0.15730188528045397,-0.07518754852562552,-0.3180700720139331,0.39985138998899555,-0.5361107402806123,0.020565524062566305,-0.0431494895617464,0.26759371866316284,-0.4297973878555403,0.5911127968024926,-0.25551786964814016,-0.13004916117839413,-0.2325084338603822,-0.401990477642401,-0.1963350305392016,-0.05317630293202828,-0.0690561847543834,-0.4163165753782078,-0.42976132289764135
1731069695.31,-0.9508660021698115,0.08118675723438455,-0.07518754852562552,-0.3063395205257862,0.3995043618051465,-0.5361107402806123,-0.20459738256703236,-0.0431494895617464,-0.16899363913837406,-0.42945751001344623,-0.4549339772403137,0.07153023108736901,-0.13004916117839413,-0.4655836673659648,-0.3996716925658436,-0.4558373623490976,-0.6161949201806308,-0.0690561847543834,-0.2255994840237344,-0.4294214345022761
1731069695.81,0.9615405870746049,0.27066484194481294,-0.07518754852562552,-0.3679249158385573,0.3991573340571211,1.5403010408762854,-0.19645896425511916,-0.0431494895617464,-0.1800558188123995,-0.42911762374396456,0.5911127968024926,-0.16777325725568631,-0.13004916117839413,-0.47704638376787867,-0.403688880525581,-0.4558373623490976,-0.6828379401814859,-0.0690561847543834,-0.3423650501591262,-0.42908153769032265
1731069696.31,-0.9214443623352827,-0.22975163818785688,-0.07518754852562552,-0.3737901915826307,0.39881030674492624,-0.5361107402806123,-0.011988149185086559,-0.0431494895617464,-0.18988886741153319,-0.4287777290482939,-0.4549339772403137,0.14863913288679842,-0.13004916117839413,-0.3471355978795212,-0.3997819265143796,1.3606789603202112,-0.625387060870404,-0.0690561847543834,1.6854636150588462,-0.4287416324629784
1731069696.81,0.9615405870746049,0.5913200622239995,-0.07518754852562552,-0.17437081628413378,0.3984632798686018,-0.5361107402806123,0.27828210393981784,-0.0431494895617464,-0.16555207212867726,-0.42843782592761015,0.5911127968024926,0.5607729183665056,-0.13004916117839413,-0.28218020493534246,-0.3985670198992366,-0.4558373623490976,-0.1841643077612951,-0.0690561847543834,-0.38517909107543663,-0.42840171882144085
1731069697.31,-0.9214443623352827,-0.02083990376353836,-0.07518754852562552,-0.010143095450077516,0.39811625342812124,-0.5361107402806123,0.6770646012235652,-0.0431494895617464,-0.14146110306079965,-0.42809791438316064,-0.4549339772403137,-0.8697301563953164,-0.13004916117839413,-0.35859831428143507,-0.39820621832390696,-0.1963350305392016,-0.3749012270740869,-0.0690561847543834,-0.2255994840237344,-0.42806179676691036
1731069697.81,0.9615405870746049,0.06985046156794865,-0.07518754852562552,-0.28874369329356586,0.3977692274235312,1.5403010408762854,0.16705705367700388,-0.0431494895617464,-0.04706383650911604,-0.4277579944161183,0.5911127968024926,-1.1063747170901157,-0.13004916117839413,1.6015261904458409,-0.40120368461060074,-0.4558373623490976,-0.2485092925897069,-0.0690561847543834,-0.21003074187234877,-0.42772186630058284
1731069698.31,-0.9214443623352827,0.38078885699019027,-0.07518754852562552,0.9752232295542599,0.39742220185483845,-0.5361107402806123,0.16976985978097497,-0.0431494895617464,-0.17759755666261606,-0.42741806602768284,-0.4549339772403137,-0.8936605052296219,-0.13004916117839413,-0.3891655580198721,-0.39785650872608375,1.3606789603202112,-0.45303442293715834,-0.0690561847543834,-0.24895259725081278,-0.4273819274236571
1731069698.81,0.9615405870746049,-0.5989909827517689,-0.07518754852562552,-0.27114786606134555,0.3970751767220229,-0.5361107402806123,-0.42976028919663134,-0.0431494895617464,0.8698679453601028,-0.42707812921905103,0.5911127968024926,-0.8378230246162423,-0.13004916117839413,-0.014716822224018263,-0.3989197144935261,-0.4558373623490976,-0.1542898505195325,-0.0690561847543834,-0.4124243898403614,-0.42704198013732914
1731069699.31,-0.8920227225007512,0.7046830188883584,-0.07518754852562552,-0.2916763311656026,0.39672815202515815,-0.5361107402806123,-0.766148246089044,-0.0431494895617464,-0.06672993370738342,-0.42673818399139685,-0.4549339772403137,-0.6171320298109799,-0.13004916117839413,-0.22868752839307765,-0.39795279363182706,-0.4558373623490976,0.21569381224383471,-0.0690561847543834,-0.1983541852588095,-0.42670202444279776
1731069699.81,0.932118947240076,-0.3333977699952708,-0.07518754852562552,-0.32686798563004327,0.39638112776421064,1.5403010408762854,-0.885511714663771,-0.0431494895617464,-0.18472651689698802,-0.4263982303459685,0.5911127968024926,-0.49216243034293955,-0.13004916117839413,-0.4044491798890907,-0.39723932375835397,1.3606789603202112,0.13296454603587696,-0.0690561847543834,-0.369610348924051,-0.4263620603412589
1731069700.31,-0.9214443623352827,0.10062040694827466,-0.07518754852562552,-0.2799457796774557,0.3960341039392139,-0.23948048582963297,-0.4189090647807471,-0.0431494895617464,-0.1257282253021857,-0.4260582682839362,-0.4549339772403137,-0.13054827018009982,-0.13004916117839413,-0.30510563773917027,-0.4005909043861827,-0.4558373623490976,0.041043139138145855,-0.0690561847543834,-0.4708071729080573,-0.4260220878339084
1731069700.81,0.9615405870746049,0.5022491677020032,-0.07518754852562552,-0.3385985371181901,0.39568708055016794,-0.5361107402806123,-0.6467847775143168,-0.0431494895617464,-0.04706383650911604,-0.42571829780649956,0.5911127968024926,0.28690337059611964,-0.13004916117839413,-0.297463826804561,-0.40077248275738864,-0.1963350305392016,1.0498805798407438,-0.0690561847543834,1.946240046094555,-0.42568210692194663
1731069701.31,-0.9214443623352827,-0.4127518396603221,-0.07518754852562552,-0.3151374341418964,0.3953400575970994,-0.5361107402806123,-0.48130360517208154,-0.0431494895617464,-0.1967720014309268,-0.42537831891485545,-1.675321880290271,-1.53446206845936,-0.13004916117839413,-0.17519485185081277,-0.39551376945157707,-0.4558373623490976,0.5626971232827694,-0.0690561847543834,-0.1399714021911136,-0.4253421176065665
1731069701.81,0.9909622269091337,0.3483994408003734,-0.07518754852562552,-0.3151374341418964,0.3949930350800284,1.5403010408762854,-0.6467847775143168,-0.0431494895617464,-0.18841391012166314,-0.4250383316101748,1.8115006998524499,-1.3297246395436346,-0.13004916117839413,-0.45412095096405086,-0.39525633739454347,1.3606789603202112,0.2984230784517927,-0.0690561847543834,-0.2878744526292767,-0.4250021198889638
1731069702.31,-0.9214443623352827,-0.5779378622283878,-0.07518754852562552,-0.23595621159690494,0.3946460129989416,-0.23948048582963297,-0.8122659498565521,-0.0431494895617464,-0.12326996315240228,-0.42469833589370415,-0.4549339772403137,-1.4786245878459803,-0.13004916117839413,0.8908377735271793,-0.39826430215040004,-0.4558373623490976,0.1628390032776396,-0.0690561847543834,-0.4591306162945181,-0.4246621137703375
1731069702.81,0.932118947240076,0.06985046156794865,-0.07518754852562552,-0.3356658992461534,0.394298991353879,-0.5361107402806123,-0.42162187088471814,-0.0431494895617464,0.026684027984386828,-0.42435833176661636,0.5911127968024926,-1.029265815290687,-0.13004916117839413,-0.3471355978795212,-0.3961366904048676,-0.4558373623490976,0.36047002810776146,-0.0690561847543834,-0.39296346215112943,-0.4243220992518819
1731069703.31,-0.9214443623352827,-0.6329998697510764,-0.07518754852562552,1.2948807576062626,0.3939519701448341,-0.5361107402806123,-0.8258299803764074,-0.0431494895617464,-0.18915138876659815,-0.42401831923010735,-0.4549339772403137,-1.0558550917732488,-0.13004916117839413,-0.24015024479499147,-0.39486323797720246,-0.4558373623490976,0.9487670322532401,-0.0690561847543834,-0.16721670095603847,-0.4239820763347929
1731069703.81,0.9615405870746049,-0.5666015665619519,-0.07518754852562552,-0.06293057714673851,0.39360494937183343,1.5403010408762854,-0.923491000119366,-0.0431494895617464,-0.12818648745196914,-0.42367829828537296,0.7654539258096312,0.0023981122327087095,-0.13004916117839413,-0.33567288147760727,-0.39686925083287206,1.3606789603202112,1.923133945369189,-0.0690561847543834,-0.019313650517875276,-0.42364204502026637
1731069704.31,-0.9214443623352827,0.4730986931311681,-0.07518754852562552,-0.2799457796774557,0.39325792903489715,-0.5361107402806123,-0.7715738582969861,-0.0431494895617464,-0.03231426361041545,-0.42333826893358517,-0.6292751062474522,-0.4177124561917669,-0.13004916117839413,-0.4655836673659648,-0.39377214420032136,-2.0128513532085104,-0.18186627258885182,-0.0690561847543834,-0.3540416067726654,-0.423302005309495
1731069704.81,0.9615405870746049,-0.5390705628006076,-0.07518754852562552,-0.28287841754949244,0.39291090913401855,-0.5361107402806123,-0.7987019193366967,-0.0431494895617464,-0.21152157432962737,-0.42299823117598756,0.5911127968024926,-0.8564355181540355,-0.13004916117839413,-0.3203892596083888,-0.3956782411320087,1.3606789603202112,-0.27378767948658295,-0.0690561847543834,-0.4046400187646686,-0.42296195720367785
1731069705.31,-0.9214443623352827,0.6982051356503951,-0.07518754852562552,-0.1362465239476565,0.39256388966921774,-0.5361107402806123,-0.5436981455634162,-0.0431494895617464,-0.14293606035066972,-0.42265818501375213,-0.4549339772403137,-1.0531961641249925,-0.13004916117839413,-0.3471355978795212,-0.39705889270401884,-0.4558373623490976,-0.30136410155590204,-0.0690561847543834,0.5178079537049272,-0.4226219007040062
1731069705.81,0.9615405870746049,-0.01436202052557499,-0.07518754852562552,-0.20076455713246436,0.39221687064052135,1.5403010408762854,-0.43518590140457347,-0.0431494895617464,-0.03723078790998231,-0.4223181304480747,0.5911127968024926,-0.9681104793807949,-0.13004916117839413,-0.45412095096405086,-0.3956810066814167,1.3606789603202112,0.09619598327678452,-0.0690561847543834,-0.2723057104778912,-0.42228183581167733
1731069706.31,-0.9214443623352827,-0.0678045572387728,-0.07518754852562552,-0.3415311749902268,0.3918698520479228,-0.5361107402806123,-0.6142311042666639,-0.0431494895617464,-0.22086297049880438,-0.4219780674801483,-0.4549339772403137,-0.9814051176220758,-0.13004916117839413,-0.21722481199116367,-0.39574101431725467,-0.1963350305392016,-0.21863483534794428,-0.0690561847543834,-0.38517909107543663,-0.4219417625278841
1731069706.81,-0.8920227225007512,0.037461045378131795,-0.07518754852562552,-0.203697195004501,0.39152283389146214,-0.23948048582963297,-0.22358702529482988,-0.0431494895617464,-0.19529704414105672,-0.4216379961111459,0.5911127968024926,-0.7926212545958873,-0.13004916117839413,-0.30510563773917027,-0.39497607809017365,-0.4558373623490976,-0.08305076017379089,-0.0690561847543834,0.15972688422305895,-0.4216016808538209
1731069707.31,0.932118947240076,0.0682309907584578,-0.07518754852562552,-0.36499227796652056,0.391175816171126,-0.5361107402806123,-0.5762518188110691,-0.0431494895617464,-0.18718477904677142,-0.421297916342311,-0.4549339772403137,-0.433666022081304,-0.13004916117839413,2.2281546870838005,-0.39484746651597247,-0.4558373623490976,0.3558739577628749,-0.0690561847543834,-0.2839822670914303,-0.421261590790682
1731069707.81,0.9615405870746049,0.7532671431730837,-0.07518754852562552,1.4004557209995843,0.39082879888693445,1.5403010408762854,-0.11236197503201623,-0.0431494895617464,-0.1788266877375078,-0.42095782817481187,0.5911127968024926,-0.7155123527964584,-0.13004916117839413,-0.3738819361506536,-0.39423090182943327,1.3606789603202112,0.5558030177654398,-0.0690561847543834,-0.4007478332268222,-0.42092149233966175
1731069708.31,-0.9214443623352827,-0.01436202052557499,-0.07518754852562552,-0.2916763311656026,0.3904817820389142,-0.5361107402806123,-0.18289493373526408,-0.0431494895617464,-0.1485900632951716,-0.4206177316098452,-0.4549339772403137,-0.17309111255219867,-0.13004916117839413,0.09226853086051151,-0.39364005801753643,-0.4558373623490976,1.0200061225989814,-0.0690561847543834,-0.4046400187646686,-0.420581385501953
1731069708.81,0.9615405870746049,0.17673553499434408,-0.07518754852562552,-0.2535520388291253,0.3901347656270586,-0.5361107402806123,-0.05268024074465264,-0.0431494895617464,-0.02493947716106516,-0.4202776266486032,0.5911127968024926,0.2204301793897149,-0.13004916117839413,0.0884476253932068,-0.39055119352782003,-0.4558373623490976,0.6546185301805005,-0.0690561847543834,-0.4552384307566717,-0.4202412702787501
1731069709.31,-0.9214443623352827,-0.279955233282073,-0.07518754852562552,-0.3913860188148511,0.3897877496514145,-0.23948048582963297,-0.17204370931937982,-0.0431494895617464,-0.1911179984864249,-0.4199375132922558,-0.4549339772403137,-0.0428036577876463,-0.13004916117839413,-0.3853446525525675,-0.392124541165645,-0.4558373623490976,0.41562287224640015,-0.0690561847543834,-0.389071276613283,-0.4199011466712458
1731069709.81,0.9615405870746049,-0.0791408529052087,-0.07518754852562552,-0.2594173145731987,0.389440734111955,1.5403010408762854,-0.25342789243851166,-0.0431494895617464,-0.05443862295846627,-0.41959739154204667,-0.4549339772403137,-0.8856837222848535,-0.13004916117839413,-0.33567288147760727,-0.3909467063743743,1.3606789603202112,0.367364133625091,-0.0690561847543834,-0.12440266003972798,-0.4195610146806329
1731069710.31,-0.9214443623352827,0.30629319975361147,-0.07518754852562552,-0.3385985371181901,0.38909371900872036,-0.5361107402806123,-0.14491564827966907,-0.0431494895617464,0.4150894476501685,-0.4192572613991439,0.5911127968024926,0.13534449464551726,-0.13004916117839413,-0.24588160299594847,-0.3908426946885913,-0.4558373623490976,0.8775279419074982,-0.0690561847543834,-0.3812869055375902,-0.4192208743081043
1731069710.81,0.9615405870746049,-0.33825618242374333,-0.07518754852562552,-0.24182148734097839,0.3887467043417105,-0.5361107402806123,0.15078021705317776,-0.0431494895617464,-0.15768563324937027,-0.41891712286474153,0.5911127968024926,-0.5559766939010878,-0.13004916117839413,-0.15609032451428967,-0.39187699286417055,-0.4558373623490976,0.9051043639768175,-0.0690561847543834,-0.3112275658563551,-0.4188807255548542
1731069711.31,-0.8920227225007512,0.18321341823230744,-0.07518754852562552,-0.1450444375637667,0.3883996901109455,-0.5361107402806123,-0.5274213089395898,-0.0431494895617464,-0.11343691455326856,-0.4185769759400334,-0.6292751062474522,-0.5559766939010878,-0.13004916117839413,-0.27071748853342853,-0.39277539758028274,-0.4558373623490976,0.7557320777680048,-0.0690561847543834,-0.1555401443424992,-0.41854056842207255
1731069711.81,0.932118947240076,1.0593471261668528,-0.07518754852562552,-0.1362465239476565,0.38805267631645207,-0.5361107402806123,0.4464760823860243,-0.0431494895617464,-0.133103011751536,-0.418236820626185,0.7654539258096312,0.27094980470658253,-0.13004916117839413,-0.3929864634871768,-0.3894448913835181,-0.1963350305392016,1.5715345639853675,-0.0690561847543834,-0.10494173235049607,-0.4182004029109535
1731069712.31,-0.9214443623352827,0.5216828174158934,-0.07518754852562552,-0.19196664351635412,0.38770566295821013,1.5403010408762854,-0.43518590140457347,-0.0431494895617464,-0.0888542930554343,-0.41789665692444256,-0.4549339772403137,0.4810050889188202,-0.13004916117839413,2.0829602793262243,-0.3913023846019304,1.3606789603202112,1.3647113984654726,-0.0690561847543834,-0.3462572356969726,-0.4178602290226885
1731069712.81,0.9615405870746049,0.3516383824193551,-0.07518754852562552,1.4943001329047594,0.3873586500362599,-0.23948048582963297,-0.4894420234839948,-0.0431494895617464,-0.02493947716106516,-0.4175564848359706,0.5911127968024926,0.33210514061647434,-0.13004916117839413,-0.2630756775988193,-0.39042904271143974,-0.4558373623490976,0.7189635150089123,-0.0690561847543834,-0.4630228018323645,-0.4175200467584687
1731069713.31,-0.9214443623352827,0.022885808092714212,-0.07518754852562552,-0.16850554054006034,0.38701163755060797,-0.5361107402806123,-0.5002932478998791,-0.0431494895617464,-0.12326996315240228,-0.41721630436196394,-0.4549339772403137,0.19118197525889727,-0.13004916117839413,-0.2936429213372564,-0.38643939669060895,-0.4558373623490976,-0.358814980866984,-0.0690561847543834,-0.2528447827886591,-0.417179856119487
1731069713.81,0.9615405870746049,0.5427359379392741,-0.07518754852562552,-0.35032908860633694,0.38666462550126773,1.5403010408762854,-0.11236197503201623,-0.0431494895617464,-0.16333963619387218,-0.41687611550361275,0.5911127968024926,0.48898187186358844,-0.13004916117839413,-0.04910497142975989,-0.3906949979926229,1.3606789603202112,-0.6115988498357443,-0.0690561847543834,-0.1555401443424992,-0.4168396571069346
1731069714.31,-0.8920227225007512,-0.2006011636170219,-0.07518754852562552,-0.297541606909676,0.38631761388825925,-0.5361107402806123,-0.43518590140457347,-0.0431494895617464,-0.07164645800695028,-0.4165359182620852,-0.4549339772403137,-0.6224498851074922,-0.13004916117839413,-0.25543386666421003,-0.38889411878967806,-0.4558373623490976,-0.5288695836277866,-0.0690561847543834,-0.3345806790834334,-0.4164994497220029
1731069714.81,0.932118947240076,0.44070927694135126,-0.07518754852562552,-0.3210027098859698,0.3859706027115825,-0.5361107402806123,-0.47316518686016834,-0.0431494895617464,0.007017930786119436,-0.416195712638623,0.5911127968024926,-0.710194497499946,-0.13004916117839413,-0.39680736895448143,-0.3875300497145584,-0.1963350305392016,-0.1427996746573161,-0.0690561847543834,2.64294125736906,-0.4161592339658831
1731069715.31,-0.9508660021698115,-0.0564682615723369,-0.07518754852562552,-0.28874369329356586,0.38562359197125756,-0.5361107402806123,-0.22629983139880094,-0.0431494895617464,1.4524760748587753,-0.4158554986343923,-0.4549339772403137,0.01037489517747724,-0.13004916117839413,-0.41973280175830924,-0.3857092997492507,-0.4558373623490976,-0.03938809189736862,-0.0690561847543834,-0.3229041224698943,-0.41581900983976505
1731069715.81,0.9615405870746049,-0.19250380956956767,-0.07518754852562552,-0.2682152281893088,0.3852765816672978,1.5403010408762854,0.5929676120004619,-0.0431494895617464,-0.15129415165993337,-0.4155152762505852,0.5911127968024926,-0.4549374432673531,-0.13004916117839413,-0.33185197601030264,-0.3875748222135993,1.3606789603202112,0.691387092939593,-0.0690561847543834,-0.18278544310742406,-0.41547877734484145
1731069716.31,-0.9214443623352827,-0.041893024286919316,-0.07518754852562552,-0.34739645073430026,0.38492957179971654,-0.5361107402806123,0.0504063912062481,-0.0431494895617464,-0.17464764208287595,-0.41517504548839285,-1.675321880290271,-0.0880054278080013,2.0283981344429933,-0.47704638376787867,-0.38506944424088924,-0.4558373623490976,-0.216336800175501,-0.0690561847543834,-0.4202087609160542,-0.41513853648230065
1731069716.81,-0.9214443623352827,-0.7107344686066368,-0.07518754852562552,-0.3210027098859698,0.38458256236854055,-0.5361107402806123,-0.08794672009627658,-0.0431494895617464,-0.010189904262364578,-0.4148348063489815,0.5911127968024926,-0.1571375466626616,-0.13004916117839413,0.9328677336675304,-0.384585153070888,-0.4558373623490976,-0.43235210638516886,-0.0690561847543834,-0.427993131991747,-0.4147982872533338
1731069717.31,0.9615405870746049,0.523302288225384,-0.07518754852562552,0.14821934963990518,0.3842355533737632,-0.5361107402806123,0.09652409497375632,-0.0431494895617464,-0.015106428561931439,-0.41449455883358993,-0.4549339772403137,0.1991587582036655,-0.13004916117839413,-0.2860011104026471,-0.3862240125550842,-0.4558373623490976,0.08470580741456814,-0.0690561847543834,-0.39296346215112943,-0.41445802965913076
1731069717.81,0.9615405870746049,0.17187712256587173,-0.07518754852562552,-0.25061940095708857,0.3838885448153978,1.5403010408762854,0.5902548058964908,-0.0431494895617464,-0.13801953605110287,-0.41415430294338723,0.7654539258096312,0.13268556699726136,-0.13004916117839413,-0.328031070542998,-0.388988264147039,1.3606789603202112,-0.3749012270740869,-0.0690561847543834,-0.3190119369320479,-0.4141177637008828
1731069718.31,-0.8920227225007512,-0.0062646664781209555,-0.07518754852562552,-0.3034068826537495,0.38354153669347774,-0.5361107402806123,0.28642052225173104,-0.0431494895617464,-0.10852039025370175,-0.41381403867956074,-0.6292751062474522,-0.3911231797092051,-0.13004916117839413,-0.33567288147760727,-0.3858699812903985,-0.4558373623490976,-0.3036621367283453,-0.0690561847543834,-0.3968556476889758,-0.41377748937977665
1731069718.81,0.932118947240076,0.10223987775776532,-0.07518754852562552,-0.06586321501877529,0.3831945290079964,-0.5361107402806123,0.034129554582421666,-0.0431494895617464,-0.19382208685118668,-0.41347376604330244,0.5911127968024926,-0.7421016292790201,-0.13004916117839413,-0.4159118962910046,-0.3875928929672093,-0.1963350305392016,-0.6070027794908577,-0.0690561847543834,-0.3345806790834334,-0.41343720669700657
1731069719.31,-0.9214443623352827,-0.4386633726121754,-0.07518754852562552,-0.297541606909676,0.3828475217589872,-0.5361107402806123,0.2430156245881939,-0.0431494895617464,-0.1748934682978543,-0.4131334850357768,-0.4549339772403137,-0.909614071119159,-0.13004916117839413,-0.10259764797202478,-0.3846029064194743,-0.4558373623490976,-0.29676803121101547,-0.0690561847543834,0.9887624037843412,-0.41309691565375783
1731069719.81,0.9615405870746049,0.2463727798024505,-0.07518754852562552,-0.3356658992461534,0.3825005149464434,1.5403010408762854,1.319999647864709,-0.0431494895617464,-0.0888542930554343,-0.4127931956582244,0.5911127968024926,-0.6782873657208719,-0.13004916117839413,-0.35859831428143507,-0.38405069164920563,1.3606789603202112,0.06632152603502191,-0.0690561847543834,-0.5058368427486749,-0.4127566162512202
1731069720.31,-0.9214443623352827,-0.5504068584670435,-0.07518754852562552,-0.35032908860633694,0.38215350857039176,-2.3158922669865305,-0.9072141634955395,-0.0431494895617464,-0.11835343885283542,-0.4124528979118087,-0.4549339772403137,-0.603837391569699,-0.13004916117839413,-0.33185197601030264,-0.38343684726598765,-0.1963350305392016,0.0571293853452488,-0.0690561847543834,-0.369610348924051,-0.4124163084905833
1731069720.81,0.9909622269091337,0.019646866473732528,-0.07518754852562552,-0.11571805884339949,0.381806502630839,1.5403010408762854,-0.9397678367431924,-0.0431494895617464,-0.11835343885283542,-0.4121125917977199,0.5911127968024926,-0.058757223677183355,-0.13004916117839413,-0.4159118962910046,-0.3825764962694066,-0.4558373623490976,0.16973310879496917,-0.0690561847543834,-0.4007478332268222,-0.41207599237303705
1731069721.31,-0.9214443623352827,0.2917179624681941,-0.07518754852562552,0.5705192032131927,0.3814594971277985,-0.5361107402806123,-0.8285427864803785,-0.0431494895617464,-0.12326996315240228,-0.4117722773171471,-0.4549339772403137,-1.061172947069761,-0.13004916117839413,-0.3165683541410842,-0.38403979509635283,-0.4558373623490976,0.05253331500036224,-0.0690561847543834,-0.08158861912341768,-0.4117356678997681
1731069721.81,0.9615405870746049,-0.6297609281320946,-0.07518754852562552,-0.010143095450077516,0.38111249206130354,1.5403010408762854,-0.9858855405107005,-0.0431494895617464,0.43229728269865253,-0.4114319544712538,0.5911127968024926,-0.2156339549242975,-0.13004916117839413,1.6320934341842779,-0.3835098595459461,1.3606789603202112,0.06172545569013535,-0.0690561847543834,-0.17500107203173126,-0.41139533507196624
1731069722.31,-0.9214443623352827,0.31924896622953824,-0.07518754852562552,1.945926365198414,0.38076548743132754,-0.5361107402806123,-0.9180653879114239,-0.0431494895617464,-0.12818648745196914,-0.41109162326128057,-0.4549339772403137,0.09280165227341843,-0.13004916117839413,-0.5114345329736204,-0.3825567166871049,-0.4558373623490976,-0.050878267759585004,-0.0690561847543834,-0.5214055849000605,-0.4110549938908181
1731069722.81,0.9615405870746049,-0.484008555277919,-0.07518754852562552,0.09249923007120754,0.38041848323791727,-0.5361107402806123,-0.9641830916789319,-0.0431494895617464,-0.0642716715576,-0.41075128368839,-0.4549339772403137,-0.8564355181540355,-0.13004916117839413,-0.3815237470852629,-0.3824182643380431,-0.1963350305392016,0.6661087060427171,-0.0690561847543834,-0.2956588237049695,-0.4107146443575105
1731069723.31,-0.9214443623352827,0.2577090754688862,-0.07518754852562552,0.7171510968150286,0.38007147948107933,-0.5361107402806123,-0.9289166123273082,-0.0431494895617464,-0.17808920909257275,-0.4104109357537693,0.5911127968024926,-1.015971177049406,-0.13004916117839413,-0.1140603643739386,-0.38273326467050506,-0.4558373623490976,0.4707757163850383,-0.0690561847543834,-0.07769643358557136,-0.41037428647323765
1731069723.81,-0.9214443623352827,-0.514778500658245,-0.07518754852562552,0.3329755355782186,0.37972447616081384,1.5403010408762854,-0.888224520767742,-0.0431494895617464,-0.18030164502737783,-0.41007057945860953,0.5911127968024926,-1.3377014224884032,-0.13004916117839413,-0.2592547721315147,-0.3799928308492639,-0.4558373623490976,0.5925715805245323,-0.0690561847543834,-0.2917666381671231,-0.4100339202391803
1731069724.31,0.9615405870746049,-0.5050616758012999,-0.07518754852562552,0.13648879815175843,0.3793774732771675,-0.5361107402806123,-0.920778194015395,-0.0431494895617464,-0.133103011751536,-0.40973021480407135,-0.4549339772403137,-1.0797854406075544,-0.13004916117839413,-0.3203892596083888,-0.38058752515201605,1.3606789603202112,0.8131829570790864,-0.0690561847543834,-0.4046400187646686,-0.4096935456565281
1731069724.81,0.9615405870746049,0.4164172147989888,-0.07518754852562552,-0.28287841754949244,0.3790304708301068,-0.5361107402806123,-0.652210389722259,-0.0431494895617464,-0.02739773931084859,-0.40938984179139437,-0.4549339772403137,-0.9681104793807949,-0.13004916117839413,-0.23632933932768693,-0.38041601868975683,-0.4558373623490976,1.2704919563952985,-0.0690561847543834,-0.3384728646212798,-0.4093531627264678
1731069725.31,-0.9214443623352827,-0.22165428414040267,-0.07518754852562552,-0.06879585289081194,0.3786834688196788,-0.5361107402806123,-0.3212480450377885,-0.0431494895617464,-0.10360386595413489,-0.4090494604217393,0.5911127968024926,-0.35389819263361866,-0.13004916117839413,-0.32421016507569345,-0.38368848805339917,-0.4558373623490976,1.2383194639810926,-0.0690561847543834,0.20254092513936925,-0.40901277145018766
1731069725.81,0.9615405870746049,0.3516383824193551,-0.07518754852562552,-0.28874369329356586,0.37833646724588327,1.5403010408762854,-0.3972066159489785,-0.0431494895617464,-0.1704685964282441,-0.4087090706962961,0.5911127968024926,-0.8856837222848535,-0.13004916117839413,-0.2325084338603822,-0.381401253433596,-0.1963350305392016,-0.007215599483162981,-0.0690561847543834,-0.21003074187234877,-0.40867237182887284
1731069726.31,-0.9214443623352827,-0.1212470939519706,-0.07518754852562552,-0.2535520388291253,0.3779894661087403,-0.5361107402806123,-0.65492319582623,-0.0431494895617464,-0.14785258465023657,-0.4083686726162493,-0.4549339772403137,-0.3698517585231557,-0.13004916117839413,-0.14080670264507114,-0.3784220673949148,1.3606789603202112,0.31680735983133895,-0.0690561847543834,-0.3384728646212798,-0.40833196386371157
1731069726.81,0.9909622269091337,0.08928411128183876,-0.07518754852562552,1.6145382856582644,0.37764246540827673,-0.5361107402806123,-0.5654005943951848,-0.0431494895617464,-0.2132423578344758,-0.4080282661827642,-0.4549339772403137,-1.01331224940115,-0.13004916117839413,-0.2325084338603822,-0.3811888635515613,-0.1963350305392016,0.21799184741627825,-0.0690561847543834,-0.12829484557757448,-0.40799154755588907
1731069727.31,-0.9508660021698115,0.5783642957480727,-0.07518754852562552,1.1687773291086834,0.37729546514447904,-0.5361107402806123,-0.39991942205294956,-0.0431494895617464,0.8280774888137845,-0.40768785139707486,0.5911127968024926,-1.0106533217528937,-0.13004916117839413,2.85478318372176,-0.3781726549160247,-0.4558373623490976,0.43630518879838937,-0.0690561847543834,0.20254092513936925,-0.407651122906592
1731069727.81,0.9615405870746049,0.1135761734242014,-0.07518754852562552,-0.2154277464926479,0.37694846531737414,-0.5361107402806123,-0.39991942205294956,-0.0431494895617464,-0.049522098658899415,-0.4073474282603446,0.5911127968024926,-1.0638318747180173,-0.13004916117839413,-0.1484485135796804,-0.378642503997921,1.3606789603202112,-0.016407740172935836,-0.0690561847543834,0.015716019322742237,-0.4073106899170056
1731069728.31,-0.9214443623352827,0.6399041865087247,-0.07518754852562552,-0.26234995244523546,0.37660146592696186,1.5403010408762854,-0.6956152873857961,-0.0431494895617464,-0.18325155960711795,-0.4070069967737589,-0.4549339772403137,-0.40175889030222983,-0.13004916117839413,-0.09495583703741552,-0.3817108538766038,-0.4558373623490976,0.38574841500463725,-0.0690561847543834,-0.3073353803185087,-0.40697024858831804
1731069728.81,0.9615405870746049,0.011549512426278314,-0.07518754852562552,-0.2300909358528315,0.3762544669732891,-0.5361107402806123,-0.29411998399807776,-0.0431494895617464,-0.13556127390131942,-0.4066665569385059,0.4167716677953665,-0.8325051693197298,-0.13004916117839413,-0.4082700853563953,-0.37697459991441035,-0.4558373623490976,0.1904154253469589,-0.0690561847543834,2.829766163185687,-0.4066297989217115
1731069729.31,-0.9214443623352827,0.9686567608353656,-0.07518754852562552,-0.17730345415617058,0.3759074684563425,-0.5361107402806123,-0.4785907990681105,-0.0431494895617464,-0.03231426361041545,-0.4063261087557452,-0.2805928482331876,0.23904267292750844,-0.13004916117839413,-0.19812028465464057,-0.3804310357591491,-0.1963350305392016,0.8384613439759627,-0.0690561847543834,-0.2255994840237344,-0.40628934091837426
1731069729.81,0.9615405870746049,0.7759397345059555,-0.07518754852562552,-0.29460896903763933,0.3755604703761353,-0.5361107402806123,-0.4568883502363419,-0.0431494895617464,-0.18546399554192305,-0.4059856522267128,0.5911127968024926,-0.1225714872353313,-0.13004916117839413,-0.3203892596083888,-0.3797472724364603,-0.4558373623490976,0.5236305253512339,-0.0690561847543834,0.8136140545812536,-0.40594887457948836
1731069730.31,-0.9214443623352827,0.2577090754688862,-0.07518754852562552,-0.3092721583978229,0.37521347273268774,1.5403010408762854,-0.37279136101323884,-0.0431494895617464,-0.17022277021326576,-0.40564518735257016,-0.6292751062474522,0.2097944687966902,-0.13004916117839413,-0.19812028465464057,-0.3804013843800468,1.3606789603202112,0.26165451569270026,-0.0690561847543834,-0.389071276613283,-0.4056083999062421
1731069730.81,0.9615405870746049,0.7840370885534095,-0.07518754852562552,-0.09225695586710572,0.37486647552601304,-0.5361107402806123,0.09381128886978525,-0.0431494895617464,-0.0888542930554343,-0.4053047141345017,0.7654539258096312,0.2603140941135578,-0.13004916117839413,-0.12552308077585259,-0.37490348323476724,-0.4558373623490976,0.7695202888026644,-0.0690561847543834,-0.011529279442182478,-0.4052679168998206
1731069731.31,-0.9214443623352827,0.17187712256587173,-0.07518754852562552,0.2508616751611904,0.37451947875613134,-0.5361107402806123,0.07482164614198775,-0.0431494895617464,-0.09131255520521774,-0.4049642325736938,-0.6292751062474522,-0.6596748721830787,-0.13004916117839413,-0.15609032451428967,-0.3794268731757165,-0.4558373623490976,0.5443128419032232,-0.0690561847543834,-0.3735025344618974,-0.40492742556140454
1731069731.81,0.9615405870746049,0.05203628266354938,-0.07518754852562552,-0.32393534775800653,0.37417248242304924,1.5403010408762854,0.47902975563367717,-0.0431494895617464,-0.19357626063620834,-0.4046237426713069,-0.4549339772403137,-0.3618749755783872,-0.13004916117839413,1.5938843795112319,-0.3758861924492976,1.3606789603202112,1.2061469715668867,-0.0690561847543834,-0.2294916695615807,-0.40458692589218215
1731069732.31,-0.9214443623352827,-0.08561873614317206,-0.07518754852562552,1.2860828439901522,0.3738254865267735,-0.5361107402806123,0.007001493542710944,-0.0431494895617464,-0.1653062459136989,-0.40428324442857416,0.5911127968024926,-0.5559766939010878,-0.13004916117839413,0.325343764366094,-0.37854549342836147,-0.4558373623490976,0.732751726043572,-0.0690561847543834,-0.15164795880465287,-0.4042464178933355
1731069732.81,0.9615405870746049,-0.11153026909502554,-0.07518754852562552,0.14821934963990518,0.37347849106733083,-0.5361107402806123,-0.38906819763706524,-0.0431494895617464,-0.18079329745733452,-0.403942737846657,0.5911127968024926,-0.42568923913653545,-0.13004916117839413,-0.11788126984124332,-0.3757854749035111,-0.4558373623490976,0.9970257708745487,-0.0690561847543834,-0.2333838550994272,-0.40390590156604983
1731069733.31,-0.9214443623352827,-0.1633533349987325,-0.07518754852562552,-0.18610136777228067,0.3731314960447279,-0.23948048582963297,-0.4243346769886892,-0.0431494895617464,-0.06918819585716686,-0.40360222292674,-0.4549339772403137,-0.045462585435902474,-0.13004916117839413,-0.1675530409162035,-0.37798792054383124,-0.4558373623490976,1.2704919563952985,-0.0690561847543834,1.7243854704373103,-0.40356537691150884
1731069733.81,0.9615405870746049,-0.3058667662339265,-0.07518754852562552,-0.1274486103315464,0.37278450145896475,1.5403010408762854,-0.46502676854825514,-0.0431494895617464,1.196816811281299,-0.4032616996700064,-0.6292751062474522,0.06887130343911313,-0.13004916117839413,-0.22486662292577295,-0.37616186325422973,1.3606789603202112,1.3371349763961533,-0.0690561847543834,-0.10494173235049607,-0.4032248439308945
1731069734.31,-0.9802876420043404,-0.2006011636170219,-0.07518754852562552,5.608791067372276,0.3724375073101015,-0.23948048582963297,0.23759001238025176,-0.0431494895617464,-0.17980999259742114,-0.402921168077616,0.5911127968024926,0.36667120004380493,-0.13004916117839413,4.879863081393215,-0.37510277182005236,-2.0128513532085104,0.34208574672821523,-0.0690561847543834,-0.2528447827886591,-0.40288430262539376
1731069734.81,1.0203838667436624,-0.2831941749010547,-0.07518754852562552,-0.3327332613741167,0.37209051359809137,-0.5361107402806123,-0.5409853394594452,-0.0431494895617464,-0.12081170100261884,-0.4025806281508037,0.7654539258096312,0.5182300759944067,-0.13004916117839413,0.0005667996452002768,-0.3765913137436514,1.3606789603202112,-0.5656381463868789,-0.0690561847543834,-0.2956588237049695,-0.40254375299618556
1731069735.31,-0.8920227225007512,-0.0014062540496484275,-0.07518754852562552,-0.14211179969172993,0.3717435203229878,-0.5361107402806123,-0.1639052910074666,-0.0431494895617464,-0.06918819585716686,-0.40224007989072713,-0.4549339772403137,-0.30071963966849513,-0.13004916117839413,-0.3509565033468258,-0.37502067489059504,-0.1963350305392016,-0.625387060870404,-0.0690561847543834,-0.08937299019911048,-0.40220319504445656
1731069735.81,0.932118947240076,-0.3172030619003624,-0.07518754852562552,-0.23302357372486823,0.37139652748479085,1.5403010408762854,-0.15034126048761123,-0.0431494895617464,-0.1783350353075511,-0.4018995232985698,0.5911127968024926,-0.6623337998313349,-0.13004916117839413,-0.10259764797202478,-0.3729066351398492,1.3606789603202112,-0.6851359753539291,-0.0690561847543834,-0.10104954681264959,-0.4018626287713875
1731069736.31,-0.9214443623352827,-0.09047714857164459,-0.07518754852562552,-0.27701314180541897,0.3710495350835139,-0.5361107402806123,0.07210884003801667,-0.0431494895617464,-0.1709602488582008,-0.40155895837551614,-0.4549339772403137,-0.7341248463342517,-0.13004916117839413,0.4017618737121865,-0.37466424294676604,-0.4558373623490976,-0.5955126036286413,-0.0690561847543834,-0.16721670095603847,-0.40152205417816345
1731069736.81,0.9615405870746049,-0.06294614481030027,-0.07518754852562552,-0.3327332613741167,0.3707025431191903,-0.5361107402806123,-0.3863553915330942,-0.0431494895617464,0.5601269144873908,-0.40121838512272195,0.5911127968024926,-0.36453390322664336,-0.13004916117839413,-0.3891655580198721,-0.3736214313076345,-0.1963350305392016,0.024956892931042907,-0.0690561847543834,-0.280090081553584,-0.4011814712659636
1731069737.31,-0.9214443623352827,-0.33825618242374333,-0.07518754852562552,-0.2652825903172721,0.3703555515917934,-0.5361107402806123,-0.16933090321540872,-0.0431494895617464,0.5871677981350084,-0.4008778035414241,-0.4549339772403137,-0.41505352854351074,-0.13004916117839413,-0.3662401252160443,-0.3735836687648424,-0.4558373623490976,-0.18876037810618168,-0.0690561847543834,-0.3384728646212798,-0.40084088003597307
1731069737.81,0.9615405870746049,0.17025765175638072,-0.07518754852562552,-0.28874369329356586,0.3700085605013766,1.5403010408762854,-0.18289493373526408,-0.0431494895617464,-0.1997219160106669,-0.4005372136327764,0.5911127968024926,-0.15447861901440543,-0.13004916117839413,-0.1140603643739386,-0.37325605867959216,1.3606789603202112,-0.46452459879937474,-0.0690561847543834,0.6345735198403194,-0.4005002804893709
1731069738.31,-0.9214443623352827,0.07632834480591202,-0.07518754852562552,-0.3063395205257862,0.36966156984791315,-0.5361107402806123,0.06668322783007453,-0.0431494895617464,-0.12818648745196914,-0.40019661539796525,-0.4549339772403137,-0.08268757251148895,-0.13004916117839413,-0.39680736895448143,-0.37049388292586855,-0.4558373623490976,-0.5380617243175596,-0.0690561847543834,-0.2255994840237344,-0.4001596726273424
1731069738.81,0.9909622269091337,0.061753107520494434,-0.07518754852562552,-0.29460896903763933,0.3693145796314566,-0.5361107402806123,0.22673878796436747,-0.0431494895617464,0.6215834682319764,-0.39985600883816935,0.5911127968024926,0.6006568330903479,-0.13004916117839413,-0.40062827442178606,-0.3706168505773844,-0.4558373623490976,-0.09683897120845056,-0.0690561847543834,-0.3306884935455871,-0.39981905645106813
1731069739.31,-0.9508660021698115,0.4326119228938972,-0.07518754852562552,-0.19783191926042756,0.3689675898520069,-0.5361107402806123,0.2809949100437889,-0.0431494895617464,-0.14662345357534487,-0.39951539395454827,-0.4549339772403137,0.4145318977124155,-0.13004916117839413,-0.21722481199116367,-0.3702488755589373,-0.4558373623490976,0.020360822586156353,-0.0690561847543834,-0.389071276613283,-0.3994784319617286
1731069739.81,0.9615405870746049,-0.5617431541334794,-0.07518754852562552,0.1922089177204561,0.36862060050957074,1.5403010408762854,0.10466251328566954,-0.0431494895617464,-0.11343691455326856,-0.39917477074833413,-0.4549339772403137,-1.0106533217528937,-0.13004916117839413,-0.10259764797202478,-0.3680828041294852,1.3606789603202112,-0.06007040844935811,-0.0690561847543834,-0.4124243898403614,-0.3991377991605061
1731069740.31,-0.9214443623352827,0.23341701332652376,-0.07518754852562552,-0.27701314180541897,0.3682736116041749,-0.5361107402806123,0.3705175114748343,-0.0431494895617464,-0.20291765680538537,-0.39883413922068267,0.5911127968024926,-1.6514548849826318,-0.13004916117839413,-0.4120909908237,-0.37157394454726217,-0.4558373623490976,-0.37030515672920034,-0.0690561847543834,-0.1399714021911136,-0.3987971580485796
1731069740.81,-0.9214443623352827,-0.6135662200371864,-0.07518754852562552,1.2802175682460788,0.3679266231357992,-0.23948048582963297,0.2809949100437889,-0.0431494895617464,-0.17292685857802753,-0.39849349937277556,0.5911127968024926,-0.984064045270332,-0.13004916117839413,-0.35477740881413045,-0.3715593742717159,-0.4558373623490976,-0.5196774429380134,-0.0690561847543834,-0.408532204302515,-0.39845650862713433
1731069741.31,0.9615405870746049,0.029363691330677583,-0.07518754852562552,-0.31220479626985964,0.3675796351044973,-0.5361107402806123,0.01513991185462416,-0.0431494895617464,-0.20783418110495222,-0.3981528512057952,-0.4549339772403137,-0.7181712804447146,-0.13004916117839413,2.140273861335794,-0.3696530166750706,-0.4558373623490976,-0.092242900863564,-0.0690561847543834,-0.4046400187646686,-0.39811585089734636
1731069741.81,0.9615405870746049,0.14272664799503657,-0.07518754852562552,-0.25061940095708857,0.3672326475102691,-0.5361107402806123,-0.8176915620644942,-0.0431494895617464,-0.18718477904677142,-0.39781219472089835,0.5911127968024926,-1.704633437947755,-0.13004916117839413,-0.22486662292577295,-0.36960818746779034,-0.1963350305392016,-0.14050163948487285,-0.0690561847543834,-0.3423650501591262,-0.39777518486039926
1731069742.31,-0.9214443623352827,-0.40789342723184957,-0.07518754852562552,-0.30047424478171275,0.36688566035312126,1.5403010408762854,-0.8204043681684653,-0.0431494895617464,-0.2070967024600172,-0.39747152991931334,-0.4549339772403137,-0.22095181022080984,-0.13004916117839413,-0.30510563773917027,-0.3712153263113235,1.3606789603202112,0.10309008879411435,-0.0690561847543834,-0.2450604117129663,-0.39743451051747214
1731069742.81,0.9615405870746049,0.3435410283719007,-0.07518754852562552,-0.28874369329356586,0.36653867363306714,-0.5361107402806123,-0.7363073789453621,-0.0431494895617464,-0.1444110176405398,-0.3971308568021988,0.5911127968024926,-0.1358661254766122,-0.13004916117839413,-0.24397115026229618,-0.36666410389317045,-0.4558373623490976,0.2593564805202572,-0.0690561847543834,1.8372588510348558,-0.3970938278697457
1731069743.31,-0.8920227225007512,-0.5277342671341717,-0.07518754852562552,-0.2271582979807948,0.3661916873501336,-0.5361107402806123,-0.4406115136125156,-0.0431494895617464,-0.04706383650911604,-0.3967901753707334,-0.4549339772403137,0.07418915873562548,-0.13004916117839413,-0.41973280175830924,-0.3689323565797308,-0.1963350305392016,0.5121403494890173,-0.0690561847543834,-0.369610348924051,-0.3967531369184004
1731069743.81,0.932118947240076,0.36459414889528186,-0.07518754852562552,0.0015874560380692404,0.36584470150432047,1.5403010408762854,-0.8041275315446388,-0.0431494895617464,-0.19013469362651153,-0.3964494856260988,0.5911127968024926,-0.0002608154155474674,-0.13004916117839413,-0.2592547721315147,-0.3660913896119977,1.3606789603202112,0.14675275707053637,-0.0690561847543834,-0.3190119369320479,-0.3964124376646139
1731069744.31,-0.9214443623352827,0.14110717718554555,-0.07518754852562552,-0.15677498905191348,0.3654977160956613,-0.5361107402806123,-0.9370550306392214,-0.0431494895617464,-0.1404777982008863,-0.39610878756945067,-0.4549339772403137,-1.611570970258789,-0.13004916117839413,0.054059476187465164,-0.36717882606220364,-0.4558373623490976,0.2386741639682675,-0.0690561847543834,-0.2917666381671231,-0.39607173010956837
1731069744.81,-0.9214443623352827,-0.38684030670846864,-0.07518754852562552,-0.4500387762555854,0.3651507311241427,-0.23948048582963297,-0.7824250827128703,-0.0431494895617464,-0.05198036080868284,-0.3957680812020183,0.5911127968024926,-1.5876406214244836,-0.13004916117839413,-0.4579418564313555,-0.3647889280617013,-0.4558373623490976,0.6086578267316349,-0.0690561847543834,-0.3812869055375902,-0.3957310142544413
1731069745.31,0.9615405870746049,0.5378775255108018,-0.07518754852562552,1.0866634686916554,0.36480374658978465,-0.5361107402806123,-0.7091793179056515,-0.0431494895617464,-0.16727285563352565,-0.39542736652495647,-0.4549339772403137,-0.9734283346773073,-0.13004916117839413,-0.1369857971777664,-0.36559377722662906,-0.4558373623490976,0.6339362136285113,-0.0690561847543834,-0.3812869055375902,-0.39539029010041177
1731069745.81,0.9615405870746049,-0.2669994668061463,-0.07518754852562552,-0.1538423511798768,0.36445676249262066,-0.23948048582963297,-0.6088054920587219,-0.0431494895617464,-0.13801953605110287,-0.39508664353944495,0.5911127968024926,-0.8271873140232175,-0.13004916117839413,1.5136453646978345,-0.36421098542545266,1.3606789603202112,1.2980683784646179,-0.0690561847543834,-0.1555401443424992,-0.3950495576486604
1731069746.31,-0.8920227225007512,0.3046737289441205,-0.07518754852562552,-0.2535520388291253,0.3641097788326373,1.5403010408762854,-0.3456632999735281,-0.0431494895617464,0.19138759201987657,-0.3947459122466642,-0.4549339772403137,-0.8245283863749614,-0.13004916117839413,0.031134043383637358,-0.36411941882397714,-0.4558373623490976,1.2038489363944436,-0.0690561847543834,-0.3151197513942015,-0.39470881690036475
1731069746.81,-0.9214443623352827,-0.049990378334373524,7.1389565094465715,-0.2740805039333823,0.3637627956098814,-0.23948048582963297,-0.7715738582969861,-0.0431494895617464,-0.19701782764590514,-0.3944051726477663,0.5911127968024926,-0.3911231797092051,-0.13004916117839413,-0.15609032451428967,-0.36396573477268596,-0.1963350305392016,0.4225169777637297,-0.0690561847543834,-0.49416028613513574,-0.3943680678567024
1731069747.31,-0.9508660021698115,-0.2702384084251279,-0.07518754852562552,-0.297541606909676,0.3634158128243329,-0.5361107402806123,-0.7444457972572754,-0.0431494895617464,0.05864143593157142,-0.39406442474398334,-0.4549339772403137,-0.3512392649853625,-0.13004916117839413,-0.4388373290948323,-0.3650202626739012,-0.4558373623490976,-0.050878267759585004,-0.0690561847543834,2.323782043265655,-0.3940273105188539
1731069747.81,0.9909622269091337,1.0285771807865265,-0.07518754852562552,-0.32980062350207995,0.3630688304760185,1.5403010408762854,-0.5057188601078212,-0.0431494895617464,-0.015106428561931439,-0.3937236685364673,0.5911127968024926,-0.6676516551278472,-0.13004916117839413,-0.2630756775988193,-0.3631839165021822,1.3606789603202112,0.30991325431400935,-0.0690561847543834,-0.4318853175295933,-0.3936865448879969
1731069748.31,-0.9214443623352827,0.30629319975361147,-0.07518754852562552,-0.07466112863488539,0.3627218485649583,-0.5361107402806123,-0.06353146516053693,-0.0431494895617464,-0.059355147258033134,-0.3933829040263968,-0.4549339772403137,-0.5985195362731867,-0.13004916117839413,0.023492232449028087,-0.3639942989319373,-0.4558373623490976,-0.12211735810532662,-0.0690561847543834,-0.3073353803185087,-0.3933457709653089
1731069748.81,0.9615405870746049,0.8261433296001714,-0.07518754852562552,-0.4177797596631815,0.3623748670911456,-0.5361107402806123,0.1182265438055249,-0.0431494895617464,-0.21299653161949744,-0.3930421312149515,0.7654539258096312,-1.1303050659244214,-0.13004916117839413,-0.35859831428143507,-0.36294405981360467,-0.4558373623490976,0.4317091184535028,-0.0690561847543834,-0.350149421234819,-0.39300498875196593
1731069749.31,-0.9508660021698115,0.3014347873251388,-0.07518754852562552,-0.2652825903172721,0.3620278860546339,-0.5361107402806123,-0.4026322281569206,-0.0431494895617464,-0.01756469071171487,-0.3927013501032835,-0.4549339772403137,-0.9202497817121837,-0.13004916117839413,-0.3471355978795212,-0.3637030056409858,-0.4558373623490976,0.9165945398390342,-0.0690561847543834,-0.027098021593568077,-0.3926641982491517
1731069749.81,0.9615405870746049,-0.10181344423808049,-0.07518754852562552,-0.10398750735525261,0.36168090545538967,-0.23948048582963297,-0.4107706464688338,-0.0431494895617464,0.09797363032810626,-0.3923605606926229,0.5911127968024926,-1.0266068876424308,-0.13004916117839413,-0.1904784737200313,-0.36442182450156596,1.3606789603202112,0.4546894701779356,-0.0690561847543834,0.19086436852583014,-0.39232339945803607
1731069750.31,-0.9214443623352827,-0.024078845382520045,-0.07518754852562552,2.4415421655726193,0.3613339252934598,1.5403010408762854,-0.264279116854396,-0.0431494895617464,-0.08147950660608401,-0.3920197629841198,-0.4549339772403137,-0.2262696655173222,-0.13004916117839413,0.8373450969849145,-0.36230896297428583,-0.4558373623490976,0.3880464501770808,-0.0690561847543834,-0.15164795880465287,-0.3919825923798012
1731069750.81,0.9615405870746049,-0.09857450261909881,-0.07518754852562552,-0.2183603843646847,0.360986945568831,-0.5361107402806123,-0.4758779929641394,-0.0431494895617464,0.08322405742940568,-0.3916789569789547,0.5911127968024926,-0.587883825680162,-0.13004916117839413,-0.07967221516819697,-0.3619097314749021,-0.4558373623490976,0.16054096810519605,-0.0690561847543834,0.72020160167294,-0.39164177701562164
1731069751.31,-0.9214443623352827,0.6123731827473806,-0.07518754852562552,-0.3620596400944838,0.36063996628154316,-0.23948048582963297,-0.4541755441323708,-0.0431494895617464,0.026684027984386828,-0.3913381426783026,-0.4549339772403137,0.127367711700749,-0.13004916117839413,-0.022358633158627534,-0.3629669453433786,-0.1963350305392016,0.3053171839691228,-0.0690561847543834,0.12469721438244126,-0.3913009533666764
1731069751.81,-0.9214443623352827,-0.4046544856128679,-0.07518754852562552,-0.21249510862061124,0.3602929874316098,1.5403010408762854,-0.4134834525728049,-0.0431494895617464,0.43229728269865253,-0.3909973200833183,0.5911127968024926,-0.4283481667847916,-0.13004916117839413,-0.27835929946803784,-0.3623992888483109,1.3606789603202112,0.12607044051854713,-0.0690561847543834,1.615404275377611,-0.39096012143413855
1731069752.31,0.9615405870746049,-0.34311459485221585,-0.07518754852562552,-0.37672282945466745,0.35994600901902424,-0.5361107402806123,0.18875950250877246,-0.0431494895617464,-0.12818648745196914,-0.3906564891952263,-0.4549339772403137,-0.133207197828356,-0.13004916117839413,-0.030000444093236805,-0.365107207142323,-0.4558373623490976,0.8752299067350552,-0.0690561847543834,-0.054343320358492965,-0.39061928121918865
1731069752.81,-0.9214443623352827,-0.11153026909502554,-0.07518754852562552,-0.2594173145731987,0.35959903104381313,-0.23948048582963297,-0.3348120755576438,-0.0431494895617464,-0.19038051984148988,-0.39031565001518137,0.5911127968024926,-0.9920408282151005,-0.13004916117839413,0.09226853086051151,-0.3615648281909301,-0.4558373623490976,0.7235595853537988,-0.0690561847543834,-0.3151197513942015,-0.39027843272300117
1731069753.31,0.9615405870746049,-0.06294614481030027,-0.07518754852562552,-0.3444638128622635,0.3592520535059632,-0.5361107402806123,-0.3673657488052967,-0.0431494895617464,-0.133103011751536,-0.38997480254435846,-0.4549339772403137,-0.6224498851074922,-0.13004916117839413,-0.07585130970089242,-0.3608093458356506,-0.4558373623490976,0.9051043639768175,-0.0690561847543834,-0.07380424804772487,-0.3899375759467507
1731069753.81,-0.9214443623352827,-0.23137110899734772,-0.07518754852562552,-0.3679249158385573,0.35890507640553454,1.5403010408762854,-0.07166988347245014,-0.0431494895617464,-0.12326996315240228,-0.38963394678393526,0.5911127968024926,-0.7686909057615819,-0.13004916117839413,-0.27835929946803784,-0.35872047703461296,1.3606789603202112,1.1280137757038151,-0.0690561847543834,-0.04266676374495368,-0.3895967108916163
1731069754.31,0.9615405870746049,-0.3091057078529082,-0.07518754852562552,0.09249923007120754,0.3585580997425138,-0.5361107402806123,-0.06353146516053693,-0.0431494895617464,-0.1714519012881575,-0.38929308273506374,-0.4549339772403137,-0.2954017843719828,-0.13004916117839413,0.05788038165476972,-0.363608192756234,-0.4558373623490976,0.9464689970807966,-0.0690561847543834,-0.3735025344618974,-0.38925583755876936
1731069754.81,0.9909622269091337,-0.22975163818785688,-0.07518754852562552,1.5470876146014203,0.3582111235169143,-0.5361107402806123,-0.5708262066031269,-0.0431494895617464,0.2380945728657617,-0.38895221039896655,0.5911127968024926,-0.2794482184824457,-0.13004916117839413,-0.1484485135796804,-0.3594878909074747,-0.1963350305392016,1.224531252946433,-0.0690561847543834,-0.14386358772896007,-0.3889149559493906
1731069755.31,-0.9508660021698115,-0.34959247809017924,-0.07518754852562552,-0.2154277464926479,0.3578641477287562,-0.5361107402806123,-0.7200305423215357,-0.0431494895617464,0.4298390205488691,-0.3886113297767984,-1.675321880290271,-0.11991255958707513,2.0283981344429933,1.6473770560534966,-0.35806653255578835,-0.4558373623490976,0.5558030177654398,-0.0690561847543834,-0.3034431947806623,-0.38857406606465134
1731069755.81,0.9615405870746049,-0.21679587171193013,-0.07518754852562552,-0.08345904225099549,0.3575171723780461,1.5403010408762854,-0.5545493699793005,-0.0431494895617464,-0.15866893810928365,-0.3882704408697343,0.5911127968024926,0.15661591583156667,-0.13004916117839413,0.6997925001619477,-0.3613630884831196,-0.4558373623490976,-0.6207909905255173,-0.0690561847543834,-0.39296346215112943,-0.3882331679057277
1731069756.31,-0.9214443623352827,-0.3285393575667983,-0.07518754852562552,-0.027738922682297846,0.3571701974648041,-0.5361107402806123,-0.1530540665915823,-0.0431494895617464,-0.1778433828775944,-0.3879295436789481,-0.4549339772403137,0.8798442361572462,-0.13004916117839413,-0.4235537072256138,-0.3572536166412294,1.3606789603202112,-0.5311676188002298,-0.0690561847543834,0.031284761474127835,-0.38789226147379574
1731069756.81,0.9026973074055472,-0.3366367116142525,-0.07518754852562552,-0.06293057714673851,0.3568232229890569,-0.23948048582963297,-0.4948676356919369,-0.0431494895617464,-0.17513929451283264,-0.38758863820559275,-0.4549339772403137,-1.0053354664563814,-0.13004916117839413,-0.0834931206355017,-0.3587906441480562,-0.1963350305392016,-0.5196774429380134,-0.0690561847543834,2.230369590357342,-0.3875513467700284
1731069757.31,-0.8626010826662224,0.10871776099572869,-0.07518754852562552,-0.08052640437895883,0.35647624895078445,-0.5361107402806123,-0.5735390127070981,-0.0431494895617464,-0.19062634605646822,-0.38724772445089173,0.5911127968024926,-0.31401427790977604,-0.13004916117839413,-0.27835929946803784,-0.3594301812113264,-0.4558373623490976,-0.692030080871259,-0.0690561847543834,-0.06212769143418576,-0.38721042379559867
1731069757.81,-0.9214443623352827,-0.5908936287043146,-0.07518754852562552,-0.18903400564431747,0.3561292753500269,1.5403010408762854,-0.4406115136125156,-0.0431494895617464,-0.12326996315240228,-0.3869068024159962,0.5911127968024926,-0.694240931610409,-0.13004916117839413,-0.026179538625932083,-0.3603707127600427,1.3606789603202112,-0.5886184981113115,-0.0690561847543834,-0.4630228018323645,-0.3868694925516871
1731069758.31,0.9615405870746049,0.3662136197047725,-0.07518754852562552,-0.10985278309932606,0.35578230218677753,-0.5361107402806123,-0.4568883502363419,-0.0431494895617464,-0.15866893810928365,-0.3865658721020799,-0.4549339772403137,-1.000017611159869,-0.13004916117839413,-0.44265823456213693,-0.3587202396092373,-0.4558373623490976,-0.22093287052038757,-0.0690561847543834,-0.4007478332268222,-0.38652855303946226
1731069758.81,0.9615405870746049,-0.045131965905900996,-0.07518754852562552,-0.07466112863488539,0.3554353294610631,-0.5361107402806123,-0.3456632999735281,-0.0431494895617464,-0.12081170100261884,-0.3862249335103178,0.5911127968024926,-0.17840896784871102,-0.13004916117839413,-0.04146316049515062,-0.3593875149722776,-0.1963350305392016,-0.49669709121358063,-0.0690561847543834,-0.3812869055375902,-0.38618760526010004
1731069759.31,-0.9214443623352827,-0.16173386418924166,-0.07518754852562552,2.353563029411518,0.355088357172917,-0.5361107402806123,-0.08794672009627658,-0.0431494895617464,1.4008525697133232,-0.38588398664185997,-0.4549339772403137,-0.24222323140685925,-0.13004916117839413,0.23364203315078275,-0.359210524407623,-0.4558373623490976,-0.41166978983317937,-0.0690561847543834,-0.12440266003972798,-0.3858466492147734
1731069759.81,0.932118947240076,0.6949661940314134,-0.07518754852562552,-0.08639168012303228,0.3547413853223125,1.5403010408762854,-0.3673657488052967,-0.0431494895617464,-0.11097865240348512,-0.3855430314979299,0.7654539258096312,-0.037485802491133945,-0.13004916117839413,2.514722597131648,-0.3563119747594005,-0.4558373623490976,-0.40017961397096297,-0.0690561847543834,-0.369610348924051,-0.385505684904657
1731069760.31,-0.8920227225007512,-0.40303501480337706,-0.07518754852562552,-0.297541606909676,0.35439441390928966,-0.5361107402806123,-0.15847967879952446,-0.0431494895617464,-0.167518681848504,-0.3852020680796768,-0.4549339772403137,0.29488015354088787,-0.13004916117839413,-0.370061030683349,-0.3551915125993261,1.3606789603202112,-0.6805399050090426,-0.0690561847543834,-0.536974327051446,-0.38516471233092214
1731069760.81,0.9615405870746049,0.1313903523286005,-0.07518754852562552,0.2801880538815576,0.354047442933862,-0.23948048582963297,-0.009275343081115488,-0.0431494895617464,-0.1404777982008863,-0.3848610963882754,0.5911127968024926,0.5607729183665056,-0.13004916117839413,-0.14462760811237568,-0.3578951195913962,-0.4558373623490976,-0.6138968850081875,-0.0690561847543834,-0.3112275658563551,-0.38482373149474497
1731069761.31,-0.9214443623352827,-0.22489322575938436,-0.07518754852562552,0.23033321005693339,0.353700472396016,-0.5361107402806123,0.38136873589071857,-0.0431494895617464,-0.07656298230651715,-0.3845201164248988,-0.4549339772403137,-1.199437184779082,-0.13004916117839413,-0.2860011104026471,-0.3555339848911664,-0.4558373623490976,-0.5380617243175596,-0.0690561847543834,0.4866704694021562,-0.38448274239729535
1731069761.81,0.9615405870746049,-0.0564682615723369,-0.07518754852562552,-0.03067156055433463,0.35335350229581186,-0.23948048582963297,0.30541016497952855,-0.0431494895617464,-0.11589517670305198,-0.3841791281906951,0.5911127968024926,-0.12788934253184364,-0.13004916117839413,-0.3929864634871768,-0.3565368650486951,1.101176628510306,-0.009513634655606003,-0.0690561847543834,-0.24895259725081278,-0.3841417450397478
1731069762.31,-0.9214443623352827,0.21398336361263365,-0.07518754852562552,-0.027738922682297846,0.3530065326332162,1.5403010408762854,0.07482164614198775,-0.0431494895617464,-0.17415598965291926,-0.3838381316868878,-0.4549339772403137,-0.8218694587267051,-0.13004916117839413,-0.3815237470852629,-0.3569615661632403,-0.1963350305392016,0.0157647522412698,-0.0690561847543834,-0.24116822617512,-0.3838007394232753
1731069762.81,0.9615405870746049,-0.6767255816073291,-0.07518754852562552,0.19514155559249274,0.35265956340826904,-0.5361107402806123,-0.06895707736847907,-0.0431494895617464,-0.1881680839066848,-0.3834971269146242,0.5911127968024926,-0.4762088644534025,-0.13004916117839413,-0.20576209558924985,-0.3549116620639014,-0.4558373623490976,-0.3473248050047676,-0.0690561847543834,-0.4241009464539006,-0.38345972554904934
1731069763.31,-0.9214443623352827,0.2625674878973589,-0.07518754852562552,-0.0042778197060042026,0.3523125946209772,-0.5361107402806123,-0.9858855405107005,-0.0431494895617464,-0.18915138876659815,-0.38315611387508003,-0.4549339772403137,-0.433666022081304,-0.13004916117839413,-0.18283666278542204,-0.3556549034270171,-0.4558373623490976,-0.22323090569283083,-0.0690561847543834,-0.3229041224698943,-0.38311870341824134
1731069763.81,0.9909622269091337,-0.6556724610839482,-0.07518754852562552,0.07490340283898722,0.3519656262713539,1.5403010408762854,-0.9533318672630476,-0.0431494895617464,-0.15153997787491172,-0.38281509256942453,0.5911127968024926,-0.49482135799119575,-0.13004916117839413,-0.2592547721315147,-0.35430718545158973,1.3606789603202112,0.7166654798364688,-0.0690561847543834,-0.15943232988034567,-0.3827776730320243
1731069764.31,-0.9214443623352827,0.06985046156794865,-0.07518754852562552,-0.2271582979807948,0.35161865835942596,-0.5361107402806123,-1.0401416625901219,-0.0431494895617464,-0.14072362441586464,-0.3824740629988077,-0.4549339772403137,-0.18904467844173573,-0.13004916117839413,1.5938843795112319,-0.355110844260029,-0.4558373623490976,0.13756061638076325,-0.0690561847543834,-0.43577750306743973,-0.3824366343915697
1731069764.81,0.932118947240076,0.4034614483230621,-0.07518754852562552,0.05730757560676702,0.3512716908851934,-0.5361107402806123,-0.8421068170002338,-0.0431494895617464,-0.06672993370738342,-0.38213302516445025,0.5911127968024926,-0.09332328310451365,-0.13004916117839413,-0.4044491798890907,-0.35531885233000493,-0.4558373623490976,0.15824293293275302,-0.0690561847543834,-0.427993131991747,-0.3820955874980505
1731069765.31,-0.8920227225007512,-0.5649820957524612,-0.07518754852562552,0.1394214360237951,0.35092472384866286,-0.23948048582963297,-1.0889721724616013,-0.0431494895617464,-0.16555207212867726,-0.38179197906750034,-1.675321880290271,-1.0266068876424308,-0.13004916117839413,-0.09877674250472006,-0.3537455708488732,-0.1963350305392016,0.2570584453478137,-0.0690561847543834,-0.08548080466126416,-0.3817545323526366
1731069765.81,0.932118947240076,0.4067003899420437,-0.07518754852562552,-0.18610136777228067,0.3505777572498544,1.5403010408762854,-0.8909373268717131,-0.0431494895617464,-0.10852039025370175,-0.381450924709129,1.8115006998524499,-1.1755068359447765,-0.13004916117839413,-0.4082700853563953,-0.35094490349754615,1.3606789603202112,0.30301914879667924,-0.0690561847543834,-0.25673696832650555,-0.3814134689564995
1731069766.31,-0.9214443623352827,-0.48238908446842815,-0.07518754852562552,-0.3327332613741167,0.3502307910887881,-0.5361107402806123,-1.0130136015504112,-0.0431494895617464,-0.17980999259742114,-0.38110986209050923,-0.4549339772403137,-1.1435997041657022,-0.13004916117839413,-0.3165683541410842,-0.35468048419466797,-0.4558373623490976,0.8292692032861896,-0.0690561847543834,1.8139057378077772,-0.38107239731080766
1731069766.81,0.9615405870746049,0.5508332919867286,-0.07518754852562552,-0.256484676701162,0.3498838253654839,-0.23948048582963297,-0.6142311042666639,-0.0431494895617464,0.4372138069982194,-0.3807687912127873,0.5911127968024926,-1.186142546537801,-0.13004916117839413,-0.4694045728332694,-0.3545320469640323,-0.4558373623490976,0.9028063288043745,-0.0690561847543834,-0.5330821415135997,-0.3807313174167385
1731069767.31,-0.9214443623352827,-0.2880525873295272,-0.07518754852562552,-0.018941009066187744,0.3495368600799353,-0.5361107402806123,-0.847532429208176,-0.0431494895617464,1.1427350439860633,-0.38042771207718284,-0.4549339772403137,-1.0345836705871994,-0.13004916117839413,-0.2898220158699517,-0.35067539098104167,-0.1963350305392016,0.8407593791484057,-0.0690561847543834,-0.3618259778483582,-0.38039022927545746
1731069767.81,0.932118947240076,-0.33987565323323415,-0.07518754852562552,-0.08932431799506893,0.3491898952321622,1.5403010408762854,-0.9831727344067295,-0.0431494895617464,-0.1584231118943053,-0.38008662468484405,0.5911127968024926,-1.2632514483372301,-0.13004916117839413,-0.18283666278542204,-0.35059009246199735,1.3606789603202112,0.859143660527952,-0.0690561847543834,-0.2255994840237344,-0.380049132888136
1731069768.31,-0.9214443623352827,0.9767541148828196,-0.07518754852562552,-0.1362465239476565,0.34884293082218476,-0.5361107402806123,-0.25342789243851166,-0.0431494895617464,-0.13556127390131942,-0.3797455290369411,-0.4549339772403137,-0.6543570168865663,-0.13004916117839413,-0.17137394638350822,-0.3525136126643181,-0.4558373623490976,0.4477953646606055,-0.0690561847543834,-0.3540416067726654,-0.379708028255944
1731069768.81,0.9615405870746049,0.16377976851841733,-0.07518754852562552,2.0954908966722865,0.34849596685001627,-0.5361107402806123,-0.7064665118016804,-0.0431494895617464,-0.18153077610226956,-0.379404425134645,0.5911127968024926,-1.0664908023662734,-0.13004916117839413,0.9748976938078814,-0.35043929490778525,-0.4558373623490976,-0.25080732776215015,-0.0690561847543834,-0.39296346215112943,-0.379366915380053
1731069769.31,-0.9214443623352827,0.5929395330334905,-0.07518754852562552,-0.10692014522728926,0.3481490033156768,-0.5361107402806123,-0.6494975836182879,-0.0431494895617464,-0.13801953605110287,-0.37906331297910106,-0.4549339772403137,-0.7500784122237887,-0.13004916117839413,-0.41973280175830924,-0.35109816597911386,-0.4558373623490976,0.21109774189894814,-0.0690561847543834,-0.2645213394021984,-0.3790257942616314
1731069769.81,0.9909622269091337,-0.4159907812793036,-0.07518754852562552,-0.20076455713246436,0.347802040219153,1.5403010408762854,-0.6006670737468087,-0.0431494895617464,-0.061813409407816565,-0.37872219257152995,0.7654539258096312,-1.1808246912412887,-0.13004916117839413,-0.370061030683349,-0.3508631170413867,-0.1963350305392016,-0.06466647879424467,-0.0690561847543834,-0.2061385563345023,-0.37868466490184904
1731069770.31,-0.9214443623352827,-0.47591120123046476,-0.07518754852562552,-0.24768676308505183,0.3474550775604783,-0.5361107402806123,-0.6576360019302011,-0.0431494895617464,-0.18398903825205298,-0.37838106391307696,-0.6292751062474522,-1.2712282312819987,-0.13004916117839413,-0.3394937869449119,-0.348128358819621,1.3606789603202112,-0.22093287052038757,-0.0690561847543834,-0.4007478332268222,-0.3783435273018759
1731069770.81,-0.9508660021698115,-0.5746989206094062,-0.07518754852562552,0.7288816483031756,0.34710811533967273,-0.5361107402806123,-0.6874768690738828,-0.0431494895617464,-0.12081170100261884,-0.37803992700491124,0.5911127968024926,-1.0983979341453476,-0.13004916117839413,-0.3624192197487397,-0.3475230384489501,-0.4558373623490976,-0.23242304638260394,-0.0690561847543834,2.6507256284447522,-0.37800238146288195
1731069771.31,0.9615405870746049,-0.4305660185647212,-0.07518754852562552,0.5939803061894865,0.3467611535567296,-0.5361107402806123,-0.4623139624442841,-0.0431494895617464,-0.03477252576019888,-0.3776987818482039,-0.4549339772403137,-0.3166732055580322,-0.13004916117839413,-0.2630756775988193,-0.34834184488718584,-0.4558373623490976,0.7488379722506746,-0.0690561847543834,-0.427993131991747,-0.3776612273860355
