Time,F2F4Bitrate,F2F4Jitter,F2F4Datagrams,F2F4Delay,F2F4Distance,F2F1Bitrate,F2F1Jitter,F2F1Datagrams,F2F1Delay,F2F1Distance,F2S1Bitrate,F2S1Jitter,F2S1Datagrams,F2S1Delay,F2S1Distance,F2C1Bitrate,F2C1Jitter,F2C1Datagrams,F2C1Delay,F2C1Distance
1731070780.55,19.8,0.52,0.0,1.74,4718.686681694389,19.8,0.714,0.0,0.747,944.0023358021962,39.7,1.179,0.0,1.66,4415.914109567792,8.31,0.671,0.0,2.29,4458.818365890228
1731070781.05,19.8,0.455,0.0,1.95,4718.898712888421,19.8,0.735,0.0,0.957,944.0447301372966,40.3,1.434,0.0,1.58,4415.939178429125,7.68,0.667,0.0,2.6,4458.771280577195
1731070781.55,19.8,0.774,0.0,3.65,4719.110747799844,20.5,0.456,0.0,0.871,944.0871252167354,40.4,1.246,0.0,1.75,4416.164237509458,8.32,0.91,0.0,2.03,4458.724195327628
1731070782.05,20.5,0.491,0.0,1.97,4719.322786428154,19.8,0.508,0.0,1.73,944.1295210404126,39.7,1.38,0.0,2.44,4416.62497042741,7.68,0.909,0.0,2.95,4458.677110141527
1731070782.55,19.8,0.415,0.0,2.31,4719.534828772852,19.8,0.429,0.0,1.03,944.1719176082275,40.3,1.357,0.0,1.61,4416.539812520174,8.32,0.421,0.0,2.28,4458.630025018895
1731070783.05,19.8,0.641,0.0,9.06,4719.746874833438,19.8,0.493,0.0,1.07,944.2143149200832,39.7,0.691,0.0,1.58,4416.355272184469,7.68,0.719,0.0,2.12,4458.582939959736
1731070783.55,20.5,0.692,0.0,1.41,4719.958924609408,20.5,0.47,0.0,2.67,944.2567129758736,40.3,0.872,0.0,3.21,4416.247656947933,7.68,0.434,0.0,5.39,4458.535854964049
1731070784.05,19.8,0.636,0.0,2.19,4720.170978100264,19.8,0.534,0.0,0.885,944.2991117755008,39.6,0.763,0.0,1.83,4416.281375437844,8.32,1.054,0.0,1.51,4458.488770031837
1731070784.55,19.8,0.615,0.0,1.77,4720.383035305504,19.8,0.448,0.0,0.841,944.3415113188654,40.3,0.825,0.0,2.5,4416.356226108139,8.32,0.966,0.0,3.0,4458.441685163101
1731070785.05,19.8,0.518,0.0,1.69,4720.595096224627,19.8,0.565,0.0,0.739,944.3839116058668,39.6,0.85,0.0,2.31,4416.403384335665,7.68,0.576,0.0,1.71,4458.394600357846
1731070785.55,20.5,0.581,0.0,2.21,4720.807160857135,19.8,0.521,0.0,0.769,944.426312636408,40.4,0.957,0.0,1.57,4416.631327842863,8.32,1.027,0.0,1.72,4458.347515616073
1731070786.05,19.8,0.621,0.0,1.62,4721.019229202525,20.5,0.678,0.0,0.745,944.4687144103827,39.6,1.001,0.0,3.19,4416.835783901276,7.68,0.535,0.0,2.47,4458.300430937781
1731070786.55,19.8,0.63,0.0,2.97,4721.231301260297,19.9,0.708,0.0,0.812,944.511116927694,40.3,1.106,0.0,1.57,4416.727561444891,8.32,1.093,0.0,2.22,4458.253346322975
1731070787.05,19.8,0.81,0.0,1.91,4721.443377029952,19.8,0.498,0.0,1.45,944.5535201882416,39.0,0.521,0.0,2.21,4417.185699200205,7.68,1.012,0.0,2.23,4458.206261771656
1731070787.55,20.5,0.838,0.0,9.98,4721.655456510989,20.5,0.518,0.0,1.8,944.5959241919254,40.3,0.584,0.0,1.72,4416.531584423291,8.32,0.607,0.0,4.8,4458.159177283825
1731070788.05,19.8,0.753,0.0,2.47,4721.867539702909,19.9,0.73,0.0,7.5,944.6383289386486,40.3,0.686,0.0,2.38,4417.123525483967,7.68,0.979,0.0,4.36,4458.112092859488
1731070788.55,19.8,0.65,0.0,1.76,4722.07962660521,19.8,0.684,0.0,0.958,944.6807344283048,40.3,0.529,0.0,7.46,4416.769718922,8.32,0.689,0.0,4.7,4458.065008498643
1731070789.05,19.8,0.73,0.0,1.86,4722.291717217394,19.8,0.927,0.0,0.73,944.723140660797,39.7,0.59,0.0,2.22,4416.799958650013,7.68,1.306,0.0,4.99,4458.017924201293
1731070789.55,20.5,1.01,0.0,2.43,4722.50381153896,19.9,0.716,0.0,0.886,944.7655476360252,40.3,0.716,0.0,2.19,4417.251662501407,8.32,0.709,0.0,11.3,4457.97083996744
1731070790.05,19.8,0.688,0.0,1.78,4722.715909569408,20.5,0.665,0.0,0.782,944.8079553538896,39.7,0.674,0.0,2.12,4416.786618945063,7.68,0.619,0.0,4.78,4457.9237557970855
1731070790.55,19.8,0.55,0.0,1.69,4722.92801130824,19.8,0.759,0.0,0.856,944.8503638142932,40.3,0.757,0.0,2.2,4417.267408719185,8.3,0.932,0.0,3.05,4457.876671690236
1731070791.05,19.9,0.722,0.0,1.58,4723.140116754954,19.8,0.691,0.0,2.08,944.8927730171298,39.7,0.75,0.0,2.94,4417.369518235252,7.7,0.544,0.0,3.91,4457.829587646886
1731070791.55,19.8,0.677,0.0,1.64,4723.352225909052,20.5,0.662,0.0,0.819,944.9351829623024,40.4,1.273,0.0,1.65,4417.508124096801,8.32,1.387,0.0,1.77,4457.782503667042
1731070792.05,20.5,0.68,0.0,3.8,4723.564338770036,19.8,1.082,0.0,0.821,944.9775936497113,39.7,0.905,0.0,1.72,4417.719738021691,7.68,1.337,0.0,1.68,4457.735419750705
1731070792.55,19.8,0.683,0.0,1.67,4723.776455337403,19.8,0.967,0.0,0.824,945.0200050792564,40.3,0.729,0.0,2.35,4417.5660718070485,8.32,1.016,0.0,4.52,4457.688335897879
1731070793.05,19.8,0.932,0.0,1.44,4723.988575610657,19.8,0.871,0.0,0.775,945.0624172508408,39.7,0.875,0.0,7.98,4417.603891593521,7.68,0.924,0.0,1.99,4457.641252108564
1731070793.55,20.5,0.592,0.0,2.75,4724.200699589297,19.8,1.118,0.0,1.88,945.1048301643586,40.3,1.162,0.0,2.06,4417.185672731933,8.32,0.684,0.0,2.86,4457.594168382761
1731070794.05,19.8,0.78,0.0,1.89,4724.412827272824,20.5,0.803,0.0,1.36,945.147243819713,39.7,1.125,0.0,1.62,4417.223216368056,7.68,1.653,0.0,5.82,4457.547084720475
1731070794.55,19.8,0.882,0.0,1.54,4724.62495866074,19.8,0.572,0.0,1.2,945.189658216804,40.3,1.147,0.0,1.84,4417.562532308473,8.32,0.926,0.0,2.01,4457.500001121704
1731070795.05,19.8,1.054,0.0,2.35,4724.837093752545,19.8,0.927,0.0,0.904,945.232073355532,39.7,1.23,0.0,1.64,4417.629945915892,7.68,0.796,0.0,2.76,4457.452917586455
1731070795.55,20.5,1.074,0.0,1.83,4725.049232547742,20.5,0.84,0.0,1.7,945.2744892357998,39.7,0.905,0.0,1.74,4417.414584295399,8.32,0.871,0.0,1.73,4457.405834114727
1731070796.05,19.8,0.934,0.0,1.68,4725.2613750458295,19.8,0.82,0.0,1.15,945.316905857502,40.3,0.808,0.0,2.2,4417.671023382665,7.68,0.781,0.0,1.66,4457.358750706521
1731070796.55,19.8,0.983,0.0,1.99,4725.47352124631,19.8,0.689,0.0,2.65,945.3593232205412,40.3,0.901,0.0,2.12,4417.599543986939,7.68,0.7,0.0,2.75,4457.3116673618415
1731070797.05,19.8,1.077,0.0,10.8,4725.685671148685,19.8,0.728,0.0,1.91,945.4017413248184,39.7,0.931,0.0,1.54,4418.106893237491,8.32,0.86,0.0,2.02,4457.264584080689
1731070797.55,20.5,0.915,0.0,2.05,4725.8978247524565,20.5,0.743,0.0,1.06,945.4441601702332,40.3,0.861,0.0,7.7,4418.101841029322,8.32,0.867,0.0,1.63,4457.217500863067
1731070798.05,19.8,0.909,0.0,1.8,4726.109982057125,19.9,0.809,0.0,3.57,945.4865797566893,39.7,1.006,0.0,1.95,4417.681662039961,7.67,0.623,0.0,5.42,4457.170417708976
1731070798.55,19.8,0.736,0.0,1.92,4726.3221430621925,19.8,0.75,0.0,0.829,945.5290000840804,40.3,1.31,0.0,1.68,4417.77909219535,8.33,0.618,0.0,3.58,4457.123334618417
1731070799.05,19.8,0.463,0.0,2.76,4726.534307767161,19.8,0.769,0.0,0.816,945.5714211523104,39.7,1.185,0.0,1.3,4418.030740760679,7.68,0.616,0.0,1.67,4457.076251591395
1731070799.55,20.5,0.623,0.0,1.72,4726.746476171533,19.8,0.934,0.0,1.03,945.6138429612791,40.4,1.406,0.0,1.56,4418.049126725747,8.32,0.881,0.0,2.96,4457.029168627911
1731070800.05,19.8,0.567,0.0,1.57,4726.958648274807,20.5,0.978,0.0,1.02,945.6562655108872,39.7,0.997,0.0,1.94,4418.269269355364,7.68,1.037,0.0,1.51,4456.982085727964
1731070800.55,19.8,0.418,0.0,3.24,4727.17082407649,19.9,0.989,0.0,4.73,945.698688801038,40.3,0.786,0.0,1.77,4418.179033203828,7.68,0.668,0.0,1.87,4456.935002891562
1731070801.05,19.8,0.811,0.0,1.77,4727.38300357608,19.8,1.08,0.0,2.57,945.7411128316254,39.7,0.902,0.0,1.55,4418.069066754206,8.32,0.843,0.0,1.86,4456.887920118701
1731070801.55,20.5,0.644,0.0,6.03,4727.595186773081,20.5,0.968,0.0,1.83,945.7835376025532,39.7,1.081,0.0,2.79,4418.334573386387,8.32,0.759,0.0,1.58,4456.840837409386
1731070802.05,19.8,0.563,0.0,2.65,4727.807373666994,19.2,0.444,0.0,1.9,945.8259631137214,40.3,1.045,0.0,4.6,4418.155718484448,7.68,0.945,0.0,2.02,4456.793754763619
1731070802.55,19.8,0.844,0.0,1.41,4728.019564257322,20.5,0.508,0.0,0.868,945.8683893650308,40.3,1.364,0.0,1.62,4418.565029439445,8.32,0.882,0.0,1.76,4456.746672181401
1731070803.05,19.8,0.732,0.0,2.01,4728.2317585435685,19.8,0.423,0.0,1.05,945.9108163563848,39.7,1.287,0.0,2.19,4418.091987148533,7.68,0.542,0.0,1.61,4456.699589662737
1731070803.55,20.5,0.512,0.0,1.71,4728.443956525233,19.9,1.015,0.0,0.942,945.9532440876776,40.3,1.437,0.0,1.82,4418.445089745432,8.32,0.79,0.0,9.23,4456.652507207624
1731070804.05,19.8,0.92,0.0,1.79,4728.65615820182,20.5,0.521,0.0,1.52,945.9956725588124,39.0,0.929,0.0,2.1,4418.731781419839,7.69,0.627,0.0,2.94,4456.605424816068
1731070804.55,19.8,0.604,0.0,2.38,4728.868363572833,19.8,0.476,0.0,5.52,946.0381017696902,41.0,0.696,0.0,1.93,4418.721650110564,8.32,1.171,0.0,5.3,4456.558342488068
1731070805.05,19.8,0.479,0.0,1.71,4729.080572637772,19.9,0.517,0.0,1.27,946.0805317202112,39.7,0.794,0.0,1.89,4418.519993140028,7.68,1.218,0.0,3.82,4456.511260223629
1731070805.55,20.5,0.436,0.0,1.75,4729.292785396143,20.5,0.478,0.0,1.54,946.1229624102792,40.3,0.649,0.0,2.15,4418.80787511866,8.32,0.725,0.0,3.41,4456.464178022752
1731070806.05,19.8,0.659,0.0,2.94,4729.505001847445,19.9,0.6,0.0,0.949,946.165393839788,39.7,0.882,0.0,1.96,4418.37049975221,7.68,0.956,0.0,5.53,4456.417095885437
1731070806.55,19.8,0.739,0.0,2.32,4729.717221991184,19.8,0.444,0.0,2.36,946.2078260086416,40.3,0.819,0.0,1.65,4418.658254397613,8.32,0.522,0.0,1.95,4456.37001381169
1731070807.05,19.8,0.566,0.0,2.09,4729.929445826861,19.8,0.568,0.0,2.16,946.2502589167408,39.7,0.966,0.0,10.6,4418.371791906462,7.68,1.11,0.0,1.78,4456.322931801509
1731070807.55,20.5,0.504,0.0,2.04,4730.141673353981,19.8,0.558,0.0,1.24,946.2926925639856,40.4,1.142,0.0,1.78,4418.507673605966,8.32,1.055,0.0,2.98,4456.275849854898
1731070808.05,19.8,0.683,0.0,1.82,4730.353904572046,20.5,0.606,0.0,0.848,946.33512695028,39.7,1.174,0.0,1.63,4418.962886965596,7.68,0.526,0.0,7.69,4456.228767971861
1731070808.55,19.8,0.68,0.0,3.11,4730.566139480559,19.8,0.595,0.0,0.825,946.377562075518,39.7,0.672,0.0,3.19,4418.820204208823,8.32,0.818,0.0,2.02,4456.181686152396
1731070809.05,19.8,0.623,0.0,1.79,4730.778378079024,19.8,0.667,0.0,0.763,946.419997939604,40.3,0.835,0.0,1.85,4419.077462172667,7.68,0.482,0.0,1.63,4456.134604396505
1731070809.55,20.5,0.746,0.0,1.68,4730.990620366943,20.5,0.83,0.0,0.89,946.462434542438,40.3,0.735,0.0,1.72,4418.71481018537,8.3,1.299,0.0,1.65,4456.087522704193
1731070810.05,19.8,0.942,0.0,2.53,4731.202866343822,19.9,0.639,0.0,2.97,946.504871883921,39.7,0.514,0.0,3.08,4418.683012574142,7.7,0.76,0.0,2.44,4456.040441075462
1731070810.55,19.8,0.726,0.0,1.68,4731.415116009163,19.8,0.619,0.0,0.761,946.5473099639564,40.3,0.531,0.0,1.65,4419.462813662673,8.32,0.651,0.0,1.62,4455.993359510313
1731070811.05,19.8,0.74,0.0,9.25,4731.627369362469,19.8,0.799,0.0,0.968,946.5897487824392,39.7,0.841,0.0,1.95,4419.253538411283,7.68,0.994,0.0,1.77,4455.946278008747
1731070811.55,19.9,0.685,0.0,1.69,4731.839626403244,20.5,0.736,0.0,0.839,946.6321883392726,40.3,0.684,0.0,6.9,4418.929798296567,8.32,0.565,0.0,2.34,4455.8991965707655
1731070812.05,20.5,0.576,0.0,3.37,4732.051887130994,19.8,0.839,0.0,0.874,946.6746286343576,39.7,1.036,0.0,1.85,4419.119598875754,7.68,1.276,0.0,1.93,4455.852115196374
1731070812.55,19.8,0.781,0.0,4.53,4732.26415154522,19.8,0.801,0.0,0.748,946.7170696675948,39.7,0.758,0.0,1.91,4419.346060105883,8.32,0.693,0.0,3.1,4455.805033885571
1731070813.05,19.8,0.77,0.0,6.69,4732.476419645427,19.8,0.802,0.0,0.744,946.7595114388882,40.4,0.983,0.0,1.31,4419.274793352318,7.68,0.631,0.0,1.77,4455.757952638362
1731070813.55,20.5,0.667,0.0,3.27,4732.688691431119,20.5,0.863,0.0,0.927,946.8019539481325,40.3,0.88,0.0,2.87,4419.764954458684,7.68,0.636,0.0,1.55,4455.710871454745
1731070814.05,19.8,0.635,0.0,2.95,4732.9009669018005,19.8,0.873,0.0,0.876,946.8443971952308,39.7,0.776,0.0,1.61,4419.336154703334,8.32,0.605,0.0,3.18,4455.663790334724
1731070814.55,19.8,0.609,0.0,3.0,4733.113246056975,19.8,0.631,0.0,0.729,946.8868411800846,40.4,0.824,0.0,1.41,4419.80997696082,8.32,1.305,0.0,1.47,4455.616709278302
1731070815.05,19.8,0.81,0.0,4.04,4733.325528896147,19.8,0.744,0.0,0.96,946.9292859025944,39.6,1.285,0.0,3.21,4419.663774861126,7.68,1.081,0.0,1.77,4455.569628285478
1731070815.55,19.9,0.683,0.0,6.5,4733.537815418823,20.5,0.704,0.0,0.818,946.9717313626644,40.3,1.027,0.0,1.77,4419.636935175809,8.32,0.833,0.0,2.69,4455.52254735626
1731070816.05,20.5,0.781,0.0,1.71,4733.750105624504,19.8,0.634,0.0,1.42,947.0141775601892,39.7,1.152,0.0,2.13,4419.44676940224,7.69,0.722,0.0,1.62,4455.475466490641
1731070816.55,19.8,0.722,0.0,3.56,4733.962399512696,19.8,0.713,0.0,6.37,947.056624495072,40.3,1.394,0.0,1.9,4419.336269772106,8.31,0.631,0.0,1.62,4455.428385688631
1731070817.05,19.8,0.737,0.0,2.05,4734.174697082904,19.8,0.713,0.0,2.52,947.0990721672148,39.7,0.853,0.0,1.55,4420.078689413821,7.68,1.034,0.0,2.75,4455.381304950228
1731070817.55,20.5,0.817,0.0,1.71,4734.386998334631,19.8,0.672,0.0,0.933,947.1415205765176,40.3,0.997,0.0,2.03,4420.060126588692,7.68,0.745,0.0,9.73,4455.334224275435
1731070818.05,19.8,0.953,0.0,2.77,4734.599303267385,20.5,0.677,0.0,0.799,947.1839697228846,39.7,0.963,0.0,1.73,4419.835434436203,8.32,0.707,0.0,3.62,4455.287143664255
1731070818.55,19.8,1.038,0.0,1.64,4734.811611880667,19.8,0.887,0.0,0.88,947.2264196062108,40.3,0.977,0.0,1.59,4419.686562712664,8.32,0.752,0.0,4.63,4455.240063116689
1731070819.05,19.8,1.015,0.0,1.71,4735.023924173985,19.8,0.818,0.0,1.08,947.2688702263998,39.7,0.931,0.0,2.37,4420.218668196654,7.68,0.717,0.0,3.48,4455.19298263274
1731070819.55,20.5,1.258,0.0,2.53,4735.236240146842,20.5,1.072,0.0,1.06,947.311321583353,39.7,1.127,0.016,1.97,4419.949627182638,8.32,1.022,0.0,1.81,4455.145902212406
1731070820.05,19.8,0.639,0.0,3.64,4735.448559798744,19.9,1.032,0.0,2.3,947.3537736769712,39.6,1.131,0.0,2.15,4420.4284218142975,7.68,0.983,0.0,1.85,4455.098821855694
1731070820.55,19.8,1.079,0.0,1.94,4735.660883129197,19.8,0.961,0.0,0.87,947.396226507158,40.3,1.519,0.0,1.99,4419.759677194516,8.32,0.886,0.0,1.63,4455.0517415626055
1731070821.05,19.8,0.483,0.0,1.62,4735.873210137704,19.8,0.876,0.0,1.28,947.4386800738088,39.0,0.866,0.0,1.53,4420.161899022585,7.68,0.57,0.0,1.82,4455.00466133314
1731070821.55,19.8,0.345,0.0,1.54,4736.085540823772,19.8,0.982,0.0,0.808,947.4811343768276,41.0,0.801,0.0,2.96,4420.101530128464,8.32,0.679,0.0,2.6,4454.9575811673
1731070822.05,20.5,0.522,0.0,2.2,4736.297875186906,20.5,1.045,0.0,1.68,947.5235894161152,39.7,0.951,0.0,1.64,4420.299344837407,7.68,0.775,0.0,3.28,4454.910501065088
1731070822.55,19.8,0.49,0.0,1.9,4736.510213226611,19.8,0.937,0.0,1.02,947.5660451915728,40.3,0.882,0.0,1.66,4420.311546980895,8.32,0.864,0.0,1.97,4454.863421026507
1731070823.05,19.8,0.895,0.0,3.52,4736.722554942395,19.8,0.888,0.0,4.49,947.6085017031044,39.7,1.02,0.0,2.5,4420.314599323933,7.68,0.999,0.0,1.49,4454.81634105156
1731070823.55,20.5,0.508,0.0,4.19,4736.934900333759,19.8,0.487,0.0,1.61,947.650958950605,40.3,1.158,0.0,1.5,4420.525711282846,8.32,0.496,0.0,1.55,4454.769261140245
1731070824.05,19.8,0.529,0.0,4.2,4737.147249400213,20.5,0.464,0.0,0.881,947.6934169339788,39.7,1.151,0.0,1.85,4420.721147975797,7.68,0.982,0.0,2.54,4454.722181292566
1731070824.55,19.8,0.605,0.0,4.29,4737.35960214126,19.8,0.432,0.0,0.893,947.7358756531268,40.3,1.56,0.0,1.46,4420.542467332174,8.32,1.14,0.0,2.0,4454.675101508527
1731070825.05,19.8,0.591,0.0,9.64,4737.571958556408,19.8,0.479,0.0,1.26,947.77833510795,39.7,1.324,0.0,1.71,4420.534552816435,7.68,1.429,0.0,2.01,4454.628021788126
1731070825.55,20.5,1.02,0.0,1.66,4737.784318645162,20.5,0.685,0.0,0.801,947.820795298353,39.7,0.67,0.0,7.25,4420.2833963123085,8.32,1.207,0.0,1.8,4454.580942131371
1731070826.05,19.8,0.589,0.0,2.39,4737.996682407028,19.8,0.536,0.0,0.837,947.8632562242304,39.7,0.61,0.016,1.58,4420.637120890025,7.68,0.633,0.0,2.22,4454.5338625382565
1731070826.55,19.8,0.585,0.0,1.75,4738.209049841512,19.8,0.654,0.0,1.25,947.9057178854868,40.3,0.901,0.0,1.52,4420.646755408796,8.33,0.937,0.0,2.42,4454.486783008791
1731070827.05,19.9,0.58,0.0,1.5,4738.42142094812,19.8,0.618,0.0,0.816,947.948180282023,39.7,0.845,0.0,2.36,4420.5485106506585,7.67,0.502,0.0,9.19,4454.439703542972
1731070827.55,20.5,0.462,0.0,2.85,4738.633795726359,19.9,0.485,0.0,0.732,947.9906434137404,40.3,1.071,0.0,1.76,4420.767420466931,8.32,1.084,0.0,1.6,4454.392624140804
1731070828.05,19.8,0.497,0.0,1.7,4738.846174175736,20.5,0.428,0.0,1.19,948.0331072805434,39.7,0.954,0.0,1.52,4420.511023160992,7.68,1.064,0.0,3.43,4454.34554480229
1731070828.55,19.9,0.624,0.0,1.61,4739.058556295754,19.8,0.473,0.0,0.767,948.0755718823268,40.4,1.036,0.0,2.36,4420.677970285372,8.32,0.566,0.0,1.56,4454.298465527428
1731070829.05,19.8,0.566,0.0,3.56,4739.270942085924,19.8,0.521,0.0,0.848,948.1180372189953,39.6,0.874,0.0,2.45,4420.898862565296,7.68,0.879,0.0,1.79,4454.251386316224
1731070829.55,20.5,0.806,0.0,5.65,4739.48333154575,20.5,0.552,0.0,0.998,948.1605032904496,39.7,0.939,0.0,2.12,4421.242155158215,8.32,0.544,0.0,4.76,4454.204307168678
1731070830.05,19.8,0.719,0.0,1.74,4739.695724674739,19.8,0.517,0.0,0.87,948.2029700965916,40.3,0.856,0.0,5.16,4420.786081571288,7.68,1.211,0.0,1.53,4454.157228084792
1731070830.55,19.9,0.548,0.0,2.48,4739.908121472398,19.8,0.686,0.0,1.11,948.2454376373252,40.3,0.631,0.0,1.58,4421.231605358247,7.68,0.847,0.0,1.7,4454.11014906457
1731070831.05,19.8,1.143,0.0,1.59,4740.120521938235,19.8,0.631,0.0,2.87,948.2879059125456,39.7,0.915,0.0,3.22,4420.860685735216,8.32,0.654,0.0,2.62,4454.063070108012
1731070831.55,20.5,0.813,0.0,1.59,4740.332926071755,19.8,0.79,0.0,0.799,948.3303749221576,40.3,0.645,0.0,1.69,4421.182244323463,8.32,0.911,0.0,6.76,4454.015991215119
1731070832.05,19.8,1.159,0.0,1.95,4740.545333872465,20.5,0.824,0.0,0.974,948.3728446660622,39.7,0.732,0.0,1.8,4421.152832532015,7.68,0.699,0.0,1.84,4453.968912385895
1731070832.55,19.9,0.785,0.0,1.47,4740.757745339873,19.8,0.854,0.0,1.15,948.4153151441608,40.3,0.669,0.0,2.45,4420.954163689354,8.32,1.318,0.0,2.88,4453.921833620342
1731070833.05,19.8,0.833,0.0,2.61,4740.970160473487,19.8,0.711,0.0,0.826,948.4577863563576,39.7,0.981,0.0,1.49,4421.5149843943545,7.68,0.724,0.0,1.77,4453.874754918464
1731070833.55,19.9,0.721,0.0,1.46,4741.182579272812,20.5,0.639,0.0,0.901,948.5002583025484,40.3,0.962,0.0,1.85,4421.096173195566,8.32,0.674,0.0,1.8,4453.827676280258
1731070834.05,20.5,0.532,0.0,2.73,4741.395001737358,19.8,0.637,0.0,0.765,948.5427309826374,39.7,0.655,0.0,2.5,4421.159397054136,7.68,0.744,0.0,3.0,4453.780597705729
1731070834.55,19.8,0.629,0.0,2.35,4741.60742786663,19.8,0.664,0.0,0.635,948.585204396526,40.3,0.958,0.0,1.56,4421.58974034646,8.32,0.508,0.0,1.55,4453.733519194879
1731070835.05,19.8,0.631,0.0,2.01,4741.819857660136,19.8,1.096,0.0,0.857,948.6276785441156,39.6,1.019,0.0,9.02,4421.785327655158,7.68,1.446,0.0,1.73,4453.686440747709
1731070835.55,20.5,0.696,0.0,3.02,4742.032291117386,19.9,0.956,0.0,0.66,948.6701534253108,40.3,0.892,0.0,1.86,4421.884797896522,8.32,0.757,0.0,1.75,4453.639362364223
1731070836.05,19.8,1.084,0.0,1.96,4742.244728237884,20.5,0.768,0.0,0.761,948.7126290400066,39.7,1.061,0.0,1.63,4421.379738954469,7.68,0.686,0.0,1.85,4453.592284044421
1731070836.55,19.8,0.722,0.0,4.29,4742.45716902114,19.8,0.576,0.0,1.02,948.755105388108,39.7,0.94,0.0,2.54,4421.561814702235,8.32,0.699,0.0,10.7,4453.545205788305
1731070837.05,19.8,0.803,0.0,3.04,4742.66961346666,19.8,0.866,0.0,0.79,948.7975824695164,40.3,1.41,0.0,1.68,4421.781748315468,7.68,0.861,0.0,2.49,4453.498127595879
1731070837.55,20.5,0.754,0.0,1.63,4742.882061573953,20.5,0.734,0.0,0.719,948.8400602841332,40.3,1.507,0.0,1.69,4421.853660854153,8.32,1.753,0.0,1.71,4453.451049467142
1731070838.05,19.8,0.972,0.0,1.64,4743.094513342529,19.8,0.761,0.0,0.759,948.8825388318631,39.7,0.951,0.0,2.52,4421.682716160454,7.68,0.94,0.0,1.69,4453.403971402101
1731070838.55,19.8,0.972,0.0,2.88,4743.306968771893,19.8,0.649,0.0,0.764,948.9250181126016,40.3,0.864,0.0,2.26,4421.588895337525,8.32,0.806,0.0,2.47,4453.356893400753
1731070839.05,19.8,0.855,0.0,9.1,4743.519427861554,19.8,0.759,0.0,0.857,948.967498126253,39.7,0.828,0.0,2.18,4421.826826452245,7.68,0.581,0.0,1.59,4453.309815463102
1731070839.55,20.5,0.885,0.0,2.58,4743.73189061102,20.5,0.819,0.0,0.86,949.0099788727192,40.3,1.07,0.0,6.42,4422.1709615010495,7.68,0.685,0.0,1.82,4453.262737589149
1731070840.05,19.8,0.916,0.0,1.71,4743.944357019799,19.8,0.773,0.0,0.7,949.0524603519016,39.7,0.954,0.0,1.56,4422.091354219498,8.32,0.694,0.0,3.35,4453.215659778896
1731070840.55,19.8,0.923,0.0,2.5,4744.156827087402,19.8,0.763,0.0,1.33,949.0949425637048,40.3,0.765,0.0,3.2,4421.922510552103,8.32,0.852,0.0,1.59,4453.168582032349
1731070841.05,19.8,0.676,0.0,2.41,4744.369300813333,19.9,0.829,0.0,0.839,949.1374255080248,39.6,1.539,0.0,1.5,4421.851758753201,7.04,0.974,0.083,3.15,4453.121504349505
1731070841.55,19.8,0.547,0.0,1.73,4744.5817781971045,19.8,0.888,0.0,1.52,949.1799091847656,40.3,1.094,0.0,1.79,4421.989797993337,7.68,0.644,0.0,1.94,4453.074426730369
1731070842.05,20.5,0.519,0.0,2.4,4744.794259238223,20.5,0.849,0.0,0.839,949.2223935938296,39.7,1.278,0.0,2.46,4422.170911760713,8.32,0.742,0.0,2.27,4453.02734917494
1731070842.55,19.8,0.606,0.0,2.59,4745.006743936197,19.8,0.91,0.0,0.783,949.2648787351176,39.7,0.81,0.0,1.53,4422.110271872416,8.32,0.649,0.0,3.11,4452.980271683224
1731070843.05,19.8,0.441,0.0,1.7,4745.2192322905385,19.8,0.899,0.0,0.827,949.3073646085352,40.3,0.994,0.0,1.74,4422.304216788959,7.68,0.883,0.0,2.81,4452.933194255221
1731070843.55,20.5,0.852,0.0,8.82,4745.431724300751,20.5,1.056,0.0,1.07,949.3498512139774,40.3,1.033,0.0,1.43,4422.020963559681,8.32,1.002,0.0,2.13,4452.886116890932
1731070844.05,19.8,0.632,0.0,2.3,4745.644219966347,19.8,0.942,0.0,0.711,949.3923385513492,39.6,1.009,0.0,4.44,4422.085910812592,7.68,0.569,0.0,1.96,4452.839039590361
1731070844.55,19.8,0.496,0.0,2.76,4745.856719286835,19.8,0.742,0.0,0.737,949.4348266205526,40.4,1.105,0.0,2.46,4422.681868639746,8.32,0.919,0.0,1.71,4452.791962353507
1731070845.05,19.8,0.417,0.0,3.64,4746.069222261723,19.8,0.734,0.0,0.847,949.4773154214888,39.7,1.569,0.0,1.91,4422.190054733486,7.68,0.802,0.0,3.47,4452.744885180376
1731070845.55,20.5,0.605,0.0,2.35,4746.281728890523,20.5,0.541,0.0,0.911,949.5198049540631,39.7,1.306,0.0,1.58,4422.674980191419,8.33,0.954,0.0,2.83,4452.697808070968
1731070846.05,19.8,0.552,0.0,2.16,4746.494239172739,19.8,0.429,0.0,0.824,949.5622952181712,40.3,1.392,0.0,2.58,4422.639511085516,7.68,1.154,0.0,1.91,4452.6507310252855
1731070846.55,19.8,0.375,0.0,2.75,4746.706753107885,19.8,0.581,0.0,1.01,949.6047862137176,40.3,1.361,0.0,1.81,4422.725836093583,8.32,0.8,0.0,2.75,4452.603654043328
1731070847.05,19.8,1.119,0.0,1.67,4746.919270695469,19.8,0.693,0.0,0.821,949.647277940604,39.7,0.663,0.0,1.9,4422.8818708062,7.68,0.885,0.0,1.48,4452.556577125101
1731070847.55,20.5,0.592,0.0,1.7,4747.131791935,19.8,0.561,0.0,1.28,949.6897703987328,40.3,0.713,0.0,1.9,4423.014369844234,7.68,0.462,0.0,1.67,4452.509500270605
1731070848.05,19.8,0.483,0.0,3.58,4747.344316825987,20.5,0.492,0.0,0.83,949.7322635880084,39.7,0.758,0.0,1.61,4422.456634538958,8.33,1.035,0.0,3.41,4452.462423479844
1731070848.55,19.8,0.509,0.0,9.34,4747.556845367942,19.8,0.541,0.0,0.802,949.7747575083268,40.3,0.796,0.0,2.7,4422.492040517221,8.32,1.22,0.0,1.61,4452.415346752817
1731070849.05,19.8,0.65,0.0,2.52,4747.769377560372,19.8,0.612,0.0,1.32,949.8172521595932,39.7,0.905,0.0,9.32,4422.730322814825,7.68,0.629,0.0,1.97,4452.368270089526
1731070849.55,19.8,0.749,0.0,3.29,4747.981913402788,20.5,0.453,0.0,1.16,949.8597475417088,40.3,0.904,0.0,1.61,4423.252645355736,8.32,1.025,0.0,1.61,4452.321193489976
1731070850.05,20.5,0.633,0.0,2.08,4748.1944528947,19.8,0.601,0.0,1.49,949.902243654576,39.7,1.075,0.0,2.65,4422.718124778216,7.68,0.552,0.0,1.52,4452.274116954165
1731070850.55,19.8,0.629,0.0,1.78,4748.406996035618,19.8,0.511,0.0,1.14,949.9447404981,40.3,1.03,0.0,1.68,4422.742840734427,8.32,1.094,0.0,8.38,4452.227040482101
1731070851.05,19.8,0.571,0.0,3.48,4748.619542825051,19.8,0.55,0.0,1.03,949.987238072176,39.1,0.52,0.0,1.55,4422.965607511967,7.68,0.882,0.0,2.38,4452.179964073779
1731070851.55,20.5,0.508,0.0,1.51,4748.832093262511,19.8,0.662,0.0,8.91,950.0297363767094,41.0,0.504,0.0,3.23,4423.2207038513925,8.32,0.562,0.0,2.16,4452.132887729206
1731070852.05,19.8,0.568,0.0,1.79,4749.044647347506,20.5,0.793,0.0,0.842,950.0722354116022,39.7,0.55,0.0,1.76,4423.126916584719,7.68,0.922,0.0,1.66,4452.085811448383
1731070852.55,19.8,0.833,0.0,3.01,4749.257205079548,19.8,0.536,0.0,1.92,950.1147351767564,40.3,1.163,0.0,1.65,4423.289274103432,8.32,0.491,0.0,1.97,4452.038735231309
1731070853.05,19.8,0.759,0.0,7.47,4749.469766458147,19.8,0.604,0.0,0.935,950.1572356720768,39.7,0.588,0.0,2.93,4423.269977059849,7.68,1.229,0.0,2.7,4451.991659077992
1731070853.55,20.5,0.787,0.0,2.09,4749.682331482812,20.5,0.73,0.0,1.59,950.1997368974596,40.3,0.829,0.0,6.76,4423.66541543538,8.32,0.791,0.0,1.56,4451.944582988427
1731070854.05,19.8,0.529,0.0,1.94,4749.894900153055,19.8,0.759,0.0,0.938,950.2422388528096,39.7,0.803,0.0,1.75,4423.524725495405,7.68,0.712,0.0,1.59,4451.897506962621
1731070854.55,19.8,0.498,0.0,2.24,4750.107472468386,19.8,0.676,0.0,1.12,950.2847415380292,40.3,1.075,0.0,2.85,4423.515904651697,8.32,1.296,0.0,2.76,4451.850431000574
1731070855.05,19.8,0.84,0.0,1.97,4750.320048428316,19.8,0.64,0.0,0.935,950.3272449530202,39.7,0.88,0.0,1.46,4423.595657911883,7.68,0.733,0.0,5.08,4451.803355102288
1731070855.55,20.5,0.729,0.0,2.07,4750.532628032356,20.5,0.655,0.0,1.12,950.369749097688,40.3,0.919,0.0,1.94,4423.679226685947,8.32,1.317,0.0,1.54,4451.756279267768
1731070856.05,19.8,0.73,0.0,3.26,4750.745211280016,19.9,0.841,0.0,1.09,950.4122539719284,39.7,0.851,0.0,1.98,4423.3728217076,7.68,0.799,0.0,3.1,4451.709203497012
1731070856.55,19.9,0.612,0.0,1.6,4750.957798170807,19.8,1.051,0.0,5.34,950.4547595756464,40.3,0.869,0.0,2.14,4423.958244164964,8.32,0.822,0.0,1.58,4451.662127790024
1731070857.05,19.8,0.656,0.0,1.68,4751.17038870424,19.8,0.67,0.0,1.52,950.4972659087448,39.7,1.148,0.0,1.8,4423.539985754205,7.68,0.597,0.0,1.96,4451.615052146804
1731070857.55,20.5,0.732,0.0,5.62,4751.382982879826,19.9,0.601,0.0,0.727,950.5397729711248,40.3,0.844,0.0,1.63,4423.617168175872,8.32,0.546,0.0,1.87,4451.567976567358
1731070858.05,19.8,0.711,0.0,1.64,4751.595580697078,20.5,0.67,0.0,0.756,950.5822807626924,39.7,1.123,0.0,7.3,4423.670001306576,7.69,1.419,0.0,1.5,4451.5209010516855
1731070858.55,19.8,0.868,0.0,1.9,4751.808182155504,19.8,0.66,0.0,1.74,950.6247892833436,40.3,1.412,0.0,2.61,4423.5303927378645,8.32,0.861,0.0,2.05,4451.473825599787
1731070859.05,19.9,0.702,0.0,1.59,4752.020787254618,19.8,0.786,0.0,2.3,950.6672985329832,39.7,1.177,0.0,1.91,4424.10573768342,7.68,0.871,0.0,1.78,4451.426750211666
1731070859.55,20.5,0.842,0.0,1.6,4752.23339599393,19.9,0.778,0.0,2.63,950.7098085115136,39.7,0.842,0.0,3.03,4423.658302765064,8.32,0.811,0.0,2.94,4451.379674887327
1731070860.05,19.9,1.245,0.0,2.22,4752.446008372951,20.5,0.748,0.0,0.751,950.7523192188372,40.3,0.93,0.0,1.92,4423.725343822926,7.68,0.764,0.0,1.54,4451.332599626768
1731070860.55,19.8,0.935,0.0,1.97,4752.658624391195,19.8,0.708,0.0,0.804,950.7948306548592,40.3,0.907,0.0,2.87,4423.582995413475,7.68,0.723,0.0,1.57,4451.285524429994
1731070861.05,19.8,1.27,0.0,1.82,4752.87124404817,19.8,0.74,0.0,0.857,950.8373428194756,39.7,0.92,0.0,1.92,4424.263758525708,8.31,0.861,0.0,3.34,4451.238449297005
1731070861.55,20.5,0.952,0.0,2.23,4753.08386734339,20.5,0.788,0.0,1.3,950.879855712592,40.3,1.234,0.0,1.72,4424.225675432221,8.32,0.798,0.0,1.92,4451.191374227803
1731070862.05,19.9,0.923,0.0,1.86,4753.296494276367,19.8,0.979,0.0,0.803,950.9223693341108,39.7,1.066,0.0,2.14,4423.820871239944,7.68,0.725,0.0,2.02,4451.144299222392
1731070862.55,19.8,0.867,0.0,7.62,4753.509124846612,19.8,1.078,0.0,1.33,950.9648836839336,40.3,1.226,0.0,1.83,4424.096417442023,8.31,0.769,0.0,1.74,4451.097224280772
1731070863.05,19.8,0.475,0.0,1.83,4753.721759053637,19.8,0.825,0.0,1.02,951.0073987619668,39.7,1.173,0.0,9.08,4423.939846315554,7.69,0.655,0.0,1.6,4451.050149402949
1731070863.55,20.5,0.546,0.0,1.43,4753.934396896953,19.9,0.979,0.0,1.97,951.0499145681056,40.3,1.285,0.0,2.06,4424.23343247607,8.32,0.767,0.0,2.27,4451.003074588918
1731070864.05,19.8,0.547,0.0,3.41,4754.147038376074,20.5,0.987,0.0,0.824,951.0924311022562,39.7,0.848,0.0,2.35,4424.468147351399,7.68,0.81,0.0,2.14,4450.955999838687
1731070864.55,19.8,0.368,0.0,1.81,4754.359683490512,19.8,0.955,0.0,0.856,951.1349483643206,40.3,0.787,0.0,3.8,4424.448008474983,7.68,0.488,0.0,7.18,4450.908925152255
1731070865.05,19.8,0.486,0.0,1.53,4754.572332239777,19.8,0.967,0.0,0.853,951.1774663542012,39.7,1.214,0.0,1.87,4424.499641414005,8.32,0.681,0.0,1.7,4450.8618505296245
1731070865.55,20.5,0.472,0.0,3.0,4754.784984623385,20.5,1.007,0.0,0.788,951.2199850718036,40.3,0.936,0.0,2.06,4424.714904747433,8.32,0.613,0.0,1.65,4450.8147759708
1731070866.05,19.8,0.524,0.0,1.51,4754.997640640845,19.2,0.504,0.0,0.881,951.262504517024,39.7,1.116,0.0,4.43,4424.790661663462,7.68,0.882,0.0,2.12,4450.76770147578
1731070866.55,19.8,0.576,0.0,1.72,4755.21030029167,20.5,0.41,0.0,0.694,951.305024689768,40.3,1.351,0.0,1.82,4424.812677946011,8.32,0.868,0.0,1.73,4450.7206270445695
1731070867.05,19.8,0.516,0.0,11.2,4755.422963575375,19.8,0.501,0.0,0.852,951.3475455899378,39.7,1.188,0.0,2.71,4424.652947710177,7.68,0.831,0.0,1.54,4450.673552677167
1731070867.55,20.5,0.407,0.0,1.6,4755.63563049147,20.5,0.628,0.0,0.749,951.390067217436,40.3,1.558,0.0,8.5,4424.426430407949,8.32,0.853,0.0,4.06,4450.626478373578
1731070868.05,19.8,0.471,0.0,2.39,4755.848301039469,19.9,0.551,0.0,1.61,951.4325895721684,39.0,0.957,0.0,2.15,4424.837714729482,7.68,0.613,0.0,1.55,4450.579404133804
1731070868.55,19.8,0.457,0.0,1.85,4756.060975218884,19.8,0.568,0.0,1.19,951.4751126540312,41.0,0.624,0.0,2.32,4424.761211381167,8.32,0.927,0.0,1.68,4450.532329957845
1731070869.05,19.8,0.611,0.0,1.44,4756.273653029229,19.8,0.666,0.0,2.4,951.5176364629295,39.6,0.83,0.0,2.06,4425.109038970138,7.68,1.007,0.0,8.8,4450.485255845704
1731070869.55,20.5,0.433,0.0,2.29,4756.486334470015,19.8,0.503,0.0,4.68,951.5601609987668,40.3,0.858,0.0,1.94,4424.9729482781,8.32,0.586,0.0,1.6,4450.438181797384
1731070870.05,19.8,0.562,0.0,1.83,4756.699019540757,20.5,0.741,0.0,1.01,951.6026862614448,39.7,1.131,0.0,2.62,4424.855821596122,7.68,1.074,0.0,1.68,4450.391107812885
1731070870.55,19.8,0.528,0.0,1.92,4756.911708240968,19.8,0.564,0.0,1.29,951.6452122508696,40.3,0.962,0.0,2.14,4424.715208348594,8.32,0.724,0.0,2.54,4450.344033892212
1731070871.05,19.8,0.453,0.0,2.23,4757.124400570159,19.9,0.529,0.0,1.03,951.6877389669372,39.7,1.009,0.0,2.48,4424.6908334248665,7.68,1.194,0.0,1.64,4450.2969600353645
1731070871.55,20.5,0.812,0.0,4.42,4757.337096527846,20.5,0.524,0.0,0.853,951.7302664095536,40.3,1.232,0.0,1.63,4424.876359749364,8.32,1.265,0.0,2.05,4450.2498862423445
1731070872.05,19.8,0.602,0.0,2.82,4757.549796113542,19.8,0.734,0.0,0.838,951.7727945786216,39.7,1.124,0.0,5.05,4425.465217585035,7.68,0.757,0.0,1.65,4450.202812513156
1731070872.55,19.8,0.813,0.0,1.85,4757.762499326757,19.8,0.777,0.0,0.888,951.8153234740432,39.7,0.759,0.0,3.51,4425.033512287548,8.32,0.968,0.0,1.47,4450.155738847799
1731070873.05,19.8,0.823,0.0,1.56,4757.975206167011,19.8,0.7,0.0,1.09,951.8578530957247,40.3,0.717,0.0,1.57,4425.5289180577975,7.68,0.536,0.0,2.32,4450.108665246277
1731070873.55,20.5,0.681,0.0,3.21,4758.18791663381,20.5,0.617,0.0,1.9,951.9003834435624,40.3,0.536,0.0,1.79,4425.451428585014,8.32,1.259,0.0,3.89,4450.061591708592
1731070874.05,19.8,0.673,0.0,2.06,4758.400630726673,19.8,0.555,0.0,1.1,951.942914517462,39.7,0.555,0.0,1.78,4425.4607622652375,7.68,0.754,0.0,3.71,4450.014518234743
1731070874.55,19.8,0.714,0.0,1.94,4758.613348445112,19.8,0.646,0.0,1.14,951.9854463173264,39.7,0.788,0.016,1.58,4425.117638516805,8.32,0.821,0.0,4.7,4449.967444824737
1731070875.05,19.9,1.068,0.0,1.815,4758.82606978864,19.8,0.802,0.0,0.917,952.0279788430578,39.7,0.89,0.0,2.1,4425.140270911585,7.68,1.014,0.0,5.16,4449.920371478572
1731070875.55,19.8,0.601,0.0,1.69,4759.038794756773,20.5,0.75,0.0,1.71,952.0705120945624,40.4,0.655,0.0,1.83,4425.828439686699,8.32,0.81,0.0,3.21,4449.873298196254
1731070876.05,20.5,0.925,0.0,2.1,4759.251523349023,19.8,0.797,0.0,0.718,952.1130460717368,39.6,0.828,0.0,1.71,4425.359274585446,7.68,1.575,0.0,5.35,4449.82622497778
1731070876.55,19.8,0.744,0.0,6.2,4759.464255564905,19.8,0.68,0.0,0.873,952.1555807744868,39.7,0.8,0.0,4.55,4425.874753649518,8.32,0.848,0.0,1.96,4449.779151823155
1731070877.05,19.8,0.72,0.0,10.3,4759.676991403933,19.8,0.752,0.0,0.761,952.1981162027148,40.3,0.634,0.0,1.72,4425.600379163508,7.68,0.689,0.0,3.83,4449.7320787323815
1731070877.55,20.5,0.562,0.0,4.42,4759.8897308656215,19.8,0.771,0.0,1.9,952.240652356324,40.3,1.034,0.0,1.74,4425.686182481328,7.68,0.656,0.0,2.4,4449.68500570546
1731070878.05,19.8,0.662,0.0,5.83,4760.102473949484,20.5,0.842,0.0,1.14,952.2831892352204,39.7,0.978,0.0,1.75,4425.353571750764,8.32,0.615,0.0,3.46,4449.637932742395
1731070878.55,19.8,0.788,0.0,6.205,4760.315220655036,19.8,0.686,0.0,2.09,952.3257268393,40.3,0.85,0.0,2.03,4426.038007617937,8.32,1.494,0.0,10.7,4449.590859843183
1731070879.05,19.8,0.87,0.0,6.58,4760.527970981791,19.8,0.583,0.0,0.947,952.3682651684694,39.7,1.24,0.0,3.04,4425.813691527606,7.68,1.251,0.0,2.2,4449.543787007832
1731070879.55,20.5,1.235,0.0,3.71,4760.740724929263,20.5,0.583,0.0,1.3,952.410804222631,40.3,1.341,0.0,2.07,4425.976862113014,8.32,0.919,0.0,2.33,4449.496714236341
1731070880.05,19.8,0.874,0.0,2.28,4760.953482496967,19.8,0.616,0.0,1.22,952.453344001688,39.7,1.414,0.0,1.68,4425.760930469508,7.68,1.073,0.0,3.75,4449.449641528713
1731070880.55,19.8,0.948,0.0,2.42,4761.166243684419,19.9,0.564,0.0,1.01,952.495884505546,39.7,1.1,0.0,2.54,4426.15096743334,8.32,0.965,0.0,2.1,4449.402568884952
1731070881.05,19.8,0.968,0.0,2.56,4761.3790084911325,19.8,0.742,0.0,1.08,952.538425734102,39.7,1.074,0.016,2.27,4425.943265669846,7.68,1.258,0.0,2.71,4449.355496305055
1731070881.55,20.5,0.858,0.0,7.07,4761.591776916623,20.5,0.739,0.0,1.0,952.5809676872616,39.7,0.837,0.0,8.37,4426.067387464903,8.32,0.866,0.0,1.92,4449.308423789028
1731070882.05,19.8,1.144,0.0,1.94,4761.804548960405,19.8,0.652,0.0,1.63,952.6235103649284,40.3,1.118,0.0,1.63,4425.862352474034,7.68,0.888,0.0,1.74,4449.261351336871
1731070882.55,19.8,0.931,0.0,2.9,4762.017324621992,19.8,0.679,0.0,0.938,952.6660537670048,40.3,0.871,0.0,1.65,4426.243605894737,8.32,0.686,0.0,2.32,4449.214278948587
1731070883.05,19.8,1.068,0.0,2.03,4762.230103900903,19.8,1.166,0.0,0.876,952.7085978933968,39.7,1.042,0.0,2.9,4426.508948047546,7.68,0.751,0.0,5.155,4449.16720662418
1731070883.55,20.5,1.007,0.0,3.69,4762.442886796649,19.8,0.768,0.0,2.9,952.7511427440018,40.3,0.982,0.0,2.08,4426.529387753672,8.32,0.714,0.0,7.99,4449.120134363648
1731070884.05,19.2,0.708,0.0,1.77,4762.655673308747,20.5,0.938,0.0,1.68,952.7936883187252,39.7,1.303,0.0,2.14,4426.435996584044,7.68,0.839,0.0,6.13,4449.0730621669945
1731070884.55,20.5,0.475,0.0,1.67,4762.868463436714,19.8,0.922,0.0,0.998,952.8362346174704,40.3,1.275,0.0,1.69,4426.273833345208,8.32,0.752,0.0,4.27,4449.025990034224
1731070885.05,19.8,0.419,0.0,3.15,4763.081257180062,19.8,0.891,0.0,0.728,952.87878164014,39.1,0.706,0.0,1.58,4425.99621416492,7.68,0.49,0.0,3.28,4448.978917965334
1731070885.55,20.5,0.351,0.0,1.46,4763.294054538309,19.9,1.106,0.0,0.749,952.9213293866408,41.0,0.984,0.0,2.68,4426.434501924251,8.32,0.663,0.0,2.46,4448.931845960332
1731070886.05,19.9,0.387,0.0,5.11,4763.506855510969,20.5,1.124,0.0,1.03,952.9638778568687,39.6,0.965,0.0,6.96,4426.728693268361,7.68,0.69,0.0,1.39,4448.884774019215
1731070886.55,19.8,0.603,0.0,4.76,4763.719660097559,19.9,0.887,0.0,0.856,953.0064270507308,40.3,0.892,0.0,1.7,4426.235635226338,8.32,0.856,0.0,1.78,4448.837702141987
1731070887.05,19.8,0.631,0.0,3.77,4763.932468297593,19.8,0.754,0.0,1.16,953.04897696813,39.7,1.108,0.0,3.41,4426.574081953297,7.68,0.984,0.0,3.22,4448.790630328651
1731070887.55,20.5,0.523,0.0,4.36,4764.145280110588,19.8,0.699,0.0,0.779,953.0915276089688,40.3,1.221,0.0,1.96,4427.018042270354,8.32,0.63,0.0,1.61,4448.743558579207
1731070888.05,19.8,0.528,0.0,6.02,4764.358095536061,20.5,0.575,0.0,1.2,953.134078973154,39.7,1.137,0.0,1.75,4426.553609468102,7.68,0.91,0.0,2.56,4448.696486893662
1731070888.55,19.8,0.448,0.0,3.27,4764.570914573525,19.8,0.476,0.0,0.915,953.1766310605822,40.3,1.213,0.0,2.46,4426.569158708731,8.32,0.801,0.0,1.74,4448.649415272011
1731070889.05,19.8,0.474,0.0,4.2,4764.7837372224985,19.8,0.566,0.0,0.832,953.2191838711598,39.1,1.749,0.016,1.57,4426.725556676017,7.68,1.099,0.0,1.63,4448.602343714259
1731070889.55,20.5,0.437,0.0,2.94,4764.996563482497,20.5,0.511,0.0,0.782,953.26173740479,39.7,0.649,0.0,1.92,4426.605004138107,8.32,0.963,0.0,2.29,4448.555272220409
1731070890.05,19.8,0.608,0.0,5.19,4765.209393353035,19.8,0.588,0.0,1.73,953.304291661376,40.3,0.739,0.0,1.71,4426.652149275457,7.68,0.543,0.0,1.74,4448.508200790462
1731070890.55,19.8,0.504,0.0,4.54,4765.422226833631,19.8,0.616,0.0,0.832,953.3468466408236,40.3,0.936,0.0,1.747,4426.783422987156,8.32,0.753,0.0,1.41,4448.461129424422
1731070891.05,19.9,0.424,0.0,1.58,4765.6350639238,19.8,0.657,0.0,1.01,953.3894023430306,39.7,0.874,0.0,1.783,4427.299148664901,7.68,0.482,0.0,2.71,4448.414058122287
1731070891.55,19.8,0.464,0.031,5.42,4765.847904623059,19.8,0.509,0.0,0.933,953.4319587679028,40.3,0.871,0.0,1.82,4426.872827277307,8.32,1.124,0.0,2.04,4448.366986884063
1731070892.05,19.8,0.638,0.0,3.44,4766.060748930924,20.5,0.45,0.0,2.34,953.4745159153435,39.7,0.884,0.0,10.9,4427.371651744571,7.68,1.27,0.0,1.95,4448.31991570975
1731070892.55,19.8,0.609,0.0,1.58,4766.273596846912,19.8,0.435,0.0,0.847,953.517073785256,40.3,0.87,0.0,2.53,4427.010177589651,8.32,0.688,0.0,5.34,4448.272844599351
1731070893.05,19.8,0.534,0.0,1.72,4766.48644837054,19.8,0.554,0.0,0.84,953.5596323775468,39.7,1.136,0.0,1.61,4426.989976485537,7.68,0.899,0.0,10.9,4448.225773552867
1731070893.55,20.5,0.74,0.0,1.56,4766.699303501323,19.8,0.688,0.0,0.883,953.6021916921128,39.6,0.839,0.0,1.59,4427.158090958214,8.32,0.464,0.0,4.7,4448.178702570301
1731070894.05,19.8,0.783,0.0,2.11,4766.91216223878,20.5,0.515,0.0,1.04,953.6447517288605,40.3,0.534,0.0,2.92,4427.403634819677,7.68,1.149,0.0,1.72,4448.131631651654
1731070894.55,19.9,0.759,0.0,1.81,4767.125024582427,19.8,0.59,0.0,1.88,953.6873124876932,40.3,0.493,0.0,2.46,4427.026576632141,7.68,0.711,0.0,2.0,4448.084560796928
1731070895.05,19.8,0.639,0.0,1.56,4767.33789053178,19.8,0.696,0.0,0.746,953.729873968514,39.7,0.586,0.0,1.68,4427.578246365747,8.32,0.697,0.0,3.78,4448.037490006126
1731070895.55,20.5,0.667,0.0,7.94,4767.5507600863575,19.9,0.673,0.0,0.775,953.7724361712296,40.3,0.68,0.0,2.55,4427.614542996717,8.32,0.972,0.0,2.08,4447.990419279251
1731070896.05,19.8,0.781,0.0,1.87,4767.763633245675,20.5,0.579,0.0,0.871,953.8149990957372,39.7,0.894,0.0,1.43,4427.701308446628,7.68,0.62,0.0,1.57,4447.943348616303
1731070896.55,19.8,0.642,0.0,2.16,4767.976510009251,19.9,0.807,0.0,0.995,953.8575627419432,40.3,0.714,0.0,6.79,4427.480399766077,8.32,1.376,0.0,2.8,4447.896278017282
1731070897.05,19.8,0.553,0.0,2.81,4768.189390376603,19.8,0.787,0.0,8.32,953.9001271097508,39.7,0.702,0.0,1.73,4427.724508510583,7.68,0.811,0.0,1.75,4447.849207482196
1731070897.55,20.5,0.624,0.0,1.85,4768.402274347247,20.5,0.751,0.0,1.06,953.9426921990636,40.3,0.899,0.0,1.46,4427.579179034042,8.32,0.673,0.0,6.08,4447.802137011043
1731070898.05,19.8,0.688,0.0,2.02,4768.615161920702,19.8,0.906,0.0,1.03,953.9852580097884,39.0,0.858,0.016,1.95,4427.827387260148,7.68,0.812,0.0,1.76,4447.755066603826
1731070898.55,19.8,0.543,0.0,1.67,4768.828053096484,19.8,0.691,0.0,0.987,954.0278245418218,40.3,0.743,0.0,1.81,4427.94336075264,8.32,0.568,0.0,1.45,4447.707996260546
1731070899.05,19.8,0.802,0.0,1.66,4769.040947874111,19.8,0.774,0.0,0.936,954.0703917950708,39.7,1.105,0.0,1.67,4427.750742447641,7.68,1.311,0.0,2.38,4447.660925981206
1731070899.55,19.8,1.088,0.0,3.0,4769.253846253101,20.5,1.063,0.0,0.907,954.1129597694388,40.3,1.132,0.0,2.05,4427.488371947554,8.32,1.096,0.0,1.74,4447.613855765808
1731070900.05,20.5,0.657,0.0,6.26,4769.466748232971,19.9,0.788,0.0,0.906,954.1555284648292,39.7,1.109,0.0,1.94,4427.464017909654,7.68,1.062,0.0,1.77,4447.566785614354
1731070900.55,19.8,0.632,0.0,1.89,4769.679653813241,19.8,0.632,0.0,1.5,954.1980978811488,40.3,1.095,0.0,1.85,4427.552257269458,8.32,0.735,0.0,2.25,4447.519715526847
1731070901.05,19.8,0.838,0.0,2.23,4769.8925629934265,19.8,0.712,0.0,0.82,954.2406680182946,39.7,1.043,0.0,3.72,4427.83691283272,7.68,0.684,0.0,2.49,4447.472645503286
1731070901.55,20.5,0.814,0.0,1.6,4770.105475773046,20.5,0.618,0.0,0.908,954.2832388761736,39.7,1.364,0.0,2.37,4428.062149838394,8.32,1.455,0.0,2.41,4447.425575543676
1731070902.05,19.8,0.872,0.0,1.61,4770.318392151618,19.8,0.887,0.0,0.995,954.3258104546888,39.7,0.838,0.0,2.03,4427.62808451139,7.68,0.904,0.0,5.01,4447.378505648018
1731070902.55,19.8,0.759,0.0,1.93,4770.53131212866,19.8,0.782,0.0,0.812,954.3683827537444,40.3,0.836,0.0,1.93,4428.018218573878,8.32,0.771,0.0,1.96,4447.331435816313
1731070903.05,19.8,1.075,0.0,3.9,4770.744235703692,19.8,0.69,0.0,0.841,954.4109557732468,40.3,0.878,0.0,1.57,4428.203887457702,7.68,0.572,0.0,2.8,4447.284366048568
1731070903.55,19.8,1.014,0.0,5.21,4770.95716287623,20.5,0.683,0.0,0.852,954.4535295130931,40.3,0.856,0.0,3.14,4427.878097437352,8.32,0.825,0.0,1.64,4447.237296344777
1731070904.05,20.5,0.97,0.0,5.69,4771.170093645793,19.8,0.956,0.0,0.934,954.4961039731908,39.0,1.078,0.016,1.76,4427.837328687942,7.68,0.73,0.0,1.73,4447.190226704947
1731070904.55,19.8,1.18,0.0,5.1,4771.383028011899,19.8,0.785,0.0,0.949,954.5386791534426,40.3,0.949,0.0,1.81,4428.435444526466,8.32,0.847,0.0,3.01,4447.14315712908
1731070905.05,19.8,0.894,0.0,8.75,4771.595965974067,19.8,0.819,0.0,3.83,954.5812550537528,39.7,1.112,0.0,3.19,4428.234411468804,7.68,0.861,0.0,1.55,4447.096087617176
1731070905.55,19.8,0.308,0.0,4.01,4771.8089075318185,20.5,0.902,0.0,0.727,954.6238316740277,40.3,1.219,0.0,1.37,4428.103185870292,8.32,0.588,0.0,1.87,4447.04901816924
1731070906.05,20.5,0.332,0.0,5.46,4772.021852684667,19.8,0.858,0.0,1.0,954.6664090141652,39.7,1.226,0.0,10.5,4428.486279883522,7.68,0.678,0.0,1.85,4447.001948785271
1731070906.55,19.8,0.35,0.0,4.64,4772.234801432134,19.8,0.905,0.0,0.855,954.7089870740716,39.7,0.904,0.0,2.48,4428.78915003878,8.32,0.64,0.0,1.65,4446.954879465273
1731070907.05,19.8,0.672,0.0,4.13,4772.447753773738,19.8,1.044,0.0,1.34,954.7515658536512,40.3,0.864,0.0,1.57,4428.679896696138,7.68,0.872,0.0,9.1,4446.907810209247
1731070907.55,20.5,0.41,0.0,6.33,4772.660709708998,20.5,0.92,0.0,0.828,954.7941453528072,40.3,0.868,0.0,2.0,4428.6548540955655,8.32,0.904,0.0,1.91,4446.860741017195
1731070908.05,19.9,0.387,0.0,3.48,4772.873669237434,19.8,0.878,0.0,1.22,954.8367255714468,39.7,0.933,0.0,1.63,4428.663858253539,7.68,0.483,0.0,1.8,4446.813671889121
1731070908.55,19.8,0.452,0.0,4.13,4773.086632358562,19.9,0.743,0.0,0.885,954.8793065094673,40.3,0.877,0.0,1.69,4429.034695992924,8.32,0.663,0.0,2.14,4446.766602825024
1731070909.05,19.8,0.393,0.0,5.73,4773.299599071904,19.8,0.337,0.0,1.24,954.9218881667756,39.7,1.118,0.0,2.07,4428.871431832905,7.68,0.69,0.0,1.62,4446.719533824907
1731070909.55,19.8,0.415,0.0,9.27,4773.512569376978,20.5,0.604,0.0,1.03,954.9644705432756,39.7,1.432,0.0,1.94,4428.378528777021,8.32,0.987,0.0,2.4,4446.672464888773
1731070910.05,20.5,0.36,0.0,5.19,4773.725543273304,19.8,0.501,0.0,1.99,955.0070536388712,40.3,1.388,0.0,2.02,4428.515715045513,7.68,0.924,0.0,1.81,4446.625396016623
1731070910.55,19.8,0.514,0.0,5.96,4773.938520760401,19.8,0.634,0.0,0.857,955.0496374534688,40.3,1.423,0.0,5.95,4428.69026270706,8.32,0.482,0.0,1.76,4446.578327208462
1731070911.05,19.8,0.461,0.0,2.09,4774.151501837788,19.8,0.483,0.0,1.21,955.0922219869666,39.1,0.769,0.016,1.86,4428.524287722006,7.68,1.139,0.0,2.49,4446.531258464288
1731070911.55,20.5,0.516,0.0,2.07,4774.364486504984,20.5,0.577,0.0,0.85,955.1348072392714,40.3,0.808,0.0,3.53,4429.350914818861,7.68,0.692,0.0,8.09,4446.484189784104
1731070912.05,19.8,0.578,0.0,1.71,4774.577474761511,19.8,0.552,0.0,2.42,955.1773932102868,39.7,0.839,0.0,1.8,4429.0097573392095,8.32,1.147,0.0,2.38,4446.437121167913
1731070912.55,19.8,0.541,0.0,3.27,4774.790466606885,19.8,0.542,0.0,0.965,955.2199798999168,40.3,0.805,0.0,1.59,4429.000409445099,8.32,1.114,0.0,1.97,4446.390052615717
1731070913.05,19.8,0.419,0.0,1.76,4775.00346204063,19.9,0.504,0.0,1.02,955.2625673080686,39.7,0.921,0.0,2.98,4428.977558357414,7.68,0.596,0.0,1.98,4446.342984127518
1731070913.55,20.5,0.712,0.0,1.69,4775.216461062263,20.5,0.576,0.0,0.866,955.3051554346398,40.3,0.988,0.0,1.66,4429.022908898735,8.32,1.179,0.0,1.88,4446.2959157033165
1731070914.05,19.8,0.656,0.0,8.4,4775.429463671304,19.8,0.545,0.0,3.99,955.3477442795372,39.7,0.974,0.0,1.9,4428.85137785573,7.68,0.636,0.0,2.5,4446.248847343118
1731070914.55,19.8,0.589,0.0,1.64,4775.6424698672745,19.8,0.506,0.0,0.958,955.390333842665,40.3,1.114,0.0,1.57,4429.629505574944,8.32,1.323,0.0,2.74,4446.201779046921
1731070915.05,19.9,0.521,0.0,2.19,4775.855479649693,19.8,0.631,0.0,1.65,955.432924123927,39.0,0.502,0.0,5.33,4429.073201480412,7.68,1.157,0.0,1.76,4446.154710814727
1731070915.55,20.5,0.503,0.0,2.09,4776.068493018081,20.5,0.658,0.0,0.731,955.4755151232304,41.0,0.438,0.0,2.48,4429.6870915556,8.31,1.342,0.0,1.51,4446.107642646544
1731070916.05,19.8,0.742,0.0,2.32,4776.281509971957,19.9,0.623,0.0,0.739,955.5181068404728,39.7,0.804,0.0,1.81,4429.662952647114,7.68,1.309,0.0,6.78,4446.060574542366
1731070916.55,19.8,0.731,0.0,2.38,4776.494530510843,19.8,0.822,0.0,0.805,955.5606992755614,40.3,0.735,0.0,2.51,4429.331512593404,8.32,0.643,0.0,1.96,4446.013506502201
1731070917.05,19.8,0.689,0.0,2.24,4776.7075546342585,19.8,0.842,0.0,1.21,955.6032924284004,39.7,0.782,0.0,1.67,4429.816678787236,7.68,1.286,0.0,1.62,4445.9664385260485
1731070917.55,20.5,0.596,0.0,4.09,4776.920582341724,19.8,0.663,0.0,0.765,955.6458862988936,40.3,0.704,0.0,1.48,4429.626390910945,8.32,0.75,0.0,3.31,4445.919370613911
1731070918.05,19.8,0.657,0.0,2.53,4777.133613632761,20.5,0.883,0.0,0.791,955.688480886948,39.7,0.835,0.0,3.27,4429.840468999874,7.68,0.684,0.0,1.75,4445.872302765792
1731070918.55,19.8,0.485,0.0,9.02,4777.346648506888,19.8,0.867,0.0,0.792,955.7310761924616,40.3,0.742,0.0,1.66,4429.864257966421,8.32,1.027,0.0,1.64,4445.82523498169
1731070919.05,19.8,0.578,0.0,4.94,4777.559686963628,19.8,0.714,0.0,0.891,955.773672215342,39.7,0.758,0.0,1.65,4429.501529543873,7.68,0.574,0.0,2.91,4445.77816726161
1731070919.55,20.5,0.713,0.0,3.05,4777.7727290025005,19.9,0.976,0.0,0.856,955.8162689554928,39.7,0.919,0.0,2.99,4430.002945310109,8.32,1.447,0.0,1.66,4445.731099605552
1731070920.05,19.8,0.865,0.0,4.22,4777.9857746230255,20.5,1.015,0.0,0.957,955.858866412818,40.4,0.866,0.0,1.53,4429.600494005264,7.68,0.821,0.0,1.8,4445.684032013521
1731070920.55,19.8,0.978,0.0,1.71,4778.198823824727,19.8,0.924,0.0,0.918,955.9014645872252,40.3,0.997,0.0,1.76,4429.813823249489,8.32,0.687,0.0,2.97,4445.636964485518
1731070921.05,19.8,0.662,0.0,1.76,4778.411876607122,19.8,0.83,0.0,1.89,955.9440634786124,39.7,0.929,0.0,2.79,4429.816885054478,7.68,0.494,0.0,1.64,4445.589897021542
1731070921.55,20.5,0.901,0.0,2.39,4778.624932969735,19.8,0.637,0.0,0.837,955.9866630868864,40.3,0.836,0.0,1.76,4429.612599657286,8.32,0.801,0.0,2.76,4445.542829621597
1731070922.05,19.9,1.062,0.0,1.82,4778.837992912085,20.5,0.538,0.0,0.867,956.0292634119515,39.7,1.342,0.0,2.43,4430.280999918626,7.68,1.545,0.0,2.18,4445.495762285687
1731070922.55,19.8,0.808,0.0,2.09,4779.051056433693,19.8,0.708,0.0,0.798,956.0718644537122,40.4,1.151,0.0,1.79,4429.586038190777,8.32,0.824,0.0,2.0,4445.448695013811
1731070923.05,19.8,0.745,0.0,5.41,4779.2641235340825,19.8,0.591,0.0,0.898,956.1144662120756,39.7,1.181,0.0,1.71,4430.101223490903,7.68,0.772,0.0,1.72,4445.401627805974
1731070923.55,20.5,0.734,0.0,1.65,4779.477194212773,20.5,0.634,0.0,0.868,956.1570686869396,39.6,1.06,0.0,2.04,4430.293662083091,8.32,0.594,0.0,1.69,4445.354560662176
1731070924.05,19.8,0.757,0.0,2.88,4779.690268469287,19.8,0.804,0.0,0.873,956.1996718782118,40.4,0.939,0.0,1.58,4430.372136970271,7.68,0.951,0.0,2.5,4445.307493582418
1731070924.55,19.9,0.793,0.0,1.68,4779.903346303145,19.8,0.871,0.0,0.88,956.2422757857962,40.3,1.055,0.0,8.11,4429.978777294872,7.68,0.756,0.0,2.37,4445.260426566705
1731070925.05,19.8,1.137,0.0,1.45,4780.116427713869,19.8,0.69,0.0,0.829,956.2848804095972,39.7,1.055,0.0,2.34,4430.270747372762,8.32,0.815,0.0,1.59,4445.213359615036
1731070925.55,20.5,1.138,0.0,3.61,4780.3295127009815,20.5,0.716,0.0,0.842,956.327485749522,40.3,0.989,0.0,1.93,4430.517937907455,8.32,0.747,0.0,11.2,4445.1662927274165
1731070926.05,19.8,0.896,0.0,3.47,4780.542601264003,19.8,0.768,0.0,0.795,956.370091805469,39.7,1.446,0.0,2.31,4430.09318119841,7.68,0.606,0.0,1.4,4445.119225903845
1731070926.55,19.8,0.667,0.0,3.85,4780.755693402456,19.8,0.83,0.0,0.858,956.4126985773452,40.3,1.21,0.0,2.0,4430.197000446339,8.32,0.617,0.0,1.67,4445.072159144326
1731070927.05,19.9,0.629,0.0,5.7,4780.968789115863,19.8,0.816,0.0,0.816,956.4553060650554,39.7,1.342,0.0,1.95,4430.2298391677,7.68,0.822,0.0,2.56,4445.025092448861
1731070927.55,20.5,0.531,0.0,4.52,4781.181888403745,20.5,0.897,0.0,2.86,956.4979142685036,40.3,1.231,0.0,2.35,4430.266111369264,7.68,0.862,0.0,1.52,4444.97802581745
1731070928.05,19.8,0.398,0.0,12.6,4781.394991265624,19.8,0.848,0.0,1.37,956.5405231875972,39.7,0.741,0.0,1.51,4430.346015000184,8.32,0.9,0.0,1.8,4444.9309592501
1731070928.55,19.8,0.274,0.0,4.5,4781.608097701023,19.8,0.95,0.0,1.23,956.5831328222348,40.3,0.747,0.0,1.82,4430.7275994951615,7.68,0.505,0.0,1.97,4444.883892746806
1731070929.05,19.8,0.547,0.0,2.25,4781.821207709464,19.9,1.017,0.0,0.922,956.6257431723234,39.7,1.258,0.0,6.65,4430.8246960642255,8.32,0.698,0.0,1.46,4444.836826307576
1731070929.55,20.5,0.535,0.0,5.99,4782.034321290469,20.5,1.06,0.0,0.83,956.6683542377676,40.3,0.884,0.0,1.6,4430.65846702693,8.32,0.654,0.0,2.22,4444.789759932409
1731070930.05,19.8,0.442,0.0,4.38,4782.247438443561,19.2,0.402,0.0,1.31,956.7109660184718,39.7,1.03,0.0,2.5,4430.448030172607,7.67,0.914,0.0,7.43,4444.742693621308
1731070930.55,19.8,0.562,0.0,3.67,4782.460559168262,20.5,0.587,0.0,0.802,956.7535785143436,40.4,1.16,0.0,1.62,4430.824448828018,8.33,1.224,0.0,2.29,4444.695627374275
1731070931.05,19.9,0.538,0.0,5.34,4782.673683464093,19.8,0.498,0.0,0.932,956.7961917252812,39.6,1.232,0.0,1.79,4430.769212154102,7.68,0.641,0.0,1.66,4444.648561191312
1731070931.55,20.4,0.424,0.0,4.89,4782.88681133058,19.9,0.516,0.0,0.869,956.8388056511924,40.3,1.295,0.0,2.28,4430.612658949316,8.32,0.718,0.0,1.77,4444.601495072421
1731070932.05,19.9,0.475,0.0,4.67,4783.099942767242,20.5,0.696,0.0,1.6,956.881420291981,39.0,1.033,0.0,2.11,4430.749183365151,7.68,0.642,0.0,3.01,4444.554429017603
1731070932.55,19.8,0.452,0.0,5.84,4783.313077773605,19.8,0.46,0.0,0.895,956.9240356475522,41.0,0.691,0.0,2.74,4430.920095126342,8.32,0.987,0.0,1.96,4444.507363026863
1731070933.05,19.8,0.603,0.0,1.53,4783.526216349191,19.8,0.511,0.0,0.862,956.9666517178132,39.7,0.742,0.0,1.65,4431.078003550226,7.68,0.978,0.0,2.13,4444.460297100201
1731070933.55,20.5,0.411,0.0,3.01,4783.739358493521,20.5,0.623,0.0,0.83,957.0092685026624,39.7,0.728,0.0,1.64,4430.954670172091,8.32,0.523,0.0,2.0,4444.413231237618
1731070934.05,19.8,0.651,0.0,1.64,4783.95250420612,19.8,0.607,0.0,0.838,957.0518860020076,40.4,0.961,0.0,2.82,4430.953967346083,7.68,0.825,0.0,1.56,4444.366165439116
1731070934.55,19.8,0.501,0.0,1.77,4784.16565348651,19.8,0.441,0.0,1.07,957.0945042157534,39.6,0.985,0.0,1.87,4431.097367009951,8.32,0.683,0.0,4.04,4444.3190997047
1731070935.05,19.8,0.924,0.0,2.69,4784.378806334214,19.8,0.716,0.0,0.925,957.137123143804,40.4,1.04,0.0,1.91,4431.531204585216,7.68,1.434,0.0,1.96,4444.27203403437
1731070935.55,19.8,0.736,0.0,1.64,4784.591962748757,19.8,0.515,0.0,1.53,957.1797427860675,40.3,0.935,0.0,2.64,4431.643764654792,8.32,1.256,0.0,2.05,4444.224968428129
1731070936.05,20.5,0.795,0.0,2.28,4784.80512272966,20.5,0.967,0.0,0.745,957.222363142442,39.7,1.551,0.0,1.56,4431.3038163931005,7.68,0.784,0.0,1.89,4444.177902885977
1731070936.55,19.8,0.9,0.0,1.9,4785.018286276449,19.8,0.638,0.0,0.824,957.2649842128354,39.6,0.665,0.0,2.05,4431.429063491125,8.32,1.025,0.0,1.53,4444.130837407917
1731070937.05,19.8,1.148,0.0,8.56,4785.231453388645,19.8,0.492,0.0,1.79,957.3076059971522,40.3,0.778,0.0,1.92,4431.658626041672,7.68,0.639,0.0,3.09,4444.083771993953
1731070937.55,20.5,0.558,0.0,4.8,4785.444624065772,20.5,0.554,0.0,1.28,957.3502284952972,40.3,0.659,0.0,1.85,4431.630766810523,8.32,1.209,0.0,1.74,4444.036706644084
1731070938.05,19.8,0.655,0.0,1.74,4785.657798307356,19.8,0.582,0.0,1.38,957.392851707178,39.7,0.569,0.0,2.46,4431.904035424461,7.68,0.775,0.0,1.83,4443.989641358315
1731070938.55,19.8,0.754,0.0,1.74,4785.870976112917,19.8,0.643,0.0,0.935,957.435475632693,40.3,0.955,0.0,11.2,4431.332852874439,8.32,0.635,0.0,2.74,4443.942576136645
1731070939.05,19.8,0.564,0.0,2.16,4786.084157481981,19.8,0.793,0.0,4.31,957.4781002717503,39.7,0.733,0.0,2.28,4431.7655681936185,7.68,0.918,0.0,3.29,4443.895510979078
1731070939.55,19.8,0.711,0.0,1.78,4786.297342414071,19.9,0.649,0.0,1.45,957.5207256242544,40.3,0.737,0.0,2.03,4431.976267374206,8.32,0.444,0.0,1.92,4443.848445885616
1731070940.05,20.5,0.735,0.0,2.26,4786.510530908711,20.5,0.641,0.0,0.842,957.5633516901102,39.7,0.721,0.0,1.58,4432.03092675605,7.68,1.273,0.0,2.4,4443.801380856258
1731070940.55,19.8,0.878,0.0,1.88,4786.723722965427,19.8,0.731,0.0,0.909,957.6059784692252,39.7,0.651,0.0,2.95,4431.881446384484,8.32,0.739,0.0,1.57,4443.754315891014
1731070941.05,19.8,1.115,0.0,1.69,4786.93691858374,19.8,0.832,0.0,0.824,957.6486059614984,40.4,0.802,0.0,1.77,4432.128541373349,7.68,0.67,0.0,1.7,4443.707250989876
1731070941.55,20.5,0.627,0.0,4.12,4787.150117763177,20.5,0.832,0.0,0.744,957.6912341668371,40.3,0.869,0.0,1.69,4431.884709364467,7.68,0.693,0.0,1.81,4443.6601861528525
1731070942.05,19.8,0.592,0.0,8.51,4787.36332050326,19.8,0.749,0.0,0.771,957.7338630851468,39.7,0.88,0.0,2.72,4431.673365380213,8.32,0.585,0.0,1.59,4443.613121379943
1731070942.55,19.9,0.749,0.0,1.61,4787.576526803514,19.8,0.763,0.0,0.842,957.776492716332,39.7,1.041,0.0,2.0,4432.081340330959,8.32,1.463,0.0,2.16,4443.56605667115
1731070943.05,19.8,0.884,0.0,3.3,4787.789736663464,19.8,0.492,0.0,0.824,957.8191230603002,40.3,1.06,0.0,7.37,4432.311929299101,7.68,0.853,0.0,1.79,4443.5189920264775
1731070943.55,20.5,0.689,0.0,1.69,4788.002950082633,20.5,0.629,0.0,0.937,957.8617541169504,39.7,1.097,0.0,1.55,4432.4137338808,8.32,0.864,0.0,1.55,4443.471927445925
1731070944.05,19.8,0.797,0.0,1.75,4788.216167060547,19.8,0.884,0.0,0.826,957.9043858861908,40.3,1.38,0.0,1.77,4431.963525217361,7.68,0.656,0.0,7.3,4443.424862929495
1731070944.55,19.8,0.908,0.0,3.84,4788.4293875967305,19.8,0.626,0.0,0.68,957.9470183679256,40.3,1.249,0.0,1.81,4431.920612544466,8.32,0.712,0.0,1.76,4443.37779847719
1731070945.05,19.8,0.901,0.0,2.07,4788.642611690707,19.8,0.592,0.0,0.866,957.9896515620604,39.7,0.792,0.0,1.51,4432.062722620279,7.68,1.187,0.0,1.57,4443.330734089012
1731070945.55,20.5,1.125,0.0,1.6,4788.855839342004,20.5,0.788,0.0,0.789,958.0322854685026,40.3,0.884,0.0,1.42,4431.911236213855,8.32,0.856,0.0,2.73,4443.283669764964
1731070946.05,19.8,1.901,0.0,2.79,4789.069070550142,19.8,1.913,0.0,0.835,958.0749200871512,39.1,1.792,0.016,2.61,4432.004078532145,7.68,1.67,0.0,1.79,4443.236605505046
1731070946.55,19.8,1.235,0.0,6.89,4789.282305314649,19.8,0.864,0.0,0.695,958.1175554179142,40.3,1.116,0.0,1.51,4432.637067696717,8.32,0.998,0.0,1.77,4443.189541309261
1731070947.05,19.8,0.93,0.0,1.9,4789.49554363505,19.8,0.964,0.0,0.9,958.1601914606966,38.4,1.184,0.032,1.88,4432.49484851036,7.68,0.866,0.0,1.94,4443.142477177611
1731070947.55,20.5,1.371,0.0,3.03,4789.708785510868,20.5,0.891,0.0,0.804,958.2028282154032,40.3,1.33,0.0,3.32,4432.342263595578,8.32,0.857,0.0,1.74,4443.095413110099
1731070948.05,19.2,0.849,0.0,1.53,4789.922030941631,19.8,0.77,0.0,0.766,958.2454656819424,39.7,1.176,0.0,1.79,4432.278734293887,7.68,0.914,0.0,2.3,4443.048349106726
1731070948.55,20.5,0.426,0.0,1.69,4790.135279926863,19.8,0.913,0.0,0.852,958.2881038602123,40.3,1.108,0.0,2.33,4432.754599255752,8.32,0.804,0.0,4.98,4443.001285167495
1731070949.05,19.8,0.539,0.0,2.51,4790.348532466088,19.8,0.908,0.0,0.874,958.3307427501218,39.0,0.853,0.0,2.0,4432.286794447826,7.68,0.547,0.0,1.67,4442.954221292404
1731070949.55,20.5,0.697,0.0,1.64,4790.561788558833,20.5,0.86,0.0,0.945,958.3733823515752,40.9,0.921,0.0,1.75,4432.453125961963,8.32,0.609,0.0,3.22,4442.907157481462
1731070950.05,19.8,0.455,0.0,1.79,4790.775048204622,19.8,0.865,0.0,0.795,958.4160226644782,39.7,0.838,0.0,3.39,4432.352445694694,7.68,0.614,0.0,1.69,4442.860093734665
1731070950.55,19.8,0.507,0.0,1.91,4790.988311402983,19.8,1.194,0.0,0.715,958.4586636887384,40.4,0.928,0.0,1.33,4432.771097520923,8.32,0.847,0.0,1.5,4442.81303005202
1731070951.05,19.8,0.581,0.0,3.59,4791.201578153438,19.8,0.734,0.0,0.968,958.5013054242552,39.6,1.08,0.0,1.62,4432.814371125412,7.68,0.93,0.0,2.95,4442.765966433523
1731070951.55,20.5,0.496,0.0,8.82,4791.414848455516,19.9,0.419,0.0,1.75,958.5439478709362,40.3,1.052,0.0,2.56,4432.572030821529,8.32,0.509,0.0,1.57,4442.718902879182
1731070952.05,19.9,0.391,0.0,1.77,4791.628122308742,20.5,0.568,0.0,1.85,958.5865910286868,39.7,1.161,0.0,1.62,4433.239426444335,7.68,0.747,0.0,2.02,4442.671839388996
1731070952.55,19.8,0.37,0.0,2.21,4791.84139971264,19.8,0.427,0.0,1.28,958.629234897412,40.3,1.249,0.0,8.74,4432.6768447731065,8.32,0.782,0.0,2.0,4442.624775962966
1731070953.05,19.8,0.71,0.0,2.29,4792.054680666739,19.9,0.51,0.0,1.11,958.6718794770202,39.7,1.537,0.0,1.86,4432.982762897936,7.68,1.011,0.0,2.26,4442.577712601098
1731070953.55,20.5,0.401,0.0,2.37,4792.267965170562,19.8,0.535,0.0,0.864,958.7145247674102,39.7,0.746,0.0,1.53,4432.949272535032,8.32,1.073,0.0,2.38,4442.53064930339
1731070954.05,19.8,0.419,0.0,2.13,4792.4812532236365,20.5,0.602,0.0,0.851,958.7571707684904,40.3,0.864,0.0,2.59,4432.9183215475,7.68,0.97,0.0,2.18,4442.483586069847
1731070954.55,19.8,0.609,0.0,2.01,4792.694544825489,19.8,0.553,0.0,0.829,958.7998174801656,40.3,0.7,0.0,1.95,4432.714503442779,8.32,1.029,0.0,2.57,4442.436522900468
1731070955.05,19.8,0.596,0.0,1.59,4792.9078399756445,19.8,0.63,0.0,0.857,958.8424649023412,39.7,0.794,0.0,2.06,4432.999281444028,7.68,0.59,0.0,1.85,4442.389459795257
1731070955.55,20.5,0.592,0.0,3.96,4793.12113867363,20.5,0.925,0.0,0.753,958.8851130349258,40.3,0.847,0.0,1.65,4433.385769329193,8.32,1.235,0.0,1.58,4442.342396754218
1731070956.05,19.8,0.425,0.0,8.01,4793.334440918973,19.9,0.493,0.0,2.16,958.927761877818,39.7,0.861,0.0,1.59,4433.545829566629,7.68,1.25,0.0,2.69,4442.295333777348
1731070956.55,19.8,0.453,0.0,2.16,4793.547746711198,19.8,0.562,0.0,0.783,958.9704114309262,40.3,1.074,0.0,3.11,4432.996257769336,8.32,0.614,0.0,1.6,4442.248270864653
1731070957.05,19.8,0.552,0.0,1.89,4793.761056049832,19.8,0.604,0.0,0.8,959.013061694156,39.7,1.121,0.0,7.5,4433.575902637492,7.68,0.887,0.0,1.6,4442.201208016134
1731070957.55,20.5,0.834,0.0,1.77,4793.974368934402,20.5,0.507,0.0,0.848,959.055712667412,39.7,0.832,0.0,1.96,4433.7528180581685,8.32,0.859,0.0,2.44,4442.154145231792
1731070958.05,19.8,0.603,0.0,2.57,4794.187685364435,19.8,0.599,0.0,0.869,959.0983643506032,40.4,0.479,0.0,1.82,4433.206275346832,7.68,1.258,0.0,6.83,4442.107082511632
1731070958.55,19.9,0.823,0.0,2.27,4794.401005339458,19.8,0.701,0.0,0.736,959.1410167436284,40.3,0.601,0.0,1.6,4433.838253053994,7.68,0.824,0.0,1.79,4442.060019855653
1731070959.05,19.8,0.584,0.0,3.03,4794.614328858996,19.8,0.621,0.0,0.773,959.183669846396,39.7,0.475,0.0,2.71,4433.519816425217,8.32,0.842,0.0,3.45,4442.012957263857
1731070959.55,20.5,0.723,0.0,2.47,4794.827655922578,20.5,0.54,0.0,1.58,959.2263236588116,40.3,0.642,0.0,1.93,4433.888785216329,8.32,0.959,0.0,1.42,4441.965894736249
1731070960.05,19.8,0.641,0.0,1.9,4795.040986529729,19.8,0.851,0.0,1.02,959.26897818078,39.7,0.624,0.0,2.11,4433.796884404467,7.68,0.535,0.0,2.03,4441.918832272827
1731070960.55,19.8,0.63,0.0,9.55,4795.254320679978,19.8,0.633,0.0,7.64,959.31163341221,40.3,0.793,0.0,1.95,4434.057046599213,8.32,1.219,0.0,1.88,4441.871769873598
1731070961.05,19.8,0.558,0.0,1.95,4795.467658372852,19.8,0.67,0.0,0.893,959.3542893530008,39.7,0.819,0.0,1.56,4433.8409006907805,7.68,0.821,0.0,1.54,4441.824707538559
1731070961.55,20.5,0.743,0.0,1.95,4795.680999607876,19.9,0.696,0.0,0.922,959.3969460030607,40.3,0.92,0.0,8.21,4433.560855454892,8.32,0.661,0.0,2.55,4441.777645267714
1731070962.05,19.8,0.941,0.0,3.95,4795.89434438458,20.5,0.889,0.0,0.823,959.4396033622954,39.7,0.803,0.0,1.8,4433.546102918693,7.68,0.732,0.0,2.02,4441.730583061067
1731070962.55,19.8,0.687,0.0,4.3,4796.10769270249,19.8,0.82,0.0,0.819,959.4822614306102,40.3,0.687,0.0,1.72,4433.963234102662,8.32,0.506,0.0,5.55,4441.683520918616
1731070963.05,19.8,0.824,0.0,2.57,4796.321044561134,19.7,0.709,0.0,0.942,959.5249202079132,39.7,0.961,0.0,2.48,4433.870308277542,7.68,1.409,0.0,1.64,4441.6364588403685
1731070963.55,20.5,0.718,0.0,3.12,4796.534399960038,20.5,0.811,0.0,0.833,959.5675796941044,39.7,0.826,0.016,1.96,4433.687558654478,8.32,0.803,0.0,2.27,4441.589396826321
1731070964.05,19.8,0.66,0.0,4.98,4796.747758898731,19.9,0.746,0.0,0.799,959.6102398890916,39.7,0.93,0.0,2.21,4433.985235135305,7.68,0.786,0.0,2.13,4441.542334876479
1731070964.55,19.8,1.224,0.0,4.5,4796.961121376741,19.8,0.702,0.0,0.765,959.6529007927808,40.3,1.277,0.0,2.07,4433.870490816302,8.32,0.966,0.0,1.77,4441.495272990843
1731070965.05,19.8,0.915,0.0,12.1,4797.174487393594,19.8,0.666,0.0,2.09,959.6955624050772,39.7,1.068,0.0,2.17,4433.836427753114,7.68,0.849,0.0,1.55,4441.448211169414
1731070965.55,19.9,0.943,0.0,1.84,4797.3878569488215,20.5,0.71,0.0,1.39,959.7382247258896,40.3,1.082,0.0,1.8,4434.618789159659,8.32,1.478,0.0,2.93,4441.4011494122
1731070966.05,20.5,0.971,0.0,2.11,4797.601230041947,19.8,0.646,0.0,3.35,959.7808877551174,39.7,1.098,0.0,4.11,4434.397028208594,7.68,0.806,0.0,1.84,4441.3540877191945
1731070966.55,19.8,1.164,0.0,2.86,4797.8146066725,19.8,0.683,0.0,1.07,959.8235514926688,40.3,0.859,0.0,2.37,4434.117977315513,8.32,0.709,0.0,1.52,4441.307026090405
1731070967.05,19.8,1.212,0.0,1.75,4798.02798684001,19.8,0.714,0.0,1.33,959.8662159384498,39.7,0.85,0.0,1.58,4434.516353968564,7.68,0.845,0.0,2.68,4441.259964525832
1731070967.55,20.5,0.708,0.0,1.78,4798.241370544003,19.9,0.747,0.0,4.52,959.9088810923656,40.3,0.814,0.0,1.39,4434.265215723918,8.32,0.773,0.0,9.73,4441.212903025478
1731070968.05,19.8,1.104,0.0,2.2,4798.45475778401,20.5,0.761,0.0,1.0,959.9515469543254,39.7,1.064,0.0,3.19,4434.595665001412,7.68,0.858,0.0,1.56,4441.165841589346
1731070968.55,19.8,0.93,0.0,1.6,4798.668148559556,19.8,0.654,0.0,1.86,959.994213524228,40.3,0.918,0.0,1.35,4434.608169275922,8.32,0.874,0.0,3.07,4441.118780217435
1731070969.05,19.8,0.927,0.0,1.77,4798.881542870172,19.8,0.734,0.0,0.952,960.0368808019824,39.7,1.493,0.0,1.77,4434.826188660199,7.68,0.777,0.0,1.51,4441.07171890975
1731070969.55,19.8,0.412,0.0,4.36,4799.094940715385,19.8,0.969,0.0,1.28,960.0795487874944,40.3,1.261,0.0,2.46,4434.581075225423,8.32,0.589,0.0,1.84,4441.02465766629
1731070970.05,20.5,0.448,0.0,1.98,4799.308342094722,20.5,0.89,0.0,1.73,960.1222174806692,39.7,1.303,0.0,1.52,4434.239947448213,7.68,0.665,0.0,3.22,4440.977596487061
1731070970.55,19.9,0.631,0.0,2.38,4799.521747007717,19.8,0.866,0.0,1.78,960.164886881416,39.7,0.86,0.0,1.72,4434.711357053187,8.32,0.709,0.0,1.7,4440.930535372064
1731070971.05,19.8,0.487,0.0,1.74,4799.735155453893,19.8,0.908,0.0,1.5,960.207556989634,40.3,1.209,0.0,8.97,4434.4379949796585,7.69,0.935,0.0,2.51,4440.883474321298
1731070971.55,20.5,0.677,0.0,1.43,4799.948567432781,20.5,1.088,0.0,1.3,960.250227805232,40.4,1.054,0.0,1.46,4434.575094913771,8.32,1.062,0.0,1.41,4440.836413334767
1731070972.05,19.9,0.439,0.0,3.07,4800.161982943909,19.8,1.155,0.0,0.991,960.2928993281158,39.6,1.027,0.0,2.3,4434.763119952254,7.68,0.749,0.0,8.91,4440.789352412474
1731070972.55,19.8,0.385,0.0,1.54,4800.375401986807,19.8,0.692,0.0,6.89,960.3355715581912,40.3,1.525,0.0,1.9,4434.914690946925,8.32,0.788,0.0,2.47,4440.742291554419
1731070973.05,19.8,0.45,0.0,1.66,4800.588824561004,19.8,0.553,0.0,1.12,960.3782444953667,39.7,1.145,0.0,2.3,4434.8497867182,7.68,0.73,0.0,2.32,4440.695230760607
1731070973.55,19.8,0.437,0.0,3.31,4800.802250666028,20.5,0.538,0.0,1.25,960.4209181395422,39.7,1.277,0.016,1.85,4435.178018897296,8.32,1.243,0.0,2.05,4440.648170031038
1731070974.05,20.5,0.474,0.0,1.67,4801.015680301409,19.8,0.468,0.0,1.17,960.4635924906264,39.7,1.616,0.0,1.46,4435.038923295302,7.68,1.093,0.0,1.83,4440.601109365713
1731070974.55,19.8,0.494,0.0,10.7,4801.229113466676,19.8,0.48,0.0,0.896,960.506267548525,40.3,1.439,0.0,3.07,4435.256520941187,8.32,0.714,0.0,1.53,4440.554048764636
1731070975.05,19.8,0.501,0.0,1.83,4801.442550161357,19.8,0.568,0.0,0.784,960.548943313144,39.7,0.798,0.0,1.96,4435.4820648616005,7.68,0.846,0.0,2.91,4440.506988227808
1731070975.55,19.9,0.659,0.0,1.46,4801.655990384984,20.5,0.52,0.0,1.31,960.5916197843924,40.3,0.744,0.0,10.8,4434.943731352029,7.68,0.48,0.0,1.64,4440.459927755233
1731070976.05,20.5,0.849,0.0,4.07,4801.869434137084,19.9,0.587,0.0,0.865,960.6342969621692,39.7,1.098,0.0,3.29,4435.422624663868,8.32,1.204,0.0,1.68,4440.4128673469095
1731070976.55,19.8,0.576,0.0,6.71,4802.082881417187,19.8,0.511,0.0,1.95,960.676974846384,39.0,0.713,0.032,1.61,4435.026016451664,8.32,1.136,0.0,4.27,4440.365807002842
1731070977.05,19.8,0.439,0.0,1.47,4802.296332224824,19.8,0.525,0.0,0.838,960.7196534369424,39.0,1.139,0.016,1.8,4435.675788813967,7.68,0.557,0.0,1.37,4440.318746723033
1731070977.55,20.5,0.684,0.0,2.21,4802.509786559524,20.5,0.659,0.0,0.709,960.7623327337504,40.3,1.333,0.0,1.8,4435.542023033187,8.32,1.091,0.0,1.89,4440.271686507481
1731070978.05,19.8,0.927,0.0,2.05,4802.723244420816,19.9,0.466,0.0,0.722,960.8050127367168,39.7,1.224,0.0,1.71,4435.2674058844805,7.68,0.68,0.0,2.73,4440.224626356195
1731070978.55,19.8,0.607,0.0,2.15,4802.936705808229,19.8,0.493,0.0,0.732,960.8476934457412,40.3,1.043,0.0,1.68,4435.532126986164,8.32,1.127,0.0,1.51,4440.177566269169
1731070979.05,19.8,0.575,0.0,6.0,4803.150170721295,19.8,0.849,0.0,0.963,960.890374860733,38.4,0.818,0.016,1.61,4435.655637595295,7.68,0.935,0.0,1.64,4440.13050624641
1731070979.55,20.5,0.519,0.0,1.57,4803.363639159542,20.5,0.613,0.0,0.706,960.9330569815978,40.9,0.666,0.0,1.37,4435.599908658086,8.32,0.631,0.0,1.57,4440.083446287918
1731070980.05,19.8,0.817,0.0,3.25,4803.577111122501,19.8,0.652,0.0,0.892,960.9757398082418,39.7,0.593,0.0,3.62,4435.829220069294,7.68,0.888,0.0,1.56,4440.036386393696
1731070980.55,19.8,0.743,0.0,1.48,4803.790586609704,19.8,0.709,0.0,0.753,961.0184233405738,40.3,1.122,0.0,1.87,4435.418633012501,8.32,0.824,0.0,2.66,4439.989326563747
1731070981.05,19.8,0.748,0.0,1.82,4804.0040656206775,19.8,0.941,0.0,0.735,961.0611075784938,39.6,1.338,0.0,1.61,4435.895544833674,7.68,1.398,0.0,2.36,4439.9422667980725
1731070981.55,20.5,0.58,0.0,2.96,4804.217548154954,20.5,0.64,0.0,1.76,961.1037925219108,40.3,0.668,0.0,3.49,4436.006889231784,8.32,0.738,0.0,8.1,4439.8952070966725
1731070982.05,19.8,0.82,0.0,1.42,4804.431034212063,19.8,0.685,0.0,1.37,961.1464781707308,39.7,0.766,0.0,2.25,4435.766632774297,7.68,0.691,0.0,1.61,4439.848147459549
1731070982.55,19.8,0.647,0.0,1.83,4804.644523791536,19.8,0.735,0.0,2.12,961.1891645248596,39.7,0.798,0.016,2.76,4435.444385287765,8.32,1.019,0.0,2.23,4439.801087886707
1731070983.05,19.8,0.623,0.0,1.94,4804.858016892903,19.9,0.91,0.0,0.865,961.2318515842068,39.6,0.808,0.0,2.45,4435.568268970054,7.68,0.611,0.0,2.19,4439.75402837815
1731070983.55,20.5,0.65,0.0,3.88,4805.071513515693,19.8,0.806,0.0,0.884,961.2745393486716,40.3,0.803,0.0,2.52,4435.69954618353,8.32,1.48,0.0,2.1,4439.706968933874
1731070984.05,19.8,0.833,0.0,1.81,4805.28501365944,20.5,0.751,0.0,0.766,961.317227818164,39.7,0.807,0.0,3.12,4435.817817383315,7.68,0.893,0.0,1.65,4439.659909553883
1731070984.55,19.8,0.64,0.0,1.36,4805.498517323671,19.8,0.741,0.0,1.04,961.3599169925895,39.7,0.784,0.0,3.67,4436.254933216817,8.32,0.674,0.0,3.25,4439.612850238183
1731070985.05,19.8,0.617,0.0,1.6,4805.712024507919,19.8,0.784,0.0,0.764,961.4026068718543,40.3,0.991,0.0,1.89,4436.241451704537,7.68,0.632,0.0,1.53,4439.565790986771
1731070985.55,20.5,0.621,0.0,2.61,4805.925535211714,19.8,0.641,0.0,0.723,961.445297455868,39.7,0.956,0.0,3.16,4436.495809934694,8.32,0.568,0.0,1.63,4439.518731799653
1731070986.05,19.8,0.818,0.0,2.22,4806.139049434588,20.5,0.714,0.0,0.716,961.4879887445298,40.3,1.01,0.0,1.6,4436.571271255079,7.68,1.264,0.0,8.22,4439.471672676829
1731070986.55,19.8,1.053,0.0,2.1,4806.35256717607,19.8,0.732,0.0,2.98,961.5306807377495,40.3,1.169,0.0,2.18,4436.341056960054,8.32,0.733,0.0,1.61,4439.424613618301
1731070987.05,19.8,0.84,0.0,1.81,4806.566088435693,19.8,0.671,0.0,2.56,961.573373435433,39.7,1.15,0.0,1.84,4436.476012842897,7.68,0.658,0.0,1.85,4439.377554624071
1731070987.55,19.8,0.853,0.0,1.86,4806.779613212987,19.9,0.7,0.0,4.69,961.6160668374866,39.7,0.736,0.0,1.6,4436.116460512883,8.32,0.549,0.0,1.77,4439.330495694141
1731070988.05,20.5,0.97,0.0,2.03,4806.993141507485,20.5,0.801,0.0,4.75,961.6587609438196,40.3,0.939,0.0,2.4,4436.193815239185,7.66,0.557,0.0,1.58,4439.283436828517
1731070988.55,19.8,0.962,0.0,10.6,4807.206673318717,19.8,0.621,0.0,0.819,961.701455754332,40.3,1.193,0.0,1.76,4436.505537312533,7.7,0.567,0.0,2.23,4439.2363780271935
1731070989.05,19.9,0.959,0.0,1.57,4807.420208646213,19.8,0.69,0.0,1.35,961.7441512689328,39.7,0.958,0.0,1.69,4436.163334399331,8.32,0.784,0.0,1.77,4439.189319290179
1731070989.55,20.5,1.052,0.0,2.73,4807.633747489507,19.8,0.866,0.0,6.22,961.7868474875288,39.7,1.136,0.0,7.76,4436.323644290537,8.32,0.782,0.0,1.77,4439.142260617472
1731070990.05,19.8,1.071,0.0,1.69,4807.847289848129,20.5,0.772,0.0,2.34,961.8295444100256,40.3,1.232,0.0,2.05,4436.271020465819,7.68,0.614,0.0,2.2,4439.095202009075
1731070990.55,19.8,0.621,0.0,1.62,4808.060835721612,19.8,0.818,0.0,1.34,961.8722420363332,39.0,1.208,0.016,2.02,4436.417193776597,8.32,0.663,0.0,4.84,4439.048143464994
1731070991.05,19.8,0.463,0.0,3.18,4808.274385109486,19.8,0.893,0.0,1.03,961.9149403663512,40.3,1.192,0.0,2.17,4436.854531965379,7.68,0.735,0.0,2.02,4439.001084985224
1731070991.55,20.5,0.391,0.0,1.47,4808.487938011283,20.5,0.889,0.0,2.07,961.9576393999894,39.7,1.117,0.0,1.49,4436.771886318444,8.32,0.892,0.0,2.06,4438.954026569773
1731070992.05,19.8,0.38,0.0,1.94,4808.701494426536,19.8,0.87,0.0,1.07,962.0003391371538,40.3,0.785,0.0,2.87,4436.796919899336,7.68,1.29,0.0,1.7,4438.906968218639
1731070992.55,19.8,0.645,0.0,1.94,4808.915054354776,19.8,0.942,0.0,1.4,962.0430395777508,39.7,0.911,0.0,1.71,4436.473783412593,7.68,0.865,0.0,2.71,4438.859909931828
1731070993.05,19.8,0.448,0.0,7.74,4809.128617795536,19.8,0.942,0.0,0.942,962.0857407216896,40.3,1.256,0.0,1.58,4437.163293153212,8.31,0.952,0.0,1.77,4438.81285170934
1731070993.55,20.5,0.601,0.0,2.31,4809.342184748347,19.9,0.697,0.0,1.08,962.1284425688708,40.3,1.082,0.0,3.41,4436.978879201799,8.33,0.84,0.0,1.61,4438.765793551176
1731070994.05,19.8,0.647,0.0,1.85,4809.555755212741,19.8,0.37,0.0,9.24,962.171145119204,39.7,1.044,0.0,5.97,4437.183660078065,7.68,0.962,0.0,3.34,4438.71873545734
1731070994.55,19.8,0.676,0.0,1.61,4809.769329188252,20.5,0.418,0.0,0.998,962.2138483725948,40.3,1.288,0.0,1.84,4436.877905482193,8.32,0.957,0.0,1.65,4438.671677427831
1731070995.05,19.8,0.407,0.0,2.39,4809.982906674409,19.8,0.46,0.0,1.31,962.2565523289502,39.7,1.161,0.0,2.9,4437.241575679842,7.68,0.625,0.0,2.04,4438.624619462655
1731070995.55,20.5,0.485,0.0,2.14,4810.196487670748,20.5,0.574,0.0,1.24,962.2992569881796,40.3,1.21,0.0,1.86,4437.097240759985,8.32,0.78,0.0,1.56,4438.577561561812
1731070996.05,19.8,0.443,0.0,1.9,4810.410072176799,19.8,0.604,0.0,0.969,962.341962350183,39.0,0.717,0.0,1.84,4436.9871663903,7.68,0.813,0.0,1.49,4438.530503725305
1731070996.55,19.9,0.625,0.0,2.32,4810.623660192096,19.8,0.519,0.0,0.863,962.3846684148704,41.0,0.741,0.0,1.62,4437.248325050036,8.32,1.041,0.0,2.16,4438.483445953133
1731070997.05,19.8,0.652,0.0,2.29,4810.837251716171,19.8,0.599,0.0,0.791,962.427375182148,39.1,0.66,0.016,1.51,4437.151165164175,7.68,1.332,0.0,1.69,4438.436388245302
1731070997.55,20.5,0.469,0.0,3.32,4811.050846748556,20.5,0.599,0.0,0.843,962.470082651922,40.3,0.94,0.0,2.35,4437.062507642738,8.32,0.626,0.0,1.46,4438.389330601811
1731070998.05,19.8,0.497,0.0,1.44,4811.264445288785,19.8,0.523,0.0,0.704,962.5127908241024,39.7,0.784,0.0,1.9,4437.530468992262,7.68,0.904,0.0,2.45,4438.342273022667
1731070998.55,19.8,0.606,0.0,1.56,4811.47804733639,19.8,0.518,0.0,1.08,962.5554996985894,40.3,0.846,0.0,2.77,4437.036963223072,8.32,0.527,0.0,1.82,4438.295215507865
1731070999.05,19.8,0.56,0.0,3.02,4811.691652890904,19.8,0.776,0.0,0.726,962.5982092752926,39.7,1.127,0.0,1.54,4437.338219352808,7.68,1.233,0.0,1.82,4438.24815805741
1731070999.55,20.5,0.557,0.0,1.89,4811.90526195186,20.5,0.62,0.0,1.1,962.6409195541185,40.3,0.988,0.0,1.91,4437.438418635681,8.32,1.235,0.0,2.39,4438.201100671307
1731071000.05,19.8,0.659,0.0,1.58,4812.118874518791,19.8,0.675,0.0,1.2,962.6836305349736,39.7,1.069,0.0,2.75,4437.490321723288,7.68,0.641,0.0,7.82,4438.154043349554
1731071000.55,19.9,0.624,0.0,2.77,4812.332490591231,19.8,0.72,0.0,1.12,962.7263422177676,39.7,0.49,0.0,1.79,4437.65754636884,8.32,0.849,0.0,1.6,4438.106986092157
1731071001.05,19.8,0.834,0.0,1.76,4812.546110168712,19.8,0.545,0.0,0.83,962.7690546024012,40.3,0.613,0.0,1.56,4437.931780122162,7.68,0.498,0.0,2.31,4438.059928899113
1731071001.55,20.5,0.691,0.0,1.64,4812.759733250768,20.5,0.506,0.0,0.767,962.8117676887834,40.4,0.504,0.0,3.02,4438.06527471621,8.32,1.281,0.0,2.35,4438.012871770427
1731071002.05,19.8,0.737,0.0,4.1,4812.973359836931,19.8,0.822,0.0,0.877,962.8544814768215,39.7,0.714,0.0,1.61,4437.9860615023445,7.68,0.801,0.0,3.21,4437.965814706103
1731071002.55,19.9,0.587,0.0,8.76,4813.186989926737,19.8,0.699,0.0,0.819,962.8971959664216,40.3,0.713,0.0,1.89,4437.806515149979,7.68,0.608,0.0,1.67,4437.918757706138
1731071003.05,19.8,0.694,0.0,2.57,4813.400623519718,19.8,0.684,0.0,0.943,962.939911157494,39.7,0.806,0.0,3.84,4437.629551220803,8.33,1.086,0.0,1.57,4437.871700770541
1731071003.55,19.8,0.821,0.0,1.72,4813.614260615406,20.5,1.077,0.0,0.897,962.9826270499386,40.4,0.808,0.0,7.29,4438.087770873372,8.32,0.532,0.0,3.06,4437.824643899306
1731071004.05,20.5,0.663,0.0,1.5,4813.827901213337,19.9,0.858,0.0,0.851,963.0253436436656,39.7,0.925,0.0,1.98,4438.2085986066,7.68,1.381,0.0,1.93,4437.777587092441
1731071004.55,19.8,0.608,0.0,2.54,4814.041545313044,19.8,0.7,0.0,8.4,963.0680609385812,39.7,0.709,0.0,2.67,4438.187035422627,8.32,0.742,0.0,2.25,4437.730530349944
1731071005.05,19.8,0.646,0.0,2.23,4814.25519291406,19.8,0.863,0.0,4.7,963.1107789345924,40.3,0.768,0.0,4.14,4438.445103115167,7.68,0.624,0.0,2.63,4437.68347367182
1731071005.55,20.5,0.599,0.0,1.94,4814.468844015922,20.5,0.842,0.0,1.0,963.1534976316092,40.3,0.762,0.0,2.8,4437.741211041431,7.68,0.57,0.0,1.83,4437.636417058072
1731071006.05,19.8,0.564,0.0,1.66,4814.682498618159,19.8,0.791,0.0,0.922,963.196217029532,39.7,0.77,0.0,1.83,4438.17932880909,8.32,0.56,0.0,1.65,4437.5893605086985
1731071006.55,19.8,0.578,0.0,2.11,4814.896156720309,19.8,0.773,0.0,1.69,963.2389371282704,40.4,0.905,0.0,1.75,4438.156690886071,8.32,1.331,0.0,2.54,4437.542304023704
1731071007.05,19.8,0.935,0.0,6.81,4815.109818321904,19.8,0.671,0.0,0.822,963.2816579277312,39.6,1.171,0.0,2.02,4438.438746579269,7.68,0.88,0.0,1.57,4437.4952476030885
1731071007.55,20.5,0.642,0.0,1.74,4815.323483422479,20.5,0.54,0.0,0.807,963.3243794278216,40.3,0.931,0.0,1.73,4438.498148607762,7.68,0.901,0.0,1.88,4437.448191246856
1731071008.05,19.9,0.825,0.0,1.56,4815.5371520215685,19.8,0.684,0.0,0.743,963.3671016284512,39.6,1.198,0.0,4.67,4438.048552374361,8.32,0.657,0.0,1.75,4437.401134955009
1731071008.55,19.8,0.804,0.0,2.31,4815.750824118706,19.8,0.861,0.0,0.902,963.4098245295204,39.7,0.873,0.0,2.53,4438.400614352428,8.32,0.645,0.0,1.8,4437.354078727548
1731071009.05,19.8,0.939,0.0,1.84,4815.964499713427,19.8,0.634,0.0,0.771,963.4525481309394,40.3,0.678,0.0,1.87,4438.467413383462,7.68,1.046,0.0,3.05,4437.307022564474
1731071009.55,20.5,1.08,0.0,1.56,4816.178178805265,19.8,0.863,0.0,0.888,963.4952724326148,40.3,1.06,0.0,2.17,4438.572192406789,7.68,0.729,0.0,10.8,4437.259966465792
1731071010.05,19.8,1.185,0.0,3.36,4816.391861393755,20.5,0.967,0.0,0.852,963.5379974344538,39.0,0.843,0.016,1.91,4438.315532739205,8.32,0.997,0.0,1.8,4437.212910431502
1731071010.55,19.8,1.312,0.0,1.91,4816.605547478432,19.8,0.771,0.0,0.793,963.580723136366,40.3,0.939,0.0,1.73,4438.209435406445,8.32,0.762,0.0,2.35,4437.165854461608
1731071011.05,19.8,0.888,0.0,1.92,4816.8192370588295,19.8,0.885,0.0,1.32,963.6234495382524,39.7,0.93,0.0,3.08,4438.74855821111,7.68,0.715,0.0,2.22,4437.118798556108
1731071011.55,20.5,1.067,0.0,2.92,4817.032930134483,20.5,0.805,0.0,0.712,963.666176640023,40.3,1.177,0.0,2.03,4438.312202118914,8.32,0.888,0.0,2.19,4437.071742715008
1731071012.05,19.8,0.65,0.0,1.54,4817.246626704928,19.8,0.883,0.0,0.821,963.7089044415844,39.7,1.072,0.0,1.64,4438.44714092596,7.68,0.936,0.0,1.82,4437.024686938309
1731071012.55,19.8,0.316,0.0,2.99,4817.460326769697,19.9,0.867,0.0,1.53,963.7516329428436,40.3,1.28,0.0,2.35,4438.613007683698,8.32,0.859,0.0,1.86,4436.977631226012
1731071013.05,19.8,0.481,0.0,2.12,4817.674030328329,19.8,0.861,0.0,1.4,963.7943621437108,39.0,0.82,0.0,1.63,4438.990588044709,7.69,0.593,0.0,2.13,4436.930575578122
1731071013.55,20.5,0.339,0.0,2.53,4817.887737380355,20.5,0.992,0.0,1.65,963.8370920440868,40.3,1.316,0.016,1.98,4439.148071738756,8.31,0.672,0.0,1.68,4436.883519994637
1731071014.05,19.8,0.364,0.0,1.88,4818.101447925314,19.8,0.947,0.0,0.874,963.8798226438812,39.7,0.838,0.0,2.0,4438.7135114855855,7.68,0.658,0.0,4.59,4436.836464475561
1731071014.55,19.8,0.418,0.0,1.91,4818.315161962737,19.8,1.037,0.0,1.35,963.9225539430016,39.7,0.967,0.016,2.3,4439.281891835524,8.32,0.977,0.0,3.3,4436.7894090208965
1731071015.05,19.8,0.448,0.0,2.93,4818.528879492163,19.8,0.712,0.0,0.793,963.9652859413546,39.7,1.113,0.0,1.96,4439.136342155382,7.69,0.972,0.0,1.85,4436.742353630644
1731071015.55,20.5,0.463,0.0,1.59,4818.742600513126,19.9,0.518,0.0,0.826,964.0080186388506,40.3,1.164,0.0,1.58,4439.349056926632,8.31,0.64,0.0,1.96,4436.69529830481
1731071016.05,19.8,0.37,0.0,2.63,4818.95632502516,20.5,0.581,0.0,0.898,964.05075203539,39.6,1.138,0.0,3.06,4438.9948921605765,7.68,0.818,0.0,3.5,4436.64824304339
1731071016.55,19.8,0.335,0.0,1.42,4819.170053027803,19.8,0.453,0.0,0.686,964.0934861308834,40.3,1.201,0.0,1.55,4439.376113894424,8.32,0.725,0.0,1.34,4436.601187846391
1731071017.05,19.8,0.363,0.0,1.66,4819.38378452059,19.8,0.447,0.0,1.35,964.1362209252376,39.7,1.193,0.0,2.19,4439.188838662494,7.68,0.942,0.0,2.5,4436.554132713811
1731071017.55,20.5,0.418,0.0,2.26,4819.597519503054,20.5,0.567,0.0,1.02,964.17895641836,39.7,0.727,0.0,9.12,4438.95151581884,8.33,1.263,0.0,1.7,4436.507077645655
1731071018.05,19.8,0.44,0.0,4.4,4819.811257974736,19.9,0.514,0.0,4.02,964.2216926101604,40.3,0.678,0.0,1.37,4439.279885219875,7.67,0.707,0.0,1.65,4436.460022641926
1731071018.55,19.8,0.64,0.0,4.05,4820.024999935166,19.8,0.624,0.0,1.14,964.2644295005396,39.7,0.948,0.0,2.0,4439.348423108649,8.32,1.014,0.0,2.81,4436.412967702624
1731071019.05,19.9,0.587,0.0,4.38,4820.238745383884,19.9,0.805,0.0,1.06,964.3071670894084,40.3,0.987,0.0,1.86,4439.511955486948,7.68,0.54,0.0,2.15,4436.36591282775
1731071019.55,20.5,0.467,0.0,1.58,4820.452494320424,20.5,0.543,0.0,0.918,964.3499053766732,40.3,0.831,0.0,1.51,4439.761909691389,8.32,1.053,0.0,1.89,4436.318858017308
1731071020.05,19.8,0.578,0.0,3.14,4820.666246744323,19.8,0.634,0.0,0.881,964.392644362242,39.7,0.853,0.0,2.0,4439.148762625935,7.68,1.079,0.0,2.14,4436.2718032713
1731071020.55,19.8,0.729,0.0,1.63,4820.880002655117,19.8,0.524,0.0,1.12,964.4353840460244,40.3,1.044,0.0,2.0,4439.556664002471,8.32,0.559,0.0,2.02,4436.22474858973
1731071021.05,19.9,0.491,0.0,11.0,4821.093762052342,19.8,0.611,0.0,0.847,964.4781244279214,39.7,1.073,0.0,2.6,4439.843087653068,7.68,0.839,0.0,2.09,4436.177693972594
1731071021.55,20.5,0.746,0.0,1.66,4821.307524935533,20.5,0.529,0.0,0.652,964.5208655078436,39.7,0.956,0.0,1.92,4439.620740835324,8.32,0.475,0.0,1.53,4436.130639419898
1731071022.05,19.8,0.646,0.0,1.57,4821.521291304229,19.8,0.48,0.0,0.835,964.5636072856984,39.7,0.475,0.016,9.47,4439.6635686193495,7.68,1.191,0.0,1.77,4436.083584931645
1731071022.55,19.8,0.686,0.0,1.81,4821.735061157964,19.9,0.578,0.0,0.888,964.6063497613924,40.3,0.61,0.0,3.36,4439.530324594667,7.68,0.837,0.0,2.45,4436.036530507836
1731071023.05,19.8,0.885,0.0,1.83,4821.9488344962765,19.8,0.818,0.0,0.846,964.6490929348364,39.7,0.966,0.0,1.79,4439.738139267675,8.32,0.655,0.0,1.69,4435.989476148474
1731071023.55,20.5,0.708,0.0,1.53,4822.162611318701,20.5,0.704,0.0,0.9,964.6918368059312,39.7,0.644,0.0,1.79,4440.105764349516,8.32,0.956,0.0,9.5,4435.942421853558
1731071024.05,19.8,1.103,0.0,2.03,4822.376391624776,19.8,0.574,0.0,0.797,964.7345813745872,40.4,0.742,0.0,3.29,4440.043397344667,7.68,0.598,0.0,3.01,4435.895367623091
1731071024.55,19.8,0.655,0.0,1.97,4822.590175414038,19.8,0.772,0.0,0.841,964.777326640712,40.3,0.654,0.0,1.56,4440.201313969556,8.32,1.37,0.0,1.61,4435.848313457078
1731071025.05,19.8,0.481,0.0,2.09,4822.803962686022,19.8,0.874,0.0,0.747,964.8200726042124,39.7,0.873,0.0,1.89,4439.745666306772,7.68,0.789,0.0,1.71,4435.801259355517
1731071025.55,20.5,0.65,0.0,6.02,4823.017753440267,20.5,0.676,0.0,0.815,964.8628192649992,40.3,0.843,0.0,1.9,4440.130518000267,8.32,0.704,0.0,3.53,4435.754205318415
1731071026.05,19.8,0.523,0.0,2.27,4823.231547676309,19.8,0.666,0.0,0.906,964.9055666229732,39.7,0.626,0.0,1.84,4439.923805016395,7.68,0.952,0.0,1.39,4435.7071513457695
1731071026.55,19.8,0.877,0.0,2.09,4823.445345393685,19.9,1.169,0.0,0.74,964.9483146780452,40.3,1.164,0.0,4.66,4440.365707574727,8.33,0.633,0.0,1.52,4435.660097437584
1731071027.05,19.8,0.826,0.0,2.27,4823.659146591932,19.8,1.041,0.0,0.747,964.9910634301224,39.7,0.848,0.0,1.71,4440.337208941011,7.68,1.538,0.0,3.17,4435.613043593862
1731071027.55,20.5,0.654,0.0,1.39,4823.872951270586,19.9,0.702,0.0,0.739,965.0338128791124,40.3,0.913,0.0,1.53,4440.356026005067,8.32,0.851,0.0,1.55,4435.565989814602
1731071028.05,19.8,0.621,0.0,3.12,4824.086759429188,20.5,0.785,0.0,0.702,965.0765630249252,39.7,1.147,0.0,2.18,4440.492016098568,7.68,0.732,0.0,2.48,4435.518936099812
1731071028.55,19.8,0.779,0.0,3.4,4824.300571067271,19.8,0.545,0.0,0.951,965.1193138674624,40.3,1.07,0.0,1.97,4440.608135936461,8.32,0.53,0.0,1.68,4435.471882449488
1731071029.05,19.8,0.62,0.0,1.58,4824.514386184375,19.8,0.657,0.0,1.06,965.1620654066342,39.7,1.158,0.0,3.47,4440.105531303419,7.68,0.62,0.0,1.61,4435.4248288636345
1731071029.55,20.5,0.868,0.0,2.43,4824.728204780037,20.5,0.631,0.0,1.69,965.2048176423484,40.3,1.123,0.0,2.19,4440.1871220262565,8.32,1.581,0.0,1.7,4435.377775342254
1731071030.05,19.8,0.912,0.0,3.79,4824.942026853794,19.9,0.793,0.0,0.902,965.247570574512,39.1,0.756,0.0,2.12,4440.510890242344,7.68,0.9,0.0,1.83,4435.330721885347
1731071030.55,19.8,0.765,0.0,2.05,4825.155852405184,19.8,0.741,0.0,0.936,965.290324203036,40.9,0.895,0.0,5.2,4440.322953613377,8.32,1.427,0.0,3.595,4435.283668492919
1731071031.05,19.8,1.024,0.0,1.65,4825.3696814337445,19.8,0.766,0.0,1.0,965.3330785278216,39.7,0.891,0.0,5.59,4440.19963352612,7.68,0.888,0.0,5.36,4435.236615164968
1731071031.55,20.5,1.0,0.0,1.67,4825.583513939014,20.5,0.915,0.0,7.1,965.375833548779,40.3,0.964,0.0,2.24,4441.039195789015,8.32,0.829,0.0,4.54,4435.189561901499
1731071032.05,19.8,1.244,0.0,2.29,4825.797349920529,19.8,0.961,0.0,1.16,965.4185892658164,39.7,0.942,0.0,1.91,4440.929972063412,7.68,0.741,0.0,4.12,4435.142508702511
1731071032.55,19.9,0.994,0.0,1.81,4826.011189377828,19.9,1.046,0.0,1.36,965.4613456788404,40.3,1.103,0.0,2.51,4440.935995859402,8.32,0.842,0.0,1.88,4435.095455568007
1731071033.05,19.8,0.682,0.0,1.63,4826.22503231045,19.8,0.847,0.0,1.96,965.5041027877626,39.7,1.295,0.0,2.22,4441.125610073384,7.68,0.935,0.0,2.01,4435.048402497994
1731071033.55,19.8,0.333,0.0,2.44,4826.438878717931,20.5,0.763,0.0,1.14,965.5468605924837,40.3,1.052,0.0,1.78,4440.904838025493,8.32,0.645,0.0,2.57,4435.001349492467
1731071034.05,20.5,0.316,0.0,1.95,4826.652728599811,19.8,0.824,0.0,0.795,965.5896190929146,39.7,1.268,0.0,3.52,4441.241648022678,7.68,0.729,0.0,2.07,4434.954296551431
1731071034.55,19.8,0.546,0.0,5.33,4826.866581955627,19.8,0.873,0.0,0.79,965.632378288963,39.7,0.879,0.0,1.56,4441.203506663513,8.32,0.702,0.0,1.71,4434.907243674888
1731071035.05,19.8,0.547,0.0,9.23,4827.0804387849175,19.8,1.088,0.0,1.4,965.675138180536,40.3,0.972,0.0,2.84,4441.098050306052,7.68,0.938,0.0,3.27,4434.860190862842
1731071035.55,20.5,0.442,0.0,1.78,4827.294299087223,20.5,0.912,0.0,0.986,965.7178987675452,40.3,0.928,0.0,3.41,4440.7746931282645,8.31,0.832,0.0,1.63,4434.8131381152925
1731071036.05,19.8,0.363,0.0,2.42,4827.508162862078,19.9,0.94,0.0,1.47,965.760660049891,39.7,0.88,0.0,1.71,4440.698038645412,7.69,0.482,0.0,1.95,4434.766085432241
1731071036.55,19.8,0.613,0.0,1.67,4827.722030109025,19.8,0.847,0.0,1.56,965.8034220274848,40.3,1.217,0.0,2.79,4441.411272871158,8.32,0.933,0.0,3.44,4434.719032813691
1731071037.05,19.8,0.525,0.0,1.62,4827.935900827599,19.8,0.6,0.0,0.862,965.846184700234,39.7,1.339,0.0,1.98,4441.311686570589,7.68,0.983,0.0,1.96,4434.671980259644
1731071037.55,19.8,0.527,0.0,2.76,4828.14977501734,19.8,0.41,0.0,0.986,965.8889480680466,40.3,1.504,0.0,2.22,4440.991601341499,8.32,1.206,0.0,2.49,4434.624927770104
1731071038.05,20.5,0.523,0.0,1.97,4828.363652677789,20.5,0.533,0.0,0.908,965.931712130833,39.7,1.378,0.0,2.2,4440.942664093306,7.68,1.273,0.0,2.19,4434.577875345071
1731071038.55,19.8,0.552,0.0,1.65,4828.577533808481,19.8,0.569,0.0,1.7,965.9744768884948,40.3,1.537,0.0,1.73,4441.021239881581,8.32,0.657,0.0,3.52,4434.530822984546
1731071039.05,19.8,0.783,0.0,3.35,4828.791418408959,19.8,0.559,0.0,0.813,966.0172423409427,39.0,0.753,0.016,2.88,4441.007364500752,7.68,1.177,0.0,12.6,4434.483770688535
1731071039.55,20.5,0.54,0.0,5.61,4829.005306478758,20.5,0.454,0.0,0.774,966.0600084880848,40.3,0.713,0.0,1.87,4441.511244743197,7.68,0.709,0.0,3.8,4434.436718457035
1731071040.05,19.8,0.524,0.0,1.61,4829.219198017418,19.8,0.476,0.0,0.735,966.1027753298288,39.7,0.716,0.0,1.59,4441.659570174049,8.32,1.129,0.0,2.01,4434.389666290052
1731071040.55,19.8,0.582,0.0,2.91,4829.4330930244805,19.8,0.604,0.0,0.809,966.1455428660852,40.3,0.827,0.0,9.87,4441.419290681351,8.32,1.012,0.0,3.14,4434.342614187587
1731071041.05,19.8,0.745,0.0,1.52,4829.646991499482,19.8,0.609,0.0,0.716,966.1883110967556,39.7,0.933,0.0,1.81,4441.427515106127,7.68,0.74,0.0,5.47,4434.295562149641
1731071041.55,20.5,0.607,0.0,1.78,4829.860893441964,20.5,0.448,0.0,0.909,966.2310800217512,40.3,0.958,0.0,1.56,4441.386509297993,8.32,0.947,0.0,1.87,4434.248510176217
1731071042.05,19.8,0.581,0.0,2.41,4830.074798851463,19.9,0.724,0.0,1.01,966.2738496409796,39.7,0.995,0.0,3.23,4441.300472189216,7.68,0.553,0.0,1.92,4434.201458267316
1731071042.55,19.8,0.687,0.0,1.6,4830.28870772752,19.8,0.579,0.0,1.66,966.3166199543488,40.3,1.051,0.0,1.9,4441.69892541015,8.32,1.179,0.0,1.95,4434.154406422942
1731071043.05,19.9,0.643,0.0,2.55,4830.502620069676,19.8,0.534,0.0,0.968,966.3593909617696,39.1,0.553,0.0,1.69,4441.575252746701,7.68,0.915,0.0,1.65,4434.107354643097
1731071043.55,19.8,0.611,0.0,1.96,4830.716535877467,20.5,0.585,0.0,0.939,966.4021626631436,41.0,0.44,0.0,3.34,4442.230281300157,8.32,0.592,0.0,7.8,4434.060302927781
1731071044.05,20.5,0.771,0.0,5.19,4830.9304551504365,19.8,0.673,0.0,0.846,966.444935058382,39.7,0.612,0.0,1.76,4441.968522418516,7.68,0.883,0.0,1.93,4434.013251276997
1731071044.55,19.8,0.772,0.0,2.5,4831.144377888121,19.8,0.556,0.0,0.888,966.4877081473924,40.3,0.643,0.0,1.65,4441.678915276753,8.32,0.452,0.0,2.92,4433.966199690746
1731071045.05,19.9,0.854,0.0,2.42,4831.358304090061,19.8,0.703,0.0,0.82,966.5304819300824,39.7,1.001,0.0,5.02,4441.957692091276,7.68,1.186,0.0,2.16,4433.919148169032
1731071045.55,20.5,0.675,0.0,2.49,4831.572233755799,20.5,0.688,0.0,1.11,966.5732564063638,40.3,0.687,0.0,1.6,4442.281305154822,8.32,0.829,0.0,1.88,4433.872096711858
1731071046.05,19.8,0.53,0.0,1.65,4831.786166884872,19.8,0.638,0.0,2.97,966.616031576138,39.7,0.681,0.0,2.14,4441.760299663842,7.68,0.69,0.0,3.55,4433.825045319222
1731071046.55,19.9,0.766,0.0,2.07,4832.00010347682,19.8,0.705,0.0,1.47,966.6588074393156,40.3,0.879,0.0,1.59,4442.340108657693,8.32,1.006,0.0,1.69,4433.777993991129
1731071047.05,19.8,0.58,0.0,2.69,4832.214043531185,19.8,0.786,0.0,1.07,966.7015839958052,39.7,0.837,0.0,1.54,4442.479792656663,7.68,0.685,0.0,1.79,4433.73094272758
1731071047.55,20.5,0.61,0.0,1.74,4832.427987047505,20.5,0.761,0.0,0.98,966.7443612455144,39.7,0.734,0.0,2.03,4441.910278744083,8.32,1.352,0.0,3.05,4433.683891528578
1731071048.05,19.9,0.918,0.0,1.49,4832.6419340253215,19.8,0.778,0.0,0.824,966.7871391883544,40.3,0.7,0.0,1.8,4442.058449566597,7.68,0.819,0.0,1.47,4433.636840394125
1731071048.55,19.8,0.858,0.0,2.94,4832.855884464175,19.9,1.138,0.0,2.89,966.8299178242268,40.3,1.081,0.0,1.69,4442.212757428665,8.32,0.712,0.0,9.47,4433.589789324223
1731071049.05,19.8,0.665,0.0,6.94,4833.0698383636045,19.8,0.789,0.0,2.49,966.872697153043,39.7,0.827,0.0,1.98,4442.288704429163,7.68,0.631,0.0,1.56,4433.542738318872
1731071049.55,20.5,0.887,0.0,1.69,4833.283795723152,19.8,0.648,0.0,3.72,966.9154771747108,40.3,1.238,0.0,1.7,4442.481423289274,8.32,0.555,0.0,2.36,4433.495687378076
1731071050.05,19.8,0.791,0.0,2.78,4833.497756542357,20.5,0.555,0.0,0.76,966.9582578891384,39.7,1.054,0.0,7.86,4442.480549184757,7.68,1.461,0.0,3.93,4433.4486365018365
1731071050.55,19.8,0.732,0.0,1.54,4833.711720820761,19.8,0.775,0.0,0.747,967.001039296237,40.3,1.612,0.0,1.92,4442.511843870948,8.32,0.854,0.0,2.46,4433.401585690158
1731071051.05,19.8,0.741,0.0,1.66,4833.925688557903,19.8,0.632,0.0,0.819,967.0438213959084,39.7,1.157,0.0,1.85,4442.64975862236,7.68,0.736,0.0,2.43,4433.354534943038
1731071051.55,20.5,1.121,0.0,2.67,4834.139659753326,20.5,0.785,0.0,0.868,967.0866041880632,39.7,0.88,0.0,2.49,4442.376353573861,7.68,0.955,0.0,2.68,4433.307484260482
1731071052.05,19.8,0.808,0.0,1.57,4834.353634406569,19.8,1.035,0.0,0.794,967.1293876726106,40.4,0.945,0.0,1.57,4442.244747701947,8.32,0.88,0.0,2.21,4433.26043364249
1731071052.55,19.8,1.029,0.0,1.94,4834.567612517173,19.8,0.819,0.0,0.894,967.172171849458,40.3,0.848,0.0,1.7,4442.558076737793,7.68,0.829,0.0,2.28,4433.213383089064
1731071053.05,19.8,1.348,0.0,1.68,4834.78159408468,19.8,0.876,0.0,0.849,967.2149567185168,39.7,1.185,0.0,2.58,4442.39193586714,8.32,0.873,0.0,6.48,4433.166332600212
1731071053.55,19.8,0.918,0.0,5.19,4834.99557910863,20.5,0.95,0.0,8.57,967.257742279689,40.3,1.128,0.0,1.55,4442.793890418307,8.32,0.903,0.0,1.78,4433.119282175926
1731071054.05,20.5,1.143,0.0,2.26,4835.209567588565,19.8,0.831,0.0,0.869,967.3005285328856,39.7,1.049,0.0,1.73,4442.88330592243,7.68,0.827,0.0,3.53,4433.072231816216
1731071054.55,19.9,1.175,0.0,2.48,4835.423559524026,19.9,0.797,0.0,0.889,967.3433154780153,40.3,1.079,0.0,9.59,4442.860835350953,8.32,0.821,0.0,2.11,4433.02518152108
1731071055.05,19.8,0.671,0.0,2.03,4835.637554914553,19.8,0.891,0.0,3.18,967.3861031149856,39.7,1.36,0.0,1.58,4442.796399219699,7.68,0.749,0.0,1.84,4432.978131290521
1731071055.55,20.5,0.493,0.0,1.62,4835.8515537596895,19.9,1.165,0.0,1.03,967.4288914437084,40.3,1.316,0.0,2.83,4443.010137561514,8.32,1.194,0.0,3.0,4432.931081124542
1731071056.05,19.8,0.838,0.0,1.78,4836.065556058975,20.5,0.989,0.0,1.38,967.4716804640854,39.6,0.927,0.0,1.63,4443.209768745947,7.68,1.011,0.0,1.76,4432.884031023144
1731071056.55,19.8,0.543,0.0,2.89,4836.279561811952,19.8,1.051,0.0,0.958,967.514470176028,40.3,0.949,0.0,1.89,4443.088438427269,7.68,0.851,0.0,1.58,4432.836980986331
1731071057.05,19.8,0.357,0.0,1.71,4836.493571018161,19.9,0.95,0.0,0.817,967.5572605794443,39.7,0.883,0.0,1.96,4442.909798744875,8.32,0.811,0.0,3.22,4432.7899310141
1731071057.55,20.5,1.211,0.0,1.67,4836.707583677144,20.5,1.025,0.0,0.813,967.6000516742428,40.3,0.959,0.0,1.81,4443.0597892782525,8.32,0.97,0.0,1.92,4432.742881106459
1731071058.05,19.8,0.625,0.0,3.66,4836.921599788444,19.2,0.643,0.0,0.789,967.642843460335,39.7,1.054,0.0,1.63,4443.08647677954,7.68,1.05,0.0,1.79,4432.695831263409
1731071058.55,19.8,0.424,0.0,9.02,4837.135619351601,20.5,0.515,0.0,1.13,967.6856359376228,40.3,1.064,0.0,2.39,4443.121004265036,8.32,1.008,0.0,2.51,4432.648781484949
1731071059.05,19.8,0.799,0.0,1.4,4837.349642366158,19.8,0.472,0.0,0.796,967.7284291060172,39.7,1.419,0.0,3.03,4443.443909060556,7.68,0.534,0.0,1.34,4432.601731771082
1731071059.55,20.5,0.682,0.0,3.21,4837.563668831657,20.5,0.414,0.0,0.822,967.7712229654272,40.3,1.357,0.0,2.2,4443.6495263894885,8.32,0.714,0.0,2.51,4432.554682121812
1731071060.05,19.8,0.426,0.0,1.71,4837.777698747638,19.8,0.445,0.0,0.897,967.814017515761,39.1,0.667,0.0,1.72,4443.231873083468,7.68,0.563,0.0,1.59,4432.507632537139
1731071060.55,19.9,0.409,0.0,1.72,4837.991732113646,19.8,0.729,0.0,0.777,967.8568127569296,40.9,0.706,0.0,1.54,4443.616034953105,8.32,0.898,0.0,1.46,4432.4605830170685
1731071061.05,19.8,0.801,0.0,3.38,4838.205768929221,19.8,0.501,0.0,0.853,967.8996086888357,39.7,0.828,0.0,3.24,4443.86819832606,7.68,0.896,0.0,2.44,4432.413533561597
1731071061.55,20.5,0.667,0.0,1.76,4838.419809193907,20.5,0.496,0.0,0.742,967.9424053113904,40.3,0.825,0.0,1.58,4443.404904104335,8.32,0.527,0.0,1.73,4432.36648417073
1731071062.05,19.8,0.714,0.0,1.73,4838.633852907244,19.8,0.643,0.0,0.822,967.9852026245024,39.7,0.929,0.0,1.87,4443.403308780064,7.68,0.793,0.0,1.71,4432.3194348444695
1731071062.55,19.8,0.592,0.0,2.49,4838.847900068775,19.9,0.5,0.0,0.664,968.0280006280798,40.3,0.911,0.0,2.75,4443.8365519667,8.32,0.511,0.0,7.65,4432.272385582816
1731071063.05,19.8,0.512,0.0,6.89,4839.061950678045,19.8,0.662,0.0,0.818,968.0707993220344,39.7,0.997,0.0,1.71,4443.717496797666,7.68,1.224,0.0,1.84,4432.225336385776
1731071063.55,20.5,0.593,0.0,1.77,4839.276004734593,20.5,0.475,0.0,0.889,968.113598706268,40.3,0.999,0.0,1.91,4444.026359767693,8.32,1.092,0.0,1.71,4432.178287253345
1731071064.05,19.8,0.537,0.0,2.75,4839.490062237963,19.8,0.485,0.0,0.956,968.1563987806928,39.1,0.699,0.0,9.34,4444.045261556891,7.68,0.607,0.0,1.95,4432.1312381855305
1731071064.55,19.8,0.658,0.0,1.73,4839.704123187697,19.8,0.683,0.0,5.91,968.199199545217,40.3,0.84,0.0,1.59,4443.749989234189,8.32,0.848,0.0,1.6,4432.084189182331
1731071065.05,19.8,0.776,0.0,1.6,4839.918187583339,19.8,0.636,0.0,2.01,968.2420009997488,40.3,0.57,0.0,2.3,4443.893929092481,7.68,0.456,0.0,2.65,4432.0371402437495
1731071065.55,20.5,0.723,0.0,2.86,4840.1322554244325,20.5,0.543,0.0,1.03,968.2848031442002,40.3,0.662,0.0,1.92,4443.706401178748,8.32,1.195,0.0,1.97,4431.990091369791
1731071066.05,19.8,0.87,0.0,1.47,4840.346326710517,19.8,0.665,0.0,0.85,968.3276059784732,39.7,0.793,0.0,1.77,4444.159587895914,7.68,0.88,0.0,1.66,4431.943042560452
1731071066.55,19.8,0.81,0.0,2.02,4840.560401441139,19.8,0.833,0.0,0.749,968.3704095024796,40.3,0.638,0.0,2.39,4444.082491633331,8.32,0.653,0.0,2.53,4431.89599381574
1731071067.05,19.8,0.84,0.0,1.67,4840.77447961584,19.8,0.884,0.0,0.995,968.413213716128,39.7,0.778,0.0,2.3,4444.414736786661,7.68,1.041,0.0,6.03,4431.848945135653
1731071067.55,19.2,0.61,0.032,2.04,4840.988561234161,20.5,0.65,0.0,1.1,968.4560186193266,39.7,0.686,0.0,2.02,4444.268819466341,8.32,0.78,0.0,2.26,4431.8018965201945
1731071068.05,20.5,0.558,0.0,7.58,4841.20264629565,19.8,0.707,0.0,1.15,968.4988242119877,40.3,0.966,0.0,1.63,4443.819111961337,7.68,1.43,0.0,1.9,4431.754847969369
1731071068.55,19.8,0.787,0.0,1.93,4841.4167347998455,19.8,0.721,0.0,1.0,968.541630494013,39.7,0.646,0.0,8.54,4444.362278596087,7.68,1.223,0.0,2.07,4431.707799483174
1731071069.05,19.8,0.578,0.0,2.29,4841.630826746294,19.8,0.825,0.0,0.988,968.5844374653146,40.3,0.664,0.0,2.96,4444.146538409788,8.32,0.954,0.0,1.86,4431.660751061616
1731071069.55,20.5,0.653,0.0,2.29,4841.844922134537,20.5,0.851,0.0,0.876,968.6272451258012,40.3,0.902,0.0,1.74,4444.3325455818485,7.68,0.975,0.0,1.75,4431.6137027046925
1731071070.05,19.8,0.573,0.0,1.7,4842.059020964119,19.8,0.742,0.0,0.852,968.670053475381,39.7,0.776,0.0,1.5,4444.713496079037,8.32,0.891,0.0,2.42,4431.56665441241
1731071070.55,19.8,0.638,0.0,2.41,4842.273123234583,19.8,0.735,0.0,0.757,968.7128625139662,40.4,0.89,0.0,2.49,4444.199543939028,8.32,1.437,0.0,1.89,4431.519606184768
1731071071.05,19.8,0.821,0.0,1.95,4842.487228945472,19.8,0.668,0.0,3.49,968.755672241459,39.6,1.002,0.0,1.43,4444.276709129323,7.68,0.874,0.0,1.96,4431.47255802177
1731071071.55,20.5,0.741,0.0,1.72,4842.701338096332,19.9,0.646,0.0,0.949,968.7984826577712,40.3,1.206,0.0,2.0,4444.923197328248,8.32,1.287,0.0,4.07,4431.425509923415
1731071072.05,19.8,0.712,0.0,3.63,4842.915450686704,20.5,0.669,0.0,1.27,968.8412937628116,39.7,1.052,0.0,2.64,4444.707519970338,7.68,0.903,0.0,1.76,4431.378461889708
1731071072.55,19.9,0.977,0.0,7.18,4843.129566716133,19.8,0.951,0.0,1.12,968.884105556489,40.3,1.346,0.0,1.57,4444.969803463478,8.32,0.731,0.0,1.59,4431.33141392065
1731071073.05,19.8,0.849,0.0,1.84,4843.343686184164,19.8,0.69,0.0,0.861,968.9269180387148,39.7,0.651,0.0,2.77,4444.8736707260605,7.68,1.138,0.0,2.84,4431.284366016246
1731071073.55,20.5,0.801,0.0,2.77,4843.557809090338,20.5,0.921,0.0,0.84,968.969731209392,40.3,0.984,0.0,2.7,4444.479468594201,8.32,0.809,0.0,1.67,4431.237318176494
1731071074.05,19.8,0.871,0.0,1.61,4843.7719354342025,19.8,0.723,0.0,0.745,969.012545068432,39.7,0.845,0.0,2.22,4444.902754601048,7.68,0.758,0.0,1.54,4431.190270401396
1731071074.55,19.8,1.122,0.0,2.08,4843.986065215299,19.8,0.699,0.0,0.946,969.055359615744,40.3,0.968,0.0,1.97,4445.000942654329,8.32,0.72,0.0,3.08,4431.143222690957
1731071075.05,19.8,0.835,0.0,1.96,4844.200198433174,19.8,0.799,0.0,1.42,969.0981748512364,39.7,1.004,0.0,1.73,4445.181743266832,7.68,0.667,0.0,1.87,4431.096175045176
1731071075.55,20.5,0.905,0.0,2.2,4844.41433508737,20.5,0.835,0.0,1.02,969.1409907748214,40.3,1.571,0.0,1.38,4444.959063557718,8.32,0.638,0.0,1.73,4431.04912746406
1731071076.05,19.2,0.358,0.0,2.45,4844.628475177431,19.8,0.974,0.0,0.958,969.1838073864014,39.7,1.129,0.0,2.15,4445.322170714098,7.68,0.872,0.0,3.41,4431.002079947605
1731071076.55,20.5,0.551,0.0,1.79,4844.842618702903,19.8,0.992,0.0,0.791,969.2266246858884,40.3,1.582,0.0,1.95,4444.875968807974,8.32,0.833,0.0,7.43,4430.955032495816
1731071077.05,19.8,0.394,0.0,5.18,4845.056765663329,19.8,0.814,0.0,1.37,969.2694426731912,39.1,0.896,0.0,2.49,4444.671385459303,7.68,0.747,0.0,1.7,4430.907985108695
1731071077.55,20.5,0.464,0.0,1.93,4845.270916058254,20.5,0.94,0.0,6.32,969.3122613482188,41.0,0.852,0.0,2.2,4445.018733709288,8.32,0.854,0.0,2.13,4430.860937786244
1731071078.05,19.8,0.38,0.0,1.82,4845.485069887225,19.8,0.99,0.0,1.24,969.3550807108828,39.7,1.118,0.0,1.45,4445.476661185653,7.68,0.743,0.0,1.6,4430.813890528467
1731071078.55,19.8,0.475,0.0,2.45,4845.699227149783,19.8,0.928,0.0,0.879,969.3979007610864,40.3,1.277,0.0,2.7,4445.410936830131,8.32,0.878,0.0,2.28,4430.766843335361
1731071079.05,19.9,0.354,0.0,1.94,4845.913387845474,19.9,0.752,0.0,0.897,969.4407214987413,39.7,1.022,0.0,1.91,4445.502322553922,7.68,0.989,0.0,1.98,4430.719796206932
1731071079.55,20.5,0.7,0.0,1.51,4846.127551973844,19.8,0.499,0.0,0.843,969.4835429237564,40.3,1.127,0.0,1.69,4445.472489669916,8.32,0.838,0.0,2.08,4430.672749143181
1731071080.05,19.9,0.396,0.0,3.4,4846.341719534436,20.5,0.563,0.0,0.946,969.5263650360404,39.7,1.231,0.0,2.95,4445.136776552124,7.68,0.786,0.0,1.65,4430.625702144111
1731071080.55,19.8,0.415,0.0,1.54,4846.555890526798,19.8,0.531,0.0,0.827,969.5691878355058,40.3,1.364,0.0,1.59,4445.615340420522,8.32,0.731,0.0,1.59,4430.578655209723
1731071081.05,19.8,0.56,0.0,1.7,4846.770064950471,19.8,0.513,0.0,0.775,969.6120113220552,39.7,1.316,0.0,1.62,4445.6727995857045,7.68,0.991,0.0,7.58,4430.531608340019
1731071081.55,20.5,0.375,0.0,2.44,4846.984242805004,20.5,0.657,0.0,0.752,969.6548354956004,39.7,0.568,0.0,5.71,4445.8821797304345,8.32,1.25,0.0,1.75,4430.484561535002
1731071082.05,19.9,0.409,0.0,1.39,4847.19842408994,19.8,0.643,0.0,0.825,969.6976603560508,39.7,0.871,0.016,3.88,4445.506791359623,7.68,0.686,0.0,1.86,4430.437514794673
1731071082.55,19.8,0.629,0.0,2.13,4847.412608804824,19.8,0.903,0.0,0.898,969.7404859033152,40.3,0.737,0.0,10.6,4445.646934785979,8.32,1.085,0.0,3.29,4430.390468119034
1731071083.05,19.8,0.634,0.0,1.61,4847.626796949205,19.8,0.543,0.0,1.1,969.7833121373054,39.7,0.919,0.0,5.52,4445.941988608961,7.68,0.565,0.0,1.52,4430.34342150809
1731071083.55,20.5,0.569,0.0,1.67,4847.840988522623,19.8,0.492,0.0,1.15,969.8261390579248,40.3,0.867,0.0,2.49,4445.953284781674,7.68,1.101,0.0,1.67,4430.296374961838
1731071084.05,19.8,0.463,0.0,2.41,4848.055183524627,20.5,0.693,0.0,1.01,969.8689666650852,39.7,0.874,0.0,1.75,4446.132636017021,8.32,1.312,0.0,2.88,4430.249328480283
1731071084.55,19.8,0.534,0.0,1.68,4848.269381954761,19.8,0.653,0.0,1.02,969.9117949586956,40.3,1.109,0.0,3.02,4446.076272392029,8.32,1.067,0.0,1.55,4430.202282063427
1731071085.05,19.8,0.865,0.0,1.72,4848.483583812572,19.8,0.838,0.0,1.07,969.9546239386652,39.7,1.386,0.0,1.47,4445.5882121026025,7.66,1.139,0.0,1.82,4430.155235711272
1731071085.55,20.5,0.794,0.0,2.13,4848.697789097605,20.5,0.514,0.0,0.763,969.9974536049064,39.7,0.968,0.0,2.18,4445.981055707949,8.35,0.671,0.0,2.58,4430.1081894238205
1731071086.05,19.8,0.637,0.0,2.01,4848.911997809406,19.8,0.5,0.0,0.727,970.0402839573215,40.3,0.527,0.0,1.65,4446.31460824172,7.68,1.192,0.0,1.59,4430.061143201074
1731071086.55,19.8,0.785,0.0,9.64,4849.12620994752,19.9,0.815,0.0,0.935,970.0831149958234,40.3,0.744,0.0,1.57,4445.890554260233,7.68,0.708,0.0,1.74,4430.014097043033
1731071087.05,19.8,0.953,0.0,3.98,4849.340425511495,19.8,0.71,0.0,5.25,970.1259467203208,39.7,0.83,0.0,3.64,4446.021303740396,8.32,0.61,0.0,2.06,4429.967050949702
1731071087.55,20.5,0.932,0.0,5.55,4849.554644500874,20.5,0.688,0.0,2.22,970.168779130723,40.3,0.968,0.0,1.78,4446.009035095407,8.32,1.042,0.0,3.65,4429.920004921081
1731071088.05,19.8,0.754,0.0,4.88,4849.768866915207,19.8,0.815,0.0,0.984,970.2116122269422,39.7,0.746,0.0,1.77,4445.736419867245,7.68,0.579,0.0,3.84,4429.872958957177
1731071088.55,19.8,0.626,0.0,6.1,4849.983092754035,19.8,0.69,0.0,1.06,970.2544460088814,40.3,0.664,0.0,2.34,4446.413987588561,8.32,1.221,0.0,2.83,4429.825913057984
1731071089.05,19.8,0.765,0.0,1.93,4850.197322016909,19.8,0.718,0.0,1.06,970.2972804764528,39.7,0.902,0.0,1.76,4446.04157978864,7.68,0.718,0.0,3.2,4429.778867223509
1731071089.55,20.5,0.572,0.0,1.85,4850.411554703373,19.9,0.664,0.0,0.872,970.3401156295656,40.3,0.758,0.0,1.8,4446.531915513507,8.32,0.74,0.0,3.91,4429.731821453755
1731071090.05,19.8,0.511,0.0,1.55,4850.625790812975,19.8,0.66,0.0,1.25,970.3829514681292,39.7,0.888,0.0,2.59,4446.150415709915,7.68,0.82,0.0,2.96,4429.68477574872
1731071090.55,19.8,0.908,0.0,2.38,4850.84003034526,19.9,0.782,0.0,0.805,970.4257879920558,40.3,0.773,0.0,1.98,4446.317617377823,8.32,0.581,0.0,12.0,4429.637730108412
1731071091.05,19.8,0.711,0.0,7.02,4851.054273299774,19.8,0.776,0.0,0.984,970.4686252012484,39.7,0.848,0.0,2.11,4446.455678342938,7.68,1.338,0.0,5.2,4429.590684532827
1731071091.55,20.5,0.848,0.0,1.83,4851.268519676065,19.9,0.748,0.0,0.786,970.5114630956195,39.7,1.303,0.016,1.88,4446.158341459854,8.32,1.047,0.0,1.8,4429.54363902197
1731071092.05,19.8,0.782,0.0,1.98,4851.48276947368,20.5,0.825,0.0,1.33,970.5543016750782,39.7,0.912,0.0,9.31,4446.245596230958,7.68,0.824,0.0,4.23,4429.496593575843
1731071092.55,19.8,0.945,0.0,2.1,4851.697022692163,19.8,0.588,0.0,0.857,970.597140939534,40.3,0.981,0.0,3.27,4446.783174611532,8.32,0.579,0.0,2.71,4429.449548194448
1731071093.05,19.8,0.973,0.0,3.41,4851.911279331064,19.8,0.608,0.0,1.24,970.6399808888992,39.7,1.199,0.0,1.86,4447.042197245286,7.68,0.731,0.0,2.32,4429.402502877787
1731071093.55,20.5,0.74,0.0,1.82,4852.125539389928,20.5,0.902,0.0,1.21,970.6828215230768,40.3,1.464,0.0,1.91,4446.813021078167,8.32,1.444,0.0,3.35,4429.355457625861
1731071094.05,19.8,0.794,0.0,1.8,4852.339802868303,19.8,0.634,0.0,2.8,970.7256628419792,39.1,0.947,0.0,2.16,4446.90172044248,7.68,1.027,0.0,2.22,4429.308412438673
1731071094.55,19.8,1.045,0.0,2.76,4852.554069765735,19.8,0.599,0.0,1.54,970.768504845516,40.9,1.073,0.0,1.6,4446.792662330284,8.32,0.849,0.0,3.52,4429.261367316225
1731071095.05,19.9,0.988,0.0,1.55,4852.768340081772,19.8,0.876,0.0,0.866,970.8113475335964,39.1,0.842,0.016,1.64,4446.630446846861,7.68,1.332,0.0,8.02,4429.214322258519
1731071095.55,19.8,0.875,0.0,3.38,4852.9826138159615,20.5,0.815,0.0,1.56,970.8541909061332,40.3,1.147,0.0,3.29,4447.080784599471,8.32,0.928,0.0,2.49,4429.167277265558
1731071096.05,20.5,1.169,0.0,1.49,4853.19689096785,19.8,0.717,0.0,0.831,970.897034963029,39.6,1.052,0.0,1.73,4446.78755092162,7.68,1.04,0.0,3.37,4429.120232337344
1731071096.55,19.9,0.9,0.0,1.53,4853.411171536984,19.8,0.778,0.0,9.91,970.9398797041968,40.3,0.878,0.0,1.96,4446.826151556483,8.32,0.983,0.0,2.11,4429.073187473876
1731071097.05,19.8,0.713,0.0,2.42,4853.6254555229125,19.8,0.894,0.0,0.956,970.9827251295457,39.7,1.509,0.0,2.39,4446.657110483581,7.68,0.911,0.0,3.85,4429.026142675159
1731071097.55,19.8,0.431,0.0,1.77,4853.839742925182,20.5,0.871,0.0,0.865,971.0255712389852,40.3,1.456,0.0,1.56,4447.053130527899,8.32,1.335,0.0,2.09,4428.979097941195
1731071098.05,20.5,0.573,0.0,1.49,4854.054033743341,19.8,0.795,0.0,0.779,971.068418032428,39.7,1.263,0.0,2.14,4447.199366126614,7.68,0.95,0.0,1.78,4428.932053271986
1731071098.55,19.8,0.748,0.0,2.83,4854.268327976936,19.8,0.867,0.0,0.806,971.1112655097774,39.7,0.997,0.0,1.81,4446.94368566758,8.32,0.809,0.0,4.26,4428.885008667532
1731071099.05,19.8,0.585,0.0,1.74,4854.482625625516,19.8,0.872,0.0,0.788,971.1541136709455,40.3,0.82,0.0,5.19,4447.55273809231,7.68,1.172,0.0,2.52,4428.837964127836
1731071099.55,20.5,0.977,0.0,1.82,4854.696926688627,20.5,1.157,0.0,0.827,971.1969625158424,40.3,1.084,0.0,2.22,4447.179191859723,8.32,1.011,0.0,3.01,4428.790919652903
1731071100.05,19.8,0.764,0.0,1.71,4854.911231165817,19.8,0.914,0.0,0.77,971.2398120443776,39.7,0.972,0.0,1.68,4447.040811249131,7.68,0.85,0.0,1.54,4428.74387524273
1731071100.55,19.8,0.595,0.0,10.7,4855.1255390566375,19.8,0.751,0.0,2.01,971.282662256463,40.3,1.066,0.0,2.11,4447.279928623342,8.32,0.823,0.0,1.55,4428.696830897325
1731071101.05,19.8,0.56,0.0,2.12,4855.339850360631,19.8,0.525,0.0,1.09,971.3255131520026,39.7,1.252,0.0,5.26,4447.411381614401,7.68,0.82,0.0,2.19,4428.649786616684
1731071101.55,19.8,0.513,0.0,2.67,4855.55416507735,19.8,0.393,0.0,2.43,971.3683647309088,40.3,1.313,0.0,1.6,4447.222679656646,8.32,0.954,0.0,1.9,4428.6027424008125
1731071102.05,20.5,0.467,0.0,2.62,4855.76848320634,20.5,0.658,0.0,1.21,971.4112169930912,39.7,1.478,0.0,3.55,4447.362685988644,7.68,0.967,0.0,1.85,4428.555698249713
1731071102.55,19.8,0.5,0.0,3.16,4855.98280474715,19.8,0.65,0.0,2.67,971.4540699384596,39.7,0.851,0.0,2.05,4447.674302003161,8.32,0.592,0.0,1.66,4428.508654163385
1731071103.05,19.8,0.562,0.0,1.91,4856.197129699329,19.8,0.465,0.0,2.32,971.4969235669264,40.3,0.617,0.0,3.09,4447.295519906212,7.68,0.772,0.0,2.0,4428.461610141834
1731071103.55,20.5,0.702,0.0,2.89,4856.411458062424,19.8,0.559,0.0,1.38,971.5397778783952,40.3,0.908,0.0,2.44,4447.890278474249,7.68,0.474,0.0,2.62,4428.414566185059
1731071104.05,19.8,0.447,0.0,5.14,4856.6257898359845,20.5,0.705,0.0,2.56,971.5826328727784,39.7,0.99,0.0,1.66,4447.396475329367,8.32,1.028,0.0,2.23,4428.367522293063
1731071104.55,19.8,0.408,0.0,3.8,4856.840125019558,19.8,0.687,0.0,6.42,971.625488549986,40.3,0.904,0.0,1.77,4447.425857994292,8.32,1.011,0.0,1.79,4428.320478465847
1731071105.05,19.8,0.713,0.0,11.1,4857.054463612694,19.8,0.537,0.0,2.39,971.6683449099274,39.0,1.01,0.016,1.81,4447.523946802459,7.68,0.545,0.0,3.33,4428.273434703417
1731071105.55,20.5,0.62,0.0,1.89,4857.268805614942,20.5,0.49,0.0,1.56,971.7112019525156,40.3,0.937,0.0,2.16,4447.567895575226,8.32,1.078,0.0,1.77,4428.226391005772
1731071106.05,19.8,0.524,0.0,1.45,4857.483151025848,19.8,0.999,0.0,2.3,971.7540596776538,39.6,0.992,0.0,7.07,4448.170168385889,7.68,0.555,0.0,1.78,4428.179347372913
1731071106.55,19.8,0.716,0.0,2.38,4857.697499844962,19.8,0.529,0.0,3.14,971.7969180852552,40.3,1.201,0.0,1.59,4448.050706190171,8.32,1.177,0.0,3.38,4428.132303804845
1731071107.05,19.8,0.826,0.0,4.8,4857.911852071835,19.8,0.558,0.0,3.26,971.8397771752292,39.0,0.525,0.0,1.82,4448.188054980767,7.68,1.091,0.0,1.75,4428.085260301566
1731071107.55,20.5,0.689,0.0,1.5,4858.126207706012,20.5,0.561,0.0,0.748,971.8826369474854,41.0,0.472,0.0,2.23,4447.781593062803,8.32,0.661,0.0,1.84,4428.038216863083
1731071108.05,19.8,0.77,0.0,2.31,4858.340566747045,19.8,0.602,0.0,1.29,971.9254974019368,39.7,0.574,0.0,1.85,4447.7412237165,7.68,0.994,0.0,3.72,4427.991173489397
1731071108.55,19.8,0.672,0.0,1.86,4858.554929194483,19.8,0.729,0.0,0.865,971.9683585384872,40.3,0.612,0.0,1.35,4448.04438714248,8.32,0.494,0.0,1.93,4427.944130180506
1731071109.05,19.8,0.729,0.0,1.53,4858.769295047872,19.8,0.588,0.0,0.695,972.0112203570492,39.7,0.586,0.0,2.38,4448.344025590525,7.68,1.252,0.0,5.88,4427.897086936416
1731071109.55,20.5,0.723,0.0,3.74,4858.983664306766,19.8,0.703,0.0,0.801,972.0540828575324,40.3,1.138,0.0,1.82,4447.873652377843,8.32,0.679,0.0,2.91,4427.850043757127
1731071110.05,19.8,0.868,0.0,1.8,4859.19803697071,20.5,0.751,0.0,0.751,972.0969460398472,39.7,0.965,0.0,1.52,4448.478631530911,7.04,0.652,0.083,1.53,4427.803000642643
1731071110.55,19.8,0.832,0.0,1.65,4859.412413039256,19.8,0.67,0.0,0.763,972.139809903906,39.7,0.791,0.016,3.7,4448.249607200181,8.32,1.032,0.0,1.53,4427.755957592966
1731071111.05,19.8,0.545,0.0,2.7,4859.626792511952,19.8,0.748,0.0,0.936,972.1826744496124,39.7,0.785,0.0,2.09,4448.660266882548,7.68,0.802,0.0,2.18,4427.708914608096
1731071111.55,20.5,0.709,0.0,2.0,4859.841175388348,19.8,0.936,0.0,1.64,972.2255396768796,40.3,1.014,0.0,2.22,4448.199250904661,8.32,1.385,0.0,1.77,4427.661871688036
1731071112.05,19.8,0.588,0.0,1.95,4860.055561667994,20.5,0.802,0.0,2.72,972.2684055856174,39.7,0.846,0.0,1.67,4448.821350198068,7.68,0.918,0.0,1.855,4427.614828832789
1731071112.55,19.8,0.599,0.0,1.91,4860.269951350439,19.8,0.84,0.0,5.3,972.3112721757356,40.3,0.795,0.0,1.66,4448.185985430804,8.32,0.752,0.0,1.94,4427.567786042354
1731071113.05,19.8,0.579,0.0,1.61,4860.484344435234,19.9,0.803,0.0,1.53,972.3541394471472,39.7,0.939,0.0,2.94,4448.656349352254,7.68,0.849,0.0,1.87,4427.520743316739
1731071113.55,20.5,0.602,0.0,3.14,4860.698740921926,19.8,0.679,0.0,1.06,972.397007399756,40.3,0.961,0.0,1.63,4448.531967362189,8.32,0.671,0.0,1.71,4427.473700655939
1731071114.05,19.8,0.776,0.0,1.48,4860.913140810068,20.5,0.698,0.0,1.8,972.4398760334748,39.7,1.176,0.0,1.63,4448.460188689728,7.68,1.634,0.0,2.63,4427.4266580599615
1731071114.55,19.8,0.851,0.0,9.75,4861.1275440992085,19.8,0.609,0.0,0.834,972.4827453482136,40.3,1.053,0.0,2.52,4448.45073154065,8.32,0.882,0.0,1.65,4427.379615528806
1731071115.05,19.8,0.878,0.0,3.91,4861.341950788897,19.9,0.619,0.0,0.785,972.5256153438826,39.1,1.147,0.016,3.23,4448.605374241426,7.68,1.23,0.0,1.71,4427.332573062475
1731071115.55,20.5,0.883,0.0,1.63,4861.556360878685,20.5,0.833,0.0,0.862,972.5684860203944,39.6,0.914,0.0,8.36,4448.949974366932,8.32,0.877,0.0,2.38,4427.285530660973
1731071116.05,19.8,0.776,0.0,1.88,4861.770774368121,19.8,0.663,0.0,0.796,972.6113573776532,40.3,0.888,0.0,1.77,4449.041855579149,7.68,1.178,0.0,1.82,4427.238488324297
1731071116.55,19.8,1.185,0.0,1.7,4861.9851912567565,19.8,0.913,0.0,0.87,972.654229415572,40.3,1.089,0.0,1.57,4449.239001696583,7.68,0.827,0.0,1.74,4427.191446052452
1731071117.05,19.8,1.016,0.0,1.74,4862.199611544142,19.8,0.885,0.0,1.11,972.6971021340604,39.7,0.819,0.0,2.15,4449.143363816847,8.32,1.014,0.0,2.71,4427.14440384544
1731071117.55,20.5,0.898,0.0,2.86,4862.4140352298255,19.9,0.729,0.0,0.913,972.7399755330288,40.3,0.948,0.0,1.86,4449.03820272358,8.32,0.834,0.0,2.05,4427.097361703263
1731071118.05,19.8,1.285,0.0,1.64,4862.6284623133615,20.5,0.898,0.0,1.6,972.7828496123904,39.7,1.145,0.0,1.72,4449.295781154693,7.68,0.653,0.0,2.23,4427.050319625925
1731071118.55,19.8,0.97,0.0,1.55,4862.842892794296,19.8,0.859,0.0,2.1,972.8257243720486,40.3,1.201,0.0,2.08,4448.901927889866,8.32,0.684,0.0,1.95,4427.003277613424
1731071119.05,19.8,0.61,0.0,4.51,4863.057326672183,19.8,0.864,0.0,0.994,972.8685998119172,39.7,1.3,0.0,1.93,4449.531121443707,7.68,0.637,0.0,9.45,4426.956235665765
1731071119.55,20.5,0.357,0.0,1.95,4863.271763946572,20.5,0.796,0.0,0.834,972.9114759319056,40.4,1.217,0.0,2.05,4449.173493844563,8.32,0.824,0.0,3.37,4426.909193782949
1731071120.05,19.8,0.422,0.0,2.19,4863.486204617013,19.8,1.175,0.0,0.734,972.954352731924,39.6,0.75,0.0,5.67,4449.497933898359,7.68,0.845,0.0,1.86,4426.862151964978
1731071120.55,19.9,0.523,0.0,1.56,4863.700648683059,19.8,0.907,0.0,0.618,972.9972302118864,40.3,0.819,0.0,1.6,4449.269506937614,7.68,0.477,0.0,1.68,4426.815110211856
1731071121.05,19.8,0.526,0.0,1.54,4863.915096144257,19.8,1.031,0.0,0.805,973.0401083716956,39.7,1.155,0.0,2.81,4449.462446264549,8.32,0.661,0.0,3.18,4426.768068523582
1731071121.55,20.5,0.685,0.0,3.15,4864.129547000161,20.5,0.967,0.0,0.761,973.0829872112656,40.3,0.994,0.0,1.6,4449.700442220799,8.32,0.666,0.0,1.66,4426.721026900159
1731071122.05,19.8,0.916,0.0,1.99,4864.344001250322,19.2,0.406,0.0,0.789,973.125866730506,38.4,1.192,0.032,1.61,4449.451126868317,7.68,0.926,0.0,1.71,4426.67398534159
1731071122.55,19.8,0.478,0.0,1.87,4864.558458894291,20.5,0.433,0.0,0.812,973.1687469293277,40.3,1.174,0.0,2.71,4449.703661127233,8.32,0.87,0.0,2.58,4426.626943847878
1731071123.05,19.8,0.43,0.0,1.83,4864.772919931618,19.8,0.545,0.0,0.872,973.211627807643,39.6,1.246,0.0,1.57,4449.675366390411,7.68,0.466,0.0,1.58,4426.579902419023
1731071123.55,19.8,0.567,0.0,3.83,4864.987384361854,19.8,0.472,0.0,1.2,973.2545093653569,40.3,1.381,0.0,1.49,4449.657340881166,8.32,0.987,0.0,3.24,4426.532861055027
1731071124.05,20.5,0.408,0.0,1.69,4865.201852184552,20.5,0.531,0.0,0.902,973.2973916023816,39.1,0.87,0.0,3.29,4449.667764271488,7.68,0.829,0.0,1.78,4426.485819755892
1731071124.55,19.8,0.497,0.0,2.71,4865.416323399263,19.8,0.585,0.0,1.45,973.3402745186283,40.9,0.835,0.0,3.02,4449.439486218147,8.32,1.034,0.0,1.59,4426.438778521623
1731071125.05,19.8,0.537,0.0,1.5,4865.630798005537,19.8,0.49,0.0,0.854,973.3831581140068,39.7,0.816,0.0,1.59,4449.620518030179,7.68,1.29,0.0,2.44,4426.391737352219
1731071125.55,20.5,1.269,0.0,2.04,4865.845276002928,20.5,0.688,0.0,0.859,973.4260423884303,40.3,1.137,0.0,2.54,4450.063930233496,8.32,0.676,0.0,1.96,4426.344696247685
1731071126.05,19.8,0.745,0.0,1.66,4866.059757390984,19.8,0.574,0.0,0.804,973.4689273418034,39.7,0.908,0.0,1.66,4449.744695062017,7.68,1.064,0.0,2.2,4426.297655208018
1731071126.55,19.8,0.693,0.0,1.64,4866.274242169259,19.8,0.641,0.0,0.75,973.5118129740388,40.3,0.963,0.0,2.25,4449.67285068329,8.32,0.615,0.0,1.95,4426.250614233225
1731071127.05,19.8,1.041,0.0,2.53,4866.488730337305,19.8,0.469,0.0,0.847,973.5546992850471,39.7,1.085,0.0,1.76,4450.079811196343,7.68,1.146,0.0,1.57,4426.203573323306
1731071127.55,20.5,0.72,0.0,1.94,4866.703221894673,20.5,0.477,0.0,0.817,973.5975862747388,39.7,1.124,0.016,1.66,4449.929546362535,8.32,1.133,0.0,3.36,4426.156532478262
1731071128.05,19.8,0.657,0.0,2.27,4866.917716840917,19.8,0.67,0.0,0.93,973.6404739430272,39.7,1.232,0.0,2.42,4450.223932119508,7.68,0.672,0.0,3.58,4426.109491698099
1731071128.55,19.9,0.993,0.0,6.135,4867.132215175585,19.9,0.704,0.0,0.969,973.683362289816,39.7,0.526,0.0,1.87,4450.013077189881,8.32,0.879,0.0,1.86,4426.062450982815
1731071129.05,19.8,0.617,0.0,10.0,4867.346716898232,19.8,0.637,0.0,1.54,973.7262513150192,40.3,0.499,0.0,2.06,4450.490696667928,7.68,0.53,0.0,3.02,4426.015410332413
1731071129.55,20.5,0.669,0.0,2.77,4867.5612220084095,19.8,0.759,0.0,0.836,973.769141018547,39.7,0.61,0.0,9.66,4450.27536499181,8.32,1.175,0.0,1.57,4425.968369746895
1731071130.05,19.9,0.568,0.0,1.68,4867.775730505668,20.5,0.577,0.0,0.82,973.8120314003096,39.7,0.617,0.0,2.07,4450.433685196109,7.68,1.006,0.0,2.13,4425.921329226266
1731071130.55,19.8,0.585,0.0,1.55,4867.990242389564,19.8,0.807,0.0,0.744,973.8549224602208,41.0,0.705,0.0,2.9,4450.422260395005,8.32,0.637,0.0,1.75,4425.874288770525
1731071131.05,19.8,0.818,0.0,1.695,4868.204757659645,19.8,0.611,0.0,0.747,973.8978141981844,39.7,0.604,0.0,1.81,4450.324670676609,7.68,1.023,0.0,1.55,4425.8272483796745
1731071131.55,19.8,0.586,0.0,1.84,4868.419276315465,20.5,0.554,0.0,0.674,973.9407066141142,40.3,0.657,0.0,1.63,4450.440867120034,8.32,0.517,0.0,4.53,4425.780208053717
1731071132.05,20.5,0.482,0.0,1.89,4868.633798356578,19.8,0.668,0.0,0.806,973.9835997079206,39.6,0.853,0.0,3.25,4450.385067784036,7.68,1.263,0.0,1.87,4425.733167792654
1731071132.55,19.9,0.626,0.0,2.17,4868.848323782535,19.8,0.903,0.0,1.11,974.026493479514,39.7,1.016,0.0,1.79,4450.560980983634,8.32,0.95,0.0,1.74,4425.686127596488
1731071133.05,19.8,0.672,0.0,2.4,4869.06285259289,19.8,0.906,0.0,3.82,974.069387928808,40.3,0.981,0.0,1.69,4450.212012510972,7.68,0.805,0.0,9.18,4425.639087465223
1731071133.55,20.5,0.719,0.0,8.54,4869.277384787192,20.5,0.728,0.0,1.34,974.1122830557068,40.3,0.772,0.0,2.24,4450.77887669851,7.68,0.651,0.0,1.98,4425.592047398856
1731071134.05,19.8,0.616,0.0,2.61,4869.491920364999,19.8,0.707,0.0,1.1,974.155178860124,39.0,1.022,0.016,2.79,4450.674951903273,8.33,0.579,0.0,2.79,4425.545007397394
1731071134.55,19.2,0.695,0.032,1.88,4869.706459325859,19.8,0.727,0.0,0.846,974.19807534197,40.3,0.984,0.0,5.92,4450.956922291809,8.31,1.356,0.0,1.89,4425.497967460837
1731071135.05,19.8,0.824,0.0,2.55,4869.921001669329,19.8,0.551,0.0,0.923,974.2409725011556,39.7,1.084,0.0,1.75,4450.629296143458,7.68,0.75,0.0,1.58,4425.450927589187
1731071135.55,19.8,0.858,0.0,1.65,4870.13554739496,20.5,0.657,0.0,0.758,974.2838703375944,40.3,1.239,0.0,1.82,4450.369184834504,8.32,0.676,0.0,3.22,4425.403887782449
1731071136.05,20.5,1.119,0.0,1.48,4870.350096502304,19.8,0.938,0.0,0.769,974.3267688511904,39.7,1.416,0.0,1.54,4451.124357574868,7.68,0.819,0.0,1.4,4425.356848040619
1731071136.55,19.9,0.958,0.0,3.24,4870.564648990916,19.8,0.746,0.0,0.849,974.3696680418576,40.3,1.417,0.0,1.84,4450.800020336774,8.32,0.851,0.0,4.19,4425.309808363703
1731071137.05,19.8,0.862,0.0,1.68,4870.779204860348,19.8,0.81,0.0,1.27,974.4125679095066,39.7,0.736,0.0,2.52,4450.710426508686,7.68,1.212,0.0,1.71,4425.262768751704
1731071137.55,20.5,1.071,0.0,1.68,4870.993764110153,20.5,0.733,0.0,1.78,974.4554684540476,40.3,0.701,0.0,1.52,4451.110611828546,8.23,1.13,0.0,8.31,4425.215729204622
1731071138.05,19.8,0.924,0.0,5.27,4871.208326739887,19.8,0.737,0.0,1.32,974.4983696753948,39.7,0.893,0.0,2.04,4450.651677601871,7.76,1.129,0.0,2.69,4425.168689722462
1731071138.55,19.9,1.038,0.0,1.54,4871.422892749099,19.8,0.802,0.0,0.934,974.5412715734524,40.3,1.083,0.0,1.55,4450.935477381047,8.32,0.776,0.0,2.06,4425.12165030522
1731071139.05,19.8,0.883,0.0,2.46,4871.637462137346,19.8,1.028,0.0,0.994,974.5841741481338,39.7,1.127,0.0,1.79,4451.087347010192,7.68,0.719,0.0,2.06,4425.074610952905
1731071139.55,20.5,0.89,0.0,1.7,4871.85203490418,20.5,0.789,0.0,3.96,974.62707739935,40.3,1.098,0.0,9.21,4451.243319931377,8.32,0.598,0.0,1.89,4425.027571665515
1731071140.05,19.8,1.028,0.0,1.36,4872.066611049155,19.8,0.742,0.0,2.66,974.6699813270118,39.7,1.122,0.0,1.94,4451.084537044292,7.68,0.977,0.0,1.48,4424.980532443052
1731071140.55,19.8,0.833,0.0,2.5,4872.281190571825,19.8,1.303,0.0,4.41,974.7128859310328,40.3,1.325,0.0,2.12,4451.083101841253,8.32,1.005,0.0,3.56,4424.933493285522
1731071141.05,19.8,0.443,0.0,1.88,4872.495773471743,19.8,0.974,0.0,2.73,974.7557912113172,39.0,0.712,0.0,2.26,4451.147408767878,7.68,0.651,0.0,1.6,4424.886454192921
1731071141.55,20.5,0.346,0.0,1.79,4872.710359748464,20.5,0.915,0.0,0.725,974.7986971677792,41.0,0.901,0.0,1.72,4451.71083959095,8.32,0.833,0.0,1.63,4424.839415165256
1731071142.05,19.8,0.531,0.0,1.9,4872.92494940154,19.9,0.94,0.0,0.714,974.8416038003296,39.7,1.102,0.0,2.82,4451.691221796836,7.68,0.836,0.0,5.5,4424.792376202527
1731071142.55,19.8,0.58,0.0,1.88,4873.139542430526,19.8,1.0,0.0,0.829,974.8845111088788,40.3,1.272,0.0,1.59,4451.247759966813,8.32,1.149,0.0,1.62,4424.745337304736
1731071143.05,19.9,0.462,0.0,8.6,4873.354138834978,19.8,0.861,0.0,0.753,974.9274190933407,39.7,1.065,0.0,1.62,4451.357273949952,7.68,1.124,0.0,1.68,4424.698298471886
1731071143.55,20.5,0.449,0.0,1.87,4873.5687386144455,19.8,0.631,0.0,0.797,974.97032775362,40.3,1.335,0.0,2.98,4451.867702973681,8.32,0.609,0.0,1.56,4424.651259703978
1731071144.05,19.8,0.439,0.0,1.53,4873.783341768487,20.5,0.494,0.0,0.888,975.0132370896304,39.7,1.096,0.0,7.14,4451.522115974601,7.68,0.75,0.0,1.51,4424.604221001016
1731071144.55,19.8,0.452,0.0,3.21,4873.997948296655,19.8,0.541,0.0,0.905,975.056147101283,40.4,1.318,0.0,1.72,4451.665852241462,8.32,0.907,0.0,2.35,4424.557182362998
1731071145.05,19.8,0.544,0.0,1.68,4874.212558198503,19.8,0.597,0.0,0.897,975.0990577884884,39.7,1.389,0.0,2.22,4451.817056948595,7.68,1.108,0.0,1.91,4424.51014378993
1731071145.55,20.5,0.621,0.0,2.06,4874.427171473588,20.5,0.515,0.0,0.92,975.1419691511604,39.6,0.771,0.0,1.44,4451.641802257328,8.31,1.015,0.0,2.07,4424.463105281816
1731071146.05,19.8,0.425,0.0,1.92,4874.641788121461,19.8,0.628,0.0,2.1,975.1848811892036,40.3,0.669,0.0,2.32,4451.932561473912,7.69,0.633,0.0,1.94,4424.416066838651
1731071146.55,19.8,0.52,0.0,2.24,4874.85640814168,19.8,0.738,0.0,0.861,975.2277939025324,40.3,0.763,0.0,1.84,4451.914752707379,8.32,1.03,0.0,1.61,4424.369028460442
1731071147.05,19.9,0.487,0.0,1.68,4875.071031533797,19.9,0.636,0.0,1.47,975.2707072910572,39.7,0.758,0.0,1.74,4452.263922122277,7.68,0.55,0.0,3.09,4424.32199014719
1731071147.55,20.5,1.226,0.0,9.86,4875.285658297367,19.8,0.479,0.0,1.44,975.313621354689,40.3,1.167,0.0,3.31,4452.019082413658,8.32,1.648,0.0,1.69,4424.274951898898
1731071148.05,19.8,0.695,0.0,2.8,4875.500288431947,20.5,0.661,0.0,1.79,975.3565360933418,39.7,1.037,0.0,1.95,4451.649260844712,7.68,1.399,0.0,1.6,4424.227913715567
1731071148.55,19.9,0.456,0.0,2.21,4875.7149219370895,19.8,0.624,0.0,0.887,975.3994515069204,40.3,1.15,0.0,6.6,4451.697845435531,8.32,0.896,0.0,3.0,4424.1808755972
1731071149.05,19.8,0.662,0.0,1.84,4875.929558812351,19.9,0.565,0.0,0.907,975.4423675953389,39.7,1.096,0.0,1.88,4452.128620672085,7.68,0.998,0.0,1.66,4424.133837543796
1731071149.55,20.5,0.743,0.0,2.18,4876.144199057284,19.8,0.62,0.0,0.838,975.4852843585078,39.7,0.933,0.0,2.07,4452.140084038295,8.32,0.555,0.0,1.95,4424.086799555362
1731071150.05,19.2,0.695,0.032,2.13,4876.358842671445,20.5,0.61,0.0,0.84,975.5282017963384,40.3,0.699,0.0,2.82,4452.415776444749,7.68,1.151,0.0,1.91,4424.039761631895
1731071150.55,19.8,0.674,0.0,1.79,4876.573489654391,19.8,0.805,0.0,0.791,975.5711199087448,40.3,0.468,0.0,1.57,4452.426489662367,7.68,0.727,0.0,2.06,4423.992723773403
1731071151.05,19.9,0.918,0.0,2.12,4876.788140005674,19.8,0.662,0.0,0.82,975.6140386956316,39.7,0.772,0.0,1.91,4452.222208561539,8.32,0.612,0.0,2.22,4423.945685979881
1731071151.55,20.5,0.757,0.0,1.82,4877.002793724851,20.5,0.779,0.0,0.772,975.6569581569128,40.3,0.674,0.0,3.15,4452.206108145784,8.32,0.879,0.0,1.57,4423.898648251336
1731071152.05,19.8,0.77,0.0,5.29,4877.217450811477,19.8,0.924,0.0,0.798,975.6998782924998,39.7,0.723,0.0,1.71,4452.099683332594,7.68,0.482,0.0,2.91,4423.85161058777
1731071152.55,19.8,0.568,0.0,2.74,4877.432111265107,19.9,0.721,0.0,0.849,975.7427991023033,40.3,0.723,0.0,1.86,4452.702344058676,8.32,1.195,0.0,1.64,4423.804572989181
1731071153.05,19.8,0.44,0.0,2.21,4877.646775085298,19.8,0.77,0.0,0.765,975.7857205862372,38.4,0.777,0.032,3.01,4452.251010714984,7.68,0.689,0.0,1.72,4423.757535455577
1731071153.55,20.5,0.526,0.0,1.51,4877.861442271603,19.9,0.859,0.0,2.5,975.8286427442072,40.3,0.725,0.0,1.62,4452.614945674626,8.32,0.592,0.0,2.53,4423.710497986956
1731071154.05,19.8,0.585,0.0,2.84,4878.076112823579,20.5,0.746,0.0,1.03,975.8715655761264,39.7,0.643,0.0,1.79,4452.816613724394,7.68,0.712,0.0,1.56,4423.663460583321
1731071154.55,19.8,0.695,0.0,1.77,4878.290786740782,19.8,0.886,0.0,5.69,975.9144890819066,40.3,0.796,0.0,2.35,4452.855151858659,8.32,0.471,0.0,1.68,4423.616423244674
1731071155.05,19.9,0.72,0.0,1.67,4878.505464022767,19.8,0.729,0.0,2.67,975.9574132614588,39.7,0.986,0.0,1.75,4452.6132561072445,7.68,1.388,0.0,2.56,4423.569385971016
1731071155.55,20.5,0.872,0.0,3.27,4878.720144669092,20.5,0.704,0.0,1.54,976.0003381146968,40.3,0.912,0.0,1.81,4452.515566407496,8.32,1.056,0.0,1.63,4423.5223487623525
1731071156.05,19.8,0.843,0.0,1.73,4878.934828679309,19.8,0.711,0.0,2.3,976.043263641526,39.7,0.994,0.0,2.42,4452.880351477071,7.68,0.843,0.0,6.09,4423.475311618682
1731071156.55,19.8,0.892,0.0,2.27,4879.149516052977,19.8,0.631,0.0,1.82,976.0861898418602,39.7,1.01,0.016,1.51,4453.2268692345215,8.32,0.622,0.0,1.55,4423.42827454001
1731071157.05,19.2,0.922,0.032,9.26,4879.364206789651,19.9,0.528,0.0,1.69,976.129116715611,39.7,0.967,0.0,2.08,4453.049767023704,7.68,0.601,0.0,1.62,4423.381237526333
1731071157.55,20.5,0.772,0.0,1.68,4879.578900888887,20.5,0.815,0.0,3.14,976.1720442626892,40.3,1.184,0.0,2.05,4452.897413414473,8.32,1.517,0.0,2.15,4423.3342005776585
1731071158.05,19.8,0.731,0.0,2.33,4879.793598350242,19.8,0.715,0.0,1.31,976.2149724830092,39.7,1.021,0.0,8.95,4452.744368498959,7.68,0.776,0.0,1.87,4423.287163693988
1731071158.55,19.8,0.798,0.0,1.71,4880.008299173271,19.8,0.647,0.0,2.99,976.257901376476,40.3,0.991,0.0,2.86,4453.123434839372,8.31,0.862,0.0,1.65,4423.240126875321
1731071159.05,19.8,0.802,0.0,1.81,4880.223003357531,19.8,0.797,0.0,2.21,976.300830943004,39.7,0.783,0.0,2.61,4453.411938159147,7.69,0.776,0.0,2.49,4423.19309012166
1731071159.55,19.8,0.927,0.0,2.19,4880.437710902578,19.8,0.718,0.0,7.33,976.3437611825042,40.3,0.822,0.0,2.45,4452.875525486408,8.32,0.788,0.0,2.44,4423.146053433008
1731071160.05,20.5,0.961,0.0,1.83,4880.652421807969,20.5,0.684,0.0,2.38,976.386692094888,39.7,1.155,0.0,1.72,4453.114638019995,7.68,0.666,0.0,2.09,4423.099016809368
1731071160.55,19.8,0.828,0.0,1.97,4880.8671360732615,19.8,0.824,0.0,1.36,976.4296236800697,39.0,1.043,0.016,2.33,4452.964046272433,8.32,0.877,0.0,3.45,4423.0519802507415
1731071161.05,19.8,0.785,0.0,1.89,4881.08185369801,19.8,0.926,0.0,3.95,976.4725559379544,40.3,1.209,0.0,2.4,4453.421278557642,7.68,0.979,0.0,2.08,4423.004943757129
1731071161.55,19.8,0.339,0.0,8.55,4881.296574681772,20.5,0.845,0.0,1.59,976.515488868456,40.3,1.322,0.0,1.82,4453.686891391695,7.68,0.716,0.0,1.98,4422.957907328533
1731071162.05,20.5,0.462,0.0,2.31,4881.511299024104,19.9,0.941,0.0,0.82,976.5584224714868,39.7,1.404,0.0,1.83,4453.002221770104,8.32,0.936,0.0,1.65,4422.910870964958
1731071162.55,19.8,0.408,0.0,1.66,4881.726026724564,19.8,0.794,0.0,0.798,976.6013567469572,39.7,0.898,0.0,3.71,4453.2047209164975,8.32,0.764,0.0,1.72,4422.863834666402
1731071163.05,19.8,0.543,0.0,1.87,4881.940757782708,19.8,0.888,0.0,0.761,976.644291694782,40.3,1.071,0.0,1.72,4453.210742816167,7.68,0.922,0.0,2.79,4422.816798432873
1731071163.55,20.5,0.824,0.0,3.3,4882.155492198092,20.5,1.042,0.0,0.831,976.6872273148664,39.7,1.115,0.0,1.53,4453.641289056238,8.32,0.868,0.0,1.67,4422.769762264366
1731071164.05,19.8,0.37,0.0,1.68,4882.370229970275,19.8,1.03,0.0,0.828,976.7301636071244,40.4,0.956,0.0,2.48,4453.606137201994,7.68,0.559,0.0,1.6,4422.722726160889
1731071164.55,19.8,0.565,0.0,1.9,4882.584971098813,19.8,0.702,0.0,0.859,976.7731005714678,40.3,1.082,0.0,1.93,4453.224790721631,8.32,0.775,0.0,2.99,4422.67569012244
1731071165.05,19.8,0.582,0.0,1.62,4882.799715583264,19.8,0.619,0.0,0.891,976.816038207808,39.7,1.258,0.0,1.61,4453.633598975334,7.68,1.048,0.0,1.49,4422.628654149023
1731071165.55,19.9,0.746,0.0,1.56,4883.014463423184,20.5,0.463,0.0,0.821,976.8589765160592,40.3,1.246,0.0,2.47,4453.493756193427,8.32,1.121,0.0,10.3,4422.581618240642
1731071166.05,20.5,0.523,0.0,3.29,4883.22921461813,19.8,0.555,0.0,0.753,976.9019154961264,39.7,1.265,0.0,1.52,4454.090163613227,7.68,1.115,0.0,2.38,4422.534582397293
1731071166.55,19.8,0.388,0.0,1.49,4883.443969167661,19.8,0.664,0.0,1.2,976.944855147925,40.3,1.638,0.0,1.75,4454.029232785318,8.32,0.616,0.0,1.37,4422.487546618984
1731071167.05,19.9,0.659,0.0,1.66,4883.6587270713335,19.9,0.659,0.0,0.861,976.9877954713656,39.7,0.668,0.0,1.46,4453.767089316885,7.68,0.917,0.0,2.34,4422.440510905714
1731071167.55,19.8,0.512,0.0,1.97,4883.873488328705,20.5,0.515,0.0,0.803,977.03073646636,40.3,0.612,0.0,9.29,4453.825394246783,7.68,0.606,0.0,1.9,4422.393475257488
1731071168.05,20.5,0.532,0.0,1.81,4884.088252939335,19.8,0.46,0.0,0.82,977.0736781328226,39.7,0.707,0.0,2.43,4454.09716300851,8.32,1.172,0.0,2.24,4422.346439674305
1731071168.55,19.8,0.6,0.0,2.63,4884.3030209027775,19.9,0.484,0.0,0.931,977.1166204706586,39.6,0.726,0.016,1.79,4454.137080170203,8.32,1.083,0.0,1.69,4422.299404156169
1731071169.05,19.8,0.61,0.0,2.19,4884.517792218593,19.8,0.563,0.0,0.774,977.159563479783,39.7,0.987,0.0,1.55,4453.660328037797,7.68,1.038,0.0,1.71,4422.25236870308
1731071169.55,20.5,0.607,0.0,1.66,4884.732566886339,19.8,0.613,0.0,0.812,977.202507160107,40.3,0.931,0.0,2.31,4453.771575920891,8.32,1.089,0.0,3.43,4422.205333315042
1731071170.05,19.8,0.754,0.0,3.83,4884.947344905572,20.5,0.62,0.0,0.859,977.245451511542,39.7,1.004,0.0,1.99,4453.968814797733,7.68,0.631,0.0,7.25,4422.158297992056
1731071170.55,19.8,0.63,0.0,2.41,4885.162126275852,19.8,0.483,0.0,0.879,977.2883965340028,40.3,1.066,0.0,2.06,4454.430533949686,8.32,1.21,0.0,1.76,4422.111262734126
1731071171.05,19.8,0.633,0.0,1.85,4885.376910996735,19.8,0.542,0.0,0.835,977.3313422273948,39.0,0.627,0.0,1.68,4453.90602207646,7.68,0.973,0.0,2.96,4422.064227541252
1731071171.55,20.5,0.485,0.0,3.69,4885.591699067781,20.5,0.634,0.0,0.88,977.3742885916326,41.0,0.457,0.0,1.75,4454.610287547442,8.32,0.623,0.0,1.82,4422.017192413435
1731071172.05,19.8,0.736,0.0,2.19,4885.806490488546,19.8,0.648,0.0,0.843,977.4172356266278,39.7,0.558,0.0,6.41,4454.084354589107,7.68,0.93,0.0,1.69,4421.97015735068
1731071172.55,19.8,0.569,0.0,2.07,4886.021285258589,19.8,0.707,0.0,0.817,977.460183332292,40.3,0.833,0.0,1.62,4454.312532205381,8.32,1.109,0.0,1.9,4421.923122352988
1731071173.05,19.8,0.801,0.0,1.79,4886.236083377471,19.8,0.66,0.0,0.881,977.5031317085396,39.7,0.754,0.0,1.54,4454.52214478014,7.68,1.525,0.0,1.55,4421.876087420362
1731071173.55,20.5,0.793,0.0,1.51,4886.450884844746,20.5,0.554,0.0,0.693,977.5460807552764,40.3,0.813,0.0,2.76,4454.47247452359,8.32,1.112,0.0,1.84,4421.829052552802
1731071174.05,19.8,0.667,0.0,2.67,4886.665689659975,19.8,0.607,0.0,0.775,977.5890304724168,39.7,0.833,0.0,1.79,4454.120560910721,7.68,0.808,0.0,1.42,4421.78201775031
1731071174.55,19.8,0.671,0.0,1.68,4886.880497822716,19.8,0.82,0.0,0.786,977.6319808598728,39.7,1.077,0.0,1.58,4454.306294005847,8.32,0.99,0.0,4.65,4421.73498301289
1731071175.05,19.8,0.553,0.0,1.73,4887.095309332528,19.9,0.75,0.0,0.837,977.674931917556,40.4,0.91,0.0,2.84,4454.915628323237,7.68,0.567,0.0,4.4,4421.687948340542
1731071175.55,20.5,0.617,0.0,8.44,4887.31012418897,20.5,0.715,0.0,0.874,977.7178836453808,39.7,0.715,0.0,1.73,4454.819190212449,8.32,1.285,0.0,3.84,4421.640913733272
1731071176.05,19.8,0.764,0.0,2.08,4887.524942391598,19.8,0.717,0.0,0.909,977.7608360432532,40.3,0.876,0.0,1.54,4454.469595578171,7.68,0.764,0.0,3.7,4421.593879191078
1731071176.55,19.9,0.856,0.0,2.3,4887.739763939975,19.8,0.791,0.0,1.78,977.8037891110874,40.3,0.754,0.0,3.49,4454.697926810907,8.32,0.719,0.0,2.37,4421.546844713963
1731071177.05,19.8,0.668,0.0,1.95,4887.954588833656,19.8,0.747,0.0,1.18,977.8467428487957,39.7,1.023,0.0,7.27,4454.663281447404,7.68,0.558,0.0,1.82,4421.49981030193
1731071177.55,20.5,0.755,0.0,1.7,4888.169417072202,19.8,0.587,0.0,0.841,977.8896972562897,40.3,0.904,0.0,1.84,4455.021269516912,8.32,0.633,0.0,1.78,4421.452775954979
1731071178.05,19.8,0.864,0.0,2.54,4888.384248655173,20.5,0.555,0.0,0.837,977.9326523334836,39.7,1.136,0.0,2.74,4454.794277660884,7.69,1.685,0.0,2.14,4421.405741673117
1731071178.55,19.8,0.666,0.0,1.96,4888.599083582126,19.8,0.644,0.0,0.765,977.975608080284,40.3,1.101,0.0,2.46,4454.81616184899,8.32,1.053,0.0,2.36,4421.35870745634
1731071179.05,19.9,0.732,0.0,1.53,4888.81392185262,19.8,0.812,0.0,1.76,978.018564496605,39.7,1.236,0.0,1.72,4454.999653755126,7.67,1.01,0.0,2.45,4421.311673304655
1731071179.55,20.5,1.121,0.0,3.43,4889.028763466216,20.5,0.644,0.0,0.728,978.0615215823588,39.7,0.767,0.0,2.45,4454.956165402102,7.68,0.698,0.0,9.12,4421.26463921806
1731071180.05,19.8,0.816,0.0,6.77,4889.243608422472,19.8,0.695,0.0,2.5,978.1044793374568,40.3,0.779,0.0,1.35,4454.820273853335,8.32,0.694,0.0,1.55,4421.217605196559
1731071180.55,19.8,0.838,0.0,1.86,4889.458456720949,19.8,0.645,0.0,0.76,978.1474377618144,39.7,1.058,0.0,2.23,4455.212775985633,7.68,0.593,0.0,3.31,4421.170571240155
1731071181.05,19.8,0.947,0.0,3.58,4889.673308361203,19.8,0.785,0.0,0.881,978.1903968553368,40.3,0.877,0.0,1.92,4455.152806623637,8.32,0.738,0.0,1.7,4421.12353734885
1731071181.55,20.5,1.248,0.0,1.76,4889.888163342798,19.8,0.739,0.0,0.707,978.2333566179392,40.3,1.176,0.0,8.56,4455.239922142499,8.32,0.775,0.0,1.61,4421.076503522643
1731071182.05,19.8,1.452,0.0,1.65,4890.10302166529,20.5,0.827,0.0,1.04,978.2763170495332,39.7,1.503,0.0,3.55,4455.30546380106,7.68,1.44,0.0,3.29,4421.029469761539
1731071182.55,19.8,0.66,0.0,5.09,4890.31788332824,19.9,0.897,0.0,0.715,978.3192781500308,40.3,1.076,0.0,2.1,4455.757314702884,8.32,0.983,0.0,3.5,4420.98243606554
1731071183.05,19.8,0.59,0.0,1.47,4890.5327483312085,19.8,0.871,0.0,0.934,978.3622399193472,39.0,1.522,0.016,2.75,4455.659460253262,7.68,0.752,0.0,3.91,4420.9354024346485
1731071183.55,20.5,0.649,0.0,1.94,4890.747616673753,20.5,0.797,0.0,0.805,978.405202357388,39.7,1.487,0.016,4.0,4455.126580613127,8.32,0.915,0.0,6.02,4420.888368868864
1731071184.05,19.8,0.478,0.0,1.93,4890.962488355436,19.8,1.069,0.0,1.54,978.448165464068,39.7,1.244,0.0,1.9,4455.777873487499,7.69,0.92,0.0,10.0,4420.84133536819
1731071184.55,19.8,0.606,0.0,3.11,4891.177363375816,19.9,1.029,0.0,8.78,978.4911292392992,40.3,1.005,0.0,7.73,4455.793471916271,7.67,0.51,0.0,2.02,4420.7943019326285
1731071185.05,19.8,0.523,0.0,1.56,4891.392241734453,19.8,1.008,0.0,1.16,978.5340936829936,39.7,0.942,0.0,2.71,4455.720298979986,8.32,0.719,0.0,1.61,4420.747268562182
1731071185.55,20.5,0.402,0.0,1.84,4891.607123430908,20.5,1.297,0.0,0.786,978.5770587950664,40.3,1.004,0.0,2.51,4455.857900213245,8.32,0.631,0.0,1.64,4420.700235256854
1731071186.05,19.2,0.524,0.032,3.1,4891.82200846474,19.2,0.493,0.0,0.78,978.6200245754228,39.7,1.038,0.0,6.91,4455.79017648915,7.68,0.973,0.0,2.82,4420.653202016643
1731071186.55,19.8,0.472,0.0,1.41,4892.03689683551,20.5,0.52,0.0,0.817,978.6629910239786,40.3,1.231,0.0,2.26,4455.403257885629,8.32,0.934,0.0,1.66,4420.606168841553
1731071187.05,19.8,0.479,0.0,1.78,4892.251788542777,19.8,0.609,0.0,0.705,978.7059581406454,39.7,1.493,0.0,3.43,4455.600984599502,7.68,0.558,0.0,1.7,4420.559135731588
1731071187.55,19.9,0.489,0.0,2.54,4892.466683586103,19.8,0.495,0.0,0.812,978.7489259253354,40.3,1.245,0.0,2.96,4455.694750257309,8.31,0.786,0.0,2.36,4420.5121026867455
1731071188.05,20.5,0.474,0.0,1.55,4892.681581965048,20.5,0.411,0.0,1.01,978.7918943779634,39.1,0.752,0.0,2.25,4455.876062492587,7.69,0.687,0.0,2.23,4420.465069707034
1731071188.55,19.8,0.703,0.0,1.55,4892.896483679171,19.8,0.578,0.0,0.851,978.8348634984357,40.9,1.239,0.0,3.82,4455.774901208694,8.32,0.983,0.0,2.68,4420.418036792447
1731071189.05,19.8,0.674,0.0,1.78,4893.111388728035,19.8,0.514,0.0,0.84,978.877833286667,39.7,0.727,0.0,2.57,4455.954281309166,7.68,1.216,0.0,2.03,4420.371003942995
1731071189.55,19.8,0.571,0.0,8.05,4893.326297111199,19.9,0.552,0.0,0.829,978.9208037425698,39.7,1.112,0.0,2.12,4456.222622013256,8.32,0.629,0.0,2.08,4420.323971158676
1731071190.05,20.5,0.516,0.0,2.25,4893.541208828224,20.5,0.679,0.0,0.84,978.9637748660558,40.3,0.921,0.0,2.19,4455.949449767032,7.69,0.844,0.0,2.52,4420.276938439491
1731071190.55,19.8,0.792,0.0,1.73,4893.756123878672,19.8,0.487,0.0,1.13,979.0067466570404,40.3,1.076,0.0,2.13,4455.866692903737,8.31,0.406,0.0,1.85,4420.229905785445
1731071191.05,19.8,0.696,0.0,1.68,4893.971042262102,19.8,0.502,0.0,0.892,979.0497191154294,39.7,1.153,0.0,8.96,4456.184149609407,7.05,1.115,0.083,1.7,4420.182873196538
1731071191.55,20.5,0.726,0.0,5.01,4894.185963978075,20.5,0.55,0.0,1.51,979.092692241138,40.3,1.052,0.0,2.37,4456.2192469411775,8.31,1.21,0.0,3.04,4420.135840672773
1731071192.05,19.8,0.617,0.0,3.75,4894.400889026153,19.8,0.534,0.0,1.4,979.1356660340788,39.7,0.936,0.0,1.9,4456.178638974617,7.68,0.65,0.0,1.61,4420.088808214151
1731071192.55,19.8,0.836,0.0,4.34,4894.615817405896,19.8,0.517,0.0,0.941,979.1786404941632,39.7,0.562,0.0,3.65,4456.248802817129,8.32,0.867,0.0,1.8,4420.041775820676
1731071193.05,19.8,0.787,0.0,1.83,4894.830749116869,19.8,0.624,0.0,0.827,979.2216156213068,39.7,0.73,0.016,1.7,4456.148663069346,7.68,0.496,0.0,2.5,4419.994743492351
1731071193.55,20.5,0.555,0.0,2.17,4895.0456841586265,20.5,0.627,0.0,1.03,979.2645914154158,40.3,0.516,0.0,1.68,4456.330118272348,8.32,1.155,0.0,8.1,4419.9477112291725
1731071194.05,19.8,0.746,0.0,6.98,4895.260622530735,19.8,0.676,0.0,0.934,979.3075678764052,39.7,0.614,0.0,3.23,4456.423116748841,7.68,0.664,0.0,2.08,4419.900679031148
1731071194.55,19.8,0.618,0.0,1.95,4895.475564232754,19.8,0.92,0.0,1.7,979.3505450041872,40.4,0.611,0.0,1.5,4456.384639117328,8.32,0.647,0.0,1.88,4419.853646898277
1731071195.05,19.8,0.598,0.0,1.67,4895.690509264245,19.8,0.718,0.0,0.829,979.3935227986744,39.6,0.841,0.0,1.73,4456.502038365729,7.68,1.078,0.0,2.31,4419.806614830562
1731071195.55,19.8,0.646,0.0,3.42,4895.90545762477,20.5,0.655,0.0,0.755,979.4365012597816,40.3,0.736,0.0,8.44,4456.416645538576,8.32,0.551,0.0,1.94,4419.759582828008
1731071196.05,20.5,0.729,0.0,1.6,4896.120409313889,19.8,0.732,0.0,2.57,979.4794803874154,39.7,0.83,0.0,1.68,4456.604208326785,7.68,1.249,0.0,1.86,4419.712550890612
1731071196.55,19.8,0.831,0.0,1.87,4896.335364331165,19.8,0.737,0.0,5.08,979.5224601814908,39.7,0.742,0.0,1.77,4456.573376276568,8.32,0.694,0.0,3.22,4419.665519018379
1731071197.05,19.8,0.616,0.0,2.41,4896.550322676159,19.8,0.729,0.0,3.73,979.56544064192,40.3,0.753,0.0,1.7,4456.492965869324,7.68,0.665,0.0,1.35,4419.618487211312
1731071197.55,19.8,0.592,0.0,1.39,4896.765284348434,20.5,0.777,0.0,1.4,979.6084217686156,40.3,0.719,0.0,1.61,4456.686176842065,7.68,0.519,0.0,1.8,4419.57145546941
1731071198.05,20.5,0.684,0.0,1.96,4896.980249347551,19.9,0.855,0.0,1.98,979.6514035614928,39.7,0.793,0.0,2.08,4456.787852990941,8.32,0.669,0.0,8.41,4419.524423792679
1731071198.55,19.2,0.706,0.032,2.48,4897.195217673071,19.8,0.685,0.0,4.34,979.6943860204576,39.7,0.858,0.0,1.63,4456.598486913641,8.32,1.414,0.0,1.71,4419.477392181117
1731071199.05,19.8,0.673,0.0,1.74,4897.410189324558,19.8,0.961,0.0,0.827,979.7373691454256,39.7,1.115,0.016,1.67,4456.736776467252,7.68,1.008,0.0,4.82,4419.430360634728
1731071199.55,20.5,0.656,0.0,2.09,4897.625164301572,20.5,0.897,0.0,0.831,979.7803529363092,39.6,1.064,0.0,2.36,4457.101794335427,8.32,0.778,0.0,6.57,4419.383329153514
1731071200.05,19.2,0.482,0.032,2.01,4897.840142603676,19.8,0.633,0.0,2.08,979.8233373930208,40.3,1.168,0.0,2.86,4456.711817024561,7.68,0.686,0.0,3.36,4419.336297737477
1731071200.55,19.8,1.046,0.0,2.41,4898.055124230433,19.8,0.819,0.0,0.758,979.8663225154758,40.3,1.154,0.0,1.8,4457.016424229493,8.32,0.695,0.0,3.7,4419.289266386622
1731071201.05,19.8,0.844,0.0,1.61,4898.270109181403,19.8,0.686,0.0,1.11,979.9093083035804,39.0,0.775,0.016,2.18,4457.158238948447,7.68,1.089,0.0,3.2,4419.242235100945
1731071201.55,20.5,0.874,0.0,1.8,4898.485097456151,20.5,0.614,0.0,1.02,979.95229475725,40.4,0.812,0.0,1.96,4457.152256745206,7.68,0.846,0.0,1.69,4419.195203880453
1731071202.05,19.8,1.042,0.0,3.71,4898.700089054238,19.8,0.724,0.0,2.16,979.995281876397,39.6,0.847,0.0,2.15,4457.189194250742,8.32,1.036,0.0,2.34,4419.148172725147
1731071202.55,19.8,1.047,0.0,2.35,4898.9150839752265,19.8,0.86,0.0,1.17,980.038269660934,40.3,1.455,0.0,1.74,4456.92850353309,7.68,0.738,0.0,3.16,4419.101141635027
1731071203.05,19.8,1.11,0.0,1.87,4899.13008221868,19.8,0.892,0.0,0.907,980.0812581107764,39.7,0.938,0.0,1.36,4456.9684479908165,8.32,0.745,0.0,1.98,4419.054110610098
1731071203.55,20.5,1.06,0.0,9.75,4899.345083784158,20.5,0.822,0.0,0.828,980.1242472258308,40.3,1.238,0.0,3.2,4457.140165948254,8.33,0.643,0.0,1.7,4419.00707965036
1731071204.05,19.2,0.273,0.0,1.54,4899.560088671226,19.8,0.966,0.0,2.12,980.167237006012,39.7,1.278,0.0,1.62,4457.793076622605,7.67,0.834,0.0,1.63,4418.960048755816
1731071204.55,20.5,0.509,0.0,1.73,4899.775096879448,19.8,0.975,0.0,1.08,980.2102274512334,40.3,1.284,0.0,1.71,4457.280971424391,8.32,0.861,0.0,2.57,4418.913017926467
1731071205.05,19.8,0.36,0.0,2.99,4899.990108408383,19.8,0.863,0.0,8.56,980.2532185614068,39.0,0.757,0.0,9.59,4457.703373665998,7.68,0.575,0.0,1.96,4418.865987162317
1731071205.55,20.5,0.526,0.0,1.64,4900.205123257597,20.5,0.908,0.0,1.18,980.2962103364486,41.0,0.757,0.0,1.94,4457.370541238887,8.32,0.653,0.0,1.6,4418.818956463368
1731071206.05,19.9,0.497,0.0,2.05,4900.420141426651,19.9,0.911,0.0,1.55,980.3392027762642,39.7,0.937,0.0,2.59,4457.581660473661,7.68,0.66,0.0,3.56,4418.771925829619
1731071206.55,19.8,0.89,0.0,1.5,4900.6351629151095,19.8,0.916,0.0,0.968,980.3821958807696,40.3,0.913,0.0,1.81,4457.431281653333,8.32,0.91,0.0,1.38,4418.724895261075
1731071207.05,19.8,0.669,0.0,1.64,4900.850187722534,19.9,0.795,0.0,0.895,980.4251896498778,39.7,1.129,0.0,1.49,4457.848680470375,7.68,1.008,0.0,4.73,4418.677864757737
1731071207.55,20.5,0.612,0.0,2.03,4901.065215848489,19.8,0.705,0.0,1.07,980.4681840835008,39.7,1.189,0.0,2.1,4458.099487677423,8.32,0.629,0.0,11.0,4418.630834319608
1731071208.05,19.8,0.81,0.0,9.17,4901.280247292538,20.5,0.442,0.0,1.28,980.5111791815544,40.3,1.198,0.0,1.85,4458.0673107899365,7.68,0.8,0.0,2.85,4418.58380394669
1731071208.55,19.8,0.566,0.0,1.77,4901.495282054243,19.8,0.388,0.0,1.04,980.5541749439452,40.3,1.289,0.0,1.64,4458.196031024971,8.32,0.737,0.0,2.11,4418.536773638984
1731071209.05,19.8,0.62,0.0,2.34,4901.710320133167,19.8,0.516,0.0,0.885,980.5971713705889,39.7,1.516,0.0,2.28,4458.02926495202,7.68,1.222,0.0,1.92,4418.489743396492
1731071209.55,20.5,0.374,0.0,2.17,4901.925361528876,19.9,0.979,0.0,6.34,980.6401684613978,39.7,0.79,0.0,7.21,4458.018257628726,8.32,1.163,0.0,2.26,4418.442713219217
1731071210.05,19.2,0.531,0.032,2.16,4902.140406240931,20.5,0.811,0.0,1.61,980.6831662162848,40.3,0.745,0.0,2.13,4458.364184103058,7.68,0.761,0.0,1.87,4418.395683107161
1731071210.55,19.8,0.622,0.0,1.76,4902.355454268897,19.8,0.434,0.0,0.82,980.726164635166,40.3,0.73,0.0,2.0,4457.732553254822,8.32,0.846,0.0,2.04,4418.348653060327
1731071211.05,19.8,0.48,0.0,1.99,4902.570505612336,19.8,0.687,0.0,2.71,980.7691637179472,39.7,1.005,0.0,1.56,4457.792935346384,7.68,1.021,0.0,2.65,4418.301623078714
1731071211.55,20.5,0.932,0.0,3.23,4902.785560270814,19.8,0.685,0.0,2.52,980.8121634645444,39.6,1.183,0.0,2.78,4458.288392588645,8.32,1.267,0.0,1.69,4418.254593162327
1731071212.05,19.8,0.56,0.0,1.81,4903.000618243893,20.5,0.57,0.0,3.2,980.8551638748704,40.3,1.0,0.0,1.76,4458.189912177354,7.69,1.179,0.0,9.03,4418.207563311167
1731071212.55,19.8,0.599,0.0,2.36,4903.2156795311375,19.8,0.724,0.0,1.95,980.8981649488378,40.3,1.15,0.0,1.77,4458.3481859068725,8.31,0.558,0.0,3.31,4418.160533525235
1731071213.05,19.8,0.575,0.0,2.44,4903.4307441321125,19.8,0.667,0.0,3.26,980.9411666863627,39.7,1.161,0.0,3.32,4458.486325893051,7.68,0.807,0.0,1.7,4418.113503804538
1731071213.55,20.5,0.596,0.0,1.46,4903.645812046379,19.9,0.571,0.0,1.34,980.9841690873512,39.7,0.991,0.0,1.81,4458.218592359508,8.32,0.416,0.0,1.67,4418.06647414907
1731071214.05,19.8,0.538,0.0,2.11,4903.860883273505,20.5,0.503,0.0,0.954,981.0271721517198,40.3,0.475,0.0,3.48,4458.676045799832,7.68,1.062,0.0,2.55,4418.01944455884
1731071214.55,19.8,0.578,0.0,1.59,4904.075957813052,19.9,0.705,0.0,0.872,981.0701758793806,40.3,0.58,0.0,1.58,4458.284950018062,7.68,0.737,0.0,1.81,4417.972415033847
1731071215.05,19.8,0.709,0.0,1.55,4904.291035664583,19.8,0.665,0.0,0.861,981.1131802702466,39.6,0.496,0.0,1.53,4458.577634186437,8.32,0.651,0.0,1.97,4417.925385574093
1731071215.55,20.5,0.724,0.0,2.1,4904.506116827667,19.8,0.691,0.0,0.759,981.156185324234,40.3,0.66,0.0,1.96,4458.281654277671,8.32,0.964,0.0,1.91,4417.878356179583
1731071216.05,19.8,0.677,0.0,1.88,4904.721201301864,20.5,0.599,0.0,0.949,981.1991910412488,39.7,0.632,0.0,1.92,4458.983912884103,7.68,0.562,0.0,1.61,4417.831326850313
1731071216.55,19.8,0.863,0.0,1.67,4904.93628908674,19.8,0.63,0.0,0.712,981.2421974212076,39.7,0.787,0.0,1.68,4458.657232569163,8.32,1.343,0.0,3.76,4417.784297586291
1731071217.05,19.8,0.628,0.0,2.57,4905.151380181859,19.8,0.666,0.0,0.892,981.2852044640226,40.4,0.968,0.0,2.52,4458.489700805999,7.68,0.944,0.0,1.65,4417.737268387516
1731071217.55,20.5,0.982,0.0,10.9,4905.366474586786,20.5,0.696,0.0,0.738,981.3282121696072,40.3,0.967,0.0,1.78,4458.996491104262,8.32,0.697,0.0,2.92,4417.690239253992
1731071218.05,19.9,0.691,0.0,2.04,4905.581572301086,19.8,0.832,0.0,0.814,981.371220537877,39.7,0.828,0.0,1.68,4459.145908241506,7.68,0.756,0.0,4.15,4417.643210185721
1731071218.55,19.8,0.649,0.0,1.86,4905.796673324324,19.8,0.765,0.0,0.864,981.4142295687388,40.3,1.142,0.0,2.46,4458.656043901574,8.32,0.514,0.0,4.91,4417.596181182703
1731071219.05,19.8,0.821,0.0,1.76,4906.011777656063,19.8,1.221,0.0,1.1,981.4572392621086,39.7,1.189,0.0,9.89,4458.805688180928,7.68,1.601,0.0,5.82,4417.549152244942
1731071219.55,20.5,1.017,0.0,2.15,4906.226885295869,20.5,1.103,0.0,0.752,981.5002496178994,40.3,1.083,0.0,1.55,4459.270273291142,8.32,1.274,0.0,3.23,4417.502123372438
1731071220.05,19.9,0.641,0.0,1.69,4906.441996243306,19.9,0.826,0.0,0.941,981.543260636024,39.7,1.134,0.0,2.67,4458.685520593693,7.68,0.938,0.0,1.45,4417.455094565195
1731071220.55,19.8,0.723,0.0,1.49,4906.657110497941,19.8,0.702,0.0,0.796,981.5862723163984,40.3,0.981,0.0,1.89,4459.176329539066,8.32,0.664,0.0,3.35,4417.408065823216
1731071221.05,19.8,0.757,0.0,3.01,4906.8722280593365,19.8,0.723,0.0,0.885,981.6292846589294,39.7,1.104,0.0,1.61,4458.993936348328,7.68,0.764,0.0,2.76,4417.3610371465
1731071221.55,20.5,0.716,0.0,1.95,4907.08734892706,20.5,0.868,0.0,0.818,981.672297663533,39.7,1.366,0.0,2.29,4459.254587501209,8.32,1.491,0.0,1.58,4417.314008535051
1731071222.05,19.8,0.896,0.0,9.59,4907.302473100675,19.8,0.609,0.0,0.818,981.7153113301222,39.7,0.687,0.0,1.96,4459.011960305715,7.68,0.839,0.0,3.95,4417.266979988871
1731071222.55,19.8,0.772,0.0,2.49,4907.517600579747,19.8,0.573,0.0,0.885,981.75832565861,40.9,0.75,0.0,2.13,4459.137979248839,8.32,0.732,0.0,1.99,4417.219951507961
1731071223.05,19.8,0.956,0.0,1.63,4907.7327313638425,19.9,1.009,0.0,0.8,981.8013406489129,39.7,1.185,0.0,1.78,4459.143194604921,7.68,0.645,0.0,1.67,4417.172923092326
1731071223.55,20.5,0.883,0.0,1.73,4907.947865452526,20.5,0.73,0.0,0.862,981.844356300937,40.3,0.747,0.0,6.22,4459.720068258322,8.32,0.694,0.0,1.86,4417.125894741965
1731071224.05,19.8,0.86,0.0,1.78,4908.163002845362,19.9,0.892,0.0,0.877,981.8873726145988,39.7,0.842,0.0,3.51,4459.389056054336,7.68,0.597,0.0,1.57,4417.07886645688
1731071224.55,19.8,1.101,0.0,1.56,4908.378143541918,19.8,1.229,0.0,0.868,981.9303895898114,40.3,1.149,0.0,2.07,4459.174435817796,8.32,0.751,0.0,1.89,4417.031838237075
1731071225.05,19.8,0.63,0.0,1.81,4908.5932875417575,19.8,0.814,0.0,0.859,981.9734072264878,39.7,1.246,0.0,1.64,4459.338382401095,7.68,0.74,0.0,1.6,4416.984810082551
1731071225.55,19.8,0.471,0.0,1.65,4908.808434844448,19.9,0.871,0.0,0.744,982.016425524544,40.3,1.271,0.0,2.54,4459.474511237444,8.32,0.635,0.0,1.61,4416.9377819933125
1731071226.05,20.5,0.315,0.0,1.44,4909.023585449555,20.5,0.881,0.0,0.71,982.0594444838872,39.7,1.189,0.0,1.88,4459.362754452487,7.68,0.658,0.0,9.19,4416.890753969357
1731071226.55,19.8,0.423,0.0,1.94,4909.238739356643,19.8,0.88,0.0,0.851,982.1024641044336,39.7,1.085,0.0,1.95,4459.938877609508,8.32,0.635,0.0,1.97,4416.84372601069
1731071227.05,19.8,0.495,0.0,1.87,4909.453896565279,19.8,0.966,0.0,0.858,982.145484386096,40.3,0.989,0.0,1.79,4459.844140586271,7.68,0.83,0.0,4.15,4416.796698117313
1731071227.55,19.8,0.484,0.0,1.6,4909.669057075028,19.9,0.952,0.0,0.922,982.1885053287874,40.3,1.012,0.0,1.56,4459.727733497983,8.31,0.97,0.0,1.78,4416.749670289227
1731071228.05,20.5,0.474,0.0,2.37,4909.8842208854585,20.5,0.899,0.0,0.83,982.2315269324246,39.6,1.097,0.0,3.35,4459.906349523342,7.69,0.514,0.0,1.6,4416.702642526437
1731071228.55,19.8,0.473,0.0,1.95,4910.099387996133,19.8,0.74,0.0,0.754,982.2745491969144,40.4,1.011,0.0,1.6,4459.54583142689,8.32,0.692,0.0,3.47,4416.65561482894
1731071229.05,19.8,0.413,0.0,2.45,4910.31455840662,19.8,0.478,0.0,1.11,982.3175721221728,39.7,1.118,0.0,1.87,4459.924637957764,7.68,0.757,0.0,1.78,4416.608587196742
1731071229.55,20.5,0.39,0.0,1.92,4910.529732116485,19.9,0.465,0.0,0.832,982.3605957081132,40.3,1.256,0.0,1.78,4459.647161279292,8.32,0.91,0.0,1.74,4416.561559629843
1731071230.05,19.8,0.397,0.0,1.55,4910.744909125295,20.5,0.503,0.0,0.827,982.4036199546484,39.7,1.531,0.0,2.02,4460.120926426916,7.67,0.906,0.0,3.54,4416.514532128248
1731071230.55,19.8,0.593,0.0,3.51,4910.960089432616,19.8,0.551,0.0,0.887,982.4466448616956,39.7,1.021,0.0,2.55,4459.908246534469,8.33,0.531,0.0,6.63,4416.467504691957
1731071231.05,19.8,0.541,0.0,1.87,4911.175273038013,19.8,0.624,0.0,0.921,982.4896704291608,40.3,0.866,0.0,1.92,4459.977469047361,7.68,0.768,0.0,1.78,4416.420477320971
1731071231.55,20.5,0.469,0.0,10.9,4911.390459941054,19.8,0.497,0.0,0.737,982.5326966569612,40.3,1.004,0.0,1.73,4460.132361216486,7.68,0.524,0.0,2.51,4416.373450015295
1731071232.05,19.8,0.428,0.0,2.04,4911.605650141306,20.5,0.448,0.0,0.681,982.5757235450094,39.7,0.698,0.0,3.51,4460.056741167737,8.32,1.065,0.0,1.9,4416.326422774929
1731071232.55,19.8,0.44,0.0,1.9,4911.820843638334,19.8,0.591,0.0,0.843,982.6187510932192,39.7,0.767,0.016,1.6,4459.944165838,8.32,1.056,0.0,2.45,4416.279395599875
1731071233.05,19.8,0.508,0.0,2.75,4912.036040431707,19.8,0.53,0.0,0.754,982.6617793015064,39.7,1.068,0.0,10.6,4460.240744186296,7.68,0.584,0.0,1.88,4416.232368490138
1731071233.55,20.5,0.45,0.0,2.12,4912.251240520989,20.5,0.51,0.0,0.69,982.7048081697784,40.3,0.994,0.0,3.7,4460.541365771028,8.32,0.868,0.0,2.62,4416.185341445715
1731071234.05,19.8,0.61,0.0,2.18,4912.46644390575,19.8,0.57,0.0,0.93,982.747837697952,39.7,0.976,0.0,1.79,4460.513396803373,7.68,0.469,0.0,3.34,4416.138314466611
1731071234.55,19.8,0.687,0.0,1.67,4912.681650585554,19.8,0.557,0.0,0.801,982.7908678859396,40.3,1.156,0.0,1.85,4460.4407688806505,8.32,1.106,0.0,2.3,4416.091287552829
1731071235.05,19.8,0.525,0.0,1.76,4912.896860559968,19.8,0.748,0.0,0.746,982.8338987336556,39.1,0.488,0.0,3.23,4460.83071942678,7.68,0.913,0.0,5.47,4416.044260704369
1731071235.55,20.5,0.648,0.0,3.13,4913.112073828563,20.5,0.645,0.0,0.753,982.8769302410158,40.9,0.426,0.0,1.43,4460.547635954675,8.32,0.746,0.0,8.53,4415.997233921236
1731071236.05,19.8,0.788,0.0,7.05,4913.327290390902,19.8,0.689,0.0,0.773,982.9199624079272,39.7,0.631,0.0,1.81,4460.782595972037,7.68,1.389,0.0,2.46,4415.950207203428
1731071236.55,19.8,0.634,0.0,1.66,4913.542510246553,19.9,0.711,0.0,1.0,982.9629952343068,40.3,0.678,0.0,2.85,4460.843917133529,8.32,0.694,0.0,2.48,4415.90318055095
1731071237.05,19.9,0.626,0.0,1.85,4913.757733395085,19.8,0.809,0.0,0.804,983.0060287200678,39.0,0.697,0.016,1.5,4461.033446960664,7.68,1.361,0.0,2.24,4415.856153963804
1731071237.55,20.5,0.924,0.0,1.55,4913.972959836063,19.8,0.765,0.0,0.754,983.0490628651236,39.7,0.911,0.0,2.23,4460.390207151114,8.32,1.008,0.0,1.37,4415.80912744199
1731071238.05,19.8,0.882,0.0,2.01,4914.188189569057,20.5,0.671,0.0,0.788,983.0920976693906,40.3,0.974,0.0,2.5,4460.808698603832,7.68,0.73,0.0,3.45,4415.762100985515
1731071238.55,19.8,0.578,0.0,2.01,4914.403422593631,19.8,0.636,0.0,1.36,983.135133132776,40.3,0.725,0.0,1.55,4461.009751232709,8.32,1.026,0.0,2.05,4415.715074594374
1731071239.05,19.8,0.546,0.0,1.62,4914.618658909356,19.8,0.697,0.0,0.956,983.1781692551966,39.7,0.664,0.0,2.32,4461.141252623782,7.68,0.645,0.0,1.86,4415.668048268574
1731071239.55,20.5,0.783,0.0,2.08,4914.833898515798,20.5,0.78,0.0,2.87,983.2212060365656,40.3,0.946,0.0,1.66,4460.699987971526,7.68,1.382,0.0,3.19,4415.621022008117
1731071240.05,19.8,1.043,0.0,1.98,4915.0491414125245,19.8,0.734,0.0,5.23,983.2642434767968,39.7,0.797,0.0,1.52,4461.288014082024,8.32,1.232,0.0,9.0,4415.573995813001
1731071240.55,19.8,0.591,0.0,9.45,4915.264387599105,19.8,0.751,0.0,0.896,983.3072815758064,40.3,0.857,0.0,2.36,4460.633253588371,8.33,0.889,0.0,2.48,4415.526969683234
1731071241.05,19.2,0.67,0.032,1.73,4915.479637075105,19.8,0.645,0.0,3.74,983.350320333502,39.7,0.813,0.0,1.95,4461.181914822332,7.67,0.986,0.0,2.0,4415.479943618813
1731071241.55,20.5,0.857,0.0,2.19,4915.694889840092,19.9,0.751,0.0,0.858,983.3933597498002,40.3,0.999,0.0,2.56,4461.25928730844,8.32,0.688,0.0,2.21,4415.432917619744
1731071242.05,19.8,0.679,0.0,3.17,4915.9101458936375,20.5,0.627,0.0,3.66,983.4363998246145,39.6,1.157,0.0,1.74,4461.015246890126,7.68,1.655,0.0,1.9,4415.385891686025
1731071242.55,19.8,0.934,0.0,1.98,4916.125405235305,19.8,0.782,0.0,0.872,983.479440557858,40.5,1.197,0.0,10.7,4460.895185011644,8.32,1.033,0.0,1.59,4415.338865817662
1731071243.05,19.8,0.759,0.0,1.69,4916.340667864667,19.8,0.726,0.0,3.29,983.522481949448,39.7,1.148,0.0,2.88,4461.598011303547,7.68,1.037,0.0,2.69,4415.291840014656
1731071243.55,20.5,0.691,0.0,3.34,4916.555933781288,20.5,0.526,0.0,0.763,983.5655239992916,39.7,0.704,0.0,2.05,4461.142224980732,8.32,0.727,0.0,1.68,4415.244814277007
1731071244.05,19.9,0.8,0.0,1.9,4916.771202984739,19.8,0.798,0.0,4.21,983.6085667073056,40.3,0.954,0.0,1.74,4461.490901752606,7.68,0.776,0.0,1.59,4415.197788604719
1731071244.55,19.8,0.764,0.0,1.83,4916.986475474587,19.8,0.704,0.0,0.794,983.6516100734032,40.3,0.801,0.0,2.5,4461.661799922229,7.68,0.668,0.0,6.66,4415.150762997793
1731071245.05,19.9,0.867,0.0,3.27,4917.2017512504,19.8,0.811,0.0,3.57,983.6946540974986,39.7,0.856,0.0,1.68,4461.842313979549,7.68,0.81,0.077,1.95,4415.103737456232
1731071245.55,20.5,0.817,0.0,1.63,4917.417030311747,20.5,0.698,0.0,0.824,983.7376987795084,40.3,0.857,0.0,2.11,4461.636094570447,8.32,0.776,0.0,1.66,4415.056711980041
1731071246.05,19.8,0.949,0.0,1.96,4917.6323126581965,19.8,0.635,0.0,3.32,983.7807441193396,39.7,0.996,0.0,1.76,4461.528004442232,7.68,0.575,0.0,2.61,4415.009686569216
1731071246.55,19.9,0.681,0.0,1.76,4917.847598289317,19.9,0.808,0.0,0.814,983.8237901169092,39.7,1.078,0.016,1.62,4461.453305583215,8.32,0.579,0.0,1.55,4414.962661223762
1731071247.05,19.8,0.438,0.0,2.31,4918.062887204676,19.8,0.727,0.0,3.76,983.8668367721308,39.7,1.215,0.0,7.92,4461.969934389265,7.68,0.567,0.0,2.92,4414.915635943681
1731071247.55,20.5,0.43,0.0,1.82,4918.278179403845,20.5,0.831,0.0,0.969,983.9098840849184,40.3,1.202,0.0,1.86,4461.854327736912,8.32,0.779,0.0,1.81,4414.868610728976
1731071248.05,19.8,0.448,0.0,1.49,4918.493474886391,19.8,0.888,0.0,1.16,983.9529320551884,39.7,0.917,0.0,1.94,4462.060441648533,7.68,0.822,0.0,1.73,4414.821585579649
1731071248.55,19.8,0.717,0.0,2.54,4918.7087736518815,19.8,0.941,0.0,1.02,983.9959806828488,40.3,1.106,0.0,1.71,4461.7993438577705,7.69,0.415,0.0,2.54,4414.774560495701
1731071249.05,19.8,0.953,0.0,1.99,4918.924075699888,19.9,0.926,0.0,0.978,984.0390299678158,39.7,1.074,0.0,1.79,4461.985845507814,8.32,0.69,0.0,4.93,4414.727535477133
1731071249.55,20.5,0.818,0.0,9.3,4919.139381029979,20.5,1.028,0.0,0.937,984.0820799100036,39.7,1.147,0.016,2.47,4462.091315561584,8.32,0.926,0.0,2.43,4414.68051052395
1731071250.05,19.8,0.542,0.0,13.3,4919.354689641721,19.2,0.425,0.0,0.878,984.1251305093258,39.7,0.971,0.0,2.2,4462.171940511756,7.68,1.105,0.0,2.46,4414.633485636151
1731071250.55,19.8,0.385,0.0,2.26,4919.570001534687,20.5,0.491,0.0,0.838,984.1681817656992,40.3,1.121,0.0,1.56,4461.875242846297,8.32,1.064,0.0,1.61,4414.586460813743
1731071251.05,19.8,0.302,0.0,1.85,4919.785316708443,19.9,0.742,0.0,0.786,984.2112336790316,39.6,1.522,0.0,3.21,4462.160577011869,7.68,0.651,0.0,3.12,4414.539436056722
1731071251.55,20.5,0.476,0.0,5.07,4920.000635162561,20.5,0.522,0.0,0.775,984.2542862492396,40.3,1.538,0.0,6.01,4462.204338767889,8.32,1.058,0.0,1.85,4414.492411365094
1731071252.05,19.8,0.415,0.0,2.5,4920.215956896607,19.8,0.482,0.0,0.766,984.2973394762372,39.0,0.759,0.0,1.93,4462.201916043596,7.68,0.686,0.0,1.55,4414.445386738859
1731071252.55,19.8,0.448,0.0,2.18,4920.431281910153,19.8,0.62,0.0,1.12,984.340393359938,41.0,0.853,0.0,1.71,4462.463993519002,8.32,1.127,0.0,2.45,4414.398362178021
1731071253.05,19.8,0.442,0.0,2.78,4920.646610202769,19.9,0.552,0.0,0.858,984.3834479002592,39.7,0.693,0.0,1.55,4461.8932393931145,7.68,1.09,0.0,1.66,4414.351337682583
1731071253.55,20.5,0.456,0.0,1.57,4920.861941774022,20.5,0.49,0.0,1.36,984.4265030971084,40.3,0.808,0.0,2.58,4462.014200957481,8.32,0.555,0.0,2.46,4414.304313252543
1731071254.05,19.8,0.494,0.0,1.68,4921.077276623483,19.9,0.592,0.0,1.12,984.4695589504024,39.6,0.824,0.0,1.81,4462.303090677096,7.68,0.792,0.0,1.52,4414.257288887906
1731071254.55,19.8,0.497,0.0,7.19,4921.292614750722,19.8,0.658,0.0,1.86,984.5126154600554,40.4,0.837,0.0,1.55,4462.146019862536,8.32,0.422,0.0,1.57,4414.2102645886725
1731071255.05,19.8,0.568,0.0,1.71,4921.507956155308,19.8,0.563,0.0,0.824,984.5556726259808,39.7,1.159,0.0,2.49,4462.310692729678,7.68,1.265,0.0,2.34,4414.163240354846
1731071255.55,20.5,0.688,0.0,3.31,4921.723300836812,19.8,0.487,0.0,0.897,984.598730448096,40.3,1.112,0.0,1.64,4462.171575985467,8.32,1.189,0.0,1.9,4414.1162161864295
1731071256.05,19.8,0.504,0.0,2.14,4921.938648794802,20.5,0.674,0.0,1.73,984.6417889263084,39.7,1.04,0.0,2.85,4462.440593253061,7.68,0.727,0.0,2.89,4414.069192083423
1731071256.55,19.8,0.756,0.0,2.12,4922.154000028849,19.8,0.683,0.0,8.7,984.6848480605356,39.7,0.592,0.0,1.96,4462.56809611817,8.32,0.961,0.0,2.09,4414.022168045829
1731071257.05,19.8,0.696,0.0,2.4,4922.369354538523,19.8,0.508,0.0,1.1,984.7279078506908,40.3,0.835,0.0,1.62,4462.601049404593,7.68,0.522,0.0,1.73,4413.97514407365
1731071257.55,20.5,0.575,0.0,3.89,4922.584712323394,19.8,0.604,0.0,0.887,984.7709682966886,40.4,0.773,0.0,2.75,4462.783214587541,8.32,1.091,0.0,2.41,4413.928120166887
1731071258.05,19.8,0.999,0.0,5.08,4922.800073383034,20.5,0.739,0.0,0.967,984.8140293984457,39.6,1.01,0.0,1.79,4462.5809796161575,7.68,0.791,0.0,1.68,4413.8810963255455
1731071258.55,19.8,0.756,0.0,2.14,4923.015437717009,19.8,0.627,0.0,0.957,984.85709115587,40.3,0.746,0.0,1.62,4462.942913409464,8.32,0.76,0.0,9.47,4413.834072549625
1731071259.05,19.8,0.593,0.0,1.68,4923.2308053248935,19.8,0.626,0.0,1.38,984.9001535688784,39.7,0.815,0.0,3.2,4462.771525577976,7.68,0.983,0.0,3.45,4413.787048839126
1731071259.55,19.8,0.511,0.0,6.09,4923.446176206256,20.5,0.834,0.0,1.03,984.943216637385,40.3,1.121,0.0,1.45,4463.177340996432,8.32,0.479,0.0,1.78,4413.740025194053
1731071260.05,20.5,0.579,0.0,3.45,4923.661550360666,19.8,0.693,0.0,0.707,984.986280361304,39.7,0.659,0.0,1.86,4463.20098051504,7.68,1.43,0.0,1.67,4413.693001614408
1731071260.55,19.9,0.632,0.0,4.21,4923.876927787696,19.8,0.729,0.0,0.838,985.0293447405528,39.7,0.928,0.0,3.0,4463.087832550508,8.32,0.753,0.0,2.9,4413.645978100192
1731071261.05,19.8,0.77,0.0,3.24,4924.092308486916,19.8,0.915,0.0,2.33,985.0724097750384,40.4,0.961,0.0,8.7,4462.986303130359,7.68,0.727,0.0,1.45,4413.598954651408
1731071261.55,20.5,1.011,0.0,1.71,4924.307692457895,20.5,1.092,0.0,1.28,985.1154754646788,39.6,0.971,0.016,1.89,4463.077478248566,7.68,0.753,0.0,1.7,4413.551931268057
1731071262.05,19.9,0.858,0.0,2.63,4924.523079700206,19.8,0.78,0.0,2.89,985.1585418093875,39.7,0.821,0.0,1.63,4463.087230645559,8.32,0.737,0.0,2.08,4413.504907950143
1731071262.55,19.8,0.811,0.0,1.85,4924.738470213418,19.8,1.01,0.0,1.67,985.201608809079,40.3,1.159,0.0,1.68,4463.335750377608,8.32,1.371,0.0,1.42,4413.457884697666
1731071263.05,19.8,0.682,0.0,1.71,4924.953863997104,19.8,0.841,0.0,8.31,985.2446764636704,39.7,1.076,0.0,2.74,4462.968490363918,7.68,0.713,0.0,4.3,4413.410861510631
1731071263.55,20.5,0.855,0.0,1.75,4925.169261050833,20.5,0.576,0.0,3.13,985.2877447730694,40.3,1.111,0.0,2.43,4463.204950707247,8.32,0.76,0.0,1.89,4413.363838389035
1731071264.05,19.8,0.814,0.0,9.28,4925.384661374175,19.8,0.587,0.0,0.79,985.3308137371936,39.6,1.05,0.0,1.76,4463.300960604048,7.68,0.59,0.0,1.65,4413.316815332885
1731071264.55,19.8,0.837,0.0,1.55,4925.600064966704,19.9,0.735,0.0,0.765,985.3738833559568,40.3,1.292,0.0,2.16,4463.059256676764,7.68,0.762,0.0,1.98,4413.269792342181
1731071265.05,19.8,1.893,0.0,1.81,4925.815471827989,19.8,0.653,0.0,0.769,985.4169536292734,39.7,1.2,0.0,2.24,4463.359762308093,8.32,1.161,0.0,1.79,4413.222769416925
1731071265.55,20.5,0.842,0.0,1.39,4926.030881957603,20.5,0.618,0.0,0.708,985.4600245570606,40.3,0.835,0.0,6.43,4463.239483155351,7.68,0.874,0.0,2.63,4413.175746557122
1731071266.05,19.8,1.136,0.0,1.66,4926.246295355116,19.8,0.949,0.0,1.15,985.5030961392264,39.7,0.829,0.0,2.01,4463.840511211287,8.32,0.979,0.0,2.23,4413.1287237627685
1731071266.55,19.9,1.001,0.0,2.31,4926.461712020098,19.8,0.951,0.0,0.777,985.546168375688,40.3,1.094,0.0,1.61,4463.791075531213,8.32,0.707,0.0,1.56,4413.081701033871
1731071267.05,19.8,1.057,0.0,1.93,4926.677131952123,19.8,0.813,0.0,0.671,985.58924126636,39.7,0.941,0.0,2.85,4463.541453515443,7.68,0.694,0.0,2.77,4413.034678370429
1731071267.55,20.5,0.989,0.0,2.18,4926.892555150761,20.5,0.826,0.0,0.867,985.632314811156,40.3,1.012,0.0,1.7,4463.524209467522,8.32,0.564,0.0,6.1,4412.987655772447
1731071268.05,19.2,0.362,0.0,1.94,4927.107981615585,19.8,0.759,0.0,0.938,985.6753890099938,39.7,1.057,0.0,1.48,4463.983612199872,7.68,0.764,0.0,1.63,4412.940633239927
1731071268.55,20.5,0.35,0.0,5.36,4927.323411346164,19.8,0.878,0.0,0.904,985.7184638627812,39.7,1.214,0.0,3.2,4463.412646677095,7.68,0.795,0.0,3.99,4412.893610772868
1731071269.05,19.8,0.593,0.0,3.02,4927.538844342072,19.9,0.965,0.0,1.47,985.761539369436,39.7,0.832,0.0,1.71,4463.431121916532,8.32,0.667,0.0,2.25,4412.846588371275
1731071269.55,20.5,0.372,0.0,1.79,4927.75428060288,20.5,0.871,0.0,0.846,985.804615529872,41.0,1.036,0.0,1.7,4463.752822340186,8.32,0.889,0.0,2.83,4412.799566035149
1731071270.05,19.8,0.641,0.0,1.61,4927.969720128158,19.8,0.98,0.0,1.2,985.8476923440038,39.6,0.982,0.0,2.97,4464.189503176208,7.68,0.906,0.0,1.62,4412.752543764492
1731071270.55,19.9,0.983,0.0,1.45,4928.185162917482,19.8,0.959,0.0,0.728,985.8907698117488,40.4,1.337,0.0,1.72,4464.124331768677,8.32,1.014,0.0,1.66,4412.705521559308
1731071271.05,19.8,0.611,0.0,1.65,4928.400608970419,19.8,0.657,0.0,0.906,985.9338479330148,39.7,1.217,0.0,2.58,4463.760363059465,7.68,1.269,0.0,3.4,4412.658499419596
1731071271.55,20.5,0.506,0.0,2.75,4928.616058286545,19.8,0.679,0.0,0.883,985.9769267077196,40.3,1.185,0.0,1.87,4463.734143953639,8.32,0.876,0.0,4.47,4412.611477345359
1731071272.05,19.8,0.875,0.0,2.14,4928.831510865431,20.5,0.504,0.0,0.776,986.0200061357776,39.7,1.158,0.0,1.73,4464.187105891051,7.68,1.022,0.0,1.62,4412.564455336601
1731071272.55,19.8,0.485,0.0,1.68,4929.046966706647,19.8,0.573,0.0,0.999,986.0630862171028,40.3,1.37,0.0,2.91,4464.291269570258,8.32,0.835,0.0,9.61,4412.517433393323
1731071273.05,19.8,0.98,0.0,3.45,4929.2624258097685,19.8,0.775,0.0,0.796,986.106166951613,39.7,1.67,0.0,2.42,4464.22101697241,7.68,1.064,0.0,1.75,4412.470411515527
1731071273.55,19.9,0.755,0.0,1.74,4929.477888174365,20.5,0.662,0.0,0.823,986.1492483392162,39.7,0.817,0.0,2.25,4464.161128264706,8.32,1.084,0.0,5.96,4412.423389703215
1731071274.05,20.5,1.175,0.0,1.93,4929.693353800011,19.8,0.678,0.0,0.987,986.19233037983,40.3,1.079,0.0,1.72,4464.237373867915,7.68,0.739,0.0,3.01,4412.376367956387
1731071274.55,19.8,0.865,0.0,2.2,4929.908822686278,19.8,0.647,0.0,0.895,986.2354130733688,40.3,0.964,0.0,2.15,4464.15680922658,8.32,0.989,0.0,1.96,4412.329346275049
1731071275.05,19.8,0.672,0.0,1.58,4930.124294832737,19.8,0.647,0.0,0.923,986.2784964197472,39.7,0.89,0.0,9.2,4464.566277379408,7.68,0.592,0.0,2.28,4412.2823246592
1731071275.55,20.5,0.597,0.0,1.55,4930.339770238965,19.8,0.611,0.0,0.808,986.3215804188828,40.3,0.934,0.0,1.87,4464.231196769268,8.32,1.029,0.0,2.0,4412.235303108846
1731071276.05,19.8,1.279,0.0,2.19,4930.5552489045285,20.5,0.62,0.0,1.9,986.3646650706831,39.7,0.938,0.0,2.2,4464.469297366294,7.68,1.095,0.0,1.72,4412.188281623983
1731071276.55,19.8,0.703,0.0,2.15,4930.770730829005,19.9,0.603,0.0,1.77,986.4077503750668,40.3,1.215,0.0,2.47,4464.282425697526,8.32,0.561,0.0,3.92,4412.141260204618
1731071277.05,19.8,0.532,0.0,2.14,4930.986216011966,19.8,0.648,0.0,2.24,986.4508363319476,39.7,1.228,0.0,1.82,4464.220527202755,7.68,0.811,0.0,7.28,4412.094238850752
1731071277.55,20.5,0.856,0.0,1.96,4931.201704452982,20.5,0.505,0.0,0.874,986.4939229412402,39.7,0.988,0.0,1.53,4464.837166185937,8.32,0.495,0.0,1.59,4412.047217562385
1731071278.05,19.8,0.628,0.0,9.34,4931.41719615163,19.8,0.517,0.0,1.45,986.5370102028623,40.3,0.593,0.0,2.47,4464.50510584216,7.68,1.356,0.0,2.22,4412.000196339525
1731071278.55,19.8,0.641,0.0,3.04,4931.632691107479,19.8,0.652,0.0,8.23,986.5800981167222,39.7,0.888,0.016,1.95,4464.904267567275,7.68,0.968,0.0,1.51,4411.953175182167
1731071279.05,19.8,0.579,0.0,1.77,4931.848189320105,19.8,0.672,0.0,0.764,986.6231866827376,39.7,0.823,0.0,1.89,4464.921414886699,8.32,0.768,0.0,2.87,4411.906154090316
1731071279.55,20.5,0.902,0.0,2.02,4932.063690789079,20.5,0.553,0.0,2.12,986.6662759008228,40.3,0.955,0.0,6.45,4464.599329276498,8.32,0.964,0.0,2.46,4411.859133063974
1731071280.05,19.8,0.818,0.0,1.49,4932.279195513976,19.8,0.531,0.0,2.78,986.7093657708928,39.7,0.697,0.0,1.56,4465.184410053829,7.68,0.521,0.0,1.9,4411.812112103144
1731071280.55,19.8,0.94,0.0,1.55,4932.494703494369,19.8,0.635,0.0,2.76,986.752456292865,40.3,0.84,0.0,2.23,4465.161418113791,8.32,1.145,0.0,2.05,4411.765091207827
1731071281.05,19.8,0.724,0.0,2.39,4932.710214729829,19.8,0.725,0.0,1.85,986.795547466648,39.7,0.989,0.0,1.6,4465.271293988067,7.68,0.77,0.0,1.49,4411.718070378025
1731071281.55,19.8,0.848,0.0,2.03,4932.925729219932,20.5,0.689,0.0,3.21,986.8386392921592,40.4,0.855,0.0,1.6,4464.661639999305,8.32,0.655,0.0,4.58,4411.67104961374
1731071282.05,20.5,0.588,0.0,2.13,4933.14124696425,19.8,0.844,0.0,2.97,986.8817317693132,39.6,0.693,0.0,2.82,4465.090348497665,7.68,0.844,0.0,2.2,4411.624028914975
1731071282.55,19.9,0.553,0.0,5.79,4933.3567679623575,19.8,0.77,0.0,1.46,986.9248248980252,40.4,0.933,0.0,1.92,4464.982397726891,8.32,0.716,0.0,1.94,4411.577008281732
1731071283.05,19.8,0.598,0.0,1.81,4933.572292213828,19.8,0.78,0.0,0.967,986.9679186782124,39.7,0.769,0.0,1.95,4465.347576359557,7.68,1.415,0.0,2.37,4411.529987714014
1731071283.55,19.9,0.833,0.0,3.98,4933.787819718234,20.5,0.834,0.0,3.11,987.0110131097836,40.3,0.821,0.0,2.38,4465.4179559410695,8.32,0.761,0.0,1.83,4411.482967211819
1731071284.05,20.4,0.603,0.0,1.73,4934.003350475149,19.8,0.732,0.0,0.992,987.0541081926564,39.7,1.226,0.0,2.22,4465.278026048932,7.68,0.662,0.0,2.1,4411.435946775154
1731071284.55,19.9,0.675,0.0,1.9,4934.218884484149,19.8,0.653,0.0,1.4,987.0972039267454,40.3,1.006,0.0,2.3,4464.993596596425,7.68,0.633,0.077,1.54,4411.388926404018
1731071285.05,19.9,0.749,0.0,2.76,4934.434421744806,19.9,0.526,0.0,1.11,987.1403003119656,39.7,1.047,0.0,1.65,4465.034404147504,7.68,0.637,0.0,1.44,4411.341906098415
1731071285.55,20.5,0.823,0.0,1.73,4934.649962256695,20.5,0.595,0.0,1.18,987.1833973482346,40.3,1.411,0.0,1.61,4465.5707655113765,8.32,1.875,0.0,1.71,4411.294885858347
1731071286.05,19.8,0.797,0.0,1.9,4934.865506019389,19.9,0.66,0.0,1.27,987.2264950354612,39.7,1.054,0.0,3.12,4465.665911551342,7.68,0.975,0.0,2.05,4411.247865683814
1731071286.55,19.8,1.051,0.0,2.6,4935.081053032463,19.8,0.656,0.0,1.27,987.2695933735628,40.3,1.024,0.0,1.64,4465.343347930038,8.32,0.846,0.0,7.81,4411.200845574819
1731071287.05,19.8,1.008,0.0,1.88,4935.29660329549,19.8,0.682,0.0,2.69,987.3126923624544,39.7,0.987,0.0,1.73,4465.494464913706,7.68,0.687,0.0,1.89,4411.153825531365
1731071287.55,20.5,0.809,0.0,1.96,4935.512156808045,20.5,0.65,0.0,1.6,987.3557920020512,40.3,0.767,0.0,3.46,4465.638996669825,8.32,0.702,0.0,1.88,4411.106805553453
1731071288.05,19.8,0.939,0.0,2.05,4935.727713569702,19.8,0.767,0.0,0.879,987.3988922922704,39.7,1.022,0.0,1.71,4465.901314824169,7.68,0.574,0.0,2.15,4411.059785641089
1731071288.55,19.9,1.034,0.0,1.79,4935.943273580036,19.8,0.693,0.0,3.46,987.4419932330208,40.3,0.961,0.0,1.67,4465.626820126843,8.31,0.758,0.0,1.56,4411.0127657942685
1731071289.05,19.8,0.811,0.0,2.5,4936.15883683862,19.8,0.957,0.0,0.925,987.4850948242206,39.7,1.37,0.0,8.17,4465.713101934479,7.7,0.88,0.0,1.8,4410.965746012997
1731071289.55,19.8,0.312,0.0,1.96,4936.37440334503,20.5,0.889,0.0,1.59,987.5281970657844,40.3,1.123,0.0,3.6,4465.85970004745,8.32,0.682,0.0,2.98,4410.918726297278
1731071290.05,20.5,0.469,0.0,3.09,4936.589973098839,19.8,0.8,0.0,1.05,987.5712999576272,39.7,1.436,0.0,3.74,4465.551458717098,7.68,0.692,0.0,2.11,4410.87170664711
1731071290.55,19.8,0.51,0.0,1.63,4936.805546099624,19.8,0.921,0.0,1.07,987.6144034996668,39.7,0.763,0.0,5.4,4465.570728224006,8.32,0.688,0.0,1.67,4410.824687062501
1731071291.05,19.8,0.428,0.0,1.72,4937.021122346956,19.9,0.97,0.0,1.09,987.6575076918116,40.3,0.786,0.0,4.13,4466.314921330357,7.68,0.894,0.0,8.45,4410.777667543445
1731071291.55,20.5,0.515,0.0,2.43,4937.236701840413,19.8,1.04,0.0,0.856,987.7006125339803,40.3,0.895,0.0,4.45,4465.944229069387,8.32,1.148,0.0,1.83,4410.730648089952
1731071292.05,19.8,0.311,0.0,1.64,4937.452284579568,20.5,1.112,0.0,0.751,987.7437180260872,39.0,1.142,0.016,4.52,4466.095090363151,7.68,0.568,0.0,1.99,4410.683628702017
1731071292.55,19.9,0.467,0.0,2.05,4937.667870563997,19.8,0.732,0.0,0.715,987.7868241680476,40.3,0.923,0.0,1.33,4465.707251386341,8.32,0.694,0.0,1.37,4410.636609379648
1731071293.05,19.8,0.477,0.0,1.8,4937.883459793275,19.8,0.369,0.0,0.679,987.8299309597794,39.6,1.073,0.0,2.42,4465.928123530106,7.68,0.667,0.0,1.61,4410.589590122845
1731071293.55,19.8,0.518,0.0,1.68,4938.099052266975,20.5,0.511,0.0,0.83,987.8730384011913,40.4,1.228,0.0,3.9,4465.916897481162,8.32,0.866,0.0,2.07,4410.542570931609
1731071294.05,20.5,0.447,0.0,2.32,4938.314647984675,19.8,0.506,0.0,0.744,987.916146492201,39.7,1.297,0.0,1.53,4466.4959265564485,7.68,0.87,0.0,1.5,4410.495551805942
1731071294.55,19.8,0.472,0.0,1.98,4938.530246945948,19.9,0.457,0.0,0.731,987.959255232724,39.6,1.092,0.0,2.32,4466.231502317797,7.68,0.465,0.0,1.64,4410.448532745847
1731071295.05,19.8,0.593,0.0,3.36,4938.7458491503685,19.8,0.557,0.0,0.725,988.0023646226751,40.3,0.817,0.0,1.99,4466.13178080565,8.32,1.228,0.0,2.37,4410.401513751326
1731071295.55,20.5,0.549,0.0,1.8,4938.961454597516,20.5,0.605,0.0,1.76,988.0454746619724,39.7,0.913,0.0,2.12,4466.59442270399,7.68,0.698,0.0,3.78,4410.354494822384
1731071296.05,19.8,1.227,0.0,1.88,4939.17706328696,19.8,0.424,0.0,0.868,988.0885853505248,40.3,0.862,0.0,1.6,4466.397486155864,8.32,1.122,0.0,1.65,4410.307475959018
1731071296.55,19.8,0.638,0.0,10.2,4939.392675218281,19.8,0.624,0.0,0.779,988.13169668825,40.3,0.844,0.0,1.39,4466.12227496798,8.32,1.046,0.0,2.22,4410.260457161232
1731071297.05,19.8,0.612,0.0,1.82,4939.608290391051,19.8,0.544,0.0,2.68,988.1748086750636,39.7,0.921,0.0,3.26,4466.597742911166,7.68,0.568,0.0,1.82,4410.213438429029
1731071297.55,20.5,0.678,0.0,1.55,4939.823908804847,19.8,0.613,0.0,0.999,988.2179213108805,40.3,1.15,0.0,1.61,4466.594507968531,8.32,0.802,0.0,2.43,4410.16641976241
1731071298.05,19.8,0.609,0.0,3.09,4940.039530459246,20.5,0.734,0.0,1.22,988.2610345956186,39.7,1.188,0.0,1.81,4466.847438856567,7.68,0.471,0.0,1.74,4410.11940116138
1731071298.55,19.8,0.513,0.0,1.72,4940.255155353821,19.8,0.53,0.0,1.04,988.3041485291868,39.7,1.171,0.0,9.11,4466.51964680876,8.32,1.269,0.0,1.86,4410.072382625936
1731071299.05,19.8,0.676,0.0,2.04,4940.470783488148,19.8,0.714,0.0,0.827,988.3472631115036,39.7,0.653,0.0,1.53,4466.345438505054,7.68,0.894,0.0,3.6,4410.025364156084
1731071299.55,20.5,1.279,0.0,2.57,4940.686414861805,20.5,0.594,0.0,0.87,988.390378342484,41.0,0.813,0.0,1.75,4466.984818565104,8.32,0.526,0.0,1.92,4409.978345751825
1731071300.05,19.8,0.73,0.0,1.51,4940.902049474366,19.8,0.575,0.0,1.25,988.433494222043,39.6,0.621,0.0,1.46,4466.511373423719,7.68,0.889,0.0,2.38,4409.931327413159
1731071300.55,19.9,1.145,0.0,1.96,4941.11768732541,19.9,1.191,0.0,6.42,988.4766107500988,39.7,0.983,0.016,1.72,4466.868319552934,8.32,0.869,0.0,1.5,4409.884309140094
1731071301.05,19.8,0.851,0.0,6.96,4941.333328414508,19.8,0.684,0.0,1.01,988.5197279265606,39.7,0.583,0.0,2.55,4467.181732838429,7.68,1.34,0.0,1.56,4409.837290932625
1731071301.55,20.5,0.741,0.0,1.86,4941.54897274124,20.5,0.572,0.0,0.869,988.5628457513462,39.7,0.59,0.0,2.08,4466.893065498156,8.32,0.722,0.0,2.16,4409.790272790759
1731071302.05,19.8,0.69,0.0,2.07,4941.76462030518,19.8,0.604,0.0,1.3,988.6059642243712,40.3,0.728,0.0,1.72,4466.985492065054,7.68,0.63,0.0,1.91,4409.743254714496
1731071302.55,19.8,0.604,0.0,1.79,4941.980271105906,19.9,0.782,0.0,0.867,988.6490833455508,40.3,0.898,0.0,2.22,4467.435466737756,8.32,0.937,0.0,2.04,4409.696236703838
1731071303.05,19.8,0.642,0.0,2.63,4942.195925142993,19.8,0.902,0.0,1.47,988.6922031148029,39.0,0.689,0.0,8.06,4466.6786443719175,7.68,0.498,0.0,2.31,4409.64921875879
1731071303.55,20.5,0.509,0.0,1.78,4942.411582416017,20.5,0.911,0.0,1.02,988.7353235320368,40.4,0.71,0.016,2.51,4467.111889280252,8.32,1.232,0.0,1.51,4409.602200879349
1731071304.05,19.8,0.686,0.0,1.67,4942.627242924556,19.8,0.822,0.0,1.07,988.7784445971706,39.7,0.706,0.0,1.71,4467.406726139167,7.68,0.715,0.0,2.98,4409.555183065521
1731071304.55,19.8,0.656,0.0,3.11,4942.842906668186,19.8,0.898,0.0,0.861,988.82156631012,40.3,0.863,0.0,1.56,4467.131327650507,8.32,1.219,0.0,1.72,4409.508165317306
1731071305.05,19.8,0.665,0.0,1.81,4943.058573646483,19.8,0.788,0.0,0.942,988.8646886707996,39.7,0.767,0.0,3.2,4467.523544268833,7.68,1.083,0.0,12.2,4409.461147634707
1731071305.55,20.5,0.987,0.0,3.23,4943.274243859024,19.8,0.716,0.0,0.757,988.9078116791284,40.4,1.116,0.0,1.39,4467.3655557716,8.32,0.769,0.0,1.71,4409.414130017729
1731071306.05,19.8,1.045,0.0,1.94,4943.489917305385,20.5,0.544,0.0,0.926,988.9509353350152,39.6,1.115,0.0,1.71,4467.551578535261,7.68,1.592,0.0,1.54,4409.367112466369
1731071306.55,19.8,0.912,0.0,1.69,4943.705593985143,19.8,0.56,0.0,0.98,988.9940596383782,40.3,1.252,0.0,2.51,4467.596488117805,8.32,0.984,0.0,1.66,4409.320094980631
1731071307.05,19.9,0.745,0.0,2.3,4943.921273897877,19.8,0.613,0.0,2.0,989.037184589133,39.7,1.151,0.0,1.59,4467.343834878103,7.68,0.797,0.0,1.9,4409.273077560518
1731071307.55,20.5,0.923,0.0,1.65,4944.13695704316,20.5,0.554,0.0,1.76,989.0803101871948,39.7,0.773,0.0,3.0,4467.516963770803,8.32,0.634,0.0,1.61,4409.226060206031
1731071308.05,19.8,0.954,0.0,1.49,4944.352643420572,19.8,0.565,0.0,5.37,989.123436432482,40.3,0.754,0.0,1.63,4467.400542199965,7.68,0.658,0.0,1.69,4409.179042917173
1731071308.55,19.8,0.975,0.0,2.46,4944.568333029689,19.8,0.724,0.0,0.843,989.166563324904,40.3,0.765,0.0,1.65,4467.971120696946,7.68,0.668,0.0,1.61,4409.132025693947
1731071309.05,19.8,0.968,0.0,1.94,4944.784025870088,19.9,0.981,0.0,1.29,989.2096908643788,39.7,0.938,0.0,2.54,4467.425229328731,8.32,0.825,0.0,1.5,4409.085008536351
1731071309.55,19.8,0.988,0.0,2.39,4944.999721941347,19.8,0.838,0.0,0.758,989.2528190508222,40.3,0.927,0.0,1.71,4467.4096916808185,7.67,0.782,0.0,3.49,4409.037991444392
1731071310.05,20.5,1.085,0.0,2.03,4945.215421243042,19.8,0.726,0.0,1.03,989.2959478841492,39.7,0.995,0.0,1.99,4468.139511739076,8.33,0.722,0.0,1.85,4408.990974418069
1731071310.55,19.8,0.68,0.0,1.57,4945.431123774752,19.8,0.764,0.0,1.01,989.3390773642788,40.3,1.127,0.0,1.79,4467.713120441254,8.32,0.676,0.0,1.65,4408.943957457387
1731071311.05,19.8,0.411,0.0,3.24,4945.646829536052,19.9,0.939,0.0,1.48,989.38220749112,39.7,1.204,0.0,1.95,4467.864660822452,7.68,0.645,0.0,2.42,4408.896940562345
1731071311.55,20.5,0.456,0.0,1.78,4945.86253852652,20.5,0.779,0.0,0.91,989.4253382645908,39.7,1.194,0.016,3.45,4467.93221567262,8.32,0.793,0.0,1.75,4408.849923732945
1731071312.05,19.8,0.35,0.0,1.65,4946.078250745736,19.8,0.904,0.0,1.07,989.4684696846074,39.7,0.851,0.0,3.24,4468.242153711778,7.68,0.913,0.0,2.88,4408.802906969192
1731071312.55,19.8,0.431,0.0,2.53,4946.293966193275,19.9,1.053,0.0,0.806,989.5116017510848,40.3,0.783,0.0,1.72,4467.587793203263,7.68,0.545,0.0,4.93,4408.755890271085
1731071313.05,19.8,0.442,0.0,1.81,4946.509684868716,19.8,0.953,0.0,1.03,989.5547344639418,39.7,0.993,0.0,3.0,4468.137089851898,8.32,0.732,0.0,3.5,4408.708873638631
1731071313.55,20.5,0.594,0.0,1.9,4946.725406771635,19.9,0.74,0.0,0.808,989.5978678230877,40.3,1.055,0.0,1.6,4468.007452934519,8.32,0.825,0.0,4.26,4408.661857071826
1731071314.05,19.8,0.89,0.0,1.52,4946.941131901612,19.8,0.399,0.0,1.15,989.6410018284408,38.4,1.35,0.016,1.63,4468.070325801291,7.68,1.077,0.0,2.15,4408.614840570675
1731071314.55,19.8,0.46,0.0,1.64,4947.156860258223,20.5,0.492,0.0,0.962,989.6841364799168,40.3,1.161,0.016,1.85,4467.924274385166,8.32,0.935,0.0,1.64,4408.567824135181
1731071315.05,19.8,0.341,0.0,2.03,4947.372591841046,19.8,0.459,0.0,1.81,989.7272717774314,39.7,1.198,0.0,1.38,4468.462533176507,7.68,0.491,0.0,3.13,4408.520807765343
1731071315.55,20.5,0.396,0.0,2.42,4947.588326649662,20.5,0.521,0.0,0.788,989.770407720903,39.6,1.512,0.0,1.86,4467.962127882446,8.32,0.779,0.0,1.67,4408.473791461169
1731071316.05,19.8,0.49,0.0,4.9,4947.804064683645,19.8,0.662,0.0,0.741,989.8135443102408,39.7,0.722,0.0,1.95,4468.350362576263,7.68,0.717,0.0,1.66,4408.426775222652
1731071316.55,19.8,0.465,0.0,4.02,4948.019805942576,19.9,0.484,0.0,0.808,989.856681545364,41.0,0.657,0.0,1.56,4468.062203350287,8.32,1.028,0.0,1.77,4408.379759049803
1731071317.05,19.8,1.162,0.0,1.92,4948.23555042603,19.8,0.538,0.0,0.884,989.8998194261876,39.7,0.826,0.0,6.96,4468.227831468844,7.68,1.026,0.0,1.59,4408.332742942619
1731071317.55,20.5,0.522,0.0,1.64,4948.451298133588,20.5,0.639,0.0,0.726,989.9429579526276,40.3,0.808,0.0,1.99,4468.346652148214,8.32,0.566,0.0,1.64,4408.285726901104
1731071318.05,19.8,0.587,0.0,2.75,4948.667049064829,19.8,0.669,0.0,0.857,989.9860971246025,39.7,0.915,0.0,1.87,4468.640129219566,7.68,1.064,0.0,1.9,4408.23871092526
1731071318.55,19.8,0.909,0.0,1.56,4948.882803219329,19.8,0.466,0.0,0.827,990.0292369420216,40.3,0.959,0.0,2.04,4469.005337212415,8.32,0.529,0.0,1.59,4408.191695015089
1731071319.05,19.9,0.675,0.0,1.85,4949.098560596667,19.8,0.616,0.0,0.754,990.0723774048035,39.7,1.003,0.0,1.58,4468.893656248349,7.68,1.292,0.0,7.21,4408.144679170592
1731071319.55,20.5,0.734,0.0,2.45,4949.314321196423,20.5,0.764,0.0,0.804,990.1155185128646,40.3,1.372,0.0,3.37,4468.292266292252,8.32,1.262,0.0,5.34,4408.097663391772
1731071320.05,19.8,0.706,0.0,1.53,4949.530085018172,19.8,0.747,0.0,0.945,990.15866026612,39.7,1.365,0.0,1.54,4468.847674890711,7.68,1.0,0.0,1.58,4408.05064767863
1731071320.55,19.8,0.749,0.0,2.5,4949.745852061498,19.8,0.654,0.0,0.803,990.2018026644884,39.6,0.546,0.0,1.76,4468.848132503288,8.32,1.134,0.0,2.51,4408.003632031172
1731071321.05,19.8,0.783,0.0,1.8,4949.961622325975,19.8,0.65,0.0,0.802,990.2449457078797,40.3,0.812,0.0,2.46,4468.516235511202,7.68,0.836,0.0,1.87,4407.956616449395
1731071321.55,20.5,1.049,0.0,1.67,4950.177395811184,20.5,0.576,0.0,0.829,990.288089396212,40.3,0.932,0.0,7.07,4469.074685861384,8.32,1.303,0.0,2.12,4407.909600933304
1731071322.05,19.8,0.719,0.0,1.87,4950.393172516704,19.8,0.742,0.0,0.74,990.3312337294016,39.7,0.863,0.0,2.6,4468.73808008199,7.68,0.757,0.0,1.66,4407.862585482901
1731071322.55,19.8,0.866,0.0,1.45,4950.608952442113,19.8,0.898,0.0,0.725,990.374378707364,40.3,0.865,0.0,1.83,4469.305835643779,8.32,0.654,0.0,1.46,4407.815570098186
1731071323.05,19.8,0.83,0.0,1.36,4950.824735586992,19.8,0.812,0.0,1.13,990.4175243300184,39.7,0.748,0.0,1.6,4468.834643648329,7.68,1.31,0.0,2.85,4407.768554779164
1731071323.55,19.8,0.514,0.0,2.28,4951.040521950916,20.5,0.699,0.0,0.784,990.4606705972736,40.4,0.644,0.0,2.55,4469.27881829006,8.32,0.78,0.0,4.98,4407.721539525835
1731071324.05,20.5,0.587,0.0,1.96,4951.256311533468,19.8,0.722,0.0,0.852,990.5038175090492,39.7,0.765,0.0,2.16,4469.204068487376,7.68,1.484,0.0,1.52,4407.674524338202
1731071324.55,19.8,0.47,0.0,2.19,4951.472104334225,19.8,0.774,0.0,0.92,990.5469650652608,39.7,0.689,0.0,2.1,4469.473832665951,8.32,0.828,0.0,2.98,4407.627509216268
1731071325.05,19.8,0.595,0.0,1.79,4951.687900352767,19.9,0.746,0.0,0.874,990.5901132658238,40.3,1.065,0.0,2.0,4469.178279440597,7.68,0.707,0.0,1.6,4407.580494160032
1731071325.55,20.5,0.611,0.0,10.0,4951.9036995886745,19.8,0.93,0.0,8.49,990.6332621106574,40.3,0.718,0.0,1.68,4469.611005861112,7.68,0.519,0.0,1.83,4407.533479169501
1731071326.05,19.8,0.674,0.0,3.49,4952.119502041525,20.5,0.782,0.0,1.07,990.6764115996712,39.7,0.786,0.0,4.74,4469.100448583259,8.32,0.541,0.0,2.1,4407.486464244672
1731071326.55,19.8,0.644,0.0,1.39,4952.335307710899,19.8,0.93,0.0,1.49,990.7195617327842,40.3,0.946,0.0,1.76,4469.664000305676,8.32,1.371,0.0,1.4,4407.43944938555
1731071327.05,19.8,0.587,0.0,1.67,4952.551116596375,19.8,0.772,0.0,1.08,990.762712509912,39.7,0.964,0.0,1.37,4469.404400303229,7.68,0.801,0.0,2.4,4407.392434592136
1731071327.55,20.5,0.689,0.0,2.48,4952.766928697533,20.5,0.638,0.0,1.36,990.8058639309708,40.3,1.111,0.0,2.61,4469.460709624554,8.32,0.648,0.0,1.83,4407.345419864432
1731071328.05,19.8,0.774,0.0,1.31,4952.982744013954,19.8,0.649,0.0,1.31,990.8490159958794,39.7,1.136,0.0,1.9,4469.423183988211,7.68,0.821,0.0,4.96,4407.298405202444
1731071328.55,19.8,0.863,0.0,1.56,4953.198562545216,19.8,0.93,0.0,1.31,990.8921687045474,40.3,1.169,0.0,1.4,4469.535077095429,8.32,0.732,0.0,2.32,4407.251390606168
1731071329.05,19.8,0.887,0.0,1.34,4953.414384290901,19.8,0.671,0.0,1.18,990.935322056894,39.6,1.162,0.0,3.24,4469.528421875882,7.68,1.16,0.0,1.74,4407.20437607561
1731071329.55,20.5,0.81,0.0,1.51,4953.630209250586,20.5,0.885,0.0,1.07,990.9784760528348,39.7,0.842,0.0,1.68,4469.909606575265,7.68,0.853,0.0,2.3,4407.157361610769
1731071330.05,19.8,0.948,0.0,3.71,4953.846037423851,19.8,0.873,0.0,5.93,991.0216306922858,40.3,0.999,0.0,1.5,4469.624348432272,8.32,0.836,0.0,1.53,4407.11034721165
1731071330.55,19.8,1.24,0.0,1.89,4954.06186881028,19.8,0.715,0.0,1.99,991.0647859751664,39.0,1.066,0.0,2.65,4470.030184062932,8.32,0.794,0.0,1.38,4407.063332878256
1731071331.05,19.9,1.003,0.0,2.17,4954.277703409449,19.8,1.102,0.0,0.907,991.107941901386,41.0,1.131,0.0,8.25,4469.675282095154,7.68,0.75,0.0,2.91,4407.0163186105865
1731071331.55,20.5,0.9,0.0,2.2,4954.493541220939,20.5,0.9,0.0,0.96,991.151098470864,39.6,1.404,0.016,2.16,4469.939338803789,8.32,0.615,0.0,1.58,4406.969304408643
1731071332.05,19.2,0.423,0.0,2.14,4954.709382244331,19.8,0.883,0.0,0.954,991.1942556835156,39.7,1.101,0.0,2.1,4470.213215813752,7.68,1.101,0.0,1.8,4406.92229027243
1731071332.55,20.5,0.365,0.0,4.41,4954.925226479205,19.8,0.901,0.0,0.96,991.2374135392578,40.3,1.178,0.0,2.14,4469.671492505763,8.32,1.205,0.0,3.26,4406.875276201948
1731071333.05,19.8,0.273,0.0,3.01,4955.141073925141,19.8,0.935,0.0,0.827,991.2805720380092,39.0,1.063,0.0,1.66,4469.834871870649,7.68,0.719,0.0,7.51,4406.828262197201
1731071333.55,20.5,0.456,0.0,2.55,4955.35692458172,20.5,0.967,0.0,0.82,991.3237311796794,41.0,0.845,0.0,1.93,4469.975826800627,8.32,0.731,0.0,1.78,4406.781248258189
1731071334.05,19.8,0.813,0.0,1.79,4955.572778448522,19.8,0.882,0.0,1.24,991.366890964188,39.6,1.171,0.0,2.66,4470.508070870036,7.68,0.797,0.0,2.27,4406.734234384914
1731071334.55,19.8,0.445,0.0,4.93,4955.788635525127,19.9,0.948,0.0,0.827,991.4100513914506,40.3,0.829,0.0,1.68,4470.512495385785,8.32,0.939,0.0,1.6,4406.687220577381
1731071335.05,19.8,0.431,0.0,2.74,4956.004495811117,19.8,0.946,0.0,0.797,991.4532124613836,39.7,1.116,0.0,1.6,4470.081640688944,7.68,0.934,0.0,2.91,4406.640206835588
1731071335.55,20.5,0.311,0.0,1.75,4956.220359306071,19.8,0.443,0.0,0.807,991.496374173906,40.3,1.015,0.0,7.98,4470.469205431741,8.32,0.517,0.0,1.61,4406.593193159542
1731071336.05,19.8,1.119,0.0,1.64,4956.436226009571,20.5,0.376,0.0,1.67,991.539536528928,39.7,1.298,0.0,1.29,4470.420209432142,7.68,0.739,0.0,1.63,4406.54617954924
1731071336.55,19.9,0.472,0.0,1.77,4956.6520959211975,19.8,0.414,0.0,1.04,991.5826995263684,40.3,1.209,0.0,2.35,4470.241035910221,8.32,0.764,0.0,2.3,4406.499166004686
1731071337.05,19.8,0.482,0.0,1.82,4956.867969040532,19.9,0.607,0.0,1.68,991.6258631661432,39.7,1.327,0.0,1.89,4470.199476231164,7.68,1.122,0.0,1.77,4406.452152525884
1731071337.55,20.5,0.455,0.0,1.78,4957.083845367152,20.5,0.435,0.0,4.69,991.6690274481692,39.7,0.797,0.0,1.49,4470.267490260845,8.32,1.015,0.0,6.13,4406.405139112834
1731071338.05,19.8,0.666,0.0,2.25,4957.299724900644,19.8,0.554,0.0,0.872,991.7121923723648,40.3,0.941,0.0,2.36,4470.778217030137,7.68,0.576,0.0,1.48,4406.3581257655405
1731071338.55,19.8,0.677,0.0,1.44,4957.515607640585,19.8,0.605,0.0,3.2,991.7553579386406,40.3,0.77,0.0,1.99,4470.541364142588,8.32,0.941,0.0,1.72,4406.311112484002
1731071339.05,19.8,0.587,0.0,2.92,4957.731493586558,19.8,0.536,0.0,0.813,991.7985241469156,39.7,1.079,0.0,2.22,4470.347340977848,7.68,0.513,0.0,3.34,4406.264099268223
1731071339.55,20.5,0.808,0.0,1.52,4957.947382738143,19.8,0.468,0.0,4.31,991.841690997106,40.3,0.915,0.0,2.19,4470.500524908097,8.32,1.021,0.0,2.09,4406.217086118205
1731071340.05,19.8,0.858,0.0,1.83,4958.163275094921,20.5,0.545,0.0,0.873,991.884858489128,39.7,1.031,0.0,5.83,4470.772162895967,7.68,1.296,0.0,1.83,4406.170073033949
1731071340.55,19.8,0.671,0.0,2.52,4958.379170656476,19.8,0.781,0.0,3.19,991.9280266229008,40.3,1.522,0.0,3.7,4471.067481077777,8.32,0.65,0.0,2.52,4406.123060015461
1731071341.05,19.8,0.833,0.0,1.47,4958.595069422387,19.8,0.773,0.0,0.788,991.9711953983348,39.7,1.261,0.0,2.12,4470.445362488834,7.68,1.113,0.0,1.7,4406.076047062737
1731071341.55,20.5,0.596,0.0,2.35,4958.810971392235,19.8,0.513,0.0,5.89,992.0143648153488,39.7,0.876,0.0,4.42,4470.651430015312,8.32,0.661,0.0,1.94,4406.0290341757855
1731071342.05,19.8,0.742,0.0,1.91,4959.026876565603,20.5,0.761,0.0,1.71,992.0575348738594,40.3,0.832,0.0,6.12,4470.481749892216,7.68,1.25,0.0,3.11,4405.982021354604
1731071342.55,19.8,0.781,0.0,2.42,4959.242784942072,19.8,0.677,0.0,3.33,992.1007055737828,40.3,0.581,0.0,4.54,4471.105347325047,7.68,1.001,0.0,1.6,4405.935008599196
1731071343.05,19.8,0.725,0.0,3.21,4959.458696521225,19.9,0.726,0.0,0.843,992.1438769150382,39.7,0.487,0.0,2.48,4470.8703868791135,8.32,0.718,0.0,2.0,4405.887995909565
1731071343.55,20.5,0.629,0.0,3.27,4959.674611302641,19.8,0.613,0.0,0.824,992.187048897536,39.7,0.647,0.0,1.86,4470.768922687805,8.32,1.026,0.0,1.83,4405.840983285711
1731071344.05,19.8,0.735,0.0,10.6,4959.890529285904,20.5,0.705,0.0,0.728,992.2302215211952,40.4,0.655,0.0,1.74,4471.078697430701,7.68,0.671,0.0,1.66,4405.793970727637
1731071344.55,19.8,1.086,0.0,2.79,4960.106450470595,19.8,0.656,0.0,0.763,992.2733947859324,40.3,0.897,0.0,3.15,4470.751836224124,8.32,1.327,0.0,2.32,4405.746958235345
1731071345.05,19.8,0.594,0.0,2.97,4960.322374856295,19.8,0.755,0.0,1.02,992.316568691664,39.7,0.884,0.0,1.9,4471.199701874241,7.68,0.704,0.0,1.59,4405.699945808838
1731071345.55,20.5,0.503,0.0,3.67,4960.538302442589,20.5,0.726,0.0,1.15,992.359743238309,40.3,0.969,0.0,1.54,4471.534959791682,8.32,0.609,0.0,1.68,4405.652933448118
1731071346.05,19.8,0.704,0.0,1.79,4960.754233229056,19.8,0.853,0.0,1.63,992.402918425778,39.0,0.834,0.016,2.35,4471.566670711876,7.68,0.743,0.0,2.13,4405.605921153186
1731071346.55,19.8,0.762,0.0,2.65,4960.97016721528,19.8,0.724,0.0,0.752,992.4460942539902,40.3,0.69,0.0,1.69,4471.139651493131,7.68,0.559,0.0,2.2,4405.558908924042
1731071347.05,19.8,0.703,0.0,3.82,4961.186104400842,19.8,0.793,0.0,1.3,992.489270722862,39.7,0.874,0.0,1.56,4471.219500881344,8.32,1.474,0.0,9.76,4405.511896760693
1731071347.55,20.5,0.573,0.0,2.29,4961.4020447853245,19.8,0.658,0.0,1.32,992.53244783231,40.3,0.785,0.0,2.2,4471.489069047943,8.32,0.903,0.0,1.66,4405.464884663138
1731071348.05,19.8,0.941,0.0,1.86,4961.617988368311,20.5,0.676,0.0,1.89,992.5756255822538,39.7,1.017,0.0,2.04,4471.456673517668,7.68,0.768,0.0,1.74,4405.417872631381
1731071348.55,19.8,0.831,0.0,5.98,4961.833935149381,19.8,0.697,0.0,2.02,992.6188039726032,39.7,1.21,0.0,3.66,4471.49856274876,8.32,0.622,0.0,2.72,4405.370860665423
1731071349.05,19.8,0.839,0.0,1.56,4962.049885128121,19.8,0.767,0.0,0.785,992.661983003278,40.3,1.15,0.0,1.71,4471.307227506415,7.68,0.595,0.0,1.84,4405.323848765264
1731071349.55,20.5,0.821,0.0,2.13,4962.265838304111,20.5,0.703,0.0,0.859,992.7051626741944,39.7,1.351,0.0,7.98,4471.771826511407,8.32,1.47,0.0,2.29,4405.27683693091
1731071350.05,19.8,0.73,0.0,1.75,4962.4817946769335,19.8,0.52,0.0,0.737,992.7483429852692,39.7,0.634,0.0,2.29,4471.58523758768,7.68,0.864,0.0,2.48,4405.22982516236
1731071350.55,19.8,0.855,0.0,2.54,4962.697754246173,19.8,0.777,0.0,1.34,992.7915239364216,40.9,0.847,0.0,1.76,4471.579325086018,8.32,0.76,0.0,1.78,4405.18281345962
1731071351.05,19.8,1.075,0.0,2.19,4962.913717011409,19.9,0.78,0.0,0.803,992.8347055275624,39.7,0.961,0.0,1.68,4471.501438009468,7.68,0.715,0.0,1.63,4405.135801822686
1731071351.55,20.5,0.92,0.0,2.26,4963.129682972227,20.5,0.745,0.0,1.0,992.8778877586104,40.3,0.853,0.0,3.1,4471.479297538143,8.32,0.626,0.0,4.27,4405.088790251565
1731071352.05,19.9,0.883,0.0,1.71,4963.34565212821,19.8,0.731,0.0,8.42,992.921070629483,39.7,1.213,0.0,2.01,4472.121270297047,7.68,0.603,0.0,1.69,4405.041778746258
1731071352.55,19.8,1.06,0.0,2.17,4963.561624478938,19.8,0.887,0.0,1.03,992.9642541400962,40.3,1.022,0.0,3.22,4472.253329708395,8.32,0.934,0.0,1.66,4404.994767306766
1731071353.05,19.8,0.853,0.0,2.18,4963.777600023998,19.8,0.848,0.0,0.916,993.0074382903698,39.7,1.112,0.0,1.9,4471.97643434946,7.68,0.903,0.0,3.06,4404.947755933094
1731071353.55,19.8,0.384,0.0,8.56,4963.99357876297,19.9,0.823,0.0,0.76,993.050623080214,40.4,1.104,0.0,1.48,4472.106791103179,8.32,0.892,0.0,1.75,4404.900744625241
1731071354.05,20.5,0.425,0.0,1.96,4964.209560695439,20.5,0.894,0.0,1.66,993.0938085095486,39.7,1.437,0.0,4.67,4471.818519790582,7.68,0.778,0.0,1.72,4404.85373338321
1731071354.55,19.9,0.634,0.0,1.59,4964.425545820986,19.9,0.895,0.0,1.29,993.1369945782902,39.7,1.014,0.0,1.77,4471.814928368227,8.32,0.938,0.0,2.77,4404.806722207002
1731071355.05,19.8,0.806,0.0,3.11,4964.641534139197,19.8,0.976,0.0,2.17,993.1801812863552,40.3,0.79,0.0,2.96,4471.855568486174,7.68,0.966,0.0,3.21,4404.759711096622
1731071355.55,20.5,0.584,0.0,1.61,4964.857525649654,20.5,0.934,0.0,0.88,993.2233686336637,40.3,0.913,0.0,4.82,4472.370882016488,8.32,1.076,0.0,1.73,4404.712700052071
1731071356.05,19.9,0.366,0.0,1.55,4965.07352035194,19.8,1.133,0.0,0.776,993.2665566201256,39.7,0.959,0.0,3.03,4471.901304148508,7.68,0.584,0.0,4.12,4404.665689073349
1731071356.55,19.8,0.606,0.0,2.92,4965.289518245638,19.8,0.807,0.0,0.766,993.309745245661,40.4,1.075,0.0,2.45,4472.184388459451,8.32,0.831,0.0,9.55,4404.61867816046
1731071357.05,19.8,0.42,0.0,1.55,4965.505519330333,19.8,0.647,0.0,1.34,993.3529345101864,39.6,1.057,0.0,1.86,4472.209446051342,7.68,0.842,0.0,2.14,4404.571667313406
1731071357.55,19.8,0.672,0.0,2.01,4965.721523605607,19.8,0.525,0.0,0.754,993.3961244136186,40.4,1.267,0.0,1.69,4472.084514988508,8.32,0.988,0.0,2.1,4404.524656532189
1731071358.05,20.5,0.605,0.0,10.6,4965.937531071047,19.8,0.456,0.0,0.831,993.4393149558772,39.7,1.48,0.0,3.52,4472.692228145344,7.68,0.99,0.0,2.16,4404.477645816812
1731071358.55,19.8,0.421,0.0,1.7,4966.153541726232,19.8,0.554,0.0,0.861,993.4825061368726,40.3,1.501,0.0,2.96,4472.845823683729,8.32,0.682,0.0,1.79,4404.430635167275
1731071359.05,19.8,0.433,0.0,2.46,4966.369555570749,19.8,0.512,0.0,0.811,993.5256979565248,39.7,0.727,0.0,1.74,4472.640783752897,7.68,0.887,0.0,2.06,4404.38362458358
1731071359.55,20.5,0.398,0.0,1.8,4966.585572604181,19.8,0.495,0.0,0.858,993.5688904147506,40.3,0.677,0.0,2.72,4472.272704141034,7.68,0.61,0.0,2.79,4404.336614065732
1731071360.05,19.8,0.917,0.0,1.76,4966.801592826111,20.5,0.413,0.0,0.723,993.6120835114664,39.0,0.725,0.016,1.56,4472.401552208101,8.32,1.209,0.0,2.25,4404.289603613731
1731071360.55,19.8,0.662,0.0,2.85,4967.017616236126,19.9,0.539,0.0,0.767,993.6552772465924,40.3,0.736,0.0,1.63,4472.853364611535,8.32,1.111,0.0,1.61,4404.242593227581
1731071361.05,19.8,0.46,0.0,2.47,4967.233642833806,19.8,0.78,0.0,0.811,993.6984716200388,39.7,1.03,0.0,2.93,4472.936328297246,7.68,0.799,0.0,4.36,4404.195582907281
1731071361.55,19.8,0.592,0.0,2.12,4967.449672618737,19.8,0.565,0.0,0.813,993.7416666317258,40.3,0.925,0.0,1.39,4472.967547447263,8.32,0.888,0.0,7.11,4404.148572652834
1731071362.05,20.5,0.5,0.0,1.78,4967.665705590504,20.5,0.489,0.0,0.73,993.78486228157,39.7,0.96,0.0,2.21,4472.8754804394575,7.68,0.478,0.0,1.78,4404.101562464244
1731071362.55,19.8,0.602,0.0,5.44,4967.88174174869,19.8,0.622,0.0,0.819,993.828058569488,40.3,1.361,0.0,2.2,4473.209954158535,8.32,1.117,0.0,1.61,4404.054552341511
1731071363.05,19.8,0.49,0.0,2.64,4968.097781092881,19.8,0.602,0.0,1.14,993.8712554954,39.0,0.615,0.0,1.67,4473.021381353588,7.68,0.836,0.0,3.3,4404.007542284641
1731071363.55,19.8,0.757,0.0,1.69,4968.313823622659,20.5,0.58,0.0,1.05,993.9144530592164,41.0,0.638,0.0,8.57,4473.116035201601,8.32,0.581,0.0,1.42,4403.960532293631
1731071364.05,20.5,0.723,0.0,1.73,4968.529869337609,19.8,0.519,0.0,1.91,993.9576512608572,39.7,0.941,0.0,2.11,4472.958245634837,7.68,0.908,0.0,1.67,4403.913522368485
1731071364.55,19.8,0.753,0.0,3.93,4968.745918237317,19.8,0.785,0.0,0.838,994.0008501002396,40.3,0.552,0.0,2.29,4472.897304663187,8.32,0.663,0.0,2.45,4403.866512509207
1731071365.05,19.9,0.751,0.0,1.54,4968.961970321367,19.9,0.922,0.0,0.74,994.0440495772798,39.7,0.769,0.0,1.72,4473.229557225668,7.68,1.305,0.0,1.48,4403.819502715795
1731071365.55,20.5,0.715,0.0,2.14,4969.178025589344,19.8,0.718,0.0,0.96,994.0872496918984,40.3,0.609,0.0,1.69,4473.086902324303,8.32,0.858,0.0,2.02,4403.772492988257
1731071366.05,19.9,0.666,0.0,1.7,4969.39408404083,20.5,0.688,0.0,2.49,994.1304504440054,39.7,0.794,0.0,3.15,4473.072740977304,7.68,1.369,0.0,3.68,4403.725483326589
1731071366.55,19.8,0.616,0.0,1.62,4969.610145675413,19.8,0.622,0.0,1.16,994.1736518335216,40.3,0.693,0.0,1.42,4473.224716356815,8.32,1.296,0.0,1.84,4403.678473730797
1731071367.05,19.8,0.668,0.0,2.38,4969.826210492677,19.8,0.716,0.0,0.84,994.2168538603632,39.7,0.921,0.0,1.61,4473.080162801691,7.68,0.728,0.0,2.43,4403.631464200881
1731071367.55,19.9,0.573,0.0,1.6,4970.042278492206,20.5,0.757,0.0,1.27,994.2600565244476,40.3,0.705,0.0,3.91,4473.328867673819,8.32,1.401,0.0,2.05,4403.584454736844
1731071368.05,20.5,0.684,0.0,1.55,4970.258349673586,19.8,0.812,0.0,0.806,994.3032598256945,39.7,0.812,0.0,10.2,4473.2392615141225,7.65,0.818,0.0,2.03,4403.53744533869
1731071368.55,19.8,0.6,0.0,1.87,4970.474424036402,19.8,0.806,0.0,1.08,994.3464637640149,40.3,0.78,0.0,2.19,4473.308418145231,8.36,0.646,0.0,2.18,4403.490436006419
1731071369.05,19.9,0.627,0.0,2.19,4970.690501580239,19.8,0.628,0.0,0.759,994.3896683393286,39.7,1.029,0.0,1.65,4473.415032006406,7.68,0.518,0.0,1.4,4403.443426740033
1731071369.55,20.5,0.659,0.0,1.99,4970.90658230468,19.8,0.571,0.0,1.01,994.4328735515528,40.3,0.886,0.0,3.17,4473.533441862343,8.32,0.537,0.0,3.01,4403.396417539533
1731071370.05,19.8,0.981,0.0,2.39,4971.122666209314,20.5,0.52,0.0,0.77,994.4760794006046,39.7,1.198,0.0,4.88,4473.719540523588,7.68,1.36,0.0,1.4,4403.349408404924
1731071370.55,19.8,0.827,0.0,2.15,4971.338753293725,19.8,0.534,0.0,0.802,994.5192858864036,40.3,1.146,0.0,3.77,4473.730348480496,8.32,0.847,0.0,1.81,4403.302399336208
1731071371.05,19.8,0.785,0.0,1.52,4971.5548435574965,19.8,0.614,0.0,0.85,994.5624930088612,39.7,1.131,0.0,3.69,4473.441450158875,7.68,0.728,0.0,10.8,4403.255390333384
1731071371.55,20.5,1.007,0.0,3.21,4971.770937000216,20.5,0.606,0.0,0.834,994.6057007678972,39.7,0.782,0.0,4.98,4474.112455730133,8.32,0.529,0.0,1.56,4403.208381396456
1731071372.05,19.9,0.965,0.0,2.09,4971.987033621467,19.8,0.608,0.0,1.78,994.6489091634288,40.3,0.903,0.0,4.44,4474.036343412796,7.68,0.885,0.0,1.7,4403.1613725254265
1731071372.55,19.8,0.937,0.0,10.8,4972.203133420838,19.9,0.691,0.0,1.21,994.6921181953728,40.3,0.88,0.0,5.66,4473.724567589454,7.68,0.703,0.0,2.49,4403.114363720298
1731071373.05,19.8,1.142,0.0,2.57,4972.419236397913,19.8,0.786,0.0,1.22,994.7353278636496,39.7,0.836,0.0,7.42,4473.978179870615,8.32,0.791,0.0,1.58,4403.067354981072
1731071373.55,20.5,1.098,0.0,1.85,4972.635342552277,20.5,0.705,0.0,1.01,994.77853816817,40.3,0.906,0.0,9.18,4474.121146422589,8.32,0.895,0.0,2.45,4403.020346307749
1731071374.05,19.8,0.986,0.0,1.68,4972.851451883516,19.8,0.899,0.0,0.975,994.8217491088542,39.7,1.075,0.0,7.445,4474.000476657214,7.68,0.6,0.0,1.71,4402.973337700331
1731071374.55,19.8,0.773,0.0,2.52,4973.067564391218,19.8,0.818,0.0,0.785,994.8649606856192,40.3,1.073,0.0,5.71,4473.835371114687,8.32,0.65,0.0,1.54,4402.926329158824
1731071375.05,19.8,0.648,0.0,1.63,4973.283680074966,19.8,0.916,0.0,1.05,994.9081728983824,39.7,1.203,0.0,4.46,4474.194789499123,7.68,0.631,0.0,1.9,4402.879320683227
1731071375.55,20.5,0.636,0.0,1.64,4973.499798934348,20.5,0.862,0.0,0.88,994.9513857470638,39.0,1.162,0.016,4.95,4474.539902970467,8.32,0.85,0.0,6.81,4402.832312273545
1731071376.05,19.9,0.379,0.0,2.65,4973.715920968949,19.9,1.011,0.0,8.24,994.9945992315744,40.3,0.927,0.0,5.16,4473.938310503216,7.68,0.856,0.0,1.62,4402.785303929774
1731071376.55,19.8,0.382,0.0,1.43,4973.932046178355,19.8,1.142,0.0,0.728,995.0378133518344,40.3,0.807,0.0,3.27,4474.399598890372,7.68,0.545,0.0,2.44,4402.738295651923
1731071377.05,19.8,0.543,0.0,2.51,4974.148174562153,19.8,1.072,0.0,1.9,995.0810281077612,39.7,0.898,0.0,3.64,4474.4643367842455,8.33,0.697,0.0,2.19,4402.69128743999
1731071377.55,20.5,0.556,0.0,2.4,4974.364306119928,19.9,0.644,0.0,1.21,995.1242434992716,40.4,1.073,0.0,4.11,4474.331367759756,8.32,0.687,0.0,2.2,4402.644279293978
1731071378.05,19.8,0.516,0.0,1.53,4974.580440851269,19.8,0.696,0.0,1.82,995.1674595262862,39.7,1.11,0.0,10.2,4474.206954043087,7.68,1.054,0.0,1.81,4402.597271213892
1731071378.55,19.8,1.221,0.0,2.06,4974.796578755759,20.5,0.862,0.0,0.821,995.210676188716,40.3,1.632,0.0,1.93,4474.641909809469,8.31,1.538,0.0,2.1,4402.550263199729
1731071379.05,19.8,0.465,0.0,1.7,4975.012719832986,19.8,0.566,0.0,0.855,995.2538934864812,39.7,1.229,0.0,1.64,4474.842587068272,7.68,0.802,0.0,3.12,4402.503255251494
1731071379.55,20.5,0.453,0.0,1.58,4975.228864082535,20.5,0.461,0.0,0.759,995.2971114194992,40.4,1.279,0.0,2.72,4474.2652469461245,8.33,0.835,0.0,1.64,4402.4562473691885
1731071380.05,19.8,0.447,0.0,2.54,4975.445011503995,19.8,0.719,0.0,0.746,995.3403299876868,39.0,0.679,0.0,2.02,4474.907048909197,7.67,0.706,0.0,4.66,4402.409239552815
1731071380.55,19.9,0.75,0.0,2.2,4975.661162096953,19.8,0.543,0.0,0.943,995.3835491909653,40.9,0.947,0.0,1.51,4474.484228843634,8.32,1.093,0.0,10.6,4402.362231802376
1731071381.05,19.8,0.735,0.0,2.14,4975.877315860993,19.9,0.487,0.0,0.781,995.4267690292448,39.7,0.806,0.0,3.21,4474.996554109619,7.68,1.108,0.0,4.12,4402.315224117873
1731071381.55,20.5,0.488,0.0,1.83,4976.093472795703,19.8,0.58,0.0,0.875,995.469989502446,39.7,0.978,0.0,1.59,4474.868313049858,8.32,0.686,0.0,3.76,4402.268216499308
1731071382.05,19.8,1.199,0.0,10.5,4976.30963290067,20.5,0.689,0.0,0.763,995.5132106104865,40.3,1.229,0.0,1.98,4474.687587526766,7.68,0.856,0.0,4.07,4402.221208946683
1731071382.55,19.9,0.603,0.0,2.34,4976.5257961754805,19.8,0.629,0.0,0.885,995.5564323532832,40.3,0.859,0.0,9.55,4474.856981369965,8.32,0.929,0.0,2.91,4402.17420146
1731071383.05,19.8,0.692,0.0,2.09,4976.7419626197225,19.8,0.667,0.0,0.928,995.599654730757,39.7,0.963,0.0,1.49,4474.858246483631,7.69,1.299,0.0,2.4,4402.127194039264
1731071383.55,20.5,0.736,0.0,1.82,4976.9581322329805,20.5,0.626,0.0,0.996,995.6428777428188,40.3,1.009,0.0,2.76,4474.783403908522,8.31,1.18,0.0,2.06,4402.080186684473
1731071384.05,19.8,0.588,0.0,2.77,4977.174305014844,19.8,0.478,0.0,1.06,995.6861013893888,39.7,0.905,0.0,2.06,4474.968707975961,7.68,0.728,0.0,2.8,4402.03317939563
1731071384.55,19.8,0.576,0.0,2.0,4977.3904809649,19.8,0.626,0.0,0.689,995.7293256703846,39.7,0.568,0.0,1.86,4475.119639853301,8.32,0.797,0.0,1.73,4401.986172172738
1731071385.05,19.8,0.676,0.0,1.73,4977.606660082734,19.8,0.664,0.0,0.873,995.7725505857236,40.3,0.778,0.0,2.59,4475.296476054014,7.68,0.467,0.0,7.05,4401.9391650158
1731071385.55,20.5,0.719,0.0,3.25,4977.822842367937,20.5,0.565,0.0,0.734,995.8157761353264,40.3,0.544,0.0,2.88,4475.006845528297,8.32,1.259,0.0,2.76,4401.892157924818
1731071386.05,19.8,0.912,0.0,1.52,4978.039027820091,19.8,0.645,0.0,1.79,995.859002319104,39.7,0.727,0.0,1.69,4475.2013815797445,7.68,0.71,0.0,1.91,4401.845150899791
1731071386.55,19.8,0.745,0.0,6.18,4978.255216438788,19.8,0.812,0.0,1.07,995.9022291369772,40.3,0.599,0.0,2.1,4475.234944742956,8.32,0.893,0.0,1.73,4401.798143940723
1731071387.05,19.8,0.981,0.0,1.63,4978.471408223612,19.9,0.804,0.0,2.69,995.945456588863,39.7,0.865,0.0,3.76,4475.465998312966,7.68,1.077,0.0,3.51,4401.751137047619
1731071387.55,19.8,0.733,0.0,1.39,4978.687603174153,20.5,0.653,0.0,0.759,995.9886846746792,40.3,0.699,0.0,4.16,4475.208511804129,8.32,0.575,0.0,1.95,4401.704130220475
1731071388.05,20.5,0.632,0.0,2.29,4978.903801289999,19.8,0.737,0.0,0.743,996.0319133943462,39.7,0.768,0.0,3.38,4475.202554849613,7.68,1.683,0.0,3.85,4401.657123459301
1731071388.55,19.8,0.606,0.0,1.72,4979.120002570736,19.8,0.875,0.0,1.69,996.0751427477754,39.7,0.74,0.0,1.61,4475.591806190372,8.32,0.943,0.0,4.37,4401.610116764092
1731071389.05,19.8,0.717,0.0,1.95,4979.336207015951,19.8,0.973,0.0,1.14,996.1183727348872,40.3,0.775,0.0,3.29,4475.7352856414345,7.68,0.713,0.0,2.12,4401.563110134853
1731071389.55,20.5,0.657,0.0,1.92,4979.552414625234,20.5,0.718,0.0,1.09,996.1616033555996,40.3,0.736,0.0,1.49,4475.444546577289,7.67,0.558,0.0,10.3,4401.516103571586
1731071390.05,19.8,0.754,0.0,1.59,4979.768625398172,19.8,0.822,0.0,0.82,996.2048346098294,39.7,1.146,0.0,1.8,4475.51696058654,8.33,0.701,0.0,2.09,4401.469097074293
1731071390.55,19.2,0.905,0.032,3.46,4979.984839334354,19.8,0.651,0.0,1.09,996.2480664974976,40.3,0.868,0.0,3.17,4475.400641092429,8.32,1.41,0.0,3.53,4401.422090642979
1731071391.05,19.8,0.72,0.0,5.59,4980.201056433364,19.8,0.574,0.0,1.09,996.2912990185156,39.7,1.291,0.0,1.56,4475.99307068328,7.68,1.064,0.0,3.8,4401.37508427764
1731071391.55,20.5,1.094,0.0,1.63,4980.417276694795,20.5,0.641,0.0,1.38,996.3345321728038,39.7,1.087,0.0,2.51,4475.978511620121,8.32,0.773,0.0,3.07,4401.328077978283
1731071392.05,19.8,0.953,0.0,3.21,4980.633500118233,19.8,0.779,0.0,0.795,996.3777659602802,40.3,1.054,0.0,1.27,4475.953836103228,7.68,0.628,0.0,4.48,4401.2810717449065
1731071392.55,19.8,0.75,0.0,1.75,4980.849726703265,19.8,0.58,0.0,0.799,996.421000380862,40.3,1.28,0.0,1.53,4475.568749620624,8.32,0.791,0.0,1.53,4401.234065577516
1731071393.05,19.8,0.904,0.0,1.75,4981.065956449483,19.8,0.678,0.0,0.867,996.46423543447,39.7,0.758,0.0,2.54,4476.129041088304,7.68,1.137,0.0,1.55,4401.187059476114
1731071393.55,20.5,0.79,0.0,2.99,4981.282189356472,20.5,0.651,0.0,0.935,996.5074711210152,40.3,0.826,0.0,2.07,4476.160079218654,8.32,0.847,0.0,2.7,4401.140053440699
1731071394.05,19.9,0.793,0.0,1.62,4981.49842542382,19.8,0.728,0.0,0.79,996.5507074404192,39.7,1.098,0.0,1.87,4476.238266941179,7.68,0.783,0.0,5.76,4401.093047471276
1731071394.55,19.8,1.141,0.0,1.8,4981.714664651118,19.8,0.723,0.0,0.769,996.593944392599,40.3,0.994,0.0,2.97,4475.606909398356,8.32,0.683,0.0,1.43,4401.046041567845
1731071395.05,19.8,0.792,0.0,1.9,4981.930907037952,19.8,0.768,0.0,0.821,996.6371819774724,39.7,1.175,0.0,2.03,4475.970142039576,7.68,0.671,0.0,3.07,4400.99903573041
1731071395.55,20.5,1.021,0.0,1.56,4982.147152583914,20.5,0.721,0.0,0.838,996.6804201949602,40.3,1.161,0.0,2.69,4476.211105520463,8.31,0.846,0.0,1.61,4400.952029958973
1731071396.05,19.2,0.515,0.0,10.2,4982.36340128859,19.8,0.815,0.0,0.856,996.7236590449738,39.7,1.081,0.0,1.66,4475.992827209478,7.69,0.95,0.0,1.78,4400.905024253535
1731071396.55,20.5,0.384,0.0,2.0,4982.579653151568,19.8,0.867,0.0,0.775,996.766898527434,40.3,1.522,0.0,9.05,4475.877590388743,8.32,0.904,0.0,2.44,4400.858018614097
1731071397.05,19.8,0.479,0.0,1.55,4982.795908172438,19.8,0.822,0.0,0.942,996.8101386422586,39.0,1.02,0.0,3.33,4476.661980645343,7.68,0.603,0.0,1.56,4400.811013040664
1731071397.55,19.9,0.432,0.0,2.2,4983.012166350791,19.9,0.885,0.0,0.784,996.853379389365,41.0,0.939,0.0,1.38,4476.449043187775,8.32,0.74,0.0,1.85,4400.764007533237
1731071398.05,20.5,0.715,0.0,1.78,4983.228427686213,20.5,1.037,0.0,0.753,996.8966207686746,39.7,1.262,0.0,1.8,4476.317360977952,7.68,1.038,0.0,1.98,4400.717002091818
1731071398.55,19.8,0.46,0.0,1.56,4983.444692178293,19.8,1.044,0.0,0.816,996.9398627800985,40.3,1.186,0.0,2.51,4476.597750684356,8.32,1.019,0.0,1.64,4400.6699967164095
1731071399.05,19.8,0.424,0.0,2.53,4983.660959826621,19.8,0.7,0.0,0.997,996.9831054235572,39.7,1.096,0.0,1.61,4476.452115522878,7.68,1.119,0.0,8.73,4400.622991407012
1731071399.55,20.5,0.418,0.0,2.5,4983.8772306307865,19.8,0.574,0.0,0.83,997.0263486989692,40.3,1.306,0.0,1.6,4476.714909005183,8.32,0.579,0.0,1.74,4400.57598616363
1731071400.05,19.8,0.543,0.0,2.4,4984.093504590378,20.5,0.385,0.0,0.88,997.069592606252,39.7,1.239,0.0,2.17,4476.532185977487,7.68,1.011,0.0,1.63,4400.528980986263
1731071400.55,19.8,0.401,0.0,5.82,4984.309781704986,19.8,0.518,0.0,0.75,997.1128371453266,39.7,1.503,0.016,1.37,4476.544749222078,8.32,1.099,0.0,1.59,4400.481975874916
1731071401.05,19.8,0.41,0.0,2.05,4984.526061974198,19.8,0.622,0.0,0.892,997.1560823161042,39.7,1.485,0.0,4.35,4476.323049603744,7.68,1.125,0.0,1.85,4400.434970829588
1731071401.55,20.5,0.597,0.0,2.82,4984.742345397604,20.5,0.501,0.0,0.87,997.199328118506,39.6,0.756,0.0,1.62,4476.5348851771305,8.32,0.99,0.0,2.72,4400.387965850284
1731071402.05,19.8,0.418,0.0,1.8,4984.958631974793,19.8,0.596,0.0,1.29,997.24257455245,40.3,0.691,0.0,1.56,4476.758638248464,7.68,0.746,0.0,1.87,4400.340960937005
1731071402.55,19.9,0.771,0.0,1.56,4985.174921705356,19.8,0.82,0.0,0.86,997.2858216178536,40.3,1.234,0.0,2.34,4476.854733201861,8.32,0.843,0.0,1.67,4400.293956089751
1731071403.05,19.8,0.611,0.0,2.96,4985.391214588882,19.8,0.578,0.0,2.19,997.3290693146382,39.7,0.821,0.0,5.15,4476.837678403351,7.68,0.49,0.0,3.98,4400.24695130853
1731071403.55,20.5,0.703,0.0,1.78,4985.607510624959,19.8,0.606,0.0,5.76,997.3723176427152,40.3,0.797,0.0,3.56,4476.825954979921,8.32,1.085,0.0,8.73,4400.199946593337
1731071404.05,19.8,0.729,0.0,1.58,4985.823809813179,20.5,0.564,0.0,1.26,997.4155666020056,39.7,0.995,0.0,4.38,4477.180307054955,7.68,1.16,0.0,1.85,4400.152941944178
1731071404.55,19.8,0.576,0.0,2.4,4986.04011215313,19.8,0.537,0.0,1.91,997.4588161924274,40.3,0.879,0.0,3.87,4476.882902062154,8.32,0.567,0.0,3.77,4400.105937361053
1731071405.05,19.8,0.759,0.0,3.24,4986.256417644403,19.8,0.504,0.0,0.849,997.5020664138984,39.0,1.102,0.016,4.15,4476.762211079962,7.68,0.807,0.0,2.35,4400.058932843967
1731071405.55,20.5,0.654,0.0,1.78,4986.472726286589,20.5,0.467,0.0,0.782,997.5453172663398,39.7,1.052,0.0,4.65,4477.042805877831,8.32,0.461,0.0,1.65,4400.0119283929225
1731071406.05,19.8,0.799,0.0,3.29,4986.689038079275,19.8,0.7,0.0,0.814,997.5885687496632,40.3,0.478,0.0,11.3,4477.014590817761,7.68,1.211,0.0,1.41,4399.964924007918
1731071406.55,19.8,0.704,0.0,1.6,4986.905353022053,19.8,0.753,0.0,0.848,997.6318208637894,40.3,0.54,0.0,2.89,4477.4417340244045,7.68,1.116,0.0,1.54,4399.917919688957
1731071407.05,19.8,0.646,0.0,1.92,4987.121671114512,19.8,0.646,0.0,0.825,997.6750736086368,39.7,0.54,0.0,1.67,4477.289651122141,8.32,0.768,0.0,2.55,4399.870915436042
1731071407.55,20.5,0.924,0.0,1.61,4987.3379923562425,20.5,0.601,0.0,0.756,997.7183269841232,40.3,0.608,0.0,1.82,4477.1490007296725,8.32,0.921,0.0,2.03,4399.823911249176
1731071408.05,19.8,0.775,0.0,1.69,4987.554316746837,19.8,0.599,0.0,0.771,997.7615809901696,39.7,0.598,0.0,2.67,4477.31870303119,7.68,0.527,0.0,5.85,4399.776907128361
1731071408.55,19.8,0.65,0.0,2.75,4987.770644285882,19.8,0.717,0.0,0.859,997.8048356266876,40.3,0.63,0.0,1.79,4476.984592280529,8.32,1.28,0.0,1.89,4399.729903073597
1731071409.05,19.8,0.511,0.0,1.84,4987.98697497297,19.8,0.608,0.0,0.882,997.8480908935989,39.7,0.681,0.0,1.77,4477.101030876564,7.68,0.752,0.0,1.89,4399.682899084887
1731071409.55,20.5,0.479,0.0,1.68,4988.203308807691,19.8,0.787,0.0,0.842,997.8913467908212,40.3,0.719,0.0,3.01,4477.1817050365225,8.32,0.597,0.0,2.2,4399.635895162235
1731071410.05,19.8,0.92,0.0,7.64,4988.419645789636,20.5,0.696,0.0,0.763,997.9346033182724,39.7,0.685,0.0,1.58,4477.572363565757,7.68,0.858,0.0,1.61,4399.588891305641
1731071410.55,19.9,0.804,0.0,1.86,4988.635985918396,19.8,0.938,0.0,0.817,997.9778604758736,40.3,0.767,0.0,8.55,4477.855447674578,7.68,0.614,0.0,1.68,4399.541887515109
1731071411.05,19.8,0.633,0.0,1.55,4988.852329193559,19.8,0.852,0.0,0.783,998.0211182635372,39.7,0.844,0.0,1.9,4477.59332989836,8.32,1.505,0.0,2.46,4399.494883790639
1731071411.55,20.5,0.691,0.0,2.25,4989.068675614719,20.5,0.835,0.0,0.892,998.0643766811838,39.7,0.857,0.0,1.57,4477.549628332851,8.33,0.783,0.0,1.88,4399.447880132233
1731071412.05,19.8,0.728,0.0,1.86,4989.285025181463,19.8,0.904,0.0,0.804,998.1076357287318,40.3,0.878,0.0,1.92,4478.043836816174,7.67,0.707,0.0,1.55,4399.400876539896
1731071412.55,19.8,0.928,0.0,1.56,4989.501377893386,19.8,0.647,0.0,0.848,998.1508954060992,40.3,0.957,0.0,1.74,4477.59503227772,8.33,0.725,0.0,2.72,4399.353873013626
1731071413.05,19.8,0.666,0.0,2.37,4989.717733750077,19.8,0.759,0.0,0.844,998.1941557132072,39.7,1.254,0.0,1.51,4477.6642826982,7.67,0.664,0.0,9.78,4399.306869553431
1731071413.55,20.5,0.785,0.0,1.76,4989.934092751126,20.5,0.755,0.0,2.44,998.2374166499676,40.3,1.218,0.0,2.32,4477.636315798013,8.32,1.421,0.0,1.57,4399.2598661593065
1731071414.05,19.8,0.882,0.0,1.87,4990.150454896125,19.8,0.593,0.0,1.35,998.280678216302,39.7,0.948,0.0,1.79,4477.888435947535,7.68,0.78,0.0,3.02,4399.2128628312585
1731071414.55,19.8,0.932,0.0,4.21,4990.366820184665,19.8,0.824,0.0,3.6,998.3239404121284,40.3,0.891,0.0,1.59,4477.851767323158,8.32,0.686,0.0,1.79,4399.165859569289
1731071415.05,19.8,1.12,0.0,1.8,4990.583188616336,19.8,0.803,0.0,0.971,998.3672032373648,39.7,1.0,0.0,6.55,4478.187322765552,7.68,0.78,0.0,1.58,4399.118856373398
1731071415.55,19.8,1.295,0.0,2.28,4990.799560190732,20.6,0.833,0.0,1.55,998.4104666919326,40.3,1.082,0.0,1.89,4477.80724023956,8.32,0.648,0.0,3.0,4399.071853243592
1731071416.05,20.5,1.008,0.0,1.68,4991.015934907441,19.8,0.75,0.0,1.85,998.4537307757436,39.7,0.913,0.0,2.19,4478.140197461467,7.68,0.666,0.0,1.88,4399.024850179867
1731071416.55,19.8,1.053,0.0,1.7,4991.232312766057,19.8,0.982,0.0,2.06,998.4969954887196,40.3,1.131,0.0,1.6,4478.248913275611,8.32,0.841,0.0,1.54,4398.977847182229
1731071417.05,19.8,1.05,0.0,3.1,4991.4486937661695,19.8,0.803,0.0,0.814,998.5402608307784,39.7,1.018,0.0,1.88,4478.152973434589,7.68,0.888,0.0,3.24,4398.930844250679
1731071417.55,19.9,0.657,0.0,1.96,4991.665077907371,20.5,0.83,0.0,1.36,998.5835268018382,40.3,1.196,0.0,2.06,4478.216191320385,8.32,0.881,0.0,6.38,4398.883841385221
1731071418.05,20.5,0.392,0.0,2.14,4991.881465189253,19.8,0.957,0.0,6.24,998.6267934018206,39.7,1.318,0.0,1.65,4478.636954598229,7.68,0.829,0.0,1.94,4398.836838585856
1731071418.55,19.8,0.525,0.0,1.81,4992.097855611406,19.8,0.855,0.0,1.21,998.6700606306376,39.7,0.913,0.0,1.46,4478.045437673242,8.32,0.683,0.0,1.34,4398.789835852584
1731071419.05,19.8,0.703,0.0,1.6,4992.314249173423,19.8,1.011,0.0,0.899,998.7133284882104,40.3,0.971,0.0,2.59,4478.449714425995,7.68,0.866,0.0,1.85,4398.74283318541
1731071419.55,19.8,0.518,0.0,10.4,4992.530645874896,20.5,1.14,0.0,1.5,998.7565969744574,40.3,1.079,0.0,1.92,4478.5794317299415,8.32,0.871,0.0,2.36,4398.695830584333
1731071420.05,20.5,0.906,0.0,1.49,4992.747045715414,19.8,1.297,0.0,0.811,998.799866089297,39.7,1.138,0.0,12.5,4478.78925549211,7.68,0.526,0.0,1.82,4398.648828049359
1731071420.55,19.8,0.606,0.0,1.6,4992.963448694573,19.8,0.777,0.0,0.85,998.8431358326504,40.3,1.013,0.0,2.76,4478.760368871784,7.68,0.78,0.0,1.67,4398.601825580488
1731071421.05,19.8,0.407,0.0,2.35,4993.179854811961,19.8,0.451,0.0,0.928,998.8864062044298,39.7,1.034,0.0,1.55,4478.737144316087,8.32,0.825,0.0,2.08,4398.554823177722
1731071421.55,19.9,0.57,0.0,2.04,4993.3962640671725,20.5,0.505,0.0,0.83,998.9296772045568,40.3,1.288,0.0,2.06,4478.734007945897,8.32,0.972,0.0,1.96,4398.507820841063
1731071422.05,20.5,0.365,0.0,2.62,4993.612676459799,19.8,0.511,0.0,0.688,998.9729488329494,39.7,1.295,0.0,1.68,4478.995106810147,7.68,0.921,0.0,2.96,4398.460818570514
1731071422.55,19.8,0.512,0.0,1.88,4993.8290919894325,19.8,0.634,0.0,2.58,999.0162210895264,39.7,1.091,0.0,1.52,4479.083223913221,8.32,0.461,0.0,1.88,4398.413816366077
1731071423.05,19.8,0.464,0.0,1.6,4994.045510655666,19.8,0.715,0.0,3.73,999.059493974209,40.3,0.68,0.0,2.43,4478.486376370598,7.68,0.752,0.0,1.55,4398.366814227754
1731071423.55,20.5,0.549,0.0,3.01,4994.261932458088,20.5,0.468,0.0,3.74,999.1027674869092,39.7,0.776,0.0,1.65,4478.628201195467,7.68,0.438,0.0,3.06,4398.319812155546
1731071424.05,19.8,0.561,0.0,7.38,4994.478357396296,19.8,0.723,0.0,3.15,999.146041627549,40.3,0.72,0.0,1.65,4479.065710167869,8.32,0.987,0.0,1.62,4398.272810149457
1731071424.55,19.8,0.611,0.0,1.67,4994.694785469879,19.8,0.623,0.0,6.83,999.1893163960464,40.3,0.789,0.0,4.29,4479.139800591244,8.32,1.105,0.0,1.81,4398.225808209488
1731071425.05,19.8,0.655,0.0,3.11,4994.91121667843,19.9,0.799,0.0,2.63,999.23259179232,39.7,1.008,0.0,2.45,4478.728142006175,7.68,0.562,0.0,2.47,4398.17880633564
1731071425.55,20.5,0.555,0.0,1.64,4995.127651021544,19.8,0.49,0.0,0.857,999.2758678162916,40.4,0.845,0.0,2.11,4479.0364661933045,8.32,0.774,0.0,1.63,4398.131804527919
1731071426.05,19.8,0.629,0.0,1.85,4995.3440884988095,19.9,0.441,0.0,0.823,999.3191444678728,39.7,0.946,0.0,1.73,4479.361754763468,7.68,0.46,0.0,2.04,4398.084802786321
1731071426.55,19.8,0.632,0.0,1.48,4995.560529109822,19.8,0.533,0.0,0.814,999.3624217469855,40.3,1.029,0.0,1.86,4478.824104386412,8.32,1.07,0.0,2.02,4398.037801110854
1731071427.05,19.9,0.787,0.0,1.6,4995.7769728541725,19.8,0.526,0.0,0.824,999.4056996535484,39.0,0.569,0.0,2.11,4479.1989014596165,7.68,0.847,0.0,8.65,4397.990799501518
1731071427.55,19.8,0.645,0.031,2.8,4995.993419731455,20.5,0.486,0.0,0.842,999.4489781874798,40.3,0.555,0.016,1.67,4478.890809354409,8.32,1.057,0.0,2.12,4397.943797958313
1731071428.05,19.8,0.53,0.0,2.19,4996.209869741263,19.8,0.702,0.0,0.86,999.4922573487012,39.0,0.76,0.016,1.95,4479.085789763807,7.68,1.212,0.0,2.14,4397.896796481246
1731071428.55,19.8,0.706,0.0,5.66,4996.426322883187,19.8,0.58,0.0,0.807,999.5355371371252,40.3,0.539,0.0,5.75,4479.112568218595,8.32,0.579,0.0,2.53,4397.849795070314
1731071429.05,19.8,1.193,0.0,2.16,4996.642779156821,19.9,0.526,0.0,0.811,999.5788175526732,39.7,0.874,0.0,2.51,4479.398684438957,7.67,1.354,0.0,1.67,4397.802793725522
1731071429.55,20.5,0.726,0.0,2.06,4996.859238561759,19.8,0.631,0.0,0.837,999.6220985952637,40.3,0.74,0.0,1.64,4479.644740518603,8.33,0.694,0.0,1.65,4397.755792446869
1731071430.05,19.9,0.721,0.0,2.59,4997.075701097592,20.5,0.89,0.0,0.807,999.6653802648152,39.7,0.891,0.0,3.56,4479.4051621415365,7.68,0.626,0.0,2.94,4397.708791234362
1731071430.55,19.8,0.804,0.0,1.83,4997.292166763917,19.8,0.762,0.0,0.791,999.7086625612496,40.3,0.759,0.0,2.03,4479.627356199832,8.32,1.116,0.0,1.75,4397.661790088002
1731071431.05,19.8,0.992,0.0,1.56,4997.508635560323,19.8,0.681,0.0,0.747,999.7519454844792,39.7,0.987,0.0,1.82,4479.883953732401,7.68,0.552,0.0,1.73,4397.614789007786
1731071431.55,20.5,0.963,0.0,5.17,4997.725107486405,20.5,0.681,0.0,0.776,999.7952290344258,40.4,0.933,0.0,2.1,4479.481248357067,8.32,1.248,0.0,7.35,4397.567787993723
1731071432.05,19.9,0.657,0.0,1.58,4997.941582541756,19.8,0.809,0.0,0.808,999.8385132110078,39.7,0.808,0.0,1.71,4479.749352811828,7.68,0.712,0.0,1.53,4397.52078704581
1731071432.55,19.8,0.732,0.0,1.71,4998.158060725971,19.9,0.989,0.0,0.93,999.881798014144,39.7,0.855,0.0,1.89,4479.656973973961,8.32,0.598,0.0,1.71,4397.473786164052
1731071433.05,19.8,0.738,0.0,2.34,4998.374542038642,19.8,0.719,0.0,0.792,999.925083443756,40.3,0.96,0.0,1.71,4479.575309088615,7.68,0.565,0.0,3.03,4397.426785348451
1731071433.55,20.5,0.797,0.0,3.18,4998.591026479362,19.8,0.604,0.0,0.752,999.9683694997564,39.7,1.139,0.0,1.5,4479.604615991844,8.32,0.571,0.0,1.54,4397.379784599007
1731071434.05,19.8,0.758,0.0,1.9,4998.807514047726,20.5,0.647,0.0,0.834,1000.0116561820668,40.3,1.099,0.0,7.4,4479.59279359791,7.68,1.362,0.0,1.66,4397.332783915723
1731071434.55,19.8,0.77,0.0,1.64,4999.024004743326,19.8,0.681,0.0,0.925,1000.0549434906058,40.3,1.022,0.0,1.68,4479.693828809701,8.32,0.74,0.0,1.75,4397.285783298602
1731071435.05,19.8,0.761,0.0,1.66,4999.240498565757,19.8,0.77,0.0,0.945,1000.0982314252924,39.7,1.28,0.0,1.61,4479.8899306041,7.68,0.96,0.0,1.39,4397.238782747646
1731071435.55,20.5,0.829,0.0,2.47,4999.4569955146135,19.9,0.692,0.0,0.815,1000.141519986048,39.1,0.748,0.016,2.33,4480.151047677439,8.32,0.665,0.0,2.74,4397.1917822628575
1731071436.05,19.9,0.791,0.0,1.84,4999.673495589487,20.5,0.646,0.0,0.796,1000.1848091727854,40.3,0.887,0.0,1.59,4479.812156225527,7.68,0.817,0.0,3.98,4397.1447818442375
1731071436.55,19.8,0.916,0.0,2.84,4999.889998789973,19.8,0.695,0.0,0.814,1000.2280989854264,40.3,1.12,0.0,1.48,4479.8219658252,7.68,0.632,0.0,1.64,4397.097781491787
1731071437.05,19.8,0.877,0.0,2.12,5000.106505115666,19.8,0.793,0.0,0.923,1000.2713894238896,39.7,0.943,0.0,1.9,4480.504465237166,8.32,0.84,0.0,2.66,4397.050781205512
1731071437.55,20.5,0.956,0.0,2.05,5000.323014566158,20.5,0.737,0.0,0.86,1000.314680488094,40.3,1.163,0.0,1.96,4480.040135705904,8.32,0.836,0.0,1.67,4397.00378098541
1731071438.05,19.8,1.471,0.0,10.5,5000.539527141047,19.8,0.772,0.0,0.754,1000.3579721779612,39.7,1.035,0.0,2.36,4480.534328383882,7.68,0.57,0.0,1.66,4396.956780831489
1731071438.55,19.8,0.668,0.0,1.95,5000.756042839922,19.8,0.874,0.0,0.767,1000.4012644934038,40.3,0.944,0.0,8.73,4480.521241425893,8.32,0.894,0.0,2.37,4396.909780743744
1731071439.05,19.8,0.374,0.0,1.63,5000.972561662381,19.9,0.798,0.0,0.742,1000.4445574343438,39.7,1.188,0.0,1.58,4480.37595201238,7.68,0.716,0.0,1.87,4396.862780722182
1731071439.55,20.5,0.565,0.0,3.34,5001.189083608017,20.5,0.766,0.0,0.848,1000.4878510007,40.3,1.22,0.0,5.53,4480.18542251911,8.32,0.814,0.0,1.93,4396.815780766804
1731071440.05,19.8,0.763,0.0,1.44,5001.405608676425,19.8,0.888,0.0,0.703,1000.531145192391,39.7,1.077,0.0,1.78,4480.813958536355,7.68,0.964,0.0,1.84,4396.768780877611
1731071440.55,19.8,0.42,0.0,1.77,5001.622136867199,19.8,1.088,0.0,0.772,1000.5744400093392,40.3,1.165,0.0,4.31,4480.552579895923,7.68,0.538,0.0,1.79,4396.721781054609
1731071441.05,19.8,0.525,0.0,2.5,5001.838668179932,19.9,1.097,0.0,0.864,1000.6177354514566,39.7,0.963,0.0,5.88,4480.277186706406,8.32,0.838,0.0,9.18,4396.674781297794
1731071441.55,20.5,0.481,0.0,1.7,5002.055202614221,20.5,0.98,0.0,1.03,1000.6610315186656,39.7,1.151,0.0,1.76,4480.677078271791,8.32,0.735,0.0,1.87,4396.627781607172
1731071442.05,19.8,0.572,0.0,1.71,5002.27174016966,19.2,0.519,0.0,3.12,1000.704328210885,40.3,1.23,0.0,1.86,4480.355589825404,7.68,0.905,0.0,1.63,4396.580781982744
1731071442.55,19.8,0.511,0.0,5.39,5002.488280845843,20.5,0.504,0.0,0.816,1000.7476255280336,40.3,1.212,0.0,2.58,4480.494219322003,8.32,0.84,0.0,2.77,4396.5337824245125
1731071443.05,19.9,0.521,0.0,1.72,5002.704824642366,19.8,0.635,0.0,0.842,1000.7909234700336,39.7,1.188,0.0,1.42,4481.006209006595,7.68,0.426,0.0,1.73,4396.486782932482
1731071443.55,20.5,0.518,0.0,1.72,5002.921371558821,20.5,0.532,0.0,0.832,1000.8342220367972,40.3,1.334,0.0,9.49,4480.728709062909,8.32,0.661,0.0,1.55,4396.43978350665
1731071444.05,19.8,0.47,0.0,1.98,5003.137921594806,19.8,0.433,0.0,1.48,1000.877521228247,39.1,0.732,0.0,1.68,4480.635839861819,7.68,0.708,0.0,3.26,4396.392784147022
1731071444.55,19.8,0.488,0.0,1.63,5003.354474749915,19.8,0.388,0.0,0.9,1000.9208210443016,40.9,0.592,0.0,1.46,4480.974744843828,8.33,1.015,0.0,1.72,4396.345784853598
1731071445.05,19.8,0.389,0.0,2.01,5003.571031023743,19.8,0.618,0.0,0.74,1000.96412148488,39.7,0.988,0.0,2.52,4480.997791289182,7.68,1.001,0.0,1.65,4396.298785626382
1731071445.55,20.5,0.358,0.0,1.58,5003.787590415885,20.5,0.715,0.0,1.52,1001.0074225499044,40.3,0.731,0.0,5.27,4480.706901535746,8.32,0.534,0.0,5.44,4396.251786465376
1731071446.05,19.9,0.606,0.0,2.69,5004.004152925934,19.8,0.525,0.0,0.835,1001.0507242392872,39.7,0.903,0.0,3.91,4480.7250353667705,7.68,0.768,0.0,1.72,4396.20478737058
1731071446.55,19.8,0.672,0.0,3.15,5004.220718553489,19.8,0.572,0.0,0.827,1001.0940265529508,40.3,1.017,0.0,4.68,4481.088337439105,8.32,0.499,0.0,1.71,4396.157788341997
1731071447.05,19.8,0.668,0.0,2.44,5004.437287298143,19.8,0.615,0.0,0.842,1001.137329490814,39.7,1.071,0.0,1.91,4480.966584415222,7.68,1.316,0.0,2.5,4396.110789379631
1731071447.55,20.5,0.924,0.0,8.95,5004.653859159492,19.9,0.603,0.0,0.871,1001.180633052796,40.3,1.29,0.0,3.53,4481.48855054922,8.32,1.088,0.0,1.56,4396.063790483482
1731071448.05,19.8,0.626,0.0,2.25,5004.870434137132,20.5,0.5,0.0,0.9,1001.223937238819,39.7,0.946,0.0,11.8,4481.060577622374,7.68,0.723,0.0,2.28,4396.016791653554
1731071448.55,19.8,0.664,0.0,1.61,5005.087012230657,19.8,0.54,0.0,0.869,1001.2672420487957,39.7,0.571,0.0,1.87,4481.364878340334,8.31,0.911,0.0,1.54,4395.969792889847
1731071449.05,19.8,0.875,0.0,3.24,5005.303593439663,19.8,0.691,0.0,0.857,1001.3105474826478,40.4,0.696,0.0,5.79,4480.963002423933,7.68,0.483,0.0,1.78,4395.922794192364
1731071449.55,20.5,0.664,0.0,1.69,5005.520177763746,20.5,0.543,0.0,0.809,1001.3538535402952,39.6,0.576,0.016,2.17,4481.046648267065,8.32,1.126,0.0,2.33,4395.875795561108
1731071450.05,19.8,0.999,0.0,1.46,5005.7367652025005,19.8,0.765,0.0,0.848,1001.3971602216562,39.7,0.779,0.0,1.48,4481.408341500914,7.68,0.633,0.0,1.84,4395.828796996078
1731071450.55,19.8,0.617,0.0,3.4,5005.953355755525,19.8,0.768,0.0,0.923,1001.4404675266536,40.3,0.625,0.0,5.37,4481.779869131255,8.32,0.71,0.0,7.8,4395.781798497284
1731071451.05,19.8,0.699,0.0,1.67,5006.169949422412,19.8,0.652,0.0,0.998,1001.4837754552,39.7,0.67,0.0,1.82,4481.435733869382,7.68,0.978,0.0,2.18,4395.734800064717
1731071451.55,19.8,0.719,0.0,1.61,5006.38654620276,20.5,0.763,0.0,0.805,1001.5270840072176,40.3,0.777,0.0,1.73,4481.160067978572,8.32,0.75,0.0,2.13,4395.687801698387
1731071452.05,20.5,0.566,0.0,8.75,5006.603146096163,19.9,0.679,0.0,0.8,1001.5703931826254,39.7,0.715,0.0,3.53,4481.4936526197225,7.68,1.376,0.0,2.14,4395.640803398294
1731071452.55,19.8,0.733,0.0,1.66,5006.819749102218,19.8,0.726,0.0,0.825,1001.6137029813428,39.7,0.719,0.0,3.24,4481.904638260113,8.32,0.902,0.0,1.54,4395.593805164439
1731071453.05,19.8,0.688,0.0,1.91,5007.036355220522,19.8,0.841,0.0,0.741,1001.657013403292,40.3,0.851,0.0,2.08,4481.720350917553,7.68,0.9,0.0,1.66,4395.546806996828
1731071453.55,20.5,0.648,0.0,1.93,5007.252964450668,20.5,0.976,0.0,0.873,1001.7003244483858,40.3,0.846,0.0,1.68,4481.483254583002,7.68,0.643,0.0,3.36,4395.499808895457
1731071454.05,19.8,0.718,0.0,1.41,5007.469576792255,19.8,0.769,0.0,0.819,1001.7436361165466,39.7,0.808,0.0,1.49,4482.022007685011,8.32,0.558,0.0,1.98,4395.452810860333
1731071454.55,19.8,0.807,0.0,2.15,5007.686192244878,19.8,0.426,0.0,0.782,1001.7869484076934,40.3,1.187,0.0,2.38,4481.790068173423,8.32,1.322,0.0,1.81,4395.405812891456
1731071455.05,19.8,0.721,0.0,1.84,5007.902810808133,19.8,0.614,0.0,0.867,1001.8302613217458,39.7,1.024,0.0,2.02,4482.051376690283,7.68,0.816,0.0,9.15,4395.358814988828
1731071455.55,19.8,0.814,0.0,2.12,5008.119432481618,19.8,0.582,0.0,0.831,1001.8735748586258,40.3,1.104,0.0,2.22,4481.762400914601,8.32,0.711,0.0,1.72,4395.311817152454
1731071456.05,20.5,0.866,0.0,1.53,5008.336057264927,20.5,0.632,0.0,1.62,1001.9168890182464,39.7,1.289,0.0,2.02,4481.880825267671,7.68,0.571,0.0,2.06,4395.264819382332
1731071456.55,19.9,0.744,0.0,6.33,5008.55268515766,19.8,0.644,0.0,2.5,1001.9602038005302,39.7,1.556,0.0,1.72,4482.154631607521,8.32,0.582,0.0,1.69,4395.217821678466
1731071457.05,19.8,0.942,0.0,3.55,5008.76931615941,19.8,0.649,0.0,1.5,1002.0035192053962,40.4,1.056,0.0,3.22,4482.030928501758,7.68,1.017,0.0,1.53,4395.170824040858
1731071457.55,19.8,1.508,0.0,1.94,5008.985950269775,19.9,1.645,0.0,0.8,1002.0468352327636,39.7,1.557,0.0,10.9,4482.3244081583325,7.68,0.772,0.0,2.52,4395.12382646951
1731071458.05,20.5,1.093,0.0,1.94,5009.202587488352,20.4,0.96,0.0,1.28,1002.0901518825552,40.3,1.021,0.0,4.04,4482.25311756141,8.32,1.331,0.0,1.83,4395.076828964428
1731071458.55,19.8,0.91,0.0,1.73,5009.4192278147375,19.9,0.826,0.0,0.772,1002.1334691546836,39.7,1.206,0.0,1.6,4482.179044386536,8.32,0.829,0.0,2.13,4395.029831525607
1731071459.05,19.8,0.864,0.0,1.61,5009.635871248528,19.8,0.971,0.0,1.03,1002.1767870490715,40.3,1.036,0.0,1.56,4482.399139645004,7.68,0.854,0.0,1.64,4394.982834153053
1731071459.55,20.5,1.088,0.0,1.83,5009.852517789321,19.8,0.887,0.0,0.736,1002.220105565638,40.3,1.002,0.0,2.93,4482.246717035252,8.32,0.685,0.0,5.6,4394.935836846767
1731071460.05,19.2,0.594,0.0,1.42,5010.069167436713,20.5,0.871,0.0,1.29,1002.2634247043028,39.7,1.286,0.0,2.68,4482.352618354296,7.68,0.866,0.0,3.25,4394.888839606753
1731071460.55,20.5,0.428,0.0,1.51,5010.285820190302,19.9,0.848,0.0,0.78,1002.306744464988,39.1,0.976,0.016,2.88,4482.143477394431,8.32,1.048,0.0,1.72,4394.841842433014
1731071461.05,19.8,0.757,0.0,2.89,5010.502476049683,19.8,0.927,0.0,1.43,1002.3500648476066,39.6,0.836,0.0,1.79,4482.487640443361,7.68,0.704,0.0,2.17,4394.794845325548
1731071461.55,20.5,0.582,0.0,1.89,5010.719135014454,20.5,1.001,0.0,2.56,1002.3933858520816,41.0,0.813,0.0,4.26,4482.770963306875,8.32,0.705,0.0,1.57,4394.747848284358
1731071462.05,19.8,0.527,0.0,1.66,5010.935797084213,19.8,0.88,0.0,8.4,1002.436707478332,39.7,1.128,0.0,11.3,4482.53153134541,7.68,0.727,0.0,1.48,4394.70085130945
1731071462.55,19.8,0.567,0.0,2.79,5011.152462258557,19.8,1.157,0.0,1.81,1002.4800297262772,40.3,1.064,0.0,2.6,4482.4154105659545,8.32,0.97,0.0,2.11,4394.653854400821
1731071463.05,19.9,0.564,0.0,2.04,5011.369130537083,19.8,0.879,0.0,1.32,1002.5233525958398,39.7,1.12,0.0,2.22,4482.360529913787,7.68,0.985,0.0,1.54,4394.606857558479
1731071463.55,20.5,0.598,0.0,2.15,5011.585801919388,19.8,0.423,0.0,2.16,1002.566676086933,40.3,0.989,0.0,3.77,4482.79003503137,8.32,0.605,0.0,1.76,4394.55986078242
1731071464.05,19.8,0.608,0.0,1.98,5011.802476405071,20.5,0.378,0.0,1.35,1002.6100001994794,39.7,1.448,0.0,2.11,4482.7612756495855,7.68,0.882,0.0,3.16,4394.51286407265
1731071464.55,19.8,0.551,0.0,1.49,5012.019153993728,19.8,0.448,0.0,1.64,1002.6533249333984,40.4,1.262,0.0,2.82,4482.823959839106,8.32,0.964,0.0,2.43,4394.4658674291695
1731071465.05,19.8,0.452,0.0,3.08,5012.235834684956,19.8,0.437,0.0,1.22,1002.6966502886092,39.7,1.295,0.0,2.3,4482.763127378891,7.68,1.055,0.0,1.99,4394.41887085198
1731071465.55,20.5,0.451,0.0,1.64,5012.452518478355,20.5,0.521,0.0,0.881,1002.7399762650348,39.7,0.575,0.0,1.69,4482.70749008846,7.68,1.206,0.0,1.8,4394.371874341088
1731071466.05,19.9,0.441,0.0,10.5,5012.6692053735205,19.8,0.817,0.0,0.757,1002.7833028625882,40.3,0.864,0.0,2.25,4483.225440842063,8.32,0.591,0.0,1.81,4394.32487789649
1731071466.55,19.8,0.693,0.0,2.7,5012.885895370051,19.8,0.652,0.0,0.879,1002.826630081192,40.3,0.974,0.0,7.38,4483.32967211806,8.32,0.785,0.0,2.24,4394.277881518191
1731071467.05,19.9,0.822,0.0,1.93,5013.102588467545,19.8,0.534,0.0,0.814,1002.8699579207658,39.7,0.894,0.0,3.35,4483.309310933358,7.68,0.45,0.0,1.84,4394.230885206192
1731071467.55,20.5,0.543,0.0,2.26,5013.319284665599,19.8,0.516,0.0,0.807,1002.9132863812292,39.7,0.914,0.016,4.89,4483.16934201009,8.32,0.969,0.0,1.73,4394.183888960497
1731071468.05,19.8,0.418,0.0,1.34,5013.535983963813,20.5,0.6,0.0,0.803,1002.9566154625048,39.6,1.31,0.0,4.61,4483.020950733581,7.69,1.052,0.0,2.28,4394.136892781107
1731071468.55,19.8,0.553,0.0,1.67,5013.752686361783,19.8,0.652,0.0,0.871,1002.9999451645056,39.7,1.079,0.016,4.24,4483.189473407919,8.31,0.557,0.0,1.68,4394.089896668023
1731071469.05,19.8,0.563,0.0,2.16,5013.969391859108,19.8,0.509,0.0,0.762,1003.0432754871548,39.7,1.116,0.0,5.55,4483.5163074598,7.68,0.882,0.0,9.96,4394.04290062125
1731071469.55,20.5,0.566,0.0,1.7,5014.186100455387,20.5,0.748,0.0,0.854,1003.0866064303714,39.7,0.929,0.0,3.74,4483.1887550429055,8.32,0.457,0.0,3.06,4393.995904640786
1731071470.05,19.8,0.818,0.0,1.75,5014.402812150216,19.8,0.65,0.0,0.793,1003.1299379940754,40.3,0.969,0.0,4.76,4483.271221187004,7.68,1.265,0.0,1.71,4393.948908726636
1731071470.55,19.9,0.724,0.0,4.36,5014.619526943196,19.8,0.554,0.0,0.835,1003.1732701781892,39.0,0.633,0.032,3.42,4483.222505200637,7.68,0.766,0.0,1.74,4393.901912878803
1731071471.05,19.8,0.729,0.0,1.79,5014.836244833923,19.8,0.711,0.0,0.798,1003.2166029826268,39.7,0.72,0.0,4.94,4483.448281583659,8.32,0.701,0.0,3.73,4393.854917097287
1731071471.55,20.5,0.667,0.0,1.55,5015.052965821997,20.5,0.672,0.0,0.898,1003.2599364073102,40.3,0.63,0.0,10.3,4483.850755232792,8.33,0.927,0.0,1.65,4393.807921382089
1731071472.05,19.8,0.69,0.0,2.92,5015.269689907014,19.8,0.58,0.0,0.72,1003.3032704521592,39.7,0.628,0.0,3.81,4483.949794980521,7.68,0.533,0.0,2.24,4393.760925733215
1731071472.55,19.9,0.702,0.0,1.83,5015.486417088576,19.9,0.697,0.0,0.763,1003.346605117094,39.7,0.822,0.016,1.74,4483.33983557228,8.32,1.227,0.0,1.97,4393.713930150664
1731071473.05,19.8,0.539,0.0,2.56,5015.70314736628,19.8,0.697,0.0,0.819,1003.3899404020366,39.7,0.829,0.0,2.96,4483.830159842958,7.68,0.832,0.0,1.87,4393.666934634441
1731071473.55,20.5,0.651,0.0,1.87,5015.919880739723,20.5,0.664,0.0,0.764,1003.4332763069008,40.3,0.743,0.0,1.67,4483.878571944662,8.32,0.729,0.0,3.89,4393.619939184545
1731071474.05,19.8,0.769,0.0,1.64,5016.136617208506,19.8,0.839,0.0,0.85,1003.4766128316096,39.7,0.737,0.0,1.98,4483.596091529845,7.68,0.731,0.0,2.18,4393.5729438009785
1731071474.55,19.8,0.752,0.0,2.64,5016.353356772228,19.8,1.259,0.0,0.86,1003.5199499760824,40.4,0.876,0.0,1.63,4483.682365610734,8.32,0.626,0.0,2.27,4393.525948483746
1731071475.05,19.8,0.634,0.0,5.46,5016.570099430486,19.8,0.944,0.0,0.949,1003.5632877402388,39.6,0.711,0.0,1.6,4483.672524624288,7.69,1.32,0.0,3.02,4393.478953232847
1731071475.55,20.5,0.702,0.0,1.59,5016.786845182881,20.5,0.779,0.0,0.822,1003.606626124002,40.3,0.954,0.0,2.22,4483.591860417495,8.31,0.84,0.0,1.79,4393.431958048287
1731071476.05,19.9,0.692,0.0,3.29,5017.00359402901,19.8,0.613,0.0,2.41,1003.6499651272854,39.7,0.819,0.0,10.9,4483.720150046808,7.68,0.715,0.0,2.64,4393.384962930064
1731071476.55,19.8,0.765,0.0,2.08,5017.220345968472,19.8,0.752,0.0,0.958,1003.6933047500116,40.3,1.151,0.0,2.46,4483.920251684355,8.32,0.501,0.0,1.69,4393.337967878183
1731071477.05,18.6,4.59,0.065,1.75,5017.437101000868,18.6,4.484,0.065,22.079,1003.7366449921008,36.5,1.822,0.081,2.31,4483.957938299709,7.04,7.965,0.083,1.58,4393.290972892645
1731071477.55,20.5,1.331,0.0,2.94,5017.653859125796,20.5,1.093,0.0,43.2,1003.7799858534725,39.7,1.218,0.016,1.64,4483.782562180826,8.32,4.684,0.0,2.45,4393.243977973451
1731071478.05,19.9,0.789,0.0,1.73,5017.8706203428565,19.8,0.778,0.0,22.0,1003.8233273340496,40.1,1.352,0.0,3.04,4484.022161752766,7.68,2.333,0.0,3.65,4393.196983120608
1731071478.55,19.8,0.838,0.0,1.82,5018.087384651646,19.8,0.831,0.0,0.8,1003.8666694337458,40.0,0.929,0.0,1.56,4484.40904907921,8.32,1.997,0.0,1.86,4393.14998833411
1731071479.05,19.8,0.857,0.0,1.64,5018.304152051766,19.8,0.743,0.0,0.969,1003.9100121524835,39.7,0.91,0.0,1.82,4483.975379634433,7.68,1.21,0.0,2.99,4393.102993613968
1731071479.55,20.5,0.822,0.0,1.49,5018.520922542816,19.8,0.759,0.0,0.697,1003.9533554901834,39.7,0.885,0.0,2.98,4484.209104745775,8.32,0.877,0.0,1.63,4393.055998960177
1731071480.05,19.8,1.094,0.0,7.4,5018.7376961243945,20.5,0.761,0.0,0.771,1003.9966994467648,40.3,1.15,0.0,1.55,4484.474923122367,7.68,0.711,0.0,1.98,4393.009004372743
1731071480.55,19.8,1.09,0.0,1.53,5018.954472796103,19.8,0.743,0.0,0.719,1004.0400440221508,40.3,1.003,0.0,7.3,4484.367405077728,8.32,0.897,0.0,1.77,4392.962009851668
1731071481.05,19.8,0.705,0.0,1.71,5019.171252557538,19.8,0.655,0.0,0.768,1004.0833892162548,39.7,1.11,0.0,1.53,4484.646877889726,7.68,1.141,0.0,1.59,4392.915015396952
1731071481.55,19.8,0.606,0.0,2.29,5019.3880354083,20.5,0.735,0.0,0.805,1004.1267350290002,40.3,1.171,0.0,1.5,4484.315890814473,8.32,0.724,0.0,2.39,4392.868021008599
1731071482.05,20.5,0.668,0.0,1.96,5019.604821347992,19.8,1.153,0.0,0.776,1004.1700814603064,39.7,1.424,0.0,2.34,4484.37665808006,7.68,0.763,0.0,1.98,4392.82102668661
1731071482.55,19.8,0.546,0.0,2.22,5019.821610376209,19.8,0.95,0.0,0.898,1004.213428510094,39.7,0.732,0.0,1.66,4484.560433220869,8.32,0.681,0.0,2.09,4392.774032430987
1731071483.05,19.8,0.62,0.0,2.52,5020.038402492555,19.8,1.03,0.0,0.781,1004.2567761782852,40.3,0.867,0.0,1.58,4484.554146521167,7.68,0.937,0.0,10.3,4392.727038241736
1731071483.55,20.5,0.48,0.0,1.63,5020.255197696627,19.8,1.041,0.0,0.684,1004.3001244647944,39.7,1.043,0.0,2.28,4484.375370352453,8.32,1.168,0.0,1.6,4392.6800441188525
1731071484.05,19.8,0.391,0.0,3.15,5020.471995988027,20.5,1.014,0.0,0.781,1004.343473369544,40.3,0.931,0.0,1.8,4484.58202845145,7.68,1.096,0.0,2.94,4392.633050062343
1731071484.55,19.8,0.476,0.0,5.9,5020.688797366353,19.9,0.749,0.0,6.37,1004.3868228924543,40.3,0.899,0.0,2.05,4484.609802146489,8.32,1.292,0.0,1.93,4392.5860560722085
1731071485.05,19.8,0.446,0.0,1.92,5020.905601831207,19.8,0.421,0.0,0.841,1004.4301730334456,39.7,1.094,0.0,4.53,4484.7974672796,7.68,0.974,0.0,1.61,4392.539062148451
1731071485.55,19.8,0.421,0.0,1.77,5021.122409382189,20.5,0.471,0.0,0.946,1004.4735237924403,40.3,1.231,0.0,1.89,4484.96060367558,8.32,1.035,0.0,3.26,4392.492068291075
1731071486.05,20.5,0.75,0.0,1.54,5021.339220018898,19.8,0.519,0.0,0.73,1004.5168751693528,39.7,1.48,0.0,3.06,4485.187829061496,7.68,1.025,0.0,1.95,4392.44507450008
1731071486.55,19.8,0.787,0.0,5.26,5021.556033740936,19.8,0.511,0.0,1.01,1004.560227164106,40.3,1.409,0.0,1.95,4484.9722125830485,8.32,0.542,0.0,1.96,4392.398080775466
1731071487.05,19.8,0.592,0.0,2.53,5021.772850547902,19.8,0.479,0.0,0.816,1004.6035797766197,39.7,0.712,0.0,1.68,4485.092846431364,7.68,0.899,0.0,1.64,4392.35108711724
1731071487.55,20.5,0.477,0.0,2.7,5021.989670439396,20.5,0.519,0.0,0.937,1004.6469330068138,40.3,0.636,0.0,2.67,4485.480625195734,7.68,0.48,0.0,7.59,4392.304093525401
1731071488.05,19.8,0.45,0.0,2.43,5022.206493415021,19.8,0.551,0.0,0.863,1004.690286854612,39.7,0.867,0.0,1.71,4485.463641631487,8.32,1.061,0.0,2.65,4392.257099999954
1731071488.55,19.8,0.529,0.0,2.33,5022.423319474375,19.8,0.527,0.0,0.888,1004.7336413199278,40.3,0.886,0.0,1.65,4485.143544380036,8.32,1.128,0.0,1.79,4392.210106540897
1731071489.05,19.8,0.669,0.0,4.68,5022.64014861706,19.8,0.559,0.0,0.959,1004.7769964026844,39.7,1.049,0.0,2.51,4485.29454209358,7.68,0.775,0.0,1.7,4392.163113148235
1731071489.55,20.5,1.208,0.0,2.02,5022.856980842676,20.5,0.545,0.0,1.82,1004.8203521028018,40.3,0.925,0.0,3.41,4485.286139277855,8.32,1.114,0.0,2.21,4392.116119821971
1731071490.05,19.8,0.897,0.0,1.59,5023.073816150823,19.8,0.669,0.0,0.675,1004.8637084202004,39.7,1.17,0.0,11.3,4485.442971044049,7.68,0.688,0.0,1.8,4392.069126562103
1731071490.55,19.9,0.599,0.0,3.69,5023.290654541105,19.9,0.474,0.0,1.98,1004.9070653548032,40.3,0.965,0.0,1.69,4485.762079436287,8.32,1.274,0.0,1.64,4392.022133368639
1731071491.05,19.8,0.808,0.0,1.58,5023.50749601312,19.8,0.534,0.0,1.12,1004.950422906524,39.0,0.819,0.0,2.27,4485.365960814909,7.68,1.044,0.0,2.34,4391.975140241575
1731071491.55,20.5,0.61,0.0,1.78,5023.7243405664685,20.5,0.798,0.0,2.08,1004.993781075286,41.0,0.585,0.0,4.14,4485.5663106716975,8.32,0.683,0.0,2.02,4391.928147180917
1731071492.05,19.9,0.667,0.0,1.97,5023.9411882007535,19.8,0.692,0.0,1.59,1005.0371398610096,39.7,0.544,0.0,1.8,4485.686015255494,7.68,1.087,0.0,4.41,4391.881154186665
1731071492.55,19.8,0.727,0.0,1.58,5024.158038915575,19.8,0.76,0.0,0.987,1005.0804992636148,40.3,0.529,0.0,1.73,4485.279925968968,8.32,0.597,0.0,1.67,4391.834161258824
1731071493.05,19.8,0.889,0.0,2.52,5024.374892710535,19.8,0.633,0.0,1.75,1005.1238592830252,39.7,0.702,0.0,2.36,4485.580546984765,7.68,1.243,0.0,1.5,4391.787168397394
1731071493.55,20.5,0.685,0.0,1.68,5024.591749585234,20.5,0.543,0.0,5.76,1005.167219919154,40.3,0.643,0.0,1.94,4485.69974472869,8.32,0.704,0.0,2.97,4391.740175602377
1731071494.05,19.8,0.55,0.0,7.74,5024.808609539273,19.9,0.694,0.0,0.875,1005.2105811719254,39.7,0.863,0.0,2.34,4485.815491945663,7.68,0.586,0.0,1.9,4391.693182873777
1731071494.55,19.8,0.56,0.0,2.78,5025.025472572253,19.8,0.71,0.0,0.89,1005.2539430412588,39.7,0.664,0.016,6.29,4486.170148516025,8.32,0.89,0.0,2.14,4391.6461902115925
1731071495.05,19.9,0.53,0.0,1.9,5025.242338683777,19.8,0.664,0.0,1.07,1005.2973055270752,39.7,0.892,0.0,3.25,4485.95400507669,7.68,0.504,0.0,1.83,4391.599197615829
1731071495.55,19.8,0.611,0.0,2.13,5025.459207873446,20.5,0.698,0.0,1.07,1005.3406686292972,40.3,0.695,0.0,5.59,4486.112870723863,8.32,1.252,0.0,1.56,4391.552205086489
1731071496.05,20.5,0.578,0.0,1.82,5025.67608014086,19.8,1.227,0.0,1.58,1005.3840323478394,39.7,0.737,0.0,3.91,4485.903265109723,7.68,0.773,0.0,2.43,4391.505212623571
1731071496.55,19.8,0.958,0.0,1.65,5025.892955485622,19.8,0.884,0.0,0.878,1005.4273966826248,40.3,0.871,0.0,1.84,4485.932744719959,8.32,0.68,0.0,1.89,4391.45822022708
1731071497.05,19.8,0.752,0.0,2.43,5026.109833907333,19.8,0.691,0.0,1.9,1005.4707616335736,39.7,0.789,0.0,3.45,4485.966415434094,7.68,0.496,0.0,7.45,4391.411227897018
1731071497.55,19.9,0.655,0.0,2.05,5026.326715405595,19.8,0.689,0.0,1.0,1005.5141272006064,40.4,1.195,0.0,3.19,4485.969708592639,8.32,0.892,0.0,1.72,4391.364235633387
1731071498.05,20.5,0.762,0.0,1.62,5026.54359998001,20.5,0.58,0.0,1.6,1005.5574933836466,39.6,1.283,0.0,5.7,4486.304168159659,7.68,1.673,0.0,1.79,4391.317243436189
1731071498.55,19.8,0.819,0.0,8.33,5026.760487630179,19.9,0.523,0.0,2.04,1005.600860182608,40.3,1.228,0.0,4.87,4486.15816806654,8.32,1.332,0.0,2.65,4391.270251305424
1731071499.05,19.9,0.781,0.0,1.9,5026.977378355706,19.8,0.7,0.0,0.833,1005.6442275974144,39.7,1.115,0.0,8.45,4486.314937956574,7.68,1.275,0.0,1.97,4391.2232592410965
1731071499.55,20.5,0.83,0.0,1.64,5027.194272156189,20.5,0.811,0.0,0.926,1005.6875956279856,39.7,1.116,0.0,9.75,4486.231008699507,8.32,0.756,0.0,1.73,4391.176267243209
1731071500.05,19.8,0.797,0.0,2.53,5027.411169031234,19.8,0.603,0.0,0.792,1005.7309642742424,40.3,0.731,0.0,1.79,4485.921860908759,7.68,0.79,0.0,3.54,4391.1292753117605
1731071500.55,19.8,1.093,0.0,1.67,5027.628068980442,19.8,0.823,0.0,0.906,1005.7743335361082,40.3,0.981,0.0,1.79,4486.605522638758,7.68,0.642,0.0,1.5,4391.08228344676
1731071501.05,19.8,0.876,0.0,1.65,5027.844972003413,19.8,0.755,0.0,0.908,1005.8177034134968,39.7,0.919,0.0,1.79,4486.749731623923,8.32,0.766,0.0,1.69,4391.035291648201
1731071501.55,20.5,0.826,0.0,2.72,5028.061878099751,20.5,0.791,0.0,1.75,1005.8610739063324,40.3,0.919,0.0,1.65,4486.369452631151,8.32,0.864,0.0,8.87,4390.988299916091
1731071502.05,19.8,0.863,0.0,1.43,5028.278787269059,19.8,0.793,0.0,6.73,1005.9044450145344,39.7,1.052,0.0,1.69,4486.45834113448,7.68,0.653,0.0,1.7,4390.941308250431
1731071502.55,19.8,0.862,0.0,1.73,5028.495699510938,19.9,1.02,0.0,1.07,1005.947816738024,40.3,1.549,0.0,2.36,4486.362028836749,8.32,0.652,0.0,1.68,4390.894316651221
1731071503.05,19.8,0.397,0.0,2.65,5028.712614824992,19.8,0.851,0.0,1.24,1005.9911890767248,39.7,1.245,0.0,1.73,4486.846395024098,7.68,0.643,0.0,2.49,4390.847325118469
1731071503.55,20.5,0.438,0.0,1.66,5028.92953321082,20.5,0.914,0.0,0.917,1006.0345620305504,40.3,1.22,0.0,1.76,4486.885699489766,8.32,0.871,0.0,1.69,4390.800333652169
1731071504.05,19.8,0.516,0.0,1.61,5029.146454668028,19.8,0.839,0.0,1.3,1006.0779355994248,39.7,0.842,0.0,8.59,4486.85061704803,7.68,0.879,0.0,2.25,4390.753342252329
1731071504.55,19.8,0.384,0.0,3.22,5029.3633791962175,19.8,0.926,0.0,0.747,1006.121309783268,40.3,1.059,0.0,1.99,4486.559375009187,7.68,0.475,0.0,1.44,4390.706350918949
1731071505.05,19.8,0.743,0.0,2.02,5029.580306794991,19.8,1.078,0.0,1.06,1006.164684582001,39.7,1.037,0.0,2.65,4487.032880776766,8.32,0.656,0.0,1.66,4390.659359652032
1731071505.55,20.5,0.602,0.0,1.77,5029.797237463952,19.9,0.844,0.0,0.815,1006.2080599955472,40.4,1.108,0.0,1.89,4486.785540015461,8.32,0.673,0.0,2.17,4390.6123684515815
1731071506.05,19.8,0.616,0.0,2.99,5030.014171202702,19.8,0.513,0.0,0.759,1006.2514360238208,39.6,1.019,0.0,1.33,4486.928335181328,7.68,0.895,0.0,3.69,4390.565377317595
1731071506.55,19.9,0.436,0.0,1.63,5030.231108010844,20.5,0.485,0.0,0.771,1006.2948126667452,40.3,1.157,0.0,2.63,4486.782720861984,8.32,1.066,0.0,1.61,4390.51838625008
1731071507.05,19.8,0.317,0.0,2.07,5030.448047887981,19.8,0.602,0.0,1.19,1006.3381899242416,39.7,1.216,0.0,1.8,4486.781692528131,7.68,0.834,0.0,2.64,4390.471395249034
1731071507.55,20.5,0.522,0.0,1.68,5030.664990833717,20.5,0.638,0.0,1.12,1006.3815677962298,39.7,1.377,0.0,1.95,4486.957936770831,8.32,0.92,0.0,1.6,4390.424404314461
1731071508.05,19.9,0.441,0.0,7.75,5030.881936847654,19.9,0.443,0.0,1.3,1006.424946282634,39.7,0.594,0.0,3.79,4486.905925558617,7.68,0.946,0.0,1.86,4390.377413446367
1731071508.55,19.8,0.465,0.0,2.16,5031.098885929395,19.8,0.497,0.0,1.13,1006.468325383368,39.7,0.658,0.016,9.23,4487.222412180146,8.32,1.207,0.0,2.21,4390.330422644747
1731071509.05,19.8,0.522,0.0,1.81,5031.315838078544,19.8,0.686,0.0,3.65,1006.511705098356,40.3,0.718,0.0,2.71,4487.514060039088,7.68,1.396,0.0,2.01,4390.283431909607
1731071509.55,20.5,0.452,0.0,1.9,5031.532793294703,20.5,0.546,0.0,1.58,1006.5550854275184,39.7,0.782,0.0,2.77,4487.123122322767,8.32,0.793,0.0,2.77,4390.23644124095
1731071510.05,19.8,0.437,0.0,2.21,5031.749751577477,19.8,0.546,0.0,1.02,1006.5984663707756,40.3,0.892,0.0,3.22,4487.024677470578,7.68,0.928,0.0,1.94,4390.189450638776
1731071510.55,19.8,0.884,0.0,1.82,5031.966712926468,19.8,0.5,0.0,0.934,1006.6418479280516,40.3,1.043,0.0,2.71,4487.240002622372,8.32,0.582,0.0,1.49,4390.142460103089
1731071511.05,19.8,0.947,0.0,1.96,5032.18367734128,19.9,0.825,0.0,0.793,1006.6852300992606,39.0,1.175,0.016,1.74,4487.087092506553,7.68,1.926,0.0,9.04,4390.0954696338895
1731071511.55,20.5,0.593,0.0,2.1,5032.400644821515,20.5,0.829,0.0,0.876,1006.7286128843264,40.3,1.085,0.0,3.62,4487.415551717444,8.32,1.458,0.0,1.5,4390.04847923118
1731071512.05,19.8,0.565,0.0,1.97,5032.617615366778,19.8,0.596,0.0,0.853,1006.7719962831698,39.7,0.847,0.0,2.58,4487.298726996512,7.68,0.832,0.0,1.93,4390.001488894964
1731071512.55,19.8,0.858,0.0,7.04,5032.834588976673,19.9,0.585,0.0,0.711,1006.8153802957112,39.7,0.787,0.0,1.87,4487.839325794195,8.32,1.049,0.0,1.77,4389.954498625241
1731071513.05,19.8,1.27,0.0,1.35,5033.051565650803,19.8,0.88,0.0,0.687,1006.8587649218744,40.3,0.948,0.0,8.59,4487.628098542847,7.68,1.256,0.0,1.64,4389.907508422018
1731071513.55,20.5,0.707,0.0,2.13,5033.268545388772,20.5,0.552,0.0,0.798,1006.902150161574,40.3,0.825,0.0,1.53,4487.315865598526,8.32,1.471,0.0,2.76,4389.860518285291
1731071514.05,19.8,0.61,0.0,1.57,5033.485528190183,19.9,0.521,0.0,0.764,1006.945536014734,39.7,0.666,0.0,1.58,4487.448064109452,7.68,0.834,0.0,1.94,4389.813528215065
1731071514.55,19.8,0.665,0.0,1.78,5033.702514054639,19.8,0.669,0.0,0.73,1006.9889224812748,40.3,0.696,0.0,3.11,4487.915414352235,8.32,0.656,0.0,2.07,4389.766538211344
1731071515.05,19.8,0.732,0.0,2.25,5033.9195029817465,19.8,0.853,0.0,0.887,1007.032309561117,39.7,0.858,0.0,1.54,4487.976278825624,7.68,1.023,0.0,1.41,4389.719548274125
1731071515.55,19.8,0.619,0.0,1.98,5034.136494971109,20.5,0.58,0.0,0.74,1007.0756972541848,40.3,0.8,0.0,1.59,4487.5594062419,8.32,0.497,0.0,9.01,4389.672558403418
1731071516.05,20.5,0.671,0.0,1.63,5034.3534900223285,19.8,0.762,0.0,0.856,1007.1190855603926,39.7,0.808,0.0,2.99,4487.591911107803,7.68,1.254,0.0,2.9,4389.625568599217
1731071516.55,19.8,0.684,0.0,2.26,5034.570488135011,19.8,0.916,0.0,0.765,1007.162474479664,39.6,0.965,0.0,1.6,4487.91024007795,8.32,0.861,0.0,1.66,4389.578578861529
1731071517.05,19.8,0.54,0.0,2.03,5034.787489308759,19.9,0.78,0.0,0.932,1007.2058640119202,40.3,0.657,0.0,2.14,4487.859170322936,7.68,0.704,0.0,1.45,4389.531589190354
1731071517.55,19.8,0.862,0.0,7.43,5035.004493543178,20.5,0.953,0.0,0.75,1007.2492541570816,40.3,0.943,0.0,1.83,4488.347271327348,7.68,0.962,0.0,3.5,4389.484599585696
1731071518.05,19.8,0.651,0.031,1.87,5035.2215008378735,19.8,0.857,0.0,0.716,1007.2926449150726,39.7,0.753,0.0,8.83,4488.240452684039,8.32,0.84,0.0,1.59,4389.4376100475565
1731071518.55,19.8,0.629,0.0,1.82,5035.438511192447,19.9,0.609,0.0,0.702,1007.3360362858072,40.3,1.016,0.0,1.71,4488.356002264855,8.32,1.509,0.0,1.86,4389.390620575937
1731071519.05,19.8,0.752,0.0,2.29,5035.655524606504,19.8,0.664,0.0,0.682,1007.3794282692098,39.7,0.93,0.0,1.72,4488.010035303359,7.68,0.991,0.0,2.75,4389.343631170838
1731071519.55,20.5,0.816,0.0,1.69,5035.872541079649,20.5,0.569,0.0,0.723,1007.422820865201,40.4,1.042,0.0,2.23,4488.465232346775,8.32,0.76,0.0,1.42,4389.296641832265
1731071520.05,19.8,0.911,0.0,1.55,5036.089560611486,19.8,0.656,0.0,0.79,1007.4662140737016,39.6,1.192,0.0,5.34,4488.41206185558,7.68,0.579,0.0,3.06,4389.249652560218
1731071520.55,19.8,0.683,0.0,2.73,5036.306583201623,19.8,0.621,0.0,0.694,1007.5096078946356,40.3,1.335,0.0,1.38,4488.378856445788,8.32,0.652,0.0,1.57,4389.202663354701
1731071521.05,19.8,0.715,0.0,1.99,5036.52360884966,19.8,0.78,0.0,0.872,1007.553002327918,39.7,0.867,0.0,3.07,4488.440131935696,7.68,1.012,0.0,1.51,4389.1556742157145
1731071521.55,20.5,0.864,0.0,1.86,5036.740637555204,19.9,0.862,0.0,0.881,1007.5963973734722,40.3,0.828,0.0,1.62,4488.189834653114,7.68,0.74,0.0,2.46,4389.10868514326
1731071522.05,19.8,0.999,0.0,8.87,5036.957669317859,20.5,0.813,0.0,0.763,1007.6397930312196,39.7,0.983,0.0,2.46,4488.28145375076,8.32,0.762,0.0,1.7,4389.061696137342
1731071522.55,19.8,0.978,0.0,1.66,5037.174704137231,19.8,0.79,0.0,0.89,1007.6831893010806,40.3,0.9,0.0,8.81,4488.710311715027,8.32,0.627,0.0,1.72,4389.01470719796
1731071523.05,19.8,1.012,0.0,2.84,5037.391742012925,19.8,0.713,0.0,0.796,1007.7265861829798,39.7,1.019,0.0,1.66,4488.46834653955,7.68,0.651,0.0,2.94,4388.96771832512
1731071523.55,20.5,1.02,0.0,1.7,5037.608782944543,20.5,0.866,0.0,0.813,1007.7699836768315,40.3,1.044,0.0,1.67,4488.346637108969,8.32,0.759,0.0,2.5,4388.920729518819
1731071524.05,19.8,0.888,0.0,3.35,5037.825826931693,19.8,0.776,0.0,1.25,1007.81338178256,39.7,1.223,0.0,2.78,4488.899591258596,7.68,0.876,0.0,2.14,4388.873740779062
1731071524.55,19.8,0.469,0.0,1.57,5038.04287397398,19.8,0.846,0.0,0.896,1007.856780500086,40.3,1.169,0.0,1.52,4488.91549729059,8.32,1.046,0.0,6.05,4388.826752105852
1731071525.05,19.8,0.289,0.0,1.91,5038.259924071008,19.8,0.953,0.0,0.969,1007.9001798293308,39.0,0.822,0.0,1.75,4488.998312390756,7.68,0.632,0.0,2.03,4388.779763499188
1731071525.55,19.8,0.42,0.0,2.45,5038.476977222384,20.5,0.85,0.0,0.796,1007.9435797702184,41.0,0.948,0.0,2.46,4488.488693076434,8.32,0.726,0.0,3.77,4388.732774959078
1731071526.05,20.5,0.509,0.0,2.19,5038.69403342771,19.8,0.913,0.0,0.809,1007.9869803226632,39.7,0.891,0.0,1.59,4488.600100507458,7.68,0.67,0.0,1.92,4388.6857864855165
1731071526.55,19.8,0.455,0.0,11.1,5038.911092686593,19.8,0.989,0.0,0.758,1008.03038148659,40.3,0.884,0.0,1.67,4488.750550032202,8.32,0.853,0.0,1.63,4388.638798078511
1731071527.05,19.8,0.504,0.0,5.61,5039.128154998641,19.9,0.75,0.0,0.832,1008.0737832619192,39.7,1.066,0.0,9.15,4488.578642748033,7.68,0.834,0.0,2.86,4388.591809738063
1731071527.55,19.8,0.506,0.0,2.92,5039.345220363455,19.8,0.475,0.0,0.926,1008.117185648572,40.3,1.1,0.0,10.9,4489.142545033573,8.32,0.449,0.0,1.74,4388.544821464171
1731071528.05,20.5,0.495,0.0,4.06,5039.562288780644,20.5,0.449,0.0,0.945,1008.1605886464728,39.7,1.238,0.0,6.14,4488.760756430563,7.68,0.7,0.0,1.76,4388.497833256844
1731071528.55,19.8,0.659,0.0,4.61,5039.779360249811,19.8,0.442,0.0,0.825,1008.2039922555364,40.3,1.424,0.0,4.48,4488.75718562896,8.32,0.921,0.0,2.43,4388.450845116076
1731071529.05,19.8,0.421,0.0,3.31,5039.9964347705645,19.8,0.53,0.0,0.732,1008.2473964756864,39.7,1.32,0.0,5.38,4489.041723044191,7.68,1.096,0.0,1.61,4388.403857041874
1731071529.55,20.5,1.019,0.0,2.23,5040.213512342508,20.5,0.707,0.0,3.86,1008.2908013068444,39.7,0.972,0.0,6.16,4489.073752028235,8.32,1.016,0.0,6.37,4388.35686903424
1731071530.05,19.8,0.743,0.0,2.53,5040.430592965247,19.8,0.485,0.0,4.08,1008.3342067489318,40.3,0.772,0.0,1.78,4488.859967484167,7.68,0.644,0.0,1.74,4388.309881093175
1731071530.55,19.9,0.477,0.0,2.18,5040.64767663839,19.8,0.507,0.0,5.17,1008.3776128018724,40.3,0.669,0.0,5.6,4488.989022831976,8.32,0.977,0.0,1.4,4388.262893218683
1731071531.05,19.8,0.551,0.0,4.5,5040.86476336154,19.9,0.492,0.0,1.16,1008.4210194655808,39.0,1.179,0.016,4.86,4489.142733640109,7.68,0.748,0.0,2.39,4388.215905410763
1731071531.55,20.5,0.529,0.0,1.5,5041.081853134305,19.8,0.615,0.0,1.76,1008.4644267399816,40.3,0.912,0.0,5.06,4489.493752205607,8.32,1.096,0.0,1.67,4388.168917669419
1731071532.05,19.8,0.682,0.0,3.6,5041.29894595629,20.5,0.632,0.0,0.909,1008.5078346249962,39.7,0.965,0.0,2.05,4489.109088396129,7.68,1.241,0.0,1.53,4388.121929994653
1731071532.55,19.8,0.564,0.0,1.49,5041.516041827101,19.8,0.482,0.0,1.06,1008.5512431205452,40.3,1.004,0.0,1.79,4489.63442960866,8.32,1.012,0.0,2.13,4388.074942386467
1731071533.05,19.8,0.585,0.0,1.92,5041.733140746345,19.9,0.682,0.0,1.13,1008.5946522265536,39.7,1.172,0.0,3.08,4489.923277809002,7.68,1.05,0.0,1.83,4388.027954844864
1731071533.55,20.5,0.648,0.0,1.66,5041.950242713627,19.8,0.579,0.0,1.28,1008.6380619429356,39.7,0.868,0.0,2.87,4489.517249325359,8.32,0.594,0.0,2.37,4387.9809673698455
1731071534.05,19.8,0.566,0.0,1.51,5042.167347728554,20.5,0.607,0.0,1.12,1008.681472269616,40.3,0.534,0.0,2.03,4489.521117996678,7.68,1.261,0.0,4.72,4387.933979961412
1731071534.55,19.8,0.626,0.0,2.34,5042.384455790732,19.8,0.57,0.0,1.05,1008.7248832065156,40.3,0.622,0.0,2.05,4489.356334736619,7.68,0.751,0.0,1.42,4387.886992619568
1731071535.05,19.8,0.537,0.0,1.67,5042.601566899768,19.8,0.582,0.0,0.824,1008.768294753556,39.7,1.076,0.0,1.95,4489.9231690961,8.32,0.596,0.0,3.13,4387.840005344315
1731071535.55,20.5,0.674,0.0,2.81,5042.818681055269,20.5,0.574,0.0,0.873,1008.8117069106617,39.7,0.603,0.0,3.06,4490.109660036012,8.32,0.849,0.0,1.66,4387.793018135655
1731071536.05,19.8,1.051,0.0,8.48,5043.035798256839,19.8,0.664,0.0,0.881,1008.855119677747,40.3,0.952,0.0,1.62,4490.102518778331,7.68,0.548,0.0,1.73,4387.746030993591
1731071536.55,19.8,0.773,0.0,1.9,5043.252918504088,19.9,0.738,0.0,0.772,1008.8985330547368,40.3,0.63,0.0,10.0,4489.606526415056,8.32,1.223,0.0,2.75,4387.699043918122
1731071537.05,19.8,0.513,0.0,6.42,5043.47004179662,19.8,0.622,0.0,0.797,1008.9419470415525,39.7,0.915,0.0,3.05,4490.138245537964,7.68,0.711,0.0,1.7,4387.652056909253
1731071537.55,20.5,0.604,0.0,4.62,5043.687168134043,20.5,0.639,0.0,0.823,1008.9853616381148,40.3,0.656,0.0,1.71,4489.953487855851,8.32,0.687,0.0,1.91,4387.605069966985
1731071538.05,19.8,0.51,0.0,1.73,5043.904297515964,19.8,0.807,0.0,0.804,1009.0287768443488,39.7,0.686,0.0,1.79,4489.8291915101545,7.68,0.76,0.0,2.2,4387.558083091323
1731071538.55,19.8,0.58,0.0,2.83,5044.121429941987,19.8,0.917,0.0,0.828,1009.072192660169,40.3,1.394,0.0,1.62,4490.205981670045,8.32,0.544,0.0,1.7,4387.511096282265
1731071539.05,19.8,0.759,0.0,1.69,5044.338565411723,19.8,0.855,0.0,0.851,1009.1156090855002,39.7,0.928,0.0,3.03,4489.976559321675,7.68,1.355,0.0,8.34,4387.464109539815
1731071539.55,20.5,0.644,0.0,1.69,5044.555703924777,20.5,0.767,0.0,0.834,1009.1590261202635,40.3,0.737,0.0,4.03,4490.386353806613,8.32,0.903,0.0,1.76,4387.417122863975
1731071540.05,19.8,0.731,0.0,2.55,5044.772845480756,19.2,0.557,0.0,0.857,1009.2024437643804,39.7,1.028,0.0,4.31,4489.988270459688,7.68,0.808,0.0,1.68,4387.370136254746
1731071540.55,19.8,0.827,0.0,5.52,5044.989990079267,20.5,0.614,0.0,0.853,1009.2458620177754,40.3,0.905,0.0,5.58,4490.34605611018,8.32,0.566,0.0,2.56,4387.323149712135
1731071541.05,19.8,0.906,0.0,1.5,5045.207137719917,19.8,0.57,0.0,0.85,1009.2892808803635,39.7,1.061,0.0,8.89,4490.092828084319,7.68,0.835,0.0,1.95,4387.276163236137
1731071541.55,19.9,0.822,0.0,3.21,5045.424288402314,19.8,1.026,0.0,0.82,1009.3327003520692,40.3,1.641,0.0,1.85,4490.658967559565,8.32,1.536,0.0,2.37,4387.229176826759
1731071542.05,20.5,0.869,0.0,1.6,5045.641442126065,20.5,0.816,0.0,0.892,1009.376120432814,39.0,0.916,0.0,2.64,4490.229557442408,7.68,0.849,0.0,1.83,4387.182190484001
1731071542.55,19.8,0.886,0.0,1.77,5045.858598890777,19.8,0.685,0.0,1.18,1009.4195411225194,41.0,0.675,0.0,1.91,4490.360732128663,8.32,0.745,0.0,1.69,4387.135204207866
1731071543.05,19.8,1.07,0.0,2.92,5046.075758696059,19.8,0.895,0.0,0.927,1009.4629624211096,39.7,0.908,0.0,2.74,4490.352575367732,7.68,0.692,0.0,2.58,4387.088217998357
1731071543.55,20.5,0.941,0.0,1.46,5046.292921541515,20.5,0.757,0.0,2.69,1009.5063843285,40.3,1.052,0.0,5.2,4490.779821914226,8.32,0.754,0.0,7.09,4387.0412318554745
1731071544.05,19.8,1.126,0.0,1.91,5046.510087426756,19.8,0.71,0.0,1.05,1009.5498068446152,39.7,0.985,0.0,3.32,4490.652756734095,7.68,0.887,0.0,1.77,4386.994245779222
1731071544.55,19.8,0.96,0.0,3.44,5046.727256351387,19.8,0.714,0.0,0.917,1009.5932299693768,40.3,0.918,0.0,3.93,4490.783882285557,8.32,0.843,0.0,2.76,4386.947259769599
1731071545.05,19.8,0.772,0.0,8.65,5046.944428315017,19.8,1.072,0.0,1.32,1009.6366537027058,39.7,1.334,0.0,2.9,4490.999002634993,7.68,1.002,0.0,1.63,4386.900273826611
1731071545.55,19.8,0.404,0.0,1.66,5047.161603317255,20.5,1.027,0.0,0.805,1009.6800780445272,40.3,1.175,0.0,8.09,4490.597929879262,8.32,0.735,0.0,2.0,4386.85328795026
1731071546.05,20.5,0.518,0.0,2.37,5047.3787813577055,19.8,0.781,0.0,1.0,1009.723502994756,39.7,1.263,0.0,4.06,4490.692141752284,7.68,0.707,0.0,2.03,4386.806302140545
1731071546.55,19.8,0.39,0.0,2.35,5047.595962435979,19.8,0.922,0.0,0.845,1009.7669285533171,39.7,0.986,0.0,4.87,4490.565272889117,8.32,0.685,0.0,1.69,4386.75931639747
1731071547.05,19.8,0.405,0.0,1.86,5047.813146551683,19.8,1.069,0.0,0.737,1009.810354720132,40.3,0.764,0.0,1.65,4490.547434817671,7.68,0.797,0.0,2.48,4386.712330721038
1731071547.55,19.8,0.937,0.0,1.92,5048.030333704423,20.5,0.925,0.0,0.852,1009.853781495122,40.3,1.273,0.0,2.37,4490.658436419995,8.32,0.892,0.0,1.91,4386.665345111249
1731071548.05,20.5,0.571,0.0,2.86,5048.247523893812,19.8,0.968,0.0,0.835,1009.8972088782118,39.7,1.169,0.0,1.95,4491.40559528015,7.68,0.454,0.0,6.66,4386.618359568109
1731071548.55,19.8,0.374,0.0,1.8,5048.464717119453,19.8,0.763,0.0,1.01,1009.9406368693168,39.7,1.253,0.0,2.12,4491.149095570129,8.32,0.804,0.0,2.35,4386.571374091615
1731071549.05,19.8,0.458,0.0,1.5,5048.681913380957,19.8,0.415,0.0,0.915,1009.9840654683616,40.3,1.616,0.0,1.79,4491.428899290657,7.68,0.714,0.0,1.84,4386.5243886817725
1731071549.55,19.8,0.54,0.0,3.15,5048.899112677931,19.9,0.355,0.0,1.14,1010.027494675268,40.3,1.304,0.0,1.74,4491.062989464034,8.32,1.483,0.0,2.93,4386.477403338584
1731071550.05,20.5,0.652,0.0,7.01,5049.116315009984,20.5,0.643,0.0,0.849,1010.0709244899576,39.7,2.008,0.0,2.39,4491.3541020132425,7.68,1.164,0.0,1.9,4386.430418062048
1731071550.55,19.9,0.743,0.0,1.85,5049.333520376725,19.8,0.657,0.0,0.728,1010.1143549123548,40.3,1.394,0.0,9.36,4491.149534394778,8.32,0.618,0.0,1.78,4386.383432852172
1731071551.05,19.8,0.65,0.0,2.38,5049.550728777759,19.8,0.573,0.0,0.911,1010.1577859423752,39.7,0.731,0.0,1.37,4491.5292974830245,7.68,0.826,0.0,2.55,4386.3364477089535
1731071551.55,20.5,0.508,0.0,1.68,5049.767940212699,20.6,0.432,0.0,0.771,1010.2012175799432,40.3,0.97,0.0,3.1,4491.340733177789,7.68,0.576,0.0,1.4,4386.289462632397
1731071552.05,19.2,0.474,0.032,1.7,5049.985154681151,19.8,0.86,0.0,0.933,1010.2446498249813,39.7,0.81,0.0,1.62,4491.135383600969,8.32,1.037,0.0,1.86,4386.242477622504
1731071552.55,19.8,1.372,0.0,1.96,5050.202372182723,19.8,0.571,0.0,0.918,1010.28808267741,40.3,0.879,0.0,1.69,4491.228237115988,8.32,1.116,0.0,2.54,4386.195492679275
1731071553.05,19.8,0.753,0.0,1.5,5050.419592717025,19.8,0.531,0.0,1.44,1010.3315161371552,39.7,0.925,0.0,3.19,4491.464568261871,7.68,0.598,0.0,1.68,4386.148507802717
1731071553.55,20.5,0.582,0.0,2.31,5050.636816283665,20.5,0.735,0.0,0.831,1010.3749502041316,40.3,1.099,0.0,1.55,4491.212282730478,8.32,0.838,0.0,5.05,4386.101522992827
1731071554.05,19.9,0.662,0.0,1.72,5050.8540428822525,19.8,0.451,0.0,0.801,1010.4183848782642,39.7,1.032,0.0,2.06,4491.406190630259,7.68,0.459,0.0,2.14,4386.05453824961
1731071554.55,19.8,1.059,0.0,11.1,5051.071272512397,19.9,0.52,0.0,0.747,1010.4618201594748,40.3,1.309,0.0,1.85,4491.521247924572,8.32,1.362,0.0,2.25,4386.007553573067
1731071555.05,19.8,0.906,0.0,2.26,5051.288505173704,19.8,0.48,0.0,0.85,1010.5052560476852,39.1,0.554,0.0,9.06,4491.784706939729,7.68,0.993,0.0,2.16,4385.9605689632
1731071555.55,20.5,0.767,0.0,1.6,5051.505740865787,20.5,0.672,0.0,0.739,1010.5486925428198,41.0,0.826,0.0,1.91,4491.37390025048,8.32,0.871,0.0,1.61,4385.913584420013
1731071556.05,19.9,0.68,0.0,2.64,5051.722979588251,19.8,0.783,0.0,0.739,1010.5921296447946,39.7,0.621,0.0,4.95,4491.680095796116,7.68,1.018,0.0,3.02,4385.866599943505
1731071556.55,19.8,0.815,0.0,1.64,5051.940221340708,19.8,0.601,0.0,0.766,1010.6355673535344,40.3,0.611,0.0,2.62,4491.889770410367,8.32,0.516,0.0,1.62,4385.819615533681
1731071557.05,19.8,0.831,0.0,2.06,5052.157466122765,19.8,0.815,0.0,0.889,1010.6790056689604,39.7,0.751,0.0,1.82,4492.127177334687,7.63,1.242,0.0,1.96,4385.77263119054
1731071557.55,20.5,0.767,0.0,2.74,5052.374713934032,20.5,0.668,0.0,0.845,1010.7224445909952,40.4,0.603,0.0,1.63,4492.112338119444,8.38,0.774,0.0,8.74,4385.725646914088
1731071558.05,19.8,0.675,0.0,1.7,5052.59196477412,19.8,0.763,0.0,1.29,1010.7658841195632,39.7,0.879,0.0,2.8,4492.05279109996,7.68,0.665,0.0,1.57,4385.678662704327
1731071558.55,19.7,0.625,0.0,1.59,5052.809218642636,19.9,0.728,0.0,0.827,1010.8093242545804,39.7,0.849,0.0,1.72,4491.991437042419,8.32,0.978,0.0,1.96,4385.631678561254
1731071559.05,19.9,0.528,0.0,4.32,5053.026475539189,19.8,0.744,0.0,0.916,1010.8527649959713,40.3,0.706,0.0,1.45,4492.329458914394,7.68,0.675,0.0,1.69,4385.584694484875
1731071559.55,20.5,0.643,0.0,1.78,5053.24373546339,20.5,0.665,0.0,0.891,1010.8962063436576,40.3,0.862,0.0,4.44,4492.444782435115,8.32,1.511,0.0,1.78,4385.537710475193
1731071560.05,19.8,0.613,0.0,1.54,5053.460998414848,19.8,0.845,0.0,0.758,1010.9396482975616,39.7,0.861,0.0,1.91,4491.883152069853,7.68,0.996,0.0,1.95,4385.490726532208
1731071560.55,19.8,0.769,0.0,3.28,5053.678264393174,19.9,0.862,0.0,0.867,1010.983090857608,40.3,0.8,0.0,2.11,4491.916663700816,8.32,0.883,0.0,1.89,4385.443742655924
1731071561.05,19.8,0.612,0.0,1.76,5053.895533397975,19.8,0.763,0.0,0.908,1011.0265340237124,39.7,0.892,0.0,2.04,4492.093608877158,7.68,0.715,0.0,1.55,4385.396758846343
1731071561.55,20.5,0.727,0.0,2.42,5054.112805428862,19.8,0.928,0.0,0.748,1011.0699777958002,40.3,0.985,0.0,1.68,4492.040267644776,8.32,0.844,0.0,2.44,4385.349775103463
1731071562.05,19.9,0.68,0.0,2.51,5054.330080485444,20.5,0.564,0.0,1.18,1011.1134221737929,39.7,0.946,0.0,1.83,4492.678381302618,7.68,1.769,0.0,7.64,4385.3027914272925
1731071562.55,19.8,0.76,0.0,1.65,5054.547358567333,19.8,0.69,0.0,1.0,1011.1568671576124,40.3,1.144,0.0,2.1,4492.418100235422,8.32,1.002,0.0,1.91,4385.255807817828
1731071563.05,19.8,0.685,0.0,1.75,5054.764639674137,19.8,0.649,0.0,1.54,1011.200312747184,39.7,1.124,0.0,1.8,4492.389610777782,7.68,0.771,0.0,1.97,4385.208824275077
1731071563.55,20.5,0.79,0.0,1.83,5054.981923805465,19.8,0.6,0.0,5.14,1011.2437589424228,39.7,0.792,0.0,1.99,4492.621162578599,8.32,0.736,0.0,1.63,4385.161840799037
1731071564.05,19.8,1.141,0.0,10.5,5055.199210960929,20.5,0.796,0.0,0.928,1011.2872057432548,40.3,0.911,0.0,3.62,4492.465232908212,7.68,0.707,0.0,3.18,4385.114857389713
1731071564.55,19.8,1.049,0.0,1.98,5055.416501140138,19.8,0.791,0.0,0.837,1011.3306531496012,40.3,0.862,0.0,7.87,4492.523300954426,7.68,1.057,0.0,1.97,4385.067874047105
1731071565.05,19.8,0.861,0.0,1.67,5055.633794342703,19.8,0.675,0.0,0.99,1011.374101161384,39.7,0.895,0.0,1.87,4492.425640140781,8.32,0.943,0.0,1.99,4385.020890771217
1731071565.55,20.5,0.97,0.0,2.49,5055.851090568234,19.8,0.808,0.0,0.972,1011.4175497785288,40.3,0.904,0.0,3.4,4492.310431695242,8.32,0.795,0.0,1.5,4384.973907562052
1731071566.05,19.8,0.886,0.0,2.5,5056.068389816341,20.5,0.702,0.0,2.16,1011.4609990009508,39.7,1.034,0.0,1.57,4492.824549225528,7.68,0.764,0.0,1.65,4384.926924419608
1731071566.55,19.8,0.668,0.0,2.05,5056.2856920866325,19.8,0.799,0.0,0.832,1011.5044488285754,40.3,1.076,0.0,1.68,4492.551322257057,8.32,0.716,0.0,3.94,4384.879941343891
1731071567.05,19.8,0.462,0.0,3.38,5056.502997378722,19.8,0.839,0.0,0.979,1011.5478992613243,39.7,1.414,0.0,3.59,4492.447863993023,7.68,0.856,0.0,1.73,4384.8329583349005
1731071567.55,20.5,0.56,0.0,1.76,5056.720305692218,20.5,0.822,0.0,0.668,1011.5913502991204,40.3,1.178,0.0,1.87,4492.671035230129,8.32,0.972,0.0,1.45,4384.7859753926405
1731071568.05,19.9,0.446,0.0,1.76,5056.937617026732,19.9,1.004,0.0,1.09,1011.634801941888,39.6,1.052,0.0,1.61,4493.169370131815,7.68,0.873,0.0,2.6,4384.738992517115
1731071568.55,19.8,0.627,0.0,10.2,5057.154931381873,19.8,1.112,0.0,0.883,1011.6782541895428,40.3,1.052,0.0,3.17,4493.029803840204,7.68,0.793,0.0,1.93,4384.692009708322
1731071569.05,19.8,0.953,0.0,1.44,5057.372248757253,19.8,1.036,0.0,0.786,1011.7217070420106,39.0,0.929,0.016,4.19,4493.035035580816,8.32,0.886,0.0,2.19,4384.6450269662655
1731071569.55,20.5,0.486,0.0,1.7,5057.589569152483,20.5,0.902,0.0,1.92,1011.7651604992132,40.4,1.009,0.0,2.06,4492.72277438288,8.32,0.878,0.0,2.97,4384.598044290947
1731071570.05,19.8,0.583,0.0,2.99,5057.806892567172,19.2,0.508,0.0,1.15,1011.8086145610728,39.7,1.253,0.0,1.79,4493.046696088934,7.68,0.974,0.0,2.57,4384.551061682369
1731071570.55,19.8,0.647,0.0,1.4,5058.024219000934,20.5,0.469,0.0,2.2,1011.8520692275144,39.7,1.215,0.016,1.66,4493.342492571758,8.32,0.904,0.0,4.35,4384.504079140536
1731071571.05,19.8,0.495,0.0,1.77,5058.241548453375,19.8,0.596,0.0,2.25,1011.895524498454,39.7,1.327,0.0,2.36,4493.098054143307,7.68,0.477,0.0,4.79,4384.457096665447
1731071571.55,20.5,0.786,0.0,1.67,5058.45888092411,19.8,0.525,0.0,0.784,1011.9389803738168,40.3,1.42,0.0,1.95,4493.280995704322,8.32,0.823,0.0,1.9,4384.410114257105
1731071572.05,19.8,0.5,0.0,1.58,5058.6762164127485,20.5,0.587,0.0,0.833,1011.982436853525,39.0,0.865,0.0,2.34,4493.016584494352,7.68,0.597,0.0,4.0,4384.363131915512
1731071572.55,19.8,0.507,0.0,2.11,5058.893554918901,19.8,0.478,0.0,0.882,1012.0258939375008,41.0,0.762,0.0,1.67,4493.678925907963,8.29,0.929,0.0,2.17,4384.316149640671
1731071573.05,19.8,1.002,0.0,3.05,5059.110896442181,19.8,0.55,0.0,0.731,1012.0693516256692,39.7,0.773,0.0,1.42,4493.080418984959,7.71,0.993,0.0,1.9,4384.269167432584
1731071573.55,20.5,0.583,0.0,2.34,5059.328240982196,20.5,0.597,0.0,0.769,1012.1128099179464,39.7,0.784,0.016,3.25,4493.770959945097,8.32,0.562,0.0,2.09,4384.222185291253
1731071574.05,19.8,0.611,0.0,1.64,5059.54558853856,19.8,0.553,0.0,2.82,1012.1562688142576,39.7,0.78,0.0,1.47,4493.496340280568,7.68,0.805,0.0,1.52,4384.175203216678
1731071574.55,19.8,0.59,0.0,1.44,5059.762939110883,19.8,0.493,0.0,0.742,1012.1997283145251,40.3,0.988,0.0,1.85,4493.229293219612,8.32,0.44,0.0,2.42,4384.1282212088645
1731071575.05,19.8,0.833,0.0,3.31,5059.980292698777,19.8,0.627,0.0,0.857,1012.2431884186713,39.7,0.985,0.0,2.64,4493.56917758552,7.68,1.057,0.0,2.2,4384.081239267812
1731071575.55,20.5,0.615,0.0,2.25,5060.197649301854,19.8,0.498,0.0,0.839,1012.2866491266208,40.3,0.988,0.0,1.45,4493.634549827584,8.32,1.019,0.0,2.09,4384.034257393526
1731071576.05,19.8,0.527,0.0,1.77,5060.415008919723,20.5,0.512,0.0,0.671,1012.3301104382904,39.7,0.96,0.0,2.11,4493.690043919494,7.68,0.609,0.0,8.87,4383.987275586004
1731071576.55,19.8,0.579,0.0,2.46,5060.632371551998,19.8,0.573,0.0,1.2,1012.373572353605,39.7,0.562,0.0,1.66,4493.779481858822,8.32,0.87,0.0,1.58,4383.940293845252
1731071577.05,18.6,9.059,0.065,4.21,5060.84973719829,18.6,9.237,0.065,0.752,1012.4170348724872,37.8,4.302,0.063,1.58,4494.107374631542,7.68,11.733,0.0,1.74,4383.893312171272
1731071577.55,19.9,1.822,0.031,2.85,5061.06710585821,20.5,1.678,0.0,100.0,1012.4604979948588,40.3,0.657,0.0,2.6,4494.175356042048,8.32,6.195,0.0,1.86,4383.846330564062
1731071578.05,19.8,0.813,0.0,1.57,5061.284477531371,19.7,0.866,0.0,0.807,1012.5039617206456,39.7,0.54,0.0,2.16,4494.146842859248,7.68,2.963,0.0,2.99,4383.79934902363
1731071578.55,19.8,0.792,0.0,1.63,5061.501852217383,20.0,0.794,0.0,0.901,1012.5474260497635,40.3,0.781,0.0,9.59,4493.918285231413,8.32,2.001,0.0,1.38,4383.752367549973
1731071579.05,19.8,0.601,0.0,2.2,5061.71922991586,19.8,1.034,0.0,0.76,1012.590890982138,39.7,0.977,0.0,2.37,4493.756222525758,7.68,1.581,0.0,1.86,4383.705386143098
1731071579.55,19.9,0.628,0.0,2.01,5061.936610626412,20.5,0.741,0.0,0.798,1012.6343565176912,40.3,0.587,0.0,1.83,4494.455396313237,8.32,0.795,0.0,3.08,4383.658404803002
1731071580.05,20.5,0.579,0.0,2.26,5062.1539943486505,19.8,0.787,0.0,0.85,1012.6778226563458,39.1,1.244,0.016,2.61,4493.920986833517,7.68,1.439,0.0,1.63,4383.61142352969
1731071580.55,19.8,0.68,0.0,1.81,5062.37138108219,19.8,0.81,0.0,0.848,1012.7212893980272,39.7,0.761,0.0,2.46,4494.157879133429,8.32,0.961,0.0,2.08,4383.564442323166
1731071581.05,19.8,0.598,0.0,1.58,5062.588770826641,19.8,0.772,0.0,1.8,1012.7647567426512,40.3,0.908,0.0,3.35,4494.248251223908,7.68,0.826,0.0,1.51,4383.517461183427
1731071581.55,20.5,0.704,0.0,2.51,5062.806163581616,19.8,0.743,0.0,8.41,1012.8082246901434,40.3,1.234,0.0,5.22,4494.05098261194,7.68,0.762,0.0,1.53,4383.47048011048
1731071582.05,19.8,0.71,0.0,2.05,5063.023559346727,20.5,0.823,0.0,1.19,1012.8516932404264,39.7,1.074,0.0,2.47,4494.577680654244,8.32,0.893,0.0,2.72,4383.423499104324
1731071582.55,19.8,0.948,0.0,9.52,5063.240958121586,19.8,0.672,0.0,0.969,1012.8951623934224,40.3,0.803,0.0,1.68,4494.174548839738,8.32,1.439,0.0,2.23,4383.376518164963
1731071583.05,19.8,0.962,0.0,3.34,5063.458359905807,19.9,0.528,0.0,0.802,1012.938632149057,39.1,1.243,0.016,5.28,4494.212689059073,7.67,1.075,0.0,1.86,4383.329537292399
1731071583.55,20.5,0.672,0.0,2.46,5063.675764699,20.5,0.695,0.0,0.705,1012.9821025072464,40.3,1.145,0.0,1.6,4494.721033118951,8.33,0.77,0.0,1.72,4383.282556486634
1731071584.05,19.8,1.069,0.0,1.62,5063.893172500779,19.8,0.806,0.0,0.71,1013.025573467916,39.7,1.381,0.0,2.4,4494.62337491963,7.68,0.606,0.0,2.17,4383.235575747669
1731071584.55,19.8,1.136,0.0,3.65,5064.110583310756,19.8,0.84,0.0,1.47,1013.0690450309884,40.3,1.484,0.0,1.73,4494.690925255403,8.32,0.592,0.0,2.49,4383.188595075507
1731071585.05,19.8,1.029,0.0,2.07,5064.327997128543,19.8,0.676,0.0,1.02,1013.112517196386,39.7,0.889,0.0,1.46,4494.755148750492,7.68,1.055,0.0,1.59,4383.141614470151
1731071585.55,20.5,0.807,0.0,1.75,5064.545413953754,20.5,0.694,0.0,1.34,1013.1559899640343,40.4,0.988,0.0,1.62,4494.597049281757,7.68,0.977,0.0,10.0,4383.094633931602
1731071586.05,19.8,1.144,0.0,1.75,5064.762833786001,19.8,0.813,0.0,1.05,1013.1994633338498,39.7,0.909,0.0,1.89,4494.5411386072665,8.31,0.918,0.0,3.26,4383.047653459862
1731071586.55,19.8,1.277,0.0,1.72,5064.980256624896,19.8,0.639,0.0,0.808,1013.242937305758,40.3,1.027,0.0,1.58,4495.13596100745,8.33,0.837,0.0,1.72,4383.000673054933
1731071587.05,19.8,1.05,0.0,3.2,5065.197682470053,19.8,1.0,0.0,0.74,1013.2864118796812,39.7,0.931,0.0,2.22,4494.7503881148505,7.68,0.843,0.0,1.8,4382.953692716819
1731071587.55,20.5,1.227,0.0,1.84,5065.415111321085,20.5,0.78,0.0,0.92,1013.329887055542,40.3,1.17,0.0,1.62,4495.238546393074,8.32,0.911,0.0,3.01,4382.90671244552
1731071588.05,19.2,0.65,0.0,1.51,5065.632543177604,19.8,0.846,0.0,0.857,1013.3733628332662,39.7,1.176,0.0,9.01,4494.600513997871,7.68,0.982,0.0,1.53,4382.859732241041
1731071588.55,20.5,0.405,0.0,1.78,5065.849978039223,19.8,0.782,0.0,0.742,1013.41683921277,40.3,1.184,0.0,2.77,4494.702111238667,8.32,0.998,0.0,1.77,4382.812752103379
1731071589.05,19.8,0.391,0.0,1.42,5066.067415905556,19.8,0.908,0.0,0.926,1013.460316193979,39.1,0.818,0.0,1.89,4494.967290265331,7.68,0.735,0.0,1.95,4382.7657720325415
1731071589.55,20.5,0.576,0.0,1.63,5066.284856776216,20.5,1.041,0.0,0.758,1013.503793776816,40.9,0.952,0.0,1.61,4495.127205357905,8.32,0.732,0.0,1.57,4382.718792028528
1731071590.05,19.9,0.673,0.0,1.94,5066.502300650815,19.8,0.936,0.0,1.48,1013.5472719612034,39.7,0.862,0.0,2.23,4494.751202779945,7.68,0.807,0.0,4.31,4382.67181209134
1731071590.55,19.8,0.402,0.0,1.87,5066.719747528968,19.9,0.989,0.0,0.869,1013.5907507470667,40.3,0.894,0.0,1.91,4495.373011928313,8.32,1.031,0.0,1.71,4382.624832220984
1731071591.05,19.8,0.898,0.0,1.6,5066.937197410286,19.8,0.802,0.0,1.84,1013.6342301343228,39.7,1.066,0.0,1.9,4495.288690483844,7.68,0.961,0.0,2.58,4382.577852417456
1731071591.55,20.5,0.548,0.0,2.21,5067.154650294384,19.8,0.444,0.0,0.812,1013.677710122897,40.3,1.07,0.0,3.9,4494.955955710374,8.32,0.456,0.0,2.22,4382.530872680762
1731071592.05,19.8,0.526,0.0,9.23,5067.372106180876,20.5,0.403,0.0,0.998,1013.721190712712,39.7,1.184,0.0,3.43,4495.6728566404345,7.68,0.706,0.0,2.46,4382.483893010903
1731071592.55,19.8,0.532,0.0,2.49,5067.589565069373,19.8,0.502,0.0,2.74,1013.7646719036906,40.3,1.218,0.0,11.0,4495.713185518053,8.32,0.652,0.0,2.03,4382.436913407882
1731071593.05,19.8,0.626,0.0,1.72,5067.807026959492,19.9,0.401,0.0,1.22,1013.8081536957584,39.7,1.336,0.0,1.9,4495.571399735192,7.68,1.042,0.0,1.76,4382.3899338717
1731071593.55,20.5,0.42,0.0,1.5,5068.024491850843,20.5,0.597,0.0,0.798,1013.851636088832,39.7,0.664,0.0,3.37,4495.4511182638,8.32,0.938,0.0,1.88,4382.34295440236
1731071594.05,19.8,0.566,0.0,3.25,5068.241959743043,19.8,0.711,0.0,0.784,1013.8951190828368,40.4,0.747,0.0,5.55,4495.609611016063,7.68,0.535,0.0,2.45,4382.295974999864
1731071594.55,19.8,0.675,0.0,1.89,5068.459430635704,19.9,0.54,0.0,0.936,1013.938602677696,40.2,0.709,0.0,4.25,4495.595787594988,8.32,0.736,0.0,1.9,4382.248995664212
1731071595.05,19.9,0.528,0.0,1.89,5068.676904528439,19.8,0.459,0.0,0.71,1013.982086873332,39.7,0.778,0.0,3.45,4495.329873969778,7.68,0.46,0.0,1.77,4382.202016395409
1731071595.55,20.5,0.649,0.0,1.9,5068.894381420864,19.8,0.476,0.0,0.765,1014.0255716696709,39.7,0.79,0.016,5.57,4495.473948174869,8.32,1.071,0.0,2.72,4382.155037193459
1731071596.05,19.8,0.59,0.0,1.67,5069.111861312591,20.5,0.733,0.0,0.867,1014.0690570666286,39.7,1.038,0.0,2.0,4495.711925523938,7.68,1.289,0.0,1.76,4382.108058058359
1731071596.55,19.8,0.588,0.0,7.64,5069.3293442032345,19.8,0.852,0.0,0.745,1014.1125430641316,40.3,1.262,0.0,3.51,4495.88999251731,8.32,0.712,0.0,1.74,4382.061078990114
1731071597.05,19.2,0.682,0.032,1.88,5069.546830092409,19.8,0.683,0.0,0.713,1014.1560296621022,39.1,1.055,0.016,7.54,4495.632822614693,7.68,1.149,0.0,3.94,4382.014099988725
1731071597.55,19.8,0.597,0.0,1.3,5069.764318979729,20.5,0.698,0.0,0.731,1014.1995168604634,39.6,0.818,0.0,1.52,4496.109759584664,8.32,0.691,0.0,1.87,4381.967121054196
1731071598.05,20.5,0.64,0.0,2.67,5069.981810864809,19.8,0.56,0.0,0.741,1014.2430046591412,40.3,0.516,0.0,2.57,4496.171136753546,7.68,1.306,0.0,2.03,4381.920142186528
1731071598.55,19.9,0.655,0.0,1.7,5070.19930574726,19.8,0.665,0.0,0.751,1014.2864930580516,40.3,0.751,0.0,1.9,4495.613554495308,7.68,0.895,0.0,2.7,4381.873163385723
1731071599.05,19.8,0.706,0.0,1.8,5070.4168036267,19.8,0.848,0.0,0.822,1014.3299820571212,39.7,0.695,0.0,1.66,4495.840299338352,8.32,1.06,0.0,1.66,4381.826184651783
1731071599.55,20.5,1.048,0.0,2.47,5070.6343045027415,20.5,0.683,0.0,0.867,1014.3734716562724,40.3,0.791,0.0,2.2,4496.374507760157,8.32,1.541,0.0,11.1,4381.779205984711
1731071600.05,19.8,0.766,0.0,2.06,5070.851808374999,19.8,1.008,0.0,0.818,1014.4169618554282,39.7,0.816,0.0,2.23,4495.809667325727,7.68,0.856,0.0,2.38,4381.732227384507
1731071600.55,19.8,0.799,0.0,2.02,5071.069315243089,19.8,0.811,0.0,0.831,1014.4604526545146,40.4,1.045,0.0,4.16,4496.19644555072,7.68,1.612,0.0,2.27,4381.685248851178
1731071601.05,19.9,0.797,0.0,5.16,5071.286825106622,19.8,0.704,0.0,0.821,1014.503944053448,39.6,0.816,0.0,2.07,4496.165465188015,8.32,1.407,0.0,4.16,4381.63827038472
1731071601.55,20.5,0.754,0.0,1.47,5071.504337965215,20.5,0.951,0.0,0.945,1014.5474360521542,40.3,0.982,0.0,1.45,4496.199257344824,8.32,1.049,0.0,3.77,4381.591291985139
1731071602.05,19.9,0.582,0.0,2.82,5071.721853818484,19.9,0.722,0.0,0.893,1014.5909286505564,39.7,0.63,0.0,10.7,4496.094807400858,7.68,1.211,0.0,2.92,4381.544313652436
1731071602.55,19.8,0.693,0.0,1.61,5071.939372666041,19.8,0.934,0.0,0.703,1014.6344218485776,40.3,0.808,0.0,1.81,4496.080552708928,8.32,1.116,0.0,2.39,4381.4973353866135
1731071603.05,19.8,0.682,0.0,1.61,5072.156894507503,19.8,0.923,0.0,0.665,1014.6779156461436,39.7,1.075,0.0,1.81,4496.168080946404,7.68,1.847,0.0,2.41,4381.450357187676
1731071603.55,20.5,0.645,0.0,4.95,5072.374419342484,20.5,1.026,0.0,0.852,1014.7214100431712,40.3,0.791,0.0,3.41,4496.6177397226165,8.32,1.111,0.0,3.86,4381.403379055619
1731071604.05,19.8,0.763,0.0,2.08,5072.591947170598,19.8,0.664,0.0,0.912,1014.764905039586,39.7,0.963,0.0,1.64,4496.757173119258,7.68,0.934,0.0,5.075,4381.356400990451
1731071604.55,19.8,0.895,0.0,2.76,5072.809477991461,19.9,0.64,0.0,0.791,1014.8084006353114,40.3,1.002,0.0,1.75,4496.09847746175,8.32,0.801,0.0,6.29,4381.309422992172
1731071605.05,19.8,0.725,0.0,1.81,5073.027011804687,19.8,0.666,0.0,0.769,1014.8518968302702,39.7,1.101,0.0,3.46,4496.931878954477,7.68,0.816,0.0,1.84,4381.262445060784
1731071605.55,20.5,1.013,0.0,1.67,5073.244548609894,20.5,0.601,0.0,0.81,1014.8953936243886,40.3,1.301,0.0,1.8,4496.26615206241,8.32,1.654,0.0,3.09,4381.21546719629
1731071606.05,19.8,0.862,0.0,8.335,5073.462088406693,19.8,0.762,0.0,0.807,1014.938891017583,39.6,0.998,0.0,2.39,4496.374146592434,7.68,1.002,0.0,2.0,4381.16848939869
1731071606.55,19.8,1.022,0.0,15.0,5073.679631194701,19.8,0.731,0.0,1.6,1014.9823890097798,40.3,1.065,0.0,6.81,4496.5169500203065,8.32,0.932,0.0,2.22,4381.121511667989
1731071607.05,19.8,0.977,0.0,1.41,5073.897176973534,19.8,0.856,0.0,0.704,1015.025887600902,39.7,0.896,0.0,1.78,4496.872359797603,7.68,0.751,0.0,2.15,4381.074534004186
1731071607.55,20.5,1.016,0.0,2.56,5074.114725742807,20.5,1.004,0.0,0.806,1015.0693867908724,40.3,0.972,0.0,1.79,4496.958463959665,8.32,1.028,0.0,1.87,4381.027556407285
1731071608.05,19.8,1.012,0.0,2.4,5074.332277502135,19.8,0.716,0.0,0.781,1015.1128865796172,39.7,0.87,0.0,1.75,4496.881987791466,7.68,1.014,0.0,2.24,4380.980578877291
1731071608.55,19.8,1.062,0.0,1.7,5074.549832251133,19.8,0.666,0.0,0.797,1015.1563869670532,39.7,0.985,0.0,1.62,4496.970759014384,8.32,1.046,0.0,1.7,4380.933601414202
1731071609.05,19.8,0.833,0.0,2.19,5074.767389989417,19.8,1.078,0.0,0.79,1015.1998879531066,40.3,1.042,0.0,2.25,4496.9117100433705,7.67,1.237,0.0,2.14,4380.88662401802
1731071609.55,19.8,0.498,0.0,2.09,5074.984950716603,20.5,0.862,0.0,0.899,1015.2433895377004,40.3,1.133,0.0,1.82,4496.974010336601,8.33,1.007,0.0,7.44,4380.839646688748
1731071610.05,20.5,0.462,0.0,2.12,5075.202514432305,19.8,1.218,0.0,0.845,1015.2868917207576,39.7,1.174,0.0,1.51,4497.254540273717,7.68,0.882,0.0,2.28,4380.792669426391
1731071610.55,19.8,0.452,0.0,4.245,5075.420081136143,19.9,0.965,0.0,0.76,1015.3303945022049,39.7,0.772,0.0,2.34,4497.373657549317,8.32,0.921,0.0,1.95,4380.745692230948
1731071611.05,19.8,0.508,0.0,6.37,5075.637650827726,19.8,1.311,0.0,0.668,1015.3738978819582,40.3,0.747,0.0,1.69,4497.497626068974,7.68,1.059,0.0,1.64,4380.698715102421
1731071611.55,20.5,0.959,0.0,2.71,5075.855223506675,19.8,1.165,0.0,0.9,1015.4174018599444,40.3,0.928,0.0,9.14,4497.054290973631,8.32,1.042,0.0,1.75,4380.651738040813
1731071612.05,19.8,0.435,0.0,2.315,5076.072799172604,20.5,1.044,0.0,0.833,1015.4609064360868,39.7,1.196,0.0,2.28,4497.400574086933,7.68,0.712,0.0,3.22,4380.604761046127
1731071612.55,19.2,0.799,0.032,1.92,5076.290377825129,19.9,1.108,0.0,0.762,1015.5044116103078,40.3,0.954,0.0,2.11,4497.473934203009,8.32,1.17,0.0,2.1,4380.557784118364
1731071613.05,19.8,0.75,0.0,1.74,5076.507959463868,19.8,0.74,0.0,0.785,1015.5479173825344,39.7,1.139,0.0,2.4,4496.996707685112,7.68,0.961,0.0,1.74,4380.510807257529
1731071613.55,19.8,0.496,0.0,3.41,5076.725544088434,20.5,0.397,0.0,0.828,1015.5914237526828,40.3,1.125,0.0,1.63,4496.928640134523,8.32,1.094,0.0,2.39,4380.463830463618
1731071614.05,20.5,0.628,0.0,1.83,5076.943131698444,19.8,0.728,0.0,0.897,1015.6349307206798,39.7,1.459,0.0,1.61,4497.724590329844,7.68,1.158,0.0,8.96,4380.41685373664
1731071614.55,19.9,0.707,0.0,1.95,5077.1607222935145,19.9,0.701,0.0,0.803,1015.6784382864485,40.3,1.473,0.0,3.42,4497.8837720704005,8.32,1.344,0.0,2.06,4380.369877076592
1731071615.05,19.8,0.655,0.0,2.06,5077.378315873261,19.8,0.55,0.0,0.809,1015.7219464499118,39.7,0.588,0.0,1.98,4497.839589908813,7.68,1.22,0.0,5.42,4380.322900483478
1731071615.55,20.5,0.612,0.0,5.19,5077.595912437303,20.5,0.758,0.0,0.809,1015.7654552109964,40.3,0.724,0.0,2.44,4497.8625918996095,7.68,0.73,0.0,1.94,4380.275923957303
1731071616.05,19.8,0.547,0.0,2.35,5077.813511985252,19.8,0.636,0.0,0.81,1015.808964569619,39.7,0.92,0.0,5.775,4497.684082624223,8.32,1.262,0.0,1.74,4380.228947498064
1731071616.55,19.8,0.52,0.0,2.45,5078.031114516728,19.8,0.662,0.0,0.772,1015.852474525706,40.3,0.788,0.0,9.11,4497.535075325111,8.32,1.264,0.0,1.91,4380.181971105767
1731071617.05,19.8,1.35,0.0,2.26,5078.248720031345,19.8,0.546,0.0,0.726,1015.8959850791806,39.8,0.961,0.0,2.03,4497.8933938957125,7.68,0.724,0.0,2.41,4380.134994780411
1731071617.55,20.5,0.635,0.0,2.31,5078.4663285287215,20.5,0.508,0.0,0.784,1015.9394962299662,40.3,0.85,0.0,1.9,4498.1033483902,8.33,0.928,0.0,1.68,4380.088018522001
1731071618.05,19.8,0.535,0.0,1.74,5078.683940008475,19.8,0.627,0.0,0.779,1015.983007977989,39.7,1.092,0.0,2.12,4497.494045012068,7.67,0.716,0.0,1.65,4380.04104233054
1731071618.55,19.8,0.913,0.0,3.02,5078.901554470218,19.8,0.658,0.0,0.92,1016.0265203231662,40.4,1.515,0.0,1.58,4497.726154003313,8.32,1.277,0.0,7.95,4379.994066206026
1731071619.05,19.8,0.727,0.0,1.56,5079.119171913571,19.8,0.627,0.0,0.848,1016.070033265424,39.0,0.678,0.0,1.58,4497.6920917058405,7.68,1.156,0.0,1.57,4379.947090148465
1731071619.55,19.8,0.561,0.0,1.77,5079.336792338149,20.5,0.824,0.0,0.814,1016.113546804686,41.0,0.654,0.0,2.58,4497.697403572894,8.32,0.762,0.0,1.81,4379.900114157856
1731071620.05,20.5,0.787,0.0,3.35,5079.55441574357,19.8,0.595,0.0,0.78,1016.1570609408752,39.7,0.708,0.0,3.58,4498.232285390721,7.68,1.308,0.0,2.75,4379.853138234203
1731071620.55,19.8,0.777,0.0,1.54,5079.77204212945,19.8,0.971,0.0,0.749,1016.200575673918,40.3,0.889,0.0,1.71,4497.676561025552,8.32,0.843,0.0,1.65,4379.806162377509
1731071621.05,19.8,0.711,0.0,1.75,5079.989671495406,19.8,0.846,0.0,0.849,1016.244091003732,39.7,0.903,0.0,6.42,4497.772074382023,7.68,1.555,0.0,1.84,4379.759186587775
1731071621.55,20.5,1.026,0.0,1.91,5080.207303841054,19.9,0.639,0.0,0.822,1016.287606930243,40.3,0.819,0.0,3.37,4497.975709858869,8.32,0.98,0.0,3.5,4379.712210865001
1731071622.05,19.8,0.766,0.0,1.47,5080.424939166014,20.5,0.723,0.0,0.979,1016.3311234533746,39.7,0.962,0.0,1.88,4498.295952853916,7.68,0.803,0.0,2.56,4379.665235209193
1731071622.55,19.8,0.589,0.0,1.73,5080.642577469901,19.8,0.852,0.0,1.17,1016.3746405730504,40.3,1.036,0.0,1.88,4498.64680075747,8.32,1.387,0.0,2.0,4379.618259620352
1731071623.05,19.8,0.734,0.0,1.71,5080.860218752333,19.9,0.786,0.0,2.03,1016.4181582891968,39.7,1.018,0.0,3.92,4498.610070745901,7.68,0.763,0.0,5.6,4379.57128409848
1731071623.55,20.5,0.663,0.0,1.53,5081.077863012926,20.5,0.762,0.0,0.891,1016.4616766017308,40.3,0.925,0.0,1.72,4498.123073998008,8.33,1.552,0.0,1.78,4379.524308643577
1731071624.05,19.8,0.509,0.0,2.14,5081.295510251298,19.8,0.872,0.0,0.751,1016.5051955105788,39.7,0.884,0.0,1.74,4498.497140239246,7.68,1.071,0.0,2.02,4379.477333255647
1731071624.55,19.8,0.805,0.0,2.48,5081.513160467067,19.8,1.087,0.0,0.732,1016.5487150156646,40.3,1.061,0.0,2.52,4498.5974458272285,8.32,0.854,0.0,1.75,4379.430357934694
1731071625.05,19.8,0.887,0.0,9.57,5081.730813659849,19.8,0.828,0.0,0.835,1016.5922351169112,39.7,1.046,0.0,1.84,4498.685008349419,7.68,0.992,0.0,1.74,4379.383382680716
1731071625.55,20.5,0.575,0.0,1.68,5081.9484698292645,19.8,0.556,0.0,1.58,1016.6357558142456,40.3,0.878,0.0,2.22,4498.522626784957,8.31,0.826,0.0,2.58,4379.336407493721
1731071626.05,19.8,0.774,0.0,2.34,5082.166128974927,20.5,0.731,0.0,0.747,1016.6792771075848,39.7,1.252,0.0,4.76,4498.456228981023,7.68,1.827,0.0,1.74,4379.289432373705
1731071626.55,19.8,0.699,0.0,2.42,5082.383791096458,19.8,0.636,0.0,0.83,1016.7227989968554,40.4,1.041,0.0,1.74,4498.380281145392,8.32,1.027,0.0,1.74,4379.242457320673
1731071627.05,19.9,0.726,0.0,1.98,5082.601456193472,19.8,0.639,0.0,0.832,1016.7663214819808,39.6,1.177,0.0,2.08,4498.593627717121,7.68,0.923,0.0,2.15,4379.195482334627
1731071627.55,20.5,0.915,0.0,1.9,5082.819124265588,20.5,0.726,0.0,0.863,1016.8098445628846,39.7,0.832,0.0,1.86,4498.502204737941,8.32,0.857,0.0,2.14,4379.148507415567
1731071628.05,19.8,0.997,0.0,2.64,5083.036795312425,19.9,0.935,0.0,1.15,1016.8533682394932,40.3,1.017,0.0,1.7,4499.0372157817565,7.68,0.811,0.0,9.1,4379.101532563502
1731071628.55,19.9,0.955,0.0,1.68,5083.254469333599,19.8,0.793,0.0,0.797,1016.8968925117244,39.7,1.005,0.016,2.42,4499.245319935284,7.68,0.753,0.0,1.76,4379.054557778425
1731071629.05,19.8,1.032,0.0,2.25,5083.472146328728,19.9,0.793,0.0,1.02,1016.940417379504,39.7,1.03,0.0,1.84,4498.831196385603,8.32,1.0,0.0,1.86,4379.007583060345
1731071629.55,20.5,1.147,0.0,6.84,5083.689826297431,19.8,0.902,0.0,0.834,1016.9839428427564,40.3,1.028,0.0,1.65,4498.674157557593,8.32,0.94,0.0,2.17,4378.960608409259
1731071630.05,19.8,1.272,0.0,1.56,5083.907509239325,20.5,0.887,0.0,1.23,1017.0274689014044,39.7,1.212,0.0,2.21,4499.324156008517,7.68,0.758,0.0,1.85,4378.913633825175
1731071630.55,19.8,0.755,0.0,1.86,5084.12519515403,19.8,0.944,0.0,0.893,1017.0709955553756,39.0,0.704,0.016,8.16,4499.030979335731,8.32,0.752,0.0,1.71,4378.866659308092
1731071631.05,19.8,0.763,0.0,2.38,5084.342884041162,19.9,0.811,0.0,1.37,1017.1145228045864,40.3,1.4,0.0,2.19,4499.302566482161,7.68,0.686,0.0,3.5,4378.81968485801
1731071631.55,20.5,0.432,0.0,1.53,5084.56057590034,20.5,0.784,0.0,0.909,1017.1580506489638,39.7,1.016,0.0,1.8,4499.190315943908,8.32,1.162,0.0,2.12,4378.772710474935
1731071632.05,19.8,0.495,0.0,1.86,5084.778270731183,19.8,1.078,0.0,0.775,1017.2015790884316,40.3,0.828,0.0,1.65,4499.507080420806,7.68,1.176,0.0,1.93,4378.725736158865
1731071632.55,19.8,0.488,0.0,1.62,5084.995968533308,19.8,1.047,0.0,0.808,1017.2451081229132,39.7,1.024,0.0,2.66,4499.03237610356,7.68,0.713,0.0,7.16,4378.678761909807
1731071633.05,19.8,0.821,0.0,1.89,5085.213669306336,19.8,1.009,0.0,0.978,1017.2886377523356,39.7,1.021,0.016,1.74,4499.014889522779,8.32,1.152,0.0,1.67,4378.631787727761
1731071633.55,20.5,0.501,0.0,2.16,5085.431373049882,20.5,0.993,0.0,0.75,1017.3321679766158,40.3,0.989,0.0,1.6,4498.979167265135,8.32,0.925,0.0,2.2,4378.584813612727
1731071634.05,19.8,0.502,0.0,1.7,5085.649079763565,19.2,0.603,0.0,1.39,1017.3756987956808,39.7,1.072,0.0,3.31,4499.467005943524,7.68,1.37,0.0,2.32,4378.53783956471
1731071634.55,19.8,0.767,0.0,4.63,5085.866789447006,20.5,0.528,0.0,0.896,1017.4192302094544,40.3,1.249,0.0,2.18,4499.245925988337,8.32,1.247,0.0,2.14,4378.490865583712
1731071635.05,19.8,0.422,0.0,9.61,5086.084502099822,19.8,0.488,0.0,8.39,1017.46276221786,39.7,1.362,0.0,6.51,4499.1521039245645,7.68,0.768,0.0,2.4,4378.443891669733
1731071635.55,20.5,0.454,0.0,1.47,5086.3022177216335,20.5,0.894,0.0,1.2,1017.5062948208245,40.3,1.394,0.0,2.4,4499.825328250885,8.32,0.981,0.0,1.82,4378.396917822778
1731071636.05,19.9,0.438,0.0,2.87,5086.519936312056,19.9,0.575,0.0,0.758,1017.5498280182652,39.0,0.954,0.0,1.76,4499.894181107412,7.68,0.734,0.0,2.34,4378.349944042847
1731071636.55,19.8,0.478,0.0,1.6,5086.737657870711,19.8,0.486,0.0,0.691,1017.5933618101092,40.9,0.699,0.0,1.88,4499.996056322781,8.32,1.125,0.0,1.7,4378.302970329943
1731071637.05,19.8,0.84,0.0,1.51,5086.955382397216,19.8,0.636,0.0,0.766,1017.6368961962802,39.7,1.073,0.0,1.7,4499.806937142483,7.68,1.233,0.0,2.5,4378.255996684068
1731071637.55,20.5,0.55,0.0,3.0,5087.17310989119,20.5,0.524,0.0,0.784,1017.6804311767016,39.7,0.808,0.016,1.7,4499.98785423879,8.32,1.133,0.0,2.95,4378.209023105223
1731071638.05,19.8,0.597,0.0,1.54,5087.390840352253,19.8,0.631,0.0,0.833,1017.7239667513006,39.7,0.82,0.0,2.26,4499.887713658591,7.68,1.153,0.0,1.55,4378.162049593415
1731071638.55,19.8,1.341,0.0,1.81,5087.608573780023,19.9,0.5,0.0,0.852,1017.7675029199946,40.3,0.986,0.0,1.97,4499.80860165512,8.32,0.662,0.0,1.65,4378.115076148639
1731071639.05,19.8,1.125,0.0,2.51,5087.82631017412,19.8,0.471,0.0,0.833,1017.8110396827104,39.7,0.989,0.0,2.23,4499.94262168118,7.69,1.392,0.0,3.0,4378.0681027709015
1731071639.55,20.5,0.67,0.0,4.91,5088.044049534163,19.8,0.5,0.0,0.809,1017.854577039372,40.3,1.201,0.0,2.91,4499.825105841393,8.31,1.279,0.0,1.6,4378.021129460204
1731071640.05,19.8,0.754,0.0,1.79,5088.26179185977,20.5,0.987,0.0,0.882,1017.8981149899028,39.7,1.134,0.0,1.58,4500.054615196832,7.68,0.832,0.0,2.29,4377.974156216547
1731071640.55,19.8,0.932,0.0,1.9,5088.4795371505625,19.8,0.569,0.0,0.815,1017.94165353423,39.7,0.759,0.0,3.65,4499.930401073981,8.32,1.061,0.0,1.57,4377.927183039938
1731071641.05,19.8,0.703,0.0,1.77,5088.697285406158,19.9,0.545,0.0,0.882,1017.9851926722712,40.3,0.725,0.0,2.04,4500.396124815959,7.68,0.613,0.0,1.75,4377.880209930372
1731071641.55,20.5,0.685,0.0,2.3,5088.9150366261765,19.8,0.945,0.0,1.35,1018.0287324039532,40.3,0.944,0.0,2.25,4500.039895881607,8.32,1.223,0.0,2.56,4377.833236887856
1731071642.05,19.8,0.817,0.0,1.84,5089.132790810238,20.5,0.673,0.0,0.798,1018.0722727292,39.7,0.663,0.0,3.05,4500.263152423091,7.68,1.016,0.0,10.8,4377.786263912389
1731071642.55,19.8,0.715,0.0,2.06,5089.350547957961,19.8,0.615,0.0,1.0,1018.1158136479352,40.3,0.567,0.0,2.12,4500.52794935782,8.32,0.819,0.0,1.56,4377.739291003976
1731071643.05,19.8,0.72,0.0,3.27,5089.568308068967,19.8,0.677,0.0,0.921,1018.1593551600862,39.7,0.747,0.0,3.51,4500.259468196388,7.68,1.381,0.0,2.38,4377.692318162619
1731071643.55,19.8,0.498,0.0,2.82,5089.786071142873,20.5,1.0,0.0,1.13,1018.2028972655702,40.3,0.966,0.0,2.85,4500.34945154639,8.32,0.777,0.0,2.16,4377.645345388318
1731071644.05,20.5,0.566,0.0,2.28,5090.0038371793,19.8,0.772,0.0,0.8,1018.2464399643144,39.7,0.785,0.0,2.35,4500.22743945974,7.68,1.462,0.0,2.16,4377.598372681076
1731071644.55,19.8,0.6,0.0,10.9,5090.221606177868,19.9,0.65,0.0,1.105,1018.2899832562424,39.7,0.641,0.0,11.1,4500.387047655426,8.32,1.059,0.0,1.64,4377.551400040894
1731071645.05,19.8,0.655,0.0,3.18,5090.439378138197,19.8,0.861,0.0,1.41,1018.3335271412788,40.3,0.858,0.0,2.61,4500.76191420792,7.68,0.888,0.0,1.94,4377.5044274677775
1731071645.55,20.5,0.691,0.0,3.45,5090.657153059908,20.5,0.735,0.0,0.881,1018.37707161935,40.3,0.791,0.0,3.52,4500.214606661004,7.68,0.729,0.0,2.96,4377.457454961728
1731071646.05,19.8,0.983,0.0,2.24,5090.8749309426175,19.8,0.75,0.0,1.31,1018.4206166903738,39.7,1.106,0.0,2.73,4500.515044923191,8.29,0.803,0.0,1.65,4377.410482522744
1731071646.55,19.8,0.957,0.0,1.98,5091.092711785948,19.8,0.9,0.0,0.952,1018.4641623542774,40.4,1.017,0.0,2.16,4500.186453191006,8.35,1.593,0.0,6.98,4377.36351015083
1731071647.05,19.9,0.777,0.0,3.01,5091.31049558952,19.8,0.611,0.0,1.4,1018.5077086109848,39.7,0.939,0.0,4.38,4500.2918604047945,7.68,1.091,0.0,2.13,4377.316537845989
1731071647.55,20.5,0.872,0.0,1.88,5091.528282352952,20.5,0.59,0.0,0.902,1018.5512554604198,40.3,0.963,0.0,1.89,4500.535078738185,8.32,0.957,0.0,1.53,4377.269565608222
1731071648.05,19.8,0.953,0.0,2.74,5091.746072075865,19.8,0.892,0.0,0.98,1018.5948029025096,39.7,1.37,0.0,2.57,4500.878602663717,7.68,0.733,0.0,2.3,4377.222593437534
1731071648.55,19.8,0.833,0.0,2.22,5091.96386475788,19.8,0.689,0.0,0.881,1018.638350937172,40.3,1.062,0.0,1.84,4500.946087807687,8.32,0.785,0.0,2.0,4377.175621333922
1731071649.05,19.8,1.027,0.0,10.0,5092.181660398615,19.8,0.792,0.0,0.916,1018.681899564334,39.7,0.919,0.0,6.42,4500.559555681522,7.68,1.205,0.0,2.3,4377.12864929739
1731071649.55,19.8,0.937,0.0,1.94,5092.399458997694,19.8,0.741,0.0,0.974,1018.7254487839198,40.3,0.909,0.0,1.79,4501.150812688739,7.67,1.041,0.0,1.98,4377.081677327943
1731071650.05,20.5,1.006,0.0,1.75,5092.617260554734,20.5,0.749,0.0,0.817,1018.7689985958532,39.7,0.984,0.0,2.69,4501.038743152343,8.32,1.046,0.0,1.85,4377.03470542558
1731071650.55,19.8,1.094,0.0,3.21,5092.835065069357,19.9,0.728,0.0,0.902,1018.8125490000614,40.3,0.913,0.0,1.99,4501.283160979015,8.32,0.782,0.0,2.82,4376.987733590307
1731071651.05,19.8,1.011,0.0,1.76,5093.052872541183,19.8,0.827,0.0,0.811,1018.8560999964624,39.7,0.995,0.0,1.77,4501.195916175893,7.68,0.872,0.0,5.88,4376.94076182212
1731071651.55,20.5,1.029,0.0,1.59,5093.2706829698345,20.5,0.765,0.0,0.666,1018.8996515849832,39.7,1.077,0.016,2.77,4500.907769260068,8.32,0.766,0.0,1.99,4376.893790121026
1731071652.05,19.2,0.409,0.0,2.92,5093.488496354929,19.8,0.959,0.0,0.944,1018.9432037655478,39.7,1.296,0.0,1.58,4501.293605963374,7.68,1.065,0.0,1.68,4376.846818487026
1731071652.55,20.5,0.645,0.0,1.56,5093.70631269609,19.8,0.929,0.0,0.826,1018.9867565380804,40.3,1.211,0.0,1.75,4500.977131888273,8.32,0.968,0.0,1.78,4376.79984692012
1731071653.05,19.8,0.46,0.0,1.66,5093.924131992938,19.8,0.948,0.0,0.74,1019.0303099025084,39.1,0.794,0.0,3.56,4501.508888485473,7.68,0.964,0.0,2.19,4376.752875420317
1731071653.55,20.5,0.395,0.0,6.12,5094.141954245091,20.5,0.929,0.0,0.626,1019.0738638587496,40.3,0.701,0.016,1.76,4501.464350492508,8.32,0.906,0.0,1.97,4376.705903987609
1731071654.05,19.8,0.531,0.0,1.65,5094.359779452174,19.8,0.881,0.0,1.07,1019.117418406731,39.7,0.813,0.0,10.4,4501.540008424666,7.68,0.93,0.0,2.35,4376.658932622006
1731071654.55,19.8,0.479,0.0,2.25,5094.5776076138045,19.8,0.993,0.0,0.873,1019.1609735463768,40.3,1.022,0.0,2.99,4501.520419625801,8.32,1.035,0.0,1.62,4376.611961323508
1731071655.05,19.8,0.534,0.0,1.59,5094.795438729606,19.8,0.893,0.0,1.45,1019.2045292776114,39.7,0.967,0.0,1.58,4501.193958220838,7.68,1.157,0.0,1.77,4376.564990092115
1731071655.55,20.4,0.479,0.0,1.7,5095.013272799199,19.8,0.604,0.0,0.867,1019.2480856003618,40.3,1.022,0.0,1.66,4501.2540345551,8.29,0.632,0.0,4.35,4376.518018927833
1731071656.05,19.9,0.446,0.0,2.03,5095.231109822204,20.5,0.884,0.0,0.738,1019.291642514546,39.7,1.224,0.0,1.4,4501.541279839442,7.7,0.872,0.0,2.22,4376.471047830661
1731071656.55,19.8,0.515,0.0,2.26,5095.448949798241,19.8,0.662,0.0,0.815,1019.3352000200916,40.3,1.316,0.0,1.56,4501.19714720295,8.32,0.912,0.0,1.69,4376.424076800602
1731071657.05,19.8,0.627,0.0,2.61,5095.666792726935,19.8,0.597,0.0,0.774,1019.3787581169224,39.7,1.372,0.0,2.34,4501.698427532007,7.68,1.113,0.0,3.23,4376.377105837658
1731071657.55,19.9,0.471,0.0,1.98,5095.884638607903,20.5,0.622,0.0,0.909,1019.4223168049624,39.7,0.711,0.0,1.9,4501.763497021779,7.68,1.363,0.0,1.55,4376.330134941832
1731071658.05,20.5,0.495,0.0,1.67,5096.10248744077,19.8,0.642,0.0,0.868,1019.4658760841396,40.3,0.738,0.0,2.03,4501.448704289574,8.32,0.885,0.0,1.68,4376.283164113128
1731071658.55,19.8,0.631,0.0,2.76,5096.320339225155,19.8,0.571,0.0,0.741,1019.5094359543716,40.4,0.734,0.0,6.02,4501.501198818512,8.32,1.15,0.0,2.44,4376.236193351543
1731071659.05,19.9,0.479,0.0,1.66,5096.538193960681,19.8,0.462,0.0,0.779,1019.552996415586,39.6,0.869,0.0,1.7,4501.485154727948,7.68,0.725,0.0,1.64,4376.189222657083
1731071659.55,19.8,0.471,0.0,1.61,5096.756051646969,19.8,0.491,0.0,0.772,1019.5965574677068,40.3,0.832,0.0,3.61,4501.884479873155,8.32,1.178,0.0,2.03,4376.142252029748
1731071660.05,20.5,0.583,0.0,3.15,5096.97391228364,20.5,0.703,0.0,0.847,1019.6401191106584,39.7,0.948,0.0,1.77,4501.99248791803,7.68,1.301,0.0,2.45,4376.095281469543
1731071660.55,19.9,0.619,0.0,1.97,5097.1917758703175,19.8,0.577,0.0,0.877,1019.683681344368,40.3,0.982,0.0,1.63,4502.238504139008,8.32,0.728,0.0,9.89,4376.048310976469
1731071661.05,19.8,0.783,0.0,1.71,5097.409642406621,19.8,0.558,0.0,0.883,1019.7272441687538,39.7,1.123,0.0,2.51,4502.038329169536,7.68,1.088,0.0,2.41,4376.001340550527
1731071661.55,20.5,0.634,0.0,1.82,5097.627511892174,20.5,0.811,0.0,1.06,1019.7708075837432,39.7,0.893,0.0,1.54,4502.051046377933,8.32,0.722,0.0,1.79,4375.954370191718
1731071662.05,19.8,0.802,0.0,1.36,5097.845384326598,19.8,0.894,0.0,4.07,1019.8143715892608,40.3,0.824,0.0,1.91,4501.946702841488,7.68,1.262,0.0,1.64,4375.907399900048
1731071662.55,19.9,0.78,0.0,2.08,5098.063259709514,19.8,0.707,0.0,0.694,1019.8579361852304,40.3,0.722,0.0,1.84,4502.524577981005,7.68,1.083,0.0,2.6,4375.860429675517
1731071663.05,19.8,0.893,0.0,11.9,5098.281138040546,19.8,0.595,0.0,0.938,1019.9015013715798,39.7,0.829,0.0,6.97,4502.014351582946,8.32,0.825,0.0,1.82,4375.813459518128
1731071663.55,19.9,0.729,0.0,2.09,5098.499019319313,19.9,0.622,0.0,0.946,1019.945067148227,40.3,0.679,0.0,2.44,4502.102948922931,8.32,1.141,0.0,1.77,4375.7664894278805
1731071664.05,20.5,0.805,0.0,2.29,5098.71690354544,20.5,0.761,0.0,1.04,1019.9886335150997,39.7,0.706,0.0,2.03,4502.333724904134,7.68,0.673,0.0,2.46,4375.71951940478
1731071664.55,19.8,0.66,0.0,1.43,5098.934790718547,19.8,0.757,0.0,0.947,1020.0322004721216,39.7,0.769,0.0,2.24,4502.440291905723,8.33,1.407,0.0,1.97,4375.672549448827
1731071665.05,19.8,0.585,0.0,2.78,5099.152680838259,19.8,0.659,0.0,0.94,1020.075768019218,40.3,0.787,0.0,1.82,4502.638952643647,7.67,1.018,0.0,6.33,4375.625579560024
1731071665.55,20.5,0.587,0.0,1.71,5099.370573904195,20.5,0.836,0.0,0.886,1020.119336156316,40.3,0.91,0.0,1.97,4502.337084869014,7.68,1.389,0.0,2.16,4375.578609738374
1731071666.05,19.8,0.542,0.0,2.11,5099.58846991598,19.8,0.769,0.0,0.824,1020.1629048833336,39.7,0.931,0.0,2.78,4502.497707111256,8.32,1.311,0.0,1.51,4375.5316399838775
1731071666.55,19.8,0.795,0.0,3.42,5099.806368873234,19.9,0.971,0.0,0.97,1020.2064742001984,40.3,0.818,0.0,1.76,4502.549022667889,8.32,0.918,0.0,2.61,4375.484670296538
1731071667.05,19.8,0.657,0.0,2.56,5100.0242707755815,19.8,1.017,0.0,0.877,1020.2500441068348,39.7,0.739,0.0,1.72,4502.281036469471,7.68,1.638,0.0,1.71,4375.437700676356
1731071667.55,20.5,0.659,0.0,7.1,5100.242175622643,20.5,0.791,0.0,1.69,1020.2936146031676,40.3,0.815,0.0,3.81,4502.450451815706,8.32,1.016,0.0,1.92,4375.390731123335
1731071668.05,19.9,0.689,0.0,2.08,5100.460083414045,19.8,0.837,0.0,5.13,1020.3371856891245,39.7,0.987,0.0,9.35,4502.598646905134,7.68,0.948,0.0,2.65,4375.34376163748
1731071668.55,19.8,0.836,0.0,1.67,5100.677994149405,19.8,0.679,0.0,0.924,1020.3807573646228,40.3,1.039,0.0,1.65,4502.604753168407,8.32,0.857,0.0,2.03,4375.296792218786
1731071669.05,19.8,0.829,0.0,2.04,5100.89590782835,19.8,0.703,0.0,0.769,1020.4243296295908,39.7,1.106,0.0,3.02,4502.833109092471,7.68,0.779,0.0,1.65,4375.249822867261
1731071669.55,20.5,0.801,0.0,1.88,5101.113824450499,20.5,0.673,0.0,0.8,1020.467902483953,40.3,1.135,0.0,1.63,4502.726069200093,8.32,1.651,0.0,3.11,4375.202853582905
1731071670.05,19.8,1.02,0.0,1.87,5101.331744015478,19.8,0.839,0.0,1.02,1020.5114759276338,39.0,0.732,0.0,1.88,4502.838543783319,7.68,1.766,0.0,1.56,4375.155884365721
1731071670.55,19.9,0.925,0.0,2.19,5101.549666522909,19.8,0.736,0.0,0.804,1020.5550499605608,40.3,0.923,0.0,3.47,4502.562161160036,8.32,1.297,0.0,1.91,4375.108915215712
1731071671.05,19.8,0.865,0.0,2.36,5101.767591972413,19.8,0.694,0.0,0.886,1020.598624582652,40.3,0.848,0.0,1.54,4503.052724835,7.68,0.919,0.0,1.8,4375.061946132878
1731071671.55,20.5,0.943,0.0,2.07,5101.985520363616,20.5,0.72,0.0,0.745,1020.6421997938356,39.7,0.93,0.0,1.74,4502.789688374725,8.32,0.837,0.0,1.75,4375.014977117221
1731071672.05,19.9,0.932,0.0,2.61,5102.203451696139,19.9,0.693,0.0,0.684,1020.685775594036,40.3,0.977,0.0,2.57,4502.719504589866,7.68,0.821,0.0,2.71,4374.968008168746
1731071672.55,19.8,0.936,0.0,1.65,5102.421385969607,19.8,0.819,0.0,0.861,1020.7293519831776,39.7,1.002,0.0,7.48,4502.901301197394,7.68,0.99,0.0,2.15,4374.921039287452
1731071673.05,19.8,0.69,0.0,1.75,5102.639323183641,19.8,0.841,0.0,0.757,1020.772928961188,40.3,0.985,0.0,2.19,4503.3669574960295,8.32,0.966,0.0,1.79,4374.874070473344
1731071673.55,19.8,0.43,0.0,2.17,5102.857263337864,19.9,0.882,0.0,0.868,1020.8165065279858,39.7,1.185,0.0,1.94,4503.41018555669,8.32,0.742,0.0,2.22,4374.827101726422
1731071674.05,20.5,0.786,0.0,1.98,5103.075206431902,20.5,0.858,0.0,0.75,1020.8600846834986,40.3,1.289,0.0,1.86,4503.621290145263,7.68,0.99,0.0,2.45,4374.780133046688
1731071674.55,19.8,0.617,0.0,2.52,5103.293152465377,19.8,0.863,0.0,0.743,1020.9036634276512,39.7,0.887,0.0,2.38,4503.464179577462,8.31,1.071,0.0,9.43,4374.733164434146
1731071675.05,19.8,0.424,0.0,1.97,5103.511101437911,19.8,0.954,0.0,0.813,1020.9472427603678,40.3,0.779,0.0,2.45,4503.43670692956,7.68,1.15,0.0,1.68,4374.686195888797
1731071675.55,20.5,0.478,0.0,2.05,5103.72905334913,20.5,1.029,0.0,0.784,1020.9908226815766,40.3,0.918,0.0,1.83,4503.18595715744,8.32,0.992,0.0,1.59,4374.639227410646
1731071676.05,19.8,0.591,0.0,3.41,5103.947008198655,19.8,1.034,0.0,0.755,1021.0344031911958,39.7,1.087,0.0,2.33,4503.568213417748,7.69,0.541,0.0,2.84,4374.592258999689
1731071676.55,19.8,0.481,0.0,2.12,5104.164965986111,19.8,0.918,0.0,0.747,1021.077984289153,40.3,0.963,0.0,2.25,4503.30097078604,8.31,0.768,0.0,1.92,4374.545290655933
1731071677.05,19.8,0.663,0.0,11.7,5104.382926711122,19.8,0.489,0.0,0.857,1021.1215659753732,39.7,1.295,0.0,5.48,4503.30967627868,7.68,0.717,0.0,1.52,4374.498322379379
1731071677.55,19.8,0.465,0.0,2.42,5104.600890373311,20.5,0.535,0.0,0.761,1021.1651482497812,40.3,1.143,0.0,1.64,4503.541578216525,8.32,0.993,0.0,2.94,4374.451354170028
1731071678.05,20.5,0.625,0.0,1.6,5104.818856972303,19.8,0.582,0.0,0.853,1021.2087311123043,39.7,1.354,0.0,1.66,4503.843072286448,7.68,1.085,0.0,1.59,4374.404386027886
1731071678.55,19.9,0.53,0.0,1.99,5105.036826507719,19.8,0.551,0.0,0.824,1021.2523145628612,40.3,1.284,0.0,3.35,4503.822394519595,8.32,0.706,0.0,1.78,4374.35741795295
1731071679.05,19.8,0.442,0.0,1.75,5105.254798979186,19.9,0.808,0.0,0.778,1021.29589860138,39.7,0.853,0.0,1.78,4504.035790095935,7.68,0.974,0.0,6.06,4374.310449945226
1731071679.55,20.5,0.562,0.0,1.78,5105.472774386325,20.5,0.677,0.0,0.735,1021.3394832277849,39.7,0.891,0.0,1.83,4503.919039752436,7.68,0.583,0.0,1.6,4374.263482004713
1731071680.05,19.9,0.598,0.0,1.95,5105.690752728762,19.8,0.622,0.0,1.0,1021.383068442001,40.3,0.794,0.0,3.52,4503.779231169547,8.33,1.113,0.0,2.38,4374.216514131415
1731071680.55,19.8,0.664,0.0,1.54,5105.908734006122,19.9,0.661,0.0,0.888,1021.4266542439562,40.3,1.017,0.0,1.74,4503.773754422768,8.31,1.559,0.0,1.68,4374.169546325336
1731071681.05,19.8,0.548,0.0,1.69,5106.126718218027,19.8,0.693,0.0,0.749,1021.470240633569,39.7,0.891,0.0,1.92,4503.943678772597,7.68,0.876,0.0,1.76,4374.122578586476
1731071681.55,20.5,0.667,0.0,4.2,5106.344705364102,20.5,0.537,0.0,0.78,1021.5138276107672,40.3,1.033,0.0,1.56,4504.3203783374,8.32,1.23,0.0,2.35,4374.075610914837
1731071682.05,19.8,0.59,0.0,2.09,5106.562695443971,19.9,0.603,0.0,0.793,1021.5574151754754,39.6,1.061,0.0,9.46,4503.843271775051,7.68,0.712,0.0,2.45,4374.02864331042
1731071682.55,19.8,0.797,0.0,2.42,5106.780688457259,19.8,0.706,0.0,0.72,1021.6010033276189,40.3,1.91,0.0,2.37,4503.869020414365,8.32,1.183,0.0,1.87,4373.981675773231
1731071683.05,19.8,0.77,0.0,3.29,5106.99868440359,19.8,0.771,0.0,1.29,1021.6445920671252,39.1,0.459,0.0,1.94,4503.92010676557,7.68,0.983,0.0,2.62,4373.934708303269
1731071683.55,20.5,0.714,0.0,1.93,5107.216683282588,20.5,1.275,0.0,1.16,1021.688181393913,40.9,0.645,0.0,1.92,4504.216312843032,8.32,0.671,0.0,2.53,4373.887740900537
1731071684.05,19.8,0.712,0.0,3.98,5107.434685093878,19.8,0.646,0.0,1.95,1021.7317713079104,39.7,0.65,0.0,2.27,4504.536329249362,7.68,1.048,0.0,7.44,4373.840773565036
1731071684.55,19.8,0.667,0.0,2.48,5107.652689837084,19.8,0.724,0.0,1.16,1021.775361809042,40.3,0.685,0.0,2.3,4504.588316119655,8.32,0.608,0.0,2.53,4373.793806296771
1731071685.05,19.8,0.85,0.0,2.07,5107.870697511831,19.8,0.681,0.0,1.08,1021.8189528972327,39.7,0.444,0.0,2.08,4504.41049219387,7.68,1.236,0.0,2.27,4373.746839095742
1731071685.55,19.9,0.731,0.0,2.71,5108.088708117744,20.5,0.651,0.0,0.873,1021.862544572411,40.3,0.559,0.0,1.69,4504.116150388556,7.68,0.931,0.0,2.67,4373.699871961953
1731071686.05,20.5,0.663,0.0,5.78,5108.306721654447,19.8,0.616,0.0,2.61,1021.9061368344948,39.7,0.678,0.0,1.55,4504.649130951,8.32,0.738,0.0,1.96,4373.652904895404
1731071686.55,19.9,0.593,0.0,2.05,5108.524738121565,19.8,0.876,0.0,0.783,1021.9497296834126,39.7,0.935,0.016,6.3,4504.479606586806,7.68,0.939,0.0,1.99,4373.605937896096
1731071687.05,19.8,0.653,0.0,2.42,5108.742757518722,19.8,0.669,0.0,0.76,1021.993323119089,39.7,0.84,0.0,1.83,4504.449452612022,8.33,0.695,0.0,4.07,4373.558970964036
1731071687.55,20.5,0.671,0.0,1.62,5108.9607798455445,20.5,0.853,0.0,0.784,1022.0369171414492,40.3,0.828,0.0,2.27,4504.654987439074,7.68,1.585,0.0,1.69,4373.5120040992215
1731071688.05,19.8,0.901,0.0,2.37,5109.178805101657,19.8,0.94,0.0,0.758,1022.080511750421,39.7,0.865,0.0,2.15,4504.884836170316,8.32,1.187,0.0,1.8,4373.46503730166
1731071688.55,19.8,0.703,0.0,2.4,5109.396833286684,19.8,0.925,0.0,3.3,1022.1241069459234,39.7,1.044,0.016,1.72,4504.87062130186,8.32,0.925,0.0,10.0,4373.418070571346
1731071689.05,19.8,0.728,0.0,2.44,5109.614864400252,19.8,0.788,0.0,7.74,1022.167702727884,39.7,1.235,0.0,1.66,4504.599320787673,7.68,0.77,0.0,1.51,4373.371103908288
1731071689.55,19.9,0.634,0.0,1.95,5109.832898441983,19.8,0.639,0.0,4.25,1022.2112990962282,40.3,0.934,0.0,3.23,4505.0458608657445,8.32,0.781,0.0,1.69,4373.324137312486
1731071690.05,20.5,0.703,0.0,1.55,5110.050935411505,20.5,0.675,0.0,2.05,1022.2548960508808,39.7,1.041,0.0,1.4,4505.021198719591,7.68,1.53,0.0,3.33,4373.277170783941
1731071690.55,19.9,0.9,0.0,2.66,5110.268975308443,19.8,0.734,0.0,1.19,1022.2984935917702,40.3,1.203,0.0,1.61,4504.830281342221,8.32,0.863,0.0,1.89,4373.230204322659
1731071691.05,19.8,0.981,0.0,9.83,5110.48701813242,19.8,0.767,0.0,1.01,1022.3420917188148,39.7,1.266,0.0,4.54,4505.132995305269,7.68,0.866,0.0,3.12,4373.183237928637
1731071691.55,20.5,0.839,0.0,1.5,5110.705063883064,20.5,0.716,0.0,0.981,1022.3856904319426,39.7,0.725,0.0,1.51,4504.795129829918,8.32,0.685,0.0,2.68,4373.136271601881
1731071692.05,19.8,0.884,0.0,2.76,5110.92311256,19.9,0.687,0.0,1.04,1022.429289731079,40.3,0.846,0.0,2.44,4505.069848832071,7.68,1.38,0.0,2.58,4373.089305342392
1731071692.55,19.8,0.905,0.0,2.0,5111.141164162852,19.8,1.05,0.0,0.901,1022.4728896161488,40.3,1.184,0.0,1.85,4504.848776331848,7.68,1.006,0.0,1.87,4373.042339150171
1731071693.05,19.8,1.112,0.0,1.73,5111.359218691247,19.8,0.878,0.0,4.68,1022.5164900870805,39.7,0.986,0.0,1.64,4505.376016223635,8.32,1.148,0.0,7.48,4372.995373025222
1731071693.55,20.5,0.878,0.0,3.22,5111.577276144811,20.5,0.772,0.0,7.85,1022.5600911437924,39.7,1.091,0.0,2.41,4504.77467693695,8.32,1.056,0.0,2.58,4372.948406967546
1731071694.05,19.8,0.88,0.0,1.74,5111.795336523167,19.8,0.799,0.0,0.838,1022.6036927862132,40.3,1.03,0.0,1.84,4505.634619116599,7.68,0.804,0.0,2.52,4372.901440977146
1731071694.55,19.8,0.987,0.0,1.88,5112.013399825943,19.9,1.054,0.0,0.702,1022.6472950142676,40.3,1.132,0.0,1.71,4504.986486883593,8.32,0.776,0.0,2.75,4372.854475054023
1731071695.05,19.8,0.581,0.0,2.95,5112.2314660527645,19.8,0.879,0.0,0.901,1022.690897827881,39.7,1.198,0.0,2.34,4505.514967442919,7.68,0.767,0.0,2.7,4372.807509198181
1731071695.55,20.5,0.492,0.0,7.86,5112.449535203257,20.5,0.949,0.0,0.842,1022.7345012269816,40.3,1.271,0.0,2.02,4505.0585796561645,8.32,0.933,0.0,1.87,4372.760543409621
1731071696.05,19.8,0.372,0.0,2.13,5112.667607277047,19.8,1.064,0.0,0.865,1022.778105211488,39.7,0.913,0.0,9.49,4505.718256473843,7.68,0.975,0.0,1.61,4372.713577688345
1731071696.55,19.8,0.34,0.0,2.24,5112.885682273759,19.8,0.977,0.0,0.717,1022.8217097813284,40.3,0.818,0.0,1.61,4505.560562584124,7.68,0.616,0.0,2.82,4372.666612034354
1731071697.05,19.8,0.475,0.0,1.88,5113.10376019302,19.8,1.068,0.0,0.915,1022.8653149364284,39.7,1.072,0.0,2.18,4505.600764956536,8.33,1.01,0.0,1.91,4372.619646447653
1731071697.55,20.5,0.728,0.0,2.41,5113.321841034456,20.5,1.088,0.0,0.846,1022.9089206767128,40.3,1.032,0.0,2.36,4505.678860319461,8.31,1.121,0.0,1.62,4372.572680928242
1731071698.05,19.8,0.481,0.0,2.62,5113.539924797694,19.2,0.572,0.0,0.757,1022.95252700211,39.7,1.034,0.0,1.98,4505.9108729944455,7.68,1.3,0.0,12.8,4372.525715476126
1731071698.55,19.8,0.396,0.0,2.03,5113.758011482358,20.5,0.649,0.0,0.873,1022.9961339125388,40.3,1.192,0.0,1.56,4505.545177717997,8.32,1.28,0.0,1.94,4372.478750091304
1731071699.05,19.8,0.566,0.0,1.97,5113.976101088076,19.8,0.567,0.0,0.902,1023.039741407928,39.7,1.242,0.0,3.23,4505.377066090902,7.68,0.825,0.0,2.04,4372.4317847737775
1731071699.55,20.5,0.729,0.0,1.66,5114.194193614474,20.5,0.706,0.0,0.745,1023.083349488202,40.3,1.417,0.0,1.87,4505.638751915534,8.32,0.951,0.0,2.79,4372.384819523551
1731071700.05,19.8,0.983,0.0,5.18,5114.412289061178,19.9,0.62,0.0,0.775,1023.1269581532868,39.0,0.696,0.0,1.89,4505.887461295391,7.68,0.777,0.0,1.71,4372.337854340626
1731071700.55,19.2,0.871,0.032,1.76,5114.630387427816,19.8,0.508,0.0,0.773,1023.1705674031102,41.0,0.655,0.0,5.66,4505.57931457562,8.32,1.094,0.0,2.0,4372.290889225008
1731071701.05,19.7,0.901,0.0,1.86,5114.848488714011,19.8,0.589,0.0,1.23,1023.2141772375916,39.7,1.44,0.0,1.62,4506.192322179812,7.68,1.1,0.0,1.83,4372.243924176692
1731071701.55,20.6,0.677,0.0,2.95,5115.066592919392,20.5,0.605,0.0,0.797,1023.2577876566588,40.3,0.89,0.0,2.17,4506.104092441832,8.32,0.766,0.0,1.7,4372.196959195686
1731071702.05,19.9,0.791,0.0,1.62,5115.284700043586,19.8,0.542,0.0,0.741,1023.3013986602376,39.7,1.188,0.0,1.77,4506.281884990507,7.68,1.081,0.0,1.75,4372.149994281989
1731071702.55,19.8,0.632,0.0,1.97,5115.502810086218,19.8,0.47,0.0,0.897,1023.3450102482532,40.3,1.094,0.0,1.48,4505.704373881303,8.32,0.739,0.0,6.47,4372.103029435604
1731071703.05,19.8,0.791,0.0,1.89,5115.720923046917,19.8,0.62,0.0,1.34,1023.388622420634,39.7,1.341,0.0,2.15,4506.001332945794,7.68,1.284,0.0,1.51,4372.056064656537
1731071703.55,20.5,0.631,0.0,1.9,5115.939038925308,20.5,0.756,0.0,0.769,1023.4322351772986,40.3,1.05,0.0,2.17,4505.863598890809,8.32,1.942,0.0,1.66,4372.009099944784
1731071704.05,19.8,0.646,0.0,2.36,5116.157157721017,19.8,0.616,0.0,0.876,1023.4758485181758,39.7,0.861,0.0,2.01,4505.941017083833,7.68,1.045,0.0,1.73,4371.96213530035
1731071704.55,19.8,0.642,0.0,2.16,5116.375279433673,19.8,0.596,0.0,0.783,1023.5194624431912,39.7,0.616,0.0,1.81,4506.179779338742,8.32,1.173,0.0,1.56,4371.915170723238
1731071705.05,19.8,0.798,0.0,7.32,5116.593404062902,19.8,0.582,0.0,1.156,1023.5630769522694,40.3,0.695,0.0,1.62,4506.024258874987,7.68,0.7,0.0,1.6,4371.8682062134485
1731071705.55,20.5,0.842,0.0,2.04,5116.811531608332,20.5,0.614,0.0,1.53,1023.6066920453396,39.6,0.903,0.0,8.38,4506.551317049334,8.32,1.349,0.0,1.89,4371.821241770986
1731071706.05,19.8,0.634,0.0,2.04,5117.029662069588,19.8,0.663,0.0,0.822,1023.6503077223203,40.4,0.659,0.0,1.64,4506.142902288361,7.68,0.999,0.0,1.71,4371.774277395849
1731071706.55,19.8,0.803,0.0,4.56,5117.247795446298,19.8,0.764,0.0,1.42,1023.6939239831406,40.2,0.764,0.0,1.71,4506.11908099316,8.32,0.739,0.0,2.22,4371.727313088043
1731071707.05,19.8,0.967,0.0,1.93,5117.46593173809,19.8,0.653,0.0,1.27,1023.7375408277254,39.8,0.964,0.0,3.11,4506.368245826347,7.68,1.278,0.0,2.01,4371.680348847569
1731071707.55,19.8,0.587,0.0,3.59,5117.684070944591,20.5,0.581,0.0,1.68,1023.7811582560004,40.3,0.891,0.0,1.52,4506.585513083779,8.32,0.784,0.0,7.24,4371.633384674428
1731071708.05,20.5,0.689,0.0,2.29,5117.902213065428,19.9,0.707,0.0,1.77,1023.8247762678936,39.7,1.15,0.0,1.99,4506.365818973796,7.68,1.545,0.0,2.51,4371.586420568626
1731071708.55,19.8,0.817,0.0,4.53,5118.120358100227,19.8,0.951,0.0,1.27,1023.8683948633249,39.7,0.695,0.0,1.68,4506.561749536136,8.32,0.973,0.0,2.42,4371.53945653016
1731071709.05,19.8,0.767,0.0,2.39,5118.338506048618,19.8,0.87,0.0,2.29,1023.9120140422224,40.3,1.159,0.0,1.63,4506.536093978436,7.68,0.856,0.0,2.5,4371.492492559034
1731071709.55,20.5,0.814,0.0,10.2,5118.556656910228,20.5,0.73,0.0,0.881,1023.9556338045114,40.3,1.02,0.0,2.41,4506.855667119099,7.68,0.674,0.0,1.75,4371.445528655252
1731071710.05,19.8,0.734,0.0,1.65,5118.774810684681,19.9,0.895,0.0,0.885,1023.9992541501176,39.6,0.842,0.0,10.8,4506.631354875758,8.32,0.698,0.0,1.68,4371.398564818815
1731071710.55,19.8,1.012,0.0,2.29,5118.992967371611,19.8,0.843,0.0,0.839,1024.04287507897,40.4,1.446,0.0,1.68,4506.656650021796,8.32,1.61,0.0,3.56,4371.351601049726
1731071711.05,19.8,0.95,0.0,2.15,5119.211126970639,19.9,0.604,0.0,1.19,1024.0864965909868,39.7,1.165,0.0,2.61,4506.582800656876,7.68,1.065,0.0,2.24,4371.304637347986
1731071711.55,19.2,0.939,0.032,2.25,5119.429289481397,19.8,0.804,0.0,0.968,1024.1301186860974,40.3,1.553,0.0,3.52,4506.537666632319,8.32,0.89,0.0,1.76,4371.257673713596
1731071712.05,20.5,0.978,0.0,1.58,5119.647454903511,20.5,0.747,0.0,8.81,1024.173741364227,39.7,1.066,0.0,4.7,4506.582535373654,7.68,0.775,0.0,13.1,4371.210710146561
1731071712.55,19.8,0.806,0.0,1.75,5119.865623236609,19.8,0.679,0.0,1.18,1024.2173646253011,40.3,1.364,0.0,3.34,4507.288129125873,8.32,0.73,0.0,1.78,4371.16374664688
1731071713.05,19.8,0.856,0.0,2.62,5120.083794480322,19.8,0.669,0.0,0.853,1024.2609884692488,39.7,0.89,0.0,3.4,4506.733284855255,7.68,1.132,0.0,2.45,4371.116783214561
1731071713.55,20.5,1.081,0.0,1.87,5120.301968634272,20.5,0.863,0.0,0.776,1024.3046128959888,39.7,0.818,0.016,3.09,4506.813060790602,7.68,0.881,0.0,3.67,4371.069819849598
1731071714.05,19.8,1.48,0.0,5.24,5120.520145698091,19.9,0.965,0.0,0.945,1024.34823790545,39.7,1.23,0.0,3.01,4507.335459050711,8.32,0.813,0.0,1.67,4371.022856551999
1731071714.55,19.9,0.947,0.0,3.06,5120.738325671407,19.8,0.913,0.0,1.04,1024.3918634975576,40.4,1.032,0.0,10.5,4506.993199173791,8.32,0.719,0.0,2.72,4370.975893321765
1731071715.05,19.8,0.994,0.0,1.91,5120.956508553846,19.8,0.98,0.0,1.7,1024.4354896722375,39.6,1.266,0.0,4.47,4506.973241524248,7.68,0.684,0.0,3.74,4370.928930158896
1731071715.55,20.5,0.956,0.0,1.99,5121.174694345039,20.5,0.828,0.0,1.12,1024.4791164294188,40.3,1.038,0.0,2.26,4507.235244052706,8.32,0.665,0.0,1.75,4370.881967063399
1731071716.05,19.2,0.738,0.0,1.57,5121.392883044612,19.8,0.805,0.0,1.1,1024.5227437690205,39.7,1.111,0.0,2.2,4507.434297782127,7.68,0.882,0.0,2.4,4370.83500403527
1731071716.55,20.5,0.365,0.0,1.71,5121.611074652194,19.8,0.983,0.0,0.925,1024.5663716909703,40.3,1.196,0.0,2.15,4507.629930541073,8.32,1.045,0.0,3.61,4370.788041074516
1731071717.05,19.8,0.407,0.0,2.63,5121.829269167413,19.8,0.893,0.0,1.27,1024.6100001951957,39.1,0.94,0.0,2.05,4507.771567415714,7.68,0.885,0.0,1.74,4370.741078181135
1731071717.55,19.8,0.584,0.0,1.95,5122.047466589898,20.5,0.937,0.0,0.941,1024.6536292816209,40.9,0.932,0.0,1.48,4507.487486484092,8.32,0.932,0.0,3.26,4370.694115355133
1731071718.05,20.5,0.719,0.0,1.88,5122.265666919278,19.8,0.957,0.0,6.32,1024.6972589501752,39.7,0.959,0.0,1.53,4507.622890212447,7.68,0.832,0.0,2.81,4370.647152596513
1731071718.55,19.8,0.71,0.0,4.04,5122.483870155181,19.8,1.031,0.0,1.22,1024.7408892007782,40.4,0.977,0.0,2.82,4507.28431801736,8.32,1.011,0.0,1.54,4370.600189905273
1731071719.05,19.8,1.253,0.0,2.15,5122.702076297235,19.8,0.85,0.0,0.833,1024.784520033358,39.6,1.037,0.0,6.09,4507.473233781857,7.68,1.414,0.0,2.91,4370.553227281416
1731071719.55,20.5,0.55,0.0,2.7,5122.920285345069,19.8,0.557,0.0,1.46,1024.828151447841,40.3,1.067,0.0,1.74,4507.700702371014,8.32,0.814,0.0,2.38,4370.506264724946
1731071720.05,19.8,0.484,0.0,1.69,5123.138497298311,20.5,0.654,0.0,0.812,1024.8717834441525,39.7,1.227,0.0,3.22,4507.506554393861,7.68,1.003,0.0,2.25,4370.459302235864
1731071720.55,19.8,0.852,0.0,1.39,5123.356712156592,19.8,0.573,0.0,1.28,1024.915416022221,39.7,2.366,0.0,1.35,4507.94185126892,8.32,2.188,0.0,1.55,4370.412339814174
1731071721.05,19.8,1.48,0.0,2.74,5123.574929919538,19.8,0.773,0.0,0.831,1024.9590491819667,40.3,1.374,0.0,1.83,4507.672352257947,7.68,1.788,0.0,16.5,4370.365377459876
1731071721.55,20.5,1.146,0.0,1.41,5123.79315058678,20.5,1.074,0.0,1.28,1025.002682923318,39.0,0.893,0.016,1.41,4507.688625118515,8.32,1.452,0.0,11.6,4370.318415172972
1731071722.05,19.8,0.596,0.0,1.43,5124.011374157946,19.8,0.958,0.0,1.11,1025.0463172462007,40.3,0.739,0.0,1.59,4508.269447949701,7.68,0.816,0.0,1.78,4370.271452953466
1731071722.55,19.8,0.548,0.0,2.63,5124.229600632664,19.8,0.884,0.0,2.37,1025.0899521505405,40.3,0.767,0.0,2.46,4508.1079137669785,8.32,0.992,0.0,1.65,4370.224490801359
1731071723.05,19.9,0.579,0.0,2.04,5124.447830010567,19.8,0.595,0.0,0.979,1025.1335876362664,39.7,0.852,0.0,2.03,4507.6210804437405,7.68,0.592,0.0,3.17,4370.177528716655
1731071723.55,20.5,1.347,0.0,10.6,5124.666062291279,19.8,0.501,0.0,0.8,1025.1772237032976,40.3,1.05,0.0,4.46,4508.1468628326165,8.32,1.159,0.0,1.78,4370.130566699352
1731071724.05,19.8,0.871,0.0,3.46,5124.884297474432,20.5,0.572,0.0,1.14,1025.2208603515635,39.7,1.086,0.0,2.02,4508.448535088211,7.68,1.228,0.0,1.76,4370.083604749456
1731071724.55,19.8,0.835,0.0,1.67,5125.102535559655,19.8,0.604,0.0,0.963,1025.2644975809894,40.3,1.027,0.0,2.42,4508.135319719763,8.32,0.696,0.0,3.53,4370.036642866969
1731071725.05,19.8,0.865,0.0,2.0,5125.320776546576,19.8,0.698,0.0,1.66,1025.3081353915013,39.7,1.135,0.0,2.63,4508.523941306051,7.68,1.018,0.0,1.8,4369.989681051889
1731071725.55,20.5,0.696,0.0,1.67,5125.539020434827,20.5,0.652,0.0,1.1,1025.3517737830284,39.7,0.796,0.0,1.9,4508.525597488203,8.32,0.759,0.0,1.77,4369.942719304226
1731071726.05,19.8,0.735,0.0,1.41,5125.757267224034,19.8,0.707,0.0,1.48,1025.3954127554898,40.4,0.626,0.0,1.67,4508.537308211731,7.68,1.372,0.0,5.76,4369.895757623974
1731071726.55,19.8,0.771,0.0,2.29,5125.97551691383,19.8,0.616,0.0,1.13,1025.4390523088148,40.3,0.69,0.0,3.2,4508.206487445732,7.68,0.884,0.0,1.82,4369.848796011139
1731071727.05,19.8,0.702,0.0,2.69,5126.193769503841,19.8,0.643,0.0,7.11,1025.4826924429287,39.7,0.686,0.0,1.52,4508.520120149634,8.32,0.718,0.0,2.51,4369.801834465723
1731071727.55,20.5,1.026,0.0,1.55,5126.412024993699,19.8,0.69,0.0,1.46,1025.5263331577582,40.3,1.194,0.0,1.98,4508.385179302225,8.32,1.418,0.0,3.13,4369.754872987727
1731071728.05,19.8,0.656,0.0,8.08,5126.630283383033,20.5,0.734,0.0,1.23,1025.569974453232,39.6,0.7,0.0,4.53,4508.606106428304,7.68,0.896,0.0,1.69,4369.707911577159
1731071728.55,19.8,0.731,0.0,3.06,5126.848544671473,19.8,0.735,0.0,1.63,1025.6136163292692,39.4,0.948,0.0,8.53,4508.836660922771,8.32,1.396,0.0,2.14,4369.660950234011
1731071729.05,19.8,0.753,0.0,4.06,5127.066808858648,19.8,0.824,0.0,1.56,1025.6572587857993,40.7,0.982,0.0,1.9,4508.603593923567,7.68,1.05,0.0,10.1,4369.613988958293
1731071729.55,20.5,0.767,0.0,2.34,5127.285075944188,19.8,1.005,0.0,3.71,1025.7009018227482,40.3,1.244,0.0,1.71,4508.789699259638,8.32,1.164,0.0,2.04,4369.567027750003
1731071730.05,19.8,1.092,0.0,3.09,5127.503345927723,20.5,0.838,0.0,4.69,1025.7445454400415,39.7,1.027,0.0,9.98,4508.3872888448,7.68,1.128,0.0,2.64,4369.520066609146
1731071730.55,19.8,0.764,0.0,4.45,5127.721618808884,19.8,0.673,0.0,3.71,1025.7881896376086,40.3,0.527,0.0,2.13,4508.527230276409,8.32,0.731,0.0,3.08,4369.473105535724
1731071731.05,19.8,1.151,0.0,2.0,5127.939894587299,19.8,1.232,0.0,2.08,1025.831834415369,39.7,1.206,0.0,1.74,4508.847997762286,7.68,2.072,0.0,9.88,4369.426144529737
1731071731.55,20.5,0.755,0.0,2.4,5128.158173262599,20.5,0.834,0.0,9.4,1025.875479773252,40.3,0.991,0.0,3.39,4508.851725166141,8.32,1.125,0.0,3.1,4369.379183591189
1731071732.05,19.8,0.748,0.0,1.85,5128.376454834415,19.8,0.784,0.0,1.82,1025.9191257111834,39.7,0.929,0.0,1.97,4509.147058856245,7.68,1.013,0.0,2.7,4369.33222272008
1731071732.55,19.8,1.404,0.0,5.89,5128.594739302375,19.8,0.802,0.0,2.2,1025.962772229089,40.3,1.584,0.0,2.42,4509.366458018861,8.32,0.817,0.0,5.62,4369.285261916415
1731071733.05,19.8,0.784,0.0,2.51,5128.813026666112,19.8,0.723,0.0,3.47,1026.006419326898,39.7,1.284,0.0,15.8,4508.780647371677,7.68,0.71,0.0,1.89,4369.238301180196
1731071733.55,20.5,0.816,0.0,1.96,5129.031316925253,20.5,0.594,0.0,2.53,1026.0500670045303,40.4,1.372,0.0,1.82,4508.836666620001,8.32,1.502,0.0,2.02,4369.191340511423
1731071734.05,19.9,0.718,0.0,2.21,5129.249610079432,19.8,0.757,0.0,2.43,1026.0937152619151,39.6,1.204,0.0,2.27,4509.094205349606,7.68,1.051,0.0,2.87,4369.144379910098
1731071734.55,19.8,0.913,0.0,1.91,5129.467906128276,19.8,0.724,0.0,2.97,1026.1373640989782,40.3,0.753,0.0,2.01,4508.880061762952,8.32,0.936,0.0,2.02,4369.097419376226
1731071735.05,19.8,1.021,0.0,2.12,5129.686205071417,19.8,0.759,0.0,1.73,1026.1810135156454,39.7,1.259,0.0,2.25,4509.109475067173,7.68,0.866,0.0,4.4,4369.050458909807
1731071735.55,20.5,1.011,0.0,3.64,5129.904506908487,19.9,0.77,0.0,2.99,1026.2246635118463,40.3,0.99,0.0,1.52,4509.323078595527,8.32,0.826,0.0,9.56,4369.003498510845
1731071736.05,19.8,1.025,0.0,1.95,5130.122811639113,20.5,1.141,0.0,5.24,1026.2683140875008,39.7,1.121,0.0,1.59,4509.092686907879,7.68,1.063,0.0,3.57,4368.95653817934
1731071736.55,19.8,0.879,0.0,2.32,5130.341119262928,19.8,0.76,0.0,3.3,1026.3119652425378,40.3,1.031,0.0,3.85,4509.595883875297,8.32,1.462,0.0,1.67,4368.909577915295
1731071737.05,19.9,1.318,0.0,3.83,5130.559429779563,19.9,0.776,0.0,3.81,1026.3556169768833,39.7,1.302,0.0,1.65,4509.616387433336,7.68,1.242,0.0,1.72,4368.8626177187125
1731071737.55,19.8,0.713,0.0,1.82,5130.777743188648,20.5,1.042,0.0,2.38,1026.3992692904635,40.3,1.225,0.0,5.16,4509.295454307062,7.68,0.774,0.0,4.0,4368.815657589594
1731071738.05,20.5,0.609,0.0,3.24,5130.996059489815,19.8,1.112,0.0,1.31,1026.4429221832077,39.7,1.449,0.0,3.07,4509.674377894297,8.32,1.165,0.0,2.89,4368.768697527944
1731071738.55,19.8,0.447,0.0,3.08,5131.214378682692,19.8,0.952,0.0,1.72,1026.4865756550355,39.7,0.822,0.0,1.5,4509.313990591575,8.32,0.874,0.0,2.81,4368.7217375337605
1731071739.05,19.8,0.911,0.0,2.44,5131.432700766912,19.9,1.078,0.0,1.03,1026.5302297058768,40.2,1.207,0.0,1.72,4509.801733947339,7.68,0.972,0.0,2.85,4368.674777607049
1731071739.55,20.5,0.554,0.0,2.08,5131.651025742105,19.8,1.178,0.0,0.795,1026.5738843356569,40.4,1.111,0.0,2.53,4509.401706184372,8.32,1.028,0.0,1.67,4368.627817747811
1731071740.05,19.9,0.436,0.0,1.99,5131.869353607903,20.5,1.081,0.0,0.631,1026.6175395443024,39.7,1.012,0.0,1.43,4509.845274620395,7.68,0.752,0.0,8.57,4368.580857956047
1731071740.55,19.8,0.461,0.0,3.49,5132.087684363938,19.8,0.707,0.0,0.986,1026.6611953317426,40.3,1.042,0.0,1.95,4509.7606347948085,8.32,1.01,0.0,1.97,4368.533898231764
1731071741.05,19.8,0.478,0.0,1.78,5132.306018009838,19.9,0.49,0.0,0.877,1026.7048516978973,39.7,1.219,0.0,3.1,4509.988013522084,7.68,0.998,0.0,1.93,4368.486938574957
1731071741.55,19.8,0.534,0.0,2.52,5132.524354545237,19.8,0.447,0.0,8.55,1026.748508642696,40.3,1.231,0.0,1.52,4509.969334774426,8.32,1.091,0.0,3.06,4368.439978985634
1731071742.05,20.5,0.715,0.0,9.46,5132.742693969765,20.5,1.017,0.0,0.841,1026.7921661660644,39.7,1.579,0.0,2.92,4509.520279366251,7.68,1.47,0.0,2.67,4368.393019463793
1731071742.55,19.8,0.499,0.0,1.52,5132.9610362830535,19.8,0.759,0.0,0.878,1026.835824267929,40.3,1.622,0.0,1.7,4510.010955136651,8.32,1.412,0.0,3.02,4368.34606000944
1731071743.05,19.8,0.724,0.0,1.71,5133.179381484735,19.9,0.505,0.0,1.35,1026.8794829482194,39.7,0.814,0.0,1.56,4510.236013334273,7.68,1.26,0.0,2.27,4368.299100622576
1731071743.55,19.8,0.665,0.0,2.12,5133.397729574439,20.5,0.518,0.0,1.61,1026.9231422068551,39.6,0.945,0.016,2.44,4509.9969828872345,7.68,0.733,0.0,2.1,4368.252141303201
1731071744.05,20.5,0.499,0.0,1.57,5133.6160805517975,19.8,0.641,0.0,1.31,1026.9668020437662,39.8,0.754,0.0,2.6,4509.646205578995,8.32,1.178,0.0,3.64,4368.20518205132
1731071744.55,19.8,0.511,0.0,1.78,5133.834434416443,19.8,0.497,0.0,1.09,1027.0104624588782,39.7,0.783,0.016,2.18,4510.027035589962,8.32,1.163,0.0,7.91,4368.158222866932
1731071745.05,19.8,1.044,0.0,2.58,5134.052791168007,19.9,0.759,0.0,2.58,1027.0541234521177,39.1,1.284,0.016,1.51,4510.174675326074,7.68,1.107,0.0,2.72,4368.111263750043
1731071745.55,20.5,1.626,0.0,1.53,5134.27115080612,19.8,0.576,0.0,1.57,1027.0977850234135,40.3,1.247,0.0,1.83,4510.441328874197,8.32,1.117,0.0,3.08,4368.064304700654
1731071746.05,19.8,0.621,0.0,2.04,5134.489513330414,20.5,0.564,0.0,0.883,1027.1414471726866,39.7,1.097,0.0,2.47,4510.044422773798,7.68,0.67,0.0,2.09,4368.017345718765
1731071746.55,19.8,0.941,0.0,7.35,5134.707878740523,19.8,0.602,0.0,1.07,1027.185109899866,40.3,1.202,0.0,2.22,4510.429449548925,8.32,1.213,0.0,4.66,4367.970386804379
1731071747.05,19.8,0.741,0.0,1.77,5134.926247036076,19.9,0.756,0.0,0.839,1027.228773204878,39.0,1.09,0.0,8.6,4510.071830549586,7.68,1.009,0.0,2.61,4367.9234279575
1731071747.55,20.5,0.697,0.0,1.96,5135.144618216706,20.5,0.574,0.0,0.796,1027.2724370876488,41.0,0.467,0.0,2.2,4510.550655167389,8.32,0.707,0.0,3.17,4367.876469178129
1731071748.05,19.8,0.647,0.0,2.34,5135.3629922820455,19.9,0.664,0.0,1.41,1027.316101548108,39.7,0.777,0.0,1.66,4510.295748244619,7.68,1.056,0.0,3.23,4367.829510466268
1731071748.55,19.8,0.667,0.0,3.37,5135.581369231725,19.8,0.625,0.0,1.12,1027.3597665861755,39.7,0.856,0.0,1.88,4510.294449209484,8.32,0.625,0.0,3.66,4367.782551821921
1731071749.05,19.9,0.812,0.0,1.83,5135.799749065378,19.8,0.758,0.0,4.14,1027.4034322017812,40.3,0.66,0.0,2.67,4510.315806496228,7.68,1.293,0.0,6.62,4367.735593245085
1731071749.55,20.5,0.949,0.0,1.54,5136.018131782636,20.5,0.617,0.0,1.12,1027.447098394851,40.3,0.728,0.0,2.06,4511.00822565231,8.32,0.911,0.0,2.13,4367.688634735769
1731071750.05,19.8,0.655,0.0,2.74,5136.236517383131,19.8,0.863,0.0,1.35,1027.4907651653116,39.7,0.961,0.0,1.66,4510.6789069090655,7.68,0.794,0.0,2.87,4367.641676293969
1731071750.55,19.8,0.777,0.0,1.65,5136.454905866497,19.8,0.723,0.0,1.05,1027.5344325130925,40.3,1.228,0.0,3.49,4510.682405699039,8.32,1.064,0.0,3.85,4367.594717919694
1731071751.05,19.8,0.725,0.0,1.87,5136.673297232363,19.8,0.873,0.0,0.816,1027.578100438113,39.7,0.84,0.0,1.5,4510.670079002331,7.68,0.61,0.0,2.19,4367.5477596129385
1731071751.55,20.5,0.744,0.0,8.22,5136.891691480365,20.5,0.886,0.0,0.874,1027.6217689403045,40.3,0.773,0.0,3.16,4510.718515911275,8.32,1.197,0.0,2.63,4367.50080137371
1731071752.05,19.9,0.808,0.0,1.85,5137.110088610132,19.8,0.868,0.0,1.04,1027.6654380195914,39.7,1.144,0.0,1.77,4510.962224533813,7.68,0.734,0.0,5.92,4367.453843202009
1731071752.55,19.8,0.696,0.0,1.56,5137.328488621299,19.8,1.063,0.0,0.897,1027.7091076759014,40.3,1.035,0.0,1.51,4510.761704340479,8.32,0.928,0.0,2.06,4367.406885097837
1731071753.05,19.8,0.661,0.0,3.14,5137.546891513498,19.8,0.834,0.0,1.41,1027.7527779091638,39.7,0.908,0.0,1.99,4511.263519166712,7.68,0.964,0.0,2.86,4367.359927061199
1731071753.55,20.5,1.116,0.0,1.66,5137.76529728636,19.8,0.723,0.0,0.954,1027.7964487192985,40.3,1.269,0.0,1.84,4510.8750415095465,7.68,0.826,0.0,2.06,4367.312969092094
1731071754.05,19.9,0.912,0.0,1.72,5137.98370593952,20.5,0.814,0.0,1.21,1027.8401201062352,39.7,1.172,0.0,1.63,4511.227479977306,8.32,1.776,0.0,11.8,4367.266011190525
1731071754.55,19.8,0.842,0.0,3.14,5138.202117472609,19.8,0.819,0.0,0.823,1027.883792069901,40.3,1.196,0.0,2.13,4510.933787877672,8.32,1.072,0.0,3.04,4367.219053356494
1731071755.05,19.8,0.709,0.0,1.59,5138.42053188526,19.8,0.728,0.0,0.809,1027.927464610221,39.7,1.098,0.0,2.32,4510.985702229336,7.68,1.08,0.0,2.92,4367.172095590005
1731071755.55,20.5,0.846,0.0,1.7,5138.638949177107,20.5,0.608,0.0,0.696,1027.9711377271262,39.7,0.674,0.0,2.06,4511.14269173277,8.32,1.0,0.0,2.38,4367.125137891059
1731071756.05,19.8,0.869,0.0,9.38,5138.857369347781,19.8,0.866,0.0,0.847,1028.0148114205365,40.4,0.803,0.0,4.19,4511.571558068099,7.68,1.099,0.0,2.13,4367.0781802596575
1731071756.55,19.8,0.904,0.0,3.81,5139.075792396917,19.8,0.72,0.0,0.715,1028.0584856903813,40.3,0.838,0.0,1.8,4511.489274478123,7.68,1.263,0.0,1.49,4367.031222695803
1731071757.05,19.8,0.974,0.0,1.79,5139.294218324147,19.8,0.737,0.0,0.825,1028.1021605365877,39.7,0.769,0.0,3.41,4511.303628177563,8.32,1.146,0.0,4.27,4366.984265199498
1731071757.55,20.5,0.871,0.0,2.76,5139.512647129102,19.8,0.847,0.0,0.816,1028.145835959081,40.3,0.994,0.0,1.58,4511.303734686577,8.32,0.987,0.0,2.09,4366.937307770744
1731071758.05,19.8,1.097,0.0,1.53,5139.73107881142,20.5,0.811,0.0,0.864,1028.189511957792,39.7,0.995,0.0,1.93,4511.286734045309,7.68,0.785,0.0,1.7,4366.890350409546
1731071758.55,19.8,0.696,0.0,1.67,5139.94951337073,19.8,0.855,0.0,0.912,1028.2331885326407,40.3,1.027,0.0,3.0,4511.249700910989,8.32,0.718,0.0,12.1,4366.843393115902
1731071759.05,19.8,0.46,0.0,2.16,5140.167950806666,19.8,1.079,0.0,0.818,1028.276865683557,39.7,1.334,0.0,1.6,4511.691796830997,7.68,0.762,0.0,1.55,4366.796435889816
1731071759.55,20.5,0.442,0.0,1.49,5140.386391118862,20.5,0.864,0.0,0.969,1028.3205434104673,40.4,1.237,0.0,1.87,4511.29741066505,8.32,0.933,0.0,2.79,4366.749478731291
1731071760.05,19.8,0.639,0.0,1.86,5140.604834306952,19.9,0.912,0.0,1.07,1028.364221713298,39.7,0.868,0.0,2.02,4511.466931336202,7.68,1.019,0.0,2.7,4366.702521640328
1731071760.55,19.9,0.703,0.0,2.89,5140.823280370568,19.8,1.103,0.0,1.32,1028.4079005919791,40.3,0.889,0.0,3.17,4511.77925900186,7.68,0.801,0.0,2.0,4366.655564616931
1731071761.05,19.8,0.481,0.0,10.9,5141.041729309343,19.8,0.983,0.0,4.09,1028.4515800464314,39.7,0.842,0.0,10.7,4511.548207778576,8.32,0.956,0.0,3.24,4366.608607661099
1731071761.55,20.5,0.437,0.0,2.66,5141.260181122912,20.5,1.037,0.0,2.38,1028.495260076584,40.4,0.952,0.0,2.77,4511.410321088862,8.32,0.8,0.0,2.22,4366.561650772836
1731071762.05,19.8,0.472,0.0,3.45,5141.478635810909,19.2,0.521,0.0,3.88,1028.5389406823635,39.6,1.547,0.0,4.43,4512.071954071959,7.68,1.126,0.0,2.4,4366.5146939521455
1731071762.55,19.8,0.85,0.0,3.56,5141.697093372965,20.5,0.51,0.0,2.45,1028.582621863697,40.3,1.2,0.0,3.32,4512.075244917788,8.32,1.144,0.0,2.28,4366.467737199027
1731071763.05,19.8,0.495,0.0,4.42,5141.915553808717,19.8,0.655,0.0,5.77,1028.6263036205144,39.7,1.368,0.0,4.31,4511.73625880778,7.68,0.705,0.0,5.5,4366.420780513487
1731071763.55,20.5,1.202,0.0,2.86,5142.134017117796,20.5,0.66,0.0,1.55,1028.6699859527355,40.3,1.265,0.0,2.8,4512.170123405768,8.32,1.004,0.0,3.07,4366.373823895521
1731071764.05,19.8,0.621,0.0,2.54,5142.352483299837,19.8,0.965,0.0,0.875,1028.713668860291,38.4,0.649,0.016,2.58,4512.298483383991,7.68,0.669,0.0,2.0,4366.3268673451375
1731071764.55,19.8,0.565,0.0,4.56,5142.570952354474,19.8,0.58,0.0,0.83,1028.7573523431065,41.0,0.788,0.0,4.49,4512.140502304616,7.68,1.098,0.0,2.13,4366.279910862335
1731071765.05,19.9,0.5,0.0,5.19,5142.78942428134,19.8,0.65,0.0,0.759,1028.8010364011095,39.7,0.764,0.0,6.24,4512.002287630783,8.32,1.319,0.0,3.01,4366.232954447116
1731071765.55,20.5,0.632,0.0,13.7,5143.007899080071,20.5,0.642,0.0,0.849,1028.84472103423,40.3,0.969,0.0,13.4,4512.22462443294,7.67,0.744,0.0,1.82,4366.185998099487
1731071766.05,19.8,0.724,0.0,3.4,5143.226376750298,19.8,0.544,0.0,1.07,1028.888406242388,39.7,1.134,0.0,3.57,4512.471242850938,8.33,1.099,0.0,2.48,4366.139041819442
1731071766.55,19.9,0.504,0.0,4.05,5143.444857291657,19.8,0.531,0.0,0.881,1028.9320920255136,40.3,0.907,0.0,3.46,4512.065357988152,8.32,0.648,0.0,3.87,4366.092085606991
1731071767.05,19.8,0.595,0.0,5.86,5143.663340703783,19.8,0.491,0.0,1.94,1028.9757783835337,39.7,0.893,0.0,4.72,4512.6381225102905,7.68,1.204,0.0,2.01,4366.045129462132
1731071767.55,20.5,0.512,0.0,3.74,5143.881826986308,19.9,0.59,0.0,3.14,1029.0194653163744,40.3,0.951,0.0,1.99,4512.740069742825,8.32,1.291,0.0,4.41,4365.998173384867
1731071768.05,19.8,0.823,0.0,4.74,5144.100316138868,20.5,0.56,0.0,1.06,1029.063152823967,39.7,1.15,0.0,4.46,4512.19279338873,7.68,0.747,0.0,2.52,4365.951217375201
1731071768.55,19.8,0.677,0.0,7.51,5144.318808161096,19.8,0.648,0.0,0.761,1029.1068409062304,39.7,0.499,0.0,6.52,4512.704513446859,8.32,1.061,0.0,2.17,4365.904261433135
1731071769.05,19.8,0.644,0.0,5.39,5144.537303052627,19.8,0.632,0.0,0.844,1029.1505295630957,40.4,0.624,0.0,4.7,4512.622012541358,7.68,0.569,0.0,2.68,4365.857305558669
1731071769.55,20.5,0.942,0.0,4.64,5144.755800813096,20.5,0.641,0.0,0.864,1029.1942187944892,40.3,0.724,0.0,3.82,4512.541995472709,8.32,1.173,0.0,3.06,4365.810349751807
1731071770.05,19.8,0.843,0.0,7.98,5144.9743014421365,19.8,0.783,0.0,0.895,1029.237908600338,39.7,1.034,0.0,6.54,4512.338546339699,7.68,0.763,0.0,3.95,4365.763394012552
1731071770.55,19.8,0.637,0.0,1.67,5145.192804939384,19.8,0.786,0.0,0.965,1029.2815989805715,40.3,0.82,0.0,1.35,4512.911380495593,8.32,0.678,0.0,2.49,4365.716438340906
1731071771.05,19.8,0.637,0.0,2.06,5145.411311304471,19.8,0.697,0.0,1.62,1029.3252899351114,39.7,0.704,0.0,2.34,4512.525870030992,7.68,1.022,0.0,2.25,4365.669482736869
1731071771.55,19.8,0.451,0.0,2.04,5145.629820537035,20.5,0.718,0.0,0.975,1029.368981463887,40.3,0.727,0.0,1.85,4512.776076778396,8.32,0.597,0.0,5.15,4365.622527200445
1731071772.05,20.5,0.509,0.0,3.24,5145.8483326367095,19.8,0.651,0.0,0.992,1029.412673566825,39.7,0.771,0.0,1.64,4512.811129408586,7.69,1.357,0.0,1.82,4365.575571731636
1731071772.55,19.8,0.645,0.0,1.9,5146.066847603128,19.8,0.851,0.0,1.03,1029.4563662438527,39.7,0.705,0.0,1.71,4513.08695269008,8.31,0.832,0.0,12.6,4365.528616330444
1731071773.05,19.8,0.649,0.0,2.59,5146.285365435928,19.8,1.034,0.0,2.57,1029.5000594949,40.4,0.806,0.0,1.52,4512.920353738321,7.68,0.82,0.0,4.09,4365.481660996871
1731071773.55,20.5,0.645,0.0,2.98,5146.503886134742,20.5,0.738,0.0,6.03,1029.5437533198874,40.3,0.693,0.0,3.63,4513.267274011866,7.68,0.706,0.0,1.9,4365.4347057309205
1731071774.05,19.8,0.602,0.0,1.9,5146.722409699206,19.8,0.937,0.0,0.801,1029.5874477187454,39.7,0.908,0.0,3.92,4512.717657195597,8.32,0.701,0.0,2.51,4365.387750532592
1731071774.55,19.8,0.717,0.0,6.86,5146.9409361289545,19.9,0.849,0.0,0.865,1029.6311426914003,40.3,0.887,0.0,7.59,4513.367411237313,8.32,1.652,0.0,2.83,4365.340795401889
1731071775.05,19.8,0.715,0.0,1.61,5147.159465423623,19.8,0.711,0.0,0.785,1029.6748382377796,39.7,0.974,0.0,9.58,4513.016853617617,7.68,0.978,0.0,1.6,4365.293840338814
