Time,Bitrate,Jitter,Datagrams,Delay,F2_X,F2_Y,F2_Z,F4_X,F4_Y,F4_Z,Distance
1731069778.8,19.8,0.992,0.0,2.07,6900.8,10101.2,0.0,9400.8,6599.2,0.0,4302.79025749571
1731069779.3,19.8,0.93,0.0,1.88,6900.9,10101.35,0.0,9400.9,6599.1,0.0,4302.993732565736
1731069779.8,20.5,0.952,0.0,1.58,6901.0,10101.5,0.0,9401.0,6599.0,0.0,4303.197212538603
1731069780.3,19.8,1.444,0.0,1.62,6901.1,10101.65,0.0,9401.1,6598.9,0.0,4303.400697413616
1731069780.8,19.8,1.015,0.0,2.84,6901.2,10101.8,0.0,9401.2,6598.8,0.0,4303.604187190082
1731069781.3,19.8,0.767,0.0,1.61,6901.3,10101.95,0.0,9401.3,6598.7,0.0,4303.807681867302
1731069781.8,20.5,0.76,0.0,1.44,6901.4,10102.1,0.0,9401.4,6598.6,0.0,4304.011181444584
1731069782.3,19.8,0.916,0.0,6.73,6901.5,10102.25,0.0,9401.5,6598.5,0.0,4304.214685921231
1731069782.8,19.8,0.879,0.0,1.75,6901.6,10102.4,0.0,9401.6,6598.4,0.0,4304.418195296549
1731069783.3,19.9,0.987,0.0,2.05,6901.7,10102.55,0.0,9401.7,6598.3,0.0,4304.621709569843
1731069783.8,19.8,1.121,0.0,3.33,6901.8,10102.7,0.0,9401.8,6598.2,0.0,4304.825228740419
1731069784.3,20.5,0.95,0.0,1.77,6901.9,10102.85,0.0,9401.9,6598.1,0.0,4305.028752807581
1731069784.8,19.8,1.075,0.0,2.02,6902.0,10103.0,0.0,9402.0,6598.0,0.0,4305.232281770636
1731069785.3,19.8,1.084,0.0,1.71,6902.1,10103.15,0.0,9402.1,6597.9,0.0,4305.435815628889
1731069785.8,20.5,1.01,0.0,1.78,6902.2,10103.3,0.0,9402.2,6597.8,0.0,4305.639354381647
1731069786.3,19.9,1.121,0.0,1.75,6902.3,10103.45,0.0,9402.3,6597.7,0.0,4305.842898028213
1731069786.8,19.8,1.062,0.0,1.77,6902.4,10103.6,0.0,9402.4,6597.6,0.0,4306.046446567895
1731069787.3,19.8,1.234,0.0,1.72,6902.5,10103.75,0.0,9402.5,6597.5,0.0,4306.25
1731069787.8,19.8,1.135,0.0,2.02,6902.6,10103.9,0.0,9402.6,6597.4,0.0,4306.453558323833
1731069788.3,20.5,1.165,0.0,1.42,6902.7,10104.05,0.0,9402.7,6597.3,0.0,4306.6571215387
1731069788.8,19.8,1.242,0.0,1.84,6902.8,10104.2,0.0,9402.8,6597.2,0.0,4306.860689643908
1731069789.3,19.8,0.767,0.0,1.62,6902.9,10104.35,0.0,9402.9,6597.1,0.0,4307.064262638764
1731069789.8,19.8,0.472,0.0,1.51,6903.0,10104.5,0.0,9403.0,6597.0,0.0,4307.267840522574
1731069790.3,20.5,0.555,0.0,1.77,6903.1,10104.65,0.0,9403.1,6596.9,0.0,4307.471423294645
1731069790.8,19.8,0.666,0.0,2.02,6903.2,10104.8,0.0,9403.2,6596.8,0.0,4307.675010954285
1731069791.3,19.8,0.936,0.0,1.49,6903.3,10104.95,0.0,9403.3,6596.7,0.0,4307.8786035008
1731069791.8,19.8,0.635,0.0,9.63,6903.4,10105.1,0.0,9403.4,6596.6,0.0,4308.082200933497
1731069792.3,20.5,0.6,0.0,2.2,6903.5,10105.25,0.0,9403.5,6596.5,0.0,4308.285803251683
1731069792.8,19.8,0.654,0.0,2.36,6903.6,10105.4,0.0,9403.6,6596.4,0.0,4308.4894104546665
1731069793.3,19.8,0.713,0.0,3.63,6903.7,10105.55,0.0,9403.7,6596.3,0.0,4308.6930225417545
1731069793.8,19.9,0.62,0.0,2.98,6903.8,10105.7,0.0,9403.8,6596.2,0.0,4308.896639512254
1731069794.3,20.5,0.731,0.0,2.03,6903.9,10105.85,0.0,9403.9,6596.1,0.0,4309.100261365475
1731069794.8,19.9,0.676,0.0,1.91,6904.0,10106.0,0.0,9404.0,6596.0,0.0,4309.303888100722
1731069795.3,19.9,0.744,0.0,1.79,6904.1,10106.15,0.0,9404.1,6595.9,0.0,4309.5075197173055
1731069795.8,19.8,0.759,0.0,1.83,6904.2,10106.3,0.0,9404.2,6595.8,0.0,4309.711156214532
1731069796.3,20.5,0.653,0.0,6.24,6904.3,10106.45,0.0,9404.3,6595.7,0.0,4309.914797591711
1731069796.8,19.8,0.8,0.0,1.77,6904.4,10106.6,0.0,9404.4,6595.6,0.0,4310.1184438481505
1731069797.3,19.8,0.714,0.0,1.72,6904.5,10106.75,0.0,9404.5,6595.5,0.0,4310.322094983158
1731069797.8,19.9,0.86,0.0,1.56,6904.6,10106.9,0.0,9404.6,6595.4,0.0,4310.525750996043
1731069798.3,20.5,0.795,0.0,1.79,6904.7,10107.05,0.0,9404.7,6595.3,0.0,4310.729411886114
1731069798.8,19.8,0.789,0.0,1.86,6904.8,10107.2,0.0,9404.8,6595.2,0.0,4310.9330776526795
1731069799.3,19.8,1.069,0.0,1.36,6904.9,10107.35,0.0,9404.9,6595.1,0.0,4311.136748295048
1731069799.8,19.9,0.894,0.0,1.89,6905.0,10107.5,0.0,9405.0,6595.0,0.0,4311.3404238125295
1731069800.3,20.5,1.134,0.0,1.7,6905.1,10107.65,0.0,9405.1,6594.9,0.0,4311.544104204432
1731069800.8,19.8,0.899,0.0,1.61,6905.2,10107.8,0.0,9405.2,6594.8,0.0,4311.747789470066
1731069801.3,19.8,0.876,0.0,9.89,6905.3,10107.95,0.0,9405.3,6594.7,0.0,4311.95147960874
1731069801.8,20.5,0.997,0.0,1.87,6905.4,10108.1,0.0,9405.4,6594.6,0.0,4312.155174619763
1731069802.3,19.9,0.937,0.0,1.84,6905.5,10108.25,0.0,9405.5,6594.5,0.0,4312.358874502445
1731069802.8,19.8,0.907,0.0,2.36,6905.6,10108.4,0.0,9405.6,6594.4,0.0,4312.562579256097
1731069803.3,19.9,0.813,0.0,1.8,6905.7,10108.55,0.0,9405.7,6594.3,0.0,4312.766288880027
1731069803.8,20.5,1.001,0.0,1.63,6905.8,10108.7,0.0,9405.8,6594.2,0.0,4312.970003373545
1731069804.3,19.8,0.958,0.0,3.42,6905.9,10108.85,0.0,9405.9,6594.1,0.0,4313.173722735963
1731069804.8,19.9,0.789,0.0,1.82,6906.0,10109.0,0.0,9406.0,6594.0,0.0,4313.377446966588
1731069805.3,19.8,0.872,0.0,1.81,6906.1,10109.15,0.0,9406.1,6593.9,0.0,4313.581176064732
1731069805.8,20.5,0.902,0.0,6.97,6906.2,10109.3,0.0,9406.2,6593.8,0.0,4313.784910029706
1731069806.3,19.8,0.837,0.0,1.68,6906.3,10109.45,0.0,9406.3,6593.7,0.0,4313.98864886082
1731069806.8,19.8,1.15,0.0,1.69,6906.4,10109.6,0.0,9406.4,6593.6,0.0,4314.192392557384
1731069807.3,19.8,1.263,0.0,1.64,6906.5,10109.75,0.0,9406.5,6593.5,0.0,4314.396141118708
1731069807.8,20.5,1.001,0.0,1.5,6906.6,10109.9,0.0,9406.6,6593.4,0.0,4314.599894544105
1731069808.3,19.8,1.011,0.0,1.86,6906.7,10110.05,0.0,9406.7,6593.3,0.0,4314.803652832884
1731069808.8,19.8,1.319,0.0,1.67,6906.8,10110.2,0.0,9406.8,6593.2,0.0,4315.007415984357
1731069809.3,19.8,1.266,0.0,1.49,6906.9,10110.35,0.0,9406.9,6593.1,0.0,4315.211183997835
1731069809.8,19.9,1.153,0.0,1.84,6907.0,10110.5,0.0,9407.0,6593.0,0.0,4315.41495687263
1731069810.3,20.5,1.287,0.0,1.96,6907.1,10110.65,0.0,9407.1,6592.9,0.0,4315.618734608051
1731069810.8,19.9,0.905,0.0,2.31,6907.2,10110.8,0.0,9407.2,6592.8,0.0,4315.822517203413
1731069811.3,19.8,0.882,0.0,2.2,6907.3,10110.95,0.0,9407.3,6592.7,0.0,4316.026304658024
1731069811.8,19.8,0.694,0.0,1.94,6907.4,10111.1,0.0,9407.4,6592.6,0.0,4316.230096971199
1731069812.3,20.5,0.754,0.0,3.28,6907.5,10111.25,0.0,9407.5,6592.5,0.0,4316.433894142247
1731069812.8,19.8,0.561,0.0,1.95,6907.6,10111.4,0.0,9407.6,6592.4,0.0,4316.637696170481
1731069813.3,19.8,1.319,0.0,1.94,6907.7,10111.55,0.0,9407.7,6592.3,0.0,4316.841503055214
1731069813.8,19.9,0.829,0.0,1.65,6907.8,10111.7,0.0,9407.8,6592.2,0.0,4317.045314795758
1731069814.3,20.5,0.635,0.0,2.2,6907.9,10111.85,0.0,9407.9,6592.1,0.0,4317.249131391423
1731069814.8,19.8,0.567,0.0,3.32,6908.0,10112.0,0.0,9408.0,6592.0,0.0,4317.452952841524
1731069815.3,19.8,0.589,0.0,1.68,6908.1,10112.15,0.0,9408.1,6591.9,0.0,4317.656779145374
1731069815.8,19.9,0.8,0.0,2.63,6908.2,10112.3,0.0,9408.2,6591.8,0.0,4317.860610302282
1731069816.3,20.5,0.64,0.0,1.61,6908.3,10112.45,0.0,9408.3,6591.7,0.0,4318.064446311565
1731069816.8,19.8,0.6,0.0,1.46,6908.4,10112.6,0.0,9408.4,6591.6,0.0,4318.268287172533
1731069817.3,19.8,0.678,0.0,3.16,6908.5,10112.75,0.0,9408.5,6591.5,0.0,4318.4721328845
1731069817.8,20.5,0.617,0.0,1.64,6908.6,10112.9,0.0,9408.6,6591.4,0.0,4318.675983446778
1731069818.3,19.8,0.689,0.0,1.75,6908.7,10113.05,0.0,9408.7,6591.3,0.0,4318.879838858683
1731069818.8,19.8,0.777,0.0,3.81,6908.8,10113.2,0.0,9408.8,6591.2,0.0,4319.083699119525
1731069819.3,19.8,0.712,0.0,1.88,6908.9,10113.35,0.0,9408.9,6591.1,0.0,4319.287564228619
1731069819.8,19.8,0.956,0.0,9.8,6909.0,10113.5,0.0,9409.0,6591.0,0.0,4319.491434185279
1731069820.3,20.5,0.933,0.0,3.66,6909.1,10113.65,0.0,9409.1,6590.9,0.0,4319.695308988818
1731069820.8,19.9,0.931,0.0,2.46,6909.2,10113.8,0.0,9409.2,6590.8,0.0,4319.899188638549
1731069821.3,19.8,0.867,0.0,1.78,6909.3,10113.95,0.0,9409.3,6590.7,0.0,4320.103073133788
1731069821.8,19.9,1.066,0.0,3.43,6909.4,10114.1,0.0,9409.4,6590.6,0.0,4320.306962473847
1731069822.3,20.5,1.064,0.0,2.0,6909.5,10114.25,0.0,9409.5,6590.5,0.0,4320.510856658041
1731069822.8,19.8,1.101,0.0,2.08,6909.6,10114.4,0.0,9409.6,6590.4,0.0,4320.714755685684
1731069823.3,19.9,0.866,0.0,1.78,6909.7,10114.55,0.0,9409.7,6590.3,0.0,4320.9186595560905
1731069823.8,19.8,0.654,0.0,1.91,6909.8,10114.7,0.0,9409.8,6590.2,0.0,4321.1225682685745
1731069824.3,20.5,0.838,0.0,4.21,6909.9,10114.85,0.0,9409.9,6590.1,0.0,4321.326481822451
1731069824.8,19.8,0.829,0.0,1.94,6910.0,10115.0,0.0,9410.0,6590.0,0.0,4321.530400217034
1731069825.3,19.8,0.849,0.0,1.76,6910.1,10115.15,0.0,9410.1,6589.9,0.0,4321.734323451639
1731069825.8,20.5,0.906,0.0,1.76,6910.2,10115.3,0.0,9410.2,6589.8,0.0,4321.938251525581
1731069826.3,19.8,0.723,0.0,1.65,6910.3,10115.45,0.0,9410.3,6589.7,0.0,4322.142184438175
1731069826.8,19.9,0.764,0.0,2.5,6910.4,10115.6,0.0,9410.4,6589.6,0.0,4322.3461221887355
1731069827.3,19.9,0.94,0.0,1.56,6910.5,10115.75,0.0,9410.5,6589.5,0.0,4322.550064776578
1731069827.8,20.5,0.868,0.0,1.58,6910.6,10115.9,0.0,9410.6,6589.4,0.0,4322.754012201018
1731069828.3,19.8,1.076,0.0,2.91,6910.7,10116.05,0.0,9410.7,6589.3,0.0,4322.957964461371
1731069828.8,19.8,1.157,0.0,1.51,6910.8,10116.2,0.0,9410.8,6589.2,0.0,4323.161921556953
1731069829.3,19.8,1.201,0.0,8.89,6910.9,10116.35,0.0,9410.9,6589.1,0.0,4323.365883487078
1731069829.8,19.9,1.157,0.0,3.2,6911.0,10116.5,0.0,9411.0,6589.0,0.0,4323.569850251063
1731069830.3,20.5,1.255,0.0,1.84,6911.1,10116.65,0.0,9411.1,6588.9,0.0,4323.7738218482245
1731069830.8,19.8,1.432,0.0,2.24,6911.2,10116.8,0.0,9411.2,6588.8,0.0,4323.977798277878
1731069831.3,19.8,1.087,0.0,3.28,6911.3,10116.95,0.0,9411.3,6588.7,0.0,4324.181779539338
1731069831.8,20.5,1.385,0.0,1.56,6911.4,10117.1,0.0,9411.4,6588.6,0.0,4324.385765631924
1731069832.3,19.2,0.684,0.0,2.05,6911.5,10117.25,0.0,9411.5,6588.5,0.0,4324.589756554949
1731069832.8,20.5,0.717,0.0,2.07,6911.6,10117.4,0.0,9411.6,6588.4,0.0,4324.793752307733
1731069833.3,19.8,0.702,0.0,1.72,6911.7,10117.55,0.0,9411.7,6588.3,0.0,4324.99775288959
1731069833.8,19.9,0.613,0.0,6.28,6911.8,10117.7,0.0,9411.8,6588.2,0.0,4325.201758299837
1731069834.3,20.5,0.737,0.0,1.75,6911.9,10117.85,0.0,9411.9,6588.1,0.0,4325.405768537791
1731069834.8,19.8,0.565,0.0,1.71,6912.0,10118.0,0.0,9412.0,6588.0,0.0,4325.609783602769
1731069835.3,19.8,0.519,0.0,1.7,6912.1,10118.15,0.0,9412.1,6587.9,0.0,4325.813803494089
1731069835.8,20.5,0.735,0.0,1.72,6912.2,10118.3,0.0,9412.2,6587.8,0.0,4326.017828211067
1731069836.3,19.8,0.648,0.0,1.99,6912.3,10118.45,0.0,9412.3,6587.7,0.0,4326.221857753021
1731069836.8,19.8,0.729,0.0,1.92,6912.4,10118.6,0.0,9412.4,6587.6,0.0,4326.425892119268
1731069837.3,19.8,0.768,0.0,1.5,6912.5,10118.75,0.0,9412.5,6587.5,0.0,4326.629931309125
1731069837.8,19.8,0.818,0.0,3.43,6912.6,10118.9,0.0,9412.6,6587.4,0.0,4326.83397532191
1731069838.3,20.5,0.717,0.0,4.76,6912.7,10119.05,0.0,9412.7,6587.3,0.0,4327.038024156941
1731069838.8,19.9,0.772,0.0,1.86,6912.8,10119.2,0.0,9412.8,6587.2,0.0,4327.242077813535
1731069839.3,19.8,0.75,0.0,3.52,6912.9,10119.35,0.0,9412.9,6587.1,0.0,4327.4461362910115
1731069839.8,20.5,0.78,0.0,1.44,6913.0,10119.5,0.0,9413.0,6587.0,0.0,4327.6501995886865
1731069840.3,19.8,1.018,0.0,1.93,6913.1,10119.65,0.0,9413.1,6586.9,0.0,4327.85426770588
1731069840.8,19.9,0.763,0.0,1.86,6913.2,10119.8,0.0,9413.2,6586.8,0.0,4328.05834064191
1731069841.3,19.8,0.946,0.0,2.08,6913.3,10119.95,0.0,9413.3,6586.7,0.0,4328.262418396093
1731069841.8,20.5,0.895,0.0,1.74,6913.4,10120.1,0.0,9413.4,6586.6,0.0,4328.46650096775
1731069842.3,19.8,0.823,0.0,1.55,6913.5,10120.25,0.0,9413.5,6586.5,0.0,4328.670588356199
1731069842.8,19.8,1.144,0.0,2.55,6913.6,10120.4,0.0,9413.6,6586.4,0.0,4328.874680560757
1731069843.3,19.8,1.136,0.0,7.18,6913.7,10120.55,0.0,9413.7,6586.3,0.0,4329.078777580746
1731069843.8,20.5,1.121,0.0,1.82,6913.8,10120.7,0.0,9413.8,6586.2,0.0,4329.282879415481
1731069844.3,19.8,1.203,0.0,2.51,6913.9,10120.85,0.0,9413.9,6586.1,0.0,4329.486986064284
1731069844.8,19.9,1.064,0.0,1.83,6914.0,10121.0,0.0,9414.0,6586.0,0.0,4329.691097526474
1731069845.3,19.8,0.9,0.0,1.65,6914.1,10121.15,0.0,9414.1,6585.9,0.0,4329.895213801368
1731069845.8,20.5,0.727,0.0,2.81,6914.2,10121.3,0.0,9414.2,6585.8,0.0,4330.0993348882885
1731069846.3,19.8,0.784,0.0,1.63,6914.3,10121.45,0.0,9414.3,6585.7,0.0,4330.303460786553
1731069846.8,19.8,0.949,0.0,1.52,6914.4,10121.6,0.0,9414.4,6585.6,0.0,4330.507591495482
1731069847.3,19.8,0.887,0.0,3.01,6914.5,10121.75,0.0,9414.5,6585.5,0.0,4330.7117270143945
1731069847.8,19.8,1.003,0.0,6.46,6914.6,10121.9,0.0,9414.6,6585.4,0.0,4330.915867342611
1731069848.3,20.5,0.846,0.0,2.05,6914.7,10122.05,0.0,9414.7,6585.3,0.0,4331.120012479451
1731069848.8,19.8,1.233,0.0,3.21,6914.8,10122.2,0.0,9414.8,6585.2,0.0,4331.324162424235
1731069849.3,19.8,0.857,0.0,1.57,6914.9,10122.35,0.0,9414.9,6585.1,0.0,4331.528317176283
1731069849.8,19.8,1.087,0.0,1.72,6915.0,10122.5,0.0,9415.0,6585.0,0.0,4331.732476734915
1731069850.3,20.5,1.097,0.0,3.06,6915.1,10122.65,0.0,9415.1,6584.9,0.0,4331.936641099452
1731069850.8,19.8,1.032,0.0,2.06,6915.2,10122.8,0.0,9415.2,6584.8,0.0,4332.140810269214
1731069851.3,19.8,1.926,0.0,1.98,6915.3,10122.95,0.0,9415.3,6584.7,0.0,4332.344984243522
1731069851.8,19.8,1.284,0.0,1.68,6915.4,10123.1,0.0,9415.4,6584.6,0.0,4332.549163021697
1731069852.3,20.5,1.179,0.0,5.37,6915.5,10123.25,0.0,9415.5,6584.5,0.0,4332.753346603058
1731069852.8,19.8,1.373,0.0,1.81,6915.6,10123.4,0.0,9415.6,6584.4,0.0,4332.957534986928
1731069853.3,19.8,1.164,0.0,1.8,6915.7,10123.55,0.0,9415.7,6584.3,0.0,4333.1617281726285
1731069853.8,19.8,0.62,0.0,3.58,6915.8,10123.7,0.0,9415.8,6584.2,0.0,4333.365926159479
1731069854.3,20.5,0.621,0.0,3.3,6915.9,10123.85,0.0,9415.9,6584.1,0.0,4333.570128946802
1731069854.8,19.8,0.657,0.0,3.47,6916.0,10124.0,0.0,9416.0,6584.0,0.0,4333.774336533917
1731069855.3,19.8,0.966,0.0,2.76,6916.1,10124.15,0.0,9416.1,6583.9,0.0,4333.978548920149
1731069855.8,19.9,1.114,0.0,1.73,6916.2,10124.3,0.0,9416.2,6583.8,0.0,4334.182766104816
1731069856.3,20.5,0.726,0.0,1.51,6916.3,10124.45,0.0,9416.3,6583.7,0.0,4334.386988087243
1731069856.8,19.8,0.653,0.0,2.97,6916.4,10124.6,0.0,9416.4,6583.6,0.0,4334.591214866749
1731069857.3,19.8,0.855,0.0,9.56,6916.5,10124.75,0.0,9416.5,6583.5,0.0,4334.7954464426575
1731069857.8,19.8,0.772,0.0,1.94,6916.6,10124.9,0.0,9416.6,6583.4,0.0,4334.99968281429
1731069858.3,20.5,0.827,0.0,2.75,6916.7,10125.05,0.0,9416.7,6583.3,0.0,4335.20392398097
1731069858.8,19.8,0.638,0.0,1.7,6916.8,10125.2,0.0,9416.8,6583.2,0.0,4335.4081699420185
1731069859.3,19.8,0.607,0.0,1.77,6916.9,10125.35,0.0,9416.9,6583.1,0.0,4335.612420696758
1731069859.8,20.5,0.693,0.0,3.72,6917.0,10125.5,0.0,9417.0,6583.0,0.0,4335.816676244511
1731069860.3,19.8,0.753,0.0,1.68,6917.1,10125.65,0.0,9417.1,6582.9,0.0,4336.020936584601
1731069860.8,19.9,0.674,0.0,1.69,6917.2,10125.8,0.0,9417.2,6582.8,0.0,4336.22520171635
1731069861.3,19.8,0.763,0.0,4.16,6917.3,10125.95,0.0,9417.3,6582.7,0.0,4336.429471639081
1731069861.8,20.5,0.881,0.0,11.5,6917.4,10126.1,0.0,9417.4,6582.6,0.0,4336.633746352118
1731069862.3,19.8,0.95,0.0,3.31,6917.5,10126.25,0.0,9417.5,6582.5,0.0,4336.838025854781
1731069862.8,19.8,0.927,0.0,1.76,6917.6,10126.4,0.0,9417.6,6582.4,0.0,4337.0423101463975
1731069863.3,19.8,0.992,0.0,2.78,6917.7,10126.55,0.0,9417.7,6582.3,0.0,4337.246599226288
1731069863.8,19.8,0.893,0.0,2.01,6917.8,10126.7,0.0,9417.8,6582.2,0.0,4337.450893093776
1731069864.3,20.5,0.988,0.0,1.66,6917.9,10126.85,0.0,9417.9,6582.1,0.0,4337.655191748187
1731069864.8,19.8,1.191,0.0,2.7,6918.0,10127.0,0.0,9418.0,6582.0,0.0,4337.859495188843
1731069865.3,19.9,1.155,0.0,1.72,6918.1,10127.15,0.0,9418.1,6581.9,0.0,4338.063803415067
1731069865.8,20.5,1.347,0.0,1.49,6918.2,10127.3,0.0,9418.2,6581.8,0.0,4338.268116426185
1731069866.3,19.8,0.921,0.0,4.04,6918.3,10127.45,0.0,9418.3,6581.7,0.0,4338.4724342215195
1731069866.8,19.9,0.807,0.0,1.94,6918.4,10127.6,0.0,9418.4,6581.6,0.0,4338.676756800396
1731069867.3,19.8,0.909,0.0,1.78,6918.5,10127.75,0.0,9418.5,6581.5,0.0,4338.881084162137
1731069867.8,20.5,1.023,0.0,3.53,6918.6,10127.9,0.0,9418.6,6581.4,0.0,4339.085416306068
1731069868.3,19.8,0.861,0.0,1.74,6918.7,10128.05,0.0,9418.7,6581.3,0.0,4339.289753231513
1731069868.8,19.8,0.873,0.0,1.95,6918.8,10128.2,0.0,9418.8,6581.2,0.0,4339.494094937796
1731069869.3,19.9,1.062,0.0,3.39,6918.9,10128.35,0.0,9418.9,6581.1,0.0,4339.698441424242
1731069869.8,19.8,0.916,0.0,2.11,6919.0,10128.5,0.0,9419.0,6581.0,0.0,4339.902792690177
1731069870.3,20.5,0.961,0.0,1.77,6919.1,10128.65,0.0,9419.1,6580.9,0.0,4340.1071487349245
1731069870.8,19.8,1.343,0.0,2.11,6919.2,10128.8,0.0,9419.2,6580.8,0.0,4340.3115095578105
1731069871.3,19.9,1.042,0.0,9.27,6919.3,10128.95,0.0,9419.3,6580.7,0.0,4340.515875158159
1731069871.8,20.5,1.039,0.0,1.73,6919.4,10129.1,0.0,9419.4,6580.6,0.0,4340.720245535296
1731069872.3,19.8,1.061,0.0,1.56,6919.5,10129.25,0.0,9419.5,6580.5,0.0,4340.924620688546
1731069872.8,19.8,1.074,0.0,1.74,6919.6,10129.4,0.0,9419.6,6580.4,0.0,4341.129000617236
1731069873.3,19.8,1.224,0.0,1.66,6919.7,10129.55,0.0,9419.7,6580.3,0.0,4341.33338532069
1731069873.8,19.8,1.105,0.0,2.11,6919.8,10129.7,0.0,9419.8,6580.2,0.0,4341.537774798234
1731069874.3,20.5,1.295,0.0,1.91,6919.9,10129.85,0.0,9419.9,6580.1,0.0,4341.742169049194
1731069874.8,12.2,10.429,0.05,4.19,6920.0,10130.0,0.0,9420.0,6580.0,0.0,4341.946568072896
1731069875.3,23.7,3.509,0.119,1.57,6920.1,10130.15,0.0,9420.1,6579.9,0.0,4342.150971868666
1731069875.8,20.5,0.935,0.0,5.49,6920.2,10130.3,0.0,9420.2,6579.8,0.0,4342.35538043583
1731069876.3,19.8,0.626,0.0,1.66,6920.3,10130.45,0.0,9420.3,6579.7,0.0,4342.559793773714
1731069876.8,19.8,0.425,0.0,1.67,6920.4,10130.6,0.0,9420.4,6579.6,0.0,4342.764211881645
1731069877.3,19.9,0.681,0.0,3.34,6920.5,10130.75,0.0,9420.5,6579.5,0.0,4342.968634758948
1731069877.8,19.8,1.04,0.0,1.74,6920.6,10130.9,0.0,9420.6,6579.4,0.0,4343.1730624049505
1731069878.3,20.5,0.578,0.0,1.84,6920.7,10131.05,0.0,9420.7,6579.3,0.0,4343.37749481898
1731069878.8,19.8,0.88,0.0,2.805,6920.8,10131.2,0.0,9420.8,6579.2,0.0,4343.581932000362
1731069879.3,19.8,0.781,0.0,3.77,6920.9,10131.35,0.0,9420.9,6579.1,0.0,4343.786373948425
1731069879.8,20.5,0.622,0.0,2.855,6921.0,10131.5,0.0,9421.0,6579.0,0.0,4343.990820662493
1731069880.3,19.8,0.641,0.0,1.94,6921.1,10131.65,0.0,9421.1,6578.9,0.0,4344.195272141896
1731069880.8,19.8,0.739,0.0,3.32,6921.2,10131.8,0.0,9421.2,6578.8,0.0,4344.39972838596
1731069881.3,19.9,0.738,0.0,7.27,6921.3,10131.95,0.0,9421.3,6578.7,0.0,4344.604189394012
1731069881.8,19.8,0.64,0.0,1.74,6921.4,10132.1,0.0,9421.4,6578.6,0.0,4344.8086551653805
1731069882.3,20.5,0.843,0.0,2.09,6921.5,10132.25,0.0,9421.5,6578.5,0.0,4345.013125699392
1731069882.8,19.8,0.857,0.0,1.73,6921.6,10132.4,0.0,9421.6,6578.4,0.0,4345.217600995375
1731069883.3,19.8,1.038,0.0,1.71,6921.7,10132.55,0.0,9421.7,6578.3,0.0,4345.422081052657
1731069883.8,19.9,0.936,0.0,1.64,6921.8,10132.7,0.0,9421.8,6578.2,0.0,4345.626565870565
1731069884.3,20.5,0.806,0.0,1.63,6921.9,10132.85,0.0,9421.9,6578.1,0.0,4345.831055448428
1731069884.8,19.8,1.028,0.0,1.8,6922.0,10133.0,0.0,9422.0,6578.0,0.0,4346.035549785574
1731069885.3,19.8,0.83,0.0,1.54,6922.1,10133.15,0.0,9422.1,6577.9,0.0,4346.240048881332
1731069885.8,19.9,1.051,0.0,8.42,6922.2,10133.3,0.0,9422.2,6577.8,0.0,4346.444552735028
1731069886.3,20.5,1.049,0.0,1.71,6922.3,10133.45,0.0,9422.3,6577.7,0.0,4346.649061345993
1731069886.8,19.8,1.015,0.0,1.61,6922.4,10133.6,0.0,9422.4,6577.6,0.0,4346.853574713554
1731069887.3,19.8,0.968,0.0,2.11,6922.5,10133.75,0.0,9422.5,6577.5,0.0,4347.05809283704
1731069887.8,19.9,0.805,0.0,2.7,6922.6,10133.9,0.0,9422.6,6577.4,0.0,4347.262615715779
1731069888.3,20.5,0.887,0.0,2.18,6922.7,10134.05,0.0,9422.7,6577.3,0.0,4347.467143349102
1731069888.8,19.8,1.057,0.0,3.55,6922.8,10134.2,0.0,9422.8,6577.2,0.0,4347.671675736336
1731069889.3,19.8,0.982,0.0,2.39,6922.9,10134.35,0.0,9422.9,6577.1,0.0,4347.876212876811
1731069889.8,19.8,1.089,0.0,2.24,6923.0,10134.5,0.0,9423.0,6577.0,0.0,4348.080754769856
1731069890.3,20.5,1.008,0.0,5.52,6923.1,10134.65,0.0,9423.1,6576.9,0.0,4348.2853014148
1731069890.8,19.8,1.062,0.0,1.7,6923.2,10134.8,0.0,9423.2,6576.8,0.0,4348.489852810973
1731069891.3,19.8,1.207,0.0,2.5,6923.3,10134.95,0.0,9423.3,6576.7,0.0,4348.694408957705
1731069891.8,20.5,1.09,0.0,3.14,6923.4,10135.1,0.0,9423.4,6576.6,0.0,4348.898969854324
1731069892.3,19.8,0.974,0.0,1.91,6923.5,10135.25,0.0,9423.5,6576.5,0.0,4349.103535500161
1731069892.8,19.8,0.962,0.0,2.06,6923.6,10135.4,0.0,9423.6,6576.4,0.0,4349.308105894545
1731069893.3,19.8,1.251,0.0,1.69,6923.7,10135.55,0.0,9423.7,6576.3,0.0,4349.512681036807
1731069893.8,19.8,1.192,0.0,1.82,6923.8,10135.7,0.0,9423.8,6576.2,0.0,4349.717260926278
1731069894.3,20.5,1.701,0.0,1.7,6923.9,10135.85,0.0,9423.9,6576.1,0.0,4349.921845562286
1731069894.8,19.8,1.418,0.0,1.63,6924.0,10136.0,0.0,9424.0,6576.0,0.0,4350.126434944162
1731069895.3,19.8,1.187,0.0,9.4,6924.1,10136.15,0.0,9424.1,6575.9,0.0,4350.331029071236
1731069895.8,19.8,0.997,0.0,1.75,6924.2,10136.3,0.0,9424.2,6575.8,0.0,4350.53562794284
1731069896.3,19.8,0.545,0.0,1.54,6924.3,10136.45,0.0,9424.3,6575.7,0.0,4350.740231558303
1731069896.8,20.5,0.56,0.0,2.63,6924.4,10136.6,0.0,9424.4,6575.6,0.0,4350.944839916958
1731069897.3,19.8,0.801,0.0,1.98,6924.5,10136.75,0.0,9424.5,6575.5,0.0,4351.1494530181335
1731069897.8,20.5,0.929,0.0,1.81,6924.6,10136.9,0.0,9424.6,6575.4,0.0,4351.354070861161
1731069898.3,19.8,0.549,0.0,3.58,6924.7,10137.05,0.0,9424.7,6575.3,0.0,4351.558693445373
1731069898.8,19.8,0.857,0.0,1.76,6924.8,10137.2,0.0,9424.8,6575.2,0.0,4351.763320770099
1731069899.3,19.8,0.739,0.0,1.81,6924.9,10137.35,0.0,9424.9,6575.1,0.0,4351.967952834671
1731069899.8,20.5,0.824,0.0,6.82,6925.0,10137.5,0.0,9425.0,6575.0,0.0,4352.172589638421
1731069900.3,19.8,0.535,0.0,1.97,6925.1,10137.65,0.0,9425.1,6574.9,0.0,4352.37723118068
1731069900.8,19.8,0.753,0.0,2.07,6925.2,10137.8,0.0,9425.2,6574.8,0.0,4352.581877460779
1731069901.3,19.8,0.732,0.0,1.81,6925.3,10137.95,0.0,9425.3,6574.7,0.0,4352.786528478051
1731069901.8,19.9,0.703,0.0,1.58,6925.4,10138.1,0.0,9425.4,6574.6,0.0,4352.991184231827
1731069902.3,20.5,0.769,0.0,4.02,6925.5,10138.25,0.0,9425.5,6574.5,0.0,4353.195844721438
1731069902.8,19.9,0.677,0.0,1.91,6925.6,10138.4,0.0,9425.6,6574.4,0.0,4353.400509946219
1731069903.3,19.8,0.92,0.0,1.62,6925.7,10138.55,0.0,9425.7,6574.3,0.0,4353.6051799055
1731069903.8,20.5,0.718,0.0,1.97,6925.8,10138.7,0.0,9425.8,6574.2,0.0,4353.809854598613
1731069904.3,19.9,0.871,0.0,1.79,6925.9,10138.85,0.0,9425.9,6574.1,0.0,4354.014534024892
1731069904.8,19.8,0.727,0.0,1.72,6926.0,10139.0,0.0,9426.0,6574.0,0.0,4354.219218183669
1731069905.3,19.8,0.866,0.0,1.75,6926.1,10139.15,0.0,9426.1,6573.9,0.0,4354.423907074276
1731069905.8,19.8,1.032,0.0,2.08,6926.2,10139.3,0.0,9426.2,6573.8,0.0,4354.628600696045
1731069906.3,20.5,0.767,0.0,1.68,6926.3,10139.45,0.0,9426.3,6573.7,0.0,4354.833299048311
1731069906.8,19.8,0.947,0.0,2.05,6926.4,10139.6,0.0,9426.4,6573.6,0.0,4355.038002130406
1731069907.3,19.9,1.067,0.0,1.69,6926.5,10139.75,0.0,9426.5,6573.5,0.0,4355.242709941663
1731069907.8,20.5,1.106,0.0,2.26,6926.6,10139.9,0.0,9426.6,6573.4,0.0,4355.447422481415
1731069908.3,19.8,0.944,0.0,1.81,6926.7,10140.05,0.0,9426.7,6573.3,0.0,4355.652139748995
1731069908.8,19.8,0.957,0.0,1.71,6926.8,10140.2,0.0,9426.8,6573.2,0.0,4355.856861743738
1731069909.3,19.8,0.754,0.0,10.9,6926.9,10140.35,0.0,9426.9,6573.1,0.0,4356.061588464975
1731069909.8,19.8,0.912,0.0,2.2,6927.0,10140.5,0.0,9427.0,6573.0,0.0,4356.266319912042
1731069910.3,20.5,0.823,0.0,2.75,6927.1,10140.65,0.0,9427.1,6572.9,0.0,4356.4710560842705
1731069910.8,19.8,0.707,0.0,4.23,6927.2,10140.8,0.0,9427.2,6572.8,0.0,4356.675796980996
1731069911.3,19.8,1.139,0.0,2.1,6927.3,10140.95,0.0,9427.3,6572.7,0.0,4356.880542601552
1731069911.8,20.5,1.803,0.0,2.23,6927.4,10141.1,0.0,9427.4,6572.6,0.0,4357.085292945274
1731069912.3,19.8,1.185,0.0,1.87,6927.5,10141.25,0.0,9427.5,6572.5,0.0,4357.290048011493
1731069912.8,19.9,1.118,0.0,1.95,6927.6,10141.4,0.0,9427.6,6572.4,0.0,4357.494807799546
1731069913.3,19.8,0.998,0.0,2.39,6927.7,10141.55,0.0,9427.7,6572.3,0.0,4357.699572308766
1731069913.8,20.5,0.919,0.0,7.3,6927.8,10141.7,0.0,9427.8,6572.2,0.0,4357.904341538488
1731069914.3,19.8,0.896,0.0,2.89,6927.9,10141.85,0.0,9427.9,6572.1,0.0,4358.109115488046
1731069914.8,19.8,1.067,0.0,4.09,6928.0,10142.0,0.0,9428.0,6572.0,0.0,4358.313894156776
1731069915.3,19.8,1.501,0.0,1.78,6928.1,10142.15,0.0,9428.1,6571.9,0.0,4358.518677544012
1731069915.8,19.8,1.183,0.0,3.75,6928.2,10142.3,0.0,9428.2,6571.8,0.0,4358.723465649088
1731069916.3,20.5,1.112,0.0,1.65,6928.3,10142.45,0.0,9428.3,6571.7,0.0,4358.928258471341
1731069916.8,19.8,1.316,0.0,1.86,6928.4,10142.6,0.0,9428.4,6571.6,0.0,4359.133056010105
1731069917.3,19.8,0.936,0.0,3.7,6928.5,10142.75,0.0,9428.5,6571.5,0.0,4359.337858264716
1731069917.8,19.8,0.502,0.0,1.87,6928.6,10142.9,0.0,9428.6,6571.4,0.0,4359.542665234509
1731069918.3,20.5,0.521,0.0,2.25,6928.7,10143.05,0.0,9428.7,6571.3,0.0,4359.747476918818
1731069918.8,19.8,0.798,0.0,2.35,6928.8,10143.2,0.0,9428.8,6571.2,0.0,4359.952293316981
1731069919.3,19.8,0.624,0.0,1.88,6928.9,10143.35,0.0,9428.9,6571.1,0.0,4360.1571144283325
1731069919.8,20.5,0.546,0.0,1.78,6929.0,10143.5,0.0,9429.0,6571.0,0.0,4360.361940252208
1731069920.3,19.8,0.689,0.0,2.54,6929.1,10143.65,0.0,9429.1,6570.9,0.0,4360.566770787944
1731069920.8,19.8,0.669,0.0,1.69,6929.2,10143.8,0.0,9429.2,6570.8,0.0,4360.771606034877
1731069921.3,19.8,0.61,0.0,1.82,6929.3,10143.95,0.0,9429.3,6570.7,0.0,4360.976445992343
1731069921.8,19.8,0.666,0.0,1.75,6929.4,10144.1,0.0,9429.4,6570.6,0.0,4361.181290659676
1731069922.3,20.5,0.626,0.0,1.95,6929.5,10144.25,0.0,9429.5,6570.5,0.0,4361.386140036216
1731069922.8,19.8,0.746,0.0,1.7,6929.6,10144.4,0.0,9429.6,6570.4,0.0,4361.590994121297
1731069923.3,19.8,1.274,0.0,12.0,6929.7,10144.55,0.0,9429.7,6570.3,0.0,4361.795852914256
1731069923.8,19.9,0.914,0.0,2.36,6929.8,10144.7,0.0,9429.8,6570.2,0.0,4362.00071641443
1731069924.3,20.5,0.842,0.0,1.57,6929.9,10144.85,0.0,9429.9,6570.1,0.0,4362.205584621156
1731069924.8,19.8,0.781,0.0,1.74,6930.0,10145.0,0.0,9430.0,6570.0,0.0,4362.410457533771
1731069925.3,19.8,0.713,0.0,2.79,6930.1,10145.15,0.0,9430.1,6569.9,0.0,4362.61533515161
1731069925.8,20.5,0.893,0.0,2.19,6930.2,10145.3,0.0,9430.2,6569.8,0.0,4362.820217474014
1731069926.3,19.8,1.117,0.0,1.76,6930.3,10145.45,0.0,9430.3,6569.7,0.0,4363.025104500317
1731069926.8,19.8,1.046,0.0,2.96,6930.4,10145.6,0.0,9430.4,6569.6,0.0,4363.2299962298575
1731069927.3,19.8,1.082,0.0,1.73,6930.5,10145.75,0.0,9430.5,6569.5,0.0,4363.434892661972
1731069927.8,19.8,0.948,0.0,8.6,6930.6,10145.9,0.0,9430.6,6569.4,0.0,4363.639793796
1731069928.3,20.5,1.003,0.0,3.33,6930.7,10146.05,0.0,9430.7,6569.3,0.0,4363.844699631278
1731069928.8,19.8,0.889,0.0,1.81,6930.8,10146.2,0.0,9430.8,6569.2,0.0,4364.049610167144
1731069929.3,19.8,1.022,0.0,1.79,6930.9,10146.35,0.0,9430.9,6569.1,0.0,4364.2545254029355
1731069929.8,20.5,1.154,0.0,3.0,6931.0,10146.5,0.0,9431.0,6569.0,0.0,4364.4594453379905
1731069930.3,19.8,0.911,0.0,1.71,6931.1,10146.65,0.0,9431.1,6568.9,0.0,4364.664369971648
1731069930.8,19.8,0.749,0.0,1.72,6931.2,10146.8,0.0,9431.2,6568.8,0.0,4364.869299303245
1731069931.3,19.9,0.686,0.0,2.68,6931.3,10146.95,0.0,9431.3,6568.7,0.0,4365.0742333321205
1731069931.8,20.5,0.754,0.0,1.82,6931.4,10147.1,0.0,9431.4,6568.6,0.0,4365.279172057613
1731069932.3,19.8,0.886,0.0,2.79,6931.5,10147.25,0.0,9431.5,6568.5,0.0,4365.484115479061
1731069932.8,19.9,0.791,0.0,9.47,6931.6,10147.4,0.0,9431.6,6568.4,0.0,4365.689063595803
1731069933.3,19.8,0.881,0.0,1.5,6931.7,10147.55,0.0,9431.7,6568.3,0.0,4365.894016407178
1731069933.8,20.5,0.805,0.0,1.83,6931.8,10147.7,0.0,9431.8,6568.2,0.0,4366.098973912524
1731069934.3,19.8,0.927,0.0,2.18,6931.9,10147.85,0.0,9431.9,6568.1,0.0,4366.303936111182
1731069934.8,19.9,1.584,0.0,1.49,6932.0,10148.0,0.0,9432.0,6568.0,0.0,4366.508903002489
1731069935.3,19.8,1.281,0.0,2.04,6932.1,10148.15,0.0,9432.1,6567.9,0.0,4366.713874585786
1731069935.8,19.8,1.359,0.0,1.64,6932.2,10148.3,0.0,9432.2,6567.8,0.0,4366.918850860409
1731069936.3,20.5,1.187,0.0,2.22,6932.3,10148.45,0.0,9432.3,6567.7,0.0,4367.123831825702
1731069936.8,19.8,1.173,0.0,1.66,6932.4,10148.6,0.0,9432.4,6567.6,0.0,4367.328817481001
1731069937.3,19.9,1.188,0.0,8.25,6932.5,10148.75,0.0,9432.5,6567.5,0.0,4367.533807825647
1731069937.8,20.5,1.075,0.0,3.45,6932.6,10148.9,0.0,9432.6,6567.4,0.0,4367.73880285898
1731069938.3,19.8,1.201,0.0,2.78,6932.7,10149.05,0.0,9432.7,6567.3,0.0,4367.94380258034
1731069938.8,19.8,0.994,0.0,2.41,6932.8,10149.2,0.0,9432.8,6567.2,0.0,4368.148806989066
1731069939.3,19.8,0.598,0.0,3.38,6932.9,10149.35,0.0,9432.9,6567.1,0.0,4368.353816084498
1731069939.8,19.9,0.535,0.0,2.36,6933.0,10149.5,0.0,9433.0,6567.0,0.0,4368.558829865978
1731069940.3,20.5,0.628,0.0,1.69,6933.1,10149.65,0.0,9433.1,6566.9,0.0,4368.763848332844
1731069940.8,19.8,0.719,0.0,3.35,6933.2,10149.8,0.0,9433.2,6566.8,0.0,4368.968871484438
1731069941.3,19.8,1.176,0.0,1.74,6933.3,10149.95,0.0,9433.3,6566.7,0.0,4369.173899320099
1731069941.8,19.8,0.669,0.0,3.87,6933.4,10150.1,0.0,9433.4,6566.6,0.0,4369.378931839169
1731069942.3,20.5,0.609,0.0,1.76,6933.5,10150.25,0.0,9433.5,6566.5,0.0,4369.583969040988
1731069942.8,19.8,0.606,0.0,1.65,6933.6,10150.4,0.0,9433.6,6566.4,0.0,4369.789010924898
1731069943.3,19.8,0.605,0.0,1.81,6933.7,10150.55,0.0,9433.7,6566.3,0.0,4369.994057490238
1731069943.8,19.8,0.642,0.0,1.5,6933.8,10150.7,0.0,9433.8,6566.2,0.0,4370.199108736352
1731069944.3,20.5,0.793,0.0,2.12,6933.9,10150.85,0.0,9433.9,6566.1,0.0,4370.404164662577
1731069944.8,19.8,0.869,0.0,1.95,6934.0,10151.0,0.0,9434.0,6566.0,0.0,4370.609225268257
1731069945.3,19.8,0.671,0.0,1.85,6934.1,10151.15,0.0,9434.1,6565.9,0.0,4370.814290552734
1731069945.8,20.5,0.608,0.0,3.61,6934.2,10151.3,0.0,9434.2,6565.8,0.0,4371.019360515347
1731069946.3,19.8,0.916,0.0,2.21,6934.3,10151.45,0.0,9434.3,6565.7,0.0,4371.224435155441
1731069946.8,19.9,1.051,0.0,9.52,6934.4,10151.6,0.0,9434.4,6565.6,0.0,4371.429514472354
1731069947.3,19.8,0.858,0.0,3.7,6934.5,10151.75,0.0,9434.5,6565.5,0.0,4371.63459846543
1731069947.8,20.5,0.987,0.0,1.68,6934.6,10151.9,0.0,9434.6,6565.4,0.0,4371.83968713401
1731069948.3,19.9,0.978,0.0,1.87,6934.7,10152.05,0.0,9434.7,6565.3,0.0,4372.044780477437
1731069948.8,19.8,0.97,0.0,3.64,6934.8,10152.2,0.0,9434.8,6565.2,0.0,4372.249878495053
1731069949.3,19.8,0.969,0.0,1.78,6934.9,10152.35,0.0,9434.9,6565.1,0.0,4372.454981186199
1731069949.8,19.8,1.05,0.0,2.0,6935.0,10152.5,0.0,9435.0,6565.0,0.0,4372.660088550218
1731069950.3,20.5,1.071,0.0,2.51,6935.1,10152.65,0.0,9435.1,6564.9,0.0,4372.865200586453
1731069950.8,19.8,1.294,0.0,3.57,6935.2,10152.8,0.0,9435.2,6564.8,0.0,4373.070317294246
1731069951.3,19.8,0.945,0.0,7.58,6935.3,10152.95,0.0,9435.3,6564.7,0.0,4373.275438672941
1731069951.8,19.8,0.891,0.0,1.5,6935.4,10153.1,0.0,9435.4,6564.6,0.0,4373.480564721878
1731069952.3,20.5,0.783,0.0,2.79,6935.5,10153.25,0.0,9435.5,6564.5,0.0,4373.685695440403
1731069952.8,19.8,0.933,0.0,1.83,6935.6,10153.4,0.0,9435.6,6564.4,0.0,4373.890830827857
1731069953.3,19.8,0.869,0.0,1.45,6935.7,10153.55,0.0,9435.7,6564.3,0.0,4374.0959708835835
1731069953.8,19.9,0.901,0.0,3.75,6935.8,10153.7,0.0,9435.8,6564.2,0.0,4374.301115606927
1731069954.3,20.5,0.839,0.0,1.95,6935.9,10153.85,0.0,9435.9,6564.1,0.0,4374.506264997228
1731069954.8,19.8,0.766,0.0,1.89,6936.0,10154.0,0.0,9436.0,6564.0,0.0,4374.711419053833
1731069955.3,19.8,0.911,0.0,3.74,6936.1,10154.15,0.0,9436.1,6563.9,0.0,4374.916577776084
1731069955.8,20.5,0.854,0.0,6.0,6936.2,10154.3,0.0,9436.2,6563.8,0.0,4375.121741163324
1731069956.3,19.8,0.979,0.0,1.68,6936.3,10154.45,0.0,9436.3,6563.7,0.0,4375.326909214899
1731069956.8,19.8,1.013,0.0,1.71,6936.4,10154.6,0.0,9436.4,6563.6,0.0,4375.5320819301505
1731069957.3,19.8,1.047,0.0,1.88,6936.5,10154.75,0.0,9436.5,6563.5,0.0,4375.737259308425
1731069957.8,20.5,1.075,0.0,1.74,6936.6,10154.9,0.0,9436.6,6563.4,0.0,4375.942441349063
1731069958.3,19.9,1.467,0.0,1.76,6936.7,10155.05,0.0,9436.7,6563.3,0.0,4376.147628051412
1731069958.8,19.8,1.212,0.0,1.61,6936.8,10155.2,0.0,9436.8,6563.2,0.0,4376.352819414816
1731069959.3,19.8,1.384,0.0,1.84,6936.9,10155.35,0.0,9436.9,6563.1,0.0,4376.558015438616
1731069959.8,20.5,1.426,0.0,2.5,6937.0,10155.5,0.0,9437.0,6563.0,0.0,4376.763216122161
1731069960.3,19.2,0.92,0.0,1.63,6937.1,10155.65,0.0,9437.1,6562.9,0.0,4376.968421464793
1731069960.8,20.5,0.757,0.0,11.3,6937.2,10155.8,0.0,9437.2,6562.8,0.0,4377.1736314658565
1731069961.3,19.8,0.517,0.0,1.75,6937.3,10155.95,0.0,9437.3,6562.7,0.0,4377.3788461246995
1731069961.8,19.8,0.827,0.0,1.48,6937.4,10156.1,0.0,9437.4,6562.6,0.0,4377.584065440663
1731069962.3,20.5,0.674,0.0,1.79,6937.5,10156.25,0.0,9437.5,6562.5,0.0,4377.789289413094
1731069962.8,19.8,0.653,0.0,2.31,6937.6,10156.4,0.0,9437.6,6562.4,0.0,4377.994518041337
1731069963.3,19.8,0.548,0.0,1.72,6937.7,10156.55,0.0,9437.7,6562.3,0.0,4378.199751324738
1731069963.8,20.5,0.651,0.0,2.08,6937.8,10156.7,0.0,9437.8,6562.2,0.0,4378.404989262643
1731069964.3,19.8,0.715,0.0,1.72,6937.9,10156.85,0.0,9437.9,6562.1,0.0,4378.610231854395
1731069964.8,19.8,0.615,0.0,1.72,6938.0,10157.0,0.0,9438.0,6562.0,0.0,4378.815479099342
1731069965.3,19.8,0.574,0.0,4.69,6938.1,10157.15,0.0,9438.1,6561.9,0.0,4379.020730996829
1731069965.8,19.8,0.875,0.0,1.62,6938.2,10157.3,0.0,9438.2,6561.8,0.0,4379.2259875462005
1731069966.3,20.5,0.687,0.0,1.7,6938.3,10157.45,0.0,9438.3,6561.7,0.0,4379.431248746805
1731069966.8,19.8,0.807,0.0,1.77,6938.4,10157.6,0.0,9438.4,6561.6,0.0,4379.636514597986
1731069967.3,19.8,0.698,0.0,1.77,6938.5,10157.75,0.0,9438.5,6561.5,0.0,4379.841785099092
1731069967.8,19.9,0.804,0.0,1.77,6938.6,10157.9,0.0,9438.6,6561.4,0.0,4380.047060249467
1731069968.3,20.5,0.856,0.0,1.76,6938.7,10158.05,0.0,9438.7,6561.3,0.0,4380.252340048459
1731069968.8,19.9,0.897,0.0,1.55,6938.8,10158.2,0.0,9438.8,6561.2,0.0,4380.457624495414
1731069969.3,19.8,0.962,0.0,1.91,6938.9,10158.35,0.0,9438.9,6561.1,0.0,4380.662913589677
1731069969.8,19.8,1.039,0.0,1.53,6939.0,10158.5,0.0,9439.0,6561.0,0.0,4380.868207330597
1731069970.3,20.5,1.119,0.0,8.64,6939.1,10158.65,0.0,9439.1,6560.9,0.0,4381.07350571752
1731069970.8,19.9,1.009,0.0,2.88,6939.2,10158.8,0.0,9439.2,6560.8,0.0,4381.278808749792
1731069971.3,19.8,1.362,0.0,1.75,6939.3,10158.95,0.0,9439.3,6560.7,0.0,4381.484116426762
1731069971.8,19.8,1.077,0.0,2.0,6939.4,10159.1,0.0,9439.4,6560.6,0.0,4381.689428747774
1731069972.3,20.5,1.172,0.0,4.16,6939.5,10159.25,0.0,9439.5,6560.5,0.0,4381.8947457121785
1731069972.8,19.8,0.994,0.0,2.25,6939.6,10159.4,0.0,9439.6,6560.4,0.0,4382.100067319321
1731069973.3,19.9,0.892,0.0,1.91,6939.7,10159.55,0.0,9439.7,6560.3,0.0,4382.305393568549
1731069973.8,20.3,0.854,0.0,1.72,6939.8,10159.7,0.0,9439.8,6560.2,0.0,4382.510724459212
1731069974.3,20.0,0.815,0.0,1.9,6939.9,10159.85,0.0,9439.9,6560.1,0.0,4382.716059990654
1731069974.8,19.8,0.809,0.0,6.18,6940.0,10160.0,0.0,9440.0,6560.0,0.0,4382.921400162225
1731069975.3,12.8,7.773,0.355,1.34,6940.1,10160.15,0.0,9440.1,6559.9,0.0,4383.126744973273
1731069975.8,19.8,1.914,0.0,1.8,6940.2,10160.3,0.0,9440.2,6559.8,0.0,4383.3320944231455
1731069976.3,20.5,1.103,0.0,1.88,6940.3,10160.45,0.0,9440.3,6559.7,0.0,4383.5374485111915
1731069976.8,19.8,1.083,0.0,1.78,6940.4,10160.6,0.0,9440.4,6559.6,0.0,4383.742807236757
1731069977.3,18.6,1.116,0.0,2.05,6940.5,10160.75,0.0,9440.5,6559.5,0.0,4383.948170599192
1731069977.8,19.8,3.239,0.088,1.64,6940.6,10160.9,0.0,9440.6,6559.4,0.0,4384.153538597844
1731069978.3,19.8,1.28,0.0,1.61,6940.7,10161.05,0.0,9440.7,6559.3,0.0,4384.358911232062
1731069978.8,19.8,1.027,0.0,3.11,6940.8,10161.2,0.0,9440.8,6559.2,0.0,4384.564288501197
1731069979.3,19.8,1.133,0.0,4.99,6940.9,10161.35,0.0,9440.9,6559.1,0.0,4384.769670404593
1731069979.8,19.8,1.02,0.0,1.99,6941.0,10161.5,0.0,9441.0,6559.0,0.0,4384.975056941601
1731069980.3,20.5,1.108,0.0,2.32,6941.1,10161.65,0.0,9441.1,6558.9,0.0,4385.180448111571
1731069980.8,19.8,1.523,0.0,1.54,6941.2,10161.8,0.0,9441.2,6558.8,0.0,4385.38584391385
1731069981.3,19.8,0.836,0.0,2.35,6941.3,10161.95,0.0,9441.3,6558.7,0.0,4385.591244347791
1731069981.8,19.8,0.632,0.0,1.89,6941.4,10162.1,0.0,9441.4,6558.6,0.0,4385.796649412738
1731069982.3,20.5,0.617,0.0,1.82,6941.5,10162.25,0.0,9441.5,6558.5,0.0,4386.002059108044
1731069982.8,19.8,0.558,0.0,1.8,6941.6,10162.4,0.0,9441.6,6558.4,0.0,4386.207473433057
1731069983.3,19.8,0.775,0.0,1.53,6941.7,10162.55,0.0,9441.7,6558.3,0.0,4386.412892387127
1731069983.8,20.5,0.625,0.0,2.08,6941.8,10162.7,0.0,9441.8,6558.2,0.0,4386.618315969604
1731069984.3,19.8,0.721,0.0,6.98,6941.9,10162.85,0.0,9441.9,6558.1,0.0,4386.8237441798365
1731069984.8,19.8,0.729,0.0,1.71,6942.0,10163.0,0.0,9442.0,6558.0,0.0,4387.029177017176
1731069985.3,19.8,0.7,0.0,2.02,6942.1,10163.15,0.0,9442.1,6557.9,0.0,4387.234614480972
1731069985.8,19.9,0.581,0.0,1.49,6942.2,10163.3,0.0,9442.2,6557.8,0.0,4387.440056570574
1731069986.3,20.5,0.657,0.0,1.45,6942.3,10163.45,0.0,9442.3,6557.7,0.0,4387.645503285333
1731069986.8,19.9,0.585,0.0,3.38,6942.4,10163.6,0.0,9442.4,6557.6,0.0,4387.850954624599
1731069987.3,19.8,0.651,0.0,1.77,6942.5,10163.75,0.0,9442.5,6557.5,0.0,4388.056410587722
1731069987.8,19.9,0.826,0.0,1.82,6942.6,10163.9,0.0,9442.6,6557.4,0.0,4388.261871174053
1731069988.3,20.5,0.681,0.0,3.45,6942.7,10164.05,0.0,9442.7,6557.3,0.0,4388.467336382942
1731069988.8,19.8,0.831,0.0,6.4,6942.8,10164.2,0.0,9442.8,6557.2,0.0,4388.672806213743
1731069989.3,19.8,0.903,0.0,1.88,6942.9,10164.35,0.0,9442.9,6557.1,0.0,4388.878280665801
1731069989.8,19.8,0.819,0.0,3.75,6943.0,10164.5,0.0,9443.0,6557.0,0.0,4389.083759738472
1731069990.3,20.5,0.791,0.0,2.04,6943.1,10164.65,0.0,9443.1,6556.9,0.0,4389.289243431105
1731069990.8,19.8,0.706,0.0,1.96,6943.2,10164.8,0.0,9443.2,6556.8,0.0,4389.494731743051
1731069991.3,19.8,0.881,0.0,3.88,6943.3,10164.95,0.0,9443.3,6556.7,0.0,4389.700224673663
1731069991.8,19.8,1.161,0.0,1.7,6943.4,10165.1,0.0,9443.4,6556.6,0.0,4389.905722222289
1731069992.3,20.5,1.062,0.0,1.87,6943.5,10165.25,0.0,9443.5,6556.5,0.0,4390.111224388284
1731069992.8,19.9,0.989,0.0,1.58,6943.6,10165.4,0.0,9443.6,6556.4,0.0,4390.3167311709985
1731069993.3,19.8,1.028,0.0,5.07,6943.7,10165.55,0.0,9443.7,6556.3,0.0,4390.522242569783
1731069993.8,19.9,0.788,0.0,1.61,6943.8,10165.7,0.0,9443.8,6556.2,0.0,4390.727758583992
1731069994.3,20.5,0.778,0.0,1.73,6943.9,10165.85,0.0,9443.9,6556.1,0.0,4390.9332792129735
1731069994.8,19.8,0.861,0.0,2.57,6944.0,10166.0,0.0,9444.0,6556.0,0.0,4391.138804456084
1731069995.3,19.8,0.763,0.0,1.77,6944.1,10166.15,0.0,9444.1,6555.9,0.0,4391.344334312672
1731069995.8,20.5,1.02,0.0,1.48,6944.2,10166.3,0.0,9444.2,6555.8,0.0,4391.549868782091
1731069996.3,19.8,1.082,0.0,3.02,6944.3,10166.45,0.0,9444.3,6555.7,0.0,4391.755407863694
1731069996.8,19.8,1.101,0.0,1.8,6944.4,10166.6,0.0,9444.4,6555.6,0.0,4391.960951556833
1731069997.3,19.8,1.004,0.0,2.0,6944.5,10166.75,0.0,9444.5,6555.5,0.0,4392.16649986086
1731069997.8,19.8,0.902,0.0,2.38,6944.6,10166.9,0.0,9444.6,6555.4,0.0,4392.372052775129
1731069998.3,20.5,1.104,0.0,1.66,6944.7,10167.05,0.0,9444.7,6555.3,0.0,4392.577610298991
1731069998.8,19.8,1.2,0.0,1.66,6944.8,10167.2,0.0,9444.8,6555.2,0.0,4392.783172431802
1731069999.3,19.8,1.057,0.0,1.89,6944.9,10167.35,0.0,9444.9,6555.1,0.0,4392.988739172911
1731069999.8,19.8,1.346,0.0,1.93,6945.0,10167.5,0.0,9445.0,6555.0,0.0,4393.194310521673
1731070000.3,20.5,1.261,0.0,1.63,6945.1,10167.65,0.0,9445.1,6554.9,0.0,4393.399886477442
1731070000.8,19.8,1.252,0.0,7.09,6945.2,10167.8,0.0,9445.2,6554.8,0.0,4393.60546703957
1731070001.3,19.8,1.487,0.0,3.02,6945.3,10167.95,0.0,9445.3,6554.7,0.0,4393.811052207412
1731070001.8,19.9,1.205,0.0,1.97,6945.4,10168.1,0.0,9445.4,6554.6,0.0,4394.016641980319
1731070002.3,20.5,1.263,0.0,1.9,6945.5,10168.25,0.0,9445.5,6554.5,0.0,4394.222236357647
1731070002.8,19.8,1.069,0.0,11.0,6945.6,10168.4,0.0,9445.6,6554.4,0.0,4394.427835338749
1731070003.3,19.8,0.762,0.0,1.65,6945.7,10168.55,0.0,9445.7,6554.3,0.0,4394.633438922978
1731070003.8,19.8,0.627,0.0,2.17,6945.8,10168.7,0.0,9445.8,6554.2,0.0,4394.839047109689
1731070004.3,20.5,0.602,0.0,1.81,6945.9,10168.85,0.0,9445.9,6554.1,0.0,4395.044659898236
1731070004.8,19.8,0.735,0.0,1.6,6946.0,10169.0,0.0,9446.0,6554.0,0.0,4395.2502772879725
1731070005.3,19.8,0.693,0.0,2.04,6946.1,10169.15,0.0,9446.1,6553.9,0.0,4395.455899278253
1731070005.8,19.8,1.159,0.0,1.82,6946.2,10169.3,0.0,9446.2,6553.8,0.0,4395.661525868432
1731070006.3,20.5,0.803,0.0,1.63,6946.3,10169.45,0.0,9446.3,6553.7,0.0,4395.867157057866
1731070006.8,19.8,0.802,0.0,1.71,6946.4,10169.6,0.0,9446.4,6553.6,0.0,4396.0727928459055
1731070007.3,19.8,0.625,0.0,5.4,6946.5,10169.75,0.0,9446.5,6553.5,0.0,4396.278433231908
1731070007.8,20.5,0.898,0.0,1.88,6946.6,10169.9,0.0,9446.6,6553.4,0.0,4396.484078215228
1731070008.3,19.8,0.815,0.0,1.74,6946.7,10170.05,0.0,9446.7,6553.3,0.0,4396.689727795219
1731070008.8,19.8,0.633,0.0,1.46,6946.8,10170.2,0.0,9446.8,6553.2,0.0,4396.895381971239
1731070009.3,19.8,0.733,0.0,1.91,6946.9,10170.35,0.0,9446.9,6553.1,0.0,4397.101040742639
1731070009.8,19.8,0.755,0.0,1.88,6947.0,10170.5,0.0,9447.0,6553.0,0.0,4397.306704108778
1731070010.3,20.5,0.987,0.0,1.52,6947.1,10170.65,0.0,9447.1,6552.9,0.0,4397.512372069009
1731070010.8,19.8,0.94,0.0,2.8,6947.2,10170.8,0.0,9447.2,6552.8,0.0,4397.718044622688
1731070011.3,19.8,0.759,0.0,2.14,6947.3,10170.95,0.0,9447.3,6552.7,0.0,4397.923721769172
1731070011.8,19.9,0.881,0.0,1.54,6947.4,10171.1,0.0,9447.4,6552.6,0.0,4398.1294035078145
1731070012.3,20.5,0.993,0.0,9.97,6947.5,10171.25,0.0,9447.5,6552.5,0.0,4398.335089837972
1731070012.8,19.9,0.827,0.0,2.23,6947.6,10171.4,0.0,9447.6,6552.4,0.0,4398.540780759001
1731070013.3,19.8,0.894,0.0,2.1,6947.7,10171.55,0.0,9447.7,6552.3,0.0,4398.746476270257
1731070013.8,19.8,0.822,0.0,2.23,6947.8,10171.7,0.0,9447.8,6552.2,0.0,4398.952176371096
1731070014.3,20.5,1.118,0.0,1.55,6947.9,10171.85,0.0,9447.9,6552.1,0.0,4399.157881060874
1731070014.8,19.8,0.853,0.0,1.77,6948.0,10172.0,0.0,9448.0,6552.0,0.0,4399.363590338948
1731070015.3,19.8,0.732,0.0,2.12,6948.1,10172.15,0.0,9448.1,6551.9,0.0,4399.569304204674
1731070015.8,19.9,1.059,0.0,2.78,6948.2,10172.3,0.0,9448.2,6551.8,0.0,4399.775022657408
1731070016.3,20.5,0.801,0.0,2.48,6948.3,10172.45,0.0,9448.3,6551.7,0.0,4399.980745696508
1731070016.8,19.8,0.849,0.0,9.99,6948.4,10172.6,0.0,9448.4,6551.6,0.0,4400.18647332133
1731070017.3,19.8,0.795,0.0,3.81,6948.5,10172.75,0.0,9448.5,6551.5,0.0,4400.39220553123
1731070017.8,19.9,0.901,0.0,1.83,6948.6,10172.9,0.0,9448.6,6551.4,0.0,4400.597942325566
1731070018.3,20.5,1.028,0.0,1.81,6948.7,10173.05,0.0,9448.7,6551.3,0.0,4400.803683703693
1731070018.8,19.8,0.784,0.0,3.4,6948.8,10173.2,0.0,9448.8,6551.2,0.0,4401.009429664972
1731070019.3,19.8,1.066,0.0,1.62,6948.9,10173.35,0.0,9448.9,6551.1,0.0,4401.2151802087565
1731070019.8,19.8,1.251,0.0,1.94,6949.0,10173.5,0.0,9449.0,6551.0,0.0,4401.420935334407
1731070020.3,20.5,1.306,0.0,1.73,6949.1,10173.65,0.0,9449.1,6550.9,0.0,4401.626695041277
1731070020.8,19.8,0.931,0.0,1.74,6949.2,10173.8,0.0,9449.2,6550.8,0.0,4401.832459328728
1731070021.3,19.8,1.257,0.0,6.78,6949.3,10173.95,0.0,9449.3,6550.7,0.0,4402.0382281961165
1731070021.8,19.8,1.1,0.0,3.39,6949.4,10174.1,0.0,9449.4,6550.6,0.0,4402.244001642798
1731070022.3,20.5,1.243,0.0,1.92,6949.5,10174.25,0.0,9449.5,6550.5,0.0,4402.4497796681335
1731070022.8,19.8,1.263,0.0,1.73,6949.6,10174.4,0.0,9449.6,6550.4,0.0,4402.6555622714795
1731070023.3,19.9,1.232,0.0,1.96,6949.7,10174.55,0.0,9449.7,6550.3,0.0,4402.861349452194
1731070023.8,19.8,1.028,0.0,1.62,6949.8,10174.7,0.0,9449.8,6550.2,0.0,4403.067141209637
1731070024.3,19.8,0.628,0.0,1.79,6949.9,10174.85,0.0,9449.9,6550.1,0.0,4403.272937543164
1731070024.8,20.5,0.71,0.0,1.55,6950.0,10175.0,0.0,9450.0,6550.0,0.0,4403.478738452134
1731070025.3,19.8,0.638,0.0,1.82,6950.1,10175.15,0.0,9450.1,6549.9,0.0,4403.684543935908
1731070025.8,20.5,0.551,0.0,3.46,6950.2,10175.3,0.0,9450.2,6549.8,0.0,4403.890353993841
1731070026.3,19.8,0.785,0.0,1.69,6950.3,10175.45,0.0,9450.3,6549.7,0.0,4404.096168625295
1731070026.8,19.8,0.952,0.0,1.97,6950.4,10175.6,0.0,9450.4,6549.6,0.0,4404.301987829626
1731070027.3,19.8,0.797,0.0,1.74,6950.5,10175.75,0.0,9450.5,6549.5,0.0,4404.507811606196
1731070027.8,20.5,0.542,0.0,1.34,6950.6,10175.9,0.0,9450.6,6549.4,0.0,4404.7136399543615
1731070028.3,19.9,0.643,0.0,2.98,6950.7,10176.05,0.0,9450.7,6549.3,0.0,4404.919472873482
1731070028.8,19.8,0.66,0.0,2.82,6950.8,10176.2,0.0,9450.8,6549.2,0.0,4405.125310362919
1731070029.3,19.8,0.739,0.0,1.91,6950.9,10176.35,0.0,9450.9,6549.1,0.0,4405.331152422029
1731070029.8,20.5,0.875,0.0,2.45,6951.0,10176.5,0.0,9451.0,6549.0,0.0,4405.536999050172
1731070030.3,19.8,0.908,0.0,1.74,6951.1,10176.65,0.0,9451.1,6548.9,0.0,4405.742850246709
1731070030.8,19.8,0.813,0.0,10.3,6951.2,10176.8,0.0,9451.2,6548.8,0.0,4405.948706010999
1731070031.3,19.8,0.695,0.0,2.18,6951.3,10176.95,0.0,9451.3,6548.7,0.0,4406.154566342402
1731070031.8,19.8,0.925,0.0,2.33,6951.4,10177.1,0.0,9451.4,6548.6,0.0,4406.360431240277
1731070032.3,20.5,0.819,0.0,2.12,6951.5,10177.25,0.0,9451.5,6548.5,0.0,4406.566300703985
1731070032.8,19.9,0.837,0.0,1.58,6951.6,10177.4,0.0,9451.6,6548.4,0.0,4406.772174732885
1731070033.3,19.8,0.959,0.0,2.25,6951.7,10177.55,0.0,9451.7,6548.3,0.0,4406.978053326337
1731070033.8,20.5,0.772,0.0,2.16,6951.8,10177.7,0.0,9451.8,6548.2,0.0,4407.183936483705
1731070034.3,19.8,0.937,0.0,2.08,6951.9,10177.85,0.0,9451.9,6548.1,0.0,4407.389824204344
1731070034.8,19.8,1.015,0.0,3.94,6952.0,10178.0,0.0,9452.0,6548.0,0.0,4407.595716487618
1731070035.3,19.8,0.952,0.0,8.12,6952.1,10178.15,0.0,9452.1,6547.9,0.0,4407.8016133328865
1731070035.8,19.8,1.008,0.0,2.49,6952.2,10178.3,0.0,9452.2,6547.8,0.0,4408.007514739511
1731070036.3,20.5,1.122,0.0,2.75,6952.3,10178.45,0.0,9452.3,6547.7,0.0,4408.213420706852
1731070036.8,19.8,1.048,0.0,1.64,6952.4,10178.6,0.0,9452.4,6547.6,0.0,4408.419331234269
1731070037.3,19.8,0.735,0.0,1.71,6952.5,10178.75,0.0,9452.5,6547.5,0.0,4408.625246321125
1731070037.8,19.8,0.737,0.0,2.73,6952.6,10178.9,0.0,9452.6,6547.4,0.0,4408.831165966781
1731070038.3,20.5,0.833,0.0,1.59,6952.7,10179.05,0.0,9452.7,6547.3,0.0,4409.037090170596
1731070038.8,19.8,1.109,0.0,1.88,6952.8,10179.2,0.0,9452.8,6547.2,0.0,4409.243018931935
1731070039.3,19.8,0.889,0.0,1.59,6952.9,10179.35,0.0,9452.9,6547.1,0.0,4409.448952250156
1731070039.8,20.5,0.941,0.0,3.85,6953.0,10179.5,0.0,9453.0,6547.0,0.0,4409.654890124623
1731070040.3,19.8,0.927,0.0,1.76,6953.1,10179.65,0.0,9453.1,6546.9,0.0,4409.860832554697
1731070040.8,19.8,1.215,0.0,1.65,6953.2,10179.8,0.0,9453.2,6546.8,0.0,4410.066779539738
1731070041.3,19.8,1.099,0.0,3.93,6953.3,10179.95,0.0,9453.3,6546.7,0.0,4410.2727310791115
1731070041.8,19.9,1.06,0.0,1.88,6953.4,10180.1,0.0,9453.4,6546.6,0.0,4410.478687172176
1731070042.3,20.5,1.11,0.0,1.7,6953.5,10180.25,0.0,9453.5,6546.5,0.0,4410.684647818295
1731070042.8,19.8,0.973,0.0,1.86,6953.6,10180.4,0.0,9453.6,6546.4,0.0,4410.890613016832
1731070043.3,19.8,1.295,0.0,1.69,6953.7,10180.55,0.0,9453.7,6546.3,0.0,4411.096582767146
1731070043.8,19.8,1.314,0.0,1.52,6953.8,10180.7,0.0,9453.8,6546.2,0.0,4411.302557068604
1731070044.3,20.5,1.177,0.0,1.95,6953.9,10180.85,0.0,9453.9,6546.1,0.0,4411.508535920564
1731070044.8,19.8,1.145,0.0,8.27,6954.0,10181.0,0.0,9454.0,6546.0,0.0,4411.714519322391
1731070045.3,19.8,1.243,0.0,1.52,6954.1,10181.15,0.0,9454.1,6545.9,0.0,4411.9205072734485
1731070045.8,19.8,0.639,0.0,3.21,6954.2,10181.3,0.0,9454.2,6545.8,0.0,4412.126499773097
1731070046.3,20.5,0.565,0.0,1.83,6954.3,10181.45,0.0,9454.3,6545.7,0.0,4412.332496820702
1731070046.8,19.8,1.036,0.0,2.32,6954.4,10181.6,0.0,9454.4,6545.6,0.0,4412.538498415623
1731070047.3,19.8,0.61,0.0,2.6,6954.5,10181.75,0.0,9454.5,6545.5,0.0,4412.744504557226
1731070047.8,19.8,0.601,0.0,1.72,6954.6,10181.9,0.0,9454.6,6545.4,0.0,4412.950515244874
1731070048.3,20.5,0.576,0.0,1.71,6954.7,10182.05,0.0,9454.7,6545.3,0.0,4413.15653047793
1731070048.8,19.8,0.615,0.0,1.79,6954.8,10182.2,0.0,9454.8,6545.2,0.0,4413.362550255758
1731070049.3,19.8,0.644,0.0,6.86,6954.9,10182.35,0.0,9454.9,6545.1,0.0,4413.568574577719
1731070049.8,19.8,0.585,0.0,1.79,6955.0,10182.5,0.0,9455.0,6545.0,0.0,4413.77460344318
1731070050.3,20.5,0.628,0.0,3.21,6955.1,10182.65,0.0,9455.1,6544.9,0.0,4413.980636851503
1731070050.8,19.8,0.621,0.0,1.85,6955.2,10182.8,0.0,9455.2,6544.8,0.0,4414.186674802052
1731070051.3,19.9,0.753,0.0,2.03,6955.3,10182.95,0.0,9455.3,6544.7,0.0,4414.392717294192
1731070051.8,19.8,0.792,0.0,1.72,6955.4,10183.1,0.0,9455.4,6544.6,0.0,4414.598764327286
1731070052.3,20.5,0.671,0.0,1.96,6955.5,10183.25,0.0,9455.5,6544.5,0.0,4414.8048159006985
1731070052.8,19.8,0.904,0.0,2.01,6955.6,10183.4,0.0,9455.6,6544.4,0.0,4415.010872013794
1731070053.3,19.8,0.887,0.0,2.24,6955.7,10183.55,0.0,9455.7,6544.3,0.0,4415.216932665936
1731070053.8,19.8,0.892,0.0,5.9,6955.8,10183.7,0.0,9455.8,6544.2,0.0,4415.422997856491
1731070054.3,20.5,0.992,0.0,2.32,6955.9,10183.85,0.0,9455.9,6544.1,0.0,4415.629067584821
1731070054.8,19.8,0.827,0.0,2.17,6956.0,10184.0,0.0,9456.0,6544.0,0.0,4415.835141850293
1731070055.3,19.8,0.984,0.0,1.67,6956.1,10184.15,0.0,9456.1,6543.9,0.0,4416.0412206522715
1731070055.8,20.5,1.047,0.0,2.19,6956.2,10184.3,0.0,9456.2,6543.8,0.0,4416.247303990119
1731070056.3,19.8,0.888,0.0,1.95,6956.3,10184.45,0.0,9456.3,6543.7,0.0,4416.453391863204
1731070056.8,19.9,0.921,0.0,1.65,6956.4,10184.6,0.0,9456.4,6543.6,0.0,4416.659484270889
1731070057.3,19.8,1.172,0.0,3.49,6956.5,10184.75,0.0,9456.5,6543.5,0.0,4416.865581212542
1731070057.8,19.9,0.839,0.0,1.7,6956.6,10184.9,0.0,9456.6,6543.4,0.0,4417.071682687525
1731070058.3,20.5,0.917,0.0,1.64,6956.7,10185.05,0.0,9456.7,6543.3,0.0,4417.277788695204
1731070058.8,19.8,0.784,0.0,11.0,6956.8,10185.2,0.0,9456.8,6543.2,0.0,4417.483899234949
1731070059.3,19.8,0.764,0.0,1.7,6956.9,10185.35,0.0,9456.9,6543.1,0.0,4417.690014306119
1731070059.8,19.8,0.93,0.0,1.82,6957.0,10185.5,0.0,9457.0,6543.0,0.0,4417.896133908084
1731070060.3,20.5,0.989,0.0,3.31,6957.1,10185.65,0.0,9457.1,6542.9,0.0,4418.10225804021
1731070060.8,19.8,0.85,0.0,1.78,6957.2,10185.8,0.0,9457.2,6542.8,0.0,4418.30838670186
1731070061.3,19.8,1.0,0.0,1.77,6957.3,10185.95,0.0,9457.3,6542.7,0.0,4418.514519892405
1731070061.8,19.8,1.059,0.0,3.7,6957.4,10186.1,0.0,9457.4,6542.6,0.0,4418.720657611205
1731070062.3,20.5,1.302,0.0,1.77,6957.5,10186.25,0.0,9457.5,6542.5,0.0,4418.926799857631
1731070062.8,19.8,0.977,0.0,2.03,6957.6,10186.4,0.0,9457.6,6542.4,0.0,4419.132946631047
1731070063.3,19.8,1.023,0.0,7.96,6957.7,10186.55,0.0,9457.7,6542.3,0.0,4419.339097930821
1731070063.8,20.5,1.264,0.0,1.78,6957.8,10186.7,0.0,9457.8,6542.2,0.0,4419.545253756319
1731070064.3,19.8,1.174,0.0,1.75,6957.9,10186.85,0.0,9457.9,6542.1,0.0,4419.751414106907
1731070064.8,19.8,1.103,0.0,1.91,6958.0,10187.0,0.0,9458.0,6542.0,0.0,4419.957578981952
1731070065.3,19.8,1.215,0.0,1.71,6958.1,10187.15,0.0,9458.1,6541.9,0.0,4420.163748380822
1731070065.8,19.8,1.33,0.0,1.77,6958.2,10187.3,0.0,9458.2,6541.8,0.0,4420.369922302883
1731070066.3,20.5,1.578,0.0,2.76,6958.3,10187.45,0.0,9458.3,6541.7,0.0,4420.576100747504
1731070066.8,19.8,1.441,0.0,1.62,6958.4,10187.6,0.0,9458.4,6541.6,0.0,4420.782283714048
1731070067.3,19.9,0.713,0.0,1.83,6958.5,10187.75,0.0,9458.5,6541.5,0.0,4420.9884712018875
1731070067.8,19.8,0.556,0.0,1.85,6958.6,10187.9,0.0,9458.6,6541.4,0.0,4421.194663210386
1731070068.3,20.5,0.675,0.0,1.75,6958.7,10188.05,0.0,9458.7,6541.3,0.0,4421.400859738913
1731070068.8,19.8,0.528,0.0,2.08,6958.8,10188.2,0.0,9458.8,6541.2,0.0,4421.607060786836
1731070069.3,19.8,0.657,0.0,1.77,6958.9,10188.35,0.0,9458.9,6541.1,0.0,4421.813266353522
1731070069.8,19.9,0.995,0.0,2.28,6959.0,10188.5,0.0,9459.0,6541.0,0.0,4422.019476438339
1731070070.31,20.5,0.751,0.0,1.91,6959.1,10188.65,0.0,9459.1,6540.9,0.0,4422.225691040655
1731070070.8,19.8,0.835,0.0,1.77,6959.2,10188.8,0.0,9459.2,6540.8,0.0,4422.4319101598385
1731070071.3,19.8,0.751,0.0,3.27,6959.3,10188.95,0.0,9459.3,6540.7,0.0,4422.638133795258
1731070071.8,19.8,0.878,0.0,1.94,6959.4,10189.1,0.0,9459.4,6540.6,0.0,4422.8443619462805
1731070072.3,20.5,0.609,0.0,2.06,6959.5,10189.25,0.0,9459.5,6540.5,0.0,4423.050594612275
1731070072.8,19.8,0.693,0.0,10.7,6959.6,10189.4,0.0,9459.6,6540.4,0.0,4423.256831792611
1731070073.3,19.8,0.753,0.0,1.83,6959.7,10189.55,0.0,9459.7,6540.3,0.0,4423.463073486654
1731070073.8,19.8,0.711,0.0,2.05,6959.8,10189.7,0.0,9459.8,6540.2,0.0,4423.669319693777
1731070074.3,20.5,0.864,0.0,1.74,6959.9,10189.85,0.0,9459.9,6540.1,0.0,4423.8755704133455
1731070074.8,19.8,0.823,0.0,1.64,6960.0,10190.0,0.0,9460.0,6540.0,0.0,4424.081825644729
1731070075.3,19.8,0.842,0.0,1.73,6960.1,10190.15,0.0,9460.1,6539.9,0.0,4424.2880853872975
1731070075.8,19.8,1.037,0.0,1.74,6960.2,10190.3,0.0,9460.2,6539.8,0.0,4424.494349640419
1731070076.3,20.5,0.862,0.0,1.72,6960.3,10190.45,0.0,9460.3,6539.7,0.0,4424.700618403464
1731070076.8,19.8,0.905,0.0,2.0,6960.4,10190.6,0.0,9460.4,6539.6,0.0,4424.9068916758015
1731070077.3,19.8,0.997,0.0,5.65,6960.5,10190.75,0.0,9460.5,6539.5,0.0,4425.113169456799
1731070077.8,19.8,0.933,0.0,1.85,6960.6,10190.9,0.0,9460.6,6539.4,0.0,4425.319451745829
1731070078.3,20.5,1.117,0.0,1.67,6960.7,10191.05,0.0,9460.7,6539.3,0.0,4425.525738542257
1731070078.8,19.8,0.908,0.0,2.09,6960.8,10191.2,0.0,9460.8,6539.2,0.0,4425.732029845459
1731070079.3,19.8,1.021,0.0,1.91,6960.9,10191.35,0.0,9460.9,6539.1,0.0,4425.938325654798
1731070079.8,19.9,1.051,0.0,1.86,6961.0,10191.5,0.0,9461.0,6539.0,0.0,4426.144625969649
1731070080.3,20.5,0.906,0.0,1.75,6961.1,10191.65,0.0,9461.1,6538.9,0.0,4426.350930789379
1731070080.8,19.8,0.808,0.0,3.73,6961.2,10191.8,0.0,9461.2,6538.8,0.0,4426.557240113359
1731070081.3,19.8,0.898,0.0,1.97,6961.3,10191.95,0.0,9461.3,6538.7,0.0,4426.76355394096
1731070081.8,20.5,1.017,0.0,2.86,6961.4,10192.1,0.0,9461.4,6538.6,0.0,4426.969872271552
1731070082.3,19.9,0.91,0.0,3.37,6961.5,10192.25,0.0,9461.5,6538.5,0.0,4427.176195104505
1731070082.8,19.8,1.026,0.0,1.75,6961.6,10192.4,0.0,9461.6,6538.4,0.0,4427.382522439189
1731070083.3,19.8,1.004,0.0,1.96,6961.7,10192.55,0.0,9461.7,6538.3,0.0,4427.588854274976
1731070083.8,19.9,0.96,0.0,3.09,6961.8,10192.7,0.0,9461.8,6538.2,0.0,4427.795190611238
1731070084.3,20.5,1.003,0.0,1.57,6961.9,10192.85,0.0,9461.9,6538.1,0.0,4428.001531447341
1731070084.8,19.9,1.126,0.0,1.69,6962.0,10193.0,0.0,9462.0,6538.0,0.0,4428.207876782661
1731070085.3,19.8,1.062,0.0,1.89,6962.1,10193.15,0.0,9462.1,6537.9,0.0,4428.414226616566
1731070085.8,19.8,1.152,0.0,1.49,6962.2,10193.3,0.0,9462.2,6537.8,0.0,4428.620580948428
1731070086.3,20.5,0.978,0.0,1.96,6962.3,10193.45,0.0,9462.3,6537.7,0.0,4428.82693977762
1731070086.8,19.8,1.23,0.0,9.4,6962.4,10193.6,0.0,9462.4,6537.6,0.0,4429.033303103512
1731070087.3,19.8,1.256,0.0,1.79,6962.5,10193.75,0.0,9462.5,6537.5,0.0,4429.239670925474
1731070087.8,19.9,1.1,0.0,1.52,6962.6,10193.9,0.0,9462.6,6537.4,0.0,4429.44604324288
1731070088.3,19.8,0.578,0.0,1.4,6962.7,10194.05,0.0,9462.7,6537.3,0.0,4429.652420055099
1731070088.8,20.5,0.716,0.0,5.11,6962.8,10194.2,0.0,9462.8,6537.2,0.0,4429.858801361506
1731070089.3,19.8,0.771,0.0,2.06,6962.9,10194.35,0.0,9462.9,6537.1,0.0,4430.065187161471
1731070089.8,19.9,0.755,0.0,1.97,6963.0,10194.5,0.0,9463.0,6537.0,0.0,4430.271577454367
1731070090.3,20.5,0.603,0.0,3.42,6963.1,10194.65,0.0,9463.1,6536.9,0.0,4430.477972239564
1731070090.8,19.8,0.661,0.0,1.81,6963.2,10194.8,0.0,9463.2,6536.8,0.0,4430.684371516436
1731070091.3,19.8,0.746,0.0,6.89,6963.3,10194.95,0.0,9463.3,6536.7,0.0,4430.890775284356
1731070091.8,20.5,0.619,0.0,1.86,6963.4,10195.1,0.0,9463.4,6536.6,0.0,4431.097183542694
1731070092.3,19.9,0.737,0.0,1.72,6963.5,10195.25,0.0,9463.5,6536.5,0.0,4431.303596290825
1731070092.8,19.8,0.656,0.0,1.9,6963.6,10195.4,0.0,9463.6,6536.4,0.0,4431.51001352812
1731070093.3,19.8,0.52,0.0,1.85,6963.7,10195.55,0.0,9463.7,6536.3,0.0,4431.716435253952
1731070093.8,20.5,0.998,0.0,2.4,6963.8,10195.7,0.0,9463.8,6536.2,0.0,4431.922861467695
1731070094.3,19.8,0.794,0.0,1.57,6963.9,10195.85,0.0,9463.9,6536.1,0.0,4432.12929216872
1731070094.8,19.8,0.752,0.0,1.58,6964.0,10196.0,0.0,9464.0,6536.0,0.0,4432.335727356402
1731070095.3,19.8,0.76,0.0,3.02,6964.1,10196.15,0.0,9464.1,6535.9,0.0,4432.542167030112
1731070095.8,20.5,0.737,0.0,4.98,6964.2,10196.3,0.0,9464.2,6535.8,0.0,4432.748611189224
1731070096.3,19.8,0.911,0.0,2.04,6964.3,10196.45,0.0,9464.3,6535.7,0.0,4432.955059833113
1731070096.8,19.8,0.661,0.0,1.56,6964.4,10196.6,0.0,9464.4,6535.6,0.0,4433.161512961151
1731070097.3,19.8,1.158,0.0,1.63,6964.5,10196.75,0.0,9464.5,6535.5,0.0,4433.367970572711
1731070097.8,19.8,1.144,0.0,1.7,6964.6,10196.9,0.0,9464.6,6535.4,0.0,4433.574432667168
1731070098.3,20.5,0.898,0.0,1.83,6964.7,10197.05,0.0,9464.7,6535.3,0.0,4433.780899243894
1731070098.8,19.8,0.989,0.0,1.68,6964.8,10197.2,0.0,9464.8,6535.2,0.0,4433.987370302266
1731070099.3,19.8,1.181,0.0,1.76,6964.9,10197.35,0.0,9464.9,6535.1,0.0,4434.193845841654
1731070099.8,20.4,1.212,0.0,3.14,6965.0,10197.5,0.0,9465.0,6535.0,0.0,4434.400325861435
1731070100.3,19.9,1.133,0.0,2.06,6965.1,10197.65,0.0,9465.1,6534.9,0.0,4434.606810360981
1731070100.8,19.8,0.851,0.0,9.1,6965.2,10197.8,0.0,9465.2,6534.8,0.0,4434.813299339668
1731070101.3,19.8,0.802,0.0,1.6,6965.3,10197.95,0.0,9465.3,6534.7,0.0,4435.019792796871
1731070101.8,19.8,0.774,0.0,2.89,6965.4,10198.1,0.0,9465.4,6534.6,0.0,4435.226290731962
1731070102.3,20.5,0.721,0.0,1.65,6965.5,10198.25,0.0,9465.5,6534.5,0.0,4435.432793144318
1731070102.8,19.8,0.777,0.0,1.71,6965.6,10198.4,0.0,9465.6,6534.4,0.0,4435.639300033311
1731070103.3,19.8,0.848,0.0,2.9,6965.7,10198.55,0.0,9465.7,6534.3,0.0,4435.845811398317
1731070103.8,19.8,0.95,0.0,1.64,6965.8,10198.7,0.0,9465.8,6534.2,0.0,4436.052327238714
1731070104.3,20.5,0.893,0.0,1.91,6965.9,10198.85,0.0,9465.9,6534.1,0.0,4436.258847553871
1731070104.8,19.8,0.991,0.0,3.56,6966.0,10199.0,0.0,9466.0,6534.0,0.0,4436.4653723431675
1731070105.3,19.8,0.914,0.0,6.26,6966.1,10199.15,0.0,9466.1,6533.9,0.0,4436.671901605978
1731070105.8,20.5,1.129,0.0,1.92,6966.2,10199.3,0.0,9466.2,6533.8,0.0,4436.878435341676
1731070106.3,19.8,1.097,0.0,1.68,6966.3,10199.45,0.0,9466.3,6533.7,0.0,4437.0849735496395
1731070106.8,19.8,1.124,0.0,1.67,6966.4,10199.6,0.0,9466.4,6533.6,0.0,4437.291516229241
1731070107.3,19.8,1.217,0.0,2.12,6966.5,10199.75,0.0,9466.5,6533.5,0.0,4437.498063379859
1731070107.8,20.5,1.233,0.0,1.91,6966.6,10199.9,0.0,9466.6,6533.4,0.0,4437.704615000868
1731070108.3,19.8,1.112,0.0,1.94,6966.7,10200.05,0.0,9466.7,6533.3,0.0,4437.911171091643
1731070108.8,19.8,1.242,0.0,1.81,6966.8,10200.2,0.0,9466.8,6533.2,0.0,4438.117731651561
1731070109.3,19.8,1.115,0.0,1.55,6966.9,10200.35,0.0,9466.9,6533.1,0.0,4438.324296679998
1731070109.8,19.8,0.807,0.0,4.8,6967.0,10200.5,0.0,9467.0,6533.0,0.0,4438.53086617633
1731070110.3,20.5,0.516,0.0,1.96,6967.1,10200.65,0.0,9467.1,6532.9,0.0,4438.737440139932
1731070110.8,19.8,0.816,0.0,1.69,6967.2,10200.8,0.0,9467.2,6532.8,0.0,4438.944018570182
1731070111.3,19.8,0.734,0.0,2.51,6967.3,10200.95,0.0,9467.3,6532.7,0.0,4439.1506014664565
1731070111.8,20.5,0.538,0.0,1.52,6967.4,10201.1,0.0,9467.4,6532.6,0.0,4439.35718882813
1731070112.3,19.8,0.547,0.0,1.69,6967.5,10201.25,0.0,9467.5,6532.5,0.0,4439.563780654581
1731070112.8,19.8,0.888,0.0,2.92,6967.6,10201.4,0.0,9467.6,6532.4,0.0,4439.770376945186
1731070113.3,19.8,0.689,0.0,1.71,6967.7,10201.55,0.0,9467.7,6532.3,0.0,4439.976977699321
1731070113.8,19.8,0.626,0.0,1.71,6967.8,10201.7,0.0,9467.8,6532.2,0.0,4440.183582916365
1731070114.3,20.5,0.852,0.0,3.35,6967.9,10201.85,0.0,9467.9,6532.1,0.0,4440.390192595692
1731070114.8,19.8,0.677,0.0,1.58,6968.0,10202.0,0.0,9468.0,6532.0,0.0,4440.59680673668
1731070115.3,19.9,0.788,0.0,1.81,6968.1,10202.15,0.0,9468.1,6531.9,0.0,4440.803425338708
1731070115.8,19.8,0.82,0.0,1.59,6968.2,10202.3,0.0,9468.2,6531.8,0.0,4441.010048401151
1731070116.3,20.5,0.74,0.0,1.64,6968.3,10202.45,0.0,9468.3,6531.7,0.0,4441.21667592339
1731070116.8,19.8,0.664,0.0,1.68,6968.4,10202.6,0.0,9468.4,6531.6,0.0,4441.423307904798
1731070117.3,19.8,0.789,0.0,2.08,6968.5,10202.75,0.0,9468.5,6531.5,0.0,4441.629944344756
1731070117.8,19.8,1.026,0.0,1.81,6968.6,10202.9,0.0,9468.6,6531.4,0.0,4441.8365852426405
1731070118.3,20.5,0.81,0.0,1.99,6968.7,10203.05,0.0,9468.7,6531.3,0.0,4442.043230597829
1731070118.8,19.8,0.753,0.0,1.65,6968.8,10203.2,0.0,9468.8,6531.2,0.0,4442.249880409701
1731070119.3,19.8,0.902,0.0,5.875,6968.9,10203.35,0.0,9468.9,6531.1,0.0,4442.456534677633
1731070119.8,20.5,0.838,0.0,10.1,6969.0,10203.5,0.0,9469.0,6531.0,0.0,4442.663193401003
1731070120.3,19.8,0.936,0.0,1.63,6969.1,10203.65,0.0,9469.1,6530.9,0.0,4442.869856579191
1731070120.8,19.9,0.964,0.0,2.755,6969.2,10203.8,0.0,9469.2,6530.8,0.0,4443.076524211573
1731070121.3,19.8,0.9,0.0,3.88,6969.3,10203.95,0.0,9469.3,6530.7,0.0,4443.283196297531
1731070121.8,19.9,0.827,0.0,2.86,6969.4,10204.1,0.0,9469.4,6530.6,0.0,4443.48987283644
1731070122.3,20.5,0.926,0.0,1.84,6969.5,10204.25,0.0,9469.5,6530.5,0.0,4443.69655382768
1731070122.8,19.8,0.759,0.0,3.43,6969.6,10204.4,0.0,9469.6,6530.4,0.0,4443.90323927063
1731070123.3,19.8,0.956,0.0,1.7,6969.7,10204.55,0.0,9469.7,6530.3,0.0,4444.109929164669
1731070123.8,20.5,0.843,0.0,1.93,6969.8,10204.7,0.0,9469.8,6530.2,0.0,4444.316623509176
1731070124.3,19.9,0.756,0.0,5.33,6969.9,10204.85,0.0,9469.9,6530.1,0.0,4444.523322303529
1731070124.8,19.8,0.756,0.0,1.62,6970.0,10205.0,0.0,9470.0,6530.0,0.0,4444.730025547108
1731070125.3,19.9,0.927,0.0,1.82,6970.1,10205.15,0.0,9470.1,6529.9,0.0,4444.936733239293
1731070125.8,20.5,1.065,0.0,1.84,6970.2,10205.3,0.0,9470.2,6529.8,0.0,4445.143445379462
1731070126.3,19.8,0.94,0.0,1.76,6970.3,10205.45,0.0,9470.3,6529.7,0.0,4445.350161966997
1731070126.8,19.8,1.154,0.0,1.8,6970.4,10205.6,0.0,9470.4,6529.6,0.0,4445.5568830012735
1731070127.3,19.8,0.992,0.0,1.73,6970.5,10205.75,0.0,9470.5,6529.5,0.0,4445.763608481675
1731070127.8,20.5,1.019,0.0,1.6,6970.6,10205.9,0.0,9470.6,6529.4,0.0,4445.970338407578
1731070128.3,19.8,1.026,0.0,1.86,6970.7,10206.05,0.0,9470.7,6529.3,0.0,4446.177072778366
1731070128.8,19.9,1.75,0.0,3.9,6970.8,10206.2,0.0,9470.8,6529.2,0.0,4446.383811593417
1731070129.3,19.8,1.483,0.0,8.87,6970.9,10206.35,0.0,9470.9,6529.1,0.0,4446.5905548521105
1731070129.8,19.9,1.196,0.0,2.31,6971.0,10206.5,0.0,9471.0,6529.0,0.0,4446.797302553828
1731070130.3,20.5,1.525,0.0,1.98,6971.1,10206.65,0.0,9471.1,6528.9,0.0,4447.004054697949
1731070130.8,19.8,0.94,0.0,1.8,6971.2,10206.8,0.0,9471.2,6528.8,0.0,4447.210811283854
1731070131.3,19.8,0.972,0.0,2.08,6971.3,10206.95,0.0,9471.3,6528.7,0.0,4447.417572310926
1731070131.8,20.5,0.806,0.0,1.83,6971.4,10207.1,0.0,9471.4,6528.6,0.0,4447.62433777854
1731070132.3,19.9,0.585,0.0,2.04,6971.5,10207.25,0.0,9471.5,6528.5,0.0,4447.831107686082
1731070132.8,19.8,0.84,0.0,1.53,6971.6,10207.4,0.0,9471.6,6528.4,0.0,4448.037882032931
1731070133.3,19.8,0.872,0.0,1.55,6971.7,10207.55,0.0,9471.7,6528.3,0.0,4448.244660818466
1731070133.8,20.5,0.63,0.0,5.85,6971.8,10207.7,0.0,9471.8,6528.2,0.0,4448.451444042073
1731070134.3,19.8,0.575,0.0,1.7,6971.9,10207.85,0.0,9471.9,6528.1,0.0,4448.658231703128
1731070134.8,19.8,0.746,0.0,1.69,6972.0,10208.0,0.0,9472.0,6528.0,0.0,4448.865023801014
1731070135.3,19.8,0.685,0.0,2.89,6972.1,10208.15,0.0,9472.1,6527.9,0.0,4449.071820335113
1731070135.8,20.5,0.788,0.0,1.58,6972.2,10208.3,0.0,9472.2,6527.8,0.0,4449.278621304806
1731070136.3,19.8,0.747,0.0,1.64,6972.3,10208.45,0.0,9472.3,6527.7,0.0,4449.485426709475
1731070136.8,19.8,0.687,0.0,2.79,6972.4,10208.6,0.0,9472.4,6527.6,0.0,4449.692236548501
1731070137.3,19.2,0.84,0.032,2.14,6972.5,10208.75,0.0,9472.5,6527.5,0.0,4449.8990508212655
1731070137.8,19.8,0.758,0.0,1.75,6972.6,10208.9,0.0,9472.6,6527.4,0.0,4450.105869527151
1731070138.3,20.5,0.84,0.0,3.46,6972.7,10209.05,0.0,9472.7,6527.3,0.0,4450.312692665539
1731070138.8,19.8,0.85,0.0,8.54,6972.8,10209.2,0.0,9472.8,6527.2,0.0,4450.519520235812
1731070139.3,19.8,0.947,0.0,1.94,6972.9,10209.35,0.0,9472.9,6527.1,0.0,4450.726352237351
1731070139.8,19.8,0.837,0.0,2.37,6973.0,10209.5,0.0,9473.0,6527.0,0.0,4450.93318866954
1731070140.3,20.5,0.828,0.0,1.78,6973.1,10209.65,0.0,9473.1,6526.9,0.0,4451.14002953176
1731070140.8,19.8,1.449,0.0,1.69,6973.2,10209.8,0.0,9473.2,6526.8,0.0,4451.346874823394
1731070141.3,19.8,1.236,0.0,1.79,6973.3,10209.95,0.0,9473.3,6526.7,0.0,4451.553724543825
1731070141.8,20.5,0.872,0.0,1.65,6973.4,10210.1,0.0,9473.4,6526.6,0.0,4451.760578692434
1731070142.3,19.8,1.072,0.0,1.79,6973.5,10210.25,0.0,9473.5,6526.5,0.0,4451.967437268606
1731070142.8,19.8,1.166,0.0,2.36,6973.6,10210.4,0.0,9473.6,6526.4,0.0,4452.174300271722
1731070143.3,19.8,1.031,0.0,6.34,6973.7,10210.55,0.0,9473.7,6526.3,0.0,4452.381167701165
1731070143.8,19.8,0.682,0.0,1.82,6973.8,10210.7,0.0,9473.8,6526.2,0.0,4452.588039556321
1731070144.3,20.5,0.725,0.0,1.82,6973.9,10210.85,0.0,9473.9,6526.1,0.0,4452.794915836569
1731070144.8,19.9,0.958,0.0,1.67,6974.0,10211.0,0.0,9474.0,6526.0,0.0,4453.001796541295
1731070145.3,19.8,0.837,0.0,4.47,6974.1,10211.15,0.0,9474.1,6525.9,0.0,4453.208681669881
1731070145.8,19.8,0.819,0.0,3.04,6974.2,10211.3,0.0,9474.2,6525.8,0.0,4453.415571221711
1731070146.3,20.5,0.788,0.0,1.72,6974.3,10211.45,0.0,9474.3,6525.7,0.0,4453.622465196169
1731070146.8,19.8,0.827,0.0,1.91,6974.4,10211.6,0.0,9474.4,6525.6,0.0,4453.8293635926375
1731070147.3,19.8,1.006,0.0,1.72,6974.5,10211.75,0.0,9474.5,6525.5,0.0,4454.036266410501
1731070147.8,19.8,0.972,0.0,3.02,6974.6,10211.9,0.0,9474.6,6525.4,0.0,4454.243173649144
1731070148.3,20.5,0.892,0.0,1.85,6974.7,10212.05,0.0,9474.7,6525.3,0.0,4454.450085307949
1731070148.8,19.8,1.173,0.0,1.64,6974.8,10212.2,0.0,9474.8,6525.2,0.0,4454.657001386302
1731070149.3,19.9,1.1,0.0,2.59,6974.9,10212.35,0.0,9474.9,6525.1,0.0,4454.863921883585
1731070149.8,19.8,1.164,0.0,2.09,6975.0,10212.5,0.0,9475.0,6525.0,0.0,4455.070846799184
1731070150.3,20.4,1.312,0.0,1.91,6975.1,10212.65,0.0,9475.1,6524.9,0.0,4455.277776132482
1731070150.8,19.9,1.235,0.0,2.39,6975.2,10212.8,0.0,9475.2,6524.8,0.0,4455.484709882865
1731070151.3,19.8,1.532,0.0,1.65,6975.3,10212.95,0.0,9475.3,6524.7,0.0,4455.6916480497175
1731070151.8,19.8,0.891,0.0,2.22,6975.4,10213.1,0.0,9475.4,6524.6,0.0,4455.8985906324215
1731070152.3,19.8,0.608,0.0,2.07,6975.5,10213.25,0.0,9475.5,6524.5,0.0,4456.105537630365
1731070152.8,20.5,0.897,0.0,10.3,6975.6,10213.4,0.0,9475.6,6524.4,0.0,4456.312489042931
1731070153.3,19.9,0.577,0.0,1.65,6975.7,10213.55,0.0,9475.7,6524.3,0.0,4456.519444869505
1731070153.8,19.8,0.541,0.0,2.02,6975.8,10213.7,0.0,9475.8,6524.2,0.0,4456.726405109473
1731070154.3,20.5,0.705,0.0,1.87,6975.9,10213.85,0.0,9475.9,6524.1,0.0,4456.933369762218
1731070154.8,19.8,0.993,0.0,1.92,6976.0,10214.0,0.0,9476.0,6524.0,0.0,4457.140338827127
1731070155.3,19.8,0.786,0.0,2.12,6976.1,10214.15,0.0,9476.1,6523.9,0.0,4457.347312303586
1731070155.8,20.5,0.735,0.0,2.18,6976.2,10214.3,0.0,9476.2,6523.8,0.0,4457.5542901909785
1731070156.3,19.8,0.664,0.0,2.32,6976.3,10214.45,0.0,9476.3,6523.7,0.0,4457.761272488692
1731070156.8,19.8,0.595,0.0,5.33,6976.4,10214.6,0.0,9476.4,6523.6,0.0,4457.968259196111
1731070157.3,19.9,0.594,0.0,1.53,6976.5,10214.75,0.0,9476.5,6523.5,0.0,4458.175250312621
1731070157.8,19.8,0.756,0.0,1.61,6976.6,10214.9,0.0,9476.6,6523.4,0.0,4458.382245837609
1731070158.3,20.5,0.733,0.0,2.17,6976.7,10215.05,0.0,9476.7,6523.3,0.0,4458.5892457704595
1731070158.8,19.8,0.796,0.0,1.55,6976.8,10215.2,0.0,9476.8,6523.2,0.0,4458.796250110561
1731070159.3,19.8,0.696,0.0,1.62,6976.9,10215.35,0.0,9476.9,6523.1,0.0,4459.003258857298
1731070159.8,19.9,0.714,0.0,3.07,6977.0,10215.5,0.0,9477.0,6523.0,0.0,4459.2102720100565
1731070160.3,20.5,0.832,0.0,1.64,6977.1,10215.65,0.0,9477.1,6522.9,0.0,4459.417289568223
1731070160.8,19.8,0.84,0.0,2.87,6977.2,10215.8,0.0,9477.2,6522.8,0.0,4459.624311531185
1731070161.3,19.9,0.917,0.0,4.28,6977.3,10215.95,0.0,9477.3,6522.7,0.0,4459.831337898329
1731070161.8,19.8,1.149,0.0,9.61,6977.4,10216.1,0.0,9477.4,6522.6,0.0,4460.038368669041
1731070162.3,20.5,0.832,0.0,1.93,6977.5,10216.25,0.0,9477.5,6522.5,0.0,4460.245403842708
1731070162.8,19.9,0.982,0.0,1.61,6977.6,10216.4,0.0,9477.6,6522.4,0.0,4460.452443418717
1731070163.3,19.8,1.248,0.0,1.98,6977.7,10216.55,0.0,9477.7,6522.3,0.0,4460.659487396454
1731070163.8,19.8,1.067,0.0,1.87,6977.8,10216.7,0.0,9477.8,6522.2,0.0,4460.866535775309
1731070164.3,20.5,1.09,0.0,4.04,6977.9,10216.85,0.0,9477.9,6522.1,0.0,4461.073588554666
1731070164.8,19.8,0.84,0.0,2.17,6978.0,10217.0,0.0,9478.0,6522.0,0.0,4461.280645733913
1731070165.3,19.8,0.863,0.0,1.67,6978.1,10217.15,0.0,9478.1,6521.9,0.0,4461.487707312439
1731070165.8,19.8,0.734,0.0,1.7,6978.2,10217.3,0.0,9478.2,6521.8,0.0,4461.69477328963
1731070166.3,20.5,0.786,0.0,8.33,6978.3,10217.45,0.0,9478.3,6521.7,0.0,4461.901843664874
1731070166.8,19.8,0.911,0.0,1.79,6978.4,10217.6,0.0,9478.4,6521.6,0.0,4462.108918437559
1731070167.3,19.8,0.893,0.0,1.39,6978.5,10217.75,0.0,9478.5,6521.5,0.0,4462.315997607072
1731070167.8,19.8,1.028,0.0,2.32,6978.6,10217.9,0.0,9478.6,6521.4,0.0,4462.523081172802
1731070168.3,20.5,1.148,0.0,1.6,6978.7,10218.05,0.0,9478.7,6521.3,0.0,4462.730169134136
1731070168.8,19.8,1.132,0.0,3.0,6978.8,10218.2,0.0,9478.8,6521.2,0.0,4462.937261490464
1731070169.3,19.8,1.09,0.0,1.65,6978.9,10218.35,0.0,9478.9,6521.1,0.0,4463.144358241172
1731070169.8,19.9,1.068,0.0,1.82,6979.0,10218.5,0.0,9479.0,6521.0,0.0,4463.351459385649
1731070170.3,20.5,1.376,0.0,1.78,6979.1,10218.65,0.0,9479.1,6520.9,0.0,4463.5585649232835
1731070170.8,19.8,1.137,0.0,1.98,6979.2,10218.8,0.0,9479.2,6520.8,0.0,4463.765674853464
1731070171.3,19.8,1.351,0.0,8.43,6979.3,10218.95,0.0,9479.3,6520.7,0.0,4463.972789175579
1731070171.8,20.5,1.376,0.0,1.51,6979.4,10219.1,0.0,9479.4,6520.6,0.0,4464.179907889018
1731070172.3,19.9,1.501,0.0,1.88,6979.5,10219.25,0.0,9479.5,6520.5,0.0,4464.387030993169
1731070172.8,19.8,1.27,0.0,2.01,6979.6,10219.4,0.0,9479.6,6520.4,0.0,4464.594158487421
1731070173.3,19.8,0.859,0.0,1.59,6979.7,10219.55,0.0,9479.7,6520.3,0.0,4464.801290371162
1731070173.8,19.9,0.748,0.0,2.89,6979.8,10219.7,0.0,9479.8,6520.2,0.0,4465.008426643784
1731070174.3,20.5,0.771,0.0,1.69,6979.9,10219.85,0.0,9479.9,6520.1,0.0,4465.215567304674
1731070174.8,19.8,0.63,0.0,1.75,6980.0,10220.0,0.0,9480.0,6520.0,0.0,4465.422712353221
1731070175.3,19.9,0.75,0.0,3.52,6980.1,10220.15,0.0,9480.1,6519.9,0.0,4465.629861788816
1731070175.8,20.5,0.624,0.0,5.91,6980.2,10220.3,0.0,9480.2,6519.8,0.0,4465.837015610847
1731070176.3,19.8,0.667,0.0,1.78,6980.3,10220.45,0.0,9480.3,6519.7,0.0,4466.0441738187055
1731070176.8,19.8,0.638,0.0,3.4,6980.4,10220.6,0.0,9480.4,6519.6,0.0,4466.2513364117785
1731070177.3,19.8,0.863,0.0,1.85,6980.5,10220.75,0.0,9480.5,6519.5,0.0,4466.458503389458
1731070177.8,19.8,0.607,0.0,1.88,6980.6,10220.9,0.0,9480.6,6519.4,0.0,4466.665674751133
1731070178.3,20.5,0.746,0.0,3.37,6980.7,10221.05,0.0,9480.7,6519.3,0.0,4466.872850496195
1731070178.8,19.9,0.705,0.0,1.87,6980.8,10221.2,0.0,9480.8,6519.2,0.0,4467.080030624032
1731070179.3,19.8,0.653,0.0,2.04,6980.9,10221.35,0.0,9480.9,6519.1,0.0,4467.287215134034
1731070179.8,19.8,0.86,0.0,2.37,6981.0,10221.5,0.0,9481.0,6519.0,0.0,4467.494404025594
1731070180.3,20.5,0.584,0.0,3.57,6981.1,10221.65,0.0,9481.1,6518.9,0.0,4467.701597298101
1731070180.8,19.8,0.765,0.0,1.91,6981.2,10221.8,0.0,9481.2,6518.8,0.0,4467.908794950944
1731070181.3,19.8,1.001,0.0,2.07,6981.3,10221.95,0.0,9481.3,6518.7,0.0,4468.115996983516
1731070181.8,19.9,1.011,0.0,1.7,6981.4,10222.1,0.0,9481.4,6518.6,0.0,4468.323203395206
1731070182.3,20.5,0.79,0.0,2.0,6981.5,10222.25,0.0,9481.5,6518.5,0.0,4468.530414185407
1731070182.8,19.8,0.857,0.0,1.77,6981.6,10222.4,0.0,9481.6,6518.4,0.0,4468.737629353507
1731070183.3,19.8,1.056,0.0,1.97,6981.7,10222.55,0.0,9481.7,6518.3,0.0,4468.944848898898
1731070183.8,20.5,0.776,0.0,1.92,6981.8,10222.7,0.0,9481.8,6518.2,0.0,4469.152072820973
1731070184.3,19.8,0.982,0.0,1.6,6981.9,10222.85,0.0,9481.9,6518.1,0.0,4469.3593011191215
1731070184.8,19.9,0.997,0.0,2.98,6982.0,10223.0,0.0,9482.0,6518.0,0.0,4469.566533792735
1731070185.3,19.8,0.901,0.0,9.5,6982.1,10223.15,0.0,9482.1,6517.9,0.0,4469.773770841204
1731070185.8,20.5,0.921,0.0,1.96,6982.2,10223.3,0.0,9482.2,6517.8,0.0,4469.981012263922
1731070186.3,19.8,0.923,0.0,3.31,6982.3,10223.45,0.0,9482.3,6517.7,0.0,4470.1882580602805
1731070186.8,19.8,0.82,0.0,1.69,6982.4,10223.6,0.0,9482.4,6517.6,0.0,4470.395508229669
1731070187.3,19.8,0.825,0.0,1.84,6982.5,10223.75,0.0,9482.5,6517.5,0.0,4470.602762771481
1731070187.8,19.9,0.861,0.0,3.91,6982.6,10223.9,0.0,9482.6,6517.4,0.0,4470.810021685108
1731070188.3,20.5,0.89,0.0,1.98,6982.7,10224.05,0.0,9482.7,6517.3,0.0,4471.017284969943
1731070188.8,19.8,0.785,0.0,1.81,6982.8,10224.2,0.0,9482.8,6517.2,0.0,4471.224552625377
1731070189.3,19.8,0.986,0.0,1.53,6982.9,10224.35,0.0,9482.9,6517.1,0.0,4471.431824650802
1731070189.8,19.8,0.881,0.0,8.78,6983.0,10224.5,0.0,9483.0,6517.0,0.0,4471.639101045611
1731070190.3,20.5,0.943,0.0,1.77,6983.1,10224.65,0.0,9483.1,6516.9,0.0,4471.846381809196
1731070190.8,19.8,0.889,0.0,1.41,6983.2,10224.8,0.0,9483.2,6516.8,0.0,4472.05366694095
1731070191.3,19.8,0.986,0.0,1.95,6983.3,10224.95,0.0,9483.3,6516.7,0.0,4472.260956440266
1731070191.8,20.5,1.001,0.0,1.95,6983.4,10225.1,0.0,9483.4,6516.6,0.0,4472.468250306535
1731070192.3,19.8,1.321,0.0,1.72,6983.5,10225.25,0.0,9483.5,6516.5,0.0,4472.675548539151
1731070192.8,19.8,1.208,0.0,3.82,6983.6,10225.4,0.0,9483.6,6516.4,0.0,4472.882851137508
1731070193.3,19.8,1.249,0.0,2.71,6983.7,10225.55,0.0,9483.7,6516.3,0.0,4473.090158100997
1731070193.8,19.8,1.235,0.0,1.74,6983.8,10225.7,0.0,9483.8,6516.2,0.0,4473.297469429012
1731070194.3,20.5,1.626,0.0,4.68,6983.9,10225.85,0.0,9483.9,6516.1,0.0,4473.504785120946
1731070194.8,19.8,0.913,0.0,2.44,6984.0,10226.0,0.0,9484.0,6516.0,0.0,4473.712105176192
1731070195.3,19.8,0.633,0.0,2.14,6984.1,10226.15,0.0,9484.1,6515.9,0.0,4473.919429594145
1731070195.8,19.9,0.786,0.0,2.65,6984.2,10226.3,0.0,9484.2,6515.8,0.0,4474.1267583741965
1731070196.3,20.5,0.658,0.0,2.05,6984.3,10226.45,0.0,9484.3,6515.7,0.0,4474.334091515742
1731070196.8,19.8,0.662,0.0,1.88,6984.4,10226.6,0.0,9484.4,6515.6,0.0,4474.541429018173
1731070197.3,19.8,0.662,0.0,2.45,6984.5,10226.75,0.0,9484.5,6515.5,0.0,4474.748770880886
1731070197.8,20.5,0.603,0.0,2.31,6984.6,10226.9,0.0,9484.6,6515.4,0.0,4474.956117103273
1731070198.3,19.8,0.68,0.0,2.3,6984.7,10227.05,0.0,9484.7,6515.3,0.0,4475.163467684728
1731070198.8,19.8,0.642,0.0,2.12,6984.8,10227.2,0.0,9484.8,6515.2,0.0,4475.370822624646
1731070199.3,19.8,0.641,0.0,9.69,6984.9,10227.35,0.0,9484.9,6515.1,0.0,4475.57818192242
1731070199.8,19.8,0.606,0.0,2.09,6985.0,10227.5,0.0,9485.0,6515.0,0.0,4475.785545577446
1731070200.3,20.5,0.892,0.0,2.25,6985.1,10227.65,0.0,9485.1,6514.9,0.0,4475.992913589118
1731070200.8,19.8,0.803,0.0,3.59,6985.2,10227.8,0.0,9485.2,6514.8,0.0,4476.200285956829
1731070201.3,19.8,0.861,0.0,1.75,6985.3,10227.95,0.0,9485.3,6514.7,0.0,4476.407662679976
1731070201.8,19.8,0.656,0.0,2.03,6985.4,10228.1,0.0,9485.4,6514.6,0.0,4476.615043757951
1731070202.3,20.5,0.698,0.0,1.73,6985.5,10228.25,0.0,9485.5,6514.5,0.0,4476.822429190151
1731070202.8,19.8,0.77,0.0,1.62,6985.6,10228.4,0.0,9485.6,6514.4,0.0,4477.02981897597
1731070203.3,19.8,1.014,0.0,1.87,6985.7,10228.55,0.0,9485.7,6514.3,0.0,4477.237213114801
1731070203.8,19.8,0.829,0.0,7.59,6985.8,10228.7,0.0,9485.8,6514.2,0.0,4477.444611606044
1731070204.3,20.5,0.742,0.0,1.51,6985.9,10228.85,0.0,9485.9,6514.1,0.0,4477.6520144490905
1731070204.8,19.8,0.9,0.0,1.94,6986.0,10229.0,0.0,9486.0,6514.0,0.0,4477.859421643337
1731070205.3,19.9,0.927,0.0,1.8,6986.1,10229.15,0.0,9486.1,6513.9,0.0,4478.066833188178
1731070205.8,20.5,1.319,0.0,1.66,6986.2,10229.3,0.0,9486.2,6513.8,0.0,4478.27424908301
1731070206.3,19.8,0.948,0.0,1.75,6986.3,10229.45,0.0,9486.3,6513.7,0.0,4478.481669327229
1731070206.8,19.8,1.041,0.0,1.56,6986.4,10229.6,0.0,9486.4,6513.6,0.0,4478.6890939202285
1731070207.3,19.8,1.186,0.0,2.1,6986.5,10229.75,0.0,9486.5,6513.5,0.0,4478.896522861407
1731070207.8,19.9,0.863,0.0,2.39,6986.6,10229.9,0.0,9486.6,6513.4,0.0,4479.103956150158
1731070208.3,20.5,0.712,0.0,3.25,6986.7,10230.05,0.0,9486.7,6513.3,0.0,4479.311393785879
1731070208.8,19.8,0.803,0.0,2.97,6986.8,10230.2,0.0,9486.8,6513.2,0.0,4479.518835767967
1731070209.3,19.8,0.703,0.0,1.78,6986.9,10230.35,0.0,9486.9,6513.1,0.0,4479.726282095816
1731070209.8,20.5,0.887,0.0,2.19,6987.0,10230.5,0.0,9487.0,6513.0,0.0,4479.933732768823
1731070210.3,19.8,1.007,0.0,1.67,6987.1,10230.65,0.0,9487.1,6512.9,0.0,4480.141187786385
1731070210.8,19.8,0.895,0.0,2.0,6987.2,10230.8,0.0,9487.2,6512.8,0.0,4480.348647147897
1731070211.3,19.8,1.201,0.0,2.54,6987.3,10230.95,0.0,9487.3,6512.7,0.0,4480.556110852759
1731070211.8,19.8,0.958,0.0,3.06,6987.4,10231.1,0.0,9487.4,6512.6,0.0,4480.763578900364
1731070212.3,20.5,1.054,0.0,1.91,6987.5,10231.25,0.0,9487.5,6512.5,0.0,4480.971051290111
1731070212.8,19.8,0.913,0.0,4.12,6987.6,10231.4,0.0,9487.6,6512.4,0.0,4481.178528021395
1731070213.3,19.8,1.002,0.0,2.8,6987.7,10231.55,0.0,9487.7,6512.3,0.0,4481.386009093615
1731070213.8,19.8,1.394,0.0,2.38,6987.8,10231.7,0.0,9487.8,6512.2,0.0,4481.593494506168
1731070214.3,20.5,1.199,0.0,1.88,6987.9,10231.85,0.0,9487.9,6512.1,0.0,4481.800984258449
1731070214.8,19.9,1.232,0.0,1.41,6988.0,10232.0,0.0,9488.0,6512.0,0.0,4482.008478349857
1731070215.3,19.8,1.131,0.0,3.06,6988.1,10232.15,0.0,9488.1,6511.9,0.0,4482.215976779789
1731070215.8,19.8,0.862,0.0,1.73,6988.2,10232.3,0.0,9488.2,6511.8,0.0,4482.423479547642
1731070216.3,19.9,0.47,0.0,1.7,6988.3,10232.45,0.0,9488.3,6511.7,0.0,4482.630986652816
1731070216.8,20.5,0.498,0.0,2.68,6988.4,10232.6,0.0,9488.4,6511.6,0.0,4482.838498094706
1731070217.3,19.8,0.642,0.0,1.94,6988.5,10232.75,0.0,9488.5,6511.5,0.0,4483.04601387271
1731070217.8,19.8,0.886,0.0,9.97,6988.6,10232.9,0.0,9488.6,6511.4,0.0,4483.253533986228
1731070218.3,20.5,0.859,0.0,3.04,6988.7,10233.05,0.0,9488.7,6511.3,0.0,4483.461058434655
1731070218.8,19.8,1.053,0.0,1.66,6988.8,10233.2,0.0,9488.8,6511.2,0.0,4483.668587217392
1731070219.3,19.8,0.661,0.0,1.95,6988.9,10233.35,0.0,9488.9,6511.1,0.0,4483.8761203338345
1731070219.8,19.8,0.911,0.0,1.73,6989.0,10233.5,0.0,9489.0,6511.0,0.0,4484.0836577833825
1731070220.3,20.5,0.852,0.0,1.62,6989.1,10233.65,0.0,9489.1,6510.9,0.0,4484.291199565434
1731070220.8,19.8,0.617,0.0,1.77,6989.2,10233.8,0.0,9489.2,6510.8,0.0,4484.498745679387
1731070221.3,19.8,0.6,0.0,1.73,6989.3,10233.95,0.0,9489.3,6510.7,0.0,4484.706296124642
1731070221.8,19.8,0.886,0.0,1.8,6989.4,10234.1,0.0,9489.4,6510.6,0.0,4484.913850900594
1731070222.3,20.5,0.648,0.0,5.12,6989.5,10234.25,0.0,9489.5,6510.5,0.0,4485.121410006645
1731070222.8,19.8,0.716,0.0,1.65,6989.6,10234.4,0.0,9489.6,6510.4,0.0,4485.328973442193
1731070223.3,19.8,0.864,0.0,2.77,6989.7,10234.55,0.0,9489.7,6510.3,0.0,4485.536541206637
1731070223.8,20.5,0.711,0.0,1.78,6989.8,10234.7,0.0,9489.8,6510.2,0.0,4485.744113299376
1731070224.3,19.8,0.968,0.0,1.49,6989.9,10234.85,0.0,9489.9,6510.1,0.0,4485.951689719808
1731070224.8,19.8,0.995,0.0,2.68,6990.0,10235.0,0.0,9490.0,6510.0,0.0,4486.159270467334
1731070225.3,19.8,1.035,0.0,2.19,6990.1,10235.15,0.0,9490.1,6509.9,0.0,4486.366855541352
1731070225.8,19.9,1.131,0.0,1.96,6990.2,10235.3,0.0,9490.2,6509.8,0.0,4486.574444941262
1731070226.3,20.5,0.958,0.0,3.6,6990.3,10235.45,0.0,9490.3,6509.7,0.0,4486.782038666465
1731070226.8,19.8,0.968,0.0,2.57,6990.4,10235.6,0.0,9490.4,6509.6,0.0,4486.989636716358
1731070227.3,19.8,0.812,0.0,2.21,6990.5,10235.75,0.0,9490.5,6509.5,0.0,4487.197239090343
1731070227.8,20.5,0.934,0.0,3.29,6990.6,10235.9,0.0,9490.6,6509.4,0.0,4487.404845787819
1731070228.3,19.8,0.964,0.0,1.9,6990.7,10236.05,0.0,9490.7,6509.3,0.0,4487.612456808185
1731070228.8,19.8,0.824,0.0,1.63,6990.8,10236.2,0.0,9490.8,6509.2,0.0,4487.820072150844
1731070229.3,19.8,0.736,0.0,1.89,6990.9,10236.35,0.0,9490.9,6509.1,0.0,4488.027691815192
1731070229.8,19.8,0.666,0.0,1.65,6991.0,10236.5,0.0,9491.0,6509.0,0.0,4488.235315800632
1731070230.3,20.5,0.77,0.0,1.76,6991.1,10236.65,0.0,9491.1,6508.9,0.0,4488.442944106564
1731070230.8,19.9,0.704,0.0,1.36,6991.2,10236.8,0.0,9491.2,6508.8,0.0,4488.650576732388
1731070231.3,19.8,0.965,0.0,1.88,6991.3,10236.95,0.0,9491.3,6508.7,0.0,4488.858213677505
1731070231.8,19.8,0.914,0.0,7.13,6991.4,10237.1,0.0,9491.4,6508.6,0.0,4489.065854941315
1731070232.3,20.5,0.9,0.0,1.61,6991.5,10237.25,0.0,9491.5,6508.5,0.0,4489.27350052322
1731070232.8,19.8,1.385,0.0,2.79,6991.6,10237.4,0.0,9491.6,6508.4,0.0,4489.481150422619
1731070233.3,19.8,1.05,0.0,1.47,6991.7,10237.55,0.0,9491.7,6508.3,0.0,4489.688804638913
1731070233.8,19.8,0.91,0.0,1.46,6991.8,10237.7,0.0,9491.8,6508.2,0.0,4489.896463171506
1731070234.3,20.5,1.294,0.0,3.34,6991.9,10237.85,0.0,9491.9,6508.1,0.0,4490.104126019796
1731070234.8,19.9,1.061,0.0,1.71,6992.0,10238.0,0.0,9492.0,6508.0,0.0,4490.311793183186
1731070235.3,19.8,1.403,0.0,1.9,6992.1,10238.15,0.0,9492.1,6507.9,0.0,4490.519464661076
1731070235.8,19.8,1.121,0.0,3.7,6992.2,10238.3,0.0,9492.2,6507.8,0.0,4490.727140452868
1731070236.3,20.5,1.251,0.0,4.92,6992.3,10238.45,0.0,9492.3,6507.7,0.0,4490.934820557965
1731070236.8,19.8,1.278,0.0,1.92,6992.4,10238.6,0.0,9492.4,6507.6,0.0,4491.142504975766
1731070237.3,19.9,0.898,0.0,3.16,6992.5,10238.75,0.0,9492.5,6507.5,0.0,4491.350193705674
1731070237.8,19.8,0.589,0.0,1.85,6992.6,10238.9,0.0,9492.6,6507.4,0.0,4491.557886747091
1731070238.3,20.5,0.709,0.0,3.53,6992.7,10239.05,0.0,9492.7,6507.3,0.0,4491.765584099419
1731070238.8,19.9,0.635,0.0,1.66,6992.8,10239.2,0.0,9492.8,6507.2,0.0,4491.973285762061
1731070239.3,19.8,0.621,0.0,1.72,6992.9,10239.35,0.0,9492.9,6507.1,0.0,4492.180991734416
1731070239.8,20.5,0.608,0.0,1.97,6993.0,10239.5,0.0,9493.0,6507.0,0.0,4492.388702015888
1731070240.3,19.8,0.482,0.0,1.59,6993.1,10239.65,0.0,9493.1,6506.9,0.0,4492.596416605881
1731070240.8,19.9,0.671,0.0,2.5,6993.2,10239.8,0.0,9493.2,6506.8,0.0,4492.804135503794
1731070241.3,19.8,0.647,0.0,1.96,6993.3,10239.95,0.0,9493.3,6506.7,0.0,4493.011858709034
1731070241.8,19.8,0.672,0.0,1.66,6993.4,10240.1,0.0,9493.4,6506.6,0.0,4493.219586220998
1731070242.3,20.5,0.753,0.0,2.9,6993.5,10240.25,0.0,9493.5,6506.5,0.0,4493.427318039094
1731070242.8,19.8,0.513,0.0,1.97,6993.6,10240.4,0.0,9493.6,6506.4,0.0,4493.635054162721
1731070243.3,19.8,1.467,0.0,1.82,6993.7,10240.55,0.0,9493.7,6506.3,0.0,4493.842794591284
1731070243.8,19.8,0.939,0.0,3.44,6993.8,10240.7,0.0,9493.8,6506.2,0.0,4494.050539324186
1731070244.3,20.5,0.7,0.0,1.88,6993.9,10240.85,0.0,9493.9,6506.1,0.0,4494.258288360828
1731070244.8,19.8,0.669,0.0,1.72,6994.0,10241.0,0.0,9494.0,6506.0,0.0,4494.466041700615
1731070245.3,19.8,0.702,0.0,1.8,6994.1,10241.15,0.0,9494.1,6505.9,0.0,4494.6737993429515
1731070245.8,20.5,0.849,0.0,8.91,6994.2,10241.3,0.0,9494.2,6505.8,0.0,4494.881561287238
1731070246.3,19.8,1.049,0.0,1.81,6994.3,10241.45,0.0,9494.3,6505.7,0.0,4495.089327532881
1731070246.8,19.8,0.812,0.0,1.4,6994.4,10241.6,0.0,9494.4,6505.6,0.0,4495.297098079281
1731070247.3,19.8,0.893,0.0,2.25,6994.5,10241.75,0.0,9494.5,6505.5,0.0,4495.504872925843
1731070247.8,19.8,0.861,0.0,1.93,6994.6,10241.9,0.0,9494.6,6505.4,0.0,4495.712652071971
1731070248.3,20.5,1.274,0.0,1.73,6994.7,10242.05,0.0,9494.7,6505.3,0.0,4495.92043551707
1731070248.8,19.9,1.013,0.0,2.57,6994.8,10242.2,0.0,9494.8,6505.2,0.0,4496.128223260543
1731070249.3,19.8,1.023,0.0,1.8,6994.9,10242.35,0.0,9494.9,6505.1,0.0,4496.336015301792
1731070249.8,19.8,0.901,0.0,1.65,6995.0,10242.5,0.0,9495.0,6505.0,0.0,4496.543811640225
1731070250.3,20.5,0.801,0.0,6.55,6995.1,10242.65,0.0,9495.1,6504.9,0.0,4496.751612275243
1731070250.8,19.8,0.716,0.0,1.68,6995.2,10242.8,0.0,9495.2,6504.8,0.0,4496.9594172062525
1731070251.3,19.8,0.783,0.0,1.89,6995.3,10242.95,0.0,9495.3,6504.7,0.0,4497.167226432658
1731070251.8,20.5,0.94,0.0,3.37,6995.4,10243.1,0.0,9495.4,6504.6,0.0,4497.375039953862
1731070252.3,19.8,0.915,0.0,1.76,6995.5,10243.25,0.0,9495.5,6504.5,0.0,4497.582857769271
1731070252.8,19.9,0.923,0.0,1.91,6995.6,10243.4,0.0,9495.6,6504.4,0.0,4497.790679878289
1731070253.3,19.8,1.017,0.0,3.56,6995.7,10243.55,0.0,9495.7,6504.3,0.0,4497.998506280321
1731070253.8,19.8,1.446,0.0,1.83,6995.8,10243.7,0.0,9495.8,6504.2,0.0,4498.206336974773
1731070254.3,20.5,1.194,0.0,1.9,6995.9,10243.85,0.0,9495.9,6504.1,0.0,4498.414171961048
1731070254.8,19.8,0.916,0.0,3.4,6996.0,10244.0,0.0,9496.0,6504.0,0.0,4498.622011238553
1731070255.3,19.9,1.265,0.0,6.55,6996.1,10244.15,0.0,9496.1,6503.9,0.0,4498.829854806691
1731070255.8,19.8,1.141,0.0,1.93,6996.2,10244.3,0.0,9496.2,6503.8,0.0,4499.03770266487
1731070256.3,20.4,1.031,0.0,3.43,6996.3,10244.45,0.0,9496.3,6503.7,0.0,4499.245554812496
1731070256.8,19.9,1.091,0.0,1.6,6996.4,10244.6,0.0,9496.4,6503.6,0.0,4499.453411248971
1731070257.3,19.8,1.383,0.0,1.88,6996.5,10244.75,0.0,9496.5,6503.5,0.0,4499.661271973702
1731070257.8,19.8,1.286,0.0,1.65,6996.6,10244.9,0.0,9496.6,6503.4,0.0,4499.869136986097
1731070258.3,20.5,1.522,0.0,1.77,6996.7,10245.05,0.0,9496.7,6503.3,0.0,4500.077006285559
1731070258.8,19.9,0.864,0.0,1.79,6996.8,10245.2,0.0,9496.8,6503.2,0.0,4500.284879871496
1731070259.3,19.8,0.557,0.0,1.66,6996.9,10245.35,0.0,9496.9,6503.1,0.0,4500.492757743312
1731070259.8,20.5,0.786,0.0,5.92,6997.0,10245.5,0.0,9497.0,6503.0,0.0,4500.700639900414
1731070260.3,19.8,0.676,0.0,1.72,6997.1,10245.65,0.0,9497.1,6502.9,0.0,4500.908526342209
1731070260.8,19.8,0.632,0.0,2.44,6997.2,10245.8,0.0,9497.2,6502.8,0.0,4501.116417068103
1731070261.3,19.8,0.771,0.0,1.46,6997.3,10245.95,0.0,9497.3,6502.7,0.0,4501.324312077503
1731070261.8,19.8,0.891,0.0,1.71,6997.4,10246.1,0.0,9497.4,6502.6,0.0,4501.532211369813
1731070262.31,20.5,0.782,0.0,1.49,6997.5,10246.25,0.0,9497.5,6502.5,0.0,4501.740114944442
1731070262.8,19.8,1.417,0.0,1.83,6997.6,10246.4,0.0,9497.6,6502.4,0.0,4501.948022800796
1731070263.3,19.9,0.881,0.0,1.81,6997.7,10246.55,0.0,9497.7,6502.3,0.0,4502.155934938282
1731070263.8,19.8,0.8,0.0,1.41,6997.8,10246.7,0.0,9497.8,6502.2,0.0,4502.363851356307
1731070264.3,20.5,0.646,0.0,1.86,6997.9,10246.85,0.0,9497.9,6502.1,0.0,4502.571772054278
1731070264.8,19.8,0.782,0.0,2.36,6998.0,10247.0,0.0,9498.0,6502.0,0.0,4502.779697031601
1731070265.3,19.8,0.882,0.0,2.04,6998.1,10247.15,0.0,9498.1,6501.9,0.0,4502.987626287685
1731070265.8,20.5,0.68,0.0,4.02,6998.2,10247.3,0.0,9498.2,6501.8,0.0,4503.195559821936
1731070266.3,19.8,0.809,0.0,2.25,6998.3,10247.45,0.0,9498.3,6501.7,0.0,4503.4034976337625
1731070266.8,19.8,0.738,0.0,2.78,6998.4,10247.6,0.0,9498.4,6501.6,0.0,4503.61143972257
1731070267.3,19.9,0.845,0.0,3.21,6998.5,10247.75,0.0,9498.5,6501.5,0.0,4503.819386087768
1731070267.8,20.5,0.832,0.0,2.36,6998.6,10247.9,0.0,9498.6,6501.4,0.0,4504.027336728764
1731070268.3,19.8,1.004,0.0,2.22,6998.7,10248.05,0.0,9498.7,6501.3,0.0,4504.2352916449645
1731070268.8,19.8,0.841,0.0,2.25,6998.8,10248.2,0.0,9498.8,6501.2,0.0,4504.4432508357795
1731070269.3,19.9,1.047,0.0,9.59,6998.9,10248.35,0.0,9498.9,6501.1,0.0,4504.651214300615
1731070269.8,19.8,1.049,0.0,3.22,6999.0,10248.5,0.0,9499.0,6501.0,0.0,4504.859182038879
1731070270.3,20.5,0.926,0.0,1.32,6999.1,10248.65,0.0,9499.1,6500.9,0.0,4505.067154049982
1731070270.8,19.8,1.208,0.0,2.28,6999.2,10248.8,0.0,9499.2,6500.8,0.0,4505.275130333329
1731070271.3,19.8,0.986,0.0,1.58,6999.3,10248.95,0.0,9499.3,6500.7,0.0,4505.483110888332
1731070271.8,19.8,0.876,0.0,1.38,6999.4,10249.1,0.0,9499.4,6500.6,0.0,4505.691095714396
1731070272.3,20.5,0.962,0.0,3.0,6999.5,10249.25,0.0,9499.5,6500.5,0.0,4505.899084810932
1731070272.8,19.8,0.896,0.0,1.69,6999.6,10249.4,0.0,9499.6,6500.4,0.0,4506.107078177349
1731070273.3,19.8,1.019,0.0,1.76,6999.7,10249.55,0.0,9499.7,6500.3,0.0,4506.315075813052
1731070273.8,19.8,1.015,0.0,6.77,6999.8,10249.7,0.0,9499.8,6500.2,0.0,4506.523077717455
1731070274.3,20.5,0.87,0.0,1.71,6999.9,10249.85,0.0,9499.9,6500.1,0.0,4506.731083889963
1731070274.8,19.8,0.895,0.0,1.86,7000.0,10250.0,0.0,9500.0,6500.0,0.0,4506.939094329987
1731070275.3,19.8,0.977,0.0,3.82,7000.1,10250.15,0.0,9500.1,6499.9,0.0,4507.147109036935
1731070275.8,19.8,1.062,0.0,1.69,7000.2,10250.3,0.0,9500.2,6499.8,0.0,4507.3551280102165
1731070276.3,20.5,1.057,0.0,1.72,7000.3,10250.45,0.0,9500.3,6499.7,0.0,4507.563151249243
1731070276.8,19.8,1.076,0.0,3.43,7000.4,10250.6,0.0,9500.4,6499.6,0.0,4507.77117875342
1731070277.3,19.8,1.016,0.0,1.84,7000.5,10250.75,0.0,9500.5,6499.5,0.0,4507.97921052216
1731070277.8,19.8,1.246,0.0,1.89,7000.6,10250.9,0.0,9500.6,6499.4,0.0,4508.187246554872
1731070278.3,20.5,1.089,0.0,2.53,7000.7,10251.05,0.0,9500.7,6499.3,0.0,4508.395286850965
1731070278.8,19.8,1.172,0.0,1.66,7000.8,10251.2,0.0,9500.8,6499.2,0.0,4508.60333140985
1731070279.3,19.8,1.214,0.0,2.19,7000.9,10251.35,0.0,9500.9,6499.1,0.0,4508.811380230936
1731070279.8,19.8,0.832,0.0,1.89,7001.0,10251.5,0.0,9501.0,6499.0,0.0,4509.019433313633
1731070280.3,19.8,0.526,0.0,2.07,7001.1,10251.65,0.0,9501.1,6498.9,0.0,4509.227490657352
1731070280.8,20.4,0.544,0.0,2.4,7001.2,10251.8,0.0,9501.2,6498.8,0.0,4509.4355522615015
1731070281.3,19.9,0.605,0.0,1.63,7001.3,10251.95,0.0,9501.3,6498.7,0.0,4509.643618125495
1731070281.8,19.9,0.64,0.0,2.91,7001.4,10252.1,0.0,9501.4,6498.6,0.0,4509.851688248739
1731070282.3,20.5,0.59,0.0,1.84,7001.5,10252.25,0.0,9501.5,6498.5,0.0,4510.059762630646
1731070282.8,19.8,0.583,0.0,1.65,7001.6,10252.4,0.0,9501.6,6498.4,0.0,4510.267841270626
1731070283.3,19.9,0.66,0.0,10.8,7001.7,10252.55,0.0,9501.7,6498.3,0.0,4510.475924168091
1731070283.8,19.8,0.765,0.0,2.54,7001.8,10252.7,0.0,9501.8,6498.2,0.0,4510.684011322452
1731070284.3,20.5,0.64,0.0,1.89,7001.9,10252.85,0.0,9501.9,6498.1,0.0,4510.892102733117
1731070284.8,19.9,0.707,0.0,3.39,7002.0,10253.0,0.0,9502.0,6498.0,0.0,4511.100198399499
1731070285.3,19.8,1.056,0.0,1.95,7002.1,10253.15,0.0,9502.1,6497.9,0.0,4511.308298321009
1731070285.8,19.8,0.857,0.0,1.76,7002.2,10253.3,0.0,9502.2,6497.8,0.0,4511.516402497058
1731070286.3,20.5,0.761,0.0,1.69,7002.3,10253.45,0.0,9502.3,6497.7,0.0,4511.724510927058
1731070286.8,19.9,0.935,0.0,1.71,7002.4,10253.6,0.0,9502.4,6497.6,0.0,4511.932623610419
1731070287.3,19.8,0.824,0.0,1.68,7002.5,10253.75,0.0,9502.5,6497.5,0.0,4512.140740546553
1731070287.8,19.8,0.838,0.0,5.91,7002.6,10253.9,0.0,9502.6,6497.4,0.0,4512.348861734872
1731070288.3,20.5,0.779,0.0,1.79,7002.7,10254.05,0.0,9502.7,6497.3,0.0,4512.5569871747875
1731070288.8,19.9,0.769,0.0,1.86,7002.8,10254.2,0.0,9502.8,6497.2,0.0,4512.765116865712
1731070289.3,19.8,0.852,0.0,1.41,7002.9,10254.35,0.0,9502.9,6497.1,0.0,4512.973250807056
1731070289.8,19.9,0.893,0.0,2.45,7003.0,10254.5,0.0,9503.0,6497.0,0.0,4513.18138899823
1731070290.3,20.5,1.095,0.0,1.61,7003.1,10254.65,0.0,9503.1,6496.9,0.0,4513.38953143865
1731070290.8,19.8,1.029,0.0,1.59,7003.2,10254.8,0.0,9503.2,6496.8,0.0,4513.597678127726
1731070291.3,19.8,1.001,0.0,2.96,7003.3,10254.95,0.0,9503.3,6496.7,0.0,4513.8058290648705
1731070291.8,19.8,1.162,0.0,1.95,7003.4,10255.1,0.0,9503.4,6496.6,0.0,4514.013984249495
1731070292.3,20.5,1.027,0.0,2.86,7003.5,10255.25,0.0,9503.5,6496.5,0.0,4514.222143681013
1731070292.8,19.8,0.957,0.0,1.8,7003.6,10255.4,0.0,9503.6,6496.4,0.0,4514.430307358836
1731070293.3,19.8,0.824,0.0,1.61,7003.7,10255.55,0.0,9503.7,6496.3,0.0,4514.638475282378
1731070293.8,20.5,0.76,0.0,1.86,7003.8,10255.7,0.0,9503.8,6496.2,0.0,4514.846647451052
1731070294.3,19.8,0.839,0.0,3.25,7003.9,10255.85,0.0,9503.9,6496.1,0.0,4515.054823864269
1731070294.8,19.8,0.793,0.0,1.88,7004.0,10256.0,0.0,9504.0,6496.0,0.0,4515.263004521442
1731070295.3,19.8,1.031,0.0,1.87,7004.1,10256.15,0.0,9504.1,6495.9,0.0,4515.471189421985
1731070295.8,20.5,0.918,0.0,1.76,7004.2,10256.3,0.0,9504.2,6495.8,0.0,4515.679378565312
1731070296.3,19.8,1.147,0.0,1.73,7004.3,10256.45,0.0,9504.3,6495.7,0.0,4515.887571950834
1731070296.8,19.9,1.06,0.0,1.79,7004.4,10256.6,0.0,9504.4,6495.6,0.0,4516.095769577966
1731070297.3,19.8,0.964,0.0,8.91,7004.5,10256.75,0.0,9504.5,6495.5,0.0,4516.30397144612
1731070297.8,19.8,1.245,0.0,1.82,7004.6,10256.9,0.0,9504.6,6495.4,0.0,4516.512177554711
1731070298.3,20.5,1.105,0.0,1.78,7004.7,10257.05,0.0,9504.7,6495.3,0.0,4516.720387903151
1731070298.8,19.8,1.081,0.0,1.54,7004.8,10257.2,0.0,9504.8,6495.2,0.0,4516.928602490857
1731070299.3,19.8,1.516,0.0,2.24,7004.9,10257.35,0.0,9504.9,6495.1,0.0,4517.136821317238
1731070299.8,19.9,1.208,0.0,1.66,7005.0,10257.5,0.0,9505.0,6495.0,0.0,4517.345044381711
1731070300.3,20.5,1.276,0.0,1.63,7005.1,10257.65,0.0,9505.1,6494.9,0.0,4517.553271683689
1731070300.8,19.8,1.219,0.0,2.3,7005.2,10257.8,0.0,9505.2,6494.8,0.0,4517.761503222586
1731070301.3,19.8,0.862,0.0,1.96,7005.3,10257.95,0.0,9505.3,6494.7,0.0,4517.969738997817
1731070301.8,19.8,0.595,0.0,4.53,7005.4,10258.1,0.0,9505.4,6494.6,0.0,4518.177979008795
1731070302.3,20.5,0.599,0.0,3.49,7005.5,10258.25,0.0,9505.5,6494.5,0.0,4518.386223254935
1731070302.8,19.8,0.561,0.0,1.59,7005.6,10258.4,0.0,9505.6,6494.4,0.0,4518.594471735652
1731070303.3,19.8,0.488,0.0,2.2,7005.7,10258.55,0.0,9505.7,6494.3,0.0,4518.80272445036
1731070303.8,20.5,0.527,0.0,3.51,7005.8,10258.7,0.0,9505.8,6494.2,0.0,4519.0109813984745
1731070304.3,19.8,0.759,0.0,2.17,7005.9,10258.85,0.0,9505.9,6494.1,0.0,4519.219242579408
1731070304.8,19.9,0.841,0.0,2.0,7006.0,10259.0,0.0,9506.0,6494.0,0.0,4519.427507992577
1731070305.3,19.8,0.682,0.0,2.13,7006.1,10259.15,0.0,9506.1,6493.9,0.0,4519.635777637397
1731070305.8,19.8,0.608,0.0,2.12,7006.2,10259.3,0.0,9506.2,6493.8,0.0,4519.844051513282
1731070306.3,20.5,0.637,0.0,4.73,7006.3,10259.45,0.0,9506.3,6493.7,0.0,4520.052329619648
1731070306.8,19.8,0.542,0.0,1.8,7006.4,10259.6,0.0,9506.4,6493.6,0.0,4520.260611955908
1731070307.3,19.8,1.11,0.0,3.18,7006.5,10259.75,0.0,9506.5,6493.5,0.0,4520.46889852148
1731070307.8,20.5,0.725,0.0,1.94,7006.6,10259.9,0.0,9506.6,6493.4,0.0,4520.6771893157775
1731070308.3,19.8,0.685,0.0,1.55,7006.7,10260.05,0.0,9506.7,6493.3,0.0,4520.885484338217
1731070308.8,19.8,0.827,0.0,3.35,7006.8,10260.2,0.0,9506.8,6493.2,0.0,4521.093783588215
1731070309.3,19.8,1.026,0.0,1.83,7006.9,10260.35,0.0,9506.9,6493.1,0.0,4521.302087065185
1731070309.8,19.8,0.95,0.0,1.84,7007.0,10260.5,0.0,9507.0,6493.0,0.0,4521.510394768545
1731070310.3,20.5,0.944,0.0,3.4,7007.1,10260.65,0.0,9507.1,6492.9,0.0,4521.7187066977085
1731070310.8,19.8,0.881,0.0,1.5,7007.2,10260.8,0.0,9507.2,6492.8,0.0,4521.927022852094
1731070311.3,19.9,1.156,0.0,12.9,7007.3,10260.95,0.0,9507.3,6492.7,0.0,4522.135343231116
1731070311.8,20.5,0.951,0.0,1.88,7007.4,10261.1,0.0,9507.4,6492.6,0.0,4522.3436678341905
1731070312.3,19.8,1.131,0.0,1.83,7007.5,10261.25,0.0,9507.5,6492.5,0.0,4522.551996660735
1731070312.8,19.8,0.88,0.0,1.92,7007.6,10261.4,0.0,9507.6,6492.4,0.0,4522.760329710165
1731070313.3,19.8,0.897,0.0,1.5,7007.7,10261.55,0.0,9507.7,6492.3,0.0,4522.968666981897
1731070313.8,19.8,0.981,0.0,2.84,7007.8,10261.7,0.0,9507.8,6492.2,0.0,4523.177008475349
1731070314.3,20.5,0.85,0.0,3.21,7007.9,10261.85,0.0,9507.9,6492.1,0.0,4523.385354189934
1731070314.8,19.9,0.756,0.0,2.7,7008.0,10262.0,0.0,9508.0,6492.0,0.0,4523.593704125074
1731070315.3,19.8,0.737,0.0,4.36,7008.1,10262.15,0.0,9508.1,6491.9,0.0,4523.802058280181
1731070315.8,20.5,0.822,0.0,7.59,7008.2,10262.3,0.0,9508.2,6491.8,0.0,4524.0104166546735
1731070316.3,19.9,0.721,0.0,2.22,7008.3,10262.45,0.0,9508.3,6491.7,0.0,4524.218779247972
1731070316.8,19.8,1.159,0.0,3.81,7008.4,10262.6,0.0,9508.4,6491.6,0.0,4524.427146059487
1731070317.3,19.8,0.953,0.0,2.1,7008.5,10262.75,0.0,9508.5,6491.5,0.0,4524.635517088642
1731070317.8,19.8,1.005,0.0,2.61,7008.6,10262.9,0.0,9508.6,6491.4,0.0,4524.84389233485
1731070318.3,20.5,1.042,0.0,3.46,7008.7,10263.05,0.0,9508.7,6491.3,0.0,4525.052271797531
1731070318.8,19.8,1.018,0.0,1.94,7008.8,10263.2,0.0,9508.8,6491.2,0.0,4525.260655476102
1731070319.3,19.8,0.906,0.0,2.18,7008.9,10263.35,0.0,9508.9,6491.1,0.0,4525.46904336998
1731070319.8,19.8,1.09,0.0,1.91,7009.0,10263.5,0.0,9509.0,6491.0,0.0,4525.677435478583
1731070320.3,20.5,1.115,0.0,5.78,7009.1,10263.65,0.0,9509.1,6490.9,0.0,4525.885831801328
1731070320.8,19.8,1.171,0.0,1.76,7009.2,10263.8,0.0,9509.2,6490.8,0.0,4526.094232337634
1731070321.3,19.8,1.189,0.0,1.45,7009.3,10263.95,0.0,9509.3,6490.7,0.0,4526.302637086919
1731070321.8,19.8,1.25,0.0,2.05,7009.4,10264.1,0.0,9509.4,6490.6,0.0,4526.511046048601
1731070322.3,20.5,1.671,0.0,1.9,7009.5,10264.25,0.0,9509.5,6490.5,0.0,4526.719459222098
1731070322.8,19.8,0.917,0.0,1.46,7009.6,10264.4,0.0,9509.6,6490.4,0.0,4526.927876606827
1731070323.3,19.8,0.852,0.0,2.54,7009.7,10264.55,0.0,9509.7,6490.3,0.0,4527.136298202208
1731070323.8,20.5,0.752,0.0,2.2,7009.8,10264.7,0.0,9509.8,6490.2,0.0,4527.344724007661
1731070324.3,19.8,0.671,0.0,1.54,7009.9,10264.85,0.0,9509.9,6490.1,0.0,4527.553154022601
1731070324.8,19.8,0.928,0.0,3.67,7010.0,10265.0,0.0,9510.0,6490.0,0.0,4527.761588246448
1731070325.3,19.9,0.668,0.0,8.41,7010.1,10265.15,0.0,9510.1,6489.9,0.0,4527.970026678622
1731070325.8,20.5,0.823,0.0,2.09,7010.2,10265.3,0.0,9510.2,6489.8,0.0,4528.17846931854
1731070326.3,19.9,0.59,0.0,2.14,7010.3,10265.45,0.0,9510.3,6489.7,0.0,4528.386916165623
1731070326.8,19.8,0.8,0.0,1.76,7010.4,10265.6,0.0,9510.4,6489.6,0.0,4528.595367219288
1731070327.3,19.8,0.743,0.0,1.81,7010.5,10265.75,0.0,9510.5,6489.5,0.0,4528.803822478955
1731070327.8,20.5,0.81,0.0,1.77,7010.6,10265.9,0.0,9510.6,6489.4,0.0,4529.012281944044
1731070328.3,19.8,0.666,0.0,1.78,7010.7,10266.05,0.0,9510.7,6489.3,0.0,4529.220745613973
1731070328.8,19.8,0.772,0.0,1.75,7010.8,10266.2,0.0,9510.8,6489.2,0.0,4529.429213488163
1731070329.3,19.8,0.77,0.0,1.96,7010.9,10266.35,0.0,9510.9,6489.1,0.0,4529.637685566032
1731070329.8,19.8,0.863,0.0,7.92,7011.0,10266.5,0.0,9511.0,6489.0,0.0,4529.846161847
1731070330.3,20.5,0.999,0.0,1.79,7011.1,10266.65,0.0,9511.1,6488.9,0.0,4530.054642330488
1731070330.8,19.9,0.872,0.0,1.63,7011.2,10266.8,0.0,9511.2,6488.8,0.0,4530.263127015913
1731070331.3,19.8,0.845,0.0,2.24,7011.3,10266.95,0.0,9511.3,6488.7,0.0,4530.471615902698
1731070331.8,20.5,0.921,0.0,3.53,7011.4,10267.1,0.0,9511.4,6488.6,0.0,4530.680108990261
1731070332.3,19.8,0.827,0.0,1.52,7011.5,10267.25,0.0,9511.5,6488.5,0.0,4530.888606278022
1731070332.8,19.9,0.944,0.0,2.82,7011.6,10267.4,0.0,9511.6,6488.4,0.0,4531.097107765403
1731070333.3,19.8,0.976,0.0,1.82,7011.7,10267.55,0.0,9511.7,6488.3,0.0,4531.305613451822
1731070333.8,19.8,0.906,0.0,1.85,7011.8,10267.7,0.0,9511.8,6488.2,0.0,4531.514123336702
1731070334.3,20.5,1.009,0.0,3.65,7011.9,10267.85,0.0,9511.9,6488.1,0.0,4531.7226374194615
1731070334.8,19.8,0.894,0.0,1.6,7012.0,10268.0,0.0,9512.0,6488.0,0.0,4531.931155699522
1731070335.3,19.8,0.894,0.0,1.89,7012.1,10268.15,0.0,9512.1,6487.9,0.0,4532.139678176302
1731070335.8,19.8,0.744,0.0,3.46,7012.2,10268.3,0.0,9512.2,6487.8,0.0,4532.348204849225
1731070336.3,20.5,0.919,0.0,1.8,7012.3,10268.45,0.0,9512.3,6487.7,0.0,4532.556735717712
1731070336.8,19.8,0.785,0.0,2.13,7012.4,10268.6,0.0,9512.4,6487.6,0.0,4532.765270781182
1731070337.3,19.8,0.937,0.0,2.53,7012.5,10268.75,0.0,9512.5,6487.5,0.0,4532.973810039057
1731070337.8,19.9,1.031,0.0,1.54,7012.6,10268.9,0.0,9512.6,6487.4,0.0,4533.182353490757
1731070338.3,20.5,1.022,0.0,1.85,7012.7,10269.05,0.0,9512.7,6487.3,0.0,4533.390901135705
1731070338.8,19.8,0.88,0.0,1.83,7012.8,10269.2,0.0,9512.8,6487.2,0.0,4533.599452973322
1731070339.3,19.8,1.178,0.0,8.18,7012.9,10269.35,0.0,9512.9,6487.1,0.0,4533.808009003028
1731070339.8,19.8,0.921,0.0,1.75,7013.0,10269.5,0.0,9513.0,6487.0,0.0,4534.016569224245
1731070340.3,20.5,1.26,0.0,1.71,7013.1,10269.65,0.0,9513.1,6486.9,0.0,4534.225133636397
1731070340.8,19.8,0.959,0.0,1.75,7013.2,10269.8,0.0,9513.2,6486.8,0.0,4534.433702238902
1731070341.3,19.8,1.141,0.0,2.06,7013.3,10269.95,0.0,9513.3,6486.7,0.0,4534.642275031185
1731070341.8,19.8,1.259,0.0,1.71,7013.4,10270.1,0.0,9513.4,6486.6,0.0,4534.850852012666
1731070342.3,20.5,1.182,0.0,2.15,7013.5,10270.25,0.0,9513.5,6486.5,0.0,4535.059433182767
1731070342.8,19.8,1.32,0.0,2.25,7013.6,10270.4,0.0,9513.6,6486.4,0.0,4535.268018540911
1731070343.3,19.8,1.257,0.0,1.85,7013.7,10270.55,0.0,9513.7,6486.3,0.0,4535.476608086519
1731070343.8,19.8,1.185,0.0,6.65,7013.8,10270.7,0.0,9513.8,6486.2,0.0,4535.685201819016
1731070344.3,19.8,0.605,0.0,1.68,7013.9,10270.85,0.0,9513.9,6486.1,0.0,4535.89379973782
1731070344.8,20.5,0.633,0.0,1.96,7014.0,10271.0,0.0,9514.0,6486.0,0.0,4536.102401842357
1731070345.3,19.8,0.707,0.0,3.07,7014.1,10271.15,0.0,9514.1,6485.9,0.0,4536.311008132048
1731070345.8,20.5,0.76,0.0,1.74,7014.2,10271.3,0.0,9514.2,6485.8,0.0,4536.519618606316
1731070346.3,19.8,0.795,0.0,1.71,7014.3,10271.45,0.0,9514.3,6485.7,0.0,4536.7282332645855
1731070346.8,19.8,0.919,0.0,1.89,7014.4,10271.6,0.0,9514.4,6485.6,0.0,4536.936852106275
1731070347.3,19.9,0.976,0.0,2.05,7014.5,10271.75,0.0,9514.5,6485.5,0.0,4537.145475130812
1731070347.8,20.5,0.854,0.0,1.64,7014.6,10271.9,0.0,9514.6,6485.4,0.0,4537.3541023376165
1731070348.3,19.8,0.614,0.0,2.34,7014.7,10272.05,0.0,9514.7,6485.3,0.0,4537.562733726113
1731070348.8,19.8,0.837,0.0,2.73,7014.8,10272.2,0.0,9514.8,6485.2,0.0,4537.771369295726
1731070349.3,19.8,0.621,0.0,1.65,7014.9,10272.35,0.0,9514.9,6485.1,0.0,4537.980009045875
1731070349.8,19.8,0.785,0.0,1.55,7015.0,10272.5,0.0,9515.0,6485.0,0.0,4538.188652975987
1731070350.3,20.5,0.994,0.0,3.09,7015.1,10272.65,0.0,9515.1,6484.9,0.0,4538.397301085483
1731070350.8,19.8,0.83,0.0,1.78,7015.2,10272.8,0.0,9515.2,6484.8,0.0,4538.605953373789
1731070351.3,19.8,0.795,0.0,1.84,7015.3,10272.95,0.0,9515.3,6484.7,0.0,4538.814609840328
1731070351.8,20.5,0.689,0.0,3.46,7015.4,10273.1,0.0,9515.4,6484.6,0.0,4539.023270484521
1731070352.3,19.8,0.808,0.0,2.67,7015.5,10273.25,0.0,9515.5,6484.5,0.0,4539.231935305796
1731070352.8,19.9,0.671,0.0,2.17,7015.6,10273.4,0.0,9515.6,6484.4,0.0,4539.440604303574
1731070353.3,19.8,0.842,0.0,12.7,7015.7,10273.55,0.0,9515.7,6484.3,0.0,4539.6492774772805
1731070353.8,19.8,1.089,0.0,2.24,7015.8,10273.7,0.0,9515.8,6484.2,0.0,4539.857954826341
1731070354.3,20.5,0.905,0.0,2.37,7015.9,10273.85,0.0,9515.9,6484.1,0.0,4540.066636350176
1731070354.8,19.8,0.976,0.0,2.35,7016.0,10274.0,0.0,9516.0,6484.0,0.0,4540.275322048213
1731070355.3,19.8,0.925,0.0,2.15,7016.1,10274.15,0.0,9516.1,6483.9,0.0,4540.484011919874
1731070355.8,20.5,0.911,0.0,2.0,7016.2,10274.3,0.0,9516.2,6483.8,0.0,4540.692705964586
1731070356.3,19.8,1.092,0.0,1.7,7016.3,10274.45,0.0,9516.3,6483.7,0.0,4540.901404181774
1731070356.8,19.8,0.868,0.0,2.62,7016.4,10274.6,0.0,9516.4,6483.6,0.0,4541.110106570859
1731070357.3,19.9,0.802,0.0,2.19,7016.5,10274.75,0.0,9516.5,6483.5,0.0,4541.318813131269
1731070357.8,20.5,0.916,0.0,7.26,7016.6,10274.9,0.0,9516.6,6483.4,0.0,4541.527523862428
1731070358.3,19.8,0.861,0.0,2.53,7016.7,10275.05,0.0,9516.7,6483.3,0.0,4541.736238763761
1731070358.8,19.8,0.812,0.0,1.62,7016.8,10275.2,0.0,9516.8,6483.2,0.0,4541.944957834695
1731070359.3,19.8,1.076,0.0,1.53,7016.9,10275.35,0.0,9516.9,6483.1,0.0,4542.153681074651
1731070359.8,19.9,0.896,0.0,3.58,7017.0,10275.5,0.0,9517.0,6483.0,0.0,4542.362408483057
1731070360.3,20.5,0.763,0.0,1.76,7017.1,10275.65,0.0,9517.1,6482.9,0.0,4542.571140059339
1731070360.8,19.9,1.192,0.0,2.02,7017.2,10275.8,0.0,9517.2,6482.8,0.0,4542.77987580292
1731070361.3,19.8,0.929,0.0,2.61,7017.3,10275.95,0.0,9517.3,6482.7,0.0,4542.98861571323
1731070361.8,19.8,0.946,0.0,1.4,7017.4,10276.1,0.0,9517.4,6482.6,0.0,4543.197359789689
1731070362.3,20.5,1.246,0.0,2.62,7017.5,10276.25,0.0,9517.5,6482.5,0.0,4543.406108031726
1731070362.8,19.8,1.638,0.0,3.33,7017.6,10276.4,0.0,9517.6,6482.4,0.0,4543.614860438767
1731070363.3,19.8,1.401,0.0,2.02,7017.7,10276.55,0.0,9517.7,6482.3,0.0,4543.823617010237
1731070363.8,20.5,1.027,0.0,1.64,7017.8,10276.7,0.0,9517.8,6482.2,0.0,4544.032377745564
1731070364.3,19.9,1.333,0.0,1.49,7017.9,10276.85,0.0,9517.9,6482.1,0.0,4544.241142644171
1731070364.8,19.8,1.387,0.0,2.365,7018.0,10277.0,0.0,9518.0,6482.0,0.0,4544.449911705486
1731070365.3,19.8,1.058,0.0,3.24,7018.1,10277.15,0.0,9518.1,6481.9,0.0,4544.658684928935
1731070365.8,19.9,0.63,0.0,1.91,7018.2,10277.3,0.0,9518.2,6481.8,0.0,4544.867462313945
1731070366.3,20.5,0.503,0.0,1.67,7018.3,10277.45,0.0,9518.3,6481.7,0.0,4545.076243859942
1731070366.8,19.8,0.553,0.0,1.81,7018.4,10277.6,0.0,9518.4,6481.6,0.0,4545.285029566353
1731070367.3,19.8,0.631,0.0,2.97,7018.5,10277.75,0.0,9518.5,6481.5,0.0,4545.493819432604
1731070367.8,20.5,0.478,0.0,10.4,7018.6,10277.9,0.0,9518.6,6481.4,0.0,4545.702613458122
1731070368.3,19.8,0.786,0.0,3.52,7018.7,10278.05,0.0,9518.7,6481.3,0.0,4545.911411642333
1731070368.8,19.8,0.752,0.0,2.57,7018.8,10278.2,0.0,9518.8,6481.2,0.0,4546.120213984668
1731070369.3,19.9,0.633,0.0,2.07,7018.9,10278.35,0.0,9518.9,6481.1,0.0,4546.329020484549
1731070369.8,19.8,0.63,0.0,3.86,7019.0,10278.5,0.0,9519.0,6481.0,0.0,4546.537831141406
1731070370.3,20.5,0.708,0.0,1.81,7019.1,10278.65,0.0,9519.1,6480.9,0.0,4546.746645954666
1731070370.8,19.8,0.768,0.0,1.89,7019.2,10278.8,0.0,9519.2,6480.8,0.0,4546.955464923754
1731070371.3,19.8,0.67,0.0,2.74,7019.3,10278.95,0.0,9519.3,6480.7,0.0,4547.164288048102
1731070371.8,19.9,0.789,0.0,1.43,7019.4,10279.1,0.0,9519.4,6480.6,0.0,4547.373115327134
1731070372.3,20.5,0.87,0.0,5.82,7019.5,10279.25,0.0,9519.5,6480.5,0.0,4547.581946760278
1731070372.8,19.8,0.753,0.0,3.09,7019.6,10279.4,0.0,9519.6,6480.4,0.0,4547.790782346963
1731070373.3,19.9,0.698,0.0,1.92,7019.7,10279.55,0.0,9519.7,6480.3,0.0,4547.999622086615
1731070373.8,19.8,1.062,0.0,2.04,7019.8,10279.7,0.0,9519.8,6480.2,0.0,4548.208465978665
1731070374.3,20.5,1.082,0.0,1.78,7019.9,10279.85,0.0,9519.9,6480.1,0.0,4548.417314022538
1731070374.8,19.8,0.88,0.0,1.75,7020.0,10280.0,0.0,9520.0,6480.0,0.0,4548.626166217664
1731070375.3,19.9,1.008,0.0,1.73,7020.1,10280.15,0.0,9520.1,6479.9,0.0,4548.8350225634695
1731070375.8,20.5,0.852,0.0,1.47,7020.2,10280.3,0.0,9520.2,6479.8,0.0,4549.043883059384
1731070376.3,19.8,0.981,0.0,2.08,7020.3,10280.45,0.0,9520.3,6479.7,0.0,4549.252747704836
1731070376.8,19.8,0.984,0.0,5.55,7020.4,10280.6,0.0,9520.4,6479.6,0.0,4549.461616499253
1731070377.3,19.8,1.034,0.0,1.29,7020.5,10280.75,0.0,9520.5,6479.5,0.0,4549.670489442065
1731070377.8,19.9,1.115,0.0,3.77,7020.6,10280.9,0.0,9520.6,6479.4,0.0,4549.879366532699
1731070378.3,20.5,0.851,0.0,1.77,7020.7,10281.05,0.0,9520.7,6479.3,0.0,4550.088247770585
1731070378.8,19.8,0.92,0.0,1.99,7020.8,10281.2,0.0,9520.8,6479.2,0.0,4550.297133155153
1731070379.3,19.8,1.077,0.0,3.2,7020.9,10281.35,0.0,9520.9,6479.1,0.0,4550.506022685829
1731070379.8,19.8,0.908,0.0,1.69,7021.0,10281.5,0.0,9521.0,6479.0,0.0,4550.714916362043
1731070380.3,20.5,0.858,0.0,2.1,7021.1,10281.65,0.0,9521.1,6478.9,0.0,4550.923814183226
1731070380.8,19.8,1.006,0.0,2.61,7021.2,10281.8,0.0,9521.2,6478.8,0.0,4551.132716148804
1731070381.3,19.8,0.972,0.0,1.73,7021.3,10281.95,0.0,9521.3,6478.7,0.0,4551.341622258211
1731070381.8,19.9,0.837,0.0,10.9,7021.4,10282.1,0.0,9521.4,6478.6,0.0,4551.550532510872
1731070382.3,20.5,0.81,0.0,2.27,7021.5,10282.25,0.0,9521.5,6478.5,0.0,4551.759446906218
1731070382.8,19.8,1.153,0.0,1.83,7021.6,10282.4,0.0,9521.6,6478.4,0.0,4551.968365443679
1731070383.3,19.8,0.941,0.0,2.2,7021.7,10282.55,0.0,9521.7,6478.3,0.0,4552.177288122684
1731070383.8,19.9,1.166,0.0,1.81,7021.8,10282.7,0.0,9521.8,6478.2,0.0,4552.386214942665
1731070384.3,20.5,1.007,0.0,3.37,7021.9,10282.85,0.0,9521.9,6478.1,0.0,4552.595145903048
1731070384.8,19.8,1.427,0.0,1.93,7022.0,10283.0,0.0,9522.0,6478.0,0.0,4552.804081003267
1731070385.3,19.8,1.449,0.0,2.55,7022.1,10283.15,0.0,9522.1,6477.9,0.0,4553.013020242749
1731070385.8,19.8,1.201,0.0,3.6,7022.2,10283.3,0.0,9522.2,6477.8,0.0,4553.221963620926
1731070386.3,20.5,1.123,0.0,9.26,7022.3,10283.45,0.0,9522.3,6477.7,0.0,4553.430911137228
1731070386.8,19.8,0.798,0.0,2.35,7022.4,10283.6,0.0,9522.4,6477.6,0.0,4553.639862791084
1731070387.3,19.8,0.48,0.0,1.89,7022.5,10283.75,0.0,9522.5,6477.5,0.0,4553.848818581926
1731070387.8,19.8,0.631,0.0,1.69,7022.6,10283.9,0.0,9522.6,6477.4,0.0,4554.057778509184
1731070388.3,20.5,0.62,0.0,2.26,7022.7,10284.05,0.0,9522.7,6477.3,0.0,4554.2667425722875
1731070388.8,19.8,0.554,0.0,2.15,7022.8,10284.2,0.0,9522.8,6477.2,0.0,4554.47571077067
1731070389.3,19.8,0.62,0.0,2.66,7022.9,10284.35,0.0,9522.9,6477.1,0.0,4554.68468310376
1731070389.8,19.8,0.59,0.0,2.24,7023.0,10284.5,0.0,9523.0,6477.0,0.0,4554.893659570989
1731070390.3,20.5,0.923,0.0,1.63,7023.1,10284.65,0.0,9523.1,6476.9,0.0,4555.102640171789
1731070390.8,19.8,0.931,0.0,5.81,7023.2,10284.8,0.0,9523.2,6476.8,0.0,4555.311624905589
1731070391.3,19.9,0.597,0.0,1.67,7023.3,10284.95,0.0,9523.3,6476.7,0.0,4555.520613771822
1731070391.8,20.5,0.502,0.0,1.47,7023.4,10285.1,0.0,9523.4,6476.6,0.0,4555.729606769919
1731070392.3,19.8,0.742,0.0,2.85,7023.5,10285.25,0.0,9523.5,6476.5,0.0,4555.938603899311
1731070392.8,19.8,0.737,0.0,2.05,7023.6,10285.4,0.0,9523.6,6476.4,0.0,4556.147605159429
1731070393.3,19.8,0.772,0.0,1.99,7023.7,10285.55,0.0,9523.7,6476.3,0.0,4556.356610549705
1731070393.8,19.8,0.771,0.0,3.44,7023.8,10285.7,0.0,9523.8,6476.2,0.0,4556.565620069572
1731070394.3,20.5,0.724,0.0,1.76,7023.9,10285.85,0.0,9523.9,6476.1,0.0,4556.774633718459
1731070394.8,19.8,0.932,0.0,2.07,7024.0,10286.0,0.0,9524.0,6476.0,0.0,4556.983651495801
1731070395.3,19.8,0.876,0.0,1.7,7024.1,10286.15,0.0,9524.1,6475.9,0.0,4557.192673401027
1731070395.8,20.5,0.799,0.0,1.54,7024.2,10286.3,0.0,9524.2,6475.8,0.0,4557.401699433571
1731070396.3,19.8,0.72,0.0,1.91,7024.3,10286.45,0.0,9524.3,6475.7,0.0,4557.610729592865
1731070396.8,19.8,1.136,0.0,1.7,7024.4,10286.6,0.0,9524.4,6475.6,0.0,4557.8197638783395
1731070397.3,19.8,1.056,0.0,2.68,7024.5,10286.75,0.0,9524.5,6475.5,0.0,4558.028802289428
1731070397.8,19.9,1.064,0.0,1.97,7024.6,10286.9,0.0,9524.6,6475.4,0.0,4558.237844825564
1731070398.3,20.5,0.975,0.0,1.49,7024.7,10287.05,0.0,9524.7,6475.3,0.0,4558.446891486177
1731070398.8,19.8,0.933,0.0,3.33,7024.8,10287.2,0.0,9524.8,6475.2,0.0,4558.655942270704
1731070399.3,19.8,0.834,0.0,1.71,7024.9,10287.35,0.0,9524.9,6475.1,0.0,4558.864997178574
1731070399.8,19.9,0.902,0.0,1.78,7025.0,10287.5,0.0,9525.0,6475.0,0.0,4559.074056209221
1731070400.3,20.5,0.993,0.0,14.0,7025.1,10287.65,0.0,9525.1,6474.9,0.0,4559.283119362078
1731070400.8,19.9,0.745,0.0,1.7,7025.2,10287.8,0.0,9525.2,6474.8,0.0,4559.492186636578
1731070401.3,19.8,0.741,0.0,3.92,7025.3,10287.95,0.0,9525.3,6474.7,0.0,4559.701258032153
1731070401.8,20.5,0.865,0.0,1.79,7025.4,10288.1,0.0,9525.4,6474.6,0.0,4559.910333548238
1731070402.3,19.8,0.718,0.0,1.38,7025.5,10288.25,0.0,9525.5,6474.5,0.0,4560.119413184264
1731070402.8,19.8,0.809,0.0,1.89,7025.6,10288.4,0.0,9525.6,6474.4,0.0,4560.328496939666
1731070403.3,19.8,0.936,0.0,2.99,7025.7,10288.55,0.0,9525.7,6474.3,0.0,4560.537584813877
1731070403.8,19.8,0.885,0.0,1.7,7025.8,10288.7,0.0,9525.8,6474.2,0.0,4560.746676806332
1731070404.3,20.5,0.94,0.0,1.68,7025.9,10288.85,0.0,9525.9,6474.1,0.0,4560.955772916462
1731070404.8,19.9,1.363,0.0,6.22,7026.0,10289.0,0.0,9526.0,6474.0,0.0,4561.164873143702
1731070405.3,19.8,1.268,0.0,1.82,7026.1,10289.15,0.0,9526.1,6473.9,0.0,4561.373977487485
1731070405.8,19.9,1.318,0.0,1.84,7026.2,10289.3,0.0,9526.2,6473.8,0.0,4561.583085947245
1731070406.3,20.5,1.016,0.0,1.75,7026.3,10289.45,0.0,9526.3,6473.7,0.0,4561.792198522418
1731070406.8,19.8,1.147,0.0,2.14,7026.4,10289.6,0.0,9526.4,6473.6,0.0,4562.001315212437
1731070407.3,19.8,1.216,0.0,1.65,7026.5,10289.75,0.0,9526.5,6473.5,0.0,4562.210436016734
1731070407.8,19.9,0.925,0.0,1.68,7026.6,10289.9,0.0,9526.6,6473.4,0.0,4562.419560934746
1731070408.3,19.8,0.533,0.0,3.67,7026.7,10290.05,0.0,9526.7,6473.3,0.0,4562.628689965905
1731070408.8,20.5,0.671,0.0,1.8,7026.8,10290.2,0.0,9526.8,6473.2,0.0,4562.837823109649
1731070409.3,19.8,0.754,0.0,1.89,7026.9,10290.35,0.0,9526.9,6473.1,0.0,4563.046960365409
1731070409.8,20.5,0.625,0.0,3.18,7027.0,10290.5,0.0,9527.0,6473.0,0.0,4563.256101732622
1731070410.3,19.8,0.511,0.0,1.57,7027.1,10290.65,0.0,9527.1,6472.9,0.0,4563.46524721072
1731070410.8,19.9,0.769,0.0,1.84,7027.2,10290.8,0.0,9527.2,6472.8,0.0,4563.674396799141
1731070411.3,19.8,0.666,0.0,2.54,7027.3,10290.95,0.0,9527.3,6472.7,0.0,4563.883550497318
1731070411.8,20.5,0.873,0.0,1.61,7027.4,10291.1,0.0,9527.4,6472.6,0.0,4564.092708304685
1731070412.3,19.8,0.974,0.0,1.93,7027.5,10291.25,0.0,9527.5,6472.5,0.0,4564.30187022068
1731070412.8,19.8,0.916,0.0,2.83,7027.6,10291.4,0.0,9527.6,6472.4,0.0,4564.511036244737
1731070413.3,19.8,0.774,0.0,1.67,7027.7,10291.55,0.0,9527.7,6472.3,0.0,4564.72020637629
1731070413.8,19.8,0.747,0.0,2.06,7027.8,10291.7,0.0,9527.8,6472.2,0.0,4564.929380614776
1731070414.3,20.5,0.876,0.0,8.47,7027.9,10291.85,0.0,9527.9,6472.1,0.0,4565.138558959629
1731070414.8,19.8,1.205,0.0,1.81,7028.0,10292.0,0.0,9528.0,6472.0,0.0,4565.347741410286
1731070415.3,19.8,0.797,0.0,1.83,7028.1,10292.15,0.0,9528.1,6471.9,0.0,4565.556927966182
1731070415.8,20.5,0.768,0.0,2.38,7028.2,10292.3,0.0,9528.2,6471.8,0.0,4565.766118626752
1731070416.3,19.8,1.346,0.0,1.59,7028.3,10292.45,0.0,9528.3,6471.7,0.0,4565.975313391434
1731070416.8,19.9,0.869,0.0,1.74,7028.4,10292.6,0.0,9528.4,6471.6,0.0,4566.1845122596615
1731070417.3,19.8,0.849,0.0,1.62,7028.5,10292.75,0.0,9528.5,6471.5,0.0,4566.393715230872
1731070417.8,20.5,0.827,0.0,1.57,7028.6,10292.9,0.0,9528.6,6471.4,0.0,4566.6029223045
1731070418.3,19.8,1.078,0.0,1.72,7028.7,10293.05,0.0,9528.7,6471.3,0.0,4566.8121334799835
1731070418.8,19.9,1.025,0.0,1.98,7028.8,10293.2,0.0,9528.8,6471.2,0.0,4567.021348756759
1731070419.3,19.8,0.967,0.0,2.27,7028.9,10293.35,0.0,9528.9,6471.1,0.0,4567.2305681342605
1731070419.8,19.8,0.961,0.0,1.73,7029.0,10293.5,0.0,9529.0,6471.0,0.0,4567.439791611927
1731070420.3,20.5,1.273,0.0,1.66,7029.1,10293.65,0.0,9529.1,6470.9,0.0,4567.6490191891935
1731070420.8,19.8,0.926,0.0,4.62,7029.2,10293.8,0.0,9529.2,6470.8,0.0,4567.858250865497
1731070421.3,19.9,0.715,0.0,4.28,7029.3,10293.95,0.0,9529.3,6470.7,0.0,4568.067486640275
1731070421.8,20.5,0.907,0.0,1.79,7029.4,10294.1,0.0,9529.4,6470.6,0.0,4568.276726512964
1731070422.3,19.9,0.897,0.0,2.46,7029.5,10294.25,0.0,9529.5,6470.5,0.0,4568.4859704830005
1731070422.8,19.8,0.895,0.0,2.05,7029.6,10294.4,0.0,9529.6,6470.4,0.0,4568.695218549821
1731070423.3,19.8,0.859,0.0,1.5,7029.7,10294.55,0.0,9529.7,6470.3,0.0,4568.904470712864
1731070423.8,19.8,0.916,0.0,9.74,7029.8,10294.7,0.0,9529.8,6470.2,0.0,4569.113726971567
1731070424.3,20.5,0.786,0.0,1.82,7029.9,10294.85,0.0,9529.9,6470.1,0.0,4569.322987325365
1731070424.8,19.8,0.898,0.0,1.7,7030.0,10295.0,0.0,9530.0,6470.0,0.0,4569.532251773698
1731070425.3,19.8,1.249,0.0,3.8,7030.1,10295.15,0.0,9530.1,6469.9,0.0,4569.741520316002
1731070425.8,19.8,1.205,0.0,1.61,7030.2,10295.3,0.0,9530.2,6469.8,0.0,4569.950792951714
1731070426.3,20.5,1.293,0.0,1.87,7030.3,10295.45,0.0,9530.3,6469.7,0.0,4570.160069680273
1731070426.8,19.8,0.976,0.0,3.66,7030.4,10295.6,0.0,9530.4,6469.6,0.0,4570.369350501117
1731070427.3,19.8,1.16,0.0,2.21,7030.5,10295.75,0.0,9530.5,6469.5,0.0,4570.578635413683
1731070427.8,20.5,1.297,0.0,1.81,7030.6,10295.9,0.0,9530.6,6469.4,0.0,4570.787924417408
1731070428.3,19.8,1.093,0.0,8.2,7030.7,10296.05,0.0,9530.7,6469.3,0.0,4570.997217511732
1731070428.8,19.8,1.186,0.0,2.78,7030.8,10296.2,0.0,9530.8,6469.2,0.0,4571.206514696093
1731070429.3,19.8,1.037,0.0,3.37,7030.9,10296.35,0.0,9530.9,6469.1,0.0,4571.415815969927
1731070429.8,19.8,0.882,0.0,3.69,7031.0,10296.5,0.0,9531.0,6469.0,0.0,4571.625121332676
1731070430.3,20.5,0.747,0.0,1.82,7031.1,10296.65,0.0,9531.1,6468.9,0.0,4571.834430783774
1731070430.8,19.8,0.528,0.0,1.84,7031.2,10296.8,0.0,9531.2,6468.8,0.0,4572.043744322663
1731070431.3,19.8,0.574,0.0,1.56,7031.3,10296.95,0.0,9531.3,6468.7,0.0,4572.253061948781
1731070431.8,20.5,0.889,0.0,1.96,7031.4,10297.1,0.0,9531.4,6468.6,0.0,4572.462383661565
1731070432.3,19.8,0.743,0.0,1.78,7031.5,10297.25,0.0,9531.5,6468.5,0.0,4572.671709460455
1731070432.8,19.8,0.694,0.0,1.83,7031.6,10297.4,0.0,9531.6,6468.4,0.0,4572.88103934489
1731070433.3,19.8,0.833,0.0,8.91,7031.7,10297.55,0.0,9531.7,6468.3,0.0,4573.090373314308
1731070433.8,19.8,0.554,0.0,1.62,7031.8,10297.7,0.0,9531.8,6468.2,0.0,4573.29971136815
1731070434.3,20.5,0.631,0.0,1.54,7031.9,10297.85,0.0,9531.9,6468.1,0.0,4573.5090535058525
1731070434.8,19.8,0.904,0.0,3.29,7032.0,10298.0,0.0,9532.0,6468.0,0.0,4573.718399726857
1731070435.3,19.8,0.817,0.0,1.68,7032.1,10298.15,0.0,9532.1,6467.9,0.0,4573.927750030602
1731070435.8,20.5,0.639,0.0,2.68,7032.2,10298.3,0.0,9532.2,6467.8,0.0,4574.137104416525
1731070436.3,19.8,0.854,0.0,3.35,7032.3,10298.45,0.0,9532.3,6467.7,0.0,4574.34646288407
1731070436.8,19.8,0.857,0.0,1.66,7032.4,10298.6,0.0,9532.4,6467.6,0.0,4574.5558254326725
1731070437.3,19.8,0.926,0.0,1.71,7032.5,10298.75,0.0,9532.5,6467.5,0.0,4574.765192061774
1731070437.8,20.5,0.873,0.0,8.22,7032.6,10298.9,0.0,9532.6,6467.4,0.0,4574.974562770814
1731070438.3,19.8,1.02,0.0,1.64,7032.7,10299.05,0.0,9532.7,6467.3,0.0,4575.183937559232
1731070438.8,19.8,0.917,0.0,1.67,7032.8,10299.2,0.0,9532.8,6467.2,0.0,4575.393316426469
1731070439.3,19.8,1.187,0.0,1.54,7032.9,10299.35,0.0,9532.9,6467.1,0.0,4575.602699371963
1731070439.8,19.8,1.205,0.0,1.65,7033.0,10299.5,0.0,9533.0,6467.0,0.0,4575.812086395157
1731070440.3,20.5,0.979,0.0,1.86,7033.1,10299.65,0.0,9533.1,6466.9,0.0,4576.021477495489
1731070440.8,19.8,0.976,0.0,1.59,7033.2,10299.8,0.0,9533.2,6466.8,0.0,4576.2308726724
1731070441.3,19.8,1.482,0.0,2.08,7033.3,10299.95,0.0,9533.3,6466.7,0.0,4576.440271925332
1731070441.8,20.5,1.14,0.0,1.79,7033.4,10300.1,0.0,9533.4,6466.6,0.0,4576.649675253722
1731070442.3,19.9,0.821,0.0,3.96,7033.5,10300.25,0.0,9533.5,6466.5,0.0,4576.8590826570135
1731070442.8,19.8,0.787,0.0,2.87,7033.6,10300.4,0.0,9533.6,6466.4,0.0,4577.068494134646
1731070443.3,19.8,0.935,0.0,2.01,7033.7,10300.55,0.0,9533.7,6466.3,0.0,4577.277909686061
1731070443.8,19.9,1.204,0.0,1.9,7033.8,10300.7,0.0,9533.8,6466.2,0.0,4577.4873293107
1731070444.3,20.5,0.874,0.0,3.44,7033.9,10300.85,0.0,9533.9,6466.1,0.0,4577.696753008002
1731070444.8,19.8,0.873,0.0,1.54,7034.0,10301.0,0.0,9534.0,6466.0,0.0,4577.906180777409
1731070445.3,19.8,0.825,0.0,1.82,7034.1,10301.15,0.0,9534.1,6465.9,0.0,4578.115612618362
1731070445.8,19.8,0.86,0.0,1.74,7034.2,10301.3,0.0,9534.2,6465.8,0.0,4578.325048530302
1731070446.3,20.5,1.173,0.0,1.97,7034.3,10301.45,0.0,9534.3,6465.7,0.0,4578.534488512673
1731070446.8,19.8,1.016,0.0,1.76,7034.4,10301.6,0.0,9534.4,6465.6,0.0,4578.743932564913
1731070447.3,19.8,0.978,0.0,11.2,7034.5,10301.75,0.0,9534.5,6465.5,0.0,4578.953380686465
1731070447.8,19.9,1.191,0.0,1.7,7034.6,10301.9,0.0,9534.6,6465.4,0.0,4579.162832876769
1731070448.3,20.5,1.281,0.0,1.76,7034.7,10302.05,0.0,9534.7,6465.3,0.0,4579.372289135269
1731070448.8,19.9,1.18,0.0,1.57,7034.8,10302.2,0.0,9534.8,6465.2,0.0,4579.5817494614075
1731070449.3,19.8,1.096,0.0,1.84,7034.9,10302.35,0.0,9534.9,6465.1,0.0,4579.791213854623
1731070449.8,19.8,1.169,0.0,2.08,7035.0,10302.5,0.0,9535.0,6465.0,0.0,4580.000682314359
1731070450.3,20.5,1.596,0.0,1.76,7035.1,10302.65,0.0,9535.1,6464.9,0.0,4580.21015484006
1731070450.8,19.2,0.66,0.0,1.96,7035.2,10302.8,0.0,9535.2,6464.8,0.0,4580.419631431164
1731070451.3,20.5,0.811,0.0,1.8,7035.3,10302.95,0.0,9535.3,6464.7,0.0,4580.6291120871165
1731070451.8,20.5,0.553,0.0,7.54,7035.4,10303.1,0.0,9535.4,6464.6,0.0,4580.838596807357
1731070452.3,19.9,0.518,0.0,2.16,7035.5,10303.25,0.0,9535.5,6464.5,0.0,4581.048085591331
1731070452.8,19.8,0.837,0.0,1.6,7035.6,10303.4,0.0,9535.6,6464.4,0.0,4581.257578438479
1731070453.3,19.8,0.736,0.0,1.37,7035.7,10303.55,0.0,9535.7,6464.3,0.0,4581.467075348244
1731070453.8,19.8,0.559,0.0,2.92,7035.8,10303.7,0.0,9535.8,6464.2,0.0,4581.676576320071
1731070454.3,20.4,0.737,0.0,1.9,7035.9,10303.85,0.0,9535.9,6464.1,0.0,4581.886081353398
1731070454.8,19.9,0.628,0.0,1.57,7036.0,10304.0,0.0,9536.0,6464.0,0.0,4582.095590447672
1731070455.3,19.8,0.607,0.0,3.68,7036.1,10304.15,0.0,9536.1,6463.9,0.0,4582.305103602334
1731070455.8,19.8,1.289,0.0,1.69,7036.2,10304.3,0.0,9536.2,6463.8,0.0,4582.514620816828
1731070456.3,20.5,0.774,0.0,2.35,7036.3,10304.45,0.0,9536.3,6463.7,0.0,4582.7241420905975
1731070456.8,19.9,0.642,0.0,2.96,7036.4,10304.6,0.0,9536.4,6463.6,0.0,4582.933667423084
1731070457.3,19.8,1.046,0.0,1.64,7036.5,10304.75,0.0,9536.5,6463.5,0.0,4583.143196813732
1731070457.8,20.5,0.709,0.0,1.88,7036.6,10304.9,0.0,9536.6,6463.4,0.0,4583.352730261986
1731070458.3,19.8,0.802,0.0,3.02,7036.7,10305.05,0.0,9536.7,6463.3,0.0,4583.562267767287
1731070458.8,19.9,0.719,0.0,1.82,7036.8,10305.2,0.0,9536.8,6463.2,0.0,4583.771809329081
1731070459.3,19.8,0.905,0.0,2.05,7036.9,10305.35,0.0,9536.9,6463.1,0.0,4583.981354946811
1731070459.8,20.5,0.772,0.0,1.75,7037.0,10305.5,0.0,9537.0,6463.0,0.0,4584.19090461992
1731070460.3,19.8,0.76,0.0,2.95,7037.1,10305.65,0.0,9537.1,6462.9,0.0,4584.400458347853
1731070460.8,19.9,1.268,0.0,2.01,7037.2,10305.8,0.0,9537.2,6462.8,0.0,4584.610016130052
1731070461.3,19.8,0.888,0.0,7.32,7037.3,10305.95,0.0,9537.3,6462.7,0.0,4584.8195779659645
1731070461.8,19.8,0.769,0.0,3.15,7037.4,10306.1,0.0,9537.4,6462.6,0.0,4585.029143855031
1731070462.3,20.5,1.198,0.0,1.71,7037.5,10306.25,0.0,9537.5,6462.5,0.0,4585.238713796698
1731070462.8,19.8,1.326,0.0,1.8,7037.6,10306.4,0.0,9537.6,6462.4,0.0,4585.448287790409
1731070463.3,19.8,0.864,0.0,2.46,7037.7,10306.55,0.0,9537.7,6462.3,0.0,4585.657865835609
1731070463.8,19.8,0.687,0.0,1.64,7037.8,10306.7,0.0,9537.8,6462.2,0.0,4585.867447931743
1731070464.3,20.5,0.671,0.0,1.82,7037.9,10306.85,0.0,9537.9,6462.1,0.0,4586.077034078255
1731070464.8,19.8,0.939,0.0,1.64,7038.0,10307.0,0.0,9538.0,6462.0,0.0,4586.286624274589
1731070465.3,19.8,0.644,0.0,2.25,7038.1,10307.15,0.0,9538.1,6461.9,0.0,4586.496218520189
1731070465.8,19.8,0.866,0.0,6.05,7038.2,10307.3,0.0,9538.2,6461.8,0.0,4586.705816814503
1731070466.3,20.5,1.072,0.0,1.94,7038.3,10307.45,0.0,9538.3,6461.7,0.0,4586.915419156974
1731070466.8,19.8,1.068,0.0,4.04,7038.4,10307.6,0.0,9538.4,6461.6,0.0,4587.125025547048
1731070467.3,19.8,1.047,0.0,2.28,7038.5,10307.75,0.0,9538.5,6461.5,0.0,4587.334635984168
1731070467.8,19.9,1.026,0.0,2.3,7038.6,10307.9,0.0,9538.6,6461.4,0.0,4587.544250467781
1731070468.3,20.5,1.133,0.0,5.27,7038.7,10308.05,0.0,9538.7,6461.3,0.0,4587.753868997333
1731070468.8,19.8,0.94,0.0,2.6,7038.8,10308.2,0.0,9538.8,6461.2,0.0,4587.963491572269
1731070469.3,19.8,0.962,0.0,2.02,7038.9,10308.35,0.0,9538.9,6461.1,0.0,4588.173118192032
1731070469.8,19.8,1.45,0.0,4.04,7039.0,10308.5,0.0,9539.0,6461.0,0.0,4588.382748856072
1731070470.3,20.5,1.15,0.0,9.09,7039.1,10308.65,0.0,9539.1,6460.9,0.0,4588.592383563831
1731070470.8,19.8,1.092,0.0,3.22,7039.2,10308.8,0.0,9539.2,6460.8,0.0,4588.802022314756
1731070471.3,19.9,1.391,0.0,2.68,7039.3,10308.95,0.0,9539.3,6460.7,0.0,4589.011665108294
1731070471.8,19.8,0.94,0.0,1.76,7039.4,10309.1,0.0,9539.4,6460.6,0.0,4589.22131194389
1731070472.3,19.9,0.68,0.0,1.88,7039.5,10309.25,0.0,9539.5,6460.5,0.0,4589.43096282099
1731070472.8,20.5,0.578,0.0,1.83,7039.6,10309.4,0.0,9539.6,6460.4,0.0,4589.64061773904
1731070473.3,19.8,0.542,0.0,1.78,7039.7,10309.55,0.0,9539.7,6460.3,0.0,4589.850276697487
1731070473.8,19.9,0.49,0.0,2.04,7039.8,10309.7,0.0,9539.8,6460.2,0.0,4590.059939695778
1731070474.3,20.5,0.659,0.0,1.79,7039.9,10309.85,0.0,9539.9,6460.1,0.0,4590.269606733356
1731070474.8,19.8,0.717,0.0,1.51,7040.0,10310.0,0.0,9540.0,6460.0,0.0,4590.479277809671
1731070475.3,19.8,0.659,0.0,11.7,7040.1,10310.15,0.0,9540.1,6459.9,0.0,4590.688952924169
1731070475.8,20.5,1.478,0.0,1.72,7040.2,10310.3,0.0,9540.2,6459.8,0.0,4590.898632076295
1731070476.3,19.8,0.839,0.0,1.66,7040.3,10310.45,0.0,9540.3,6459.7,0.0,4591.108315265498
1731070476.8,19.8,0.698,0.0,1.86,7040.4,10310.6,0.0,9540.4,6459.6,0.0,4591.3180024912235
1731070477.3,19.8,0.663,0.0,2.48,7040.5,10310.75,0.0,9540.5,6459.5,0.0,4591.527693752919
1731070477.8,20.5,0.923,0.0,1.66,7040.6,10310.9,0.0,9540.6,6459.4,0.0,4591.737389050031
1731070478.3,19.9,0.686,0.0,1.68,7040.7,10311.05,0.0,9540.7,6459.3,0.0,4591.947088382008
1731070478.8,19.8,0.748,0.0,2.05,7040.8,10311.2,0.0,9540.8,6459.2,0.0,4592.156791748296
1731070479.3,19.8,0.779,0.0,2.55,7040.9,10311.35,0.0,9540.9,6459.1,0.0,4592.366499148342
1731070479.8,19.8,0.76,0.0,5.89,7041.0,10311.5,0.0,9541.0,6459.0,0.0,4592.576210581595
1731070480.3,20.5,0.984,0.0,1.81,7041.1,10311.65,0.0,9541.1,6458.9,0.0,4592.785926047501
1731070480.8,19.8,0.802,0.0,2.35,7041.2,10311.8,0.0,9541.2,6458.8,0.0,4592.995645545508
1731070481.3,19.8,0.821,0.0,1.56,7041.3,10311.95,0.0,9541.3,6458.7,0.0,4593.205369075065
1731070481.8,20.5,0.977,0.0,1.53,7041.4,10312.1,0.0,9541.4,6458.6,0.0,4593.415096635617
1731070482.3,19.8,0.846,0.0,2.97,7041.5,10312.25,0.0,9541.5,6458.5,0.0,4593.624828226615
1731070482.8,19.8,0.937,0.0,1.81,7041.6,10312.4,0.0,9541.6,6458.4,0.0,4593.834563847506
1731070483.3,19.9,0.796,0.0,1.98,7041.7,10312.55,0.0,9541.7,6458.3,0.0,4594.044303497736
1731070483.8,19.8,1.304,0.0,2.7,7041.8,10312.7,0.0,9541.8,6458.2,0.0,4594.254047176756
1731070484.3,20.5,1.06,0.0,2.51,7041.9,10312.85,0.0,9541.9,6458.1,0.0,4594.463794884013
1731070484.8,19.8,0.8,0.0,7.28,7042.0,10313.0,0.0,9542.0,6458.0,0.0,4594.673546618954
1731070485.3,19.8,0.895,0.0,3.0,7042.1,10313.15,0.0,9542.1,6457.9,0.0,4594.88330238103
1731070485.8,19.9,0.981,0.0,1.66,7042.2,10313.3,0.0,9542.2,6457.8,0.0,4595.093062169688
1731070486.3,20.5,0.826,0.0,1.76,7042.3,10313.45,0.0,9542.3,6457.7,0.0,4595.302825984377
1731070486.8,19.8,0.798,0.0,3.4,7042.4,10313.6,0.0,9542.4,6457.6,0.0,4595.512593824546
1731070487.3,19.8,0.856,0.0,1.8,7042.5,10313.75,0.0,9542.5,6457.5,0.0,4595.722365689642
1731070487.8,19.9,0.908,0.0,1.85,7042.6,10313.9,0.0,9542.6,6457.4,0.0,4595.932141579116
1731070488.3,20.5,0.944,0.0,2.2,7042.7,10314.05,0.0,9542.7,6457.3,0.0,4596.141921492416
1731070488.8,19.8,1.084,0.0,1.82,7042.8,10314.2,0.0,9542.8,6457.2,0.0,4596.351705428992
1731070489.3,19.9,0.938,0.0,8.01,7042.9,10314.35,0.0,9542.9,6457.1,0.0,4596.561493388292
1731070489.8,19.8,1.305,0.0,1.67,7043.0,10314.5,0.0,9543.0,6457.0,0.0,4596.771285369765
1731070490.3,20.5,1.244,0.0,3.37,7043.1,10314.65,0.0,9543.1,6456.9,0.0,4596.981081372861
1731070490.8,19.9,1.198,0.0,1.66,7043.2,10314.8,0.0,9543.2,6456.8,0.0,4597.190881397029
1731070491.3,19.8,1.27,0.0,1.91,7043.3,10314.95,0.0,9543.3,6456.7,0.0,4597.400685441721
1731070491.8,19.9,1.178,0.0,3.38,7043.4,10315.1,0.0,9543.4,6456.6,0.0,4597.610493506382
1731070492.3,20.5,1.073,0.0,1.77,7043.5,10315.25,0.0,9543.5,6456.5,0.0,4597.820305590465
1731070492.8,19.8,1.453,0.0,1.95,7043.6,10315.4,0.0,9543.6,6456.4,0.0,4598.0301216934195
1731070493.3,19.8,0.961,0.0,2.69,7043.7,10315.55,0.0,9543.7,6456.3,0.0,4598.239941814693
1731070493.8,19.8,0.601,0.0,6.5,7043.8,10315.7,0.0,9543.8,6456.2,0.0,4598.44976595374
1731070494.3,20.5,0.805,0.0,2.04,7043.9,10315.85,0.0,9543.9,6456.1,0.0,4598.659594110006
1731070494.8,19.8,0.741,0.0,1.79,7044.0,10316.0,0.0,9544.0,6456.0,0.0,4598.869426282942
1731070495.3,19.8,0.969,0.0,1.8,7044.1,10316.15,0.0,9544.1,6455.9,0.0,4599.079262472001
1731070495.8,20.5,0.703,0.0,1.81,7044.2,10316.3,0.0,9544.2,6455.8,0.0,4599.289102676629
1731070496.3,19.8,0.588,0.0,1.68,7044.3,10316.45,0.0,9544.3,6455.7,0.0,4599.498946896281
1731070496.8,19.8,0.599,0.0,1.68,7044.4,10316.6,0.0,9544.4,6455.6,0.0,4599.708795130405
1731070497.3,19.8,0.552,0.0,1.75,7044.5,10316.75,0.0,9544.5,6455.5,0.0,4599.918647378451
1731070497.8,19.8,0.687,0.0,1.62,7044.6,10316.9,0.0,9544.6,6455.4,0.0,4600.128503639871
1731070498.3,20.5,0.804,0.0,2.74,7044.7,10317.05,0.0,9544.7,6455.3,0.0,4600.338363914115
1731070498.8,19.8,0.633,0.0,1.74,7044.8,10317.2,0.0,9544.8,6455.2,0.0,4600.548228200635
1731070499.3,19.8,0.797,0.0,1.59,7044.9,10317.35,0.0,9544.9,6455.1,0.0,4600.75809649888
1731070499.8,19.8,0.804,0.0,2.54,7045.0,10317.5,0.0,9545.0,6455.0,0.0,4600.967968808302
1731070500.3,20.5,0.664,0.0,1.49,7045.1,10317.65,0.0,9545.1,6454.9,0.0,4601.1778451283535
1731070500.8,19.2,1.02,0.032,1.54,7045.2,10317.8,0.0,9545.2,6454.8,0.0,4601.387725458483
1731070501.3,19.8,0.88,0.0,3.06,7045.3,10317.95,0.0,9545.3,6454.7,0.0,4601.597609798146
1731070501.8,19.9,0.818,0.0,1.81,7045.4,10318.1,0.0,9545.4,6454.6,0.0,4601.807498146788
1731070502.3,20.5,0.954,0.0,1.88,7045.5,10318.25,0.0,9545.5,6454.5,0.0,4602.017390503865
1731070502.8,19.9,0.748,0.0,3.65,7045.6,10318.4,0.0,9545.6,6454.4,0.0,4602.227286868827
1731070503.3,19.8,0.787,0.0,6.55,7045.7,10318.55,0.0,9545.7,6454.3,0.0,4602.437187241125
1731070503.8,19.2,1.059,0.032,1.88,7045.8,10318.7,0.0,9545.8,6454.2,0.0,4602.647091620212
1731070504.3,20.5,1.122,0.0,3.4,7045.9,10318.85,0.0,9545.9,6454.1,0.0,4602.85700000554
1731070504.8,19.8,1.065,0.0,1.79,7046.0,10319.0,0.0,9546.0,6454.0,0.0,4603.06691239656
1731070505.3,19.8,0.965,0.0,2.17,7046.1,10319.15,0.0,9546.1,6453.9,0.0,4603.276828792725
1731070505.8,19.9,0.998,0.0,3.45,7046.2,10319.3,0.0,9546.2,6453.8,0.0,4603.486749193485
1731070506.3,20.5,0.951,0.0,1.53,7046.3,10319.45,0.0,9546.3,6453.7,0.0,4603.696673598295
1731070506.8,19.8,0.924,0.0,1.91,7046.4,10319.6,0.0,9546.4,6453.6,0.0,4603.906602006605
1731070507.3,19.8,0.767,0.0,3.52,7046.5,10319.75,0.0,9546.5,6453.5,0.0,4604.116534417868
1731070507.8,19.8,0.737,0.0,2.85,7046.6,10319.9,0.0,9546.6,6453.4,0.0,4604.326470831537
1731070508.3,20.5,0.916,0.0,7.38,7046.7,10320.05,0.0,9546.7,6453.3,0.0,4604.536411247064
1731070508.8,19.8,1.089,0.0,3.07,7046.8,10320.2,0.0,9546.8,6453.2,0.0,4604.746355663904
1731070509.3,19.8,0.864,0.0,1.64,7046.9,10320.35,0.0,9546.9,6453.1,0.0,4604.956304081506
1731070509.8,19.9,0.933,0.0,1.77,7047.0,10320.5,0.0,9547.0,6453.0,0.0,4605.166256499324
1731070510.3,20.5,1.081,0.0,1.76,7047.1,10320.65,0.0,9547.1,6452.9,0.0,4605.376212916813
1731070510.8,19.8,0.957,0.0,1.57,7047.2,10320.8,0.0,9547.2,6452.8,0.0,4605.586173333422
1731070511.3,19.8,1.044,0.0,1.63,7047.3,10320.95,0.0,9547.3,6452.7,0.0,4605.796137748609
1731070511.8,19.9,1.208,0.0,1.86,7047.4,10321.1,0.0,9547.4,6452.6,0.0,4606.0061061618235
1731070512.3,20.4,1.124,0.0,1.63,7047.5,10321.25,0.0,9547.5,6452.5,0.0,4606.21607857252
1731070512.8,19.9,1.054,0.0,6.34,7047.6,10321.4,0.0,9547.6,6452.4,0.0,4606.426054980151
1731070513.3,19.8,1.285,0.0,1.9,7047.7,10321.55,0.0,9547.7,6452.3,0.0,4606.636035384171
1731070513.8,19.8,1.379,0.0,1.67,7047.8,10321.7,0.0,9547.8,6452.2,0.0,4606.846019784035
1731070514.3,20.5,1.211,0.0,1.46,7047.9,10321.85,0.0,9547.9,6452.1,0.0,4607.056008179193
1731070514.8,19.8,0.799,0.0,4.15,7048.0,10322.0,0.0,9548.0,6452.0,0.0,4607.266000569101
1731070515.3,19.9,0.513,0.0,1.53,7048.1,10322.15,0.0,9548.1,6451.9,0.0,4607.475996953212
1731070515.8,20.5,0.52,0.0,1.84,7048.2,10322.3,0.0,9548.2,6451.8,0.0,4607.685997330981
1731070516.3,19.9,0.51,0.0,1.64,7048.3,10322.45,0.0,9548.3,6451.7,0.0,4607.896001701862
1731070516.8,19.8,0.794,0.0,2.03,7048.4,10322.6,0.0,9548.4,6451.6,0.0,4608.106010065307
1731070517.3,19.8,0.842,0.0,4.12,7048.5,10322.75,0.0,9548.5,6451.5,0.0,4608.316022420771
1731070517.8,19.8,0.884,0.0,1.47,7048.6,10322.9,0.0,9548.6,6451.4,0.0,4608.52603876771
1731070518.3,20.5,0.634,0.0,2.33,7048.7,10323.05,0.0,9548.7,6451.3,0.0,4608.736059105576
1731070518.8,19.8,0.835,0.0,1.74,7048.8,10323.2,0.0,9548.8,6451.2,0.0,4608.946083433826
1731070519.3,19.8,0.617,0.0,1.39,7048.9,10323.35,0.0,9548.9,6451.1,0.0,4609.156111751911
1731070519.8,19.8,0.816,0.0,3.0,7049.0,10323.5,0.0,9549.0,6451.0,0.0,4609.36614405929
1731070520.3,20.5,0.773,0.0,1.63,7049.1,10323.65,0.0,9549.1,6450.9,0.0,4609.576180355413
1731070520.8,19.8,0.588,0.0,1.77,7049.2,10323.8,0.0,9549.2,6450.8,0.0,4609.786220639738
1731070521.3,19.9,1.018,0.0,3.77,7049.3,10323.95,0.0,9549.3,6450.7,0.0,4609.99626491172
1731070521.8,20.5,0.853,0.0,1.69,7049.4,10324.1,0.0,9549.4,6450.6,0.0,4610.206313170811
1731070522.3,19.8,0.713,0.0,9.27,7049.5,10324.25,0.0,9549.5,6450.5,0.0,4610.416365416469
1731070522.8,19.8,0.824,0.0,3.38,7049.6,10324.4,0.0,9549.6,6450.4,0.0,4610.626421648148
1731070523.3,19.8,0.719,0.0,1.52,7049.7,10324.55,0.0,9549.7,6450.3,0.0,4610.836481865302
1731070523.8,19.8,0.932,0.0,2.19,7049.8,10324.7,0.0,9549.8,6450.2,0.0,4611.0465460673895
1731070524.3,20.5,0.922,0.0,1.75,7049.9,10324.85,0.0,9549.9,6450.1,0.0,4611.256614253863
1731070524.8,19.8,1.024,0.0,2.46,7050.0,10325.0,0.0,9550.0,6450.0,0.0,4611.466686424179
1731070525.3,19.8,1.3,0.0,2.1,7050.1,10325.15,0.0,9550.1,6449.9,0.0,4611.676762577794
1731070525.8,19.8,1.034,0.0,1.68,7050.2,10325.3,0.0,9550.2,6449.8,0.0,4611.8868427141615
1731070526.3,20.5,1.05,0.0,1.49,7050.3,10325.45,0.0,9550.3,6449.7,0.0,4612.09692683274
1731070526.8,19.8,1.334,0.0,4.48,7050.4,10325.6,0.0,9550.4,6449.6,0.0,4612.307014932982
1731070527.3,19.8,0.969,0.0,1.44,7050.5,10325.75,0.0,9550.5,6449.5,0.0,4612.517107014347
1731070527.8,19.8,0.81,0.0,1.82,7050.6,10325.9,0.0,9550.6,6449.4,0.0,4612.727203076289
1731070528.3,20.5,0.797,0.0,1.7,7050.7,10326.05,0.0,9550.7,6449.3,0.0,4612.937303118263
1731070528.8,19.8,1.135,0.0,1.61,7050.8,10326.2,0.0,9550.8,6449.2,0.0,4613.147407139729
1731070529.3,19.8,0.834,0.0,1.81,7050.9,10326.35,0.0,9550.9,6449.1,0.0,4613.357515140139
1731070529.8,19.8,1.205,0.0,1.83,7051.0,10326.5,0.0,9551.0,6449.0,0.0,4613.567627118952
1731070530.3,20.5,0.828,0.0,1.6,7051.1,10326.65,0.0,9551.1,6448.9,0.0,4613.777743075624
1731070530.8,19.8,0.75,0.0,2.64,7051.2,10326.8,0.0,9551.2,6448.8,0.0,4613.987863009611
1731070531.3,19.8,1.014,0.0,2.17,7051.3,10326.95,0.0,9551.3,6448.7,0.0,4614.197986920371
1731070531.8,20.5,1.076,0.0,9.29,7051.4,10327.1,0.0,9551.4,6448.6,0.0,4614.408114807358
1731070532.3,19.8,1.267,0.0,3.69,7051.5,10327.25,0.0,9551.5,6448.5,0.0,4614.618246670032
1731070532.8,19.8,1.15,0.0,1.78,7051.6,10327.4,0.0,9551.6,6448.4,0.0,4614.828382507848
1731070533.3,19.8,1.338,0.0,2.05,7051.7,10327.55,0.0,9551.7,6448.3,0.0,4615.038522320263
1731070533.8,19.9,1.52,0.0,3.35,7051.8,10327.7,0.0,9551.8,6448.2,0.0,4615.248666106736
1731070534.3,20.5,1.118,0.0,1.87,7051.9,10327.85,0.0,9551.9,6448.1,0.0,4615.458813866721
1731070534.8,19.8,1.333,0.0,1.76,7052.0,10328.0,0.0,9552.0,6448.0,0.0,4615.668965599678
1731070535.3,19.8,1.281,0.0,1.93,7052.1,10328.15,0.0,9552.1,6447.9,0.0,4615.879121305063
1731070535.8,19.8,1.022,0.0,1.95,7052.2,10328.3,0.0,9552.2,6447.8,0.0,4616.089280982334
1731070536.3,19.8,0.591,0.0,7.41,7052.3,10328.45,0.0,9552.3,6447.7,0.0,4616.2994446309485
1731070536.8,20.5,0.645,0.0,1.64,7052.4,10328.6,0.0,9552.4,6447.6,0.0,4616.509612250364
1731070537.3,19.9,0.742,0.0,2.67,7052.5,10328.75,0.0,9552.5,6447.5,0.0,4616.719783840037
1731070537.8,20.5,0.647,0.0,2.56,7052.6,10328.9,0.0,9552.6,6447.4,0.0,4616.929959399427
1731070538.3,19.9,0.697,0.0,1.53,7052.7,10329.05,0.0,9552.7,6447.3,0.0,4617.140138927992
1731070538.8,19.8,0.525,0.0,3.22,7052.8,10329.2,0.0,9552.8,6447.2,0.0,4617.35032242519
1731070539.3,19.8,0.758,0.0,1.68,7052.9,10329.35,0.0,9552.9,6447.1,0.0,4617.560509890477
1731070539.8,19.8,0.594,0.0,1.87,7053.0,10329.5,0.0,9553.0,6447.0,0.0,4617.770701323313
1731070540.3,20.5,0.678,0.0,3.67,7053.1,10329.65,0.0,9553.1,6446.9,0.0,4617.980896723156
1731070540.8,19.8,0.686,0.0,5.31,7053.2,10329.8,0.0,9553.2,6446.8,0.0,4618.191096089463
1731070541.3,19.8,0.728,0.0,1.91,7053.3,10329.95,0.0,9553.3,6446.7,0.0,4618.4012994216955
1731070541.8,19.9,0.805,0.0,3.14,7053.4,10330.1,0.0,9553.4,6446.6,0.0,4618.611506719309
1731070542.3,20.5,0.657,0.0,1.62,7053.5,10330.25,0.0,9553.5,6446.5,0.0,4618.821717981762
1731070542.8,19.8,0.801,0.0,1.61,7053.6,10330.4,0.0,9553.6,6446.4,0.0,4619.0319332085155
1731070543.3,19.8,0.75,0.0,1.87,7053.7,10330.55,0.0,9553.7,6446.3,0.0,4619.242152399027
1731070543.8,20.5,0.694,0.0,1.72,7053.8,10330.7,0.0,9553.8,6446.2,0.0,4619.452375552756
1731070544.3,19.9,0.815,0.0,1.67,7053.9,10330.85,0.0,9553.9,6446.1,0.0,4619.66260266916
1731070544.8,19.8,0.801,0.0,1.57,7054.0,10331.0,0.0,9554.0,6446.0,0.0,4619.8728337477
1731070545.3,19.8,0.838,0.0,2.71,7054.1,10331.15,0.0,9554.1,6445.9,0.0,4620.083068787833
1731070545.8,20.5,1.084,0.0,7.19,7054.2,10331.3,0.0,9554.2,6445.8,0.0,4620.293307789019
1731070546.3,19.8,0.983,0.0,1.59,7054.3,10331.45,0.0,9554.3,6445.7,0.0,4620.503550750719
1731070546.8,19.9,0.971,0.0,2.11,7054.4,10331.6,0.0,9554.4,6445.6,0.0,4620.71379767239
1731070547.3,19.8,0.907,0.0,1.94,7054.5,10331.75,0.0,9554.5,6445.5,0.0,4620.924048553493
1731070547.8,19.8,1.088,0.0,2.11,7054.6,10331.9,0.0,9554.6,6445.4,0.0,4621.134303393486
1731070548.3,20.5,0.939,0.0,3.26,7054.7,10332.05,0.0,9554.7,6445.3,0.0,4621.34456219183
1731070548.8,19.8,0.896,0.0,1.61,7054.8,10332.2,0.0,9554.8,6445.2,0.0,4621.554824947985
1731070549.3,19.8,0.844,0.0,2.06,7054.9,10332.35,0.0,9554.9,6445.1,0.0,4621.76509166141
1731070549.8,19.8,0.776,0.0,1.91,7055.0,10332.5,0.0,9555.0,6445.0,0.0,4621.975362331565
1731070550.3,20.5,0.991,0.0,9.78,7055.1,10332.65,0.0,9555.1,6444.9,0.0,4622.18563695791
1731070550.8,19.8,0.771,0.0,2.04,7055.2,10332.8,0.0,9555.2,6444.8,0.0,4622.395915539905
1731070551.3,19.8,1.068,0.0,1.76,7055.3,10332.95,0.0,9555.3,6444.7,0.0,4622.606198077012
1731070551.8,19.8,1.078,0.0,2.14,7055.4,10333.1,0.0,9555.4,6444.6,0.0,4622.816484568688
1731070552.3,20.5,1.096,0.0,2.09,7055.5,10333.25,0.0,9555.5,6444.5,0.0,4623.026775014395
1731070552.8,19.8,1.091,0.0,1.89,7055.6,10333.4,0.0,9555.6,6444.4,0.0,4623.237069413594
1731070553.3,19.8,0.998,0.0,3.67,7055.7,10333.55,0.0,9555.7,6444.3,0.0,4623.447367765745
1731070553.8,19.8,1.041,0.0,1.87,7055.8,10333.7,0.0,9555.8,6444.2,0.0,4623.65767007031
1731070554.3,20.5,1.078,0.0,2.01,7055.9,10333.85,0.0,9555.9,6444.1,0.0,4623.867976326746
1731070554.8,19.8,1.042,0.0,7.87,7056.0,10334.0,0.0,9556.0,6444.0,0.0,4624.078286534517
1731070555.3,19.8,1.174,0.0,2.14,7056.1,10334.15,0.0,9556.1,6443.9,0.0,4624.288600693084
1731070555.8,20.5,1.02,0.0,1.98,7056.2,10334.3,0.0,9556.2,6443.8,0.0,4624.498918801906
1731070556.3,19.8,1.257,0.0,1.8,7056.3,10334.45,0.0,9556.3,6443.7,0.0,4624.709240860446
1731070556.8,19.8,1.289,0.0,1.76,7056.4,10334.6,0.0,9556.4,6443.6,0.0,4624.919566868163
1731070557.3,19.8,0.932,0.0,1.86,7056.5,10334.75,0.0,9556.5,6443.5,0.0,4625.129896824521
1731070557.8,19.9,0.683,0.0,1.88,7056.6,10334.9,0.0,9556.6,6443.4,0.0,4625.340230728979
1731070558.3,20.5,0.534,0.0,1.81,7056.7,10335.05,0.0,9556.7,6443.3,0.0,4625.5505685809985
1731070558.8,19.8,0.571,0.0,1.64,7056.8,10335.2,0.0,9556.8,6443.2,0.0,4625.760910380043
1731070559.3,19.8,0.902,0.0,1.59,7056.9,10335.35,0.0,9556.9,6443.1,0.0,4625.971256125572
1731070559.8,20.5,0.696,0.0,7.74,7057.0,10335.5,0.0,9557.0,6443.0,0.0,4626.181605817048
1731070560.3,19.8,0.543,0.0,1.65,7057.1,10335.65,0.0,9557.1,6442.9,0.0,4626.391959453933
1731070560.8,19.8,0.655,0.0,3.21,7057.2,10335.8,0.0,9557.2,6442.8,0.0,4626.6023170356875
1731070561.3,19.8,0.765,0.0,1.99,7057.3,10335.95,0.0,9557.3,6442.7,0.0,4626.812678561777
1731070561.8,19.8,0.684,0.0,1.98,7057.4,10336.1,0.0,9557.4,6442.6,0.0,4627.023044031659
1731070562.3,20.5,0.639,0.0,1.7,7057.5,10336.25,0.0,9557.5,6442.5,0.0,4627.233413444798
1731070562.8,19.9,0.681,0.0,2.45,7057.6,10336.4,0.0,9557.6,6442.4,0.0,4627.443786800656
1731070563.3,19.8,0.716,0.0,1.87,7057.7,10336.55,0.0,9557.7,6442.3,0.0,4627.654164098695
1731070563.8,19.8,0.692,0.0,1.68,7057.8,10336.7,0.0,9557.8,6442.2,0.0,4627.86454533838
1731070564.3,20.5,0.812,0.0,9.8,7057.9,10336.85,0.0,9557.9,6442.1,0.0,4628.0749305191675
1731070564.8,19.8,0.818,0.0,1.97,7058.0,10337.0,0.0,9558.0,6442.0,0.0,4628.285319640526
1731070565.3,19.8,0.795,0.0,2.1,7058.1,10337.15,0.0,9558.1,6441.9,0.0,4628.495712701914
1731070565.8,19.9,0.899,0.0,1.88,7058.2,10337.3,0.0,9558.2,6441.8,0.0,4628.706109702796
1731070566.3,20.5,0.972,0.0,1.44,7058.3,10337.45,0.0,9558.3,6441.7,0.0,4628.916510642637
1731070566.8,19.8,1.047,0.0,1.95,7058.4,10337.6,0.0,9558.4,6441.6,0.0,4629.126915520896
1731070567.3,19.8,0.979,0.0,1.92,7058.5,10337.75,0.0,9558.5,6441.5,0.0,4629.337324337037
1731070567.8,20.5,0.736,0.0,1.66,7058.6,10337.9,0.0,9558.6,6441.4,0.0,4629.547737090525
1731070568.3,19.8,0.945,0.0,1.72,7058.7,10338.05,0.0,9558.7,6441.3,0.0,4629.758153780821
1731070568.8,19.8,1.123,0.0,11.5,7058.8,10338.2,0.0,9558.8,6441.2,0.0,4629.96857440739
1731070569.3,19.8,1.015,0.0,3.76,7058.9,10338.35,0.0,9558.9,6441.1,0.0,4630.1789989696945
1731070569.8,19.8,0.971,0.0,7.9,7059.0,10338.5,0.0,9559.0,6441.0,0.0,4630.3894274671975
1731070570.3,20.5,0.9,0.0,8.44,7059.1,10338.65,0.0,9559.1,6440.9,0.0,4630.599859899363
1731070570.8,19.8,1.061,0.0,1.84,7059.2,10338.8,0.0,9559.2,6440.8,0.0,4630.810296265654
1731070571.3,19.8,0.991,0.0,2.01,7059.3,10338.95,0.0,9559.3,6440.7,0.0,4631.020736565536
1731070571.8,19.9,0.806,0.0,1.53,7059.4,10339.1,0.0,9559.4,6440.6,0.0,4631.231180798471
1731070572.3,20.5,0.839,0.0,2.79,7059.5,10339.25,0.0,9559.5,6440.5,0.0,4631.441628963923
1731070572.8,19.8,0.936,0.0,1.6,7059.6,10339.4,0.0,9559.6,6440.4,0.0,4631.652081061357
1731070573.3,19.8,1.346,0.0,1.81,7059.7,10339.55,0.0,9559.7,6440.3,0.0,4631.8625370902355
1731070573.8,19.8,1.003,0.0,11.0,7059.8,10339.7,0.0,9559.8,6440.2,0.0,4632.072997050025
1731070574.3,20.5,1.026,0.0,1.73,7059.9,10339.85,0.0,9559.9,6440.1,0.0,4632.283460940187
1731070574.8,19.8,1.063,0.0,2.12,7060.0,10340.0,0.0,9560.0,6440.0,0.0,4632.493928760187
1731070575.3,19.8,1.047,0.0,2.56,7060.1,10340.15,0.0,9560.1,6439.9,0.0,4632.70440050949
1731070575.8,19.2,8.713,0.032,2.365,7060.2,10340.3,0.0,9560.2,6439.8,0.0,4632.91487618756
1731070576.3,20.5,1.939,0.0,2.17,7060.3,10340.45,0.0,9560.3,6439.7,0.0,4633.125355793863
1731070576.8,19.8,1.351,0.0,1.82,7060.4,10340.6,0.0,9560.4,6439.6,0.0,4633.3358393278595
1731070577.3,19.8,1.251,0.0,3.35,7060.5,10340.75,0.0,9560.5,6439.5,0.0,4633.546326789018
1731070577.8,19.7,1.25,0.0,1.82,7060.6,10340.9,0.0,9560.6,6439.4,0.0,4633.756818176802
1731070578.3,20.7,1.509,0.0,1.89,7060.7,10341.05,0.0,9560.7,6439.3,0.0,4633.967313490676
1731070578.8,19.8,1.108,0.0,3.61,7060.8,10341.2,0.0,9560.8,6439.2,0.0,4634.177812730108
1731070579.3,19.8,0.613,0.0,2.8,7060.9,10341.35,0.0,9560.9,6439.1,0.0,4634.388315894558
1731070579.8,20.5,0.659,0.0,1.89,7061.0,10341.5,0.0,9561.0,6439.0,0.0,4634.598822983496
1731070580.3,19.8,0.772,0.0,1.7,7061.1,10341.65,0.0,9561.1,6438.9,0.0,4634.809333996383
1731070580.8,19.9,0.705,0.0,1.69,7061.2,10341.8,0.0,9561.2,6438.8,0.0,4635.019848932688
1731070581.3,19.8,0.914,0.0,1.77,7061.3,10341.95,0.0,9561.3,6438.7,0.0,4635.230367791875
1731070581.8,20.5,0.822,0.0,1.78,7061.4,10342.1,0.0,9561.4,6438.6,0.0,4635.440890573409
1731070582.3,19.9,0.823,0.0,1.59,7061.5,10342.25,0.0,9561.5,6438.5,0.0,4635.651417276757
1731070582.8,19.8,0.74,0.0,1.9,7061.6,10342.4,0.0,9561.6,6438.4,0.0,4635.861947901382
1731070583.3,19.9,0.567,0.0,1.8,7061.7,10342.55,0.0,9561.7,6438.3,0.0,4636.0724824467525
1731070583.8,20.5,0.81,0.0,2.41,7061.8,10342.7,0.0,9561.8,6438.2,0.0,4636.283020912335
1731070584.3,19.8,0.681,0.0,7.39,7061.9,10342.85,0.0,9561.9,6438.1,0.0,4636.493563297592
1731070584.8,19.8,0.569,0.0,1.71,7062.0,10343.0,0.0,9562.0,6438.0,0.0,4636.704109601992
1731070585.3,19.8,0.88,0.0,1.98,7062.1,10343.15,0.0,9562.1,6437.9,0.0,4636.914659825001
1731070585.8,19.9,0.775,0.0,2.12,7062.2,10343.3,0.0,9562.2,6437.8,0.0,4637.125213966084
1731070586.3,20.5,0.819,0.0,1.42,7062.3,10343.45,0.0,9562.3,6437.7,0.0,4637.335772024709
1731070586.8,19.8,0.998,0.0,2.875,7062.4,10343.6,0.0,9562.4,6437.6,0.0,4637.546334000341
1731070587.3,19.9,0.748,0.0,4.33,7062.5,10343.75,0.0,9562.5,6437.5,0.0,4637.756899892447
1731070587.8,20.5,0.79,0.0,3.585,7062.6,10343.9,0.0,9562.6,6437.4,0.0,4637.967469700494
1731070588.3,19.8,0.885,0.0,2.84,7062.7,10344.05,0.0,9562.7,6437.3,0.0,4638.178043423947
1731070588.8,19.8,1.035,0.0,4.63,7062.8,10344.2,0.0,9562.8,6437.2,0.0,4638.388621062276
1731070589.3,19.8,0.968,0.0,7.43,7062.9,10344.35,0.0,9562.9,6437.1,0.0,4638.599202614944
1731070589.8,19.8,0.901,0.0,2.62,7063.0,10344.5,0.0,9563.0,6437.0,0.0,4638.809788081421
1731070590.3,20.5,1.109,0.0,3.79,7063.1,10344.65,0.0,9563.1,6436.9,0.0,4639.020377461173
1731070590.8,19.8,1.135,0.0,1.53,7063.2,10344.8,0.0,9563.2,6436.8,0.0,4639.230970753665
1731070591.3,19.8,1.135,0.0,1.82,7063.3,10344.95,0.0,9563.3,6436.7,0.0,4639.441567958368
1731070591.8,19.9,0.708,0.0,1.88,7063.4,10345.1,0.0,9563.4,6436.6,0.0,4639.652169074747
1731070592.3,20.5,0.992,0.0,1.91,7063.5,10345.25,0.0,9563.5,6436.5,0.0,4639.862774102268
1731070592.8,19.8,0.969,0.0,2.64,7063.6,10345.4,0.0,9563.6,6436.4,0.0,4640.0733830404015
1731070593.3,19.8,0.996,0.0,2.44,7063.7,10345.55,0.0,9563.7,6436.3,0.0,4640.283995888613
1731070593.8,19.9,1.007,0.0,1.62,7063.8,10345.7,0.0,9563.8,6436.2,0.0,4640.494612646372
1731070594.3,20.5,0.778,0.0,7.04,7063.9,10345.85,0.0,9563.9,6436.1,0.0,4640.705233313144
1731070594.8,19.8,0.904,0.0,1.55,7064.0,10346.0,0.0,9564.0,6436.0,0.0,4640.915857888397
1731070595.3,19.8,1.126,0.0,2.54,7064.1,10346.15,0.0,9564.1,6435.9,0.0,4641.126486371601
1731070595.8,19.8,0.948,0.0,2.0,7064.2,10346.3,0.0,9564.2,6435.8,0.0,4641.3371187622215
1731070596.3,20.5,1.126,0.0,1.85,7064.3,10346.45,0.0,9564.3,6435.7,0.0,4641.547755059728
1731070596.8,19.8,1.337,0.0,3.23,7064.4,10346.6,0.0,9564.4,6435.6,0.0,4641.758395263588
1731070597.3,19.8,1.249,0.0,1.79,7064.5,10346.75,0.0,9564.5,6435.5,0.0,4641.96903937327
1731070597.8,19.8,1.204,0.0,1.85,7064.6,10346.9,0.0,9564.6,6435.4,0.0,4642.179687388242
1731070598.3,20.5,1.193,0.0,4.1,7064.7,10347.05,0.0,9564.7,6435.3,0.0,4642.390339307973
1731070598.8,19.8,1.373,0.0,7.48,7064.8,10347.2,0.0,9564.8,6435.2,0.0,4642.600995131932
1731070599.3,19.8,1.204,0.0,1.98,7064.9,10347.35,0.0,9564.9,6435.1,0.0,4642.811654859585
1731070599.8,19.9,0.86,0.0,1.99,7065.0,10347.5,0.0,9565.0,6435.0,0.0,4643.022318490403
1731070600.3,19.8,0.581,0.0,1.71,7065.1,10347.65,0.0,9565.1,6434.9,0.0,4643.232986023854
1731070600.8,20.5,0.504,0.0,1.77,7065.2,10347.8,0.0,9565.2,6434.8,0.0,4643.443657459407
1731070601.3,19.8,0.597,0.0,2.01,7065.3,10347.95,0.0,9565.3,6434.7,0.0,4643.654332796532
1731070601.8,19.8,0.672,0.0,2.75,7065.4,10348.1,0.0,9565.4,6434.6,0.0,4643.865012034696
1731070602.3,20.5,0.724,0.0,1.72,7065.5,10348.25,0.0,9565.5,6434.5,0.0,4644.075695173367
1731070602.8,19.8,0.868,0.0,1.71,7065.6,10348.4,0.0,9565.6,6434.4,0.0,4644.286382212019
1731070603.3,19.8,0.695,0.0,3.4,7065.7,10348.55,0.0,9565.7,6434.3,0.0,4644.497073150116
1731070603.8,20.5,0.714,0.0,1.97,7065.8,10348.7,0.0,9565.8,6434.2,0.0,4644.707767987132
1731070604.3,19.8,0.731,0.0,1.75,7065.9,10348.85,0.0,9565.9,6434.1,0.0,4644.918466722533
1731070604.8,19.8,0.685,0.0,2.73,7066.0,10349.0,0.0,9566.0,6434.0,0.0,4645.129169355789
1731070605.3,19.9,0.553,0.0,4.45,7066.1,10349.15,0.0,9566.1,6433.9,0.0,4645.3398758863705
1731070605.8,19.2,0.508,0.032,3.6,7066.2,10349.3,0.0,9566.2,6433.8,0.0,4645.550586313747
1731070606.3,20.5,0.57,0.0,6.63,7066.3,10349.45,0.0,9566.3,6433.7,0.0,4645.761300637389
1731070606.8,19.8,0.839,0.0,1.49,7066.4,10349.6,0.0,9566.4,6433.6,0.0,4645.972018856764
1731070607.3,19.8,0.898,0.0,6.12,7066.5,10349.75,0.0,9566.5,6433.5,0.0,4646.182740971345
1731070607.8,19.8,0.941,0.0,2.37,7066.6,10349.9,0.0,9566.6,6433.4,0.0,4646.3934669806
1731070608.3,20.5,0.794,0.0,7.36,7066.7,10350.05,0.0,9566.7,6433.3,0.0,4646.604196883999
1731070608.8,19.8,0.757,0.0,2.08,7066.8,10350.2,0.0,9566.8,6433.2,0.0,4646.814930681015
1731070609.3,19.8,0.931,0.0,1.85,7066.9,10350.35,0.0,9566.9,6433.1,0.0,4647.025668371114
1731070609.8,19.8,0.857,0.0,2.92,7067.0,10350.5,0.0,9567.0,6433.0,0.0,4647.23640995377
1731070610.3,20.5,0.84,0.0,1.82,7067.1,10350.65,0.0,9567.1,6432.9,0.0,4647.447155428451
1731070610.8,19.9,1.05,0.0,1.59,7067.2,10350.8,0.0,9567.2,6432.8,0.0,4647.657904794629
1731070611.3,19.8,0.979,0.0,2.72,7067.3,10350.95,0.0,9567.3,6432.7,0.0,4647.868658051774
1731070611.8,19.8,1.331,0.0,1.7,7067.4,10351.1,0.0,9567.4,6432.6,0.0,4648.079415199358
1731070612.3,20.5,1.122,0.0,1.39,7067.5,10351.25,0.0,9567.5,6432.5,0.0,4648.290176236849
1731070612.8,19.8,1.084,0.0,9.28,7067.6,10351.4,0.0,9567.6,6432.4,0.0,4648.500941163721
1731070613.3,19.8,0.871,0.0,2.0,7067.7,10351.55,0.0,9567.7,6432.3,0.0,4648.711709979443
1731070613.8,20.5,0.803,0.0,1.72,7067.8,10351.7,0.0,9567.8,6432.2,0.0,4648.922482683488
1731070614.3,19.9,0.844,0.0,3.28,7067.9,10351.85,0.0,9567.9,6432.1,0.0,4649.133259275324
1731070614.8,19.9,0.937,0.0,2.19,7068.0,10352.0,0.0,9568.0,6432.0,0.0,4649.3440397544255
1731070615.3,19.8,0.934,0.0,1.68,7068.1,10352.15,0.0,9568.1,6431.9,0.0,4649.554824120262
1731070615.8,20.5,0.992,0.0,3.17,7068.2,10352.3,0.0,9568.2,6431.8,0.0,4649.7656123723045
1731070616.3,19.8,0.895,0.0,1.8,7068.3,10352.45,0.0,9568.3,6431.7,0.0,4649.976404510027
1731070616.8,19.8,1.026,0.0,1.71,7068.4,10352.6,0.0,9568.4,6431.6,0.0,4650.187200532899
1731070617.3,19.8,0.882,0.0,3.88,7068.5,10352.75,0.0,9568.5,6431.5,0.0,4650.398000440392
1731070617.8,19.9,1.243,0.0,2.02,7068.6,10352.9,0.0,9568.6,6431.4,0.0,4650.608804231979
1731070618.3,20.5,1.125,0.0,2.46,7068.7,10353.05,0.0,9568.7,6431.3,0.0,4650.819611907131
1731070618.8,19.8,1.021,0.0,3.78,7068.8,10353.2,0.0,9568.8,6431.2,0.0,4651.030423465321
1731070619.3,19.8,1.164,0.0,2.0,7068.9,10353.35,0.0,9568.9,6431.1,0.0,4651.241238906019
1731070619.8,19.8,1.451,0.0,1.88,7069.0,10353.5,0.0,9569.0,6431.0,0.0,4651.452058228699
1731070620.3,20.5,1.277,0.0,5.44,7069.1,10353.65,0.0,9569.1,6430.9,0.0,4651.662881432832
1731070620.8,19.8,1.256,0.0,1.81,7069.2,10353.8,0.0,9569.2,6430.8,0.0,4651.873708517891
1731070621.3,19.8,0.937,0.0,2.28,7069.3,10353.95,0.0,9569.3,6430.7,0.0,4652.084539483349
1731070621.8,19.8,0.545,0.0,4.96,7069.4,10354.1,0.0,9569.4,6430.6,0.0,4652.295374328676
1731070622.3,20.5,0.482,0.0,10.7,7069.5,10354.25,0.0,9569.5,6430.5,0.0,4652.506213053348
1731070622.8,19.8,0.712,0.0,1.89,7069.6,10354.4,0.0,9569.6,6430.4,0.0,4652.717055656834
1731070623.3,19.8,0.67,0.0,1.85,7069.7,10354.55,0.0,9569.7,6430.3,0.0,4652.927902138609
1731070623.8,19.8,0.553,0.0,2.4,7069.8,10354.7,0.0,9569.8,6430.2,0.0,4653.1387524981465
1731070624.3,20.5,0.625,0.0,1.78,7069.9,10354.85,0.0,9569.9,6430.1,0.0,4653.349606734916
1731070624.8,19.8,0.705,0.0,1.64,7070.0,10355.0,0.0,9570.0,6430.0,0.0,4653.560464848394
1731070625.3,19.8,0.636,0.0,2.02,7070.1,10355.15,0.0,9570.1,6429.9,0.0,4653.771326838052
1731070625.8,19.8,0.684,0.0,1.57,7070.2,10355.3,0.0,9570.2,6429.8,0.0,4653.982192703363
1731070626.3,20.5,0.743,0.0,1.66,7070.3,10355.45,0.0,9570.3,6429.7,0.0,4654.193062443801
1731070626.8,19.8,0.759,0.0,7.16,7070.4,10355.6,0.0,9570.4,6429.6,0.0,4654.403936058838
1731070627.3,19.8,0.937,0.0,1.76,7070.5,10355.75,0.0,9570.5,6429.5,0.0,4654.614813547948
1731070627.8,19.9,0.726,0.0,1.63,7070.6,10355.9,0.0,9570.6,6429.4,0.0,4654.825694910605
1731070628.3,20.5,0.786,0.0,3.41,7070.7,10356.05,0.0,9570.7,6429.3,0.0,4655.036580146282
1731070628.8,19.8,0.914,0.0,1.59,7070.8,10356.2,0.0,9570.8,6429.2,0.0,4655.247469254455
1731070629.3,19.8,0.857,0.0,2.02,7070.9,10356.35,0.0,9570.9,6429.1,0.0,4655.458362234594
1731070629.8,19.8,0.786,0.0,2.48,7071.0,10356.5,0.0,9571.0,6429.0,0.0,4655.669259086174
1731070630.3,20.5,0.751,0.0,1.5,7071.1,10356.65,0.0,9571.1,6428.9,0.0,4655.880159808669
1731070630.8,19.9,0.989,0.0,2.9,7071.2,10356.8,0.0,9571.2,6428.8,0.0,4656.091064401554
1731070631.3,19.8,0.853,0.0,2.08,7071.3,10356.95,0.0,9571.3,6428.7,0.0,4656.301972864303
1731070631.8,20.5,0.916,0.0,2.0,7071.4,10357.1,0.0,9571.4,6428.6,0.0,4656.512885196389
1731070632.3,19.8,1.255,0.0,1.69,7071.5,10357.25,0.0,9571.5,6428.5,0.0,4656.723801397287
1731070632.8,19.8,1.024,0.0,1.68,7071.6,10357.4,0.0,9571.6,6428.4,0.0,4656.934721466471
1731070633.3,19.8,1.146,0.0,2.1,7071.7,10357.55,0.0,9571.7,6428.3,0.0,4657.145645403416
1731070633.8,19.8,1.162,0.0,2.08,7071.8,10357.7,0.0,9571.8,6428.2,0.0,4657.356573207596
1731070634.3,20.5,1.043,0.0,2.04,7071.9,10357.85,0.0,9571.9,6428.1,0.0,4657.567504878485
1731070634.8,19.8,1.036,0.0,5.74,7072.0,10358.0,0.0,9572.0,6428.0,0.0,4657.778440415559
1731070635.3,19.8,0.804,0.0,4.12,7072.1,10358.15,0.0,9572.1,6427.9,0.0,4657.989379818292
1731070635.8,19.8,0.882,0.0,3.74,7072.2,10358.3,0.0,9572.2,6427.8,0.0,4658.200323086159
1731070636.3,20.5,1.015,0.0,10.9,7072.3,10358.45,0.0,9572.3,6427.7,0.0,4658.411270218636
1731070636.8,19.8,0.867,0.0,1.81,7072.4,10358.6,0.0,9572.4,6427.6,0.0,4658.622221215195
1731070637.3,19.9,0.964,0.0,1.74,7072.5,10358.75,0.0,9572.5,6427.5,0.0,4658.833176075314
1731070637.8,19.8,0.903,0.0,1.81,7072.6,10358.9,0.0,9572.6,6427.4,0.0,4659.044134798467
1731070638.3,20.5,0.971,0.0,1.63,7072.7,10359.05,0.0,9572.7,6427.3,0.0,4659.25509738413
1731070638.8,19.8,0.972,0.0,2.04,7072.8,10359.2,0.0,9572.8,6427.2,0.0,4659.466063831778
1731070639.3,19.8,1.058,0.0,1.68,7072.9,10359.35,0.0,9572.9,6427.1,0.0,4659.677034140886
1731070639.8,19.8,1.072,0.0,1.68,7073.0,10359.5,0.0,9573.0,6427.0,0.0,4659.88800831093
1731070640.3,20.5,1.111,0.0,2.77,7073.1,10359.65,0.0,9573.1,6426.9,0.0,4660.098986341384
1731070640.8,19.8,1.005,0.0,8.91,7073.2,10359.8,0.0,9573.2,6426.8,0.0,4660.309968231727
1731070641.3,19.8,1.093,0.0,1.7,7073.3,10359.95,0.0,9573.3,6426.7,0.0,4660.520953981432
1731070641.8,20.5,1.203,0.0,1.86,7073.4,10360.1,0.0,9573.4,6426.6,0.0,4660.731943589976
1731070642.3,19.8,1.302,0.0,1.52,7073.5,10360.25,0.0,9573.5,6426.5,0.0,4660.942937056836
1731070642.8,19.8,0.968,0.0,1.61,7073.6,10360.4,0.0,9573.6,6426.4,0.0,4661.153934381486
1731070643.3,19.8,0.495,0.0,2.07,7073.7,10360.55,0.0,9573.7,6426.3,0.0,4661.364935563402
1731070643.8,20.5,0.633,0.0,1.83,7073.8,10360.7,0.0,9573.8,6426.2,0.0,4661.5759406020625
1731070644.3,19.8,0.663,0.0,2.41,7073.9,10360.85,0.0,9573.9,6426.1,0.0,4661.786949496942
1731070644.8,19.8,0.586,0.0,1.56,7074.0,10361.0,0.0,9574.0,6426.0,0.0,4661.997962247517
1731070645.3,19.8,0.651,0.0,2.05,7074.1,10361.15,0.0,9574.1,6425.9,0.0,4662.208978853265
1731070645.8,19.9,0.787,0.0,9.5,7074.2,10361.3,0.0,9574.2,6425.8,0.0,4662.419999313661
1731070646.3,20.5,0.7,0.0,1.77,7074.3,10361.45,0.0,9574.3,6425.7,0.0,4662.631023628183
1731070646.8,19.8,0.771,0.0,1.89,7074.4,10361.6,0.0,9574.4,6425.6,0.0,4662.842051796308
1731070647.3,19.9,0.483,0.0,3.78,7074.5,10361.75,0.0,9574.5,6425.5,0.0,4663.053083817511
1731070647.8,19.8,0.703,0.0,1.81,7074.6,10361.9,0.0,9574.6,6425.4,0.0,4663.264119691271
1731070648.3,20.5,1.104,0.0,1.86,7074.7,10362.05,0.0,9574.7,6425.3,0.0,4663.475159417062
1731070648.8,19.8,0.624,0.0,3.71,7074.8,10362.2,0.0,9574.8,6425.2,0.0,4663.686202994366
1731070649.3,19.8,0.703,0.0,1.73,7074.9,10362.35,0.0,9574.9,6425.1,0.0,4663.897250422655
1731070649.8,19.8,0.946,0.0,1.71,7075.0,10362.5,0.0,9575.0,6425.0,0.0,4664.108301701409
1731070650.3,20.5,0.973,0.0,7.11,7075.1,10362.65,0.0,9575.1,6424.9,0.0,4664.319356830105
1731070650.8,19.8,0.972,0.0,1.53,7075.2,10362.8,0.0,9575.2,6424.8,0.0,4664.530415808219
1731070651.3,19.8,0.791,0.0,2.03,7075.3,10362.95,0.0,9575.3,6424.7,0.0,4664.741478635231
1731070651.8,20.5,0.821,0.0,3.18,7075.4,10363.1,0.0,9575.4,6424.6,0.0,4664.952545310616
1731070652.3,19.8,0.836,0.0,1.74,7075.5,10363.25,0.0,9575.5,6424.5,0.0,4665.163615833854
1731070652.8,19.8,1.008,0.0,2.06,7075.6,10363.4,0.0,9575.6,6424.4,0.0,4665.374690204421
1731070653.3,19.8,1.046,0.0,1.39,7075.7,10363.55,0.0,9575.7,6424.3,0.0,4665.585768421795
1731070653.8,19.9,0.782,0.0,1.86,7075.8,10363.7,0.0,9575.8,6424.2,0.0,4665.796850485456
1731070654.3,20.5,1.049,0.0,1.86,7075.9,10363.85,0.0,9575.9,6424.1,0.0,4666.007936394879
1731070654.8,19.8,0.973,0.0,6.66,7076.0,10364.0,0.0,9576.0,6424.0,0.0,4666.219026149544
1731070655.3,19.8,1.14,0.0,2.35,7076.1,10364.15,0.0,9576.1,6423.9,0.0,4666.4301197489285
1731070655.8,19.8,0.768,0.0,1.61,7076.2,10364.3,0.0,9576.2,6423.8,0.0,4666.64121719251
1731070656.3,20.5,0.785,0.0,1.57,7076.3,10364.45,0.0,9576.3,6423.7,0.0,4666.85231847977
1731070656.8,19.8,1.069,0.0,3.03,7076.4,10364.6,0.0,9576.4,6423.6,0.0,4667.063423610182
1731070657.3,19.8,1.045,0.0,1.67,7076.5,10364.75,0.0,9576.5,6423.5,0.0,4667.274532583229
1731070657.8,19.8,0.827,0.0,1.69,7076.6,10364.9,0.0,9576.6,6423.4,0.0,4667.4856453983875
1731070658.3,20.5,0.757,0.0,3.62,7076.7,10365.05,0.0,9576.7,6423.3,0.0,4667.696762055136
1731070658.8,19.8,1.255,0.0,1.97,7076.8,10365.2,0.0,9576.8,6423.2,0.0,4667.907882552954
1731070659.3,19.8,0.959,0.0,1.6,7076.9,10365.35,0.0,9576.9,6423.1,0.0,4668.119006891319
1731070659.8,19.8,0.846,0.0,9.79,7077.0,10365.5,0.0,9577.0,6423.0,0.0,4668.330135069713
1731070660.3,20.5,1.08,0.0,2.33,7077.1,10365.65,0.0,9577.1,6422.9,0.0,4668.541267087611
1731070660.8,19.8,0.912,0.0,1.72,7077.2,10365.8,0.0,9577.2,6422.8,0.0,4668.752402944495
1731070661.3,19.8,1.07,0.0,1.99,7077.3,10365.95,0.0,9577.3,6422.7,0.0,4668.9635426398445
1731070661.8,20.5,1.086,0.0,1.76,7077.4,10366.1,0.0,9577.4,6422.6,0.0,4669.174686173135
1731070662.3,19.8,1.166,0.0,1.88,7077.5,10366.25,0.0,9577.5,6422.5,0.0,4669.385833543851
1731070662.8,19.9,1.212,0.0,1.63,7077.6,10366.4,0.0,9577.6,6422.4,0.0,4669.596984751468
1731070663.3,19.8,1.137,0.0,2.78,7077.7,10366.55,0.0,9577.7,6422.3,0.0,4669.808139795467
1731070663.8,19.8,0.941,0.0,1.87,7077.8,10366.7,0.0,9577.8,6422.2,0.0,4670.019298675328
1731070664.3,19.8,0.548,0.0,8.43,7077.9,10366.85,0.0,9577.9,6422.1,0.0,4670.23046139053
1731070664.8,20.5,0.667,0.0,3.53,7078.0,10367.0,0.0,9578.0,6422.0,0.0,4670.441627940552
1731070665.3,19.8,0.958,0.0,1.81,7078.1,10367.15,0.0,9578.1,6421.9,0.0,4670.652798324876
1731070665.8,20.5,0.591,0.0,1.84,7078.2,10367.3,0.0,9578.2,6421.8,0.0,4670.863972542981
1731070666.3,19.8,0.929,0.0,2.31,7078.3,10367.45,0.0,9578.3,6421.7,0.0,4671.075150594347
1731070666.8,19.9,0.699,0.0,1.62,7078.4,10367.6,0.0,9578.4,6421.6,0.0,4671.286332478453
1731070667.3,19.8,0.847,0.0,1.57,7078.5,10367.75,0.0,9578.5,6421.5,0.0,4671.497518194781
1731070667.8,20.5,0.746,0.0,3.0,7078.6,10367.9,0.0,9578.6,6421.4,0.0,4671.7087077428105
1731070668.3,19.9,0.637,0.0,1.92,7078.7,10368.05,0.0,9578.7,6421.3,0.0,4671.919901122021
1731070668.8,19.8,0.593,0.0,3.71,7078.8,10368.2,0.0,9578.8,6421.2,0.0,4672.131098331895
1731070669.3,19.8,0.648,0.0,9.55,7078.9,10368.35,0.0,9578.9,6421.1,0.0,4672.342299371911
1731070669.8,19.9,0.797,0.0,2.02,7079.0,10368.5,0.0,9579.0,6421.0,0.0,4672.553504241551
1731070670.3,20.5,0.615,0.0,2.08,7079.1,10368.65,0.0,9579.1,6420.9,0.0,4672.764712940295
1731070670.8,19.8,0.723,0.0,3.49,7079.2,10368.8,0.0,9579.2,6420.8,0.0,4672.975925467624
1731070671.3,19.9,0.761,0.0,1.88,7079.3,10368.95,0.0,9579.3,6420.7,0.0,4673.187141823019
1731070671.8,19.8,0.655,0.0,1.96,7079.4,10369.1,0.0,9579.4,6420.6,0.0,4673.398362005961
1731070672.3,20.5,0.7,0.0,1.54,7079.5,10369.25,0.0,9579.5,6420.5,0.0,4673.609586015931
1731070672.8,19.8,0.947,0.0,2.35,7079.6,10369.4,0.0,9579.6,6420.4,0.0,4673.82081385241
1731070673.3,19.8,0.993,0.0,1.79,7079.7,10369.55,0.0,9579.7,6420.3,0.0,4674.0320455148785
1731070673.8,20.5,0.981,0.0,10.7,7079.8,10369.7,0.0,9579.8,6420.2,0.0,4674.2432810028195
1731070674.3,19.9,1.115,0.0,2.46,7079.9,10369.85,0.0,9579.9,6420.1,0.0,4674.454520315713
1731070674.8,19.8,0.987,0.0,1.99,7080.0,10370.0,0.0,9580.0,6420.0,0.0,4674.665763453041
1731070675.3,19.8,9.511,0.0,1.6,7080.1,10370.15,0.0,9580.1,6419.9,0.0,4674.877010414285
1731070675.8,20.5,2.07,0.0,52.4,7080.2,10370.3,0.0,9580.2,6419.8,0.0,4675.0882611989255
1731070676.3,19.8,1.195,0.0,1.6,7080.3,10370.45,0.0,9580.3,6419.7,0.0,4675.299515806448
1731070676.8,19.8,0.869,0.0,2.09,7080.4,10370.6,0.0,9580.4,6419.6,0.0,4675.51077423633
1731070677.3,19.8,0.832,0.0,3.18,7080.5,10370.75,0.0,9580.5,6419.5,0.0,4675.722036488055
1731070677.8,19.2,0.814,0.032,2.38,7080.6,10370.9,0.0,9580.6,6419.4,0.0,4675.933302561105
1731070678.3,20.5,1.052,0.0,5.4,7080.7,10371.05,0.0,9580.7,6419.3,0.0,4676.144572454961
1731070678.8,19.8,0.781,0.0,1.88,7080.8,10371.2,0.0,9580.8,6419.2,0.0,4676.355846169109
1731070679.3,19.9,0.903,0.0,1.8,7080.9,10371.35,0.0,9580.9,6419.1,0.0,4676.5671237030265
1731070679.8,19.8,0.805,0.0,1.61,7081.0,10371.5,0.0,9581.0,6419.0,0.0,4676.778405056199
1731070680.3,20.5,0.956,0.0,1.59,7081.1,10371.65,0.0,9581.1,6418.9,0.0,4676.989690228106
1731070680.8,19.8,1.019,0.0,1.83,7081.2,10371.8,0.0,9581.2,6418.8,0.0,4677.2009792182325
1731070681.3,19.8,0.955,0.0,2.03,7081.3,10371.95,0.0,9581.3,6418.7,0.0,4677.412272026062
1731070681.8,20.5,0.964,0.0,1.81,7081.4,10372.1,0.0,9581.4,6418.6,0.0,4677.623568651073
1731070682.3,19.8,1.336,0.0,2.15,7081.5,10372.25,0.0,9581.5,6418.5,0.0,4677.834869092751
1731070682.8,19.8,0.997,0.0,4.45,7081.6,10372.4,0.0,9581.6,6418.4,0.0,4678.04617335058
1731070683.3,19.8,1.315,0.0,1.52,7081.7,10372.55,0.0,9581.7,6418.3,0.0,4678.25748142404
1731070683.8,19.8,1.138,0.0,3.48,7081.8,10372.7,0.0,9581.8,6418.2,0.0,4678.468793312616
1731070684.3,20.5,1.181,0.0,1.77,7081.9,10372.85,0.0,9581.9,6418.1,0.0,4678.68010901579
1731070684.8,19.8,1.198,0.0,1.91,7082.0,10373.0,0.0,9582.0,6418.0,0.0,4678.891428533045
1731070685.3,19.8,0.941,0.0,2.07,7082.1,10373.15,0.0,9582.1,6417.9,0.0,4679.102751863866
1731070685.8,19.8,0.538,0.0,2.12,7082.2,10373.3,0.0,9582.2,6417.8,0.0,4679.314079007734
1731070686.3,20.5,0.607,0.0,1.95,7082.3,10373.45,0.0,9582.3,6417.7,0.0,4679.525409964135
1731070686.8,19.8,0.706,0.0,1.67,7082.4,10373.6,0.0,9582.4,6417.6,0.0,4679.73674473255
1731070687.3,19.8,0.758,0.0,2.59,7082.5,10373.75,0.0,9582.5,6417.5,0.0,4679.9480833124635
1731070687.8,19.8,0.652,0.0,1.62,7082.6,10373.9,0.0,9582.6,6417.4,0.0,4680.159425703359
1731070688.3,20.5,0.657,0.0,1.76,7082.7,10374.05,0.0,9582.7,6417.3,0.0,4680.370771904722
1731070688.8,19.8,0.782,0.0,1.81,7082.8,10374.2,0.0,9582.8,6417.2,0.0,4680.582121916034
1731070689.3,19.8,2.783,0.0,2.01,7082.9,10374.35,0.0,9582.9,6417.1,0.0,4680.793475736779
1731070689.8,19.8,1.163,0.0,16.0,7083.0,10374.5,0.0,9583.0,6417.0,0.0,4681.004833366443
1731070690.3,20.5,0.764,0.0,1.74,7083.1,10374.65,0.0,9583.1,6416.9,0.0,4681.216194804509
1731070690.8,19.9,0.608,0.0,1.75,7083.2,10374.8,0.0,9583.2,6416.8,0.0,4681.427560050459
1731070691.3,19.8,0.714,0.0,1.68,7083.3,10374.95,0.0,9583.3,6416.7,0.0,4681.638929103781
1731070691.8,19.8,1.016,0.0,2.09,7083.4,10375.1,0.0,9583.4,6416.6,0.0,4681.8503019639575
1731070692.3,20.5,0.741,0.0,6.41,7083.5,10375.25,0.0,9583.5,6416.5,0.0,4682.061678630473
1731070692.8,19.8,0.916,0.0,1.77,7083.6,10375.4,0.0,9583.6,6416.4,0.0,4682.273059102811
1731070693.3,19.8,0.883,0.0,2.88,7083.7,10375.55,0.0,9583.7,6416.3,0.0,4682.484443380458
1731070693.8,19.8,0.875,0.0,1.97,7083.8,10375.7,0.0,9583.8,6416.2,0.0,4682.695831462898
1731070694.3,20.5,0.987,0.0,2.03,7083.9,10375.85,0.0,9583.9,6416.1,0.0,4682.9072233496145
1731070694.8,19.2,1.059,0.032,4.11,7084.0,10376.0,0.0,9584.0,6416.0,0.0,4683.118619040094
1731070695.3,19.8,1.181,0.0,1.82,7084.1,10376.15,0.0,9584.1,6415.9,0.0,4683.330018533821
1731070695.8,20.5,0.947,0.0,2.17,7084.2,10376.3,0.0,9584.2,6415.8,0.0,4683.541421830279
1731070696.3,19.8,1.004,0.0,2.06,7084.3,10376.45,0.0,9584.3,6415.7,0.0,4683.752828928957
1731070696.8,19.8,1.301,0.0,8.91,7084.4,10376.6,0.0,9584.4,6415.6,0.0,4683.964239829335
1731070697.3,19.8,1.333,0.0,1.8,7084.5,10376.75,0.0,9584.5,6415.5,0.0,4684.175654530902
1731070697.8,20.5,1.403,0.0,1.59,7084.6,10376.9,0.0,9584.6,6415.4,0.0,4684.387073033141
1731070698.3,19.8,0.895,0.0,2.32,7084.7,10377.05,0.0,9584.7,6415.3,0.0,4684.598495335539
1731070698.8,19.8,0.809,0.0,1.44,7084.8,10377.2,0.0,9584.8,6415.2,0.0,4684.8099214375825
1731070699.3,19.8,0.773,0.0,1.47,7084.9,10377.35,0.0,9584.9,6415.1,0.0,4685.021351338753
1731070699.8,19.9,0.88,0.0,3.18,7085.0,10377.5,0.0,9585.0,6415.0,0.0,4685.232785038541
1731070700.3,20.5,0.96,0.0,1.71,7085.1,10377.65,0.0,9585.1,6414.9,0.0,4685.444222536429
1731070700.8,19.8,0.91,0.0,1.83,7085.2,10377.8,0.0,9585.2,6414.8,0.0,4685.655663831903
1731070701.3,19.8,0.956,0.0,3.41,7085.3,10377.95,0.0,9585.3,6414.7,0.0,4685.867108924453
1731070701.8,19.8,0.821,0.0,8.87,7085.4,10378.1,0.0,9585.4,6414.6,0.0,4686.078557813558
1731070702.3,20.4,1.094,0.0,1.95,7085.5,10378.25,0.0,9585.5,6414.5,0.0,4686.29001049871
1731070702.8,19.9,1.068,0.0,2.18,7085.6,10378.4,0.0,9585.6,6414.4,0.0,4686.501466979393
1731070703.3,19.9,1.004,0.0,1.7,7085.7,10378.55,0.0,9585.7,6414.3,0.0,4686.712927255092
1731070703.8,19.8,1.546,0.0,1.64,7085.8,10378.7,0.0,9585.8,6414.2,0.0,4686.924391325297
1731070704.3,20.5,1.086,0.0,1.76,7085.9,10378.85,0.0,9585.9,6414.1,0.0,4687.1358591894905
1731070704.8,19.9,1.141,0.0,1.64,7086.0,10379.0,0.0,9586.0,6414.0,0.0,4687.34733084716
1731070705.3,19.8,1.089,0.0,1.69,7086.1,10379.15,0.0,9586.1,6413.9,0.0,4687.558806297794
1731070705.8,20.5,1.211,0.0,2.04,7086.2,10379.3,0.0,9586.2,6413.8,0.0,4687.770285540877
1731070706.3,19.8,1.29,0.0,7.39,7086.3,10379.45,0.0,9586.3,6413.7,0.0,4687.981768575898
1731070706.8,19.8,0.859,0.0,2.15,7086.4,10379.6,0.0,9586.4,6413.6,0.0,4688.193255402341
1731070707.3,19.8,0.497,0.0,1.53,7086.5,10379.75,0.0,9586.5,6413.5,0.0,4688.404746019695
1731070707.8,20.5,0.399,0.0,3.34,7086.6,10379.9,0.0,9586.6,6413.4,0.0,4688.616240427446
1731070708.3,19.8,0.532,0.0,1.4,7086.7,10380.05,0.0,9586.7,6413.3,0.0,4688.827738625082
1731070708.8,19.8,0.597,0.0,2.02,7086.8,10380.2,0.0,9586.8,6413.2,0.0,4689.03924061209
1731070709.3,19.8,0.676,0.0,2.85,7086.9,10380.35,0.0,9586.9,6413.1,0.0,4689.250746387956
1731070709.8,20.5,0.598,0.0,2.83,7087.0,10380.5,0.0,9587.0,6413.0,0.0,4689.462255952169
1731070710.3,19.8,0.69,0.0,1.78,7087.1,10380.65,0.0,9587.1,6412.9,0.0,4689.673769304215
1731070710.8,19.9,0.616,0.0,6.05,7087.2,10380.8,0.0,9587.2,6412.8,0.0,4689.885286443582
1731070711.3,19.8,0.723,0.0,1.78,7087.3,10380.95,0.0,9587.3,6412.7,0.0,4690.096807369759
1731070711.8,19.8,0.898,0.0,1.72,7087.4,10381.1,0.0,9587.4,6412.6,0.0,4690.308332082231
1731070712.3,20.5,0.626,0.0,1.64,7087.5,10381.25,0.0,9587.5,6412.5,0.0,4690.519860580488
1731070712.8,19.8,0.751,0.0,1.79,7087.6,10381.4,0.0,9587.6,6412.4,0.0,4690.731392864017
1731070713.3,19.8,1.104,0.0,1.68,7087.7,10381.55,0.0,9587.7,6412.3,0.0,4690.942928932305
1731070713.8,19.9,0.803,0.0,1.55,7087.8,10381.7,0.0,9587.8,6412.2,0.0,4691.154468784843
1731070714.3,20.5,0.865,0.0,1.77,7087.9,10381.85,0.0,9587.9,6412.1,0.0,4691.366012421116
1731070714.8,19.8,0.935,0.0,2.01,7088.0,10382.0,0.0,9588.0,6412.0,0.0,4691.577559840613
1731070715.3,19.8,0.81,0.0,1.75,7088.1,10382.15,0.0,9588.1,6411.9,0.0,4691.789111042823
1731070715.8,19.8,0.854,0.0,8.75,7088.2,10382.3,0.0,9588.2,6411.8,0.0,4692.000666027233
1731070716.3,20.5,1.108,0.0,1.72,7088.3,10382.45,0.0,9588.3,6411.7,0.0,4692.212224793333
1731070716.8,19.8,0.978,0.0,1.78,7088.4,10382.6,0.0,9588.4,6411.6,0.0,4692.423787340611
1731070717.3,19.8,0.966,0.0,2.57,7088.5,10382.75,0.0,9588.5,6411.5,0.0,4692.635353668555
1731070717.8,20.5,0.953,0.0,1.72,7088.6,10382.9,0.0,9588.6,6411.4,0.0,4692.846923776653
1731070718.3,19.2,1.241,0.0,2.34,7088.7,10383.05,0.0,9588.7,6411.3,0.0,4693.058497664396
1731070718.8,20.5,1.075,0.0,7.4,7088.8,10383.2,0.0,9588.8,6411.2,0.0,4693.270075331272
1731070719.3,19.8,0.97,0.0,1.96,7088.9,10383.35,0.0,9588.9,6411.1,0.0,4693.481656776768
1731070719.8,19.9,0.874,0.0,1.8,7089.0,10383.5,0.0,9589.0,6411.0,0.0,4693.693242000376
1731070720.3,20.5,0.84,0.0,6.63,7089.1,10383.65,0.0,9589.1,6410.9,0.0,4693.904831001583
1731070720.8,19.8,0.772,0.0,1.72,7089.2,10383.8,0.0,9589.2,6410.8,0.0,4694.1164237798785
1731070721.3,19.8,0.831,0.0,1.84,7089.3,10383.95,0.0,9589.3,6410.7,0.0,4694.328020334753
1731070721.8,19.9,0.922,0.0,3.35,7089.4,10384.1,0.0,9589.4,6410.6,0.0,4694.539620665694
1731070722.3,20.5,0.956,0.0,1.7,7089.5,10384.25,0.0,9589.5,6410.5,0.0,4694.7512247721925
1731070722.8,19.9,0.967,0.0,1.75,7089.6,10384.4,0.0,9589.6,6410.4,0.0,4694.962832653737
1731070723.3,19.8,1.006,0.0,2.9,7089.7,10384.55,0.0,9589.7,6410.3,0.0,4695.174444309817
1731070723.8,20.5,1.085,0.0,7.45,7089.8,10384.7,0.0,9589.8,6410.2,0.0,4695.386059739923
1731070724.3,19.8,1.309,0.0,1.89,7089.9,10384.85,0.0,9589.9,6410.1,0.0,4695.597678943544
1731070724.8,19.8,1.169,0.0,2.27,7090.0,10385.0,0.0,9590.0,6410.0,0.0,4695.809301920171
1731070725.3,19.8,1.045,0.0,1.58,7090.1,10385.15,0.0,9590.1,6409.9,0.0,4696.020928669292
1731070725.8,19.9,1.321,0.0,1.7,7090.2,10385.3,0.0,9590.2,6409.8,0.0,4696.232559190398
1731070726.3,20.5,1.102,0.0,2.26,7090.3,10385.45,0.0,9590.3,6409.7,0.0,4696.44419348298
1731070726.8,19.9,1.397,0.0,2.12,7090.4,10385.6,0.0,9590.4,6409.6,0.0,4696.655831546527
1731070727.3,19.8,1.181,0.0,3.03,7090.5,10385.75,0.0,9590.5,6409.5,0.0,4696.867473380529
1731070727.8,20.5,1.106,0.0,1.7,7090.6,10385.9,0.0,9590.6,6409.4,0.0,4697.079118984478
1731070728.3,19.2,0.682,0.0,1.71,7090.7,10386.05,0.0,9590.7,6409.3,0.0,4697.290768357862
1731070728.8,20.5,0.575,0.0,1.87,7090.8,10386.2,0.0,9590.8,6409.2,0.0,4697.502421500175
1731070729.3,19.8,0.575,0.0,1.69,7090.9,10386.35,0.0,9590.9,6409.1,0.0,4697.714078410903
1731070729.8,20.5,0.954,0.0,10.9,7091.0,10386.5,0.0,9591.0,6409.0,0.0,4697.92573908954
1731070730.3,19.8,0.665,0.0,1.79,7091.1,10386.65,0.0,9591.1,6408.9,0.0,4698.137403535576
1731070730.8,19.8,0.635,0.0,1.61,7091.2,10386.8,0.0,9591.2,6408.8,0.0,4698.3490717485
1731070731.3,19.8,0.579,0.0,1.83,7091.3,10386.95,0.0,9591.3,6408.7,0.0,4698.560743727807
1731070731.8,20.5,0.586,0.0,1.8,7091.4,10387.1,0.0,9591.4,6408.6,0.0,4698.772419472984
1731070732.3,19.8,0.708,0.0,2.03,7091.5,10387.25,0.0,9591.5,6408.5,0.0,4698.984098983524
1731070732.8,19.8,0.753,0.0,1.91,7091.6,10387.4,0.0,9591.6,6408.4,0.0,4699.1957822589175
1731070733.3,19.8,0.702,0.0,2.14,7091.7,10387.55,0.0,9591.7,6408.3,0.0,4699.407469298656
1731070733.8,19.8,0.798,0.0,1.62,7091.8,10387.7,0.0,9591.8,6408.2,0.0,4699.619160102231
1731070734.3,20.5,0.749,0.0,4.79,7091.9,10387.85,0.0,9591.9,6408.1,0.0,4699.830854669134
1731070734.8,19.9,0.819,0.0,1.66,7092.0,10388.0,0.0,9592.0,6408.0,0.0,4700.042552998855
1731070735.3,19.8,0.805,0.0,1.72,7092.1,10388.15,0.0,9592.1,6407.9,0.0,4700.254255090888
1731070735.8,20.5,0.727,0.0,3.35,7092.2,10388.3,0.0,9592.2,6407.8,0.0,4700.465960944723
1731070736.3,19.8,0.796,0.0,1.91,7092.3,10388.45,0.0,9592.3,6407.7,0.0,4700.677670559853
1731070736.8,19.8,0.903,0.0,1.87,7092.4,10388.6,0.0,9592.4,6407.6,0.0,4700.889383935768
1731070737.3,19.8,0.933,0.0,3.76,7092.5,10388.75,0.0,9592.5,6407.5,0.0,4701.10110107196
1731070737.8,20.5,0.815,0.0,2.12,7092.6,10388.9,0.0,9592.6,6407.4,0.0,4701.312821967924
1731070738.3,19.8,1.047,0.0,1.76,7092.7,10389.05,0.0,9592.7,6407.3,0.0,4701.524546623148
1731070738.8,19.9,1.366,0.0,2.28,7092.8,10389.2,0.0,9592.8,6407.2,0.0,4701.736275037128
1731070739.3,19.8,1.257,0.0,9.07,7092.9,10389.35,0.0,9592.9,6407.1,0.0,4701.948007209352
1731070739.8,19.9,1.394,0.0,1.85,7093.0,10389.5,0.0,9593.0,6407.0,0.0,4702.159743139317
1731070740.3,20.5,1.051,0.0,1.96,7093.1,10389.65,0.0,9593.1,6406.9,0.0,4702.371482826511
1731070740.8,19.8,0.85,0.0,1.86,7093.2,10389.8,0.0,9593.2,6406.8,0.0,4702.583226270429
1731070741.3,19.8,0.863,0.0,1.96,7093.3,10389.95,0.0,9593.3,6406.7,0.0,4702.794973470564
1731070741.8,19.9,0.921,0.0,1.57,7093.4,10390.1,0.0,9593.4,6406.6,0.0,4703.006724426406
1731070742.3,20.5,1.072,0.0,2.18,7093.5,10390.25,0.0,9593.5,6406.5,0.0,4703.218479137451
1731070742.8,19.8,0.906,0.0,1.63,7093.6,10390.4,0.0,9593.6,6406.4,0.0,4703.43023760319
1731070743.3,19.8,0.939,0.0,1.47,7093.7,10390.55,0.0,9593.7,6406.3,0.0,4703.641999823116
1731070743.8,20.5,0.794,0.0,5.25,7093.8,10390.7,0.0,9593.8,6406.2,0.0,4703.853765796722
1731070744.3,19.8,0.818,0.0,1.59,7093.9,10390.85,0.0,9593.9,6406.1,0.0,4704.0655355235
1731070744.8,19.8,1.057,0.0,1.63,7094.0,10391.0,0.0,9594.0,6406.0,0.0,4704.277309002946
1731070745.3,19.9,0.975,0.0,3.19,7094.1,10391.15,0.0,9594.1,6405.9,0.0,4704.489086234551
1731070745.8,19.8,0.94,0.0,1.82,7094.2,10391.3,0.0,9594.2,6405.8,0.0,4704.700867217808
1731070746.3,20.4,1.346,0.0,1.76,7094.3,10391.45,0.0,9594.3,6405.7,0.0,4704.912651952212
1731070746.8,19.9,1.096,0.0,3.2,7094.4,10391.6,0.0,9594.4,6405.6,0.0,4705.1244404372555
1731070747.3,19.8,1.233,0.0,2.9,7094.5,10391.75,0.0,9594.5,6405.5,0.0,4705.336232672433
1731070747.8,19.8,1.169,0.0,1.86,7094.6,10391.9,0.0,9594.6,6405.4,0.0,4705.548028657236
1731070748.3,20.5,1.157,0.0,3.66,7094.7,10392.05,0.0,9594.7,6405.3,0.0,4705.759828391159
1731070748.8,19.9,1.516,0.0,7.72,7094.8,10392.2,0.0,9594.8,6405.2,0.0,4705.971631873699
1731070749.3,19.8,0.792,0.0,1.56,7094.9,10392.35,0.0,9594.9,6405.1,0.0,4706.183439104345
1731070749.8,19.9,0.536,0.0,2.78,7095.0,10392.5,0.0,9595.0,6405.0,0.0,4706.3952500825935
1731070750.3,20.5,0.731,0.0,1.77,7095.1,10392.65,0.0,9595.1,6404.9,0.0,4706.6070648079385
1731070750.8,19.8,1.077,0.0,1.56,7095.2,10392.8,0.0,9595.2,6404.8,0.0,4706.818883279873
1731070751.3,19.9,0.672,0.0,2.97,7095.3,10392.95,0.0,9595.3,6404.7,0.0,4707.030705497894
1731070751.8,20.5,0.643,0.0,1.79,7095.4,10393.1,0.0,9595.4,6404.6,0.0,4707.242531461492
1731070752.3,19.9,0.718,0.0,1.93,7095.5,10393.25,0.0,9595.5,6404.5,0.0,4707.454361170165
1731070752.8,19.8,0.795,0.0,3.62,7095.6,10393.4,0.0,9595.6,6404.4,0.0,4707.6661946234035
1731070753.3,19.8,0.628,0.0,6.41,7095.7,10393.55,0.0,9595.7,6404.3,0.0,4707.8780318207055
1731070753.8,19.9,0.636,0.0,4.6,7095.8,10393.7,0.0,9595.8,6404.2,0.0,4708.089872761564
1731070754.3,20.5,0.702,0.0,6.87,7095.9,10393.85,0.0,9595.9,6404.1,0.0,4708.301717445474
1731070754.8,19.8,0.687,0.0,4.4,7096.0,10394.0,0.0,9596.0,6404.0,0.0,4708.51356587193
1731070755.3,19.8,0.702,0.0,1.73,7096.1,10394.15,0.0,9596.1,6403.9,0.0,4708.725418040428
1731070755.8,20.5,0.718,0.0,1.88,7096.2,10394.3,0.0,9596.2,6403.8,0.0,4708.937273950461
1731070756.3,19.8,0.597,0.0,1.9,7096.3,10394.45,0.0,9596.3,6403.7,0.0,4709.149133601526
1731070756.8,19.8,0.74,0.0,1.87,7096.4,10394.6,0.0,9596.4,6403.6,0.0,4709.360996993117
1731070757.3,19.9,0.907,0.0,1.7,7096.5,10394.75,0.0,9596.5,6403.5,0.0,4709.572864124729
1731070757.8,19.8,1.034,0.0,2.03,7096.6,10394.9,0.0,9596.6,6403.4,0.0,4709.784734995857
1731070758.3,20.5,0.924,0.0,8.43,7096.7,10395.05,0.0,9596.7,6403.3,0.0,4709.996609605998
1731070758.8,19.8,0.764,0.0,1.71,7096.8,10395.2,0.0,9596.8,6403.2,0.0,4710.208487954647
1731070759.3,19.8,1.023,0.0,1.85,7096.9,10395.35,0.0,9596.9,6403.1,0.0,4710.420370041298
1731070759.8,19.8,0.844,0.0,1.74,7097.0,10395.5,0.0,9597.0,6403.0,0.0,4710.632255865448
1731070760.3,20.5,0.837,0.0,1.53,7097.1,10395.65,0.0,9597.1,6402.9,0.0,4710.844145426592
1731070760.8,19.9,1.116,0.0,2.04,7097.2,10395.8,0.0,9597.2,6402.8,0.0,4711.056038724226
1731070761.3,19.8,1.004,0.0,2.11,7097.3,10395.95,0.0,9597.3,6402.7,0.0,4711.267935757847
1731070761.8,19.9,0.897,0.0,2.0,7097.4,10396.1,0.0,9597.4,6402.6,0.0,4711.479836526948
1731070762.3,20.5,0.951,0.0,3.11,7097.5,10396.25,0.0,9597.5,6402.5,0.0,4711.691741031028
1731070762.8,19.8,0.977,0.0,8.32,7097.6,10396.4,0.0,9597.6,6402.4,0.0,4711.903649269581
1731070763.3,19.8,0.704,0.0,1.66,7097.7,10396.55,0.0,9597.7,6402.3,0.0,4712.115561242104
1731070763.8,19.9,0.774,0.0,2.02,7097.8,10396.7,0.0,9597.8,6402.2,0.0,4712.327476948096
1731070764.3,20.5,0.876,0.0,1.76,7097.9,10396.85,0.0,9597.9,6402.1,0.0,4712.539396387047
1731070764.8,19.8,0.998,0.0,1.92,7098.0,10397.0,0.0,9598.0,6402.0,0.0,4712.75131955846
1731070765.3,19.8,0.989,0.0,1.71,7098.1,10397.15,0.0,9598.1,6401.9,0.0,4712.963246461826
1731070765.8,19.8,0.81,0.0,4.47,7098.2,10397.3,0.0,9598.2,6401.8,0.0,4713.175177096646
1731070766.3,20.5,0.943,0.0,1.58,7098.3,10397.45,0.0,9598.3,6401.7,0.0,4713.387111462414
1731070766.8,19.8,1.027,0.0,1.65,7098.4,10397.6,0.0,9598.4,6401.6,0.0,4713.5990495586275
1731070767.3,19.8,0.942,0.0,5.7,7098.5,10397.75,0.0,9598.5,6401.5,0.0,4713.810991384784
1731070767.8,19.8,1.287,0.0,1.61,7098.6,10397.9,0.0,9598.6,6401.4,0.0,4714.02293694038
1731070768.3,20.5,0.987,0.0,1.42,7098.7,10398.05,0.0,9598.7,6401.3,0.0,4714.234886224911
1731070768.8,19.8,1.086,0.0,3.19,7098.8,10398.2,0.0,9598.8,6401.2,0.0,4714.446839237877
1731070769.3,19.9,1.203,0.0,2.05,7098.9,10398.35,0.0,9598.9,6401.1,0.0,4714.658795978771
1731070769.8,19.8,1.047,0.0,2.12,7099.0,10398.5,0.0,9599.0,6401.0,0.0,4714.870756447095
1731070770.3,20.5,1.401,0.0,2.51,7099.1,10398.65,0.0,9599.1,6400.9,0.0,4715.082720642343
1731070770.8,19.8,0.8,0.0,1.54,7099.2,10398.8,0.0,9599.2,6400.8,0.0,4715.294688564013
1731070771.3,19.8,0.587,0.0,2.0,7099.3,10398.95,0.0,9599.3,6400.7,0.0,4715.506660211605
1731070771.8,19.8,0.609,0.0,2.11,7099.4,10399.1,0.0,9599.4,6400.6,0.0,4715.7186355846125
1731070772.3,20.5,0.543,0.0,2.87,7099.5,10399.25,0.0,9599.5,6400.5,0.0,4715.930614682536
1731070772.8,19.9,0.583,0.0,1.6,7099.6,10399.4,0.0,9599.6,6400.4,0.0,4716.142597504871
1731070773.3,19.8,0.695,0.0,1.65,7099.7,10399.55,0.0,9599.7,6400.3,0.0,4716.354584051118
