Time,S1F1Bitrate,S1F1Jitter,S1F1Datagrams,S1F1Delay,S1F1Distance,S1F2Bitrate,S1F2Jitter,S1F2Datagrams,S1F2Delay,S1F2Distance,S1F4Bitrate,S1F4Jitter,S1F4Datagrams,S1F4Delay,S1F4Distance,S1C1Bitrate,S1C1Jitter,S1C1Datagrams,S1C1Delay,S1C1Distance
1731071782.23,-0.4742677878317513,-0.4555723301088396,-0.16079260305988133,-0.15383988727809422,1.042560659045115,-0.40881180358707603,-0.07590234360647133,-0.1264435866502287,-0.3291741843102112,1.0420825823740543,-0.040919754261378345,1.6248579536975383,-0.2200071895867306,-0.10559676343816948,1.0421317239158652,0.9600569007030418,0.45118362847831156,-0.10618487618330075,-0.42378630091747965,-1.032329496551103
1731071782.73,-0.4742677878317513,-0.5796280714332596,-0.16079260305988133,0.257247786615043,1.0408045286914254,-0.40881180358707603,0.18427051632105532,-0.1264435866502287,0.7276722484115159,1.0395756750112735,-0.040919754261378345,1.7405617015732202,-0.2200071895867306,-0.03192935657763875,1.0421199517504602,-0.9000588213515957,-0.1605627273253531,-0.10618487618330075,-0.13682485276527537,-1.0427323528616432
1731071783.23,1.5345349014458474,-0.2893376367341167,-0.16079260305988133,-0.1681518285173368,1.041910348267526,1.3238737872461357,-0.22665671104111282,-0.1264435866502287,0.8990527510150391,1.0411467466284574,0.519442976377961,1.8609880514030113,-0.2200071895867306,9.995075302681723e-05,1.042478753341644,0.9891212088601449,0.31001139252361976,-0.10618487618330075,0.01303279238087564,-1.0403556760773396
1731071783.73,-0.4742677878317513,0.3830444812442399,-0.16079260305988133,-0.18642239180147618,1.0441733039424281,-0.16128529061090793,0.6049238319048138,-0.1264435866502287,1.952328756599193,1.0442082563805997,-0.5212306662379566,0.4324009602848999,-0.2200071895867306,0.12821718007568902,1.0430822818434289,-0.9291231295086987,0.2917956201423692,-0.10618487618330075,-0.35364016914694085,-1.0320727093627557
1731071784.23,-0.18729597507781445,-0.34144104809037307,-0.16079260305988133,-0.20499746447368464,1.0449787974831857,-0.40881180358707603,0.2499216118167864,-0.1264435866502287,0.02429810230955559,1.0454296616828107,0.519442976377961,0.16321264890066048,-0.2200071895867306,-0.07677038684057047,1.0433553011078989,0.9600569007030418,-0.1195772394675393,-0.10618487618330075,-0.11769408955512842,-1.0314022745418012
1731071784.73,-0.4742677878317513,0.1547819172073071,-0.16079260305988133,-0.15688498115878413,1.04441387638016,-0.40881180358707603,0.5927662216278263,-0.1264435866502287,-0.39701229992410586,1.0448084145388234,-0.040919754261378345,0.6968666697150293,-0.2200071895867306,1.2716634517804484,1.0433849406876095,-0.9000588213515957,1.0781097945996851,-0.10618487618330075,-0.11450562902010399,-1.0373647836193394
1731071785.23,1.5345349014458474,-0.11814071370641693,-0.16079260305988133,-0.09902819742567594,1.04283736603474,1.3238737872461357,0.2645107441491711,-0.1264435866502287,-0.33631503858535805,1.0422895902008371,0.519442976377961,0.021534590277376826,-0.2200071895867306,0.03533218881675887,1.0435569658670556,0.9600569007030418,0.3601047665720587,-0.10618487618330075,0.6539133599207985,-1.0457151025439737
1731071785.73,-0.4742677878317513,-0.24467756985732547,-0.16079260305988133,-0.07771254026084659,1.043192078723058,-0.40881180358707603,0.34231944992188945,-0.1264435866502287,-0.2934699129344773,1.0427748793719998,-0.040919754261378345,0.193909561602372,-0.2200071895867306,0.022520465884492715,1.0438278421255003,-0.9000588213515957,-0.25619553232691844,-0.10618487618330075,-0.3281324848667449,-1.0466195304341706
1731071786.23,-0.4742677878317513,-0.23475311055137188,-0.16079260305988133,-0.23179429062375578,1.0451710432201595,-0.40881180358707603,0.8310553830567762,-0.1264435866502287,-0.33274461144778467,1.0452948398381898,-0.040919754261378345,0.4961560866653774,-0.2200071895867306,0.1474347644740882,1.044476612462529,0.9600569007030418,-0.40495767344046485,-0.10618487618330075,-0.34088632700684285,-1.0389655726432534
1731071786.73,-0.4742677878317513,-0.420836722538002,-0.16079260305988133,-0.20377942692140866,1.0443164492747188,-0.40881180358707603,-0.0005251598891504476,-0.1264435866502287,-0.16136410884426133,1.0431323032467554,-0.040919754261378345,0.5197690964359247,-0.2200071895867306,0.10259373421115656,1.0451449022116275,-0.9000588213515957,-0.37004410970973456,-0.10618487618330075,-0.23566712935103462,-1.0409556577500425
1731071787.23,1.5345349014458474,-0.013933890993904286,-0.16079260305988133,1.1159642609695963,1.043719335158416,-0.16128529061090793,-0.8977567983308079,-0.1264435866502287,-0.12923026460610076,1.0429162151126818,0.519442976377961,0.8975772527646818,-0.2200071895867306,0.08337614981275722,1.044900214951119,-0.9000588213515957,0.634859333322588,-0.10618487618330075,-0.18784022132566727,-1.0491657477727319
1731071787.73,-0.4742677878317513,-0.2818942922546515,-0.16079260305988133,-0.07162235249946677,1.0472358734360403,1.3238737872461357,-1.0071752908236928,-0.1264435866502287,-0.31489247575991763,1.0476984644389706,-0.040919754261378345,0.673253659944482,-0.2200071895867306,0.3524223313903477,1.0457052791106836,0.9600569007030418,0.4982410404632087,-0.10618487618330075,-0.3185671032616714,-1.034978828975435
1731071788.23,-0.18729597507781445,-0.031301694779323104,-0.16079260305988133,-0.23605742205672167,1.0470789482847254,-0.40881180358707603,0.006769406277041896,-0.1264435866502287,0.18496732350035877,1.0470959282066035,-0.040919754261378345,0.09473492056607351,-0.2200071895867306,-0.07356745610750391,1.0461248626677304,0.9600569007030418,0.8367508105481151,-0.10618487618330075,-0.3823363139621612,-1.0364939016394559
1731071788.73,-0.4742677878317513,-0.13550851749183576,-0.16079260305988133,1.097693697685457,1.0439252332623845,-0.40881180358707603,-0.6302893722370889,-0.1264435866502287,1.5167366458152378,1.0430930013944877,-0.040919754261378345,-0.14139517713939942,-0.2200071895867306,0.11220252641035616,1.0456354271280346,-0.9000588213515957,0.31911927871424506,-0.10618487618330075,-0.2452325109561081,-1.0554488033531386
1731071789.23,1.5345349014458474,0.04313175001532898,-0.16079260305988133,-0.07771254026084659,1.0465042286007127,1.3238737872461357,-0.7445709088407689,-0.1264435866502287,0.27779842907726715,1.0465509422715418,-0.040919754261378345,0.030979794185595752,-0.2200071895867306,1.1659667375892524,1.046312137044309,0.9600569007030418,0.07472433259913333,-0.10618487618330075,-0.1974056029307407,-1.0455025032481617
1731071789.73,-0.4742677878317513,-0.018896120646881093,-0.16079260305988133,-0.03203613205049803,1.0461121360074417,-0.40881180358707603,0.14536616343469644,-0.1264435866502287,1.28822930901054,1.045403961211873,0.519442976377961,0.29308420263867074,-0.2200071895867306,-0.01271177217923941,1.0468266718650783,-0.9000588213515957,0.0018612430741310301,-0.10618487618330075,0.32231346427825136,-1.047091506491816
1731071790.23,-0.4742677878317513,-0.036263924432299914,-0.16079260305988133,-0.2159598024441683,1.0480190146772759,-0.40881180358707603,-0.3166230270908184,-0.1264435866502287,0.709820112723649,1.0485769088987382,-0.5212306662379566,0.3686458339044221,1.8826579511731376,0.060955634681291324,1.0470134130637054,0.9891212088601449,-0.1377930118487899,-0.10618487618330075,-0.32494402433172037,-1.0432841444157104
1731071790.73,-0.18729597507781445,0.17463083581921435,-0.16079260305988133,-0.10207329130636585,1.047105830366581,-0.40881180358707603,-0.7324132985637817,-0.1264435866502287,0.8526371982265849,1.0464127741351166,-0.5212306662379566,0.7984026117283831,1.8826579511731376,-0.038335218043771865,1.0476249801571043,-0.9000588213515957,0.8367508105481151,-0.10618487618330075,0.13100583217678186,-1.045919502175203
1731071791.23,1.5345349014458474,0.0580184389742594,-0.16079260305988133,-0.08989291578360621,1.047454328863693,-0.40881180358707603,-0.8418317910566666,-0.1264435866502287,-0.35773760141079847,1.0464489933430692,0.519442976377961,0.21516127039586458,-0.2200071895867306,0.03533218881675887,1.0481587285354301,0.9309925925459387,0.06713442744027875,-0.10618487618330075,0.10868660843161046,-1.0447986573122936
1731071791.73,-0.4742677878317513,-0.11565959887992854,-0.16079260305988133,-0.2162643118322373,1.0498868086794875,1.3238737872461357,-0.40415782108512655,-0.1264435866502287,-0.3113220486223442,1.0497820313831607,-0.040919754261378345,0.27183249384517816,-0.2200071895867306,0.08657908054582371,1.0487662607787953,-0.9000588213515957,0.10053001013923815,-0.10618487618330075,-0.34088632700684285,-1.0358973211314966
1731071792.23,-0.4742677878317513,0.3904878257237051,-0.16079260305988133,-0.09902819742567594,1.0469145919157234,-0.40881180358707603,-0.6935089456774226,-0.1264435866502287,-0.4577095612628538,1.0463944229215576,-0.040919754261378345,0.9849453889157066,-0.2200071895867306,-0.04153814877683842,1.0480867534443006,0.9600569007030418,-0.11350531534045578,-0.10618487618330075,-0.23566712935103462,-1.0557043304792115
1731071792.73,-0.18729597507781445,0.8643807575829895,-0.16079260305988133,-0.20773804896630554,1.050223226829344,-0.40881180358707603,-0.4771034827470497,-0.1264435866502287,-0.32560375717263784,1.0509680326805577,-0.040919754261378345,1.4312312735790507,-0.2200071895867306,9.995075302681723e-05,1.048812406870729,-0.9000588213515957,0.0018612430741310301,-0.10618487618330075,-0.12725947116020198,-1.0428535756990707
1731071793.23,-0.18729597507781445,0.7750606238294073,-0.16079260305988133,-0.11425366682912548,1.0482845506661764,1.3238737872461357,-0.652173070735666,-0.1264435866502287,1.7416735554823621,1.0481157662471157,0.519442976377961,0.9070224566729003,-0.2200071895867306,0.10259373421115656,1.0488281458310227,-0.9000588213515957,0.18250098585486574,-0.10618487618330075,-0.3217555637966959,-1.0536741320990397
1731071793.73,1.5345349014458474,0.25650762509333136,-0.16079260305988133,-0.047261601453947574,1.0492184690989694,-0.40881180358707603,-0.04429255688630451,-0.1264435866502287,-0.1863570988072751,1.0481551723919647,-0.040919754261378345,0.7488152912102335,-0.2200071895867306,-0.01271177217923941,1.0499353042480417,0.9600569007030418,-0.2501236081998349,-0.10618487618330075,-0.2930594189814755,-1.0460654611276847
1731071794.23,-0.4742677878317513,-0.048669498564741925,-0.16079260305988133,-0.19525316405547694,1.0489023271604165,-0.40881180358707603,-0.24367736542889495,-0.1264435866502287,-0.3755897370986655,1.047849116251429,-0.040919754261378345,1.0368940104109108,-0.2200071895867306,2.0051345896526898,1.0500208122772279,0.9600569007030418,-0.0011747189894107325,-0.10618487618330075,-0.3153786427266469,-1.0507322981057976
1731071794.73,-0.4742677878317513,0.5368736004865209,-0.16079260305988133,-0.10511838518705575,1.050554882591421,-0.40881180358707603,-0.4771034827470497,-0.1264435866502287,-0.34702631999807826,1.0502969483648963,-0.040919754261378345,1.192739874896523,-0.2200071895867306,-0.07036452537443735,1.0503919562679345,-0.9000588213515957,0.3601047665720587,-0.10618487618330075,1.4032015856515536,-1.0463675747846366
1731071795.23,-0.18729597507781445,-0.22234753641892985,-0.16079260305988133,-0.21047863345892648,1.0511573888045513,1.3238737872461357,-0.3068969388692286,-0.1264435866502287,-0.3541671742732251,1.0506887286937,0.519442976377961,1.4572055843266525,-0.2200071895867306,-0.025523495111505635,1.0509623718550538,0.9309925925459387,0.2189325306173669,-0.10618487618330075,-0.22929020828098565,-1.0440832147245183
1731071795.73,1.5345349014458474,-0.14543297679778935,-0.16079260305988133,-0.18672690118954519,1.0528656305976496,-0.16128529061090793,0.16724986193327318,-0.1264435866502287,-0.20777966163271552,1.0533909433248623,-0.040919754261378345,1.3556696423132992,-0.2200071895867306,0.0769702883466241,1.0512359270463902,-0.9000588213515957,0.004897205137672792,-0.10618487618330075,-0.3217555637966959,-1.040285302586709
1731071796.23,-0.18729597507781445,0.13741411342188828,-0.16079260305988133,-0.22631312163851394,1.052709084041024,-0.40881180358707603,-0.30446541681383116,-0.1264435866502287,-0.3541671742732251,1.0533267848490193,-0.040919754261378345,0.8881320488564629,-0.2200071895867306,-0.06395866390830425,1.051333435501452,0.9600569007030418,-0.05430405510139158,-0.10618487618330075,-0.3090017216565979,-1.0443065965301939
1731071796.73,-0.4742677878317513,-0.0908484506150445,-0.16079260305988133,-0.07771254026084659,1.0520182861722824,-0.40881180358707603,-0.015114292221535135,-0.1264435866502287,-0.4862729783634409,1.0518021465640492,-0.040919754261378345,0.19863216355648144,-0.2200071895867306,0.2211021713346191,1.051780455509674,-0.9000588213515957,0.39350034927101807,-0.10618487618330075,-0.19102868186069172,-1.0474553693168371
1731071797.23,-0.4742677878317513,-0.013933890993904286,4.12326012336496,-0.10511838518705575,1.0530802536855286,1.3238737872461357,0.15509225165628596,-0.1264435866502287,0.0957066450610237,1.0533401635825346,0.519442976377961,0.5197690964359247,-0.2200071895867306,0.38445163872101323,1.052116036819573,-0.9000588213515957,-0.4201374837581736,-0.10618487618330075,-0.1814633002556183,-1.0454095744438379
1731071797.73,-0.4742677878317513,0.23665870648142412,-0.16079260305988133,-0.22113646204134116,1.0548401596453123,-0.40881180358707603,0.1818389942656579,-0.1264435866502287,1.6167086056672932,1.0552203817960142,-0.040919754261378345,0.7417313882790695,-0.2200071895867306,-0.06395866390830425,1.0529325429090068,0.9019282843888357,0.44511170435122804,-0.10618487618330075,-0.14001331330029995,-1.03720728710658
1731071798.23,-0.4742677878317513,0.6137881601076611,-0.16079260305988133,-0.11729876070981539,1.0527672010581157,-0.40881180358707603,0.6049238319048138,-0.1264435866502287,-0.3648784556859453,1.0518543332860768,-0.040919754261378345,1.067590923112622,-0.2200071895867306,-0.0031029799800397395,1.0531238725415664,1.047249825174351,0.18705492895017856,-0.10618487618330075,-0.36639401128703875,-1.0471268016002975
1731071798.73,-0.4742677878317513,0.2316964768284476,-0.16079260305988133,-0.15688498115878413,1.0524415264074298,-0.40881180358707603,0.9137271329402888,-0.1264435866502287,-0.2791882043841836,1.0512660430882899,-0.040919754261378345,1.0605070201814581,-0.2200071895867306,1.8385821915332285,1.053369010663603,-0.9291231295086987,-0.35182833732848395,-0.10618487618330075,-0.11131716848507942,-1.0505842985762261
1731071799.23,1.5345349014458474,0.42026120364156594,-0.16079260305988133,-0.18916297629409712,1.0544886346315376,1.3238737872461357,0.8529390815553529,-0.1264435866502287,-0.38630101851138565,1.054899132356497,0.519442976377961,0.805486514659547,-0.2200071895867306,-0.04153814877683842,1.0534182966418197,0.9600569007030418,0.0124871102965272,-0.10618487618330075,1.3330554538810153,-1.0473584315021147
1731071799.73,-0.4742677878317513,0.3880067108972167,-0.16079260305988133,-0.2223544995936171,1.052689291064005,-0.16128529061090793,-0.195046924320946,-0.1264435866502287,-0.2898994857969039,1.0524574937953932,-0.040919754261378345,0.614221135518114,-0.2200071895867306,0.26594320159755075,1.0533251043409695,-0.9000588213515957,-0.591669340348283,-0.10618487618330075,-0.35364016914694085,-1.0585455578997502
1731071800.23,-0.4742677878317513,0.8519751834505478,-0.16079260305988133,-0.11425366682912548,1.0541587149906633,-0.40881180358707603,-0.6570361148464609,-0.1264435866502287,-0.20777966163271552,1.0542851680395735,-0.5212306662379566,1.4359538755331602,-0.2200071895867306,0.06736149614742437,1.0538876169643658,0.9600569007030418,0.16732117553715692,-0.10618487618330075,0.03535201612604717,-1.0533243148544593
1731071800.73,-0.4742677878317513,0.41778008881507755,-0.16079260305988133,0.933258628128202,1.0549001858201779,-0.40881180358707603,-0.5427545782427808,-0.1264435866502287,-0.2934699129344773,1.054500628810529,-0.040919754261378345,0.9613323791451593,1.8169496655243917,-0.028726425844572193,1.054700040470395,-0.9000588213515957,-0.06644790335555846,-0.10618487618330075,-0.14639023437034893,-1.0486767549392955
1731071801.23,-0.18729597507781445,0.9983609582133632,-0.16079260305988133,-0.24823779757948128,1.0547965245035764,1.3238737872461357,-0.14398496115759987,-0.1264435866502287,-0.3720193099610921,1.0546134939527152,-0.040919754261378345,1.21635288466707,1.8169496655243917,0.019317535151426157,1.0547436050783536,0.9600569007030418,0.03525682577309042,-0.10618487618330075,-0.3281324848667449,-1.0529344324437677
1731071801.73,1.5345349014458474,0.8594185279300127,-0.16079260305988133,-0.0015851932435989545,1.0561667821713705,-0.40881180358707603,-0.69594046773282,-0.1264435866502287,-0.3898714456489591,1.0567823145231374,-0.040919754261378345,1.4123408657626129,-0.2200071895867306,0.03533218881675887,1.0550044916454235,-0.9581874376658017,0.4344858371288317,-0.10618487618330075,-0.32494402433172037,-1.0504028459425083
1731071802.23,-0.4742677878317513,0.6782971455963596,-0.16079260305988133,-0.20377942692140866,1.053506716438419,-0.16128529061090793,-0.26312954187207455,-0.1264435866502287,0.6562637056600479,1.0526938641761403,-0.040919754261378345,1.9861370031869119,-0.2200071895867306,-0.006305910713106296,1.0550515008945105,1.018185517017248,-0.4504971043935911,-0.10618487618330075,-0.08580948420488346,-1.0634767977165904
1731071802.73,-0.4742677878317513,0.16222526168677232,-0.16079260305988133,-0.05944197697670714,1.0570997335877983,-0.40881180358707603,-0.37984260053115204,-0.1264435866502287,-0.2934699129344773,1.0567332012509332,-0.040919754261378345,1.6650000703074688,-0.2200071895867306,0.10899959567728967,1.0563762939547374,-0.9000588213515957,0.5832479782423781,-0.10618487618330075,-0.3153786427266469,-1.0449795540533027
1731071803.23,-0.18729597507781445,-0.5672224973008175,-0.16079260305988133,-0.028991038169808126,1.054787762507282,1.3238737872461357,0.28153139853695325,-0.1264435866502287,-0.39701229992410586,1.054273758958276,0.519442976377961,1.4406764774872696,-0.2200071895867306,0.26274027086448426,1.0557902320449304,0.9600569007030418,-0.16663465145243664,-0.10618487618330075,-0.25479789256118157,-1.0617741577045094
1731071803.73,1.5345349014458474,-0.29678098121358193,-0.16079260305988133,-0.2445836849226534,1.0551638870308753,-0.40881180358707603,-0.14398496115759987,-0.1264435866502287,-0.27204735010903686,1.054125860262298,-0.040919754261378345,1.8609880514030113,-0.2200071895867306,-0.07997331757363703,1.0564611612427341,-0.9000588213515957,0.49975902149497975,-0.10618487618330075,-0.12088255009015297,-1.0594918292658047
1731071804.23,-0.4742677878317513,-0.10821625440046333,-0.16079260305988133,-0.10511838518705575,1.0581662869771338,-0.40881180358707603,-0.3312121594232031,-0.1264435866502287,-0.2363430787333028,1.058528401403964,-0.040919754261378345,1.8822397601965037,-0.2200071895867306,0.051346842482091655,1.0569884351637395,0.9600569007030418,0.8959520707871793,-0.10618487618330075,-0.36001709021698974,-1.0492411788358496
1731071804.73,-0.4742677878317513,-0.316629899825489,-0.16079260305988133,-0.025945944289118218,1.057162691810487,-0.40881180358707603,-0.01025124811074024,-0.1264435866502287,-0.31489247575991763,1.0571215603676554,-0.040919754261378345,1.2234367875982344,-0.2200071895867306,0.06736149614742437,1.0570575944935348,-0.9000588213515957,-0.09984348605451784,-0.10618487618330075,-0.3313209454017694,-1.056412757319165
1731071805.23,1.5345349014458474,-0.29926209604007037,-0.16079260305988133,-0.2534144571766541,1.0557112488134888,1.3238737872461357,0.03594767094181127,-0.1264435866502287,-0.21492051590786235,1.054917147154094,-0.040919754261378345,0.06403800786436199,-0.2200071895867306,0.15063769520715484,1.0571641945638743,0.9600569007030418,0.7396000245147787,-0.10618487618330075,-0.3185671032616714,-1.0648426335724135
1731071805.73,-0.4742677878317513,-0.31911101465197744,-0.16079260305988133,-0.11425366682912548,1.0580361948476955,-0.40881180358707603,-0.17316322582236898,-0.1264435866502287,-0.3898714456489591,1.0573347217866966,0.519442976377961,0.48671088275715846,-0.2200071895867306,-0.10239383270510292,1.0582139119232055,-0.9000588213515957,0.03373884474131954,-0.10618487618330075,-0.2261017477459612,-1.0528722626242624
1731071806.23,-0.4742677878317513,0.26643208439928495,-0.16079260305988133,-0.16967437545768174,1.0573216825381173,-0.40881180358707603,0.45903250858096695,-0.1264435866502287,-0.3755897370986655,1.0566182660229024,-0.040919754261378345,0.5504660091376362,-0.2200071895867306,0.39406043092021287,1.0581538803023312,0.9600569007030418,0.6667369349897764,-0.10618487618330075,-0.3887132350322102,-1.0600484840436413
1731071806.73,-2.196098664355413,0.20688532856356356,4.2614553726044715,2.0020865802503582,1.0593673975749711,-0.40881180358707603,0.36177162636506904,-0.1264435866502287,-0.21849094304543584,1.0592834327561989,-0.040919754261378345,0.8267382234530398,-0.2200071895867306,0.1474347644740882,1.0587812098581615,-0.9000588213515957,-0.048232130974308056,-0.10618487618330075,0.03854047666107159,-1.0523290933818088
1731071807.23,-0.4742677878317513,-0.0982917950945097,-0.16079260305988133,-0.22874919674306587,1.0589012132783928,1.3238737872461357,0.30098357498013284,-0.1264435866502287,-0.2434839330084496,1.0583046951348454,0.519442976377961,0.3804523387896958,-0.2200071895867306,0.09298494201195681,1.0591219914181107,0.9891212088601449,-0.13323906875347724,-0.10618487618330075,-0.20697098453581425,-1.0555291513670149
1731071807.73,1.2475630886919002,-0.3067054405195356,-0.16079260305988133,-0.09598310354498603,1.058282220510674,-0.16128529061090793,0.8164662507243915,-0.1264435866502287,-0.18992752594484857,1.0579530364325915,-0.040919754261378345,0.9636936801222138,-0.2200071895867306,0.21149337913541935,1.058937526632817,-0.9291231295086987,0.8580025449929074,-0.10618487618330075,-0.4046555377073327,-1.063342376498324
1731071808.23,-0.18729597507781445,0.4004122850296587,-0.16079260305988133,-0.1708924130099577,1.0616371072784636,-0.40881180358707603,-0.2558349757058822,-0.1264435866502287,-0.4469982798501336,1.0615983500068364,-0.040919754261378345,0.42059445539962625,-0.2200071895867306,2.626503151867601,1.0602640524127769,0.9600569007030418,-0.08010973264149639,-0.10618487618330075,-0.20697098453581425,-1.0456561492349448
1731071808.73,-0.4742677878317513,0.07042401310670142,-0.16079260305988133,-0.2381889877732046,1.0602014579347832,-0.40881180358707603,-0.9220720188847824,-0.1264435866502287,0.13855177071190442,1.0603926978356426,-0.040919754261378345,0.25766468798284975,-0.2200071895867306,0.03853511954982543,1.0597885726821026,-0.9000588213515957,0.5058309456220633,-0.10618487618330075,2.4107551147192936,-1.0585577156069141
1731071809.23,1.5345349014458474,-0.34144104809037307,-0.16079260305988133,-0.10511838518705575,1.060396715578226,1.3238737872461357,-0.9658394158819364,-0.1264435866502287,-0.014976596203751791,1.0596005013345529,-0.040919754261378345,-0.15792428397878253,-0.2200071895867306,0.0257233966175592,1.0606672486612607,0.9600569007030418,-0.3047709253435867,-0.10618487618330075,-0.3058132611215734,-1.055286925043907
1731071809.73,-0.4742677878317513,0.43762900742698474,-0.16079260305988133,-0.1447046056360245,1.0586492280826494,-1.8939708814441196,-1.0922785627626037,3.6343820078787594,-0.4255757170246931,1.0576724527519665,0.519442976377961,0.4324009602848999,-0.2200071895867306,-0.07036452537443735,1.060317815222216,-0.9000588213515957,-0.13931099288056076,-0.10618487618330075,-0.35364016914694085,-1.0682873933705626
1731071810.23,-0.18729597507781445,-0.2893376367341167,-0.16079260305988133,-0.2223544995936171,1.0621965742629793,-0.40881180358707603,-0.6935089456774226,-0.1264435866502287,-0.24705436014602308,1.0618779792856068,-0.040919754261378345,0.00028288148388423847,-0.2200071895867306,0.051346842482091655,1.0614980865947756,-0.9000588213515957,-0.061893960260245816,-0.10618487618330075,-0.34726324807689185,-1.051072549544501
1731071810.73,-0.4742677878317513,-0.2570831439897675,-0.16079260305988133,-0.11729876070981539,1.0603809441974146,-0.40881180358707603,-0.5305969679657936,-0.1264435866502287,-0.03996958616676571,1.0597471599528863,0.039132064401382796,0.1301544352218945,-0.2200071895867306,-0.047944010242971534,1.0612030484319135,0.9600569007030418,-0.04519616891076629,-0.10618487618330075,-0.17189791865054474,-1.0638857743388905
1731071811.23,1.5345349014458474,-0.05859395787069554,-0.16079260305988133,-0.013765568766358587,1.0625748379645077,1.3238737872461357,-0.3968632549189342,-0.1264435866502287,-0.32560375717263784,1.062439454606101,0.519442976377961,0.39934274660613367,-0.2200071895867306,0.12821718007568902,1.0619596228595067,0.9600569007030418,-0.010282605180036021,-0.10618487618330075,-0.11131716848507942,-1.0546484681143042
1731071811.73,-0.18729597507781445,0.1473385727278419,-0.16079260305988133,0.49172001542816574,1.0612235168528352,-0.40881180358707603,-0.2509719315950873,-0.1264435866502287,3.069872450659668,1.0599540050525125,-0.040919754261378345,0.27891639677634233,-0.2200071895867306,0.26274027086448426,1.0623325760466737,-0.87099451319449,-0.4747848009019252,-0.10618487618330075,-0.2516094320261571,-1.0606622175217995
1731071812.23,-0.4742677878317513,-0.05115061339123033,-0.16079260305988133,-0.22935821551920385,1.0638243181326101,-0.40881180358707603,-0.5573437105751655,-0.1264435866502287,-0.2541952144211698,1.0639377401348826,-0.5212306662379566,0.23169037723524769,1.8826579511731376,-0.0671615946413708,1.0627161835845194,0.9309925925459387,-0.21521004446910483,-0.10618487618330075,-0.14957869490537334,-1.0529158798930744
1731071812.73,-0.4742677878317513,-0.03874503925878831,-0.16079260305988133,-0.08075763414153649,1.0626109601827687,-0.40881180358707603,-0.6278578501816915,-0.1264435866502287,-0.3898714456489591,1.062232122806845,-0.040919754261378345,0.3332263192486012,-0.2200071895867306,2.2933983556286797,1.062758147516848,-0.9000588213515957,0.04284673093194466,-0.10618487618330075,-0.4269747614525041,-1.0610250350488086
1731071813.23,1.5345349014458474,0.316054380929053,-0.16079260305988133,-0.1711969223980267,1.0632498269976955,1.3238737872461357,-0.7153926441759996,-0.1264435866502287,-0.15422325456911454,1.0624828554500323,0.519442976377961,1.329695331565697,-0.2200071895867306,0.3203930240596821,1.0634483894311066,0.9600569007030418,0.2341123409350757,-0.10618487618330075,2.085532140146795,-1.0576850830543418
1731071813.73,-0.4742677878317513,0.0604995538007478,-0.16079260305988133,-0.2196139151009962,1.0616074121849954,-0.40881180358707603,-0.8345372248904742,-0.1264435866502287,-0.4220052898871197,1.06064030577997,0.039132064401382796,0.807847815636602,-0.2200071895867306,-0.1344231400357685,1.0631510699490438,-0.9000588213515957,0.5301186421303974,-0.10618487618330075,0.0321635555910226,-1.0699163876268383
1731071814.23,-0.4742677878317513,0.11756519480998107,-0.16079260305988133,-0.09598310354498603,1.0630447354715198,-0.40881180358707603,-0.336075203533998,-0.1264435866502287,-0.34702631999807826,1.0620972424790576,-0.040919754261378345,0.7464539902331789,-0.2200071895867306,0.3075813011274159,1.0639037188341587,0.9600569007030418,0.29483158220591094,-0.10618487618330075,-0.41740937984743065,-1.0633280418878004
1731071814.73,-0.4742677878317513,0.22177201752249398,-0.16079260305988133,-0.00767538100497877,1.064779342683093,-0.40881180358707603,-0.01025124811074024,-0.1264435866502287,-0.28632905865933045,1.0645735244566663,-0.040919754261378345,0.8149317185677659,-0.2200071895867306,0.31719009332661563,1.0643385885734333,-0.9000588213515957,0.13088963077465576,-0.10618487618330075,-0.2516094320261571,-1.0581805508838251
1731071815.23,1.5345349014458474,0.7304005569526161,-0.16079260305988133,-0.20773804896630554,1.0634117764776705,1.3238737872461357,-0.4187469534175112,-0.1264435866502287,-0.27204735010903686,1.0621407804347966,0.519442976377961,0.6874214658068104,-0.2200071895867306,-0.12481434783656882,1.064664021858999,0.9600569007030418,0.31456533561893224,-0.10618487618330075,-0.29624787951649995,-1.0646206890614127
1731071815.73,-0.4742677878317513,0.32349772540851823,-0.16079260305988133,-0.15505792483037018,1.0652127696178049,-0.40881180358707603,-0.30203389475843373,-0.1264435866502287,0.05643194654771616,1.064695103224793,-0.040919754261378345,1.1219008455848811,-0.2200071895867306,0.1474347644740882,1.0651173944760155,-0.9000588213515957,0.6120896178460247,-0.10618487618330075,-0.21334790560586323,-1.0590994711962227
1731071816.23,-0.4742677878317513,0.09523516137158544,-0.16079260305988133,-0.10207329130636585,1.0660263509573802,-0.40881180358707603,-0.029703424553919822,-0.1264435866502287,1.3382152889365677,1.0663976485373707,-0.040919754261378345,1.4619281862807618,-0.2200071895867306,0.18586993327088688,1.0651109037562754,0.9309925925459387,0.4299318940335192,-0.10618487618330075,-0.2037825240007897,-1.0605695961604638
1731071816.73,-0.4742677878317513,0.17463083581921435,-0.16079260305988133,-0.1203438545905053,1.0673472681805205,-0.40881180358707603,-0.49412413713483183,-0.1264435866502287,-0.32203333003506446,1.0675471843181201,-0.040919754261378345,1.2730241081163833,-0.2200071895867306,0.00650581221915993,1.0659331078132805,-0.9000588213515957,-0.3017349632800449,-0.10618487618330075,-0.3217555637966959,-1.0538436969004021
1731071817.23,-0.18729597507781445,-0.0908484506150445,-0.16079260305988133,-0.22722664980272092,1.067674020987762,1.3238737872461357,-0.5257339238549986,-0.1264435866502287,-0.1934979530824219,1.06821935079838,0.519442976377961,1.494986399959528,-0.2200071895867306,0.03533218881675887,1.0660649291900328,0.9600569007030418,-0.13172108772170635,-0.10618487618330075,-0.37914785342713675,-1.055923842395592
1731071817.73,1.5345349014458474,0.3607144478058443,-0.16079260305988133,1.1677308569413245,1.0673129927827263,-0.40881180358707603,-0.2461088874842924,-0.1264435866502287,-0.3541671742732251,1.0669082845388234,-0.040919754261378345,1.39108915696912,-0.2200071895867306,-0.044741079509904975,1.066707559898702,-0.9000588213515957,-0.3093248684388993,-0.10618487618330075,0.27448655625288404,-1.0564155213454502
1731071818.23,-0.4742677878317513,0.09771627619807384,-0.16079260305988133,0.034955933324679875,1.0678251967050691,-0.16128529061090793,-0.20720453459793325,-0.1264435866502287,-0.36844888282351873,1.068197668919306,0.039132064401382796,0.5669951159770193,-0.2200071895867306,0.05454977321515821,1.0666523659483043,0.9600569007030418,0.08535019982152933,-0.10618487618330075,-0.21334790560586323,-1.0593066972734795
1731071818.73,-0.4742677878317513,0.10515962067753905,-0.16079260305988133,-0.20438844569754666,1.0665953862155033,-0.40881180358707603,-0.041861034830907064,-0.1264435866502287,-0.3077516214847708,1.065831552891308,-0.040919754261378345,0.5811629218393477,-0.2200071895867306,0.20508751766928623,1.0670731291677382,-0.9000588213515957,0.06865240847204981,-0.10618487618330075,-0.06986718152976107,-1.0645298735472413
1731071819.23,1.5345349014458474,0.21680978786951718,-0.16079260305988133,-0.09293800966429612,1.0689786317289292,1.3238737872461357,-0.2144991007641256,-0.1264435866502287,-0.28632905865933045,1.068809559564955,0.519442976377961,0.38281363976675054,-0.2200071895867306,0.04494098101595854,1.0678446391304248,-0.9000588213515957,0.039810768868402895,-0.10618487618330075,-0.4014670771723082,-1.0545209157105504
1731071819.73,-0.4742677878317513,0.8767863317154315,-0.16079260305988133,-0.1264340423518851,1.0683866009343344,-0.40881180358707603,0.7070477582315061,-0.1264435866502287,-0.1363711188812476,1.0685728964077255,-0.040919754261378345,1.6673613712845234,-0.2200071895867306,0.07056442688049099,1.067618163689634,0.9600569007030418,1.2966990631746915,-0.10618487618330075,-0.08580948420488346,-1.0625649805748107
1731071820.23,-0.4742677878317513,0.39545005537668193,-0.16079260305988133,0.8814920321564736,1.0671285996934434,-0.40881180358707603,1.5483543893990226,-0.1264435866502287,-0.33631503858535805,1.0660299538972058,-0.5212306662379566,1.82556853674719,1.8826579511731376,-0.0671615946413708,1.068116940586824,0.9600569007030418,-0.07859175160972551,-0.10618487618330075,-0.034794115644491704,-1.0672801540641803
1731071820.73,-0.4742677878317513,0.41033674433561235,-0.16079260305988133,-0.12947913623257495,1.0695416736519583,-0.40881180358707603,0.23290095742900427,-0.1264435866502287,0.799080791162984,1.0690130659749066,-0.040919754261378345,1.0888426319061149,-0.2200071895867306,0.19547872547008663,1.068914648252298,-0.9000588213515957,0.519492774908001,-0.10618487618330075,-0.3919016955672347,-1.056964383653438
1731071821.23,-0.4742677878317513,0.5170246818746137,-0.16079260305988133,-0.11120857294843557,1.0698086532683502,-0.40881180358707603,-0.559775232630563,-0.1264435866502287,-0.3505967471356517,1.0699621608452132,-0.040919754261378345,1.3178888266804236,1.8169496655243917,0.16344941813942107,1.0688223250633766,0.9600569007030418,0.08686818085330038,-0.10618487618330075,-0.06349026045971208,-1.0609921020345858
1731071821.73,1.5345349014458474,0.303648806796611,-0.16079260305988133,-0.2165688212203063,1.0676463055262415,1.3238737872461357,-0.5695013208521528,-0.1264435866502287,-0.3613080285483719,1.0669497072616454,-0.040919754261378345,0.807847815636602,-0.2200071895867306,0.23071096353381867,1.0687143386458662,-2.7601745434062304,0.2826877339517439,7.103020976823845,-0.0029095102942467603,-1.07355189184583
1731071822.23,-0.18729597507781445,0.42026120364156594,-0.16079260305988133,-0.08989291578360621,1.0689093644298477,-0.40881180358707603,0.5562933907968649,-0.1264435866502287,-0.36844888282351873,1.067622981925428,0.039132064401382796,0.8385447283383133,-0.2200071895867306,2.4151097234852084,1.0697642806650123,0.9600569007030418,0.31152937355539045,-0.10618487618330075,-0.3695824718220632,-1.0652583905315323
1731071822.73,-0.4742677878317513,0.5840147821898003,-0.16079260305988133,1.481375526652385,1.0691805088235922,-0.16128529061090793,0.16481833987787575,-0.1264435866502287,-0.4041531541992527,1.0682701477297403,-0.040919754261378345,1.6838904781239068,-0.2200071895867306,0.11540545714342279,1.0698565721421467,-0.9000588213515957,-0.3093248684388993,-0.10618487618330075,2.697716562871497,-1.0678373796630234
1731071823.23,-0.4742677878317513,1.077756632660992,-0.16079260305988133,-0.22357253714589304,1.0715988993662175,-0.40881180358707603,-0.31905454914621584,3.5168562080497283,-0.18278667166970178,1.0714427592222489,0.519442976377961,1.471373390188981,-0.2200071895867306,-0.015914702912305966,1.07054620861474,0.9600569007030418,0.37680255792153855,-0.10618487618330075,-0.02522873403941815,-1.0583424351386155
1731071823.73,1.5345349014458474,0.6857404900758248,-0.16079260305988133,-0.1203438545905053,1.0708851772123416,-0.40881180358707603,0.08700963410515768,-0.1264435866502287,-0.23991350587087626,1.070268997890805,-0.040919754261378345,1.3485857393821348,-0.2200071895867306,-0.03513228731070531,1.0707605492304184,-0.9000588213515957,-0.27441130470816905,-0.10618487618330075,-0.22291328721093664,-1.0633833788515392
1731071824.23,-0.18729597507781445,0.2713943140522618,-0.16079260305988133,-0.11729876070981539,1.0696962139910842,-0.40881180358707603,0.1332085531577092,-0.1264435866502287,-0.3827305913738123,1.0691785740886404,-0.040919754261378345,1.4997090019136377,-0.2200071895867306,0.21789924060155247,1.0704588322928261,0.9600569007030418,0.064098465376737,-0.10618487618330075,-0.3281324848667449,-1.0740777584864338
1731071824.73,-0.4742677878317513,0.2192909026960056,-0.16079260305988133,-0.2135237273396164,1.0700625526913587,-0.40881180358707603,-0.09049147593885602,-0.1264435866502287,-0.21492051590786235,1.069224573436282,-0.040919754261378345,2.139621566695469,-0.2200071895867306,0.04173805028289198,1.0710038372767574,-0.9000588213515957,0.5179747938762304,-0.10618487618330075,-0.2516094320261571,-1.0728110235088664
1731071825.23,1.5345349014458474,0.17463083581921435,-0.16079260305988133,-0.044216507573257666,1.0728920376744306,1.3238737872461357,-0.16586865965617664,-0.1264435866502287,-0.20063880735756873,1.0734113947328678,0.519442976377961,1.9932209061180763,-0.2200071895867306,0.012911673685293043,1.071490633335005,0.9600569007030418,-0.4504971043935911,-0.10618487618330075,-0.2675517347012796,-1.0634676772405034
1731071825.73,-0.18729597507781445,-0.16280078058320818,-0.16079260305988133,0.0014599006370909534,1.0715962075684857,-0.40881180358707603,-0.1853208360993562,-0.1264435866502287,-0.3077516214847708,1.0704611566838682,-0.040919754261378345,1.9530787895081456,-0.2200071895867306,-0.07036452537443735,1.0721955641807217,-0.9000588213515957,0.8944340897554086,-0.10618487618330075,-0.25479789256118157,-1.0667146681594275
1731071826.23,-0.4742677878317513,-0.5051946266386075,-0.16079260305988133,-0.2476287788033433,1.071033906804575,-0.40881180358707603,0.15752377371168338,-0.1264435866502287,-0.20063880735756873,1.0702474869971244,0.039132064401382796,0.8290995244300943,-0.2200071895867306,0.18586993327088688,1.0719847286404303,0.9600569007030418,-0.10136146708628874,-0.10618487618330075,-0.3090017216565979,-1.0745329872788236
1731071826.73,-0.18729597507781445,-0.053631728217718735,-0.16079260305988133,-0.11425366682912548,1.0737716091225746,-0.40881180358707603,0.4736216409133516,-0.1264435866502287,-0.34702631999807826,1.0732313460826093,-0.5212306662379566,-0.11069826443768815,1.8826579511731376,1.7392913388081657,1.0731003743432839,-0.87099451319449,0.317601297682474,-0.10618487618330075,-0.3376978664718184,-1.0606241204296554
1731071827.23,1.5345349014458474,0.31357326610256464,-0.16079260305988133,1.189046514106154,1.0723184535168968,1.0763472742699587,0.466327074747159,-0.1264435866502287,-0.3541671742732251,1.0709825081765496,0.519442976377961,0.3804523387896958,-0.2200071895867306,0.16344941813942107,1.0732317600763939,-0.9291231295086987,-0.44442518026650757,-0.10618487618330075,1.466970796352044,-1.0688701079644432
1731071827.73,-0.18729597507781445,0.030726175882886966,-0.16079260305988133,-0.23879800654934258,1.0730785883739278,-0.16128529061090793,0.07485202382817044,-0.1264435866502287,-0.22206137018300917,1.0731305292761828,-0.5212306662379566,0.07348321177258092,1.8826579511731376,0.27234906306368384,1.0729069771087136,0.9600569007030418,-0.13323906875347724,-0.10618487618330075,-0.2324786688160102,-1.0729933833212866
1731071828.23,-0.4742677878317513,-0.22979088089839506,-0.16079260305988133,-0.0838027280222264,1.0741466160672881,-0.40881180358707603,1.0158510592669816,-0.1264435866502287,-0.2970403400720506,1.0741347093790647,-0.040919754261378345,0.4583752710325017,-0.2200071895867306,-0.0671615946413708,1.0735677049573866,0.9600569007030418,0.7805855123725927,-0.10618487618330075,-0.1304479316952264,-1.0683984787946461
1731071828.73,-0.4742677878317513,-0.3563277370493035,-0.16079260305988133,0.034955933324679875,1.0731347106603895,-0.40881180358707603,0.5514303466860699,-0.1264435866502287,-0.2541952144211698,1.0727580737587445,-0.040919754261378345,0.9282741654663931,-0.2200071895867306,0.15384062594022133,1.0736108014026842,-0.9000588213515957,0.2872416770470564,-0.10618487618330075,-0.37914785342713675,-1.0758018486830399
1731071829.23,-0.18729597507781445,-0.16776301023618498,-0.16079260305988133,-0.21748234938451325,1.074211072437109,1.3238737872461357,0.3690661925312611,-0.1264435866502287,-0.33274461144778467,1.074080333518417,0.519442976377961,0.4111492514914073,-0.2200071895867306,0.31078423186048254,1.074089631486268,0.9600569007030418,-0.28048322883525256,-0.10618487618330075,-0.15595561597542235,-1.0725904241116748
1731071829.73,1.5345349014458474,-0.22234753641892985,-0.16079260305988133,-0.10511838518705575,1.0750451699664085,-1.8939708814441196,-1.0679633422086292,-0.1264435866502287,-0.1256598374685273,1.0749282914469565,-0.5212306662379566,0.6496406501739347,1.8826579511731376,-0.08637917903977015,1.0746142239026248,-0.9000588213515957,-0.7920428365420392,-0.10618487618330075,-0.05711333938966309,-1.0698627113757515
1731071830.23,-0.4742677878317513,-0.4382045263234208,-0.16079260305988133,0.031910839443989966,1.0764229709368285,-0.40881180358707603,-0.5184393576888063,3.5168562080497283,1.9630400380119128,1.0770062432884775,-0.040919754261378345,0.08528971665785458,-0.2200071895867306,0.2819578552628836,1.0749372113501563,0.9600569007030418,-0.42772738891702805,-0.10618487618330075,-0.3695824718220632,-1.0668171823995871
1731071830.73,-2.196098664355413,0.0629806686272362,4.2614553726044715,-0.2339258563402387,1.0765024658744662,-0.40881180358707603,-0.8029274381703074,-0.1264435866502287,-0.37916016423623894,1.0763878703701233,-0.040919754261378345,0.04750890102497887,-0.2200071895867306,0.3043783703943494,1.0755977400154573,-0.9000588213515957,0.45421959054185335,-0.10618487618330075,-0.05711333938966309,-1.0656476128922634
1731071831.23,1.5345349014458474,-0.0883673357885561,-0.16079260305988133,-0.11120857294843557,1.075384132448222,1.3238737872461357,-1.002312246712898,-0.1264435866502287,-0.16493453598183466,1.0753495282457874,0.519442976377961,-0.19806640058871297,-0.2200071895867306,0.5766274827050065,1.0753343601349143,-0.9000588213515957,0.19009089101372031,-0.10618487618330075,0.0736135425463411,-1.0757986541928295
1731071831.73,-0.4742677878317513,-0.0982917950945097,-0.16079260305988133,-0.1203438545905053,1.0784957547273886,-0.16128529061090793,-0.23151975515190773,-0.1264435866502287,-0.06853300326735295,1.078645559584136,-0.040919754261378345,0.07584451274963566,-0.2200071895867306,0.12821718007568902,1.0766301204236248,0.9600569007030418,1.1479369220611455,-0.10618487618330075,0.9026132816527089,-1.059196992686431
1731071832.23,-2.196098664355413,-0.27693206260167474,4.2614553726044715,1.4326540245613464,1.0762019992443304,-0.40881180358707603,-0.7056665559544097,-0.1264435866502287,-0.3041811943471974,1.075815536738018,0.039132064401382796,0.14904484303833235,-0.2200071895867306,0.2467256171991514,1.076284315979848,0.9600569007030418,-0.0876996378003508,-0.10618487618330075,-0.28349403737640194,-1.0740586566954184
1731071832.73,-2.196098664355413,0.12500853928944627,4.2614553726044715,-0.08989291578360621,1.0764167062591317,-0.40881180358707603,-0.4527882621930755,-0.1264435866502287,-0.3398854657229315,1.0752390029627086,-0.040919754261378345,1.3320566325427519,-0.2200071895867306,-0.038335218043771865,1.0770523651655197,-0.9000588213515957,0.12178174458403049,-0.10618487618330075,-0.2579863530962061,-1.0715870326015406
1731071833.23,1.5345349014458474,-0.1652818954096966,-0.16079260305988133,-0.15688498115878413,1.0787960535448158,1.3238737872461357,-0.4479252180822806,-0.1264435866502287,-0.2934699129344773,1.0788400726937466,0.519442976377961,0.23641297918935716,-0.2200071895867306,0.060955634681291324,1.0774477540421799,0.9600569007030418,-0.0710018464508711,-0.10618487618330075,-0.22929020828098565,-1.0645099492085472
1731071833.73,-0.4742677878317513,0.20192309891058677,-0.16079260305988133,-0.19860276732423582,1.0779960198306031,-0.40881180358707603,-0.9901546364359108,-0.1264435866502287,-0.2577656415587432,1.0773050285746686,-0.040919754261378345,0.805486514659547,-0.2200071895867306,0.0769702883466241,1.077793238990477,-0.9000588213515957,-0.18940436692899984,-0.10618487618330075,-0.3504517086119163,-1.068832770987846
1731071834.23,-0.4742677878317513,0.1448574579013535,-0.16079260305988133,-0.09598310354498603,1.0776303276139685,-0.16128529061090793,-0.3701165123095623,-0.1264435866502287,-0.300610767209624,1.0771443910674126,0.039132064401382796,0.8314608254071493,-0.2200071895867306,0.14102890300795523,1.0777437228657187,0.9600569007030418,0.5635142248293568,-0.10618487618330075,-0.15595561597542235,-1.074716548333581
1731071834.73,-0.4742677878317513,0.19944198408409836,-0.16079260305988133,-0.1447046056360245,1.078015156603021,-0.40881180358707603,0.29855205292473536,-0.1264435866502287,2.130850113477863,1.0772630801622065,-0.5212306662379566,0.7157570775314672,1.8826579511731376,0.09298494201195681,1.078263305580313,-0.9000588213515957,-0.2592314943904602,-0.10618487618330075,-0.3440747875418674,-1.0735842071555575
1731071835.23,1.5345349014458474,0.5021379929156833,-0.16079260305988133,-0.2025613893691327,1.0799150860697224,1.3238737872461357,-0.24854040953968987,-0.1264435866502287,0.020727675171982107,1.0794777079141653,0.519442976377961,0.7511765921872884,-0.2200071895867306,9.995075302681723e-05,1.079016681474793,0.9600569007030418,0.03373884474131954,-0.10618487618330075,-0.3632055507520143,-1.0653894706788667
1731071835.73,-0.4742677878317513,0.09771627619807384,-0.16079260305988133,-0.09598310354498603,1.0793019777685031,-0.40881180358707603,-0.7397078647299741,-0.1264435866502287,-0.18278667166970178,1.0791408698972262,0.039132064401382796,0.7865961068431091,-0.2200071895867306,0.38445163872101323,1.0788298251609907,-0.9000588213515957,0.009451148232985436,-0.10618487618330075,-0.2930594189814755,-1.0731957914103978
1731071836.23,-0.4742677878317513,0.24162093613440094,-0.16079260305988133,-0.13252423011326486,1.0797337846814568,-0.40881180358707603,-0.6497415486802685,-0.1264435866502287,-0.4041531541992527,1.0801624278538873,-0.040919754261378345,0.8716029420170796,-0.2200071895867306,2.2549631868318807,1.0788562407673403,0.9600569007030418,0.14606944109236458,-0.10618487618330075,-0.16870945811552032,-1.0757275990719184
1731071836.73,-0.4742677878317513,0.2192909026960056,-0.16079260305988133,0.2481125049729732,1.0806432245238646,-0.16128529061090793,-0.3701165123095623,-0.1264435866502287,-0.35773760141079847,1.080852551544634,-0.040919754261378345,1.320250127657478,-0.2200071895867306,0.06415856541435788,1.0795489247946295,-0.9000588213515957,0.06713442744027875,-0.10618487618330075,2.857139589622722,-1.0714346852404701
1731071837.23,-2.196098664355413,-0.006490546514439077,4.2614553726044715,-0.15383988727809422,1.080758686259671,1.3238737872461357,-0.576795887018345,-0.1264435866502287,-0.20420923449514222,1.08003621452393,0.519442976377961,1.4619281862807618,-0.2200071895867306,0.08017321907969059,1.080362761751303,0.9600569007030418,-0.4140655596310901,-0.10618487618330075,-0.3376978664718184,-1.0689526778381524
1731071837.73,1.5345349014458474,-0.20001750298053422,-0.16079260305988133,-0.15688498115878413,1.0783915279175922,-0.40881180358707603,-0.5062817474118191,-0.1264435866502287,-0.22563179732058264,1.077637359636271,0.039132064401382796,1.1455138553554285,-0.2200071895867306,0.06736149614742437,1.0796876730844729,-0.9000588213515957,-0.0011747189894107325,-0.10618487618330075,-0.3376978664718184,-1.0866233111368981
1731071838.23,-0.4742677878317513,-0.3315165887844194,-0.16079260305988133,-0.23209880001182479,1.0802527386009142,-0.16128529061090793,-0.5476176223535757,-0.1264435866502287,-0.1328006917436741,1.0796631511154917,-0.040919754261378345,1.0628683211585126,-0.2200071895867306,0.13142011080875549,1.0805158029430215,0.9600569007030418,-0.049750112006078935,-0.10618487618330075,-0.2516094320261571,-1.077982576697127
1731071838.73,-0.4742677878317513,-0.12062182853290533,-0.16079260305988133,-0.1203438545905053,1.0817416907121664,-0.40881180358707603,0.3058466190909275,-0.1264435866502287,-0.41843486274954633,1.0820535832372993,-0.040919754261378345,1.4359538755331602,-0.2200071895867306,0.17946407180475377,1.080761255449617,-0.9291231295086987,0.15821328934653164,-0.10618487618330075,-0.18784022132566727,-1.0751520975066173
1731071839.23,1.5345349014458474,-0.03378280960581151,-0.16079260305988133,-0.10816347906774566,1.0817245772885917,1.3238737872461357,-0.1853208360993562,-0.1264435866502287,0.04215023799742254,1.080867520481839,-0.040919754261378345,0.38281363976675054,-0.2200071895867306,-0.006305910713106296,1.0816658310024836,0.9600569007030418,0.19312685307726207,-0.10618487618330075,-0.18784022132566727,-1.0724260028068406
1731071839.73,-0.18729597507781445,0.1547819172073071,-0.16079260305988133,-0.20804255835437455,1.0827183833509655,-0.40881180358707603,0.02379006066482403,-0.1264435866502287,2.013026017937941,1.083299884696674,0.519442976377961,0.1372383381530587,-0.2200071895867306,0.09939080347808993,1.0814008745777026,-0.9000588213515957,0.04740067402725747,-0.10618487618330075,-0.4014670771723082,-1.0752702440962956
1731071840.23,-0.4742677878317513,0.19696086925760997,-0.16079260305988133,-0.0838027280222264,1.0820435529117072,-0.40881180358707603,-0.0540186451078943,-0.1264435866502287,-0.40772358133682607,1.0814754351087394,-0.040919754261378345,0.26947119286812343,-0.2200071895867306,0.1826670025378204,1.082041855290603,0.9600569007030418,0.2675079236340351,-0.10618487618330075,0.01303279238087564,-1.0768678130547245
1731071840.73,-0.4742677878317513,0.3110921512760762,-0.16079260305988133,0.03800102720536978,1.081954265082729,-0.40881180358707603,-0.1050806082712407,-0.1264435866502287,-0.28275863152175706,1.0817440455968472,-0.040919754261378345,0.20807736746470037,-0.2200071895867306,1.3645484430393786,1.082007125180379,-0.9000588213515957,-0.4292453699487989,-0.10618487618330075,-0.050736418319614104,-1.0816784131740116
1731071841.23,1.5345349014458474,0.35575221815286745,-0.16079260305988133,-0.1955576734435459,1.0836922727558824,1.3238737872461357,0.8164662507243915,-0.1264435866502287,0.05286151941014284,1.083755101022137,0.519442976377961,1.1573203602407018,-0.2200071895867306,-0.051146940976038086,1.0827232517064442,0.9600569007030418,0.2826877339517439,-0.10618487618330075,1.227836256225207,-1.0743334964480127
1731071841.73,-0.4742677878317513,0.469883500171334,-0.16079260305988133,1.2225425467937427,1.0833612782329891,-0.40881180358707603,0.0675574576619781,-0.1264435866502287,-0.26133606869631665,1.0831526666023639,-0.040919754261378345,1.4453990794413791,-0.2200071895867306,0.022520465884492715,1.0829716427812839,-0.9000588213515957,0.08990414291684215,-0.10618487618330075,-0.277117116306353,-1.0777853755457087
1731071842.23,-0.4742677878317513,0.8296451500121521,-0.16079260305988133,-0.13861441787464468,1.0849559929204475,-0.40881180358707603,-0.24854040953968987,-0.1264435866502287,-0.24705436014602308,1.0845932406614687,-0.040919754261378345,0.6614471550592086,-0.2200071895867306,-0.006305910713106296,1.0838878748779666,0.9600569007030418,0.2902776391105981,-0.10618487618330075,-0.034794115644491704,-1.0693851383261432
1731071842.73,-0.18729597507781445,0.48228907430377604,-0.16079260305988133,-0.19890727671230482,1.0817709259440387,-0.40881180358707603,-0.2971708506476388,-0.1264435866502287,-0.23991350587087626,1.08070847823866,0.039132064401382796,0.7511765921872884,-0.2200071895867306,-0.08637917903977015,1.0832983619761152,-0.87099451319449,0.3464429372861209,-0.10618487618330075,-0.3281324848667449,-1.0892250904909018
1731071843.23,1.5345349014458474,0.705589408687732,-0.16079260305988133,-0.15383988727809422,1.082354441905175,1.3238737872461357,-0.6278578501816915,-0.1264435866502287,-0.3648784556859453,1.081163500225531,-0.040919754261378345,1.4288699726019958,-0.2200071895867306,-0.02232056437843908,1.0838118082113073,0.9309925925459387,-0.44442518026650757,-0.10618487618330075,-0.41740937984743065,-1.0874526262726039
1731071843.73,-0.4742677878317513,1.0851999771404575,-0.16079260305988133,-0.26559483269941375,1.0856817718698264,-0.16128529061090793,-0.12210126265902284,-0.1264435866502287,-0.37916016423623894,1.0861457028733237,-0.040919754261378345,1.3603922442674088,-0.2200071895867306,-0.044741079509904975,1.0843119756112702,-0.9000588213515957,0.31304735458716154,-0.10618487618330075,-0.25479789256118157,-1.0762753569738912
1731071844.23,-0.4742677878317513,0.6956649493817784,-0.16079260305988133,0.08063234153502849,1.084075875078959,-0.40881180358707603,-0.0029566819445478957,-0.1264435866502287,2.241533354742639,1.0831357498486653,-0.040919754261378345,1.4194247686937767,-0.2200071895867306,-0.0895821097728367,1.0847479825073132,-0.9000588213515957,-0.28959111502587787,-0.10618487618330075,-0.3090017216565979,-1.082690199269254
1731071844.73,-0.4742677878317513,0.643561538025522,-0.16079260305988133,0.05322649660881932,1.086833399467892,-0.40881180358707603,0.16724986193327318,-0.1264435866502287,-0.3720193099610921,1.0871481612051397,-0.040919754261378345,1.2257980885752888,-0.2200071895867306,9.995075302681723e-05,1.0852686219230994,0.9309925925459387,0.36162274760382973,-0.10618487618330075,-0.3121901821916224,-1.0733283797337798
1731071845.23,1.5345349014458474,0.7254383272996392,-0.16079260305988133,-0.21839587754872022,1.088060165376039,1.3238737872461357,-0.3068969388692286,-0.1264435866502287,-0.1970683802199954,1.0881005993074426,0.519442976377961,1.6248579536975383,-0.2200071895867306,0.4773366299799433,1.0861155569215295,0.9600569007030418,0.6773628022121727,-0.10618487618330075,-0.27074019523630405,-1.0667409800044938
1731071845.73,-0.4742677878317513,0.04561286484181738,-0.16079260305988133,-0.1233889484711952,1.0871535056302013,-0.40881180358707603,0.8796858241647252,-0.1264435866502287,-0.0221174504788986,1.086782633119536,-0.040919754261378345,1.7027808859403446,-0.2200071895867306,0.028926327350625756,1.086226853297706,-0.87099451319449,0.5802120161788363,-0.10618487618330075,0.07680200308136552,-1.0732509907469538
1731071846.23,-0.4742677878317513,0.24162093613440094,-0.16079260305988133,0.07149705989295876,1.0871308674778941,-0.16128529061090793,0.2742368323707609,-0.1264435866502287,0.18139689636278528,1.0871899283294837,-0.040919754261378345,2.3001900331351908,-0.2200071895867306,-0.0895821097728367,1.0861747650148803,0.9600569007030418,0.7198662711017574,-0.10618487618330075,-0.09218640527493245,-1.077964225214635
1731071846.73,-0.4742677878317513,-0.20746084745999943,-0.16079260305988133,-0.24915132574368826,1.0861834227813618,-0.40881180358707603,0.1818389942656579,-0.1264435866502287,-0.3613080285483719,1.0849579961803846,-0.5212306662379566,2.0451695276132806,1.8826579511731376,-0.01911763364537252,1.0867915720704497,-0.9000588213515957,0.11115587736163449,-0.10618487618330075,-0.2579863530962061,-1.0806963966463308
1731071847.23,-0.4742677878317513,-0.3861011149671643,-0.16079260305988133,0.34860060303574014,1.0882857697487425,1.3238737872461357,-0.19261540226554857,-0.1264435866502287,-0.18992752594484857,1.0879413429114686,0.519442976377961,1.6909743810550706,-0.2200071895867306,0.04494098101595854,1.0872843872517757,0.9600569007030418,0.021594996487152487,-0.10618487618330075,0.04810585826614515,-1.0738202997676574
1731071847.73,1.5345349014458474,-0.31166767017251223,-0.16079260305988133,1.4356991184420362,1.0879311132471057,-0.40881180358707603,0.17454442809946552,-0.1264435866502287,-0.0006948876534581689,1.0874017898857968,-0.5212306662379566,0.005005483437993702,-0.2200071895867306,-0.038335218043771865,1.0874720510873812,-0.9000588213515957,-0.03760626375191188,-0.10618487618330075,-0.37914785342713675,-1.0778252586482033
1731071848.23,-0.4742677878317513,-0.5672224973008175,-0.16079260305988133,-0.24549721308686037,1.087447014918787,-0.16128529061090793,0.10646181054833725,-0.1264435866502287,-0.40772358133682607,1.0871391844383593,0.519442976377961,-0.13667257518528994,-0.2200071895867306,-0.009508841446172853,1.0873676296602837,0.9600569007030418,-0.47782076296546694,-0.10618487618330075,-0.30262480058654895,-1.084543200406358
1731071848.73,-0.4742677878317513,-0.28685652190762834,-0.16079260305988133,-0.10207329130636585,1.0871045745878298,-0.40881180358707603,0.45660098652556924,-0.1264435866502287,0.6277002885594606,1.085937473547561,-0.040919754261378345,0.18210305671709834,-0.2200071895867306,0.11540545714342279,1.0879624026883545,-0.9000588213515957,0.4800252680819581,-0.10618487618330075,-0.2037825240007897,-1.0853499055170304
1731071849.23,1.5345349014458474,-0.2893376367341167,-0.16079260305988133,-0.05335178921532732,1.0887435857780086,1.3238737872461357,0.6243760083479929,-0.1264435866502287,0.04572066513499602,1.089038863691505,0.519442976377961,0.07584451274963566,-0.2200071895867306,0.09618787274502344,1.087930814649732,0.9600569007030418,-0.2668213995493146,-0.10618487618330075,-0.3058132611215734,-1.0841445534028715
1731071849.73,-0.4742677878317513,-0.316629899825489,-0.16079260305988133,-0.19768923916002887,1.0901689452527006,-0.40881180358707603,0.45903250858096695,-0.1264435866502287,-0.4041531541992527,1.0899939031142158,-0.040919754261378345,0.17974175574004359,-0.2200071895867306,0.07056442688049099,1.088970662978239,-0.9000588213515957,0.2796517718882021,-0.10618487618330075,-0.3153786427266469,-1.0753739704006544
1731071850.23,-2.196098664355413,-0.3662521963552571,4.2614553726044715,-0.0838027280222264,1.0882255217905037,-0.40881180358707603,0.5879031775170314,-0.1264435866502287,-0.14351197315639438,1.0877035986258619,-0.040919754261378345,1.0227262045485823,-0.2200071895867306,2.3510511088238775,1.0886464361900985,0.9600569007030418,-0.515770288759739,-0.10618487618330075,-0.06667872099473665,-1.0888535562526878
1731071850.73,-0.4742677878317513,-0.23475311055137188,-0.16079260305988133,-0.1416595117553346,1.0881528861965912,-0.40881180358707603,0.3666346704758639,-0.1264435866502287,0.13855177071190442,1.087067996918726,-0.040919754261378345,0.44184616419311884,-0.2200071895867306,0.17305821033862065,1.0891677228771037,-0.9000588213515957,-0.20610215827847955,-0.10618487618330075,1.973936021420938,-1.0892950885002022
1731071851.23,1.5345349014458474,-0.43076118184395557,-0.16079260305988133,-0.2229635183697551,1.0909224712926564,-0.40881180358707603,-0.8199480925580895,-0.1264435866502287,-0.3077516214847708,1.090886086760545,0.519442976377961,1.1219008455848811,-0.2200071895867306,0.012911673685293043,1.0898161795290302,0.9600569007030418,0.9536353499944727,-0.10618487618330075,-0.17827483972059374,-1.0788991769723733
1731071851.73,-0.4742677878317513,0.08282958723914342,-0.16079260305988133,-0.0868478219029163,1.0891174163807884,1.3238737872461357,-0.8321057028350768,-0.1264435866502287,-0.31489247575991763,1.0879807612196126,-0.040919754261378345,0.6968666697150293,-0.2200071895867306,0.057752703948224765,1.0899944619954072,-0.9000588213515957,-0.03760626375191188,-0.10618487618330075,-0.2579863530962061,-1.0880044466041479
1731071852.23,-0.4742677878317513,-0.053631728217718735,-0.16079260305988133,0.9819801302192402,1.0902575953978904,-0.40881180358707603,-0.5865219752399349,-0.1264435866502287,-0.1934979530824219,1.0900229733763112,-0.040919754261378345,-0.11778216736885236,-0.2200071895867306,-0.028726425844572193,1.0901062327850912,0.9600569007030418,0.4982410404632087,-0.10618487618330075,-0.19421714239571627,-1.087415901408236
1731071852.73,-0.18729597507781445,-0.16031966575671977,-0.16079260305988133,-0.2278356685788589,1.0911377266365774,-0.40881180358707603,-0.6302893722370889,-0.1264435866502287,-0.2898994857969039,1.090999495245355,0.039132064401382796,0.5504660091376362,-0.2200071895867306,0.1250142493426224,1.0905990458052721,-0.9000588213515957,-0.22887187375504275,-0.10618487618330075,-0.39509015610225917,-1.0847756016443049
1731071853.23,-0.4742677878317513,0.1671874913397491,-0.16079260305988133,-0.09293800966429612,1.0936800741255333,1.3238737872461357,-1.002312246712898,-0.1264435866502287,-0.41843486274954633,1.093740200621106,0.519442976377961,0.5197690964359247,-0.2200071895867306,0.31719009332661563,1.0916676598143678,0.9600569007030418,-0.12716714462639372,-0.10618487618330075,-0.21334790560586323,-1.071911113667221
1731071853.73,1.5345349014458474,0.6882216049023132,-0.16079260305988133,-0.15688498115878413,1.0895254758116466,-0.40881180358707603,-0.4552197842484729,-0.1264435866502287,2.6771254655265935,1.088648335344731,-0.040919754261378345,1.39108915696912,-0.2200071895867306,-0.07036452537443735,1.0908488517998471,-0.9000588213515957,-0.15449080319826958,-0.10618487618330075,-0.05392487885463867,-1.0968883351376895
1731071854.23,-0.4742677878317513,0.31357326610256464,-0.16079260305988133,-0.22935821551920385,1.09317461459295,-0.40881180358707603,-0.5038502253564217,-0.1264435866502287,-0.35773760141079847,1.093111367840661,-0.040919754261378345,0.290722901661616,-0.2200071895867306,0.10579666494422305,1.0919741026557461,0.9891212088601449,-0.20610215827847955,-0.10618487618330075,-0.37277093235708775,-1.0797480568038522
1731071854.73,-0.4742677878317513,0.055537324147770996,-0.16079260305988133,-0.0838027280222264,1.0918481558636868,-0.40881180358707603,-0.47953500480244715,-0.1264435866502287,-0.21135008877028902,1.090730516880363,-0.040919754261378345,0.2836389987304518,-0.2200071895867306,2.575256260138536,1.0923082676796354,-0.9000588213515957,-0.14841887907118606,-0.10618487618330075,-0.2675517347012796,-1.0859869369185013
1731071855.23,-0.4742677878317513,0.17711195064570273,-0.16079260305988133,-0.044216507573257666,1.0919728266821234,-0.40881180358707603,-0.6011111075723196,-0.1264435866502287,-0.3755897370986655,1.0906996410384118,0.519442976377961,1.0463392143191297,-0.2200071895867306,-0.006305910713106296,1.0926620137230116,-0.9000588213515957,-0.45201508542536195,-0.10618487618330075,2.2194474826178237,-1.0870434349745892
1731071855.73,1.5345349014458474,0.04065063518884058,-0.16079260305988133,-0.21839587754872022,1.0918543451932494,1.3238737872461357,-0.8661470116106411,-0.1264435866502287,-0.3291741843102112,1.090405799833099,-0.040919754261378345,0.3898975426979147,-0.2200071895867306,0.1378259722748886,1.0929344622985542,0.9600569007030418,0.11419183942517624,-0.10618487618330075,-0.32494402433172037,-1.0895728274508523
1731071856.23,-0.4742677878317513,0.2962054623171458,-0.16079260305988133,-0.07466744638015668,1.09108173032973,-0.40881180358707603,-0.21206757870872814,-0.1264435866502287,-0.18992752594484857,1.0899427944965923,-0.040919754261378345,1.5988836429499365,-0.2200071895867306,0.022520465884492715,1.0926672000011382,0.9600569007030418,-0.0952895429592052,-0.10618487618330075,-0.3919016955672347,-1.0985515037620326
1731071856.73,-0.18729597507781445,0.16966860616623752,-0.16079260305988133,0.17503025183641557,1.0925793990359813,-0.40881180358707603,-0.34336976970019034,-0.1264435866502287,-0.3505967471356517,1.0919037836893741,-0.040919754261378345,0.9731388840304327,-0.2200071895867306,9.995075302681723e-05,1.0931776128458326,-0.87099451319449,0.02463095855069425,-0.10618487618330075,-0.2484209714911326,-1.0936338827996428
1731071857.23,1.5345349014458474,0.4053745146826355,-0.16079260305988133,1.4235187429192766,1.0920412742815317,1.3238737872461357,-0.22908823309651027,-0.1264435866502287,-0.3755897370986655,1.0910432132577466,-0.040919754261378345,2.361583858538614,1.8169496655243917,-0.047944010242971534,1.0933771170614182,-0.9291231295086987,0.3798385199850803,-0.10618487618330075,-0.3090017216565979,-1.0981832562427036
1731071857.73,-0.4742677878317513,0.4152989739885891,-0.16079260305988133,-0.11120857294843557,1.0952288347540355,-0.40881180358707603,-0.3774110784757546,-0.1264435866502287,-0.3613080285483719,1.0954132054186139,-0.040919754261378345,2.1537893725577977,-0.2200071895867306,0.07376735761355747,1.0941057509223753,0.9891212088601449,0.2796517718882021,-0.10618487618330075,-0.02522873403941815,-1.0857158809910394
1731071858.23,-0.4742677878317513,1.1100111254053413,-0.16079260305988133,-0.22083195265327216,1.095472793657836,-0.40881180358707603,-0.5354600120765884,-0.1264435866502287,2.095145842102129,1.0956975984210446,-0.040919754261378345,2.644939975785182,-0.2200071895867306,-0.01271177217923941,1.0943883070952134,0.9309925925459387,1.4257274508752162,-0.10618487618330075,-0.23885558988605912,-1.0869101496490399
1731071858.73,-0.4742677878317513,-0.028820579952834702,-0.16079260305988133,0.013640276159850586,1.09407574264131,-0.40881180358707603,-0.4479252180822806,-0.1264435866502287,-0.15422325456911454,1.0930940643863936,-0.040919754261378345,1.249411098345836,-0.2200071895867306,-0.051146940976038086,1.0947861138522714,-0.9000588213515957,0.7729956072137381,-0.10618487618330075,-0.37914785342713675,-1.092901516425242
1731071859.23,1.5345349014458474,-0.21490419193946464,-0.16079260305988133,0.05627159048950923,1.0975428969282808,1.3238737872461357,-0.22179366693031793,-0.1264435866502287,-0.3934418727865325,1.097538138761678,0.519442976377961,1.26121760323111,-0.2200071895867306,1.454230503565242,1.0957443824982265,0.9600569007030418,0.32215524077778684,-0.10618487618330075,-0.3058132611215734,-1.0776857497153884
1731071859.73,-0.4742677878317513,0.17214972099272594,-0.16079260305988133,-0.20682452080209857,1.0950247781261557,-0.40881180358707603,-0.3506643358663827,-0.1264435866502287,-0.17921624453212828,1.0946550001220798,-0.040919754261378345,2.2458801106629322,-0.2200071895867306,-0.02232056437843908,1.0952111275615364,-0.9000588213515957,0.2250044547444504,-0.10618487618330075,2.0026321662361584,-1.0947764447466044
1731071860.23,-0.18729597507781445,0.44507235190644995,-0.16079260305988133,0.05018140272812941,1.0971489053117365,-0.40881180358707603,-0.4138839093067163,-0.1264435866502287,-0.011406169066178464,1.097535302581628,-0.040919754261378345,1.6295805556516476,-0.2200071895867306,0.051346842482091655,1.0957867755300357,0.9600569007030418,-0.02090847240243219,-0.10618487618330075,-0.050736418319614104,-1.0871810411819154
1731071860.73,-0.18729597507781445,0.028245061056398565,-0.16079260305988133,-0.03203613205049803,1.0975572436069745,-0.40881180358707603,-0.32391759325701075,-0.1264435866502287,-0.4148644356119729,1.097290673103408,-0.040919754261378345,0.27183249384517816,-0.2200071895867306,-0.07356745610750391,1.0965457424557383,-0.9000588213515957,0.117227801488718,-0.10618487618330075,-0.3632055507520143,-1.084115286727973
1731071861.23,-0.4742677878317513,0.04065063518884058,-0.16079260305988133,-0.2123056897873404,1.0990370516379424,1.3238737872461357,-0.3117599829800235,-0.1264435866502287,-0.1970683802199954,1.0989507293707095,-0.040919754261378345,0.5244916983900342,-0.2200071895867306,0.051346842482091655,1.0972181107726964,-0.9000588213515957,-0.5688996248717199,-0.10618487618330075,0.1469481348519044,-1.0780050704392183
1731071861.73,1.5345349014458474,0.19944198408409836,-0.16079260305988133,-0.00767538100497877,1.0989999909968418,-0.40881180358707603,0.24505856770599152,-0.1264435866502287,-0.1970683802199954,1.098776728681353,0.519442976377961,0.6213050384492779,-0.2200071895867306,-0.0895821097728367,1.0974988220885986,0.9600569007030418,0.253846094348097,-0.10618487618330075,0.1756442796671248,-1.0801881064564969
1731071862.23,-0.4742677878317513,0.2962054623171458,-0.16079260305988133,-0.0046302871242888625,1.0986548929814204,-0.16128529061090793,0.32773031758950477,-0.1264435866502287,-0.23991350587087626,1.0988246529701626,-0.040919754261378345,0.47726567884893956,-0.2200071895867306,0.1698552796055542,1.097345630298075,0.9600569007030418,0.2189325306173669,-0.10618487618330075,-0.2452325109561081,-1.0867995674065114
1731071862.73,-0.4742677878317513,0.4078556295091239,-0.16079260305988133,0.382096635723329,1.09659144863454,-0.40881180358707603,0.9331793093834685,-0.1264435866502287,0.8312146354011446,1.095556722497842,-0.040919754261378345,0.6000533296557856,-0.2200071895867306,0.35562526212341433,1.097487040653275,-0.9000588213515957,0.1840189668866368,-0.10618487618330075,0.26173271411278604,-1.0970885768789065
1731071863.23,1.5345349014458474,0.3656766774588211,-0.16079260305988133,-0.16602026280085386,1.0995281896280913,1.3238737872461357,-0.01997733633233003,-0.1264435866502287,-0.17564581739455495,1.0994926411674193,0.519442976377961,0.5103238925277058,-0.2200071895867306,-0.044741079509904975,1.0982289209131628,0.9600569007030418,0.2492921512527845,-0.10618487618330075,-0.16552099758049577,-1.085387472439174
1731071863.73,-0.4742677878317513,0.19199863960463315,-0.16079260305988133,-0.05944197697670714,1.098262312180026,-0.40881180358707603,-0.4698089165808573,-0.1264435866502287,0.01001639375926197,1.0973480774769182,-0.040919754261378345,0.47726567884893956,-0.2200071895867306,-0.006305910713106296,1.0984814065865047,-0.9000588213515957,-0.24708764613629317,-0.10618487618330075,-0.12088255009015297,-1.09205068324583
1731071864.23,-0.4742677878317513,0.43514789260049636,-0.16079260305988133,-0.15688498115878413,1.098249310462227,-0.40881180358707603,-0.42117847547290865,-0.1264435866502287,-0.4112940084743995,1.0967645210089012,-0.040919754261378345,1.0817587289749504,-0.2200071895867306,0.2531314786652845,1.0990298081749312,0.9600569007030418,0.4086801595887269,-0.10618487618330075,0.4339095830041084,-1.0920778190776421
1731071864.73,-0.18729597507781445,0.2837998881847038,-0.16079260305988133,-0.13556932399395477,1.0990267695889437,-0.40881180358707603,-0.7202556882867945,-0.1264435866502287,-0.23277265159572946,1.0983461646604389,-0.040919754261378345,0.8243769224759848,-0.2200071895867306,-0.02232056437843908,1.0990613405047178,-0.87099451319449,0.018559034423610725,-0.10618487618330075,-0.21334790560586323,-1.0933652223849673
1731071865.23,-0.4742677878317513,0.5319113708335441,-0.16079260305988133,-0.19494865466740793,1.1002262693298643,-0.40881180358707603,-0.6837828574558328,3.5168562080497283,-0.23277265159572946,1.0995008978074974,0.519442976377961,1.0557844182273486,-0.2200071895867306,-0.07997331757363703,1.099760476478014,0.9600569007030418,0.11419183942517624,-0.10618487618330075,-0.17827483972059374,-1.088020047451174
1731071865.73,1.5345349014458474,0.9933987285603865,-0.16079260305988133,-0.1264340423518851,1.1003931844871626,-0.40881180358707603,-0.6618991589572557,-0.1264435866502287,-0.2934699129344773,1.100630296597509,-0.040919754261378345,1.3084436227722047,-0.2200071895867306,0.09298494201195681,1.099463936222385,-0.9000588213515957,0.622715485068421,-0.10618487618330075,-0.3217555637966959,-1.0939649297265592
1731071866.23,-0.18729597507781445,0.5095813373951484,-0.16079260305988133,-0.03508122593118794,1.1002213099872862,-0.40881180358707603,-0.1196697406036254,-0.1264435866502287,-0.3291741843102112,1.0995357657303668,0.039132064401382796,1.0770361270208408,-0.2200071895867306,0.10899959567728967,1.1001614071979489,0.9600569007030418,-0.39584978724983955,-0.10618487618330075,0.0034674107758022278,-1.0933889000753274
1731071866.73,-0.4742677878317513,0.3880067108972167,-0.16079260305988133,-0.11729876070981539,1.1009127058547663,-0.40881180358707603,-0.26799258598286946,-0.1264435866502287,0.1885377506379321,1.101155845042714,-0.040919754261378345,1.5988836429499365,-0.2200071895867306,0.1890728640039535,1.1000858137308596,-0.9291231295086987,0.7562978158642585,-0.10618487618330075,-0.03798257617951613,-1.0958038660348575
1731071867.23,-0.4742677878317513,-0.32655435913144265,-0.16079260305988133,-0.15079479339740431,1.1026139590096535,1.3238737872461357,-0.12696430676981774,-0.1264435866502287,1.7809482539956698,1.1026921648190253,0.519442976377961,1.8397363426095186,-0.2200071895867306,0.019317535151426157,1.1010486312212393,0.9891212088601449,-0.1347570497852481,-0.10618487618330075,-0.37914785342713675,-1.0866769427084513
1731071867.73,1.5345349014458474,-0.36128996670228025,-0.16079260305988133,-0.20712903019016757,1.100550875557321,-0.16128529061090793,-0.13182735088061262,-0.1264435866502287,-0.3113220486223442,1.0994768875911582,-0.040919754261378345,1.6768065751927423,-0.2200071895867306,0.08657908054582371,1.1011589496749534,-0.9291231295086987,-0.41861950272640275,-0.10618487618330075,-0.21653636614088767,-1.0972065273509501
1731071868.23,-0.4742677878317513,-0.3811388853141875,-0.16079260305988133,-0.06857725861877687,1.1040923360176178,-0.40881180358707603,-0.27285563009366437,-0.1264435866502287,0.04215023799742254,1.1041162841899907,-0.040919754261378345,1.9625239934163645,-0.2200071895867306,0.00650581221915993,1.1020734359217588,0.9600569007030418,0.21589656855382514,-0.10618487618330075,0.07042508201131653,-1.0820711243591148
1731071868.73,-0.4742677878317513,-0.08588622096206769,-0.16079260305988133,-0.11729876070981539,1.1031702511451387,-0.40881180358707603,0.8456445153891609,-0.1264435866502287,0.15640390639977153,1.103200737804931,-0.040919754261378345,1.471373390188981,-0.2200071895867306,3.203030683819581,1.101929892993184,-0.9000588213515957,-0.5081803836008846,-0.10618487618330075,0.5742018465451862,-1.0906079956524202
1731071869.23,1.5345349014458474,0.0034339127915145344,-0.16079260305988133,-0.2512828914601712,1.1037331863621835,1.3238737872461357,0.2839629205923507,-0.1264435866502287,-0.22920222445815597,1.1036793801857894,0.039132064401382796,0.11362532838251137,-0.2200071895867306,0.16024648740635444,1.1024088948282698,0.9600569007030418,0.7972833037220721,-0.10618487618330075,-0.29624787951649995,-1.0891749916496203
1731071869.73,-0.4742677878317513,-0.32655435913144265,-0.16079260305988133,1.1311897303730456,1.1027603142724884,-0.40881180358707603,0.3958129351406333,-0.1264435866502287,-0.2970403400720506,1.1018419177445358,0.519442976377961,-0.030414031217827275,-0.2200071895867306,-0.08637917903977015,1.1027650674632565,-0.9291231295086987,-0.005728662084723377,-0.10618487618330075,-0.28349403737640194,-1.0940203167556317
1731071870.23,-0.4742677878317513,-0.0263394651263463,-0.16079260305988133,-0.11425366682912548,1.1039304129316052,-1.8939708814441196,0.24749008976138898,3.6343820078787594,-0.2684769229714634,1.1036570399934298,-0.040919754261378345,0.2387742801664119,-0.2200071895867306,0.11860838787648927,1.1030418355443818,0.9600569007030418,0.5240467180033138,-0.10618487618330075,-0.34726324807689185,-1.0920463757902437
1731071870.73,-2.196098664355413,-0.013933890993904286,4.2614553726044715,-0.21809136816065125,1.1024084254278639,-0.40881180358707603,0.5003683835227233,-0.1264435866502287,-0.2506247872835964,1.100975262862866,-0.040919754261378345,0.49851738764243214,-0.2200071895867306,0.278754924529817,1.1033637377557093,-0.9000588213515957,-0.3745980528050472,-0.10618487618330075,-0.3632055507520143,-1.099062119262779
1731071871.23,-0.18729597507781445,-0.3786577704876991,-0.16079260305988133,-0.09293800966429612,1.1017106801685792,1.3238737872461357,0.42255967775000497,-0.1264435866502287,-0.21492051590786235,1.1005020421970066,0.519442976377961,0.05223150297908834,-0.2200071895867306,-0.03513228731070531,1.1031762592783847,0.9600569007030418,-0.026980396529515716,-0.10618487618330075,-0.3185671032616714,-1.1071605706968008
1731071871.73,1.5345349014458474,-0.23227199572488347,-0.16079260305988133,-0.09293800966429612,1.1059188790937666,-0.40881180358707603,0.5222520820213006,-0.1264435866502287,0.15640390639977153,1.1061503744964882,-0.040919754261378345,0.7322861843708506,-0.2200071895867306,0.19227579473702,1.1041419560354664,-0.9000588213515957,1.049268154996038,-0.10618487618330075,0.701740267946166,-1.0893152948181875
1731071872.23,-0.4742677878317513,-0.23723422537786026,-0.16079260305988133,-0.23027174368341083,1.1035533421644186,-0.40881180358707603,-0.09778604210504836,-0.1264435866502287,-0.24705436014602308,1.1019645303383812,0.039132064401382796,0.3780910378126411,-0.2200071895867306,0.23071096353381867,1.1045345545462137,0.9600569007030418,0.13999751696528107,-0.10618487618330075,-0.12725947116020198,-1.0987108257282778
1731071872.73,-0.4742677878317513,-0.021377235473369494,-0.16079260305988133,-0.09902819742567594,1.1055110702977045,-0.40881180358707603,-1.050942687820847,-0.1264435866502287,-0.4148644356119729,1.1054980470449993,-0.040919754261378345,0.2600259889599045,-0.2200071895867306,-0.03513228731070531,1.1045582225139603,-0.9000588213515957,0.5619962437975857,-0.10618487618330075,-0.14957869490537334,-1.095962379230526
1731071873.23,-0.18729597507781445,-0.3910633446201411,-0.16079260305988133,-0.00767538100497877,1.1037588198265784,1.3238737872461357,-1.0460796437100521,-0.1264435866502287,-0.1256598374685273,1.1030486033178517,-0.040919754261378345,-0.14139517713939942,-0.2200071895867306,1.1947931141868513,1.1045164000676613,0.9600569007030418,-0.33816650804254605,-0.10618487618330075,0.022598173985949193,-1.1065918682278115
1731071873.73,1.5345349014458474,-0.06355618752367234,-0.16079260305988133,-0.2351438938925147,1.1040498114553243,-0.40881180358707603,-0.8029274381703074,-0.1264435866502287,0.01001639375926197,1.103417550018197,0.519442976377961,0.5221303974129794,-0.2200071895867306,0.11220252641035616,1.1047946486700442,-0.9000588213515957,-0.04367818787899541,-0.10618487618330075,3.6542547233788447,-1.1076559229649166
1731071874.23,-0.4742677878317513,-0.021377235473369494,-0.16079260305988133,-0.06248707085739705,1.1054344809689258,-0.40881180358707603,-0.7567285191177562,-0.1264435866502287,-0.44342785271256013,1.1047728073236467,0.039132064401382796,0.44184616419311884,-0.2200071895867306,0.04173805028289198,1.1055553593152605,-0.9000588213515957,0.2295583978397629,-0.10618487618330075,-0.08899794473990803,-1.1011923918274142
1731071874.73,-0.4742677878317513,-0.04370726891176512,-0.16079260305988133,1.4539696817261758,1.1059170301410162,-0.40881180358707603,-0.3312121594232031,-0.1264435866502287,0.08142493651073009,1.1055306687252695,-0.040919754261378345,0.2458581830975761,-0.2200071895867306,0.048143911749025096,1.1057893329272683,0.9600569007030418,0.25536407537986805,-0.10618487618330075,0.3318788458833248,-1.101934354163965
1731071875.23,1.5345349014458474,-0.20001750298053422,-0.16079260305988133,-0.23879800654934258,1.1060360244932972,1.3238737872461357,-0.2461088874842924,-0.1264435866502287,-0.0792442846800731,1.1052940854644409,0.519442976377961,0.14196094010716814,-0.2200071895867306,0.0161146044183596,1.1062600277518853,0.9600569007030418,-0.05582203613316246,-0.10618487618330075,-0.2516094320261571,-1.102106199448349
1731071875.73,-0.4742677878317513,-0.1007729099209981,-0.16079260305988133,-0.0015851932435989545,1.106722482089606,-0.16128529061090793,0.21588030304122213,-0.1264435866502287,-0.318462902897491,1.1062813046697166,0.039132064401382796,0.3662845329273674,-0.2200071895867306,0.09298494201195681,1.1065568715983887,-0.9000588213515957,-0.3078068874071284,-0.10618487618330075,0.4785480304944515,-1.1016541725265685
1731071876.23,-0.4742677878317513,0.5666469784043814,-0.16079260305988133,0.0471363088474395,1.1079307460574797,-0.40881180358707603,-0.6084056737385118,-0.1264435866502287,-0.11137812891823366,1.1077406221969062,-0.040919754261378345,1.2376045934605626,-0.2200071895867306,-0.01271177217923941,1.1070829882545836,0.9891212088601449,0.0033792241059019115,-0.10618487618330075,0.46579418835435354,-1.097617829634856
1731071876.73,-0.4742677878317513,0.04065063518884058,-0.16079260305988133,-0.18215926036851035,1.1062319967060898,-0.40881180358707603,-0.8685785336660385,-0.1264435866502287,2.241533354742639,1.1053043722463818,-0.040919754261378345,0.5551886110917457,-0.2200071895867306,0.1378259722748886,1.107085657974914,-0.9000588213515957,0.009451148232985436,-0.10618487618330075,-0.12725947116020198,-1.107717752158038
1731071877.23,1.5345349014458474,0.3334221847144718,-0.16079260305988133,-0.13556932399395477,1.1075456006150346,1.3238737872461357,-0.428473041639101,-0.1264435866502287,-0.2898994857969039,1.1071000824605812,-0.5212306662379566,0.7582604951184524,1.8826579511731376,0.2467256171991514,1.1075144471054548,0.9600569007030418,0.5179747938762304,-0.10618487618330075,-0.12088255009015297,-1.1040687609579154
1731071877.73,-0.4742677878317513,0.1547819172073071,-0.16079260305988133,-0.22174548081747913,1.1099586759414235,-0.40881180358707603,-0.7080980780098073,-0.1264435866502287,-0.2434839330084496,1.109591132011069,0.519442976377961,0.6567245531050991,-0.2200071895867306,0.6534978202986037,1.1086046192560106,-0.9000588213515957,0.6044997126871704,-0.10618487618330075,-0.1814633002556183,-1.0914886513999495
1731071878.23,-0.4742677878317513,0.6212315045871263,-0.16079260305988133,-0.18215926036851035,1.1090953760472755,-0.40881180358707603,-0.44063065191608825,-0.1264435866502287,-0.3613080285483719,1.1085429753933842,-0.040919754261378345,0.7393700873020145,-0.2200071895867306,0.19547872547008663,1.108597757938879,-0.9000588213515957,0.4086801595887269,-0.10618487618330075,1.4382746515368234,-1.0987633054655326
1731071878.73,-0.4742677878317513,0.7378439014320812,-0.16079260305988133,-0.11120857294843557,1.1077125969695547,-0.40881180358707603,-0.6448785045694736,-0.1264435866502287,-0.35773760141079847,1.1071555701820146,0.039132064401382796,1.190378573919468,-0.2200071895867306,0.5638157597727402,1.1082848388715256,0.9600569007030418,0.4405577612559152,-0.10618487618330075,-0.022040273504393727,-1.1102079675405438
1731071879.23,1.5345349014458474,0.2316964768284476,-0.16079260305988133,1.8163358535282743,1.1082678250489215,1.3238737872461357,-0.6764882912896404,-0.1264435866502287,-0.21492051590786235,1.1073281380828648,-0.040919754261378345,1.4312312735790507,-0.2200071895867306,-0.03192935657763875,1.1089385152500935,0.9309925925459387,0.5544063386387315,-0.10618487618330075,-0.28668249791142647,-1.107451084066378
1731071879.73,-0.4742677878317513,0.34086552919393703,-0.16079260305988133,-0.13252423011326486,1.1116883885844495,-0.40881180358707603,-0.029703424553919822,-0.1264435866502287,-0.1328006917436741,1.111642416952536,0.519442976377961,1.582354536110553,-0.2200071895867306,0.1346230415418221,1.1099282634635703,-0.87099451319449,0.49520507839966693,-0.10618487618330075,-0.3440747875418674,-1.0921516477414877
1731071880.23,-0.4742677878317513,0.013358372097468147,-0.16079260305988133,-0.24915132574368826,1.1092589650792317,-0.40881180358707603,-0.4114523872513189,-0.1264435866502287,-0.03996958616676571,1.1077116553480615,-0.040919754261378345,1.209268981735906,-0.2200071895867306,0.41648094605167885,1.1101062379870952,0.9600569007030418,0.2872416770470564,-0.10618487618330075,-0.25479789256118157,-1.1034319978989497
1731071880.73,-0.18729597507781445,0.20936644339005198,-0.16079260305988133,0.6317943339399014,1.1109229248844164,-1.8939708814441196,-0.3555273799771776,3.6343820078787594,-0.3113220486223442,1.1112401324095718,-0.040919754261378345,1.2210754866211793,-0.2200071895867306,0.1826670025378204,1.1098458512329752,-2.7601745434062304,0.26447196157049335,7.103020976823845,-0.11450562902010399,-1.1038965472540705
1731071881.23,-0.18729597507781445,0.7924284276148261,-0.16079260305988133,0.6257041461785215,1.1120227085015384,1.3238737872461357,0.2523531338721839,-0.1264435866502287,2.548590088573951,1.1116715282101164,0.519442976377961,1.5256833126612395,-0.2200071895867306,0.00650581221915993,1.1108779807633258,0.9600569007030418,0.24018426506215923,-0.10618487618330075,-0.1750863791855693,-1.0963232953337125
1731071881.73,1.5345349014458474,0.18703640995165635,-0.16079260305988133,0.2937889131833218,1.1099545289628194,-0.40881180358707603,-0.07103929949567643,-0.1264435866502287,-0.025687877616472087,1.1088434706856116,-0.040919754261378345,0.878686844948244,-0.2200071895867306,0.048143911749025096,1.110752650917761,-0.9000588213515957,-0.040642225815453646,-0.10618487618330075,-0.3759593928921122,-1.1086956092121694
1731071882.23,-0.4742677878317513,-0.10573513957397492,-0.16079260305988133,0.3790515418426392,1.1112002261124345,-0.40881180358707603,-0.14641648321299733,-0.1264435866502287,-0.4648504155380006,1.1099781194510863,-0.040919754261378345,0.23405167821230244,-0.2200071895867306,0.6214685129679383,1.1115086500282467,0.9600569007030418,0.12481770664757225,-0.10618487618330075,0.01940971345092463,-1.102751813846735
1731071882.73,-0.4742677878317513,-0.048669498564741925,-0.16079260305988133,0.041046121086059685,1.1097722418051859,-0.40881180358707603,0.2523531338721839,-0.1264435866502287,-0.15422325456911454,1.1087528540136027,0.039132064401382796,0.3592006299962032,-0.2200071895867306,3.4912944497955705,1.1110551052092874,-0.9000588213515957,0.26295398053872227,-0.10618487618330075,1.2118939535500846,-1.11544010591043
1731071883.23,1.5345349014458474,-0.11814071370641693,-0.16079260305988133,-0.1675428097411988,1.1115074120380415,1.3238737872461357,0.22560639126281193,-0.1264435866502287,-0.0042653147910316535,1.110916904010882,0.519442976377961,0.193909561602372,-0.2200071895867306,0.06736149614742437,1.1116768545881823,0.9600569007030418,-0.014836548275348664,-0.10618487618330075,-0.36001709021698974,-1.1088353599578897
1731071883.73,-0.4742677878317513,0.9065597096332924,-0.16079260305988133,0.3760064479619492,1.1114137861808733,-0.40881180358707603,1.9033566094870493,-0.1264435866502287,-0.4041531541992527,1.1108539862736464,-0.040919754261378345,1.3698374481756277,-0.2200071895867306,0.2211021713346191,1.1118361476072078,-0.9000588213515957,0.3661766906991422,-0.10618487618330075,-0.09537486580995702,-1.112153757777011
1731071884.23,-0.4742677878317513,0.3681577922853095,-0.16079260305988133,0.41863776229160793,1.1120288207223281,-0.40881180358707603,1.3149282720808675,-0.1264435866502287,-0.1934979530824219,1.1109545080405399,-0.040919754261378345,0.7889574078201641,-0.2200071895867306,-0.02232056437843908,1.1125911025091604,0.9600569007030418,-0.502108459473801,-0.10618487618330075,-0.2611748136312306,-1.1084070339992806
1731071884.73,-0.4742677878317513,0.3259788402350066,-0.16079260305988133,1.6610360656130894,1.1121898845380718,-0.40881180358707603,0.43471728802699244,-0.1264435866502287,0.03857981085984921,1.1110492451490466,-0.040919754261378345,0.9046611556958457,-0.2200071895867306,0.2435226864660849,1.112905578544302,-0.9000588213515957,0.37680255792153855,-0.10618487618330075,-0.2994363400515244,-1.1096416542513579
1731071885.23,-0.18729597507781445,0.303648806796611,-0.16079260305988133,-0.20347491753333968,1.114799711930585,-0.40881180358707603,-0.48439804891324206,-0.1264435866502287,-0.22920222445815597,1.1146201873860846,0.519442976377961,0.8597964371318061,-0.2200071895867306,0.13142011080875549,1.1135450215435803,0.9600569007030418,0.3267091838730993,-0.10618487618330075,-0.3440747875418674,-1.0998641119076278
1731071885.73,1.5345349014458474,0.8122773462267333,-0.16079260305988133,-0.10816347906774566,1.113017045676143,1.3238737872461357,-0.02240885838772748,-0.1264435866502287,-0.24705436014602308,1.11246713889043,-0.040919754261378345,0.7889574078201641,-0.2200071895867306,-0.01911763364537252,1.11329706810414,-0.9000588213515957,0.1506233841876774,-0.10618487618330075,-0.4078439982423572,-1.1121935494231292
1731071886.23,-0.4742677878317513,0.7676172793499421,-0.16079260305988133,-0.13556932399395477,1.1123200837696456,-0.40881180358707603,-0.7713176514501406,-0.1264435866502287,-0.3613080285483719,1.1111138852731393,-0.040919754261378345,1.2257980885752888,-0.2200071895867306,0.43569853045007817,1.1136345883893768,0.9600569007030418,0.39198236823924737,-0.10618487618330075,-0.277117116306353,-1.1162283565237603
1731071886.73,-0.4742677878317513,0.7378439014320812,-0.16079260305988133,-0.22631312163851394,1.1141061609296081,-0.40881180358707603,-0.6691937251234481,-0.1264435866502287,-0.3041811943471974,1.1134628484426876,-0.040919754261378345,1.6248579536975383,-0.2200071895867306,0.4308941343504783,1.114196019185608,-0.9000588213515957,-0.3093248684388993,-0.10618487618330075,-0.0029095102942467603,-1.109913053390923
1731071887.23,1.5345349014458474,0.7378439014320812,-0.16079260305988133,-0.11729876070981539,1.1154142628910118,1.3238737872461357,-0.559775232630563,-0.1264435866502287,-0.157793681706688,1.1145957718227342,0.519442976377961,1.1785720690341945,-0.2200071895867306,0.4260897382508784,1.1150139779587322,0.9891212088601449,0.5270826800668557,-0.10618487618330075,0.0895558452214635,-1.1032741394949308
1731071887.73,-0.4742677878317513,0.6981460642082667,-0.16079260305988133,-0.016810662647048495,1.116606050397571,-0.40881180358707603,0.804308640447404,-0.1264435866502287,-0.4112940084743995,1.1160210310317311,-0.040919754261378345,1.3178888266804236,-0.2200071895867306,1.7649147846726978,1.115544205128272,-0.9291231295086987,-0.014836548275348664,-0.10618487618330075,0.9791363344932965,-1.099263083822813
1731071888.23,-0.4742677878317513,0.3011676919701226,-0.16079260305988133,-0.22022293387713418,1.113830219779044,-0.40881180358707603,-0.22908823309651027,-0.1264435866502287,-0.33631503858535805,1.1129264841268125,-0.040919754261378345,1.5658254292711702,-0.2200071895867306,-0.05755280244217113,1.114885726611775,0.8728639762317274,0.2083066633949709,-0.10618487618330075,-0.15276715544039793,-1.1182131692148722
1731071888.73,-0.4742677878317513,0.055537324147770996,-0.16079260305988133,-0.19373061711513198,1.115951291643699,-0.40881180358707603,0.11861942082532449,-0.1264435866502287,-0.22206137018300917,1.1147856230561546,-0.040919754261378345,2.106563353016703,-0.2200071895867306,-0.009508841446172853,1.1160661752053735,-0.8128658968802839,0.3995722733981016,-0.10618487618330075,-0.3281324848667449,-1.1059505562367629
1731071889.23,1.5345349014458474,-0.4431667559763976,-0.16079260305988133,-0.04117141369256776,1.1166813834016218,1.3238737872461357,-0.29960237270303625,-0.1264435866502287,-0.20777966163271552,1.1162022937317029,0.519442976377961,1.594161040995827,-0.2200071895867306,0.008107277585693174,1.1161501613661349,0.9600569007030418,-0.40192171137692306,-0.10618487618330075,-0.3376978664718184,-1.1069909644097016
1731071889.73,-0.4742677878317513,0.00839614244449134,-0.16079260305988133,0.21157137840469448,1.1174105764200992,-0.40881180358707603,0.02865310477561893,-0.1264435866502287,-0.0006948876534581689,1.116866845419516,0.039132064401382796,2.1325376637643054,-0.2200071895867306,0.0257233966175592,1.1166808982130065,-0.9000588213515957,0.4830612301454999,-0.10618487618330075,-0.4269747614525041,-1.1045818654746045
1731071890.23,-0.4742677878317513,-0.14791409162427777,-0.16079260305988133,-0.05335178921532732,1.1172961395605596,-0.16128529061090793,0.10159876643754237,-0.1264435866502287,-0.3505967471356517,1.1163494020956362,-0.040919754261378345,1.322611428634533,-0.2200071895867306,-0.0671615946413708,1.1170903786393431,0.9600569007030418,0.5832479782423781,-0.10618487618330075,-0.35682862968196527,-1.1060388228433944
1731071890.73,-0.18729597507781445,-0.3240732443049542,-0.16079260305988133,-0.20499746447368464,1.1157510932874048,-0.40881180358707603,0.34231944992188945,-0.1264435866502287,1.7345327012072151,1.1150206907154376,-0.040919754261378345,0.160851347923606,-0.2200071895867306,0.04173805028289198,1.1165842376987278,-0.9000588213515957,0.6303053902272752,-0.10618487618330075,-0.1304479316952264,-1.1195382644977254
1731071891.23,1.5345349014458474,-0.23475311055137188,-0.16079260305988133,-0.09598310354498603,1.1188035329361554,1.3238737872461357,0.4882107732457363,-0.1264435866502287,3.8196621495500827,1.1181782409162428,0.519442976377961,-0.018607526332553616,-0.2200071895867306,-0.03513228731070531,1.1179023326445698,-0.9000588213515957,-0.09073559986389255,-0.10618487618330075,-0.11450562902010399,-1.1029788378579322
1731071891.73,-0.4742677878317513,-0.35384662222281504,-0.16079260305988133,-0.06553216473808696,1.1191789608417115,-0.40881180358707603,0.3082781411463252,-0.1264435866502287,-0.37916016423623894,1.1185404781107569,-0.040919754261378345,0.049870202002033605,-0.2200071895867306,0.85207952574873,1.1182671519589233,0.9600569007030418,-0.3336125649472334,-0.10618487618330075,-0.32494402433172037,-1.1030801973862667
1731071892.23,-0.4742677878317513,-0.09581068026802131,-0.16079260305988133,-0.2281401779669279,1.1197310297826086,-0.40881180358707603,0.7629727655056476,-0.1264435866502287,-0.3755897370986655,1.1200593821505993,-0.040919754261378345,0.08056711470374513,-0.2200071895867306,1.2172136293183171,1.1181163388663593,0.9600569007030418,0.7062044418158193,-0.10618487618330075,0.20115196394732074,-1.1065523940058615
1731071892.73,-0.4742677878317513,-0.1702441250626734,-0.16079260305988133,-0.08989291578360621,1.1183655157277312,-0.40881180358707603,0.43958033213778736,-0.1264435866502287,-0.061392148992206144,1.1176282044669315,-0.040919754261378345,0.44420746517017357,-0.2200071895867306,-0.028726425844572193,1.1184417564221205,-0.9000588213515957,-0.13020310668993548,-0.10618487618330075,0.7272479522263616,-1.1130027641633984
1731071893.23,1.5345349014458474,-0.12558405818588214,-0.16079260305988133,-0.06553216473808696,1.1185547550189843,1.3238737872461357,0.76054124345025,-0.1264435866502287,-0.2095648752015022,1.1175434476857617,0.519442976377961,0.4654591739636659,-0.2200071895867306,0.20188458693621975,1.1188905715015423,0.9600569007030418,0.32974514593664106,-0.10618487618330075,0.2457904114376635,-1.1131016290069287
1731071893.73,-0.4742677878317513,-0.21738530676595305,-0.16079260305988133,-0.1264340423518851,1.1217713767995874,-1.8939708814441196,-0.9074828865523977,-0.1264435866502287,-0.35773760141079847,1.121663275570055,0.039132064401382796,0.37336843585853163,-0.2200071895867306,0.33000181625888186,1.1197965020274854,-0.9000588213515957,-0.4838926870925505,-0.10618487618330075,-0.23566712935103462,-1.099157035117718
1731071894.23,-0.4742677878317513,-0.3736955408347223,-0.16079260305988133,-0.10816347906774566,1.1186765493587323,1.3238737872461357,-1.160361180313732,-0.1264435866502287,-0.45413913412528034,1.1172329487460095,-0.040919754261378345,0.22932907625819296,-0.2200071895867306,-0.09278504050590325,1.1196211968094747,0.9600569007030418,-0.3806699769321307,-0.10618487618330075,-0.15276715544039793,-1.11548112858797
1731071894.73,-0.4742677878317513,0.010877257270979743,-0.16079260305988133,-0.2022568799810637,1.118148730278043,-0.40881180358707603,-0.47467196069165224,-0.1264435866502287,-0.468420842675574,1.1171354501444883,-0.040919754261378345,0.4040653485602431,-0.2200071895867306,0.10579666494422305,1.1193768281112908,-0.9000588213515957,0.6803987642757144,-0.10618487618330075,-0.4014670771723082,-1.1234251128746588
1731071895.23,-0.18729597507781445,0.07538624275967822,-0.16079260305988133,-0.10511838518705575,1.1193289632894408,1.3238737872461357,-0.6667622030680507,-0.1264435866502287,-0.23277265159572946,1.1181710517373382,0.519442976377961,0.0711219107955262,-0.2200071895867306,0.03533218881675887,1.120127542336527,-0.9000588213515957,0.017041053391839842,-0.10618487618330075,-0.22929020828098565,-1.1177506519486102
1731071895.73,1.5345349014458474,-0.11317848405344012,-0.16079260305988133,-0.12947913623257495,1.1221070394849564,-0.40881180358707603,-0.559775232630563,-0.1264435866502287,1.5274479272279582,1.1224405574814609,-0.040919754261378345,0.0026441824609389703,-0.2200071895867306,-0.03192935657763875,1.120515812164608,0.9600569007030418,1.1342750927752074,-0.10618487618330075,-0.3217555637966959,-1.1093275409146164
1731071896.23,-0.4742677878317513,-0.13798963231832415,-0.16079260305988133,-0.20743353957823657,1.121420634348507,-0.40881180358707603,-0.39929477697433163,-0.1264435866502287,-0.32203333003506446,1.1213427415521282,-0.040919754261378345,0.12543183326778504,-0.2200071895867306,-0.051146940976038086,1.1207115942534844,0.9600569007030418,-0.16511667042066575,-0.10618487618330075,-0.3281324848667449,-1.1144217901801212
1731071896.73,-0.4742677878317513,-0.19257415850106901,-0.16079260305988133,1.1555504814185649,1.1215452690804117,-0.40881180358707603,-0.7372763426745766,-0.1264435866502287,-0.31489247575991763,1.1203113049483808,-0.040919754261378345,0.3001681055698349,-0.2200071895867306,-0.038335218043771865,1.1216604116843845,-0.9000588213515957,-0.13020310668993548,-0.10618487618330075,-0.277117116306353,-1.1108831783895627
1731071897.23,1.5345349014458474,0.40289339985614714,-0.16079260305988133,-0.0015851932435989545,1.1206545764913667,1.3238737872461357,-0.4381991298606908,-0.1264435866502287,-0.3898714456489591,1.1200061564520247,0.519442976377961,0.9707775830533782,-0.2200071895867306,2.1396576804414846,1.1211850452510561,0.9600569007030418,-0.21065610137379218,-0.10618487618330075,-0.27074019523630405,-1.1218709233668722
1731071897.73,-0.18729597507781445,0.01832060175044495,-0.16079260305988133,-0.19890727671230482,1.123397732823055,-0.40881180358707603,-0.8588524454444487,-0.1264435866502287,-0.24705436014602308,1.1230233702906833,-0.5212306662379566,0.5056012905735964,1.8826579511731376,0.057752703948224765,1.122284162726852,-0.9000588213515957,-0.07707377057795463,-0.10618487618330075,1.3745054408363333,-1.1080779904646663
1731071898.23,-0.4742677878317513,0.19696086925760997,-0.16079260305988133,-0.09598310354498603,1.1242630373576994,-0.40881180358707603,-0.4771034827470497,-0.1264435866502287,-0.16493453598183466,1.124144712911671,-0.040919754261378345,0.8361834273612588,-0.2200071895867306,0.06415856541435788,1.1226761104228111,0.9891212088601449,-0.15145484113472782,-0.10618487618330075,-0.1304479316952264,-1.1062684903056343
1731071898.73,-0.4742677878317513,0.028245061056398565,-0.16079260305988133,-0.15993007503947404,1.1216345253187996,-0.40881180358707603,-0.6448785045694736,-0.1264435866502287,-0.4577095612628538,1.1203572193508313,0.039132064401382796,0.6590858540821536,-0.2200071895867306,-0.08637917903977015,1.1225741086004133,-0.9291231295086987,-0.5461299093951566,-0.10618487618330075,-0.2739286557713286,-1.1204077294397243
1731071899.23,1.5345349014458474,0.5567225190984278,-0.16079260305988133,-0.16997888484575072,1.1221919482426528,1.0763472742699587,-0.6278578501816915,-0.1264435866502287,-0.14351197315639438,1.1209369651016026,0.519442976377961,1.0912039328831693,-0.2200071895867306,0.09939080347808993,1.1229873700047168,0.9600569007030418,-0.20458417724670866,-0.10618487618330075,-0.3440747875418674,-1.1195029263022844
1731071899.73,-0.18729597507781445,0.11012185033051586,-0.16079260305988133,-0.09598310354498603,1.1242215972834386,-0.16128529061090793,-0.7080980780098073,-0.1264435866502287,0.01715724803440878,1.1236715002257835,-0.040919754261378345,0.9613323791451593,-0.2200071895867306,0.15063769520715484,1.1235574411495142,-0.9000588213515957,-0.1757425376430619,-0.10618487618330075,-0.3217555637966959,-1.1122738934706435
1731071900.23,-0.4742677878317513,0.2937243474906574,-0.16079260305988133,-0.23209880001182479,1.1242520852734081,-0.16128529061090793,-0.03456646866471472,-0.1264435866502287,0.5170170472946852,1.1236996066072527,-0.040919754261378345,0.9400806703516664,-0.2200071895867306,0.2211021713346191,1.1237839726211107,0.9891212088601449,0.31001139252361976,-0.10618487618330075,-0.2261017477459612,-1.114641132433863
1731071900.73,-0.4742677878317513,0.3731200219382863,-0.16079260305988133,-0.10207329130636585,1.1266706136343692,-0.40881180358707603,-0.24854040953968987,-0.1264435866502287,-0.1470824002939677,1.1266422028217726,-0.040919754261378345,1.636664458582812,-0.2200071895867306,-0.06395866390830425,1.124610245508611,-0.9000588213515957,0.07017038950382053,-0.10618487618330075,-0.11769408955512842,-1.1040830069852166
1731071901.23,-0.18729597507781445,0.7949095424413145,-0.16079260305988133,-0.013765568766358587,1.1247226893257445,1.3238737872461357,-0.406589343140524,-0.1264435866502287,-0.3505967471356517,1.124359887970439,-0.040919754261378345,0.9259128644893381,1.8169496655243917,0.16344941813942107,1.1242779887338767,0.9600569007030418,0.1612492514100734,-0.10618487618330075,-0.3855247744971857,-1.1176365585480164
1731071901.73,1.5345349014458474,0.1597441468602839,-0.16079260305988133,-0.23362134695216974,1.1253835070846179,-0.16128529061090793,-0.2947393285922414,-0.1264435866502287,-0.2791882043841836,1.1251918496472015,-0.040919754261378345,1.0203649035715274,-0.2200071895867306,2.117237165310019,1.124642269190603,-0.9000588213515957,0.17035713760069868,-0.10618487618330075,0.01940971345092463,-1.1167507278546924
1731071902.23,-0.4742677878317513,0.3929689405501935,-0.16079260305988133,-0.15688498115878413,1.1256217457537012,-0.40881180358707603,-0.3968632549189342,-0.1264435866502287,-0.1863570988072751,1.1256970140470413,-0.040919754261378345,1.4312312735790507,-0.2200071895867306,-0.08637917903977015,1.1247880684492664,0.9600569007030418,0.021594996487152487,-0.10618487618330075,1.9037898896503995,-1.1190196412354916
1731071902.73,-0.4742677878317513,0.3185354957555414,-0.16079260305988133,-0.09598310354498603,1.124772256131065,-0.40881180358707603,0.18670203837645277,-0.1264435866502287,-0.28632905865933045,1.1234081013857427,-0.040919754261378345,1.1313460494931,-0.2200071895867306,0.11220252641035616,1.1255328274652254,-0.9000588213515957,0.27509782879288935,-0.10618487618330075,-0.3313209454017694,-1.1204422806563061
1731071903.23,1.5345349014458474,0.69318383455529,-0.16079260305988133,-0.23240330939989376,1.1242173095754253,1.3238737872461357,-0.30203389475843373,-0.1264435866502287,-0.21135008877028902,1.123357010976304,-0.040919754261378345,0.09001231861196404,-0.2200071895867306,0.10579666494422305,1.125234614643447,-0.9000588213515957,0.18250098585486574,-0.10618487618330075,-0.11131716848507942,-1.128894310606763
1731071903.73,-0.4742677878317513,0.08034847241265503,-0.16079260305988133,-0.06857725861877687,1.1268975858477666,-0.40881180358707603,0.1283455090469143,-0.1264435866502287,-0.4148644356119729,1.126785283839259,0.519442976377961,0.876325543971189,-0.2200071895867306,-0.006305910713106296,1.1260277102290173,0.9309925925459387,-0.5005904784420302,-0.10618487618330075,0.08636738468643894,-1.1176828646028047
1731071904.23,-0.4742677878317513,0.19696086925760997,-0.16079260305988133,-0.0868478219029163,1.126000952104279,-0.40881180358707603,0.09430420027135002,-0.1264435866502287,-0.1506528274315412,1.1255681860511604,-0.040919754261378345,0.3214198143633275,-0.2200071895867306,-0.08317624830670359,1.126089069665416,0.9600569007030418,0.03525682577309042,-0.10618487618330075,-0.277117116306353,-1.1245456493752368
1731071904.73,-2.196098664355413,1.5566117941732533,4.2614553726044715,-0.2339258563402387,1.1279658946761726,-0.40881180358707603,0.28639444264774816,-0.1264435866502287,0.8062216454381307,1.1282232079895942,0.039132064401382796,0.19863216355648144,-0.2200071895867306,0.20508751766928623,1.1266432120967254,-0.9000588213515957,-0.3730800717732763,-0.10618487618330075,-0.2611748136312306,-1.1176637495068453
1731071905.23,-0.4742677878317513,0.9189652837657344,-0.16079260305988133,-0.10207329130636585,1.126533480410148,1.3238737872461357,0.31800422936791495,-0.1264435866502287,-0.4327165712998399,1.1256820285449802,0.519442976377961,0.4111492514914073,-0.2200071895867306,0.08017321907969059,1.1269685213115728,0.9600569007030418,0.21134262545851265,-0.10618487618330075,-0.3823363139621612,-1.1243501372816054
1731071905.73,1.5345349014458474,0.7304005569526161,-0.16079260305988133,-0.05030669533463748,1.1288531827532038,-0.40881180358707603,0.8480760374445581,-0.1264435866502287,-0.26133606869631665,1.1285834407905848,-0.040919754261378345,0.9188289615581742,-0.2200071895867306,0.05454977321515821,1.1277226766405255,-0.9000588213515957,0.684952707371027,-0.10618487618330075,-0.277117116306353,-1.1146918283391907
1731071906.23,-0.4742677878317513,0.4004122850296587,-0.16079260305988133,-0.22052744326520315,1.1298792235290689,-0.40881180358707603,-0.007819726055342792,-0.1264435866502287,-0.3398854657229315,1.1299895356299243,-0.040919754261378345,0.7984026117283831,-0.2200071895867306,2.2581661175649472,1.128102332783486,0.9600569007030418,0.1263356876793433,-0.10618487618330075,-0.15276715544039793,-1.1124183722832544
1731071906.73,-0.4742677878317513,0.42026120364156594,-0.16079260305988133,-0.20499746447368464,1.1265912532881268,-1.8939708814441196,-0.5816589311291399,3.6343820078787594,-0.3398854657229315,1.1252438968338925,0.039132064401382796,0.9542484762139949,-0.2200071895867306,0.17305821033862065,1.1279259219897124,-0.9000588213515957,0.24170224609392993,-0.10618487618330075,1.5945092177530236,-1.1294241659278534
1731071907.23,-0.4742677878317513,0.8718241020624548,4.12326012336496,0.21766156616607416,1.129230658810414,1.3238737872461357,-0.1293958288252152,-0.1264435866502287,0.5277283287074053,1.1285505075092472,-0.040919754261378345,1.7523682064584938,1.8169496655243917,-0.06395866390830425,1.1287513997374432,0.9600569007030418,-0.136275030817019,-0.10618487618330075,-0.34726324807689185,-1.118104617963306
1731071907.73,-0.4742677878317513,0.8891919058478736,-0.16079260305988133,1.0794231344013174,1.1286853150522622,-0.40881180358707603,-0.2923078065368439,-0.1264435866502287,1.0311585551052551,1.1284427379241238,-0.040919754261378345,1.079397427997896,-0.2200071895867306,-0.02232056437843908,1.128496382356674,-0.9000588213515957,0.5817299972106074,-0.10618487618330075,-0.3313209454017694,-1.1261888013661105
1731071908.23,-0.4742677878317513,0.5195057967011021,-0.16079260305988133,-0.05639688309601723,1.1311847810348366,-0.40881180358707603,-0.1002175641604458,-0.1264435866502287,-0.34702631999807826,1.1313990962657503,-0.040919754261378345,1.128984748516045,-0.2200071895867306,0.04173805028289198,1.1293934172457227,-0.9000588213515957,-0.010282605180036021,-0.10618487618330075,-0.21334790560586323,-1.1148030130954316
1731071908.73,-0.4742677878317513,0.9685875802955024,-0.16079260305988133,0.06540687213157895,1.1296621423322395,-0.40881180358707603,0.009200928332439344,-0.1264435866502287,-0.16850496311940816,1.1289247568879204,-0.040919754261378345,1.2257980885752888,-0.2200071895867306,-0.10559676343816948,1.1295908123494969,0.9600569007030418,0.5027949835585215,-0.10618487618330075,-0.12088255009015297,-1.122790920510699
1731071909.23,1.5345349014458474,0.9809931544279444,-0.16079260305988133,-0.20804255835437455,1.1318462927936213,1.3238737872461357,-0.21206757870872814,-0.1264435866502287,-0.24705436014602308,1.1319930612891722,0.519442976377961,1.8940462650817775,-0.2200071895867306,0.2467256171991514,1.1301133669670835,-0.9000588213515957,0.5726221110199821,-0.10618487618330075,-0.37277093235708775,-1.1153906994751588
1731071909.73,-0.4742677878317513,0.4649212705183572,-0.16079260305988133,-0.07771254026084659,1.1302999314946711,-0.40881180358707603,-0.36525346819876736,-0.1264435866502287,1.8130820982338303,1.129587494929227,0.039132064401382796,1.3155275257033685,-0.2200071895867306,0.26594320159755075,1.130246710419297,0.9600569007030418,-0.2531595702633767,-0.10618487618330075,-0.2675517347012796,-1.1239554832566878
1731071910.23,-2.196098664355413,-0.22234753641892985,4.2614553726044715,-0.1233889484711952,1.1307851948747993,-0.40881180358707603,-0.3263491153124082,-0.1264435866502287,-0.4220052898871197,1.1304401697603452,-0.040919754261378345,1.523322011684185,-0.2200071895867306,-0.0671615946413708,1.1304272651694816,-0.9000588213515957,0.548334414511648,-0.10618487618330075,-0.04117103671454069,-1.1250970503288795
1731071910.73,-0.4742677878317513,0.03320729070937537,-0.16079260305988133,-0.24701976002720533,1.1294868022102238,-0.40881180358707603,0.006769406277041896,-0.1264435866502287,-0.12923026460610076,1.128067352088779,-0.040919754261378345,1.9554400904852007,-0.2200071895867306,0.16665234887248756,1.1307832776617741,0.9600569007030418,0.18250098585486574,-0.10618487618330075,-0.3759593928921122,-1.1310823199231945
1731071911.23,1.5345349014458474,-0.2893376367341167,-0.16079260305988133,-0.09902819742567594,1.1334574454421278,1.3238737872461357,-0.23151975515190773,-0.1264435866502287,-0.011406169066178464,1.1333258272906261,0.519442976377961,2.1042020520396485,-0.2200071895867306,2.142860611174551,1.1317485089275574,0.9600569007030418,0.5619962437975857,-0.10618487618330075,0.1565135164569778,-1.1140585657993056
1731071911.73,-0.4742677878317513,0.04809397966830579,-0.16079260305988133,-0.05335178921532732,1.130715821315208,-0.40881180358707603,-0.1293958288252152,-0.1264435866502287,-0.41843486274954633,1.1291025002226982,-1.0015415782145318,0.10181882349723771,1.9483662368218837,-0.038335218043771865,1.1317950948136324,-0.9000588213515957,0.36921265276268395,-0.10618487618330075,-0.30262480058654895,-1.1274465337344102
1731071912.23,-0.18729597507781445,-0.4382045263234208,-0.16079260305988133,-0.22265900898168609,1.1316649050192604,-0.16128529061090793,0.4468748983039794,-0.1264435866502287,-0.18992752594484857,1.130836105323961,0.519442976377961,-0.22876331329042449,-0.2200071895867306,0.060955634681291324,1.1319050064589649,0.9600569007030418,-0.15904474629358223,-0.10618487618330075,-0.28349403737640194,-1.127521098376186
1731071912.73,-2.196098664355413,-0.3712144260082339,4.2614553726044715,-0.09598310354498603,1.1333366928894917,-0.40881180358707603,0.2839629205923507,-0.1264435866502287,-0.11137812891823366,1.1329710411856795,-0.5212306662379566,0.06876060981847146,1.8826579511731376,0.11540545714342279,1.1324820161064348,-0.9000588213515957,0.8048732088809264,-0.10618487618330075,-0.20059406346576525,-1.121480601722979
1731071913.23,-0.4742677878317513,-0.5324868897299799,-0.16079260305988133,-0.10511838518705575,1.1330281691037711,1.3238737872461357,0.20129117070883745,-0.1264435866502287,-0.27204735010903686,1.1322703799093354,0.519442976377961,0.021534590277376826,-0.2200071895867306,0.03212925808369231,1.1328107024635825,0.9600569007030418,0.19009089101372031,-0.10618487618330075,-0.3345094059367939,-1.124237435682484
1731071913.73,1.5345349014458474,0.055537324147770996,-0.16079260305988133,1.511826465459284,1.1340734093515763,-0.40881180358707603,0.42255967775000497,-0.1264435866502287,-0.20063880735756873,1.1341881310648858,-0.040919754261378345,0.059315405910252535,-0.2200071895867306,0.26274027086448426,1.1329050758458752,-0.9000588213515957,0.8382687915798858,-0.10618487618330075,-0.28030557684137747,-1.1240974859175528
1731071914.23,-0.18729597507781445,-0.5101568562915844,-0.16079260305988133,-0.20682452080209857,1.1337096043837855,-0.16128529061090793,0.4760531629687488,-0.1264435866502287,2.6414211941508596,1.1324025299495142,-0.040919754261378345,0.807847815636602,-0.2200071895867306,-0.028726425844572193,1.133824476565477,0.9600569007030418,-0.3169147735977537,-0.10618487618330075,-0.2516094320261571,-1.122489749318596
1731071914.73,-0.4742677878317513,-0.43076118184395557,-0.16079260305988133,-0.1416595117553346,1.1325895299594568,-0.40881180358707603,-0.37984260053115204,-0.1264435866502287,-0.22920222445815597,1.1318567606390053,-0.040919754261378345,0.6472793491968802,-0.2200071895867306,0.07376735761355747,1.1332688864325902,-0.9000588213515957,-0.17877849970660367,-0.10618487618330075,-0.30262480058654895,-1.1348881158498527
1731071915.23,1.5345349014458474,-0.1702441250626734,-0.16079260305988133,-0.047261601453947574,1.1358766143723007,-0.40881180358707603,-0.7664546073393457,-0.1264435866502287,-0.3934418727865325,1.1359499419840824,0.519442976377961,0.5386595042523625,-0.2200071895867306,0.060955634681291324,1.1342591860688256,0.9600569007030418,0.8018372468173847,-0.10618487618330075,-0.2994363400515244,-1.12004582865109
1731071915.73,-0.4742677878317513,-0.3736955408347223,-0.16079260305988133,-0.22326802775782403,1.1362330595525396,1.3238737872461357,-1.099573128928796,-0.1264435866502287,-0.1363711188812476,1.1361858434557581,-0.5212306662379566,0.3214198143633275,1.8826579511731376,2.8507083031822598,1.134680521544263,-0.9000588213515957,-0.10287944811805962,-0.10618487618330075,-0.2484209714911326,-1.1197771502470812
1731071916.23,-0.4742677878317513,-0.20994196228648784,-0.16079260305988133,-0.10207329130636585,1.1341297585808539,-0.40881180358707603,-0.37497955642035713,-0.1264435866502287,-0.1934979530824219,1.1325898725899715,-0.040919754261378345,0.20099346453353617,-0.2200071895867306,-0.047944010242971534,1.1349774346623465,0.9600569007030418,-0.46719489574307077,-0.10618487618330075,2.4745243254197833,-1.129017056101593
1731071916.73,-2.196098664355413,-0.04370726891176512,4.2614553726044715,-0.15079479339740431,1.1338824926469993,-0.16128529061090793,-0.8296741807796794,-0.1264435866502287,-0.44342785271256013,1.1326414254769426,-0.040919754261378345,0.5764403198852383,-0.2200071895867306,-0.038335218043771865,1.134919008884337,-0.9000588213515957,-0.8360642864633946,-0.10618487618330075,-0.2452325109561081,-1.1345468966296002
1731071917.23,1.5345349014458474,0.3259788402350066,-0.16079260305988133,-0.24671525063913632,1.1368883797066562,1.3238737872461357,-1.072826386319424,-0.1264435866502287,-0.3291741843102112,1.1372509155630854,0.519442976377961,0.0026441824609389703,-0.2200071895867306,0.11540545714342279,1.1353280465377702,0.9600569007030418,-0.4231734458217154,-0.10618487618330075,-0.4078439982423572,-1.1251649098481278
1731071917.73,-0.18729597507781445,0.18207418029867956,-0.16079260305988133,-0.0838027280222264,1.1345440364263202,-0.40881180358707603,0.12591398699151685,-0.1264435866502287,-0.2506247872835964,1.1331573859263662,-0.040919754261378345,0.4347622612619546,-0.2200071895867306,0.17626114107168728,1.1356852977537775,-0.9000588213515957,-0.06492992232378758,-0.10618487618330075,-0.17827483972059374,-1.1347774545003275
1731071918.23,-0.4742677878317513,0.6956649493817784,-0.16079260305988133,0.016685370040540493,1.1371170603131946,-0.40881180358707603,-0.7713176514501406,-0.1264435866502287,-0.3398854657229315,1.1361204688572089,-0.5212306662379566,0.7417313882790695,1.8826579511731376,-0.047944010242971534,1.1366499407246347,0.9600569007030418,-0.1438649359758734,-0.10618487618330075,-0.04754795778458968,-1.1226149975160038
1731071918.73,-0.4742677878317513,0.7725795090029188,-0.16079260305988133,0.23288703556952375,1.138608409493099,-0.40881180358707603,-0.7761806955609355,-0.1264435866502287,0.9454683038034933,1.1383504716466524,-0.040919754261378345,0.3544780280420938,-0.2200071895867306,0.18586993327088688,1.1369943536532932,-0.9000588213515957,0.7957653226903014,-0.10618487618330075,-0.3376978664718184,-1.1189949717020269
1731071919.23,1.5345349014458474,-0.023858350299857896,-0.16079260305988133,-0.16602026280085386,1.1363205103008702,1.3238737872461357,-0.7251187323975894,-0.1264435866502287,-0.35773760141079847,1.1350776339172124,0.43939115771519704,0.37336843585853163,-0.2200071895867306,0.3235959547927488,1.136919097461471,0.9600569007030418,-0.32146871669306637,-0.10618487618330075,-0.3823363139621612,-1.1317472140159686
1731071919.73,-0.4742677878317513,0.06794289828021301,-0.16079260305988133,-0.10511838518705575,1.138199154776948,-0.40881180358707603,-0.717824166231397,-0.1264435866502287,-0.31489247575991763,1.137347366229154,0.039132064401382796,0.5882468247705119,-0.2200071895867306,-0.10239383270510292,1.1376178917420265,-0.9000588213515957,-0.08466367573680904,-0.10618487618330075,-0.108128707950055,-1.1240483157643337
1731071920.23,-0.4742677878317513,0.25154539544035454,-0.16079260305988133,-0.20438844569754666,1.137372171921489,-0.40881180358707603,-0.7494339529515639,-0.1264435866502287,-0.1863570988072751,1.1358253804131568,-0.040919754261378345,1.067590923112622,-0.2200071895867306,0.8072384954857984,1.1379283944047573,0.9891212088601449,-0.17422455661129102,-0.10618487618330075,-0.29624787951649995,-1.1287482767186308
1731071920.73,-0.4742677878317513,0.2887621178376806,-0.16079260305988133,-0.13556932399395477,1.1387420759232654,-1.8939708814441196,-0.7299817765083843,3.6343820078787594,-0.3898714456489591,1.1388975819548206,-0.040919754261378345,1.0557844182273486,-0.2200071895867306,0.17626114107168728,1.1376540634691974,-0.9000588213515957,-0.028498377561286595,-0.10618487618330075,0.8930479000476353,-1.1303207685773973
1731071921.23,-3.9179295408790646,0.2887621178376806,4.399650621843983,-0.09902819742567594,1.1393722276369376,1.3238737872461357,-0.05158712305249685,-0.1264435866502287,-0.3648784556859453,1.138669406198802,0.519442976377961,1.0321714084568012,-0.2200071895867306,-0.03513228731070531,1.138618128546016,-0.9000588213515957,0.09445808601215462,-0.10618487618330075,-0.277117116306353,-1.12491631083357
1731071921.73,-0.4742677878317513,0.16222526168677232,8.26911760055029,-0.19464414527933896,1.1375924728285187,-0.40881180358707603,-0.4430621739714857,-0.1264435866502287,-0.14351197315639438,1.1366154694279949,-0.040919754261378345,0.9943905928239255,-0.2200071895867306,0.09939080347808993,1.1383148331654203,0.9600569007030418,0.13240761180642682,-0.10618487618330075,-0.2452325109561081,-1.1376605409685663
1731071922.23,-2.196098664355413,0.8197206907061986,4.2614553726044715,-0.09293800966429612,1.139250639619864,-0.40881180358707603,-0.4819665268578446,-0.1264435866502287,-0.2506247872835964,1.1382835094718828,-0.040919754261378345,1.0770361270208408,-0.2200071895867306,-0.03513228731070531,1.1391558038965879,0.9600569007030418,1.4166195646845912,-0.10618487618330075,0.016221252915900205,-1.1296318835399106
1731071922.73,-0.4742677878317513,0.34086552919393703,-0.16079260305988133,-0.21321921795154739,1.1374852074573156,-0.40881180358707603,0.23290095742900427,-0.1264435866502287,-0.20777966163271552,1.1362192222492211,-0.040919754261378345,1.969607896347529,-0.2200071895867306,0.05454977321515821,1.1388726687126065,-0.9000588213515957,0.634859333322588,-0.10618487618330075,-0.3185671032616714,-1.1421708779625797
1731071923.23,1.5345349014458474,0.020801716576933353,-0.16079260305988133,-0.15779850932299114,1.1412798583753345,1.3238737872461357,-0.30446541681383116,-0.1264435866502287,0.267087147664547,1.1411813297253197,0.519442976377961,1.7405617015732202,-0.2200071895867306,0.15384062594022133,1.139842068718002,0.9600569007030418,0.2857236960152857,-0.10618487618330075,-0.29624787951649995,-1.1257248591048017
1731071923.73,-0.4742677878317513,0.04561286484181738,-0.16079260305988133,-0.10207329130636585,1.1422806426625005,-0.40881180358707603,-0.3871371666973444,-0.1264435866502287,0.13855177071190442,1.1423844845117277,-0.040919754261378345,2.2671318194564245,-0.2200071895867306,-0.060755733175237685,1.1403176644704334,-0.9000588213515957,0.06106250331319523,-0.10618487618330075,-0.2739286557713286,-1.1227982031416261
1731071924.23,-0.4742677878317513,0.4227423184680543,-0.16079260305988133,-0.09598310354498603,1.1401515953822174,-0.40881180358707603,-0.24124584337349753,-0.1264435866502287,-0.03996958616676571,1.1397605721281319,-0.040919754261378345,0.935358068397557,-0.2200071895867306,-0.03192935657763875,1.1400120767931423,0.9600569007030418,0.004897205137672792,-0.10618487618330075,-0.35364016914694085,-1.136774195661707
1731071924.73,-0.4742677878317513,0.0009527979650261315,-0.16079260305988133,-0.21991842448906518,1.1398067671064416,-0.16128529061090793,0.10889333260373471,-0.1264435866502287,-0.3720193099610921,1.1383173320249942,-0.040919754261378345,0.17974175574004359,-0.2200071895867306,0.07056442688049099,1.1407462397334054,-0.9291231295086987,0.12178174458403049,-0.10618487618330075,-0.2452325109561081,-1.1365327366730453
1731071925.23,1.5345349014458474,0.3433466440204255,-0.16079260305988133,1.2377680161971925,1.140708340216435,1.3238737872461357,-0.2752871521490618,-0.1264435866502287,-0.31489247575991763,1.139977844539439,0.519442976377961,0.14196094010716814,-0.2200071895867306,0.1826670025378204,1.1408534579294636,-0.87099451319449,0.180983004823095,-0.10618487618330075,-0.1814633002556183,-1.136790324622042
1731071925.73,-0.4742677878317513,0.1274896541159347,-0.16079260305988133,-0.016810662647048495,1.1421214044636097,-0.40881180358707603,0.3787922807528509,-0.1264435866502287,-0.036399159029192225,1.141583908693671,-0.040919754261378345,0.6236663394263329,-0.2200071895867306,0.2947695781951498,1.141492037616671,0.9600569007030418,0.4010902544298727,-0.10618487618330075,1.7061053364788807,-1.1311740336131422
1731071926.23,-0.4742677878317513,0.1448574579013535,-0.16079260305988133,-0.17241495995030265,1.142969395238337,-0.40881180358707603,0.3787922807528509,-0.1264435866502287,-0.3898714456489591,1.1425120723677946,-0.040919754261378345,0.448930067124283,-0.2200071895867306,0.2755519937967505,1.141981833633333,0.9600569007030418,0.13088963077465576,-0.10618487618330075,-0.03798257617951613,-1.1286691519753258
1731071926.73,-2.196098664355413,0.5418358301394977,4.2614553726044715,-0.1416595117553346,1.1407228062476662,-0.40881180358707603,0.18427051632105532,-0.1264435866502287,-0.27561777724661024,1.1395962450189279,-0.040919754261378345,1.0203649035715274,-0.2200071895867306,0.003302881486093374,1.141734960049007,-0.9000588213515957,0.10660193426632167,-0.10618487618330075,-0.29624787951649995,-1.1426013093384753
1731071927.23,1.5345349014458474,0.27387542887875016,-0.16079260305988133,-0.06248707085739705,1.142301281003834,1.3238737872461357,0.32773031758950477,-0.1264435866502287,-0.34702631999807826,1.1417226571328432,0.519442976377961,1.2376045934605626,-0.2200071895867306,0.33000181625888186,1.1422259441520257,0.9600569007030418,0.243220227125701,-0.10618487618330075,0.03854047666107159,-1.1375473581756517
1731071927.73,-0.4742677878317513,0.45995904086538036,-0.16079260305988133,-0.20804255835437455,1.1437531651467816,-0.40881180358707603,-0.1537110493791894,-0.1264435866502287,0.3527773989663086,1.1436535837438113,-0.040919754261378345,0.6968666697150293,-0.2200071895867306,0.38445163872101323,1.1427095023955938,-0.9000588213515957,-0.5749715489988033,-0.10618487618330075,0.2585442535777615,-1.132990746030399
1731071928.23,-0.4742677878317513,0.7775417386558957,-0.16079260305988133,-0.11120857294843557,1.1446449706792967,-0.40881180358707603,-0.6618991589572557,-0.1264435866502287,2.8199425510295297,1.1443924305703306,0.039132064401382796,1.192739874896523,-0.2200071895867306,9.995075302681723e-05,1.1433544346812001,0.9600569007030418,0.14758742212413564,-0.10618487618330075,-0.2739286557713286,-1.1291379650108782
1731071928.73,-0.18729597507781445,0.42026120364156594,-0.16079260305988133,-0.10511838518705575,1.1439757521572624,-0.16128529061090793,-0.5573437105751655,-0.1264435866502287,-0.3505967471356517,1.1426892797190853,-0.040919754261378345,0.8952159517876268,-0.2200071895867306,0.44530732264927775,1.1439263172762517,-0.9000588213515957,-0.002692700021181614,-0.10618487618330075,0.16926735859707578,-1.1312763910237165
1731071929.23,1.5345349014458474,1.256396900168157,-0.16079260305988133,-0.15383988727809422,1.1435233664880997,1.3238737872461357,-0.06617625538488155,-0.1264435866502287,-0.300610767209624,1.1424318745242257,0.519442976377961,1.52096071070713,-0.2200071895867306,0.4068721538524791,1.143851461574458,0.9600569007030418,0.5134208507809175,-0.10618487618330075,0.09912122682653692,-1.137644098636155
1731071929.73,-0.4742677878317513,0.9214463985922228,-0.16079260305988133,-0.2126101991754094,1.1434645695376402,-0.40881180358707603,-0.49655565919022926,-0.1264435866502287,-0.21135008877028902,1.1425449628719533,-0.040919754261378345,1.572909332202334,-0.2200071895867306,2.0916137194454865,1.1439405975325485,-0.9000588213515957,0.5574423007022733,-0.10618487618330075,2.0026321662361584,-1.1413795979076404
1731071930.23,-0.4742677878317513,0.5368736004865209,-0.16079260305988133,-0.1416595117553346,1.143963632166065,-0.40881180358707603,0.5927662216278263,-0.1264435866502287,-0.3613080285483719,1.1433306741068179,-0.040919754261378345,1.5988836429499365,-0.2200071895867306,3.651440986448898,1.1441745950819184,0.9600569007030418,0.2492921512527845,-0.10618487618330075,3.303524064526151,-1.1420589983042986
1731071930.73,-0.18729597507781445,0.2763565437052386,-0.16079260305988133,1.481375526652385,1.1465517371209526,-0.40881180358707603,-0.1099436523820356,-0.1264435866502287,-0.4327165712998399,1.146546154270095,-0.040919754261378345,1.9507174885310912,-0.2200071895867306,0.10259373421115656,1.1450038922012635,-0.9000588213515957,0.7760315692772798,-0.10618487618330075,-0.17189791865054474,-1.1308871595375254
1731071931.23,-0.4742677878317513,-0.4704590190677699,-0.16079260305988133,-0.25067387268403324,1.1451927204795087,1.3238737872461357,0.269373788259966,-0.1264435866502287,-0.3398854657229315,1.1436630603332447,0.519442976377961,1.7405617015732202,-0.2200071895867306,0.3460164699242146,1.1456033056481092,0.9600569007030418,-0.10591541018160137,-0.10618487618330075,0.016221252915900205,-1.1352129663165575
1731071931.73,1.5345349014458474,0.03568840553586377,-0.16079260305988133,-0.11120857294843557,1.1469618469784606,-0.40881180358707603,0.23533247948440172,-0.1264435866502287,-0.22563179732058264,1.1468827432722333,-0.040919754261378345,1.9412722846228723,-0.2200071895867306,0.4100750845855457,1.1456313461203247,-0.9000588213515957,0.4860971922090417,-0.10618487618330075,0.10868660843161046,-1.133061974355329
1731071932.23,-0.4742677878317513,-0.2421964550308371,-0.16079260305988133,-0.1477496995167144,1.1465450821239813,-0.40881180358707603,0.11132485465913215,-0.1264435866502287,-0.3041811943471974,1.145500676267224,-0.040919754261378345,1.9861370031869119,-0.2200071895867306,0.24031975573301828,1.1462588031396368,0.9600569007030418,0.8534486018975946,-0.10618487618330075,-0.06667872099473665,-1.1338951226473186
1731071932.73,-0.4742677878317513,0.023282831403421758,-0.16079260305988133,-0.24306113798230844,1.147149554938686,-0.40881180358707603,-0.039429512775509615,-0.1264435866502287,0.4099042331674831,1.1465433323044332,-0.040919754261378345,1.9105753719211604,-0.2200071895867306,0.1378259722748886,1.1464431195267204,-0.87099451319449,-0.026980396529515716,-0.10618487618330075,-0.044359497249565116,-1.1345903767235643
1731071933.23,1.5345349014458474,-0.04618838373825352,-0.16079260305988133,-0.1203438545905053,1.144971905355631,1.3238737872461357,0.2183118250966196,-0.1264435866502287,-0.043540013304339036,1.1436832038631866,-0.040919754261378345,0.3804523387896958,-0.2200071895867306,-0.009508841446172853,1.1462305198462799,0.9600569007030418,0.7107583849111321,-0.10618487618330075,-0.11769408955512842,-1.1480188918648917
1731071933.73,-0.18729597507781445,0.45251569638591516,-0.16079260305988133,0.02277555780192031,1.1465545438705682,-0.40881180358707603,0.052968325329593405,-0.1264435866502287,-0.029258304754045415,1.1455699831428292,0.519442976377961,0.19627086257942672,-0.2200071895867306,0.18586993327088688,1.1468677848011555,-0.9000588213515957,0.33278110800018285,-0.10618487618330075,0.02897509505599818,-1.1418230830515543
1731071934.23,-0.4742677878317513,-0.018896120646881093,-0.16079260305988133,-0.21870038693678923,1.1479885948008455,-0.40881180358707603,0.25964770003837623,-0.1264435866502287,-0.4041531541992527,1.1467485056860423,-0.040919754261378345,0.026257192231486287,-0.2200071895867306,0.5253805909759416,1.1477804568610086,0.9600569007030418,0.789693398563218,-0.10618487618330075,0.34463268802342273,-1.1340229606909982
1731071934.73,-0.4742677878317513,0.1423763430748651,-0.16079260305988133,-0.1203438545905053,1.1497410019987528,-0.40881180358707603,0.6219444862925957,-0.1264435866502287,-0.12208941033095395,1.1496160447564083,-0.040919754261378345,1.2635789042081644,-0.2200071895867306,1.6720297934137678,1.148001266628568,-0.9000588213515957,-0.13323906875347724,-0.10618487618330075,1.3840708224414071,-1.1304442372533499
1731071935.23,-0.4742677878317513,0.34582775884691386,-0.16079260305988133,0.9758899424578606,1.1485533753660229,1.3238737872461357,0.24505856770599152,-0.1264435866502287,0.02429810230955559,1.1478216708245643,0.519442976377961,0.422955756376681,-0.2200071895867306,0.11220252641035616,1.1481216263485934,0.9600569007030418,-0.2349437978821263,-0.10618487618330075,-0.3313209454017694,-1.1378648701581986
1731071935.73,1.5345349014458474,-0.316629899825489,-0.16079260305988133,-0.22144097142941013,1.1473053123137604,-0.16128529061090793,0.8091716845581989,-0.1264435866502287,-0.4041531541992527,1.1460247173589533,-0.040919754261378345,0.552827310114691,-0.2200071895867306,0.26594320159755075,1.1481845995723468,-0.9000588213515957,0.8200530191986352,-0.10618487618330075,0.27129809571785946,-1.145937810780177
1731071936.23,-0.4742677878317513,0.0604995538007478,-0.16079260305988133,-0.028991038169808126,1.1481566985931713,-0.40881180358707603,-0.38470564464194695,-0.1264435866502287,-0.16136410884426133,1.1463535419786535,-0.040919754261378345,1.3792826520838466,-0.2200071895867306,0.20508751766928623,1.1490332537884178,0.9600569007030418,0.08231423775798757,-0.10618487618330075,-0.03160565510946714,-1.1406578093478883
1731071936.73,-0.18729597507781445,0.37063890711179787,-0.16079260305988133,0.13848912526813667,1.1506669701331766,-0.40881180358707603,-0.4114523872513189,-0.1264435866502287,-0.21135008877028902,1.1500847162225876,-0.040919754261378345,0.26710989189106865,-0.2200071895867306,0.09939080347808993,1.149480616853807,-0.9000588213515957,0.760851758959571,-0.10618487618330075,0.06404816094126754,-1.1326977213729628
1731071937.23,1.5345349014458474,-0.4034689187525831,-0.16079260305988133,-0.1961666922196839,1.1495492789686925,1.3238737872461357,-0.8150850484472947,-0.1264435866502287,0.3599182532414554,1.1487719596621013,-0.040919754261378345,-0.24529242012980762,-0.2200071895867306,0.11220252641035616,1.149383403804344,0.9600569007030418,0.1991987772043456,-0.10618487618330075,-0.12088255009015297,-1.1415507278756296
1731071937.73,-0.4742677878317513,-0.3885822297936527,-0.16079260305988133,-0.06553216473808696,1.148733772694916,-0.16128529061090793,-0.8758730998322308,-0.1264435866502287,-0.3720193099610921,1.1477946351738129,0.519442976377961,-0.26890542990035493,-0.2200071895867306,0.26914613233061735,1.1493818264598117,-0.9000588213515957,0.04588269299548642,-0.10618487618330075,-0.15914407651044676,-1.1486161909668047
1731071938.23,-0.18729597507781445,0.8817485613684083,-0.16079260305988133,-0.16602026280085386,1.1521058092567482,-0.16128529061090793,-0.7956328720041151,-0.1264435866502287,-0.3434558928605049,1.1518086036157713,0.039132064401382796,-0.05638834196542933,-0.2200071895867306,0.29156664746208316,1.1505015971084236,-0.9000588213515957,-0.06492992232378758,-0.10618487618330075,-0.0029095102942467603,-1.1324804699052886
1731071938.73,-0.4742677878317513,-0.09581068026802131,-0.16079260305988133,-0.07771254026084659,1.1519840775702115,-0.40881180358707603,-0.9731339820481288,-0.1264435866502287,-0.08995556609279323,1.1518443639096958,-0.040919754261378345,0.059315405910252535,-0.2200071895867306,0.5862362749042062,1.1505753485821306,0.9600569007030418,0.020077015455381604,-0.10618487618330075,0.3255019248132758,-1.1365524193166547
1731071939.23,-0.18729597507781445,0.41778008881507755,-0.16079260305988133,-0.13556932399395477,1.1527083030783054,1.3238737872461357,-0.5889534972953323,-0.1264435866502287,-0.16136410884426133,1.1528173387182035,0.519442976377961,0.9141063596040647,-0.2200071895867306,1.4926656723620408,1.1509178333273657,0.9600569007030418,0.9111318811048881,-0.10618487618330075,1.2310247167602313,-1.1356123736577988
1731071939.73,1.5345349014458474,-0.05115061339123033,-0.16079260305988133,0.010595182279160677,1.1511086644510984,-0.40881180358707603,-0.265561063927472,-0.1264435866502287,-0.28632905865933045,1.1497107085897542,-0.040919754261378345,0.6614471550592086,-0.2200071895867306,-0.01271177217923941,1.1514150201796889,-0.9000588213515957,0.32215524077778684,-0.10618487618330075,-0.2611748136312306,-1.141565457234044
1731071940.23,-0.4742677878317513,0.21432867304302877,-0.16079260305988133,-0.21291470856347838,1.1533225509046907,-0.16128529061090793,-0.652173070735666,-0.1264435866502287,-0.45056870698770696,1.1528675591288702,-0.040919754261378345,0.2647485909140139,-0.2200071895867306,0.2851607859959501,1.1519141894007185,0.9600569007030418,0.2675079236340351,-0.10618487618330075,-0.08899794473990803,-1.1342367900494286
1731071940.73,-0.18729597507781445,0.07290512793318982,-0.16079260305988133,0.044091214966749594,1.152137205895616,-0.40881180358707603,-0.5160078356334089,-0.1264435866502287,-0.3720193099610921,1.1513153811583374,-0.040919754261378345,0.3001681055698349,-0.2200071895867306,0.33000181625888186,1.151893101381921,-0.9000588213515957,0.117227801488718,-0.10618487618330075,0.07999046361639009,-1.1427389035168214
1731071941.23,-0.4742677878317513,0.04561286484181738,-0.16079260305988133,-0.02290085040842831,1.1513328936859606,1.3238737872461357,-0.69594046773282,-0.1264435866502287,-0.1470824002939677,1.1499297785965163,0.519442976377961,0.8196543205218754,-0.2200071895867306,0.0257233966175592,1.152144648000225,0.9600569007030418,-0.036088282720141,-0.10618487618330075,-0.3376978664718184,-1.1478166691460592
1731071941.73,1.5345349014458474,0.2192909026960056,-0.16079260305988133,-0.19738472977195987,1.1546425703841652,-0.40881180358707603,-0.69594046773282,-0.1264435866502287,0.07071365509800978,1.1542937907638715,-0.040919754261378345,0.8432673302924227,-0.2200071895867306,0.09618787274502344,1.1529959210772227,-0.9000588213515957,-0.03457030168837012,-0.10618487618330075,-0.32494402433172037,-1.1339649451078426
1731071942.23,-0.4742677878317513,0.04809397966830579,-0.16079260305988133,-0.03203613205049803,1.1543390285034705,-0.40881180358707603,-0.7591600411731536,-0.1264435866502287,2.47361111868491,1.1544398126265991,-0.040919754261378345,0.6283889413804424,-0.2200071895867306,0.31719009332661563,1.1528270874925892,0.9600569007030418,-0.553719814554011,-0.10618487618330075,-0.22929020828098565,-1.1405364998714778
1731071942.73,-0.4742677878317513,0.18207418029867956,-0.16079260305988133,-0.1264340423518851,1.1528342462254775,-0.40881180358707603,-0.3336436814786005,-0.1264435866502287,0.13855177071190442,1.1517577576042286,-0.040919754261378345,1.0132810006403634,-0.2200071895867306,-0.10559676343816948,1.153164847574841,-0.9000588213515957,1.169188656505938,-0.10618487618330075,-0.17827483972059374,-1.147387657706564
1731071943.23,-0.4742677878317513,0.09027293171860863,-0.16079260305988133,-0.22722664980272092,1.152976223678234,1.3238737872461357,-0.5840904531845375,-0.1264435866502287,-0.057821721854632656,1.1521182699435666,0.519442976377961,0.755899194141398,-0.2200071895867306,0.11540545714342279,1.1533030945946539,0.9600569007030418,0.8306788864210316,-0.10618487618330075,-0.09856332634498144,-1.1500452806140193
1731071943.73,1.5345349014458474,-0.06603730235016074,-0.16079260305988133,-0.0046302871242888625,1.1552623187349138,-0.40881180358707603,-0.5913850193507297,-0.1264435866502287,-0.3505967471356517,1.1547077864531878,-0.040919754261378345,1.0487005152961841,-0.2200071895867306,0.28836371672901673,1.154209137076179,-0.9000588213515957,0.4891331542725834,-0.10618487618330075,-0.12725947116020198,-1.1393330574075917
1731071944.23,-0.4742677878317513,-0.056112843044207134,-0.16079260305988133,0.08063234153502849,1.1538360198836741,-0.40881180358707603,-0.09049147593885602,-0.1264435866502287,-0.3434558928605049,1.1521906544890337,-0.040919754261378345,1.6697226722615783,-0.2200071895867306,2.347848178090811,1.1545255136019679,0.9891212088601449,0.1946448341090328,-0.10618487618330075,-0.29624787951649995,-1.1460764084531918
1731071944.73,-0.4742677878317513,0.005915027618002938,-0.16079260305988133,0.31205947646746124,1.1543589396821177,-1.8939708814441196,-0.1245327847144203,3.6343820078787594,-0.3648784556859453,1.1535357668850332,-0.040919754261378345,1.5776319341564435,-0.2200071895867306,0.022520465884492715,1.1544511353625526,-0.9291231295086987,0.006415186169443674,-0.10618487618330075,-0.16870945811552032,-1.1490447517593863
1731071945.23,-0.4742677878317513,-0.21986642159244146,-0.16079260305988133,-0.1264340423518851,1.1557720843578645,1.3238737872461357,-0.40415782108512655,-0.1264435866502287,-0.2970403400720506,1.1550057680543915,0.519442976377961,1.674445274215688,-0.2200071895867306,0.1378259722748886,1.155170294436414,0.9891212088601449,0.180983004823095,-0.10618487618330075,-0.04117103671454069,-1.1428083494941488
1731071945.73,1.5345349014458474,-0.1776874695421386,-0.16079260305988133,0.12021856198399723,1.1555303004212096,-0.40881180358707603,0.02865310477561893,-0.1264435866502287,-0.08995556609279323,1.154001697455593,-0.5212306662379566,0.2647485909140139,-0.2200071895867306,0.07056442688049099,1.1557437599800697,-0.9000588213515957,-0.1347570497852481,-0.10618487618330075,-0.11131716848507942,-1.1434519460228372
1731071946.23,-2.196098664355413,0.45003458155942677,4.2614553726044715,-0.1416595117553346,1.1557947093309722,-0.40881180358707603,-0.03456646866471472,-0.1264435866502287,-0.12208941033095395,1.1551154158460275,0.519442976377961,0.4914334847112679,-0.2200071895867306,0.1474347644740882,1.1555547108476878,0.9600569007030418,0.08079625672621686,-0.10618487618330075,-0.3695824718220632,-1.1482018202037745
1731071946.73,-0.4742677878317513,0.2242531323489824,-0.16079260305988133,-0.0838027280222264,1.1551145959687896,-0.40881180358707603,-0.16830018171157407,-0.1264435866502287,0.40276337889233627,1.1536758517971364,-0.040919754261378345,0.27891639677634233,-0.2200071895867306,-0.01271177217923941,1.1559592655598678,-0.87099451319449,0.17642906172778222,-0.10618487618330075,-0.12088255009015297,-1.1516705168183519
1731071947.23,-2.196098664355413,0.05305620932128259,4.2614553726044715,-0.1233889484711952,1.1554679894682127,1.3238737872461357,0.29612053086933793,-0.1264435866502287,0.04215023799742254,1.1537683635045652,0.519442976377961,0.160851347923606,-0.2200071895867306,0.012911673685293043,1.1564624706702076,0.9309925925459387,-0.040642225815453646,-0.10618487618330075,0.006655871310826652,-1.1507838805498514
1731071947.73,1.5345349014458474,0.10019739102456225,-0.16079260305988133,-0.20499746447368464,1.1562618231735355,-0.40881180358707603,-0.041861034830907064,-0.1264435866502287,0.013586820896835454,1.1543801925598598,-0.040919754261378345,0.4560139700554472,-0.2200071895867306,0.20508751766928623,1.1570869213306942,-2.7601745434062304,-0.6007772265389083,7.103020976823845,-0.3504517086119163,-1.1474317864600736
1731071948.23,-0.4742677878317513,0.5145435670481252,-0.16079260305988133,-0.15993007503947404,1.157042187083417,-0.40881180358707603,0.12348246493611939,-0.1264435866502287,-0.3648784556859453,1.1563429873794828,0.039132064401382796,0.4961560866653774,-0.2200071895867306,-0.0671615946413708,1.1568972731316574,0.9600569007030418,-0.8132945709868316,-0.10618487618330075,-0.18465176079064272,-1.150390104408792
1731071948.73,-0.4742677878317513,0.5467980597924742,-0.16079260305988133,-0.15688498115878413,1.1581589165554196,-0.40881180358707603,-0.041861034830907064,-0.1264435866502287,-0.20777966163271552,1.1577404278712127,-0.040919754261378345,0.6472793491968802,-0.2200071895867306,1.3805630967047116,1.1573705779453602,-0.9000588213515957,0.03525682577309042,-0.10618487618330075,0.0002789502407778045,-1.1470770268545796
1731071949.23,1.5345349014458474,0.24658316578737774,-0.16079260305988133,0.5069454848316152,1.158887157482411,-0.40881180358707603,-0.6424469825140762,-0.1264435866502287,-0.11494855605580714,1.1578633671724325,0.519442976377961,0.5197690964359247,-0.2200071895867306,-0.07677038684057047,1.1582209753771437,0.9600569007030418,0.044364711963715706,-0.10618487618330075,0.9631940318181741,-1.1422147805903207
1731071949.73,-0.4742677878317513,0.5790525525368234,-0.16079260305988133,-0.2092605959066505,1.1588992709131807,1.3238737872461357,-0.428473041639101,-0.1264435866502287,-0.3755897370986655,1.1587295694109536,-0.040919754261378345,1.3533083413362443,-0.2200071895867306,0.09618787274502344,1.1579329434214056,-0.9000588213515957,0.030702882677777776,-0.10618487618330075,-0.35364016914694085,-1.1486032317998636
1731071950.23,-0.4742677878317513,0.6981460642082667,-0.16079260305988133,1.1037838854468367,1.1588780630969355,-0.40881180358707603,-0.5257339238549986,-0.1264435866502287,-0.21849094304543584,1.1585184573437328,-0.040919754261378345,1.197462476850632,-0.2200071895867306,0.17305821033862065,1.1582511645222313,0.9600569007030418,0.4056441975251851,-0.10618487618330075,-0.09537486580995702,-1.1504434119614617
1731071950.73,-0.18729597507781445,0.5244680263540789,-0.16079260305988133,0.07454215377364867,1.157673767143965,-0.40881180358707603,-0.22665671104111282,-0.1264435866502287,-0.10066684750551352,1.1567463314904056,-0.040919754261378345,1.0605070201814581,-0.2200071895867306,-0.02232056437843908,1.1583421329409431,-0.9000588213515957,-0.4429071992347367,-0.10618487618330075,-0.3217555637966959,-1.1581494129720946
1731071951.23,1.5345349014458474,0.6485237676784987,-0.16079260305988133,-0.1447046056360245,1.1605668544115633,1.3238737872461357,-0.49412413713483183,-0.1264435866502287,-0.26133606869631665,1.1597428853553167,0.519442976377961,1.2045463797817964,-0.2200071895867306,0.44210439191621126,1.1595981032935383,0.9309925925459387,0.3570688045085169,-0.10618487618330075,-0.13363639223025095,-1.142633148432549
1731071951.73,-0.4742677878317513,1.052945484396108,-0.16079260305988133,-0.1233889484711952,1.1584633568840719,-0.40881180358707603,-0.30932846092462607,-0.1264435866502287,3.248393807538338,1.157267762825963,-0.040919754261378345,1.2069076807588508,-0.2200071895867306,0.36843698505568057,1.1592297439580055,-0.9000588213515957,-0.022426453434203072,-0.10618487618330075,-0.3217555637966959,-1.1570021555932244
1731071952.23,-0.4742677878317513,0.7304005569526161,-0.16079260305988133,-0.2190048963248582,1.1611009783752801,-0.16128529061090793,-0.265561063927472,-0.1264435866502287,-0.3398854657229315,1.160754040233195,-0.040919754261378345,1.3958117589232295,-0.2200071895867306,-0.03192935657763875,1.1599465087238738,0.9600569007030418,-0.33209458391546254,-0.10618487618330075,-0.2739286557713286,-1.146522752848652
1731071952.73,-0.4742677878317513,-0.08092399130909089,-0.16079260305988133,0.013640276159850586,1.159738279951488,-0.40881180358707603,-0.21693062281952305,-0.1264435866502287,-0.3755897370986655,1.1589747767670837,-0.040919754261378345,1.6224966527204836,-0.2200071895867306,0.027324861984092515,1.1598873827264036,-0.9000588213515957,0.2675079236340351,-0.10618487618330075,-0.3121901821916224,-1.1559347250201495
1731071953.23,-0.4742677878317513,-0.16031966575671977,-0.16079260305988133,-0.19494865466740793,1.1604097322687628,1.3238737872461357,0.17454442809946552,-0.1264435866502287,-0.14351197315639438,1.1593074337107085,0.519442976377961,1.4808185940971998,-0.2200071895867306,0.08657908054582371,1.160558038480869,0.9600569007030418,-0.09680752399097609,-0.10618487618330075,-0.1974056029307407,-1.1526534248228038
1731071953.73,1.5345349014458474,0.20936644339005198,-0.16079260305988133,-0.07162235249946677,1.161185028283708,-0.16128529061090793,-0.1099436523820356,-0.1264435866502287,-0.2541952144211698,1.1603754165716806,-0.040919754261378345,2.141982867672524,-0.2200071895867306,0.2755519937967505,1.1608940055243968,-0.9000588213515957,0.7213842521335281,-0.10618487618330075,0.443474964609182,-1.1515849109463612
1731071954.23,-0.4742677878317513,-0.12062182853290533,-0.16079260305988133,-0.03812631981187785,1.1603013909473832,-0.40881180358707603,-0.314191505035421,-0.1264435866502287,-0.32560375717263784,1.1594518910071312,0.039132064401382796,1.39108915696912,-0.2200071895867306,-0.060755733175237685,1.160794365171994,0.9600569007030418,0.1991987772043456,-0.10618487618330075,-0.3855247744971857,-1.1596410170301752
1731071954.73,-0.4742677878317513,-0.27941317742816313,-0.16079260305988133,-0.22022293387713418,1.1604134491810414,-0.40881180358707603,-0.1853208360993562,-0.1264435866502287,-0.3934418727865325,1.1589475284286652,-0.040919754261378345,0.06403800786436199,-0.2200071895867306,2.604082636736135,1.1614161823871196,-0.9872517458229048,0.46180949570070756,-0.10618487618330075,-0.028417194574442715,-1.158682702902352
1731071955.23,-0.4742677878317513,-0.13054628783885894,4.12326012336496,-0.1203438545905053,1.161852535730786,1.3238737872461357,0.29855205292473536,-0.1264435866502287,-0.2434839330084496,1.1603050654297784,0.519442976377961,0.05223150297908834,-0.2200071895867306,0.2979725089282163,1.1622270930900123,-0.8128658968802839,-0.0634119412920167,-0.10618487618330075,-0.21015944507083867,-1.1516511881333755
1731071955.73,-0.18729597507781445,0.3780822515912631,-0.16079260305988133,-0.11425366682912548,1.1645560942800932,-0.40881180358707603,0.3836553248636458,-0.1264435866502287,-0.2684769229714634,1.1641256235800017,0.039132064401382796,0.36156193097325795,-0.2200071895867306,-0.028726425844572193,1.1628099846580395,0.9600569007030418,0.01400509132829808,-0.10618487618330075,-0.22291328721093664,-1.1419713659383386
1731071956.23,-0.4742677878317513,0.6038637008017075,-0.16079260305988133,-0.2348393845044457,1.1618404329331795,-0.16128529061090793,0.3812238028082486,-0.1264435866502287,1.0668628264809892,1.160702360279902,-0.040919754261378345,0.8527125342006416,-0.2200071895867306,0.3203930240596821,1.1624073573430582,0.9600569007030418,1.4530511094470921,-0.10618487618330075,-0.2739286557713286,-1.15873451823897
1731071956.73,-0.4742677878317513,-0.12558405818588214,-0.16079260305988133,-0.0868478219029163,1.1637912530023427,-0.40881180358707603,0.43714881008238965,-0.1264435866502287,-0.21135008877028902,1.1634048281183962,-0.040919754261378345,0.6425567472427708,-0.2200071895867306,0.39726336165327947,1.162919665341503,-0.9000588213515957,0.5377085472892517,-0.10618487618330075,-0.34088632700684285,-1.1522176307482048
1731071957.23,-0.18729597507781445,0.21432867304302877,-0.16079260305988133,-0.1858133730253382,1.1623187202381586,1.3238737872461357,0.4857792511903386,-0.1264435866502287,-0.1970683802199954,1.1608564207876584,0.519442976377961,0.22696777528113823,-0.2200071895867306,-0.01911763364537252,1.1632093926508342,0.9600569007030418,0.5893199023694616,-0.10618487618330075,-0.3153786427266469,-1.1593296242914921
1731071957.73,1.5345349014458474,-0.35880885187579187,-0.16079260305988133,-0.15993007503947404,1.162872938284444,-1.8939708814441196,-0.6716252471788455,-0.1264435866502287,-0.22920222445815597,1.1615419244175804,-0.040919754261378345,0.7181183785085222,-0.2200071895867306,-0.051146940976038086,1.1635567058172023,-0.9000588213515957,-0.3487923752649422,-0.10618487618330075,-0.3440747875418674,-1.1589432563851254
1731071958.23,-0.4742677878317513,-0.22482865124541826,-0.16079260305988133,-0.22631312163851394,1.165272147021467,1.3238737872461357,-0.849126357222859,-0.1264435866502287,-0.28275863152175706,1.1652227786189642,-0.040919754261378345,0.09945752252018297,-0.2200071895867306,0.08978201127889034,1.1639259619184368,0.9600569007030418,-0.16511667042066575,-0.10618487618330075,-0.3281324848667449,-1.1519650611800163
1731071958.73,-0.4742677878317513,-0.1776874695421386,-0.16079260305988133,-0.08989291578360621,1.1667181633467272,-0.40881180358707603,-0.7494339529515639,-0.1264435866502287,-0.3934418727865325,1.166465809024194,-0.040919754261378345,0.2175225713729193,-0.2200071895867306,0.08017321907969059,1.164811444562063,-0.9000588213515957,0.560478262765815,-0.10618487618330075,1.9516167976757663,-1.144336220025619
1731071959.23,1.5345349014458474,-0.11565959887992854,-0.16079260305988133,-0.05335178921532732,1.165503062706623,-0.16128529061090793,-0.7494339529515639,-0.1264435866502287,-0.3934418727865325,1.1652388559109643,0.519442976377961,-0.044581837080155666,-0.2200071895867306,0.8072384954857984,1.1645688511084114,-0.9000588213515957,-0.03305232065659924,-0.10618487618330075,-0.26436327416625505,-1.1546447982505674
1731071959.73,-0.4742677878317513,-0.1007729099209981,-0.16079260305988133,-0.2418431004300325,1.1656443383056034,1.3238737872461357,-0.7008035118436149,-0.1264435866502287,-0.3898714456489591,1.164533498407613,-0.040919754261378345,0.019173289300322093,-0.2200071895867306,0.08337614981275722,1.1653381083059613,0.9600569007030418,0.686470688402798,-0.10618487618330075,-0.16552099758049577,-1.1524522421471222
1731071960.23,-0.18729597507781445,-0.13054628783885894,-0.16079260305988133,-0.10511838518705575,1.1662739483011777,-0.40881180358707603,-0.6764882912896404,-0.1264435866502287,0.013586820896835454,1.1655020932867515,-0.040919754261378345,0.5315756013211984,-0.2200071895867306,0.1890728640039535,1.1655911183348322,0.9600569007030418,-0.31539679256598285,-0.10618487618330075,-0.277117116306353,-1.152528202770778
1731071960.73,-0.4742677878317513,-0.14047074714481256,-0.16079260305988133,-0.044216507573257666,1.1653329579665441,-0.16128529061090793,-0.8345372248904742,-0.1264435866502287,1.170405213470618,1.1636734553654582,-0.040919754261378345,0.26710989189106865,-0.2200071895867306,-0.09278504050590325,1.1659719420207437,-0.9000588213515957,-0.17422455661129102,-0.10618487618330075,-0.21653636614088767,-1.157090177617916
1731071961.23,1.5345349014458474,0.35327110332637907,-0.16079260305988133,-0.20865157713051252,1.1679587688205177,1.3238737872461357,-0.4333360857498959,-0.1264435866502287,-0.3398854657229315,1.1676489956921559,0.519442976377961,0.2600259889599045,-0.2200071895867306,0.14102890300795523,1.1663873375663993,0.9600569007030418,-0.048232130974308056,-0.10618487618330075,-0.08580948420488346,-1.1489674065883089
1731071961.73,-0.18729597507781445,0.31357326610256464,-0.16079260305988133,-0.1769826007713375,1.1660670710072885,-0.40881180358707603,-0.6618991589572557,-0.1264435866502287,0.2885097104899873,1.165438823086841,-0.040919754261378345,0.3780910378126411,-0.2200071895867306,0.17946407180475377,1.1660684815891744,-0.87099451319449,0.03222086370954866,-0.10618487618330075,0.0321635555910226,-1.1622177201831865
1731071962.23,-0.4742677878317513,0.10019739102456225,-0.16079260305988133,1.380887428589618,1.1660737684585243,-0.40881180358707603,-0.7859067837825253,-0.1264435866502287,0.25637586625182673,1.1648827565149544,-0.040919754261378345,0.40878795051435257,-0.2200071895867306,-0.04153814877683842,1.1666181978375634,0.9309925925459387,0.8534486018975946,-0.10618487618330075,-0.39509015610225917,-1.1621818017180612
1731071962.73,-0.18729597507781445,0.2887621178376806,-0.16079260305988133,-0.20682452080209857,1.167829004214335,-0.40881180358707603,-0.5378915341319859,-0.1264435866502287,-0.36844888282351873,1.1674922700947463,-0.040919754261378345,0.5504660091376362,-0.2200071895867306,-0.015914702912305966,1.1669951569386297,-0.87099451319449,-0.21976398756441748,-0.10618487618330075,-0.14639023437034893,-1.1573854334403892
1731071963.23,-0.18729597507781445,0.7552117052175,-0.16079260305988133,-0.11729876070981539,1.168838116760118,1.3238737872461357,-0.8321057028350768,-0.1264435866502287,0.5705734543582861,1.1677703856743717,0.519442976377961,1.1266234475389905,-0.2200071895867306,0.17305821033862065,1.1680266947318532,0.9309925925459387,-0.2015482151831669,-0.10618487618330075,1.5179861649124358,-1.150156250879901
1731071963.73,1.5345349014458474,0.7254383272996392,-0.16079260305988133,-0.1203438545905053,1.1690916322143539,-0.40881180358707603,-0.8539894013336539,-0.1264435866502287,0.0885657907858769,1.1690868297968111,-0.040919754261378345,1.268301506162274,-0.2200071895867306,1.2236194907844504,1.1677075141127213,-0.87099451319449,0.2584000374434098,-0.10618487618330075,-0.3345094059367939,-1.1559389283217156
1731071964.23,-0.18729597507781445,0.44507235190644995,-0.16079260305988133,-0.22113646204134116,1.1679019793785284,-0.40881180358707603,-0.2509719315950873,-0.1264435866502287,-0.27561777724661024,1.1672184572018287,-0.040919754261378345,1.110094340699607,-0.2200071895867306,0.11540545714342279,1.1678697741254649,0.9600569007030418,0.5316366231621681,-0.10618487618330075,-0.13682485276527537,-1.1630468495260373
1731071964.73,-0.4742677878317513,1.0901622067934342,-0.16079260305988133,-0.07771254026084659,1.1688250139769674,-0.40881180358707603,-0.265561063927472,-0.1264435866502287,-0.17921624453212828,1.1685273413481956,-0.040919754261378345,2.3757516644009424,-0.2200071895867306,0.057752703948224765,1.168206931792422,-0.9000588213515957,0.36769467173091325,-0.10618487618330075,-0.21653636614088767,-1.161453909770613
1731071965.23,-0.4742677878317513,-0.13302740266534735,-0.16079260305988133,-0.03508122593118794,1.1676156553113979,1.3238737872461357,-0.40172629902972906,-0.1264435866502287,0.3492069718287353,1.1663676326299648,0.519442976377961,1.0888426319061149,-0.2200071895867306,0.012911673685293043,1.168522564544638,0.9600569007030418,0.01400509132829808,-0.10618487618330075,-0.27074019523630405,-1.1674519877226892
1731071965.73,-0.4742677878317513,-0.06355618752367234,4.12326012336496,-0.21717783999644427,1.169597028862973,-0.40881180358707603,-0.5962480634615246,-0.1264435866502287,0.19924903205065223,1.1683665182924419,0.039132064401382796,1.3273340305886425,-0.2200071895867306,0.09298494201195681,1.169481335686672,-0.9000588213515957,0.04132874990017395,-0.10618487618330075,-0.12088255009015297,-1.1573968524445348
1731071966.23,-0.18729597507781445,-0.2670076032957211,-0.16079260305988133,-0.09293800966429612,1.170351626431383,-0.40881180358707603,-0.2242251889857154,-0.1264435866502287,-0.22920222445815597,1.1699834336803916,-0.040919754261378345,1.26121760323111,-0.2200071895867306,0.009708742952226488,1.169472104835596,0.9600569007030418,0.064098465376737,-0.10618487618330075,-0.20697098453581425,-1.1590519700490687
1731071966.73,-0.4742677878317513,-0.036263924432299914,-0.16079260305988133,-0.03812631981187785,1.171440047508605,-0.40881180358707603,0.29612053086933793,-0.1264435866502287,-0.20063880735756873,1.1714382572735853,-0.5212306662379566,0.8621577381088605,1.8826579511731376,0.048143911749025096,1.169883840528253,-0.87099451319449,0.5103848887173758,-0.10618487618330075,-0.3153786427266469,-1.156309830963572
1731071967.23,1.5345349014458474,0.010877257270979743,-0.16079260305988133,1.3565266775440987,1.1709947592438317,1.3238737872461357,0.291257486758543,-0.1264435866502287,-0.2684769229714634,1.1709508867897391,-0.040919754261378345,0.5599112130458551,-0.2200071895867306,0.03853511954982543,1.1699528167777946,0.9600569007030418,0.31911927871424506,-0.10618487618330075,-0.23566712935103462,-1.161542535776191
1731071967.73,-0.18729597507781445,0.5120624522216368,-0.16079260305988133,-0.1711969223980267,1.1718069533154662,-0.40881180358707603,-0.21936214487492048,-0.1264435866502287,-0.3755897370986655,1.1714141862365561,0.519442976377961,0.3592006299962032,-0.2200071895867306,0.9065293482108614,1.170682863434525,-0.9000588213515957,0.49368709736789623,-0.10618487618330075,0.2521673325077125,-1.1573165677598085
1731071968.23,-2.196098664355413,0.18207418029867956,4.2614553726044715,-0.20804255835437455,1.1736029646881696,-0.16128529061090793,0.42012815569460776,-0.1264435866502287,-0.17564581739455495,1.1733089440221893,-0.040919754261378345,0.578801620862293,-0.2200071895867306,1.0987051921948547,1.1715228423808888,0.9600569007030418,0.5938738454647744,-0.10618487618330075,-0.22291328721093664,-1.1488199331101803
1731071968.73,-0.4742677878317513,0.3110921512760762,-0.16079260305988133,-0.10816347906774566,1.172381262258089,-0.40881180358707603,-0.039429512775509615,-0.1264435866502287,0.09213621792345023,1.171595234772084,-0.040919754261378345,0.2765550957992876,-0.2200071895867306,2.4823712688796062,1.1715622717402778,-0.9000588213515957,-0.051268093037849814,-0.10618487618330075,-0.29624787951649995,-1.156983668125463
1731071969.23,-0.4742677878317513,0.5195057967011021,-0.16079260305988133,-0.05639688309601723,1.171266526980257,1.3238737872461357,1.0207141033777767,-0.1264435866502287,-0.3434558928605049,1.170629792154442,0.519442976377961,0.5622725140229099,-0.2200071895867306,0.1346230415418221,1.171262770340827,0.9891212088601449,0.7274561762606117,-0.10618487618330075,-0.11769408955512842,-1.1673786707153413
1731071969.73,1.5345349014458474,0.3929689405501935,-0.16079260305988133,-0.24732426941527433,1.1722567428611759,-0.40881180358707603,1.1131119414828796,-0.1264435866502287,-0.20063880735756873,1.1718219848842568,-0.040919754261378345,0.6803375628756465,-0.2200071895867306,0.00650581221915993,1.1717344387909463,-0.9291231295086987,0.3084934114918487,-0.10618487618330075,-0.03798257617951613,-1.164517924134283
1731071970.23,-0.4742677878317513,0.3011676919701226,-0.16079260305988133,-0.1233889484711952,1.1730135049741395,-0.40881180358707603,0.4930738173565312,-0.1264435866502287,2.7485340082780616,1.1722100353324465,-0.040919754261378345,1.8420976435865735,-0.2200071895867306,-0.06395866390830425,1.1724550250254313,0.9600569007030418,0.22804041680799217,-0.10618487618330075,-0.43016322198752865,-1.160558197348671
1731071970.73,-0.4742677878317513,0.5691280932308699,-0.16079260305988133,-0.11425366682912548,1.1734893585547672,-0.40881180358707603,-0.06860777744027899,-0.1264435866502287,-0.3291741843102112,1.1724743001855116,-0.040919754261378345,1.0109196996633085,-0.2200071895867306,-0.047944010242971534,1.1729754887276134,-0.9000588213515957,0.306975430460078,-0.10618487618330075,-0.22291328721093664,-1.1591143461267013
1731071971.23,1.5345349014458474,0.35575221815286745,-0.16079260305988133,-0.2284446873549969,1.17350116422182,1.3238737872461357,-0.7275502544529868,-0.1264435866502287,-0.42914614416226654,1.1724622186734952,0.519442976377961,0.7299248833937956,-0.2200071895867306,0.019317535151426157,1.1732079472701782,0.9600569007030418,-0.5931873213800539,-0.10618487618330075,-0.28987095844645094,-1.161499036466633
1731071971.73,-0.4742677878317513,0.45251569638591516,-0.16079260305988133,-0.0838027280222264,1.1746863038585704,-0.40881180358707603,-0.6400154604586787,-0.1264435866502287,-0.38630101851138565,1.174029787617491,-0.040919754261378345,1.0723135250667315,-0.2200071895867306,-0.06395866390830425,1.173647066158814,-0.9000588213515957,0.3084934114918487,-0.10618487618330075,-0.34726324807689185,-1.158209373300411
1731071972.23,-0.18729597507781445,0.8519751834505478,-0.16079260305988133,-0.08989291578360621,1.17557695672363,-0.40881180358707603,-0.16830018171157407,-0.1264435866502287,-0.1328006917436741,1.1756180592043075,-0.040919754261378345,1.7452843035273298,-0.2200071895867306,-0.025523495111505635,1.1737873428565049,-0.9000588213515957,-0.16511667042066575,-0.10618487618330075,-0.3185671032616714,-1.1582407079056765
1731071972.73,-0.4742677878317513,1.2812080484330408,-0.16079260305988133,0.6561550849854206,1.1761226521737291,-0.40881180358707603,0.15022920754549132,-0.1264435866502287,-0.12208941033095395,1.1756506968918365,-0.5212306662379566,1.8114007308848616,1.8826579511731376,0.019317535151426157,1.1745128931312414,0.9600569007030418,0.2492921512527845,-0.10618487618330075,2.7614857735719873,-1.1549784912287975
1731071973.23,-0.18729597507781445,0.2837998881847038,-0.16079260305988133,0.031910839443989966,1.1728541538749317,1.3238737872461357,-0.0029566819445478957,-0.1264435866502287,-0.4327165712998399,1.1714204350401192,0.519442976377961,1.3320566325427519,-0.2200071895867306,1.2844751747127148,1.1740503877242865,0.9600569007030418,0.7881754175314468,-0.10618487618330075,-0.3090017216565979,-1.1741272128195586
1731071973.73,1.5345349014458474,0.2862810030111922,-0.16079260305988133,0.007550088398470769,1.1733450656967201,-0.16128529061090793,-0.16586865965617664,-0.1264435866502287,-0.33274461144778467,1.17200008845462,-0.040919754261378345,1.9200205758293794,-0.2200071895867306,-0.05755280244217113,1.1743987854209377,-0.9291231295086987,-0.28200120986702343,-0.10618487618330075,-0.3504517086119163,-1.1739524823436194
1731071974.23,-0.4742677878317513,-0.3861011149671643,-0.16079260305988133,-0.20773804896630554,1.1741476869047283,-0.40881180358707603,-0.0540186451078943,-0.1264435866502287,-0.16136410884426133,1.172980193465918,-0.040919754261378345,1.7452843035273298,-0.2200071895867306,0.06415856541435788,1.174813443148867,0.9891212088601449,0.45270160951008226,-0.10618487618330075,-0.3376978664718184,-1.172183012456009
1731071974.73,-0.18729597507781445,-0.36873331118174546,-0.16079260305988133,-0.12947913623257495,1.1756553294944465,-0.40881180358707603,0.2085857368750298,-0.1264435866502287,1.8166525253714036,1.1749410536654492,-0.040919754261378345,2.4158937810108725,-0.2200071895867306,0.03853511954982543,1.1753335642523959,-0.9291231295086987,-0.1681526324842075,-0.10618487618330075,-0.1240710106251774,-1.1671475798848332
1731071975.23,-0.4742677878317513,-0.10325402474748652,-0.16079260305988133,-0.1233889484711952,1.1784326676746244,1.3238737872461357,-0.1099436523820356,-0.1264435866502287,-0.3541671742732251,1.177973535648298,0.519442976377961,2.0711438383608822,-0.2200071895867306,-0.006305910713106296,1.1764548087476487,0.9600569007030418,0.03829278783663218,-0.10618487618330075,-0.09537486580995702,-1.153073067277435
1731071975.73,-0.4742677878317513,-0.021377235473369494,4.12326012336496,-0.2193094057129272,1.178356638596832,-0.40881180358707603,-0.20234149048713834,-0.1264435866502287,-0.1970683802199954,1.177896792959248,-0.5212306662379566,0.7181183785085222,-0.2200071895867306,0.05454977321515821,1.1766400874847975,-0.9000588213515957,0.15669530831476092,-0.10618487618330075,-0.24204405042108362,-1.1561258593134294
1731071976.23,-0.18729597507781445,-0.4605345597618164,-0.16079260305988133,-0.10207329130636585,1.1766796267094526,-0.40881180358707603,0.2547846559275813,-0.1264435866502287,-0.22206137018300917,1.175201422309611,0.519442976377961,-0.2145955074280961,-0.2200071895867306,0.13142011080875549,1.176817572075212,0.9600569007030418,-0.30628890637535755,-0.10618487618330075,-0.22291328721093664,-1.164816278340527
1731071976.73,-0.4742677878317513,-0.2521209143367907,-0.16079260305988133,-0.05335178921532732,1.176272034741821,-0.40881180358707603,0.31070966320172233,-0.1264435866502287,-0.2970403400720506,1.1754816897306146,-0.040919754261378345,0.20335476551059092,-0.2200071895867306,0.10899959567728967,1.1764690107817393,-0.9000588213515957,0.7062044418158193,-0.10618487618330075,-0.4014670771723082,-1.1731229329855652
1731071977.23,-0.4742677878317513,-0.19505527332755743,-0.16079260305988133,-0.22874919674306587,1.177394599540201,1.3238737872461357,0.23046943537360684,-0.1264435866502287,-0.32203333003506446,1.176371370481657,0.519442976377961,0.448930067124283,-0.2200071895867306,0.22750803280075205,1.177248449281246,0.9600569007030418,0.14606944109236458,-0.10618487618330075,2.018574468911281,-1.1674379941663242
1731071977.73,1.5345349014458474,-0.24715868468381388,-0.16079260305988133,1.0063408812647596,1.1795761396261342,-0.16128529061090793,0.3666346704758639,-0.1264435866502287,-0.18278667166970178,1.1792326687249484,-0.040919754261378345,0.5551886110917457,-0.2200071895867306,0.8648912486809962,1.1778912956308667,-0.9000588213515957,-0.18485042383368722,-0.10618487618330075,0.006655871310826652,-1.1591122867987667
1731071978.23,-0.4742677878317513,-0.3960255742731179,-0.16079260305988133,-0.21474176489189234,1.1784977072317009,-0.40881180358707603,0.4468748983039794,-0.1264435866502287,0.07428408223558328,1.177220796533168,-0.040919754261378345,0.8290995244300943,-0.2200071895867306,2.178092849238283,1.178246604482823,0.9600569007030418,-0.7768630262243305,-0.10618487618330075,-0.34088632700684285,-1.1643523362552448
1731071978.73,-0.18729597507781445,-0.22234753641892985,-0.16079260305988133,1.411338367396517,1.1780053987603691,-0.40881180358707603,-0.10751213032663816,-0.1264435866502287,-0.32560375717263784,1.176541650752685,-0.040919754261378345,0.7299248833937956,-0.2200071895867306,0.08657908054582371,1.1783834352597173,-0.9000588213515957,0.02614893958246513,-0.10618487618330075,-0.2037825240007897,-1.1692274402941465
1731071979.23,1.5345349014458474,-0.37617665566121067,-0.16079260305988133,0.15371459467158616,1.1774840533683737,-0.40881180358707603,-0.4673773945254599,-0.1264435866502287,-0.28632905865933045,1.176079294318858,0.519442976377961,0.9235515635122836,-0.2200071895867306,0.20508751766928623,1.1783637554610573,0.9600569007030418,1.0158725722970787,-0.10618487618330075,-0.18465176079064272,-1.1754051192083397
1731071979.73,-0.4742677878317513,-0.2645264884692327,-0.16079260305988133,-0.15993007503947404,1.1779691840545818,1.3238737872461357,-1.126319871538168,-0.1264435866502287,-0.3041811943471974,1.176905987173809,-0.040919754261378345,0.21279996941880985,-0.2200071895867306,-0.05755280244217113,1.1785603557647977,-0.9000588213515957,0.15973127037830268,-0.10618487618330075,-0.3153786427266469,-1.1764156071878273
1731071980.23,-0.18729597507781445,-0.1851308140216038,-0.16079260305988133,-0.1995162954884428,1.1817365404945663,-0.40881180358707603,-0.9342296291617697,-0.1264435866502287,-0.3113220486223442,1.1813632568400962,-0.040919754261378345,0.3001681055698349,-0.2200071895867306,0.7688033266889996,1.1798013972270036,0.9600569007030418,0.6363773143543587,-0.10618487618330075,-0.41740937984743065,-1.1579723086381226
1731071980.73,-0.4742677878317513,-0.3141487849990006,-0.16079260305988133,-0.11425366682912548,1.180822496986683,-0.40881180358707603,-0.8345372248904742,-0.1264435866502287,-0.2434839330084496,1.18083691431047,-0.040919754261378345,-0.2901571386938475,-0.2200071895867306,0.8232531491511311,1.1794375866294287,-0.87099451319449,-0.13172108772170635,-0.10618487618330075,-0.3121901821916224,-1.16815958319596
1731071981.23,1.5345349014458474,-0.23971534020434868,-0.16079260305988133,-0.11729876070981539,1.1799696221502933,1.3238737872461357,-0.40172629902972906,-0.1264435866502287,-0.34702631999807826,1.1793262304969123,0.519442976377961,0.32614241631743696,-0.2200071895867306,-0.04153814877683842,1.1797157502122444,0.9600569007030418,-0.21976398756441748,-0.10618487618330075,-0.21653636614088767,-1.1732061058200505
1731071981.73,-0.18729597507781445,-0.31911101465197744,-0.16079260305988133,-0.20408393630947766,1.1805823351564595,-0.40881180358707603,-0.4722404386362548,-0.1264435866502287,0.19210817777550557,1.180200811064252,-0.040919754261378345,0.16793525085476993,-0.2200071895867306,0.003302881486093374,1.1800081273470662,-0.87099451319449,-0.05734001716493317,-0.10618487618330075,0.11506352950165945,-1.173036663817976
1731071982.23,-0.4742677878317513,0.3433466440204255,-0.16079260305988133,-0.0838027280222264,1.1806477216083457,-0.40881180358707603,-0.30446541681383116,-0.1264435866502287,-0.43628699843741336,1.1800900845819549,-0.040919754261378345,0.9070224566729003,-0.2200071895867306,0.2755519937967505,1.1803511242593798,-0.9291231295086987,0.07472433259913333,6.581873565763087,-0.2675517347012796,-1.1743859040880678
1731071982.73,-0.18729597507781445,0.09275404654509704,-0.16079260305988133,-0.02290085040842831,1.181706698620804,-0.40881180358707603,-0.7761806955609355,-0.1264435866502287,0.09213621792345023,1.1813935717296498,0.039132064401382796,0.5103238925277058,-0.2200071895867306,1.3421279279079128,1.180823790761073,-0.9000588213515957,-0.04519616891076629,-0.10618487618330075,-0.2675517347012796,-1.1712775811462814
1731071983.23,1.5345349014458474,0.1597441468602839,-0.16079260305988133,-0.24245211920617046,1.1820093234914926,1.3238737872461357,-0.4381991298606908,-0.1264435866502287,0.16711518781249166,1.181824127150223,0.519442976377961,0.5315756013211984,-0.2200071895867306,-0.0031029799800397395,1.1810772830287233,0.9600569007030418,-0.4201374837581736,-0.10618487618330075,-0.2324786688160102,-1.172487031200771
1731071983.73,-0.4742677878317513,0.11012185033051586,-0.16079260305988133,-0.10816347906774566,1.1805610249561118,-0.40881180358707603,-0.919640496829385,-0.1264435866502287,-0.07210343040492628,1.1794990715973563,0.039132064401382796,0.5056012905735964,-0.2200071895867306,0.09939080347808993,1.1812581358130225,-0.9000588213515957,-0.10895137224514313,-0.10618487618330075,0.8229017682770966,-1.1803556754700217
1731071984.23,-0.4742677878317513,0.00839614244449134,-0.16079260305988133,1.539232310385493,1.183437180343017,-0.40881180358707603,-0.4722404386362548,-0.1264435866502287,0.4099042331674831,1.182923382214191,-0.040919754261378345,0.7724283009807807,-0.2200071895867306,-0.038335218043771865,1.182243415079656,0.9600569007030418,-0.2759292857399399,-0.10618487618330075,0.07999046361639009,-1.1669808617188755
1731071984.73,-0.4742677878317513,0.3681577922853095,-0.16079260305988133,-0.2244860653101,1.1820423563210458,-0.40881180358707603,-0.6691937251234481,-0.1264435866502287,0.04929109227256935,1.1811627061593044,-0.040919754261378345,0.7535378931643429,-0.2200071895867306,-0.08637917903977015,1.1821423809688536,-0.9000588213515957,-0.05582203613316246,-0.10618487618330075,-0.3759593928921122,-1.176826388100671
1731071985.23,1.5345349014458474,0.5542414042719395,-0.16079260305988133,-0.11120857294843557,1.1852670677755264,1.3238737872461357,-0.7518654750069613,-0.1264435866502287,-0.318462902897491,1.184693229667005,0.519442976377961,0.7039505726461938,-0.2200071895867306,-0.025523495111505635,1.183403785887623,-0.9000588213515957,0.064098465376737,-0.10618487618330075,-0.3759593928921122,-1.1601182797820555
1731071985.73,-0.18729597507781445,0.16966860616623752,-0.16079260305988133,-0.09598310354498603,1.183336036129244,-0.40881180358707603,-0.5865219752399349,-0.1264435866502287,-0.2363430787333028,1.1826064606782583,-0.040919754261378345,0.7228409804626317,-0.2200071895867306,0.10899959567728967,1.1829742026171066,0.9600569007030418,0.08383221878975862,-0.10618487618330075,-0.14957869490537334,-1.1743533468830574
1731071986.23,-0.4742677878317513,-0.048669498564741925,-0.16079260305988133,-0.2159598024441683,1.183075136610263,-0.40881180358707603,-0.45765130630387013,-0.1264435866502287,-0.300610767209624,1.1822230164052183,-0.040919754261378345,0.9943905928239255,-0.2200071895867306,0.19547872547008663,1.1831612106645129,0.9309925925459387,0.09597606704392567,-0.10618487618330075,0.27767501678790846,-1.178036812166156
1731071986.73,-0.4742677878317513,0.25154539544035454,-0.16079260305988133,-0.10207329130636585,1.1854275699688288,-1.8939708814441196,-0.3871371666973444,3.6343820078787594,-0.33274461144778467,1.1848126387855495,-0.040919754261378345,0.9825840879386516,-0.2200071895867306,-0.047944010242971534,1.1841308876789343,-0.9000588213515957,0.19616281514080383,-0.10618487618330075,-0.22929020828098565,-1.1666071426091347
1731071987.23,1.5345349014458474,0.013358372097468147,-0.16079260305988133,-0.04117141369256776,1.1866981925199316,1.3238737872461357,0.052968325329593405,-0.1264435866502287,-0.21135008877028902,1.1863415025949187,-0.040919754261378345,1.3462244384050803,1.8169496655243917,1.0506612311988563,1.1846760406222785,0.9600569007030418,0.16580319450538622,-0.10618487618330075,-0.3281324848667449,-1.1622050144862055
1731071987.73,-0.18729597507781445,-0.1851308140216038,-0.16079260305988133,-0.21443725550382334,1.1866188320134792,-0.40881180358707603,0.10403028849293981,-0.1264435866502287,-0.27561777724661024,1.1857939320227904,-0.040919754261378345,1.5563802253629513,-0.2200071895867306,-0.006305910713106296,1.1851366148146065,-0.9000588213515957,0.38287448204862207,-0.10618487618330075,-0.21972482667591223,-1.163157152076555
1731071988.23,-0.4742677878317513,-0.14047074714481256,-0.16079260305988133,-0.11425366682912548,1.186225711399511,-0.40881180358707603,-0.08319690977266368,-0.1264435866502287,-0.11137812891823366,1.185733964240422,-0.040919754261378345,0.86688034006297,-0.2200071895867306,0.08978201127889034,1.185003743720877,0.9600569007030418,0.31911927871424506,-0.10618487618330075,-0.14001331330029995,-1.169755226298057
1731071988.73,-0.4742677878317513,0.2316964768284476,-0.16079260305988133,1.0093859751454497,1.1846329439953367,-0.40881180358707603,-0.22179366693031793,-0.1264435866502287,2.2593854904305055,1.183503066205699,-0.040919754261378345,0.09001231861196404,-0.2200071895867306,0.09939080347808993,1.1849883923236086,-0.9000588213515957,0.432967856097061,-0.10618487618330075,-0.277117116306353,-1.179633371921821
1731071989.23,1.5345349014458474,0.09771627619807384,-0.16079260305988133,-0.2515874008482402,1.185612469376046,1.3238737872461357,-0.22665671104111282,-0.1264435866502287,-0.12923026460610076,1.1842628292442121,0.519442976377961,0.1325157361989492,-0.2200071895867306,-0.13122020930270192,1.1857053280642014,-0.9000588213515957,-0.4171015216946319,-0.10618487618330075,-0.28987095844645094,-1.174928236196736
1731071989.73,-0.18729597507781445,0.2292153620019592,-0.16079260305988133,-0.09902819742567594,1.1847081418993928,-0.40881180358707603,-0.23638279926270261,-0.1264435866502287,0.1421221978494779,1.183356117082209,-0.040919754261378345,0.17974175574004359,-0.2200071895867306,0.051346842482091655,1.1855762411505435,0.9600569007030418,0.15517732728298989,-0.10618487618330075,-0.2484209714911326,-1.183279105145165
1731071990.23,-0.4742677878317513,0.5914581266692654,-0.16079260305988133,0.02277555780192031,1.1854230981883602,-0.40881180358707603,-0.14398496115759987,-0.1264435866502287,-0.2934699129344773,1.1839918482666139,-0.040919754261378345,0.24349688212052137,-0.2200071895867306,0.022520465884492715,1.1861092963213413,0.9600569007030418,0.08079625672621686,-0.10618487618330075,-0.16552099758049577,-1.1809066673857014
1731071990.73,-0.4742677878317513,0.5467980597924742,-0.16079260305988133,-0.22570410286237597,1.1869538301760596,-0.40881180358707603,0.36177162636506904,-0.1264435866502287,-0.2363430787333028,1.185604042085427,-0.040919754261378345,0.9755001850074877,-0.2200071895867306,-0.006305910713106296,1.1868580078712228,-0.9000588213515957,-0.4914825922514049,-0.10618487618330075,-0.18784022132566727,-1.1740365696666102
1731071991.23,1.5345349014458474,0.2192909026960056,-0.16079260305988133,-0.11425366682912548,1.189019627535874,1.3238737872461357,0.4711901188579539,-0.1264435866502287,-0.3541671742732251,1.188630429446647,0.519442976377961,0.5858855237934573,-0.2200071895867306,-0.051146940976038086,1.1872906817962499,0.9891212088601449,0.009451148232985436,-0.10618487618330075,1.9962552451661095,-1.167724982504072
1731071991.73,-0.4742677878317513,0.457477926038892,-0.16079260305988133,-0.06857725861877687,1.1889392668415208,-0.40881180358707603,-0.3725480343649597,-0.1264435866502287,-0.22563179732058264,1.188499411713793,0.039132064401382796,0.5953307277016762,-0.2200071895867306,0.057752703948224765,1.1875039477782119,-0.9000588213515957,-0.6326548282060966,-0.10618487618330075,-0.14001331330029995,-1.17057760835572
1731071992.23,-0.4742677878317513,0.544316944965986,-0.16079260305988133,-0.24732426941527433,1.187911376078044,-0.40881180358707603,-0.4868295709686395,-0.1264435866502287,-0.27204735010903686,1.1868677277520985,-0.040919754261378345,0.7322861843708506,-0.2200071895867306,-0.009508841446172853,1.1876834228637718,0.9600569007030418,0.14606944109236458,-0.10618487618330075,-0.03160565510946714,-1.1769926103967963
1731071992.73,-0.4742677878317513,0.32101661058202985,-0.16079260305988133,-0.08075763414153649,1.1884330746497929,-0.16128529061090793,-0.39929477697433163,-0.1264435866502287,-0.2898994857969039,1.1868607082083704,-0.040919754261378345,1.0770361270208408,-0.2200071895867306,1.0378495082665902,1.1884086024987468,-0.9000588213515957,-0.17877849970660367,-0.10618487618330075,-0.35364016914694085,-1.1738209233875512
1731071993.23,-0.4742677878317513,0.7676172793499421,-0.16079260305988133,-0.20408393630947766,1.1878896504445446,1.3238737872461357,-0.6594676369018583,-0.1264435866502287,1.8237933796465502,1.1867442782186381,0.519442976377961,0.9329967674205025,-0.2200071895867306,0.7816150496212659,1.1881631571764448,0.9600569007030418,0.01400509132829808,-0.10618487618330075,-0.18784022132566727,-1.1818053642484196
1731071993.73,1.5345349014458474,0.8718241020624548,-0.16079260305988133,-0.11425366682912548,1.1893995925967618,-0.40881180358707603,-0.4673773945254599,-0.1264435866502287,-0.318462902897491,1.1881712678904024,-0.5212306662379566,-0.0988917595524145,1.8826579511731376,0.07376735761355747,1.1890011108510061,-0.9000588213515957,0.30090350633299445,-0.10618487618330075,-0.11450562902010399,-1.1743236137270143
1731071994.23,-0.4742677878317513,0.6410804231990336,-0.16079260305988133,0.05627159048950923,1.1890677501847184,-0.40881180358707603,-0.5451861002981783,-0.1264435866502287,-0.20063880735756873,1.1876404799120224,-0.040919754261378345,1.0439779133420746,-0.2200071895867306,-0.10239383270510292,1.1892062884766015,0.9600569007030418,-0.13931099288056076,-0.10618487618330075,-0.28030557684137747,-1.17811507817065
1731071994.73,-0.4742677878317513,0.2689131992257734,-0.16079260305988133,1.2408131100778823,1.190173718194949,-0.16128529061090793,-0.09292299799425346,-0.1264435866502287,-0.10423727464308685,1.1890193755948726,-0.040919754261378345,1.3084436227722047,-0.2200071895867306,0.08337614981275722,1.1896800155060538,-0.9872517458229048,0.6940605935616523,-0.10618487618330075,-0.3887132350322102,-1.17483454227006
1731071995.23,-0.4742677878317513,0.18455529512516794,-0.16079260305988133,1.5514126859082527,1.1914561537547845,1.3238737872461357,0.018927016554029136,-0.1264435866502287,-0.41843486274954633,1.1906465498768382,0.519442976377961,2.2435188096858774,-0.2200071895867306,0.23391389426688516,1.1901784900816201,1.018185517017248,0.27509782879288935,-0.10618487618330075,-0.25479789256118157,-1.1707489745792337
1731071995.73,1.5345349014458474,-0.036263924432299914,-0.16079260305988133,-0.08075763414153649,1.191689602497425,-0.40881180358707603,0.269373788259966,-0.1264435866502287,-0.1970683802199954,1.191652968950095,0.039132064401382796,2.229351003823549,-0.2200071895867306,-0.0671615946413708,1.1900243848330019,-0.9000588213515957,0.42689593196997744,-0.10618487618330075,1.221459335155158,-1.1753239814640126
1731071996.23,-0.18729597507781445,-0.2818942922546515,-0.16079260305988133,-0.2281401779669279,1.1904990889691158,-0.40881180358707603,0.13564007521310664,-0.1264435866502287,-0.11851898319338047,1.1899770670660619,-0.040919754261378345,1.976691799278693,-0.2200071895867306,0.26274027086448426,1.1900719590503475,0.9600569007030418,0.9080959190413463,-0.10618487618330075,-0.09856332634498144,-1.1833175148336863
1731071996.73,-2.196098664355413,-0.1900930436745806,4.2614553726044715,-0.1961666922196839,1.1893410203699897,-0.40881180358707603,0.20129117070883745,-0.1264435866502287,-0.26490649583389003,1.187942140255234,-0.5212306662379566,0.9825840879386516,1.8826579511731376,2.437530238616674,1.1903632966630417,-0.87099451319449,-0.18181446177014543,-0.10618487618330075,-0.2675517347012796,-1.1893292045154737
1731071997.23,-0.4742677878317513,-0.28437540708113995,-0.16079260305988133,-0.07466744638015668,1.1910329463114175,1.3238737872461357,-0.036997990720112166,-0.1264435866502287,-0.23991350587087626,1.1900558771719867,0.039132064401382796,0.11362532838251137,-0.2200071895867306,0.028926327350625756,1.190972116177861,0.9309925925459387,0.9202397672955134,-0.10618487618330075,-0.28668249791142647,-1.1829697137897792
1731071997.73,1.5345349014458474,0.16966860616623752,-0.16079260305988133,-0.028991038169808126,1.1907446335199192,-0.16128529061090793,0.09916724438214491,-0.1264435866502287,1.7809482539956698,1.1898035495106747,0.519442976377961,0.02861849320854102,-0.2200071895867306,0.08978201127889034,1.1910550388855943,-0.9000588213515957,0.3798385199850803,-0.10618487618330075,-0.2261017477459612,-1.1875465528400704
1731071998.23,-0.4742677878317513,-0.08588622096206769,-0.16079260305988133,-0.2311852718476178,1.1929274820863691,-0.40881180358707603,0.45416946447017204,-0.1264435866502287,-0.27204735010903686,1.1916834994043832,-0.040919754261378345,0.15849004694655128,-0.2200071895867306,0.22430510206768556,1.1922790881579353,0.9600569007030418,-0.26530341851754374,-0.10618487618330075,-0.3153786427266469,-1.1747593197727075
1731071998.73,-0.4742677878317513,-0.3315165887844194,-0.16079260305988133,-0.10207329130636585,1.1933167894678036,-0.16128529061090793,0.3496140160880815,-0.1264435866502287,-0.3827305913738123,1.1923352768609268,0.039132064401382796,0.16793525085476993,-0.2200071895867306,0.009708742952226488,1.1924861384638015,-0.87099451319449,-0.8208844761456858,-0.10618487618330075,-0.3313209454017694,-1.176021700569371
1731071999.23,-0.4742677878317513,-0.07596176165611408,-0.16079260305988133,-0.11729876070981539,1.1920282551992956,1.3238737872461357,0.31314118525712004,-0.1264435866502287,-0.18992752594484857,1.190913152199879,0.519442976377961,0.14668354206127762,-0.2200071895867306,-0.0671615946413708,1.1922884867468495,0.9600569007030418,-0.15752676526181134,-0.10618487618330075,-0.22929020828098565,-1.1862368549466098
1731071999.73,1.5345349014458474,0.21680978786951718,-0.16079260305988133,0.2785634437798723,1.1922631585176695,-0.16128529061090793,1.6140054848947534,-0.1264435866502287,-0.3613080285483719,1.191178707750909,-0.040919754261378345,1.258856302254055,-0.2200071895867306,0.22750803280075205,1.1925737712438298,-0.87099451319449,2.394199349145038,-0.10618487618330075,-0.21334790560586323,-1.187437968097584
1731072000.23,-0.4742677878317513,-0.2570831439897675,-0.16079260305988133,-0.2095651052947195,1.1947294513320494,-0.40881180358707603,0.1332085531577092,-0.1264435866502287,-0.38630101851138565,1.1938763153738574,-0.040919754261378345,0.4796269798259943,-0.2200071895867306,-0.009508841446172853,1.193589959053281,0.9309925925459387,0.6287874091955045,-0.10618487618330075,0.430721122469084,-1.1752558312323689
1731072000.73,-0.4742677878317513,0.5393547153130093,-0.16079260305988133,-0.08989291578360621,1.1937425292175357,-0.40881180358707603,-0.9099144086077952,-0.1264435866502287,-0.22563179732058264,1.1927874621290002,-0.040919754261378345,0.9755001850074877,-0.2200071895867306,-0.07036452537443735,1.1934884424151047,-0.9000588213515957,0.8079091709444681,-0.10618487618330075,-0.3440747875418674,-1.1836822303812675
1731072001.23,1.5345349014458474,-0.1752063547156502,-0.16079260305988133,-0.00767538100497877,1.1929193489652798,1.3238737872461357,-0.7494339529515639,-0.1264435866502287,-0.17921624453212828,1.1914670621235481,-0.040919754261378345,0.2647485909140139,-0.2200071895867306,1.297286897644981,1.1936828653960188,0.9891212088601449,-0.21824600653264659,-0.10618487618330075,-0.044359497249565116,-1.189269645038292
1731072001.73,-0.18729597507781445,-0.13798963231832415,-0.16079260305988133,-0.21778685877258225,1.192334759902969,-0.40881180358707603,-0.7324132985637817,-0.1264435866502287,-0.4220052898871197,1.1908207837603362,0.519442976377961,0.059315405910252535,-0.2200071895867306,0.4036692231194126,1.1937107717736513,-0.9000588213515957,-0.1438649359758734,-0.10618487618330075,0.04810585826614515,-1.195301124502611
1731072002.23,-0.4742677878317513,-0.0883673357885561,-0.16079260305988133,0.2450674110922834,1.1949561930419903,-0.40881180358707603,-0.4309045636944985,-0.1264435866502287,-0.09709642036794004,1.193573630269802,-0.040919754261378345,0.11834793033662083,-0.2200071895867306,0.637483166633271,1.1948449724270949,-0.9000588213515957,-0.18636840486545808,-0.10618487618330075,-0.3759593928921122,-1.1816737543606577
1731072002.73,-0.4742677878317513,-0.12558405818588214,-0.16079260305988133,-0.0015851932435989545,1.1967582035296371,-0.40881180358707603,-0.9001883203862053,-0.1264435866502287,1.7738073997205228,1.1957173211137577,-0.040919754261378345,0.2529420860287403,-0.2200071895867306,0.8584853872148633,1.1955430223912042,0.9600569007030418,-0.12261320153108107,-0.10618487618330075,-0.19421714239571627,-1.1742465297014066
1731072003.23,1.5345349014458474,-0.028820579952834702,-0.16079260305988133,-0.19190356078671802,1.195299866261961,1.3238737872461357,-0.6546045927910634,-0.1264435866502287,-0.40772358133682607,1.193568912905137,0.519442976377961,0.34975542608798427,-0.2200071895867306,0.845673664282597,1.1956095749148092,0.9600569007030418,0.6667369349897764,-0.10618487618330075,-0.35682862968196527,-1.1830291994965225
1731072003.73,-0.4742677878317513,0.10515962067753905,-0.16079260305988133,0.07758724765433858,1.196927154650601,-0.40881180358707603,-0.4527882621930755,-0.1264435866502287,0.05286151941014284,1.1966897888407075,0.039132064401382796,0.16793525085476993,-0.2200071895867306,0.43890146118314466,1.1955605359756938,-0.9000588213515957,-0.2546775512951476,-0.10618487618330075,-0.2484209714911326,-1.1819354898670893
1731072004.23,-0.18729597507781445,0.41778008881507755,-0.16079260305988133,0.0471363088474395,1.1964315627865174,-0.40881180358707603,-0.9731339820481288,-0.1264435866502287,0.03857981085984921,1.1956354648998049,-0.040919754261378345,1.0463392143191297,-0.2200071895867306,0.5349893831751413,1.1959159956969656,0.9600569007030418,-0.0710018464508711,-0.10618487618330075,-0.24204405042108362,-1.1851465460896617
1731072004.73,-0.4742677878317513,0.0034339127915145344,-0.16079260305988133,-0.16602026280085386,1.1962062437713181,-0.40881180358707603,-0.8637154895552437,-0.1264435866502287,-0.40772358133682607,1.1944714266073084,0.039132064401382796,0.7865961068431091,-0.2200071895867306,1.5887535943540374,1.196598789331495,-0.9000588213515957,0.030702882677777776,-0.10618487618330075,-0.3376978664718184,-1.1849073495637392
1731072005.23,-0.4742677878317513,0.33094106988798344,-0.16079260305988133,1.4082932735158271,1.1968944162819664,1.3238737872461357,-0.5476176223535757,-0.1264435866502287,-0.14351197315639438,1.196146479945582,-0.040919754261378345,0.7913187087972187,-0.2200071895867306,0.7495857422906003,1.1964917061948017,0.9600569007030418,0.23866628403038817,-0.10618487618330075,2.0408936926564527,-1.187533323512781
1731072005.73,1.5345349014458474,0.6534859973314755,-0.16079260305988133,0.007550088398470769,1.198364164004522,-0.40881180358707603,-0.7591600411731536,-0.1264435866502287,0.027868529447128917,1.1982142055927663,0.519442976377961,1.2328819915064533,-0.2200071895867306,1.2652575903143155,1.1969118517395836,-0.9000588213515957,0.49520507839966693,-0.10618487618330075,-0.28030557684137747,-1.1833939150906976
1731072006.23,-0.4742677878317513,0.19944198408409836,-0.16079260305988133,-0.17211045056223367,1.1981603263036,-0.40881180358707603,-0.7470024308961664,-0.1264435866502287,-0.3720193099610921,1.197655502132033,-0.040919754261378345,0.614221135518114,-0.2200071895867306,2.4055009312860087,1.197257909870862,0.9600569007030418,0.2341123409350757,-0.10618487618330075,-0.1814633002556183,-1.1856595387869262
1731072006.73,-2.196098664355413,0.6733349159433828,4.2614553726044715,-0.2025613893691327,1.1985057499644045,-0.40881180358707603,-0.40415782108512655,-0.1264435866502287,-0.27204735010903686,1.1981669437719638,-0.040919754261378345,0.7818735048889996,-0.2200071895867306,-0.0895821097728367,1.1975053109482676,-0.9000588213515957,0.4876151732408127,-0.10618487618330075,-0.14957869490537334,-1.1867651375153747
1731072007.23,-0.18729597507781445,0.05057509449479419,-0.16079260305988133,-0.07771254026084659,1.1972124649567517,1.3238737872461357,-0.6448785045694736,-0.1264435866502287,1.8130820982338303,1.1957952467177415,0.519442976377961,0.552827310114691,-0.2200071895867306,0.1826670025378204,1.1978641290442325,0.9600569007030418,0.37680255792153855,-0.10618487618330075,-0.3695824718220632,-1.1927333987882411
1731072007.73,1.5345349014458474,0.3334221847144718,-0.16079260305988133,-0.028991038169808126,1.1973197991659132,-0.40881180358707603,-0.5087132694672165,-0.1264435866502287,-0.3720193099610921,1.19562391046809,-0.040919754261378345,1.5705480312252795,-0.2200071895867306,0.2371168249999518,1.198283583790195,-0.9000588213515957,0.546816433479877,-0.10618487618330075,-0.12725947116020198,-1.1933516595235412
1731072008.23,-0.4742677878317513,-0.006490546514439077,-0.16079260305988133,-0.23423036572830772,1.1994786969853215,-0.40881180358707603,-0.5257339238549986,-0.1264435866502287,-0.36844888282351873,1.1990655937788424,-0.5212306662379566,1.402895661854394,1.8826579511731376,-0.13122020930270192,1.1985615258138549,0.9600569007030418,0.030702882677777776,-0.10618487618330075,-0.06349026045971208,-1.187897165616603
1731072008.73,-0.4742677878317513,0.0034339127915145344,-0.16079260305988133,0.5099905787123051,1.2000556168271461,-0.16128529061090793,-0.47953500480244715,-0.1264435866502287,-0.32560375717263784,1.1994985043536377,-0.040919754261378345,1.5185994097300755,-0.2200071895867306,0.08657908054582371,1.1990801618765272,-0.87099451319449,-0.025462415497744834,-0.10618487618330075,-0.36001709021698974,-1.1861175195284968
1731072009.23,1.5345349014458474,-0.021377235473369494,-0.16079260305988133,0.3151045703481512,1.200372238535162,-0.40881180358707603,0.502799905578121,-0.1264435866502287,-0.3077516214847708,1.1996933652307253,0.519442976377961,1.6390257595598665,-0.2200071895867306,0.05454977321515821,1.1994865866940856,0.9309925925459387,0.1020479911710092,-0.10618487618330075,-0.19102868186069172,-1.186105452426921
1731072009.73,-0.18729597507781445,0.04313175001532898,-0.16079260305988133,0.4643141705019565,1.2016619140580813,1.3238737872461357,-0.07347082155107389,-0.1264435866502287,-0.3648784556859453,1.2009451396362698,-0.5212306662379566,0.26947119286812343,-0.2200071895867306,0.04173805028289198,1.2002137832080533,-0.9000588213515957,-0.3047709253435867,-0.10618487618330075,1.623205362568244,-1.180242178394992
1731072010.23,-0.4742677878317513,0.1671874913397491,-0.16079260305988133,0.6592001788661105,1.2000664552538682,-0.40881180358707603,0.25964770003837623,-0.1264435866502287,-0.34702631999807826,1.198907293297788,0.519442976377961,0.44420746517017357,-0.2200071895867306,0.13142011080875549,1.2000819095199537,0.9600569007030418,0.07320635156736228,-0.10618487618330075,-0.3313209454017694,-1.191023324915153
1731072010.73,-0.4742677878317513,0.1671874913397491,-0.16079260305988133,-0.1992117861003738,1.2015096811233141,-0.16128529061090793,-0.08076538771726623,-0.1264435866502287,-0.3755897370986655,1.2000410138303976,-0.040919754261378345,0.18446435769415306,-0.2200071895867306,2.4791683381465393,1.2010278983684148,-0.9000588213515957,0.015523072360068961,-0.10618487618330075,-0.3855247744971857,-1.1829490912320586
1731072011.23,1.5345349014458474,0.2267342471754708,-0.16079260305988133,-0.11425366682912548,1.2027851648066257,1.3238737872461357,0.33988792786649175,-0.1264435866502287,-0.3541671742732251,1.2026570787856694,0.519442976377961,0.28127769775339706,-0.2200071895867306,0.012911673685293043,1.2009356105074942,0.9309925925459387,-0.013318567243577783,-0.10618487618330075,-0.3185671032616714,-1.1834108276360427
1731072011.73,-0.4742677878317513,0.1671874913397491,-0.16079260305988133,1.5940440002379115,1.2025262861778367,-0.40881180358707603,0.02379006066482403,-0.1264435866502287,-0.17921624453212828,1.2021944898868557,-0.040919754261378345,0.6189437374722234,-0.2200071895867306,0.17626114107168728,1.2011714242460059,-0.9000588213515957,0.19312685307726207,-0.10618487618330075,-0.23566712935103462,-1.1867131235165798
1731072012.23,-0.4742677878317513,1.363084837707158,-0.16079260305988133,-0.2223544995936171,1.2015318222487499,-0.40881180358707603,0.3666346704758639,-0.1264435866502287,-0.1720753902569815,1.1995655973073152,-0.040919754261378345,1.1762107680571396,-0.2200071895867306,0.18426846790435364,1.2019721576018874,0.9600569007030418,-0.5172882697915099,-0.10618487618330075,-0.14957869490537334,-1.1882564376736942
1731072012.73,-0.4742677878317513,0.4004122850296587,-0.16079260305988133,-0.07162235249946677,1.2028898862254467,-0.40881180358707603,0.4833477291349414,-0.1264435866502287,-0.3541671742732251,1.2017882283242574,-0.040919754261378345,0.937719369374612,-0.2200071895867306,0.19227579473702,1.202192438930104,-0.9000588213515957,0.21286060649028338,-0.10618487618330075,-0.34726324807689185,-1.1860361111772681
1731072013.23,1.5345349014458474,0.19199863960463315,-0.16079260305988133,-0.09293800966429612,1.201209499151148,-0.40881180358707603,-0.3968632549189342,-0.1264435866502287,-0.20420923449514222,1.199541279981237,0.519442976377961,0.734647485347905,-0.2200071895867306,0.16665234887248756,1.202101617500521,0.9600569007030418,0.07472433259913333,-0.10618487618330075,-0.32494402433172037,-1.1967993048912926
1731072013.73,-0.4742677878317513,0.5691280932308699,-0.16079260305988133,-0.22753115919078992,1.2020141530172468,1.3238737872461357,-0.7956328720041151,-0.1264435866502287,-0.2577656415587432,1.2000203874161042,0.039132064401382796,0.7653443980496168,-0.2200071895867306,-0.08317624830670359,1.202814008947713,-0.9000588213515957,-0.5825614541576578,-0.10618487618330075,-0.20059406346576525,-1.192742237044488
1731072014.23,-0.4742677878317513,0.9338519727246648,-0.16079260305988133,-0.047261601453947574,1.205214599186066,-1.8939708814441196,-0.26799258598286946,3.6343820078787594,-0.32203333003506446,1.2050074802893078,-0.040919754261378345,1.1691268651259756,-0.2200071895867306,0.1218113186095559,1.2031908938769453,0.9600569007030418,-0.010282605180036021,-0.10618487618330075,0.1341942927118064,-1.1828941210005854
1731072014.73,-0.4742677878317513,1.0082854175193168,-0.16079260305988133,-0.00767538100497877,1.2044295165917875,-0.40881180358707603,-0.5573437105751655,-0.1264435866502287,-0.018547023341325276,1.2032640732842557,-0.040919754261378345,1.0368940104109108,-0.2200071895867306,0.27234906306368384,1.2036720233364333,-0.9000588213515957,-0.5780075110623452,-0.10618487618330075,-0.16233253704547132,-1.1861545722902664
1731072015.23,-0.18729597507781445,0.9462575468571068,-0.16079260305988133,-0.22905370613113488,1.2043339181036363,1.3238737872461357,-0.3506643358663827,-0.1264435866502287,0.791939936887837,1.203677274511697,0.519442976377961,1.7193099927797275,-0.2200071895867306,-0.054349871709104644,1.2035492961619614,0.9600569007030418,0.23714830299861747,-0.10618487618330075,-0.3281324848667449,-1.1916320571527481
1731072015.73,1.5345349014458474,0.680778260422848,-0.16079260305988133,-0.11120857294843557,1.205663173814475,-0.40881180358707603,-0.5743643649629476,-0.1264435866502287,-0.32560375717263784,1.2053037279644583,-0.040919754261378345,1.3438631374280254,-0.2200071895867306,0.07056442688049099,1.2040936192477891,-0.9000588213515957,-0.15752676526181134,-0.10618487618330075,-0.20059406346576525,-1.1870310442319458
1731072016.23,-0.4742677878317513,0.6907027197288016,-0.16079260305988133,1.0672427588785578,1.2065383350803045,-0.40881180358707603,-0.13669039499140753,-0.1264435866502287,-0.35773760141079847,1.2060603634420477,-0.040919754261378345,1.4265086716249413,-0.2200071895867306,0.09298494201195681,1.2047106069474827,0.9600569007030418,0.4299318940335192,-0.10618487618330075,-0.26436327416625505,-1.1834583516573962
1731072016.73,-0.4742677878317513,-0.2744509477751863,-0.16079260305988133,0.016685370040540493,1.2048432407111607,-0.40881180358707603,-0.1148066964928305,-0.1264435866502287,2.4986041086479234,1.2034051371430545,0.039132064401382796,1.835013740655409,-0.2200071895867306,1.6656239319476347,1.2048465446878502,-0.9000588213515957,0.5407445093527934,-0.10618487618330075,-0.3217555637966959,-1.1925371723798384
1731072017.23,1.5345349014458474,-0.40098780392609473,-0.16079260305988133,0.4277730439336777,1.205572296737969,1.3238737872461357,-0.18775235815475366,-0.1264435866502287,-0.32560375717263784,1.204346412569477,0.519442976377961,1.7618134103667127,-0.2200071895867306,0.06415856541435788,1.2052126776506007,-0.9000588213515957,-0.3837059389956725,-0.10618487618330075,-0.3281324848667449,-1.1913946191194114
1731072017.73,-0.4742677878317513,-0.22234753641892985,-0.16079260305988133,0.7870941218550864,1.2048731404860886,-0.40881180358707603,-0.15614257143458685,-0.1264435866502287,-0.39701229992410586,1.203547943805722,0.039132064401382796,2.108924653993758,-0.2200071895867306,-0.006305910713106296,1.2052193771589983,0.9600569007030418,0.8731823553106163,-0.10618487618330075,-0.24204405042108362,-1.1979872326169174
1731072018.23,-0.18729597507781445,-0.4605345597618164,-0.16079260305988133,0.30292419482539157,1.2078084774279672,-0.40881180358707603,-0.06374473332948409,-0.1264435866502287,-0.18992752594484857,1.2068292314020366,-0.040919754261378345,0.878686844948244,-0.2200071895867306,0.003302881486093374,1.2063458983905657,0.9600569007030418,0.10508395323455096,-0.10618487618330075,-0.3345094059367939,-1.183325418632023
1731072018.73,-0.4742677878317513,-0.3935444594466295,-0.16079260305988133,-0.21291470856347838,1.2064835020224098,-0.40881180358707603,0.23533247948440172,-0.1264435866502287,-0.23277265159572946,1.2056008721641616,-0.040919754261378345,-0.10125306052946922,-0.2200071895867306,0.7015417812946021,1.2059988719423138,-0.9000588213515957,0.7714776261819674,-0.10618487618330075,-0.2324786688160102,-1.1948091307389856
1731072019.23,-0.4742677878317513,0.7775417386558957,-0.16079260305988133,-0.08075763414153649,1.2066305908277257,1.3238737872461357,0.07242050177277298,-0.1264435866502287,-0.16136410884426133,1.205188466467815,0.519442976377961,1.2305206905293982,-0.2200071895867306,1.1275315687924539,1.2065991191746792,-0.9000588213515957,-0.21065610137379218,-0.10618487618330075,1.5594361518677538,-1.1939058128576618
1731072019.73,-0.4742677878317513,0.19447975443112156,4.12326012336496,-0.07466744638015668,1.2082142690289421,-0.40881180358707603,0.16724986193327318,-0.1264435866502287,0.23852373056395976,1.2073252210405,-0.040919754261378345,0.41823315442257153,-0.2200071895867306,-0.060755733175237685,1.2070891785928648,0.9600569007030418,0.09749404807569638,-0.10618487618330075,-0.277117116306353,-1.188832091870804
1731072020.23,-0.4742677878317513,-0.20994196228648784,-0.16079260305988133,-0.24549721308686037,1.207109298061347,-0.40881180358707603,0.40797054541762023,-0.1264435866502287,0.3277844090032948,1.2054369670059877,-0.040919754261378345,0.3686458339044221,-0.2200071895867306,-0.07356745610750391,1.207345199105035,0.9600569007030418,0.8306788864210316,-0.10618487618330075,-0.37914785342713675,-1.194933036024742
1731072020.73,-0.4742677878317513,-0.36128996670228025,-0.16079260305988133,-0.11729876070981539,1.207909832804168,-0.40881180358707603,0.4274227218607998,-0.1264435866502287,-0.3755897370986655,1.2073264091869516,-0.040919754261378345,1.140791253401319,-0.2200071895867306,-0.04153814877683842,1.2072211239666792,-0.9000588213515957,0.17794704275955325,-0.10618487618330075,-0.08580948420488346,-1.1972920337107114
1731072021.23,1.5345349014458474,-0.2521209143367907,-0.16079260305988133,-0.07771254026084659,1.2066048350874066,1.3238737872461357,0.5660194790184546,-0.1264435866502287,2.1129979777899957,1.2051337324171003,-0.040919754261378345,1.5705480312252795,-0.2200071895867306,1.7392913388081657,1.20746270490419,0.9600569007030418,0.44662968538299874,-0.10618487618330075,-0.09856332634498144,-1.2042015752878477
1731072021.73,-0.4742677878317513,-0.11069736922695173,-0.16079260305988133,0.7886166687954314,1.207371877469525,-1.8939708814441196,-0.559775232630563,-0.1264435866502287,-0.3398854657229315,1.2059336562470981,0.519442976377961,0.7677056990266713,-0.2200071895867306,-0.03192935657763875,1.2079491312497965,-0.9000588213515957,-0.13172108772170635,-0.10618487618330075,-0.3632055507520143,-1.2020057349834354
1731072022.23,-0.4742677878317513,-0.3662521963552571,-0.16079260305988133,1.6549458778517097,1.2073687840507836,1.3238737872461357,-1.012038334934488,-0.1264435866502287,-0.37916016423623894,1.2058159243169888,-0.040919754261378345,0.24113558114346662,-0.2200071895867306,0.08978201127889034,1.208229687476697,0.9600569007030418,-0.21521004446910483,-0.10618487618330075,-0.05711333938966309,-1.204073201965259
1731072022.73,-0.4742677878317513,-0.3861011149671643,-0.16079260305988133,-0.21443725550382334,1.2089633332638157,-0.40881180358707603,-0.8223796146134871,-0.1264435866502287,-0.157793681706688,1.2083035169756455,-0.040919754261378345,0.23405167821230244,-0.2200071895867306,0.26594320159755075,1.2085232581064271,-0.9000588213515957,0.35858678554028794,-0.10618487618330075,0.06404816094126754,-1.2004646218245418
1731072023.23,1.5345349014458474,-0.1702441250626734,-0.16079260305988133,-0.15810301871106008,1.210755536706084,-0.40881180358707603,-0.16100561554538173,3.5168562080497283,-0.018547023341325276,1.2096776504275222,0.519442976377961,0.1301544352218945,-0.2200071895867306,-0.07036452537443735,1.209665707041627,-0.9000588213515957,-0.18940436692899984,-0.10618487618330075,-0.26436327416625505,-1.1896713067187517
1731072023.73,-0.18729597507781445,-0.0263394651263463,-0.16079260305988133,-0.10207329130636585,1.211224043917161,-0.40881180358707603,-0.20720453459793325,-0.1264435866502287,-0.4648504155380006,1.210358330866341,-0.040919754261378345,0.14904484303833235,-0.2200071895867306,0.1218113186095559,1.2099327789928085,0.9600569007030418,0.6515571246720676,-0.10618487618330075,2.729601168221743,-1.1901957536536898
1731072024.23,-0.4742677878317513,0.27387542887875016,-0.16079260305988133,-0.07771254026084659,1.2108255877989782,-0.40881180358707603,-0.3822741225865495,-0.1264435866502287,-0.16136410884426133,1.2097813348020476,-0.040919754261378345,0.47726567884893956,-0.2200071895867306,0.26274027086448426,1.210100657739517,0.9600569007030418,-0.41254757859931923,-0.10618487618330075,-0.28668249791142647,-1.194505281102788
1731072024.73,-0.4742677878317513,0.35575221815286745,-0.16079260305988133,-0.16602026280085386,1.2120184015487723,-0.40881180358707603,-0.9245035409401798,-0.1264435866502287,0.09927707219859704,1.2116108703714739,0.039132064401382796,0.3686458339044221,-0.2200071895867306,-0.1184084863704357,1.210392712076107,-0.9000588213515957,-0.12261320153108107,-0.10618487618330075,-0.3281324848667449,-1.1923101983185103
1731072025.23,1.5345349014458474,0.2962054623171458,-0.16079260305988133,-0.13252423011326486,1.211583000989874,1.3238737872461357,-0.2947393285922414,-0.1264435866502287,-0.26133606869631665,1.2103680906680758,0.519442976377961,0.3001681055698349,-0.2200071895867306,9.995075302681723e-05,1.2109175763874573,0.9600569007030418,-0.1043974291498305,-0.10618487618330075,-0.2484209714911326,-1.194017862652367
1731072025.73,-0.4742677878317513,-0.013933890993904286,-0.16079260305988133,-0.13861441787464468,1.2102010381643782,-0.40881180358707603,-0.528165445910396,-0.1264435866502287,0.20638988632579905,1.2086924685568619,-0.040919754261378345,0.507962591550651,-0.2200071895867306,1.0474583004657898,1.210779356724754,-0.9000588213515957,-0.12716714462639372,-0.10618487618330075,-0.3153786427266469,-1.2041021618341552
1731072026.23,-0.4742677878317513,0.28131877335821537,-0.16079260305988133,-0.10511838518705575,1.2118526614628462,-0.40881180358707603,-0.5354600120765884,-0.1264435866502287,-0.4112940084743995,1.2112894846895335,-0.040919754261378345,1.018003602594473,-0.2200071895867306,-0.009508841446172853,1.2110637977245744,0.9600569007030418,0.7790675313408216,-0.10618487618330075,-0.23566712935103462,-1.2003634362368132
1731072026.73,-0.4742677878317513,0.0034339127915145344,-0.16079260305988133,-0.15993007503947404,1.2126345031219576,-0.16128529061090793,-0.34093824764479286,-0.1264435866502287,-0.2898994857969039,1.211426408266815,0.039132064401382796,0.5410208052294173,-0.2200071895867306,-0.07997331757363703,1.211955708670607,-0.9000588213515957,0.015523072360068961,-0.10618487618330075,-0.3759593928921122,-1.1950144880015539
1731072027.23,-0.4742677878317513,0.10019739102456225,-0.16079260305988133,-0.1447046056360245,1.2120400077821234,1.3238737872461357,-0.69594046773282,-0.1264435866502287,-0.2684769229714634,1.2110972262884416,0.519442976377961,0.682698863852701,-0.2200071895867306,-0.09598797123896981,1.211787211030527,0.9600569007030418,0.06865240847204981,-0.10618487618330075,-0.034794115644491704,-1.2025811772405592
1731072027.73,-0.4742677878317513,0.11260296515700426,-0.16079260305988133,1.6001341879992912,1.2142534637265392,-0.40881180358707603,-0.6594676369018583,-0.1264435866502287,-0.3077516214847708,1.2137523935886634,-0.5212306662379566,1.0628683211585126,1.8826579511731376,0.12821718007568902,1.2125824741761402,-0.9000588213515957,0.064098465376737,-0.10618487618330075,0.1628904375270268,-1.192973714912565
1731072028.23,-0.4742677878317513,0.39545005537668193,-0.16079260305988133,-0.23727545960899762,1.2116928646115441,-0.40881180358707603,-0.647310026624871,-0.1264435866502287,-0.3541671742732251,1.2099775869158218,-0.040919754261378345,0.8267382234530398,-0.2200071895867306,0.15704355667328795,1.2125391237926977,0.9600569007030418,-0.036088282720141,-0.10618487618330075,1.1417478217795458,-1.2064472153481856
1731072028.73,-0.4742677878317513,0.3979311702031703,-0.16079260305988133,-0.06248707085739705,1.215341247141217,-0.40881180358707603,-0.46008282835926756,-0.1264435866502287,-0.16136410884426133,1.214884116470577,-0.040919754261378345,1.2989984188639856,-0.2200071895867306,0.022520465884492715,1.213398417521985,-0.9000588213515957,-0.017872510338890427,-0.10618487618330075,-0.2739286557713286,-1.1913403836470415
1731072029.23,-0.4742677878317513,-0.04122615408527672,-0.16079260305988133,-0.02290085040842831,1.2158851238571227,1.3238737872461357,-0.5986795855169221,-0.1264435866502287,-0.20777966163271552,1.2156260397117928,0.519442976377961,1.209268981735906,-0.2200071895867306,0.4805395607130098,1.213702515733886,0.9600569007030418,-0.14082897391233165,-0.10618487618330075,-0.27074019523630405,-1.1913181313951235
1731072029.73,1.5345349014458474,-0.22234753641892985,-0.16079260305988133,-0.2135237273396164,1.2147520734390482,-0.40881180358707603,-0.4333360857498959,-0.1264435866502287,-0.20063880735756873,1.2138513726141427,-0.040919754261378345,1.1030104377684433,-0.2200071895867306,-0.03513228731070531,1.2138642372061232,-0.9000588213515957,0.06865240847204981,-0.10618487618330075,-0.3504517086119163,-1.1982394260021707
1731072030.23,-0.18729597507781445,-0.1851308140216038,-0.16079260305988133,-0.2135237273396164,1.215593948897451,-0.16128529061090793,-0.3117599829800235,-0.1264435866502287,-0.4220052898871197,1.2152863783613947,-0.040919754261378345,1.3556696423132992,-0.2200071895867306,0.5638157597727402,1.2140486158903372,0.9600569007030418,0.2978675442694527,-0.10618487618330075,-0.18465176079064272,-1.1980921780226634
1731072030.73,-0.4742677878317513,-0.12062182853290533,-0.16079260305988133,-0.16845633790540576,1.2133551639254194,-0.40881180358707603,0.11618789876992705,-0.1264435866502287,2.237962927605065,1.2119854139329875,0.039132064401382796,0.8645190390859155,-0.2200071895867306,2.1268459575092185,1.2140379835663815,-0.9000588213515957,0.14606944109236458,-0.10618487618330075,-0.23566712935103462,-1.2101922177165005
1731072031.23,1.5345349014458474,0.17463083581921435,-0.16079260305988133,-0.06857725861877687,1.214951819314111,1.3238737872461357,0.37392923664205596,-0.1264435866502287,-0.13994154601882092,1.2141581085539552,-0.040919754261378345,0.04042499809381468,-0.2200071895867306,-0.0671615946413708,1.2145194422632672,0.9891212088601449,-0.022426453434203072,-0.10618487618330075,-0.09856332634498144,-1.2051377990192622
1731072031.73,-0.18729597507781445,0.005915027618002938,-0.16079260305988133,-0.2028658987572017,1.2163776986284065,-0.40881180358707603,0.0019063621662470003,-0.1264435866502287,-0.3541671742732251,1.2149334611863103,0.519442976377961,0.11598662935956609,-0.2200071895867306,0.31719009332661563,1.215659367205266,-0.9291231295086987,-0.6372087713014093,-0.10618487618330075,-0.35682862968196527,-1.1956451700583823
1731072032.23,-0.4742677878317513,0.16222526168677232,-0.16079260305988133,-0.23209880001182479,1.2139083775988158,-0.40881180358707603,0.08700963410515768,-0.1264435866502287,-0.23277265159572946,1.21223182417534,-0.040919754261378345,0.5835242228164025,-0.2200071895867306,0.3075813011274159,1.2150716580131249,0.9891212088601449,0.07776029466267509,-0.10618487618330075,0.025786634520973618,-1.2129625863843203
1731072032.73,-0.4742677878317513,0.055537324147770996,-0.16079260305988133,0.4216828561722979,1.217318136941936,-0.40881180358707603,0.17454442809946552,-0.1264435866502287,0.5812847357710064,1.2167592903040634,-0.040919754261378345,0.7086731746003032,-0.2200071895867306,-0.054349871709104644,1.2159230182636873,-0.9000588213515957,-0.4747848009019252,-0.10618487618330075,1.1927631903399376,-1.1987489014411863
1731072033.23,-0.4742677878317513,0.11260296515700426,4.12326012336496,0.05322649660881932,1.2163909599863583,1.3238737872461357,0.07728354588356788,-0.1264435866502287,-0.157793681706688,1.2147444997023036,0.519442976377961,0.3804523387896958,-0.2200071895867306,0.03853511954982543,1.216426014651997,0.9600569007030418,0.15973127037830268,-0.10618487618330075,-0.25479789256118157,-1.2023427217108873
1731072033.73,-0.4742677878317513,0.303648806796611,-0.16079260305988133,-0.24427917553458442,1.2184255271595101,-0.16128529061090793,1.1495847723138417,-0.1264435866502287,-0.2434839330084496,1.217493844385289,-0.040919754261378345,0.7913187087972187,-0.2200071895867306,0.019317535151426157,1.2169921660135485,-0.9000588213515957,0.5938738454647744,-0.10618487618330075,-0.2324786688160102,-1.195111480293845
1731072034.23,-0.4742677878317513,0.19944198408409836,-0.16079260305988133,1.0946486038047667,1.217528967024956,-0.40881180358707603,-0.19990996843174091,-0.1264435866502287,-0.16136410884426133,1.217059045462207,0.039132064401382796,0.4607365720095564,-0.2200071895867306,-0.009508841446172853,1.216593139351367,0.9600569007030418,0.26598994260226405,-0.10618487618330075,-0.35682862968196527,-1.2054940963050536
1731072034.73,-2.196098664355413,0.7155138679936857,4.2614553726044715,-0.22692214041465195,1.2182257787771853,-0.40881180358707603,-0.33850672558939543,-0.1264435866502287,-0.13994154601882092,1.2172084701862247,-0.040919754261378345,1.572909332202334,-0.2200071895867306,-0.09919090197203637,1.2173949725569722,-0.9000588213515957,0.645485200544984,-0.10618487618330075,-0.28030557684137747,-1.2011325626808569
1731072035.23,1.5345349014458474,0.2837998881847038,-0.16079260305988133,1.1311897303730456,1.2173257857080966,1.3238737872461357,-0.17316322582236898,-0.1264435866502287,2.2915193346686658,1.2159144753191027,0.519442976377961,0.6874214658068104,-0.2200071895867306,1.9763082130550904,1.217499286375829,0.9600569007030418,-0.12413118256285195,-0.10618487618330075,-0.13363639223025095,-1.2076794202080532
1731072035.73,-0.4742677878317513,0.6534859973314755,-0.16079260305988133,-0.05030669533463748,1.2193804248519657,-0.40881180358707603,-0.5913850193507297,-0.1264435866502287,-0.11494855605580714,1.2191228285545013,0.039132064401382796,0.8597964371318061,-0.2200071895867306,0.05454977321515821,1.2178142467593054,-0.9000588213515957,0.5741400920517528,-0.10618487618330075,-0.1814633002556183,-1.2022978727237454
1731072036.23,-0.18729597507781445,0.43762900742698474,-0.16079260305988133,-0.22113646204134116,1.2189003968299263,-0.40881180358707603,-0.4868295709686395,-0.1264435866502287,-0.16850496311940816,1.2179064886481978,-0.040919754261378345,1.3509470403591899,-0.2200071895867306,0.17305821033862065,1.2182800579182638,-0.9000588213515957,0.2993855253012234,-0.10618487618330075,-0.19421714239571627,-1.2046148868544693
1731072036.73,-0.4742677878317513,0.904078594806804,-0.16079260305988133,-0.11120857294843557,1.2188445043738052,-0.40881180358707603,-0.5160078356334089,-0.1264435866502287,-0.35773760141079847,1.2181447328952306,-0.5212306662379566,1.4217860696708318,1.8826579511731376,0.08657908054582371,1.2182995388882272,0.9309925925459387,0.37224861482622573,-0.10618487618330075,-0.08899794473990803,-1.2088622464417114
1731072037.23,1.5345349014458474,0.7552117052175,-0.16079260305988133,-0.0868478219029163,1.2194993764544346,1.3238737872461357,-0.06374473332948409,-0.1264435866502287,-0.34702631999807826,1.2178965154925427,0.519442976377961,1.6224966527204836,-0.2200071895867306,0.03853511954982543,1.2192950565332425,0.9600569007030418,0.44662968538299874,-0.10618487618330075,0.2298481087625411,-1.2031675888107216
1731072037.73,-2.196098664355413,0.16222526168677232,-0.16079260305988133,-0.23727545960899762,1.2212086509660014,-0.40881180358707603,0.0675574576619781,-0.1264435866502287,-0.09352599323036671,1.2209975992614646,-0.040919754261378345,2.1372602657184148,-0.2200071895867306,-0.06395866390830425,1.2193384072521585,-0.87099451319449,-0.46112297161598725,-0.10618487618330075,-0.11450562902010399,-1.2010674181753203
1731072038.23,1.5345349014458474,-0.011452776167415883,-0.16079260305988133,-0.10816347906774566,1.2201470270137693,-0.16128529061090793,-0.08319690977266368,-0.1264435866502287,-0.3041811943471974,1.2193025309349557,-0.040919754261378345,1.714587390825618,-0.2200071895867306,0.10899959567728967,1.2195224639806588,0.9309925925459387,0.3342990890319539,-0.10618487618330075,-0.37914785342713675,-1.2075693234517157
1731072038.73,-0.4742677878317513,-0.4109122632320483,-0.16079260305988133,-0.09902819742567594,1.219908946504041,-0.40881180358707603,-0.16100561554538173,-0.1264435866502287,-0.2934699129344773,1.218908231217329,-0.040919754261378345,1.9341883816917078,-0.2200071895867306,0.12821718007568902,1.2197382252748357,-0.87099451319449,-0.29110909605764873,-0.10618487618330075,0.006655871310826652,-1.2109527167856928
1731072039.23,-0.18729597507781445,-0.1727252398891618,-0.16079260305988133,-0.23057625307147983,1.2199482191330568,1.3238737872461357,0.23290095742900427,-0.1264435866502287,-0.3827305913738123,1.218103910060987,0.519442976377961,1.7523682064584938,-0.2200071895867306,-0.1120026249043026,1.2204645965359415,0.9309925925459387,0.19312685307726207,-0.10618487618330075,-0.05392487885463867,-1.2094656043567327
1731072039.73,1.5345349014458474,-0.32903547395793104,-0.16079260305988133,0.22375175392745397,1.219187028825779,-0.40881180358707603,0.009200928332439344,-0.1264435866502287,1.4060534045504622,1.217727076242771,-0.5212306662379566,0.2246064743040835,-0.2200071895867306,0.7431798808244673,1.220162890884783,-0.9000588213515957,0.05043663609079923,-0.10618487618330075,-0.3313209454017694,-1.2186303245434682
1731072040.23,-0.18729597507781445,0.11756519480998107,-0.16079260305988133,1.5331421226241133,1.2215438636408844,-0.40881180358707603,0.11132485465913215,-0.1264435866502287,-0.33274461144778467,1.219877768333616,0.519442976377961,0.18918695964826251,-0.2200071895867306,0.26594320159755075,1.2213943431057337,0.9600569007030418,-0.3427204511378587,-0.10618487618330075,-0.15276715544039793,-1.2051891401695398
1731072040.73,-0.4742677878317513,-0.13798963231832415,-0.16079260305988133,-0.2022568799810637,1.2222682110827028,-0.40881180358707603,0.29612053086933793,-0.1264435866502287,-0.22563179732058264,1.2212609400562722,-0.040919754261378345,0.08056711470374513,-0.2200071895867306,-0.054349871709104644,1.2214954885509113,-0.9000588213515957,0.6014637506236287,-0.10618487618330075,0.016221252915900205,-1.206086533582156
1731072041.23,-0.4742677878317513,-0.08092399130909089,-0.16079260305988133,-0.12947913623257495,1.2223331019574752,1.3238737872461357,0.19156508248724766,-0.1264435866502287,-0.07210343040492628,1.2214319723153197,-0.040919754261378345,0.6803375628756465,1.8169496655243917,0.4068721538524791,1.221671759047253,0.9600569007030418,-0.10287944811805962,-0.10618487618330075,-0.3632055507520143,-1.2087133905424032
1731072041.73,1.5345349014458474,-0.10325402474748652,-0.16079260305988133,-0.19129454201058005,1.2214899898914569,-0.40881180358707603,0.41526511158381285,-0.1264435866502287,-0.44342785271256013,1.220289065918439,-0.040919754261378345,0.6590858540821536,-0.2200071895867306,0.38445163872101323,1.2217422038345285,-0.9000588213515957,0.15821328934653164,-0.10618487618330075,-0.14639023437034893,-1.2153204943162879
1731072042.23,-0.18729597507781445,-0.3960255742731179,-0.16079260305988133,-0.2509783820721022,1.2210999346108244,-0.40881180358707603,0.8991380006079047,-0.1264435866502287,-0.1363711188812476,1.2197236481053737,-0.040919754261378345,0.9731388840304327,-0.2200071895867306,-0.006305910713106296,1.221911507363657,0.9600569007030418,-0.5567557766175528,-0.10618487618330075,1.8591514421600563,-1.2195897392444832
1731072042.73,-0.4742677878317513,-0.16280078058320818,-0.16079260305988133,-0.0868478219029163,1.223710476111623,-0.16128529061090793,-0.2704241080382669,-0.1264435866502287,0.013586820896835454,1.2232094727698792,0.039132064401382796,1.3178888266804236,-0.2200071895867306,0.20188458693621975,1.2226019451994232,-0.9000588213515957,-0.38977786312275603,-0.10618487618330075,-0.3919016955672347,-1.209395852881045
1731072043.23,1.5345349014458474,-0.42331783736449036,-0.16079260305988133,-0.03508122593118794,1.2243454011815937,-0.40881180358707603,-0.9731339820481288,-0.1264435866502287,-0.4148644356119729,1.2241355194416237,0.519442976377961,0.682698863852701,-0.2200071895867306,0.278754924529817,1.2228858525143445,0.9600569007030418,0.7001325176887357,-0.10618487618330075,-0.3440747875418674,-1.2092089863157214
1731072043.73,-0.18729597507781445,-0.316629899825489,-0.16079260305988133,-0.22722664980272092,1.2254023986889995,1.3238737872461357,-0.8564209233890513,-0.1264435866502287,0.19210817777550557,1.2252271038726001,-0.040919754261378345,0.3332263192486012,-0.2200071895867306,-0.047944010242971534,1.223481364279719,-0.9000588213515957,-0.1210952204993102,-0.10618487618330075,-0.21972482667591223,-1.2051671258191405
1731072044.23,-0.4742677878317513,-0.15783855093023139,-0.16079260305988133,-0.1203438545905053,1.2252884459561446,-0.40881180358707603,-1.0047437687682954,-0.1264435866502287,1.4239055402383294,1.2251452038249209,-0.040919754261378345,-0.018607526332553616,-0.2200071895867306,0.06415856541435788,1.2236333543527393,0.9600569007030418,0.519492774908001,-0.10618487618330075,-0.36001709021698974,-1.208603994511617
1731072044.73,-0.4742677878317513,-0.27693206260167474,-0.16079260305988133,1.0154761629068294,1.2231963927109333,-0.40881180358707603,-0.4187469534175112,-0.1264435866502287,-0.300610767209624,1.22179551582747,-0.040919754261378345,0.049870202002033605,-0.2200071895867306,2.235745602433481,1.2237936659117343,-0.9000588213515957,-0.22431793065973013,-0.10618487618330075,-0.16870945811552032,-1.218887685140193
1731072045.23,-0.4742677878317513,-0.14543297679778935,-0.16079260305988133,-0.16297516892016395,1.2244935982779708,1.3238737872461357,-1.024195945211475,-0.1264435866502287,-0.23991350587087626,1.223265430202425,0.039132064401382796,0.17501915378593413,1.8169496655243917,0.09618787274502344,1.2243990316227753,0.9600569007030418,-0.17877849970660367,-0.10618487618330075,-0.3440747875418674,-1.2139315608625716
1731072045.73,1.5345349014458474,-0.20001750298053422,-0.16079260305988133,-0.1477496995167144,1.2246941423274347,-0.40881180358707603,-0.5135763135780114,-0.1264435866502287,-0.3613080285483719,1.2230072599379127,-0.040919754261378345,0.059315405910252535,-0.2200071895867306,0.1250142493426224,1.2249597209446927,-0.9000588213515957,-0.1696706135159784,-0.10618487618330075,-0.29624787951649995,-1.2131481513316205
1731072046.23,-0.4742677878317513,-0.21490419193946464,-0.16079260305988133,-0.03812631981187785,1.2254793409619218,-0.40881180358707603,-0.37497955642035713,-0.1264435866502287,-0.33631503858535805,1.2237525286855786,-0.5212306662379566,0.31669721240921805,1.8826579511731376,0.11860838787648927,1.2254958027550305,0.9600569007030418,-0.22887187375504275,-0.10618487618330075,-0.21653636614088767,-1.210510185057413
1731072046.73,-0.18729597507781445,-0.15783855093023139,-0.16079260305988133,-0.2135237273396164,1.2259025661933418,-0.40881180358707603,-0.3920002108081393,-0.1264435866502287,-0.20777966163271552,1.2243225259147457,-0.040919754261378345,0.7700670000037263,-0.2200071895867306,0.1346230415418221,1.2257843356314637,-0.9000588213515957,0.7942473416585304,-0.10618487618330075,1.8400206789499094,-1.2110274145552533
1731072047.23,1.5345349014458474,-0.11317848405344012,-0.16079260305988133,-0.11120857294843557,1.2258606423487632,-0.40881180358707603,-0.7397078647299741,-0.1264435866502287,-0.2791882043841836,1.2249681777808052,0.519442976377961,0.33794892120271064,-0.2200071895867306,-0.06395866390830425,1.2255774932614343,0.9600569007030418,-0.28200120986702343,-0.10618487618330075,-0.11131716848507942,-1.2169529319892198
1731072047.73,-0.4742677878317513,0.10267850585105065,-0.16079260305988133,-0.0868478219029163,1.2264975461263514,1.3238737872461357,-0.406589343140524,-0.1264435866502287,-0.24705436014602308,1.224602220676166,-0.040919754261378345,0.34739412511092954,-0.2200071895867306,0.09939080347808993,1.226624546463092,-0.9291231295086987,0.2872416770470564,-0.10618487618330075,-0.3855247744971857,-1.2109310228928762
1731072048.23,-0.4742677878317513,0.06546178345372461,-0.16079260305988133,-0.22753115919078992,1.2273728925616787,-0.40881180358707603,-0.8394002690012692,-0.1264435866502287,-0.42914614416226654,1.2258094660666699,-0.040919754261378345,0.4654591739636659,-0.2200071895867306,0.05454977321515821,1.2269758088995506,0.9891212088601449,-0.0011747189894107325,-0.10618487618330075,-0.3121901821916224,-1.2093894293062926
1731072048.73,-2.196098664355413,0.2614698547463082,4.2614553726044715,-0.1447046056360245,1.226655308456987,-0.40881180358707603,-0.42360999752830614,-0.1264435866502287,1.084714962168856,1.2248801792452773,-0.040919754261378345,1.3863665550150106,-0.2200071895867306,0.3011754396612829,1.227042079466601,-0.9000588213515957,0.27206186672934757,-0.10618487618330075,-0.3121901821916224,-1.215589860171124
1731072049.23,1.5345349014458474,0.26643208439928495,-0.16079260305988133,-0.025945944289118218,1.2300404819486948,1.3238737872461357,-0.12210126265902284,-0.1264435866502287,2.1272796863402896,1.2293174134267426,0.039132064401382796,1.511515506798911,1.8169496655243917,3.171001376488915,1.2279227115345828,-0.9000588213515957,0.32215524077778684,-0.10618487618330075,-0.1974056029307407,-1.2012363513779203
1731072049.73,-0.4742677878317513,0.316054380929053,-0.16079260305988133,1.6336302206868802,1.2271042756138475,-0.40881180358707603,-0.3117599829800235,-0.1264435866502287,-0.3648784556859453,1.2254465446882636,-0.040919754261378345,0.7204796794855767,-0.2200071895867306,-0.025523495111505635,1.2275719213444485,0.9600569007030418,0.253846094348097,-0.10618487618330075,-0.15595561597542235,-1.2183735208273017
1731072050.23,-0.4742677878317513,0.030726175882886966,-0.16079260305988133,-0.17241495995030265,1.2288580901622863,-0.40881180358707603,-0.4698089165808573,-0.1264435866502287,0.0028755394841151576,1.2279991792837233,-0.040919754261378345,1.0203649035715274,-0.2200071895867306,-0.03513228731070531,1.2279818976410573,0.9600569007030418,0.3540328424449752,-0.10618487618330075,-0.11769408955512842,-1.2133138125347136
1731072050.73,-0.4742677878317513,-0.22730976607190667,-0.16079260305988133,-0.2022568799810637,1.2286093207620075,-0.40881180358707603,-0.07833386566186878,-0.1264435866502287,0.2742280019396938,1.226775395339437,-0.040919754261378345,1.190378573919468,-0.2200071895867306,0.08337614981275722,1.2286759297873044,-0.9000588213515957,0.17339309966424046,-0.10618487618330075,-0.37277093235708775,-1.2130831770909447
1731072051.23,1.5345349014458474,-0.15535743610374297,-0.16079260305988133,0.013640276159850586,1.2290931860240382,1.3238737872461357,0.17940747221026043,-0.1264435866502287,-0.22206137018300917,1.2281605322030509,0.519442976377961,1.0628683211585126,-0.2200071895867306,-0.03513228731070531,1.2285430969150846,0.9600569007030418,0.05499057918611171,-0.10618487618330075,-0.16870945811552032,-1.216605155686197
1731072051.73,-0.4742677878317513,0.028245061056398565,-0.16079260305988133,-0.06553216473808696,1.2286783876741243,-0.40881180358707603,-0.18775235815475366,-0.1264435866502287,-0.21849094304543584,1.2264902731844887,-0.040919754261378345,1.8090394299078072,-0.2200071895867306,0.022520465884492715,1.2293392066052915,-0.9000588213515957,0.26295398053872227,-0.10618487618330075,1.699728415408832,-1.2161757642350726
1731072052.23,-2.196098664355413,-0.1652818954096966,4.2614553726044715,-0.16997888484575072,1.2295598546922644,-0.40881180358707603,-0.1196697406036254,-0.1264435866502287,1.0097359922798148,1.2282759271253874,0.039132064401382796,1.2210754866211793,-0.2200071895867306,0.06415856541435788,1.2293557460203075,0.9600569007030418,-0.10591541018160137,-0.10618487618330075,-0.3695824718220632,-1.2171676240142946
1731072052.73,-0.4742677878317513,0.278837658531727,-0.16079260305988133,-0.0868478219029163,1.2292388639838254,-1.8939708814441196,0.11861942082532449,3.6343820078787594,-0.14351197315639438,1.2278471777168856,-0.040919754261378345,0.9825840879386516,-0.2200071895867306,0.09939080347808993,1.2295115031856272,-0.9000588213515957,0.027666920614236014,-0.10618487618330075,-0.25479789256118157,-1.2212988844011345
1731072053.23,1.5345349014458474,-0.0883673357885561,-0.16079260305988133,-0.06553216473808696,1.2304137937588222,1.3238737872461357,-0.12210126265902284,-0.1264435866502287,-0.07567385754249961,1.229189739285732,0.519442976377961,0.15140614401538707,-0.2200071895867306,0.19547872547008663,1.2300733419645187,-0.9000588213515957,-0.6007772265389083,-0.10618487618330075,-0.36639401128703875,-1.2171024652802922
1731072053.73,-0.4742677878317513,0.316054380929053,-0.16079260305988133,-0.18033220404009642,1.2311560062640516,-0.40881180358707603,0.1526607296008885,-0.1264435866502287,3.141280993411136,1.2295305162039782,-0.040919754261378345,0.3119746104551086,-0.2200071895867306,1.146749153190853,1.2308059389917285,0.9600569007030418,0.21589656855382514,-0.10618487618330075,-0.3440747875418674,-1.213115021753866
1731072054.23,-0.4742677878317513,0.42026120364156594,-0.16079260305988133,-0.13556932399395477,1.2307431245532165,-0.40881180358707603,0.11132485465913215,-0.1264435866502287,-0.1863570988072751,1.22934588155962,-0.040919754261378345,0.8172930195448209,-0.2200071895867306,0.048143911749025096,1.2307289104055261,0.9600569007030418,-0.05582203613316246,-0.10618487618330075,-0.12725947116020198,-1.2193441733112043
1731072054.73,-0.4742677878317513,0.32349772540851823,-0.16079260305988133,-0.16845633790540576,1.230849633398429,-0.40881180358707603,0.06512593560658064,-0.1264435866502287,-0.3434558928605049,1.2287911379422447,-0.040919754261378345,0.46309787298661115,-0.2200071895867306,0.2435226864660849,1.2313730048029463,-0.9000588213515957,-0.061893960260245816,-0.10618487618330075,-0.21334790560586323,-1.2182541983276072
1731072055.23,1.5345349014458474,0.19199863960463315,-0.16079260305988133,0.9758899424578606,1.2317307425342918,-0.40881180358707603,-0.2704241080382669,-0.1264435866502287,-0.0042653147910316535,1.2308561546107628,0.519442976377961,0.7747896019578357,-0.2200071895867306,-0.01911763364537252,1.2312247530296943,0.9600569007030418,0.08990414291684215,-0.10618487618330075,-0.27074019523630405,-1.2205042976586833
1731072055.73,-0.4742677878317513,0.26643208439928495,-0.16079260305988133,-0.18033220404009642,1.232726620684423,1.3238737872461357,0.1283455090469143,-0.1264435866502287,0.12069963502403747,1.2319919673623854,-0.040919754261378345,0.5599112130458551,-0.2200071895867306,-0.009508841446172853,1.2317348800693801,-0.9000588213515957,-0.4823747060607796,-0.10618487618330075,-0.3440747875418674,-1.2173282882218024
1731072056.23,-0.4742677878317513,0.39545005537668193,-0.16079260305988133,-0.23331683756410074,1.2320431866596955,-0.16128529061090793,-0.5913850193507297,-0.1264435866502287,-0.4041531541992527,1.2305338765984648,-0.040919754261378345,1.2139915836900153,-0.2200071895867306,0.17626114107168728,1.232145694488195,0.9600569007030418,0.25232811331632626,-0.10618487618330075,2.6658319575212523,-1.2207796679261407
1731072056.73,-0.4742677878317513,0.5740903228838466,-0.16079260305988133,0.0197304639212304,1.233022705175418,-0.40881180358707603,-0.44063065191608825,-0.1264435866502287,-0.1863570988072751,1.2312773031571467,-0.040919754261378345,1.3415018364509708,-0.2200071895867306,0.012911673685293043,1.2328710003941876,-0.9000588213515957,0.32974514593664106,-0.10618487618330075,-0.13363639223025095,-1.2160189433923865
1731072057.23,1.5345349014458474,0.6385993083725451,-0.16079260305988133,-0.047261601453947574,1.2330485065629204,1.3238737872461357,-0.6327208942924863,-0.1264435866502287,-0.025687877616472087,1.2321676804813004,0.519442976377961,0.8834094469023535,-0.2200071895867306,0.019317535151426157,1.2325859741083274,0.9600569007030418,0.2857236960152857,-0.10618487618330075,-0.3504517086119163,-1.222301622324526
1731072057.73,-0.4742677878317513,0.8321262648386405,-0.16079260305988133,-0.22144097142941013,1.2362374392116073,-0.40881180358707603,-0.40415782108512655,-0.1264435866502287,-0.3648784556859453,1.2355955690804183,-0.040919754261378345,1.4690120892119265,-0.2200071895867306,-0.044741079509904975,1.2338707737591388,-0.9000588213515957,0.496723059431438,-0.10618487618330075,-0.044359497249565116,-1.2055487763347696
1731072058.23,-0.18729597507781445,0.7874661979618492,-0.16079260305988133,-0.10816347906774566,1.2332663954673786,-0.40881180358707603,-0.09778604210504836,-0.1264435866502287,0.8919118967398925,1.2322257869804736,-0.040919754261378345,1.2919145159328211,-0.2200071895867306,0.6342802359002044,1.233191335335707,0.9600569007030418,-0.3685261286779637,-0.10618487618330075,-0.060301799924687656,-1.2253159208747586
1731072058.73,-0.4742677878317513,0.705589408687732,-0.16079260305988133,-0.07771254026084659,1.2334423474947984,-0.40881180358707603,-0.19261540226554857,-0.1264435866502287,-0.33631503858535805,1.2320068585794122,-0.040919754261378345,1.5351285165694584,-0.2200071895867306,0.0769702883466241,1.2337049189549172,-0.9000588213515957,0.9050599569778046,-0.10618487618330075,-0.35364016914694085,-1.2249795688272196
1731072059.23,-0.4742677878317513,-0.4382045263234208,-0.16079260305988133,-0.23666644083285965,1.236231621591295,1.3238737872461357,-0.26312954187207455,-0.1264435866502287,-0.20777966163271552,1.235671523420507,-0.040919754261378345,1.2659402051852195,1.8169496655243917,-0.03192935657763875,1.2344631535217176,0.9600569007030418,0.07776029466267509,-0.10618487618330075,-0.2484209714911326,-1.2136416460674557
1731072059.73,1.5345349014458474,-0.4952701673326539,-0.16079260305988133,-0.11120857294843557,1.2375914671628585,-0.40881180358707603,-0.34336976970019034,-0.1264435866502287,-0.26133606869631665,1.2370229530048917,-0.040919754261378345,1.775981216229041,-0.2200071895867306,0.0161146044183596,1.2351988393285385,-0.9000588213515957,0.4132341026840397,-0.10618487618330075,-0.32494402433172037,-1.207472484783941
1731072060.23,-0.4742677878317513,-0.061075072697183944,-0.16079260305988133,-0.03203613205049803,1.235745813841519,-0.40881180358707603,-0.26312954187207455,-0.1264435866502287,-0.31489247575991763,1.23494983768305,-0.040919754261378345,2.097118149108484,-0.2200071895867306,0.09298494201195681,1.234846039267116,0.9600569007030418,0.886844184596554,-0.10618487618330075,-0.29624787951649995,-1.22081324730777
1731072060.73,-0.4742677878317513,-0.4282800670174672,-0.16079260305988133,-0.10511838518705575,1.2338519323453627,-0.40881180358707603,-0.1634371376007792,-0.1264435866502287,-0.31489247575991763,1.2321898508082985,-0.040919754261378345,0.935358068397557,-0.2200071895867306,-0.01911763364537252,1.2348509493873179,-0.9000588213515957,-0.21065610137379218,-0.10618487618330075,1.183197808734864,-1.2315936037776631
1731072061.23,1.5345349014458474,-0.11069736922695173,-0.16079260305988133,1.3930678041123776,1.2340065520754058,1.3238737872461357,-0.039429512775509615,-0.1264435866502287,-0.318462902897491,1.23233225791926,-0.040919754261378345,0.48434958178010373,-0.2200071895867306,0.1218113186095559,1.235131136351222,0.9600569007030418,0.888362165628325,-0.10618487618330075,-0.3185671032616714,-1.2331127627402159
1731072061.73,-2.196098664355413,-0.2421964550308371,4.2614553726044715,-0.16602026280085386,1.2379045598190814,-0.40881180358707603,-0.015114292221535135,-0.1264435866502287,-0.1934979530824219,1.2375568390688887,0.519442976377961,0.1726578528088794,-0.2200071895867306,-0.04153814877683842,1.2360448020513615,-0.9000588213515957,0.09901202910746744,-0.10618487618330075,-0.29624787951649995,-1.2167127785914054
1731072062.23,-0.4742677878317513,-0.29678098121358193,-0.16079260305988133,-0.18855395751795914,1.2370795278223121,-0.40881180358707603,0.18670203837645277,-0.1264435866502287,-0.2363430787333028,1.235483663483527,-0.5212306662379566,-0.18862119668049404,1.8826579511731376,0.5606128290396737,1.2366804656513009,0.9600569007030418,0.44207574228768626,-0.10618487618330075,-0.29624787951649995,-1.2189450578854193
1731072062.73,-2.196098664355413,-0.3861011149671643,4.2614553726044715,-0.2062155020259606,1.235375550142152,-0.40881180358707603,0.31557270731251724,-0.1264435866502287,1.4631802387516366,1.2336626396197623,0.039132064401382796,0.4253170573537357,-0.2200071895867306,0.1890728640039535,1.236316576731566,-0.9000588213515957,-0.3837059389956725,-0.10618487618330075,-0.3153786427266469,-1.2318749417947183
1731072063.23,-0.4742677878317513,-0.08340510613557929,-0.16079260305988133,-0.11729876070981539,1.2369505685988509,1.3238737872461357,0.7897195081150193,-0.1264435866502287,0.1242700621616108,1.235812954092934,0.519442976377961,0.2860002997075065,-0.2200071895867306,2.19090457217055,1.236790322403323,0.9600569007030418,-0.028498377561286595,-0.10618487618330075,-0.3153786427266469,-1.2269517422800176
1731072063.73,1.5345349014458474,-0.08092399130909089,-0.16079260305988133,-0.0868478219029163,1.2365038257525862,-0.40881180358707603,0.558724912852262,-0.1264435866502287,-0.061392148992206144,1.234803025988031,-0.040919754261378345,0.26710989189106865,-0.2200071895867306,0.24992854793221803,1.2371664488635572,-0.9000588213515957,1.2116921253955222,-0.10618487618330075,-0.2037825240007897,-1.229841536523795
1731072064.23,-0.4742677878317513,-0.43076118184395557,-0.16079260305988133,-0.225399593474307,1.2380535099753276,-0.40881180358707603,-0.4527882621930755,-0.1264435866502287,-0.37916016423623894,1.2366515214781735,-0.040919754261378345,0.422955756376681,-0.2200071895867306,0.2819578552628836,1.2377933042324107,0.9600569007030418,0.2234864737126797,-0.10618487618330075,-0.15276715544039793,-1.223839053104249
1731072064.73,-0.4742677878317513,-0.420836722538002,-0.16079260305988133,-0.11120857294843557,1.238237968127397,-0.40881180358707603,-1.1482035700367448,-0.1264435866502287,-0.03996958616676571,1.2361239099319346,0.039132064401382796,0.14196094010716814,-0.2200071895867306,-0.1344231400357685,1.2384966842546834,-0.9000588213515957,0.5726221110199821,-0.10618487618330075,-0.1814633002556183,-1.2220264655785267
1731072065.23,-0.18729597507781445,-0.03874503925878831,-0.16079260305988133,-0.06553216473808696,1.2405414307470444,-0.40881180358707603,-1.0169013790452828,3.5168562080497283,-0.057821721854632656,1.2398045158807869,-0.040919754261378345,-0.29487974064795697,-0.2200071895867306,-0.047944010242971534,1.2387751506543534,0.9600569007030418,-0.3533463183602549,-0.10618487618330075,0.3031827010681044,-1.216045349592102
1731072065.73,1.5345349014458474,-0.05859395787069554,-0.16079260305988133,-0.24915132574368826,1.2412447497609096,-0.40881180358707603,-0.8223796146134871,-0.1264435866502287,-0.42914614416226654,1.240483764707214,0.519442976377961,0.049870202002033605,-0.2200071895867306,0.37484284652181366,1.2392706561073927,-0.9000588213515957,-0.08466367573680904,-0.10618487618330075,0.12462891110673287,-1.2140038520012064
1731072066.23,-0.4742677878317513,-0.1826496991951154,-0.16079260305988133,-0.11425366682912548,1.2406050983282781,-0.16128529061090793,-0.4138839093067163,-0.1264435866502287,-0.36844888282351873,1.2394396872685762,-0.040919754261378345,0.18210305671709834,-0.2200071895867306,-0.025523495111505635,1.239480060865783,-0.9000588213515957,-0.11046935327691401,-0.10618487618330075,0.03535201612604717,-1.2188398863946925
1731072066.73,-0.4742677878317513,0.03320729070937537,-0.16079260305988133,1.4661500572489354,1.2397757325178609,-0.40881180358707603,-0.9342296291617697,-0.1264435866502287,0.20281945918822572,1.2385543506263474,-0.040919754261378345,0.059315405910252535,-0.2200071895867306,-0.04153814877683842,1.2394123916453486,0.9600569007030418,-0.24556966510452247,-0.10618487618330075,-0.32494402433172037,-1.2264521695797839
1731072067.23,1.5345349014458474,0.0034339127915145344,-0.16079260305988133,-0.10816347906774566,1.2399509778354492,1.3238737872461357,-0.8515578792782564,-0.1264435866502287,-0.029258304754045415,1.238545605628281,0.519442976377961,0.6094985335640045,-0.2200071895867306,0.11860838787648927,1.239801494809629,0.9600569007030418,0.7669236830866545,-0.10618487618330075,0.293617319463031,-1.2270685670709431
1731072067.73,-0.4742677878317513,-0.10821625440046333,-0.16079260305988133,0.02277555780192031,1.2420912950972638,-0.40881180358707603,-0.7713176514501406,-0.1264435866502287,2.8199425510295297,1.2407935786826154,-0.040919754261378345,0.23405167821230244,-0.2200071895867306,1.7873352998041636,1.2407650546978342,-0.87099451319449,-0.2091381203420213,-0.10618487618330075,0.2298481087625411,-1.2164334912888721
1731072068.23,-0.4742677878317513,0.04065063518884058,-0.16079260305988133,-0.09598310354498603,1.2414708979678728,-0.40881180358707603,-0.9609763717711416,-0.1264435866502287,-0.28275863152175706,1.2406756987624716,-0.040919754261378345,0.4654591739636659,-0.2200071895867306,0.18586993327088688,1.240448118608892,0.9309925925459387,-0.1681526324842075,-0.10618487618330075,-0.3440747875418674,-1.2252154834281106
1731072068.73,-0.4742677878317513,-0.05115061339123033,-0.16079260305988133,-0.21078314284699545,1.2409452342966585,-0.40881180358707603,-1.0582372539870393,-0.1264435866502287,-0.1863570988072751,1.2388034816819211,-0.040919754261378345,0.5126851935047605,-0.2200071895867306,0.05454977321515821,1.2412551334485633,-0.9000588213515957,-0.02090847240243219,-0.10618487618330075,-0.12725947116020198,-1.2250967647424582
1731072069.23,1.5345349014458474,-0.09581068026802131,-0.16079260305988133,-0.11120857294843557,1.239549640947834,1.3238737872461357,-0.41631543136211374,-0.1264435866502287,-0.1863570988072751,1.237819577458111,0.519442976377961,0.38753624172086,-0.2200071895867306,0.19868165620315312,1.240697420569483,0.9600569007030418,-0.05734001716493317,-0.10618487618330075,0.022598173985949193,-1.2384250990941896
1731072069.73,-0.18729597507781445,0.7849850831353609,-0.16079260305988133,-0.0838027280222264,1.2418757308867256,-0.40881180358707603,-0.027271902498522373,-0.1264435866502287,0.6455524242473275,1.2401478946864213,-0.040919754261378345,2.3993646741714896,-0.2200071895867306,-0.07677038684057047,1.2417934649677378,-0.9000588213515957,0.44511170435122804,-0.10618487618330075,-0.3440747875418674,-1.2261303817704416
1731072070.23,-2.196098664355413,0.5467980597924742,4.2614553726044715,-0.20438844569754666,1.2445088720852406,-0.40881180358707603,-0.7008035118436149,-0.1264435866502287,0.4741719216438044,1.2436191614065353,-0.040919754261378345,1.320250127657478,-0.2200071895867306,0.1346230415418221,1.2425143103870746,-0.9000588213515957,-0.09680752399097609,-0.10618487618330075,2.257709009038118,-1.215622400474689
1731072070.73,-0.4742677878317513,0.643561538025522,-0.16079260305988133,-0.12947913623257495,1.243418393712639,-0.40881180358707603,-0.23881432131810007,-0.1264435866502287,0.12962570286797093,1.242905362725867,-0.040919754261378345,1.5374898175465133,-0.2200071895867306,0.24992854793221803,1.2420930208247665,0.9600569007030418,0.37073063379445503,-0.10618487618330075,-0.11769408955512842,-1.2268432871618078
1731072071.23,1.5345349014458474,0.19447975443112156,-0.16079260305988133,0.8662665627530239,1.2430249482162505,1.3238737872461357,-0.7615915632285508,-0.1264435866502287,-0.21492051590786235,1.241641563285732,0.519442976377961,0.878686844948244,-0.2200071895867306,-0.08637917903977015,1.2426700221348508,-0.9000588213515957,0.1749110806960115,-0.10618487618330075,-0.2930594189814755,-1.2280162083920694
1731072071.73,-0.4742677878317513,0.43514789260049636,-0.16079260305988133,-0.2351438938925147,1.2419263202213364,-0.16128529061090793,-0.6302893722370889,-0.1264435866502287,-0.20420923449514222,1.2402042763155705,-0.040919754261378345,1.5067929048448017,-0.2200071895867306,0.15063769520715484,1.2426665306268367,0.9309925925459387,0.3403710131590374,-0.10618487618330075,-0.18784022132566727,-1.2360806353067324
1731072072.23,-0.4742677878317513,0.10764073550402746,-0.16079260305988133,-0.11729876070981539,1.2439652644628905,-0.40881180358707603,-0.4673773945254599,-0.1264435866502287,-0.36844888282351873,1.2425605312755503,-0.040919754261378345,1.4383151765102147,-0.2200071895867306,1.3421279279079128,1.243468162762264,0.9600569007030418,0.05802654124965347,-0.10618487618330075,-0.1974056029307407,-1.2270347020656645
1731072072.73,-0.4742677878317513,-0.32903547395793104,-0.16079260305988133,-0.06553216473808696,1.2436025183431305,-0.40881180358707603,-0.36282194614336993,-0.1264435866502287,-0.24705436014602308,1.2426013100219173,-0.040919754261378345,1.17148816610303,-0.2200071895867306,0.17305821033862065,1.2433074227913334,-0.9000588213515957,-0.13172108772170635,-0.10618487618330075,-0.2579863530962061,-1.233723996035439
1731072073.23,1.5345349014458474,-0.14047074714481256,-0.16079260305988133,-0.2244860653101,1.2443483084298093,1.3238737872461357,-0.3336436814786005,-0.1264435866502287,-0.0006948876534581689,1.2427811408296465,0.519442976377961,1.464289487257817,-0.2200071895867306,0.17946407180475377,1.2441377523641157,0.9600569007030418,0.11115587736163449,-0.10618487618330075,-0.14001331330029995,-1.2289821106556902
1731072073.73,-0.4742677878317513,0.291243232664169,-0.16079260305988133,-0.19494865466740793,1.2459186377697593,-0.16128529061090793,-0.25826649776127963,-0.1264435866502287,-0.4005827270616793,1.2449907960984987,-0.5212306662379566,0.19627086257942672,-0.2200071895867306,0.028926327350625756,1.2445720888290426,-0.87099451319449,0.117227801488718,-0.10618487618330075,-0.30262480058654895,-1.2243746202915187
1731072074.23,-0.4742677878317513,0.20688532856356356,-0.16079260305988133,-0.13861441787464468,1.2437158052915094,-0.40881180358707603,-0.1099436523820356,-0.1264435866502287,-0.31489247575991763,1.2422697133192127,0.519442976377961,0.5032399895965416,-0.2200071895867306,0.060955634681291324,1.2442551316692283,-0.9000588213515957,0.32367322180955754,6.581873565763087,-0.3632055507520143,-1.238690174438369
1731072074.73,-5.926732230156674,-0.013933890993904286,13.244146573172689,-0.2278356685788589,1.245225836280599,-0.40881180358707603,0.07485202382817044,-0.1264435866502287,-0.20063880735756873,1.2440589275158511,-0.040919754261378345,0.39225884367496944,-0.2200071895867306,0.051346842482091655,1.2448784048913462,-0.9000588213515957,0.10963789632986344,-0.10618487618330075,0.022598173985949193,-1.2328534881266542
1731072075.23,1.5345349014458474,0.4872513039567528,-0.16079260305988133,-0.0868478219029163,1.2446833318376722,1.3238737872461357,1.032871713654764,-0.1264435866502287,-0.3113220486223442,1.2432485411842167,0.519442976377961,0.8716029420170796,-0.2200071895867306,0.1378259722748886,1.245044398530519,0.9600569007030418,0.191608872045491,-0.10618487618330075,-0.34726324807689185,-1.2376810365786455
1731072075.73,-0.4742677878317513,0.34582775884691386,-0.16079260305988133,0.21766156616607416,1.2476639904877844,-0.40881180358707603,0.2134487809858247,-0.1264435866502287,-0.33631503858535805,1.2469271671561297,-0.040919754261378345,0.44184616419311884,-0.2200071895867306,0.16344941813942107,1.2459795387906534,-0.9000588213515957,0.18250098585486574,-0.10618487618330075,-0.044359497249565116,-1.2243237403322027
1731072076.23,-0.4742677878317513,0.11260296515700426,-0.16079260305988133,1.4356991184420362,1.2463299247758048,-0.40881180358707603,0.5198205599659028,-0.1264435866502287,-0.31489247575991763,1.2450228395143785,-0.5212306662379566,0.4253170573537357,1.8826579511731376,0.10579666494422305,1.246022925882621,0.9600569007030418,-0.5855974162211995,-0.10618487618330075,-0.2675517347012796,-1.2328543821477007
1731072076.73,-0.4742677878317513,0.6708538011168944,-0.16079260305988133,-0.1416595117553346,1.2464482970195117,-0.40881180358707603,-0.22665671104111282,-0.1264435866502287,-0.3613080285483719,1.245213263912432,-0.040919754261378345,0.507962591550651,-0.2200071895867306,-0.038335218043771865,1.2462398258137588,-0.9000588213515957,0.2492921512527845,-0.10618487618330075,-0.2324786688160102,-1.2349823066668233
1731072077.23,1.5345349014458474,0.34582775884691386,-0.16079260305988133,-0.13861441787464468,1.2469018820817248,-0.16128529061090793,-0.3555273799771776,-0.1264435866502287,-0.2541952144211698,1.2451085802865076,0.519442976377961,0.5764403198852383,-0.2200071895867306,2.0115404511188224,1.2469546148851032,0.9600569007030418,0.02463095855069425,-0.10618487618330075,-0.08580948420488346,-1.2321439399685756
1731072077.73,-0.4742677878317513,0.45995904086538036,-0.16079260305988133,-0.20377942692140866,1.2477565919807143,1.3238737872461357,-0.6716252471788455,-0.1264435866502287,2.420054711621309,1.246476488314763,-0.040919754261378345,0.5244916983900342,-0.2200071895867306,-0.07356745610750391,1.2471915517988348,-0.9000588213515957,-0.45353306645713287,-0.10618487618330075,-0.3855247744971857,-1.23154332142607
1731072078.23,-0.18729597507781445,0.6981460642082667,-0.16079260305988133,-0.09902819742567594,1.2471436212414988,-0.40881180358707603,-0.6424469825140762,-0.1264435866502287,0.09213621792345023,1.2452580673030451,-0.040919754261378345,0.8834094469023535,-0.2200071895867306,0.10579666494422305,1.24752929723679,-0.9000588213515957,0.546816433479877,6.581873565763087,-0.1814633002556183,-1.2353089199647658
1731072078.73,-0.4742677878317513,0.5542414042719395,-0.16079260305988133,-0.22966272490727285,1.2474434282382352,-0.40881180358707603,-0.18288931404395878,-0.1264435866502287,0.4170450874426299,1.2452797153507464,-0.040919754261378345,0.9022998547187907,-0.2200071895867306,0.1698552796055542,1.2480209740821608,-0.9000588213515957,-0.32905862185192075,-0.10618487618330075,-0.07943256313483447,-1.2347087520025384
1731072079.23,-0.4742677878317513,-0.49775128215914227,4.12326012336496,0.028865745563300058,1.2503753801050133,1.3238737872461357,-0.4333360857498959,-0.1264435866502287,-0.3113220486223442,1.2499979889374535,0.519442976377961,1.6697226722615783,-0.2200071895867306,-0.0671615946413708,1.2482976343870469,0.9600569007030418,0.35858678554028794,-0.10618487618330075,-0.03160565510946714,-1.2265383410577604
1731072079.73,-0.4742677878317513,1.0256532213047358,-0.16079260305988133,0.3516456969164301,1.2488311295925252,-0.40881180358707603,-0.5111447915226139,-0.1264435866502287,-0.3505967471356517,1.2475829732955253,0.039132064401382796,1.8846010611735586,-0.2200071895867306,0.1474347644740882,1.2484379730971913,-0.9000588213515957,0.3449249562543499,-0.10618487618330075,3.048447221724192,-1.2350658203563378
1731072080.23,-0.18729597507781445,0.12252742446295788,-0.16079260305988133,-0.0868478219029163,1.2493594330054996,-0.40881180358707603,-0.28258171831525414,-0.1264435866502287,-0.23991350587087626,1.2481574379569569,-0.040919754261378345,1.4973477009365825,-0.2200071895867306,0.028926327350625756,1.2488256741917778,0.9891212088601449,0.6318233712590463,-0.10618487618330075,-0.14320177383532437,-1.2344582755922373
1731072080.73,-0.4742677878317513,-0.43324229667044395,-0.16079260305988133,0.26029288049573285,1.2490532627902555,-0.40881180358707603,0.10889333260373471,-0.1264435866502287,-0.21135008877028902,1.2478406246328126,-0.040919754261378345,1.7405617015732202,-0.2200071895867306,-0.047944010242971534,1.2489301186786907,-0.9291231295086987,0.8443407157069693,-0.10618487618330075,-0.28030557684137747,-1.2389279429925784
1731072081.23,1.5345349014458474,-0.46301567458830467,-0.16079260305988133,0.062361778250889045,1.2499480119589546,1.3238737872461357,-0.1148066964928305,-0.1264435866502287,-0.07567385754249961,1.2483011412717087,0.519442976377961,1.7807038181831505,-0.2200071895867306,0.028926327350625756,1.2497393014156648,0.9600569007030418,-0.24101572200920982,-0.10618487618330075,-0.3090017216565979,-1.2338277961259536
1731072081.73,-0.4742677878317513,-0.13550851749183576,-0.16079260305988133,0.5313062358771344,1.2496806036586916,-0.40881180358707603,0.09916724438214491,-0.1264435866502287,-0.40772358133682607,1.247553997727291,-0.040919754261378345,2.167957178420126,-0.2200071895867306,2.8507083031822598,1.2501342233561554,-2.7601745434062304,0.990066894756974,7.103020976823845,-0.14957869490537334,-1.2359493849501435
1731072082.23,-0.18729597507781445,-0.27693206260167474,-0.16079260305988133,-0.16602026280085386,1.2489319867396498,-0.16128529061090793,0.15752377371168338,-0.1264435866502287,0.6169890071467403,1.2471797114327534,-0.040919754261378345,1.0298101074797463,-0.2200071895867306,0.3043783703943494,1.2498444932347337,0.9600569007030418,-0.03457030168837012,-0.10618487618330075,-0.25479789256118157,-1.2449692952182752
1731072082.73,-2.196098664355413,-0.07844287648260248,4.2614553726044715,-0.1708924130099577,1.2516600499517274,-1.8939708814441196,0.16724986193327318,3.6343820078787594,-0.025687877616472087,1.2512029428542486,-0.5212306662379566,-0.10833696346063343,1.8826579511731376,0.051346842482091655,1.25033258887976,-0.9000588213515957,0.3312631269684121,-0.10618487618330075,-0.15276715544039793,-1.2359005310365672
1731072083.23,1.5345349014458474,-0.10573513957397492,-0.16079260305988133,0.02277555780192031,1.2513808856121447,1.3238737872461357,0.2718053103153634,-0.1264435866502287,-0.33274461144778467,1.2494738261912122,0.519442976377961,0.09709622154312825,-0.2200071895867306,0.057752703948224765,1.2512934053521025,-0.9000588213515957,-0.5461299093951566,-0.10618487618330075,-0.3058132611215734,-1.233753256993497
1731072083.73,-2.196098664355413,-0.07348064682962596,4.2614553726044715,-0.15688498115878413,1.2519833252760724,-0.40881180358707603,0.4760531629687488,-0.1264435866502287,-0.40772358133682607,1.250633449353894,-0.040919754261378345,0.13487703717600397,-0.2200071895867306,-0.025523495111505635,1.251408836913638,0.9600569007030418,-0.5613097197128655,-0.10618487618330075,-0.24204405042108362,-1.2349598220300286
1731072084.23,-0.4742677878317513,-0.35136550739632666,-0.16079260305988133,-0.18855395751795914,1.253629771500716,-0.40881180358707603,0.5976292657386212,-0.1264435866502287,0.37777038892932235,1.2526412082861165,-0.040919754261378345,0.3355876202256559,-0.2200071895867306,0.012911673685293043,1.2520355261672875,0.9600569007030418,0.8337148484845733,-0.10618487618330075,1.7316130207590767,-1.228619834126398
1731072084.73,-0.4742677878317513,-0.10325402474748652,-0.16079260305988133,0.8327705300654351,1.2517072899118435,-0.40881180358707603,0.5100944717443131,-0.1264435866502287,-0.34702631999807826,1.250299485994959,-0.040919754261378345,0.44420746517017357,-0.2200071895867306,0.09939080347808993,1.2517669254146082,-0.9000588213515957,0.006415186169443674,-0.10618487618330075,-0.13363639223025095,-1.241585776914846
1731072085.23,1.5345349014458474,-0.1826496991951154,-0.16079260305988133,-0.23757996899706663,1.2514612623577785,1.3238737872461357,0.6268075304033905,-0.1264435866502287,-0.3934418727865325,1.2493525671247991,0.519442976377961,0.27891639677634233,-0.2200071895867306,0.16024648740635444,1.2522999315484953,0.9600569007030418,0.029184901646006893,-0.10618487618330075,0.04172893719609616,-1.2425813231620613
1731072085.73,-0.4742677878317513,-0.30422432569304714,-0.16079260305988133,0.02277555780192031,1.2536104768786391,-1.8939708814441196,-0.8661470116106411,-0.1264435866502287,-0.2684769229714634,1.252922699654306,-0.040919754261378345,0.3686458339044221,-0.2200071895867306,-0.08317624830670359,1.2524945560534306,-0.9000588213515957,-0.6083671316977628,-0.10618487618330075,-0.35364016914694085,-1.2377720074632936
1731072086.23,-0.18729597507781445,0.48228907430377604,-0.16079260305988133,0.06845196601226886,1.2535491092793913,1.3238737872461357,-0.554912188519768,-0.1264435866502287,-0.1863570988072751,1.251776458194202,-0.040919754261378345,0.4560139700554472,-0.2200071895867306,0.9994143394697915,1.2533232923946174,0.9891212088601449,-0.4808567250290087,-0.10618487618330075,-0.028417194574442715,-1.2358696463416041
1731072086.73,-0.4742677878317513,-0.021377235473369494,-0.16079260305988133,-0.22265900898168609,1.2532661291905642,-0.40881180358707603,-0.28744476242604905,-0.1264435866502287,-0.08281471181764642,1.2510624230016008,-0.040919754261378345,0.23641297918935716,-0.2200071895867306,0.10899959567728967,1.2536836489159668,-0.9000588213515957,0.39198236823924737,-0.10618487618330075,-0.050736418319614104,-1.2383094739802594
1731072087.23,-0.4742677878317513,-0.0982917950945097,-0.16079260305988133,1.2347229223165024,1.2528828178600464,1.3238737872461357,-1.0582372539870393,-0.1264435866502287,1.6202790328048666,1.2508115925891652,0.43939115771519704,0.28127769775339706,-0.2200071895867306,0.0257233966175592,1.2536747761380476,0.9600569007030418,0.07472433259913333,-0.10618487618330075,-0.3345094059367939,-1.2439115140231947
1731072087.73,1.5345349014458474,-0.07844287648260248,-0.16079260305988133,-0.05335178921532732,1.252986591155642,-0.40881180358707603,-0.5403230561873833,-0.1264435866502287,0.1456926249870512,1.251125381753417,0.039132064401382796,0.1726578528088794,-0.2200071895867306,0.0769702883466241,1.2538051275177962,-0.9000588213515957,0.760851758959571,-0.10618487618330075,-0.2516094320261571,-1.246748973368438
1731072088.23,-2.196098664355413,-0.31166767017251223,4.2614553726044715,-0.17941867587588944,1.2557874524995143,-0.40881180358707603,-0.4090208651959214,-0.1264435866502287,-0.2898994857969039,1.2554093242941267,-1.0015415782145318,0.422955756376681,4.051031377581752,0.8360648720833973,1.2542104749346188,0.9600569007030418,-0.14841887907118606,-0.10618487618330075,-0.26436327416625505,-1.2380540522446706
1731072088.73,-0.18729597507781445,0.4723646149978224,-0.16079260305988133,-0.1264340423518851,1.2566348020321982,-0.40881180358707603,-0.8369687469458718,-0.1264435866502287,-0.0328287318916189,1.255239428399581,-0.040919754261378345,0.2529420860287403,-0.2200071895867306,0.8969205560116617,1.2553441231328706,-0.9000588213515957,-0.11046935327691401,-0.10618487618330075,0.9249325053978801,-1.2306509534480417
1731072089.23,-0.4742677878317513,0.2614698547463082,-0.16079260305988133,0.1780753457171054,1.2563002733242554,1.3238737872461357,-0.6910774236220251,-0.1264435866502287,-0.018547023341325276,1.2558604302413794,0.519442976377961,0.5315756013211984,-0.2200071895867306,0.19868165620315312,1.2548701084110414,0.9309925925459387,-0.09073559986389255,-0.10618487618330075,-0.28668249791142647,-1.239623051051724
1731072089.73,1.5345349014458474,0.20192309891058677,-0.16079260305988133,-0.11729876070981539,1.2565948710287191,-0.40881180358707603,-0.9463872394387569,-0.1264435866502287,-0.3720193099610921,1.255029079033751,-0.040919754261378345,0.4654591739636659,-0.2200071895867306,0.6951359198284691,1.2558579036591329,-0.9000588213515957,-0.08162771367326728,-0.10618487618330075,-0.3090017216565979,-1.2352651150086849
1731072090.23,-0.4742677878317513,-0.10821625440046333,-0.16079260305988133,-0.18155024159237237,1.257835711970466,-0.40881180358707603,-0.8077904822811023,-0.1264435866502287,-0.28632905865933045,1.257554980362721,-0.040919754261378345,0.7865961068431091,-0.2200071895867306,1.1211257073263206,1.2557878943203247,0.9600569007030418,-0.2546775512951476,-0.10618487618330075,-0.3185671032616714,-1.2356478893975735
1731072090.73,-0.4742677878317513,0.1671874913397491,-0.16079260305988133,0.3760064479619492,1.2579656969734032,-0.40881180358707603,-0.5792274090737425,-0.1264435866502287,-0.12923026460610076,1.2566093381641685,0.039132064401382796,0.9967518938009801,-0.2200071895867306,1.598362386553237,1.2566836393251204,-0.9000588213515957,-0.7343595573347458,-0.10618487618330075,-0.3153786427266469,-1.23256717838791
1731072091.23,1.5345349014458474,0.42522343329454276,-0.16079260305988133,-0.1233889484711952,1.2571161833520224,1.3238737872461357,-0.9026198424416028,-0.1264435866502287,0.1492630521246247,1.25573150371964,-0.040919754261378345,0.734647485347905,-0.2200071895867306,2.383080416154543,1.2565924545920244,0.9600569007030418,-0.40343969240869393,-0.10618487618330075,-0.2930594189814755,-1.240426983098932
1731072091.73,-0.4742677878317513,0.12500853928944627,-0.16079260305988133,0.9454390036509617,1.2573649743391944,-0.40881180358707603,-0.7786122176163329,-0.1264435866502287,2.3093714703565333,1.255694473963982,0.519442976377961,0.8409060293153683,-0.2200071895867306,1.025037785334324,1.2570691627875807,-0.9000588213515957,-0.3017349632800449,-0.10618487618330075,-0.3153786427266469,-1.2401203116634907
1731072092.23,-0.4742677878317513,0.2267342471754708,-0.16079260305988133,0.13848912526813667,1.257259730122626,-0.40881180358707603,-0.6594676369018583,-0.1264435866502287,-0.3113220486223442,1.2559565390141518,0.039132064401382796,0.6921440677609199,-0.2200071895867306,-0.06395866390830425,1.2570278665015633,0.9600569007030418,-0.22128196859618834,-0.10618487618330075,-0.1814633002556183,-1.2449953043499518
1731072092.73,-0.4742677878317513,0.48973241878324125,-0.16079260305988133,0.05931668437019914,1.2588175155436507,-0.40881180358707603,-0.5622067546859604,-0.1264435866502287,-0.28275863152175706,1.2578119442122533,-0.040919754261378345,1.3108049237492592,-0.2200071895867306,0.15063769520715484,1.257658288627577,-0.9000588213515957,-0.18636840486545808,-0.10618487618330075,-0.18784022132566727,-1.2389369564826431
1731072093.23,-0.4742677878317513,-0.023858350299857896,-0.16079260305988133,-0.08075763414153649,1.2590378814823098,1.3238737872461357,-0.5913850193507297,-0.1264435866502287,-0.10780770178066033,1.2585575927006594,0.519442976377961,0.8574351361547511,-0.2200071895867306,0.11540545714342279,1.2576476894316821,0.9600569007030418,-0.03305232065659924,-0.10618487618330075,0.7495671759715332,-1.2424385002640221
1731072093.73,1.5345349014458474,-0.10573513957397492,-0.16079260305988133,-0.12947913623257495,1.2575733477792568,-0.40881180358707603,-0.6716252471788455,-0.1264435866502287,-0.32203333003506446,1.2558419755748567,-0.040919754261378345,0.9448032723057759,-0.2200071895867306,0.07056442688049099,1.2580416526717455,-0.9000588213515957,0.1126738583934052,-0.10618487618330075,-0.34088632700684285,-1.2487587275432688
1731072094.23,-2.196098664355413,-0.023858350299857896,4.2614553726044715,0.062361778250889045,1.2596356231032497,-0.40881180358707603,-0.3555273799771776,-0.1264435866502287,-0.2970403400720506,1.2582979898733322,-0.040919754261378345,1.6650000703074688,-0.2200071895867306,0.20188458693621975,1.2588069268535984,-0.9000588213515957,-0.3047709253435867,-0.10618487618330075,-0.28668249791142647,-1.2399082716022984
1731072094.73,-0.4742677878317513,0.6113070452811727,-0.16079260305988133,-0.2025613893691327,1.2589193837565271,-0.40881180358707603,-0.33850672558939543,-0.1264435866502287,-0.20777966163271552,1.2571025351850307,0.039132064401382796,0.7110344755773578,-0.2200071895867306,1.002617270202858,1.259031215753784,-0.9000588213515957,0.11115587736163449,6.581873565763087,-0.12088255009015297,-1.2449007356302606
1731072095.23,1.5345349014458474,0.16470637651326073,-0.16079260305988133,-0.22631312163851394,1.2602876757917418,1.3238737872461357,0.07728354588356788,-0.1264435866502287,-0.33274461144778467,1.2595370518691695,-0.040919754261378345,0.23641297918935716,-0.2200071895867306,1.2844751747127148,1.2591382640272422,0.9600569007030418,0.2902776391105981,-0.10618487618330075,-0.14639023437034893,-1.243488229565548
1731072095.73,-0.4742677878317513,0.21432867304302877,-0.16079260305988133,-0.047261601453947574,1.2598883802555214,-0.40881180358707603,0.10889333260373471,-0.1264435866502287,-0.3434558928605049,1.2589516345738982,0.519442976377961,0.4560139700554472,-0.2200071895867306,2.786649688520929,1.2593106080291505,-0.9000588213515957,0.25536407537986805,-0.10618487618330075,-0.11769408955512842,-1.2477663814891602
1731072096.23,-0.4742677878317513,0.07290512793318982,-0.16079260305988133,-0.016810662647048495,1.2607968944557189,-0.40881180358707603,0.11861942082532449,-0.1264435866502287,0.9633204394913606,1.2590303409044459,-0.040919754261378345,0.6803375628756465,-0.2200071895867306,0.8104414262188648,1.260356992379861,0.9600569007030418,0.3798385199850803,-0.10618487618330075,-0.3058132611215734,-1.2408160380623443
1731072096.73,-0.4742677878317513,0.17711195064570273,-0.16079260305988133,-0.17606907260713053,1.2597879390514612,-0.40881180358707603,0.011632450387836791,-0.1264435866502287,0.0957066450610237,1.2584639375333586,-0.040919754261378345,0.47726567884893956,-0.2200071895867306,1.2172136293183171,1.2599288870123873,-0.9000588213515957,-0.2319078358185845,-0.10618487618330075,-0.09218640527493245,-1.2517969794124604
1731072097.23,1.5345349014458474,0.22177201752249398,-0.16079260305988133,-0.1203438545905053,1.2618188809784827,1.3238737872461357,0.24262704565059406,-0.1264435866502287,-0.2506247872835964,1.260831689595713,0.519442976377961,0.3355876202256559,-0.2200071895867306,0.4036692231194126,1.2607156854422512,0.9600569007030418,0.4223419888746646,-0.10618487618330075,-0.08899794473990803,-1.2428923415177724
1731072097.73,-0.4742677878317513,0.21680978786951718,-0.16079260305988133,1.2895346121689208,1.2624554081820711,-0.40881180358707603,0.5538618687414671,-0.1264435866502287,-0.26490649583389003,1.2612584739429162,-0.040919754261378345,0.4560139700554472,-0.2200071895867306,0.14423183374102172,1.2612946996908312,-0.9000588213515957,0.36921265276268395,-0.10618487618330075,-0.24204405042108362,-1.2404503280453214
1731072098.23,-0.4742677878317513,0.32349772540851823,-0.16079260305988133,-0.17485103505485458,1.2598167386251062,-0.16128529061090793,0.6292390524587878,-0.1264435866502287,-0.20063880735756873,1.2579872021452734,0.039132064401382796,0.7039505726461938,-0.2200071895867306,0.17946407180475377,1.2608800952664023,0.9600569007030418,0.09445808601215462,-0.10618487618330075,2.012197547841232,-1.2570338667116754
1731072098.73,-0.4742677878317513,0.3607144478058443,-0.16079260305988133,-0.06553216473808696,1.263631625640358,-0.40881180358707603,-0.1050806082712407,-0.1264435866502287,-0.2898994857969039,1.262897694974464,-0.040919754261378345,1.52096071070713,-0.2200071895867306,-0.038335218043771865,1.2618977041491706,-0.9000588213515957,1.0340883446783293,-0.10618487618330075,0.0034674107758022278,-1.2401277269748472
1731072099.23,1.5345349014458474,0.5666469784043814,-0.16079260305988133,-0.2220499902055481,1.2639195492876518,1.3238737872461357,-0.6375839384032812,-0.1264435866502287,-0.12208941033095395,1.2629089397201712,0.519442976377961,1.4383151765102147,-0.2200071895867306,0.00650581221915993,1.2623838214688063,0.9600569007030418,-0.21521004446910483,-0.10618487618330075,-0.07943256313483447,-1.239612992998971
1731072099.73,-0.4742677878317513,0.8494940686240594,-0.16079260305988133,-0.1233889484711952,1.2646586027056645,-0.16128529061090793,-0.5622067546859604,-0.1264435866502287,-0.2791882043841836,1.2640727153101559,-0.040919754261378345,1.4902637980054187,-0.2200071895867306,-0.03192935657763875,1.2626290959166921,-0.9000588213515957,0.5407445093527934,-0.10618487618330075,0.06723662147629211,-1.239350828810309
1731072100.23,-0.4742677878317513,0.5046191077421717,-0.16079260305988133,-0.05639688309601723,1.261214825953188,-0.40881180358707603,-0.23881432131810007,-0.1264435866502287,-0.20063880735756873,1.2593229868880234,-0.040919754261378345,1.0250875055256368,-0.2200071895867306,1.6143770402185698,1.262304665846956,-0.9000588213515957,-0.200030234151396,-0.10618487618330075,-0.3217555637966959,-1.2580672543680578
1731072100.73,-0.18729597507781445,0.6212315045871263,-0.16079260305988133,-0.21321921795154739,1.262030236077022,-0.40881180358707603,-0.6181317619601017,-0.1264435866502287,2.0630119978639687,1.2604451021392737,-0.040919754261378345,1.2966371178869307,-0.2200071895867306,0.08337614981275722,1.262648207109907,0.9600569007030418,-0.6083671316977628,-0.10618487618330075,-0.2579863530962061,-1.256790203966156
1731072101.23,-2.196098664355413,0.37063890711179787,4.2614553726044715,-0.010720474885668678,1.2636336013126865,1.3238737872461357,-0.4868295709686395,-0.1264435866502287,-0.28632905865933045,1.262510001820628,0.519442976377961,1.4784572931201454,-0.2200071895867306,-0.015914702912305966,1.2631995903953237,0.9600569007030418,0.04132874990017395,-0.10618487618330075,-0.22291328721093664,-1.2511732968475942
1731072101.73,1.5345349014458474,0.23913982130791253,-0.16079260305988133,-0.1416595117553346,1.263929498497475,-0.40881180358707603,-0.22908823309651027,-0.1264435866502287,-0.33274461144778467,1.2628302361332537,0.039132064401382796,1.8208459347930805,-0.2200071895867306,-0.051146940976038086,1.2635119644128339,-0.9000588213515957,-0.6888201263816193,-0.10618487618330075,-0.24204405042108362,-1.2519522446438438
1731072102.23,-0.4742677878317513,-0.3910633446201411,-0.16079260305988133,-0.17454652566678558,1.2632131394182466,-0.40881180358707603,0.15509225165628596,-0.1264435866502287,-0.3398854657229315,1.2613928154632468,-0.040919754261378345,1.601244943926991,-0.2200071895867306,0.9385586555415272,1.2638782164378892,0.9600569007030418,0.3312631269684121,-0.10618487618330075,-0.34726324807689185,-1.2558659023337646
1731072102.73,-0.4742677878317513,-0.4109122632320483,-0.16079260305988133,-0.17150143178609567,1.266003117979763,-0.40881180358707603,-0.265561063927472,-0.1264435866502287,-0.2970403400720506,1.2645748672963026,-0.040919754261378345,2.4182550819879274,-0.2200071895867306,1.210807767852184,1.2649202644722282,-0.9000588213515957,0.14606944109236458,-0.10618487618330075,1.760309165574297,-1.2423624796206723
1731072103.23,1.5345349014458474,-0.1007729099209981,-0.16079260305988133,-0.1477496995167144,1.2665960007288202,-0.16128529061090793,0.10646181054833725,-0.1264435866502287,-0.2934699129344773,1.265318614534156,0.519442976377961,1.5870771380646624,-0.2200071895867306,0.4965542143783427,1.265270938556248,0.9600569007030418,0.6697728970533181,-0.10618487618330075,-0.2484209714911326,-1.2418102641762847
1731072103.73,-0.4742677878317513,0.13245188376891148,-0.16079260305988133,-0.2284446873549969,1.2657833659406414,1.3238737872461357,0.1623868178224783,-0.1264435866502287,-0.3648784556859453,1.2641596823512267,-0.5212306662379566,0.23641297918935716,-0.2200071895867306,0.03853511954982543,1.2653806236207694,-0.9000588213515957,0.11874578252048872,-0.10618487618330075,-0.13363639223025095,-1.2480123778838137
1731072104.23,-2.196098664355413,-0.32903547395793104,4.2614553726044715,0.4795396399054061,1.2640945401192603,-0.40881180358707603,0.12105094288072195,-0.1264435866502287,-0.3113220486223442,1.2622041974092677,0.519442976377961,-0.15084038104761835,-0.2200071895867306,0.08978201127889034,1.2651114118757654,0.9600569007030418,-0.2956630391529614,-0.10618487618330075,-0.2579863530962061,-1.2601639769003488
1731072104.73,-0.4742677878317513,0.6708538011168944,-0.16079260305988133,0.6074335828943821,1.2688380208807288,-0.40881180358707603,0.595197743683224,-0.1264435866502287,-0.28275863152175706,1.268020771992992,-0.040919754261378345,0.39225884367496944,-0.2200071895867306,0.752788673023667,1.266494214723074,-0.9000588213515957,0.7077224228475903,-0.10618487618330075,-0.34726324807689185,-1.2372286239081112
1731072105.23,1.5345349014458474,0.20936644339005198,-0.16079260305988133,-0.04117141369256776,1.2657262200159325,1.3238737872461357,0.4420118541931845,-0.1264435866502287,-0.15422325456911454,1.2637191163282473,0.519442976377961,0.4394848632160641,-0.2200071895867306,1.4157953347684433,1.2662274804990463,0.9600569007030418,0.25991801847518053,-0.10618487618330075,-0.3345094059367939,-1.254344470274638
1731072105.73,-0.4742677878317513,-0.13550851749183576,-0.16079260305988133,0.2724732560184925,1.2676705844169345,-0.40881180358707603,0.1332085531577092,-0.1264435866502287,-0.3434558928605049,1.2661992778070317,-0.040919754261378345,0.32378111534038223,-0.2200071895867306,0.8328619413503309,1.2668645322202914,-0.9000588213515957,0.6895066504663397,-0.10618487618330075,-0.15276715544039793,-1.246881833772406
1731072106.23,-0.4742677878317513,-0.5746658417802828,-0.16079260305988133,0.07454215377364867,1.268330624171511,-0.40881180358707603,0.4031075013068254,-0.1264435866502287,-0.1934979530824219,1.2667957660328324,0.039132064401382796,0.6992279706920843,-0.2200071895867306,0.24992854793221803,1.2673665288416416,0.9600569007030418,-0.17877849970660367,-0.10618487618330075,-0.24204405042108362,-1.2449438879901689
1731072106.73,-0.18729597507781445,-0.3240732443049542,-0.16079260305988133,-0.20499746447368464,1.270061332418243,-0.40881180358707603,-0.43576760780529333,-0.1264435866502287,-0.21135008877028902,1.2690296547711524,-0.040919754261378345,0.20335476551059092,-0.2200071895867306,0.31719009332661563,1.2679417411175469,-0.9000588213515957,-0.16511667042066575,-0.10618487618330075,-0.4046555377073327,-1.2386996358224924
1731072107.23,1.5345349014458474,-0.3215921294784658,-0.16079260305988133,-0.0838027280222264,1.2687381856964588,-1.8939708814441196,-0.7518654750069613,3.6343820078787594,-0.11494855605580714,1.2672816024430718,0.519442976377961,0.4394848632160641,-0.2200071895867306,-0.07036452537443735,1.2679040493406817,0.9600569007030418,1.0022107430111409,-0.10618487618330075,0.5231864779847943,-1.2478101071236891
1731072107.73,-0.4742677878317513,-0.15535743610374297,-0.16079260305988133,-0.016810662647048495,1.268565914295935,1.3238737872461357,-0.5840904531845375,-0.1264435866502287,-0.3934418727865325,1.2668548732655043,-0.040919754261378345,0.17029655183182466,-0.2200071895867306,0.11540545714342279,1.2682025875794376,-0.9000588213515957,0.15821328934653164,-0.10618487618330075,-0.07305564206478564,-1.2503339128999005
1731072108.23,-0.18729597507781445,-0.3215921294784658,-0.16079260305988133,0.19939100288193484,1.270491049176444,-0.40881180358707603,-0.7688861293947432,-0.1264435866502287,0.013586820896835454,1.2692366615142239,-0.040919754261378345,0.1089027264284019,-0.2200071895867306,0.17305821033862065,1.2688787977057476,0.9600569007030418,0.19009089101372031,-0.10618487618330075,-0.3376978664718184,-1.2426408568834473
1731072108.73,-0.4742677878317513,0.26643208439928495,-0.16079260305988133,0.1506695007908963,1.269581276608072,-0.40881180358707603,-0.6862143795112302,-0.1264435866502287,0.03500938372227573,1.2682139959756178,-0.040919754261378345,0.026257192231486287,-0.2200071895867306,-0.051146940976038086,1.2688146960811808,-0.9000588213515957,-0.3912958441545269,-0.10618487618330075,-0.3440747875418674,-1.2505042570566238
1731072109.23,-0.4742677878317513,0.19199863960463315,-0.16079260305988133,0.5861179257295528,1.2711704387490748,1.3238737872461357,-0.7615915632285508,-0.1264435866502287,-0.3720193099610921,1.2704562177247802,0.519442976377961,-0.061110943919538786,-0.2200071895867306,-0.09598797123896981,1.2692482812206518,0.9600569007030418,-0.1347570497852481,-0.10618487618330075,-0.27074019523630405,-1.245832070844891
1731072109.73,1.5345349014458474,-0.15287632127725456,-0.16079260305988133,-0.0198557565277384,1.2686864804305955,-0.40881180358707603,-0.6837828574558328,-0.1264435866502287,-0.2684769229714634,1.2665480447764021,-0.040919754261378345,0.20571606648764565,-0.2200071895867306,0.0257233966175592,1.269357113266912,-0.9000588213515957,-0.2774472667717108,-0.10618487618330075,-0.2994363400515244,-1.2578947977752502
1731072110.23,-0.4742677878317513,0.06546178345372461,-0.16079260305988133,-0.11729876070981539,1.2717883350555794,-0.40881180358707603,-0.43576760780529333,-0.1264435866502287,2.6057169227751253,1.271457204344737,-0.040919754261378345,0.6496406501739347,-0.2200071895867306,1.9827140745212235,1.2696866661695467,0.9600569007030418,-0.016354529307119545,-0.10618487618330075,-0.34726324807689185,-1.2487147582967697
1731072110.73,-0.4742677878317513,0.19696086925760997,-0.16079260305988133,-0.1861178824134072,1.2722295429526485,-0.40881180358707603,-0.4892610930240369,-0.1264435866502287,-0.3041811943471974,1.2716497431156735,-0.040919754261378345,0.38517494074380526,-0.2200071895867306,0.10259373421115656,1.2702143472241203,-0.9000588213515957,0.8094271519762393,-0.10618487618330075,-0.1304479316952264,-1.247348036415251
1731072111.23,-0.18729597507781445,-0.14791409162427777,-0.16079260305988133,-0.20499746447368464,1.2720857985347316,-0.40881180358707603,-0.47953500480244715,-0.1264435866502287,-0.33274461144778467,1.2715064241604512,0.519442976377961,0.20807736746470037,-0.2200071895867306,-0.01271177217923941,1.2703741274776932,0.9600569007030418,0.08838616188507109,-0.10618487618330075,-0.29624787951649995,-1.2508265021314995
1731072111.73,1.5345349014458474,0.00839614244449134,-0.16079260305988133,0.034955933324679875,1.2720116497696978,-0.40881180358707603,-0.8831676659984232,3.5168562080497283,-0.3541671742732251,1.2713139393332862,0.039132064401382796,0.17974175574004359,-0.2200071895867306,0.08978201127889034,1.2706299865373059,-0.9000588213515957,0.053472598154340995,-0.10618487618330075,-0.29624787951649995,-1.253330952853857
1731072112.23,-0.4742677878317513,0.02576394622991016,-0.16079260305988133,0.004504994517780862,1.2728476081943316,-0.40881180358707603,-0.6789198133450379,-0.1264435866502287,-0.26133606869631665,1.2713592664321138,-0.040919754261378345,0.543382106206472,-0.2200071895867306,0.08978201127889034,1.271625264122949,0.9891212088601449,0.38135650101685103,-0.10618487618330075,2.3469859040188035,-1.2470282645553927
1731072112.73,-0.18729597507781445,0.11508407998349267,-0.16079260305988133,-0.19829825793616684,1.2713538171553198,-0.40881180358707603,-0.3117599829800235,-0.1264435866502287,-0.27561777724661024,1.269905575491982,-0.5212306662379566,0.8456286312694777,1.8826579511731376,0.051346842482091655,1.2712501262111187,-0.9000588213515957,0.24018426506215923,-0.10618487618330075,-0.3185671032616714,-1.2593008401281705
1731072113.23,-0.4742677878317513,0.5790525525368234,4.12326012336496,1.374797240828238,1.2722101440577018,1.3238737872461357,-0.5135763135780114,-0.1264435866502287,-0.16136410884426133,1.2705513663751182,-0.040919754261378345,1.1738494670800852,1.8169496655243917,0.06736149614742437,1.271912705699264,-0.9000588213515957,0.17946502379132398,-0.10618487618330075,-0.10175178688000601,-1.2554552345337517
1731072113.73,-0.4742677878317513,0.4773268446507992,-0.16079260305988133,0.19025572123986503,1.2714314950930177,-0.40881180358707603,-0.3701165123095623,-0.1264435866502287,-0.2970403400720506,1.2697462575786114,-0.040919754261378345,0.9778614859845421,-0.2200071895867306,-0.1184084863704357,1.271847679748904,0.9600569007030418,-0.14234695494410252,-0.10618487618330075,-0.08899794473990803,-1.2628660603556967
1731072114.23,-0.4742677878317513,0.055537324147770996,-0.16079260305988133,-0.19190356078671802,1.2730495183127801,-0.16128529061090793,-0.24854040953968987,-0.1264435866502287,-0.3827305913738123,1.271209056289449,-0.040919754261378345,0.9070224566729003,-0.2200071895867306,0.37804577725488014,1.2727664354682404,0.9600569007030418,0.25232811331632626,-0.10618487618330075,-0.3345094059367939,-1.2544057199268157
1731072114.73,-0.4742677878317513,-0.23475311055137188,-0.16079260305988133,-0.24976034451982623,1.274388517060609,-0.40881180358707603,-0.5403230561873833,-0.1264435866502287,2.1129979777899957,1.2736914822151648,-0.040919754261378345,1.197462476850632,-0.2200071895867306,2.4343273078836076,1.2728175508480248,-0.9000588213515957,0.42689593196997744,-0.10618487618330075,-0.3695824718220632,-1.2535152171182917
1731072115.23,1.5345349014458474,0.11012185033051586,-0.16079260305988133,-0.10816347906774566,1.2753515493832326,1.3238737872461357,-0.34093824764479286,-0.1264435866502287,-0.22920222445815597,1.2748117492290572,0.519442976377961,1.4099795647855577,-0.2200071895867306,-0.12481434783656882,1.273304786540828,0.9600569007030418,0.33278110800018285,-0.10618487618330075,0.16926735859707578,-1.250628121263259
1731072115.73,-0.4742677878317513,-0.07844287648260248,-0.16079260305988133,-0.03203613205049803,1.2751284534536818,-0.40881180358707603,-0.34336976970019034,-0.1264435866502287,-0.32203333003506446,1.273693691647234,-0.040919754261378345,1.3060823217951496,-0.2200071895867306,-0.01271177217923941,1.2739598147896756,-0.9000588213515957,0.3251912028413286,-0.10618487618330075,-0.21334790560586323,-1.250621811100481
1731072116.23,-0.4742677878317513,1.4052637897574611,-0.16079260305988133,-0.22631312163851394,1.274646908156975,-0.40881180358707603,-0.3312121594232031,-0.1264435866502287,-0.1934979530824219,1.272837401115584,-0.040919754261378345,0.6520019511509897,-0.2200071895867306,0.3235959547927488,1.2742117002132574,0.9600569007030418,-0.4596049905842164,-0.10618487618330075,-0.3345094059367939,-1.2545839418851181
1731072116.73,-0.4742677878317513,1.2117368332913656,-0.16079260305988133,-0.10816347906774566,1.274090178517524,-0.40881180358707603,-0.1196697406036254,-0.1264435866502287,-0.3720193099610921,1.271749763651024,-0.040919754261378345,0.41823315442257153,-0.2200071895867306,-0.0671615946413708,1.2745266965545936,-0.9000588213515957,-0.042160206847224525,-0.10618487618330075,2.2545205485030935,-1.258330188764101
1731072117.23,1.5345349014458474,0.9437764320306185,-0.16079260305988133,-0.07771254026084659,1.2748115037228276,1.3238737872461357,0.8116032066135966,-0.1264435866502287,-0.33274461144778467,1.2728821968309414,0.519442976377961,1.2423271954146722,-0.2200071895867306,-0.038335218043771865,1.274773410910368,-0.9000588213515957,-0.15449080319826958,-0.10618487618330075,0.2298481087625411,-1.2581171360300887
1731072117.73,-0.4742677878317513,0.7825039683088725,-0.16079260305988133,-0.2244860653101,1.2759687076786492,-0.40881180358707603,-0.03456646866471472,-0.1264435866502287,-0.3505967471356517,1.2745389641841043,-0.040919754261378345,0.5764403198852383,-0.2200071895867306,0.012911673685293043,1.2751334010682096,0.9600569007030418,0.6409312574496716,-0.10618487618330075,-0.3217555637966959,-1.255516365207537
1731072118.23,-0.4742677878317513,0.6758160307698712,-0.16079260305988133,-0.06857725861877687,1.2759813024329576,-0.40881180358707603,0.22803791331820938,-0.1264435866502287,-0.16493453598183466,1.27460080836223,-0.040919754261378345,1.4312312735790507,-0.2200071895867306,0.03212925808369231,1.2753238306764003,0.9600569007030418,0.4177880457793522,-0.10618487618330075,-0.11769408955512842,-1.2582139846067715
1731072118.73,-0.4742677878317513,0.18703640995165635,-0.16079260305988133,-0.025945944289118218,1.2758656268362316,-0.40881180358707603,0.1526607296008885,-0.1264435866502287,-0.20420923449514222,1.2737720001426018,-0.040919754261378345,0.5669951159770193,-0.2200071895867306,-0.038335218043771865,1.2759128162643147,-0.9000588213515957,0.12026376355225978,-0.10618487618330075,0.12781737164175744,-1.258333866918627
1731072119.23,1.5345349014458474,0.07786735758616663,-0.16079260305988133,-0.2351438938925147,1.2774342064026298,-0.40881180358707603,0.4833477291349414,3.5168562080497283,0.9347570223907733,1.2769349893827082,0.519442976377961,0.5197690964359247,-0.2200071895867306,1.383766027437778,1.2757865238719326,0.9600569007030418,0.2963495632376817,-0.10618487618330075,-0.2484209714911326,-1.2579850317902945
1731072119.73,-0.4742677878317513,0.8916730206743619,-0.16079260305988133,-0.010720474885668678,1.2788588524211595,-0.40881180358707603,0.88454886827552,-0.1264435866502287,0.10641792647374385,1.2778274273582915,-0.040919754261378345,1.8326524396783546,-0.2200071895867306,0.0257233966175592,1.2768530218121616,-0.9000588213515957,0.4785072870501874,-0.10618487618330075,-0.277117116306353,-1.2490807784585964
1731072120.23,-0.4742677878317513,0.6857404900758248,-0.16079260305988133,-0.08075763414153649,1.276741058397499,-0.40881180358707603,-0.4527882621930755,-0.1264435866502287,-0.11137812891823366,1.274644540862554,-0.040919754261378345,1.0652296221355675,-0.2200071895867306,0.17305821033862065,1.2768898338398538,0.9600569007030418,0.7866574364996761,-0.10618487618330075,-0.3281324848667449,-1.26041010757629
1731072120.73,-0.4742677878317513,0.3656766774588211,-0.16079260305988133,-0.19768923916002887,1.2787182964874864,-0.40881180358707603,-0.3774110784757546,-0.1264435866502287,-0.2970403400720506,1.277816992743194,-0.040919754261378345,0.7889574078201641,-0.2200071895867306,-0.038335218043771865,1.2771525538460906,-0.9291231295086987,0.16580319450538622,-0.10618487618330075,-0.22291328721093664,-1.2556741685053578
1731072121.23,-0.4742677878317513,0.49965687808919484,-0.16079260305988133,-0.22935821551920385,1.2766458267552718,1.3238737872461357,-0.21693062281952305,-0.1264435866502287,-0.28632905865933045,1.2750886421412875,0.519442976377961,0.8456286312694777,-0.2200071895867306,0.00650581221915993,1.2769665961640724,0.9891212088601449,0.09294010498038391,-0.10618487618330075,0.2968057799980554,-1.2685365228192569
1731072121.73,1.5345349014458474,1.0479832547431311,-0.16079260305988133,-0.06857725861877687,1.2765648627658304,-0.40881180358707603,0.02379006066482403,-0.1264435866502287,-0.22206137018300917,1.27468516212168,-0.040919754261378345,1.443037778464324,-0.2200071895867306,0.09939080347808993,1.2773396308557294,-0.9000588213515957,0.6667369349897764,-0.10618487618330075,-0.3121901821916224,-1.270175110306035
1731072122.23,-0.4742677878317513,1.1075300105788528,-0.16079260305988133,0.031910839443989966,1.2803362396218534,-0.16128529061090793,-0.17073170376697153,-0.1264435866502287,-0.3041811943471974,1.279886922766761,0.039132064401382796,1.2541337002999455,-0.2200071895867306,0.05454977321515821,1.2781441507866977,0.9600569007030418,-0.11350531534045578,-0.10618487618330075,-0.28668249791142647,-1.2550372481783187
1731072122.73,-0.4742677878317513,0.3507899884998907,-0.16079260305988133,-0.24945583513175726,1.2797413615533528,-0.40881180358707603,0.26694226620456857,-0.1264435866502287,-0.3041811943471974,1.2784254687420482,-0.040919754261378345,1.714587390825618,-0.2200071895867306,0.028926327350625756,1.2786415214684441,-0.9000588213515957,0.5817299972106074,-0.10618487618330075,0.05448277933619414,-1.2575326453481026
1731072123.23,-0.4742677878317513,-0.22730976607190667,-0.16079260305988133,-0.0198557565277384,1.2812991363975756,-0.40881180358707603,-0.2947393285922414,-0.1264435866502287,-0.18278667166970178,1.280256266999992,0.519442976377961,1.908214070944106,-0.2200071895867306,-0.1184084863704357,1.2792861339177761,0.9600569007030418,0.1991987772043456,-0.10618487618330075,-0.034794115644491704,-1.2513663637001222
1731072123.73,1.5345349014458474,-0.10325402474748652,-0.16079260305988133,1.0672427588785578,1.2787594642578994,-0.40881180358707603,-0.23395127720730519,3.5168562080497283,1.27751802759782,1.276649269925578,-0.040919754261378345,1.636664458582812,-0.2200071895867306,0.2467256171991514,1.279164436830689,-0.9000588213515957,0.36769467173091325,-0.10618487618330075,-0.23566712935103462,-1.2653782372884628
1731072124.23,-0.18729597507781445,0.26643208439928495,-0.16079260305988133,-0.1447046056360245,1.2808849288505637,-0.40881180358707603,-0.17316322582236898,-0.1264435866502287,-0.3541671742732251,1.279296300968569,-0.5212306662379566,2.4560358976208034,1.8826579511731376,1.9602935593897577,1.2798783495287664,0.9600569007030418,1.1221312445210405,-0.10618487618330075,-0.2994363400515244,-1.2566962697345605
1731072124.73,-0.4742677878317513,-0.04618838373825352,-0.16079260305988133,-0.1447046056360245,1.2796053096338786,-0.40881180358707603,-0.2558349757058822,-0.1264435866502287,-0.0221174504788986,1.2771886619834922,-0.040919754261378345,0.9424419713287214,-0.2200071895867306,-0.060755733175237685,1.2800936562117857,-0.9000588213515957,-0.08010973264149639,-0.10618487618330075,-0.12088255009015297,-1.2637337221607523
1731072125.23,1.5345349014458474,0.08779181689212023,-0.16079260305988133,-0.11120857294843557,1.2807716043976738,1.3238737872461357,0.055399847384990854,-0.1264435866502287,-0.0863851389552199,1.279371115873599,-0.040919754261378345,0.7228409804626317,-0.2200071895867306,0.24992854793221803,1.2801542662049157,-0.9000588213515957,0.7669236830866545,6.581873565763087,-0.21972482667591223,-1.2633730279216675
1731072125.73,-0.4742677878317513,-0.22730976607190667,-0.16079260305988133,-0.224181555922031,1.2815417626395746,-1.8939708814441196,0.006769406277041896,3.6343820078787594,-0.44342785271256013,1.2805763700180923,0.519442976377961,0.019173289300322093,-0.2200071895867306,0.35562526212341433,1.2804054880035458,-0.9000588213515957,0.08535019982152933,-0.10618487618330075,-0.2994363400515244,-1.2629536372592023
1731072126.23,-0.4742677878317513,-0.12310294335939374,-0.16079260305988133,0.062361778250889045,1.280452566821555,-0.16128529061090793,0.5198205599659028,-0.1264435866502287,-0.025687877616472087,1.278753919977122,0.039132064401382796,0.4324009602848999,-0.2200071895867306,-0.13122020930270192,1.280637399168353,0.9600569007030418,0.507348926653834,-0.10618487618330075,3.0803318270744366,-1.2691975867687069
1731072126.73,-0.18729597507781445,-0.29926209604007037,-0.16079260305988133,0.060839231310544126,1.2832425429717367,-0.40881180358707603,0.30098357498013284,-0.1264435866502287,0.24566458483910658,1.282607474176149,-0.040919754261378345,0.5646338149999646,-0.2200071895867306,0.17305821033862065,1.281285239508341,-0.9000588213515957,-0.28959111502587787,-0.10618487618330075,0.10868660843161046,-1.25868790118554
1731072127.23,-0.4742677878317513,-0.15287632127725456,-0.16079260305988133,0.05931668437019914,1.2836044233253712,1.3238737872461357,0.27909987648155576,-0.1264435866502287,-0.4220052898871197,1.282397799320416,0.519442976377961,0.4725430768948301,-0.2200071895867306,0.21469630986848598,1.2819719695888894,0.9600569007030418,0.006415186169443674,-0.10618487618330075,-0.3759593928921122,-1.2563934616230208
1731072127.73,1.5345349014458474,-0.3091865553460238,-0.16079260305988133,-0.2534144571766541,1.2837371039268013,-0.40881180358707603,1.0571869342087385,-0.1264435866502287,-0.2934699129344773,1.2828719265006587,-0.040919754261378345,0.5693564169540741,-0.2200071895867306,-0.08317624830670359,1.2820366490010984,-0.9000588213515957,0.9035419759460338,-0.10618487618330075,-0.22929020828098565,-1.2596241800700623
1731072128.23,-0.4742677878317513,0.03320729070937537,-0.16079260305988133,-0.07162235249946677,1.2839272700300703,-0.40881180358707603,-0.23638279926270261,-0.1264435866502287,-0.318462902897491,1.283083682106971,-0.040919754261378345,0.675614960921537,-0.2200071895867306,-0.060755733175237685,1.2823106150442252,0.9600569007030418,0.6788807832439434,-0.10618487618330075,-0.3281324848667449,-1.2610647864929507
1731072128.73,-0.18729597507781445,-0.3091865553460238,-0.16079260305988133,-0.0838027280222264,1.2824169997918902,-0.40881180358707603,-0.9317981071063722,-0.1264435866502287,1.9630400380119128,1.280129533704471,-0.040919754261378345,0.2529420860287403,-0.2200071895867306,2.1492664726406843,1.282799552670285,-0.9000588213515957,0.06713442744027875,-0.10618487618330075,-0.23885558988605912,-1.2668343795065162
1731072129.23,1.5345349014458474,-0.14295186197130097,-0.16079260305988133,1.508781371578594,1.2843041054500297,1.3238737872461357,-1.0169013790452828,-0.1264435866502287,-0.3648784556859453,1.2831022192643466,-0.040919754261378345,0.5221303974129794,-0.2200071895867306,-0.028726425844572193,1.2830925635885184,0.9600569007030418,-0.3821879579639016,-0.10618487618330075,-0.25479789256118157,-1.2621820816459441
1731072129.73,-0.4742677878317513,-0.3315165887844194,-0.16079260305988133,-0.1233889484711952,1.2822506774508315,-0.40881180358707603,-0.871010055721436,-0.1264435866502287,-0.3398854657229315,1.280405098884056,0.519442976377961,-0.129588672254126,-0.2200071895867306,0.1218113186095559,1.2829067749364351,-0.87099451319449,-0.2516415892316058,-0.10618487618330075,-0.30262480058654895,-1.2749766494103854
1731072130.23,-0.18729597507781445,-0.36128996670228025,-0.16079260305988133,0.0014599006370909534,1.286309327590625,-0.16128529061090793,-0.48439804891324206,-0.1264435866502287,-0.09352599323036671,1.2857396927710167,-0.040919754261378345,-0.12486607030001655,-0.2200071895867306,-0.0671615946413708,1.2839106280546175,-0.9291231295086987,-0.28807313399410694,-0.10618487618330075,-0.3090017216565979,-1.257317246834577
1731072130.73,-0.4742677878317513,-0.2595642588162559,-0.16079260305988133,-0.2135237273396164,1.2855293073270986,-0.40881180358707603,-0.8783046218876284,-0.1264435866502287,-0.12923026460610076,1.2846090746070673,-0.040919754261378345,0.16793525085476993,-0.2200071895867306,-0.038335218043771865,1.2840353100933428,0.9600569007030418,-0.14234695494410252,-0.10618487618330075,1.227836256225207,-1.2632916486260701
1731072131.23,-2.196098664355413,-0.445647870802886,4.2614553726044715,-0.11425366682912548,1.2844907990482677,1.3238737872461357,-0.6764882912896404,-0.1264435866502287,-0.34702631999807826,1.2829079948011748,0.519442976377961,0.42059445539962625,-0.2200071895867306,0.05454977321515821,1.284244954511923,0.9600569007030418,0.5498523955434187,-0.10618487618330075,-0.3281324848667449,-1.2695275274288151
1731072131.73,1.5345349014458474,-0.05859395787069554,-0.16079260305988133,-0.16876084729347476,1.2858156270037966,-0.40881180358707603,-0.5208708797442038,-0.1264435866502287,-0.3720193099610921,1.2842533841147932,-0.040919754261378345,0.1655739498777152,-0.2200071895867306,0.03212925808369231,1.284949225834409,-0.9000588213515957,-0.0876996378003508,-0.10618487618330075,-0.3281324848667449,-1.2637251426102567
1731072132.23,-0.4742677878317513,-0.2570831439897675,-0.16079260305988133,-0.22144097142941013,1.2880309992733314,-0.40881180358707603,-0.24854040953968987,-0.1264435866502287,-0.2898994857969039,1.287147715244686,-0.040919754261378345,0.19627086257942672,-0.2200071895867306,0.07056442688049099,1.2856049001439591,0.9891212088601449,-0.10591541018160137,-0.10618487618330075,-0.1750863791855693,-1.2551695441479265
1731072132.73,-0.4742677878317513,-0.06851841717664915,-0.16079260305988133,-0.06248707085739705,1.2851519479403548,-0.16128529061090793,-0.4333360857498959,-0.1264435866502287,-0.3077516214847708,1.2833618882026123,-0.040919754261378345,0.4796269798259943,-0.2200071895867306,-0.09278504050590325,1.2852606367794452,-0.9291231295086987,0.16276723244184446,-0.10618487618330075,-0.14639023437034893,-1.2720610166116417
1731072133.23,1.5345349014458474,0.41778008881507755,-0.16079260305988133,-0.1447046056360245,1.2871167419945324,-0.40881180358707603,-0.6375839384032812,3.5168562080497283,1.748814409757509,1.2862739920520065,0.519442976377961,0.7747896019578357,-0.2200071895867306,0.9129352096769947,1.2856641458098566,0.9600569007030418,0.03525682577309042,-0.10618487618330075,-0.012474891899320172,-1.2662970387972314
1731072133.73,-0.4742677878317513,0.12004630963646946,-0.16079260305988133,-0.15627596238264613,1.2881600482981783,-0.40881180358707603,-0.7810437396717305,-0.1264435866502287,-0.32560375717263784,1.2874674662337253,0.039132064401382796,0.6401954462657158,-0.2200071895867306,0.39726336165327947,1.2861858491897684,-0.9000588213515957,0.31152937355539045,-0.10618487618330075,-0.3281324848667449,-1.2628668171327335
1731072134.23,-0.4742677878317513,-0.013933890993904286,-0.16079260305988133,-0.1675428097411988,1.2865017513424388,-0.40881180358707603,-0.5573437105751655,-0.1264435866502287,-0.21492051590786235,1.2850283065209491,-0.040919754261378345,0.6071372325869495,-0.2200071895867306,-0.051146940976038086,1.2862301080071445,0.9600569007030418,-0.26226745645400196,-0.10618487618330075,0.09274430575648793,-1.272530721777543
1731072134.73,-0.4742677878317513,0.07042401310670142,-0.16079260305988133,-0.013765568766358587,1.286559726692966,-0.16128529061090793,-0.533028490021191,-0.1264435866502287,-0.18992752594484857,1.2845720018732425,-0.040919754261378345,0.8904933498335174,-0.2200071895867306,0.03853511954982543,1.2867680286023198,-0.9000588213515957,-0.07707377057795463,-0.10618487618330075,0.14375967431687983,-1.272432229747586
1731072135.23,-0.18729597507781445,-0.13550851749183576,-0.16079260305988133,-0.18215926036851035,1.2882382379156474,1.3238737872461357,-0.6327208942924863,-0.1264435866502287,-0.41843486274954633,1.2863266066588375,0.519442976377961,0.7488152912102335,-0.2200071895867306,0.20188458693621975,1.2875736231349848,0.9600569007030418,-0.051268093037849814,-0.10618487618330075,0.8643517552324149,-1.2646214710134722
1731072135.73,1.5345349014458474,0.2837998881847038,-0.16079260305988133,-0.13861441787464468,1.2868912112715618,-0.40881180358707603,-0.6108371957939094,-0.1264435866502287,-0.20063880735756873,1.2848967721748494,0.039132064401382796,1.5799932351334984,-0.2200071895867306,0.048143911749025096,1.2873267401172468,-0.9000588213515957,0.006415186169443674,-0.10618487618330075,0.2457904114376635,-1.2754027589335142
1731072136.23,-0.4742677878317513,-0.10325402474748652,-0.16079260305988133,-0.17302397872644062,1.288921889668799,-0.16128529061090793,-0.41631543136211374,-0.1264435866502287,0.0957066450610237,1.2878108116407723,-0.040919754261378345,1.3178888266804236,-0.2200071895867306,0.03853511954982543,1.287792694211896,0.9600569007030418,-0.02394443446597395,-0.10618487618330075,0.27767501678790846,-1.268933473736417
1731072136.73,-0.4742677878317513,-0.13054628783885894,-0.16079260305988133,-0.22083195265327216,1.28905336429637,-0.40881180358707603,0.16968138398867064,-0.1264435866502287,-0.32203333003506446,1.2881440452984119,-0.040919754261378345,1.4123408657626129,-0.2200071895867306,-0.03192935657763875,1.2879389045467515,-0.9000588213515957,0.6120896178460247,-0.10618487618330075,-0.14957869490537334,-1.271548773064879
1731072137.23,1.5345349014458474,-0.16776301023618498,-0.16079260305988133,-0.07466744638015668,1.2882534804738848,1.3238737872461357,0.32043575142331215,-0.1264435866502287,-0.4005827270616793,1.2865324890416097,0.519442976377961,1.3627535452444632,-0.2200071895867306,0.048143911749025096,1.2883262368249395,0.9309925925459387,0.508866907685605,-0.10618487618330075,0.0034674107758022278,-1.2756007561090847
1731072137.73,-0.4742677878317513,0.34582775884691386,-0.16079260305988133,-0.028991038169808126,1.290674299913995,-0.40881180358707603,-0.3822741225865495,-0.1264435866502287,1.0311585551052551,1.2894544108303816,-0.5212306662379566,0.42767835833079043,-0.2200071895867306,0.4965542143783427,1.2891638589258736,-0.9000588213515957,-0.11654127740399754,-0.10618487618330075,0.5534768530675269,-1.2649441960351344
1731072138.23,-0.4742677878317513,0.7750606238294073,-0.16079260305988133,-0.02290085040842831,1.289166936755538,-0.40881180358707603,0.06512593560658064,-0.1264435866502287,-0.3398854657229315,1.2875609663132064,0.519442976377961,0.31433591143216333,-0.2200071895867306,0.31398716259354903,1.2890339844569259,0.9600569007030418,0.3449249562543499,-0.10618487618330075,1.103486295359252,-1.2754000132706498
1731072138.73,-0.4742677878317513,0.17214972099272594,-0.16079260305988133,2.1360707110007144,1.2905750450609306,-0.40881180358707603,0.02622158272022148,-0.1264435866502287,-0.43628699843741336,1.2897176627248008,0.039132064401382796,0.47490437787188483,-0.2200071895867306,0.4645249070476771,1.2893432022577176,-0.9000588213515957,0.05195461712256994,-0.10618487618330075,0.02897509505599818,-1.272302181156945
1731072139.23,1.5345349014458474,0.15726303203379552,-0.16079260305988133,0.05322649660881932,1.2913848562220014,1.3238737872461357,-0.17316322582236898,-0.1264435866502287,-0.3291741843102112,1.2903513478892086,0.519442976377961,0.20335476551059092,-0.2200071895867306,0.00650581221915993,1.2899676214906897,0.9600569007030418,-0.06037597922847494,-0.10618487618330075,-0.09218640527493245,-1.2689117106120364
1731072139.73,-0.18729597507781445,0.1423763430748651,-0.16079260305988133,-0.1416595117553346,1.2922597007069136,-0.40881180358707603,0.29855205292473536,-0.1264435866502287,-0.33631503858535805,1.291813645588613,-0.040919754261378345,0.26947119286812343,-0.2200071895867306,0.04173805028289198,1.2901693529263523,-0.9000588213515957,0.4147520837158104,-0.10618487618330075,-0.21015944507083867,-1.2684988848304097
1731072140.23,-0.4742677878317513,0.12252742446295788,-0.16079260305988133,-0.1233889484711952,1.2918092948432789,-0.40881180358707603,0.4298542439161976,-0.1264435866502287,-0.21135008877028902,1.290880778636474,0.039132064401382796,0.6024146306328403,-0.2200071895867306,0.16024648740635444,1.2904961128977466,0.9600569007030418,-0.3806699769321307,-0.10618487618330075,0.443474964609182,-1.2717850981124093
1731072140.73,-0.4742677878317513,0.32845995506149506,-0.16079260305988133,0.09890290481916794,1.2940427962488668,-0.40881180358707603,-0.041861034830907064,-0.1264435866502287,-0.3613080285483719,1.2932342748293597,-0.040919754261378345,0.47726567884893956,-0.2200071895867306,0.00650581221915993,1.2914860349511896,-0.9000588213515957,0.2963495632376817,-0.10618487618330075,1.508420783307362,-1.2606304863962028
1731072141.23,-0.4742677878317513,0.4401101222534732,-0.16079260305988133,-0.20103884242878775,1.2931460821161365,-0.40881180358707603,-0.5233024017996012,-0.1264435866502287,-0.33274461144778467,1.2919953476592272,0.519442976377961,0.5551886110917457,-0.2200071895867306,0.06736149614742437,1.291561655206835,0.9600569007030418,0.48457921117727093,-0.10618487618330075,0.12144045057170844,-1.2673864293074888
1731072141.73,1.5345349014458474,0.4674023853448456,-0.16079260305988133,-0.06248707085739705,1.2918560126403402,1.3238737872461357,-0.21206757870872814,-0.1264435866502287,-0.21135008877028902,1.289712173824198,-0.040919754261378345,1.0014744957550894,-0.2200071895867306,-0.03192935657763875,1.2918695967546605,-0.9000588213515957,0.25536407537986805,-0.10618487618330075,0.14375967431687983,-1.2737605176047362
1731072142.23,-0.4742677878317513,0.5840147821898003,-0.16079260305988133,-0.044216507573257666,1.2947588157977648,-0.40881180358707603,-0.09049147593885602,-0.1264435866502287,-0.08995556609279323,1.293842502500938,-0.040919754261378345,1.1596816612177567,-0.2200071895867306,1.1819813912545851,1.2924641797597636,0.9600569007030418,0.25688205641163875,-0.10618487618330075,-0.3058132611215734,-1.263256280083705
1731072142.73,-0.4742677878317513,0.8271640351856637,-0.16079260305988133,-0.23544840328058367,1.29331154471112,-0.40881180358707603,-0.46494587247006247,-0.1264435866502287,-0.3291741843102112,1.2924688474953892,-0.040919754261378345,1.0605070201814581,-0.2200071895867306,3.811587523102226,1.2920878670784346,-0.9000588213515957,-0.47023085780661256,-0.10618487618330075,0.10230968736156147,-1.2753697083339794
1731072143.23,-0.4742677878317513,1.2142179481178543,-0.16079260305988133,-0.11425366682912548,1.2920000407754813,1.3238737872461357,-0.5986795855169221,-0.1264435866502287,2.255815063292932,1.290120228825296,0.519442976377961,1.128984748516045,-0.2200071895867306,-0.0671615946413708,1.2924134941167613,0.9600569007030418,0.3904643872074763,-0.10618487618330075,0.20115196394732074,-1.2816849591970905
1731072143.73,1.5345349014458474,0.9834742692544328,-0.16079260305988133,1.6001341879992912,1.294699387621353,-0.40881180358707603,-0.5695013208521528,-0.1264435866502287,-0.42914614416226654,1.2933288266079115,-0.040919754261378345,1.3580309432903537,-0.2200071895867306,0.17305821033862065,1.2933516889803656,-0.9000588213515957,-0.10743339121337225,-0.10618487618330075,-0.11131716848507942,-1.2692889750164216
1731072144.23,-0.4742677878317513,0.742806131085058,-0.16079260305988133,-0.2311852718476178,1.2960456348724319,-0.40881180358707603,-0.4309045636944985,-0.1264435866502287,-0.1470824002939677,1.2950922027717426,0.039132064401382796,1.3108049237492592,-0.2200071895867306,0.04494098101595854,1.2938316665912728,0.9600569007030418,0.12329972561580153,-0.10618487618330075,0.11825199003668388,-1.2651126256621719
1731072144.73,-0.18729597507781445,-0.2570831439897675,-0.16079260305988133,-0.06857725861877687,1.2960491876129654,-0.40881180358707603,0.11618789876992705,-0.1264435866502287,0.03500938372227573,1.295129378580411,-0.040919754261378345,1.7122260898485635,-0.2200071895867306,0.07056442688049099,1.2940279885122277,-0.9000588213515957,0.8048732088809264,-0.10618487618330075,-0.09218640527493245,-1.267795962878805
1731072145.23,1.5345349014458474,-0.39850668909960635,-0.16079260305988133,-0.02290085040842831,1.293448893179782,1.3238737872461357,0.050536803274195956,-0.1264435866502287,-0.300610767209624,1.2918348994120448,0.519442976377961,1.6413870605369216,-0.2200071895867306,0.2531314786652845,1.2936649567616605,0.9891212088601449,-0.15145484113472782,-0.10618487618330075,2.3151012986685586,-1.283852576791637
1731072145.73,-0.4742677878317513,-0.42579895219097874,-0.16079260305988133,-0.2284446873549969,1.2950608577857095,-0.40881180358707603,0.018927016554029136,-0.1264435866502287,-0.12923026460610076,1.2934035583229406,-0.040919754261378345,1.794871624045479,-0.2200071895867306,-0.05755280244217113,1.2945151017006422,-0.9291231295086987,0.6895066504663397,-0.10618487618330075,-0.07305564206478564,-1.275938094407924
1731072146.23,-0.4742677878317513,-0.07348064682962596,-0.16079260305988133,-0.08989291578360621,1.2943613826958338,-0.40881180358707603,0.02865310477561893,-0.1264435866502287,0.18496732350035877,1.2923531963255075,-0.040919754261378345,0.989667990869816,-0.2200071895867306,0.2435226864660849,1.2946705008824748,0.9600569007030418,0.11419183942517624,-0.10618487618330075,-0.044359497249565116,-1.2813976456419411
1731072146.73,-0.4742677878317513,-0.07844287648260248,-0.16079260305988133,-0.1233889484711952,1.2942900221500269,-0.40881180358707603,0.13564007521310664,-0.1264435866502287,-0.050680867579485846,1.2924670857337446,-0.040919754261378345,0.1655739498777152,-0.2200071895867306,0.2755519937967505,1.294749722789028,-0.9000588213515957,0.4891331542725834,-0.10618487618330075,-0.05711333938966309,-1.2852313175036765
1731072147.23,1.5345349014458474,-0.29429986638709354,-0.16079260305988133,-0.16297516892016395,1.294529302985033,1.3238737872461357,-0.07103929949567643,-0.1264435866502287,-0.14351197315639438,1.2922783254106287,0.519442976377961,0.05223150297908834,-0.2200071895867306,1.1947931141868513,1.2953055813658174,-0.9000588213515957,-0.4064756544722357,-0.10618487618330075,-0.20697098453581425,-1.2843626985725514
1731072147.73,-0.4742677878317513,-0.27941317742816313,-0.16079260305988133,-0.11425366682912548,1.2947321106825598,-0.40881180358707603,0.4809162070795437,-0.1264435866502287,2.045159862176101,1.2926658039935577,-0.040919754261378345,0.05223150297908834,-0.2200071895867306,0.0161146044183596,1.2954889143800654,0.9600569007030418,-0.04519616891076629,-0.10618487618330075,0.2298481087625411,-1.2864454584393696
1731072148.23,-0.18729597507781445,-0.33647881843739624,-0.16079260305988133,1.152505387537875,1.2970370811056433,-0.40881180358707603,0.514957515855108,-0.1264435866502287,-0.2506247872835964,1.295036870032892,-0.040919754261378345,0.9991131947780351,-0.2200071895867306,0.1826670025378204,1.2965372100699841,0.9600569007030418,0.7654057020548838,-0.10618487618330075,0.2904288589280064,-1.2745986556166151
1731072148.73,-0.4742677878317513,-0.5176002007710495,-0.16079260305988133,-0.23209880001182479,1.2966948538859422,-0.40881180358707603,0.35690858225427413,-0.1264435866502287,-0.26133606869631665,1.2951095638752188,0.039132064401382796,0.2505807850516856,-0.2200071895867306,-0.054349871709104644,1.2963794866628968,-0.9000588213515957,0.31608331665070327,-0.10618487618330075,-0.28987095844645094,-1.281177914372381
1731072149.23,-0.18729597507781445,-0.31166767017251223,-0.16079260305988133,-0.10207329130636585,1.2978935022779516,1.3238737872461357,0.6243760083479929,-0.1264435866502287,-0.3648784556859453,1.2966578971055214,0.519442976377961,0.44184616419311884,-0.2200071895867306,-0.028726425844572193,1.2968430857146003,0.9600569007030418,0.5544063386387315,-0.10618487618330075,0.1628904375270268,-1.2776430969184502
1731072149.73,1.5345349014458474,-0.37617665566121067,-0.16079260305988133,-0.08075763414153649,1.2960661821655761,-1.8939708814441196,-0.8345372248904742,-0.1264435866502287,-0.12923026460610076,1.2940199720987084,-0.040919754261378345,1.2895532149557667,-0.2200071895867306,0.33320474699194835,1.2968408183936235,-0.9000588213515957,0.021594996487152487,-0.10618487618330075,1.8336437578798606,-1.2882541798651839
1731072150.23,-0.18729597507781445,-0.33399770361090786,-0.16079260305988133,-0.22144097142941013,1.2981394460979454,1.3238737872461357,-1.1068676950949883,-0.1264435866502287,-0.10066684750551352,1.2968194023480262,-0.5212306662379566,0.19627086257942672,1.8826579511731376,-0.01911763364537252,1.2974149965470845,0.9600569007030418,0.22196849268090865,-0.10618487618330075,-0.2261017477459612,-1.2808130059275145
1731072150.73,-0.4742677878317513,-0.33399770361090786,-0.16079260305988133,-0.19159905139864905,1.2980598504231633,-0.16128529061090793,-0.9342296291617697,-0.1264435866502287,-0.32203333003506446,1.2956352889072376,-0.040919754261378345,-0.1555629830017278,-0.2200071895867306,0.03212925808369231,1.2982461035538,-0.9000588213515957,0.6910246314981104,-0.10618487618330075,-0.04117103671454069,-1.2789781072079622
1731072151.23,1.5345349014458474,-0.22482865124541826,-0.16079260305988133,-0.044216507573257666,1.3001288513679246,1.3238737872461357,-1.0606687760424367,-0.1264435866502287,-0.27204735010903686,1.2986323800059576,0.519442976377961,-0.0398592351260462,-0.2200071895867306,0.1826670025378204,1.2987004960188455,-2.7601745434062304,0.12481770664757225,7.103020976823845,0.060859700406243125,-1.2724593921051108
1731072151.73,-0.4742677878317513,0.2713943140522618,-0.16079260305988133,-0.23057625307147983,1.29989470965311,-0.40881180358707603,-0.8758730998322308,-0.1264435866502287,-0.42914614416226654,1.2987435974555943,0.039132064401382796,0.8881320488564629,-0.2200071895867306,0.3876545694540797,1.298624450264242,0.9600569007030418,0.8473766777705111,-0.10618487618330075,-0.028417194574442715,-1.2780400002569052
1731072152.23,-0.4742677878317513,-0.023858350299857896,-0.16079260305988133,-0.06553216473808696,1.3004669375440343,-0.16128529061090793,-0.9439557173833594,-0.1264435866502287,0.3849112432044692,1.2993465259967112,-0.040919754261378345,0.0569541049331978,-0.2200071895867306,-0.07677038684057047,1.2990377227649288,0.9600569007030418,-0.028498377561286595,-0.10618487618330075,-0.060301799924687656,-1.2770840979602094
1731072152.73,-0.4742677878317513,0.038169520362352174,-0.16079260305988133,-0.08989291578360621,1.2989185922900264,-0.40881180358707603,-0.8564209233890513,-0.1264435866502287,-0.23991350587087626,1.2970101361644553,-0.040919754261378345,0.09237361958901878,-0.2200071895867306,-0.0031029799800397395,1.299127806520722,-0.9000588213515957,-0.06948386541910022,-0.10618487618330075,-0.2037825240007897,-1.2860169704461393
1731072153.23,1.5345349014458474,-0.21242307711297626,-0.16079260305988133,1.4844206205330748,1.301027067015372,1.3238737872461357,-0.8077904822811023,-0.1264435866502287,-0.4041531541992527,1.2997141153264635,0.519442976377961,0.29544550361572547,-0.2200071895867306,0.08978201127889034,1.2997917882725634,0.9600569007030418,-0.21976398756441748,-0.10618487618330075,-0.05711333938966309,-1.2777716057907598
1731072153.73,-0.4742677878317513,0.303648806796611,-0.16079260305988133,-0.1772871101594065,1.302940092200096,-0.40881180358707603,-0.8977567983308079,-0.1264435866502287,-0.18992752594484857,1.3020306962070667,-0.040919754261378345,-0.16500818690994673,-0.2200071895867306,0.11220252641035616,1.3004941686312401,-0.9000588213515957,-0.23646177891389716,-0.10618487618330075,0.009844331845851217,-1.2699211433820776
1731072154.23,-0.4742677878317513,0.7080705235142204,-0.16079260305988133,-0.013765568766358587,1.303004445965757,-0.40881180358707603,-0.6643306810126531,-0.1264435866502287,-0.11137812891823366,1.3022822567930437,0.039132064401382796,0.42059445539962625,-0.2200071895867306,0.022520465884492715,1.3006236668253737,0.9891212088601449,0.7669236830866545,-0.10618487618330075,0.04172893719609616,-1.272896921917945
1731072154.73,-2.196098664355413,0.494694648436218,4.2614553726044715,-0.19494865466740793,1.3012266617902366,-0.16128529061090793,-0.7008035118436149,-0.1264435866502287,-0.36844888282351873,1.29978093965544,-0.040919754261378345,0.8834094469023535,-0.2200071895867306,-0.015914702912305966,1.300589176364289,-0.9000588213515957,-0.22128196859618834,-0.10618487618330075,-0.1304479316952264,-1.2835786554008195
1731072155.23,1.5345349014458474,0.038169520362352174,-0.16079260305988133,-0.23910251593741158,1.302897005304254,1.3238737872461357,-0.7761806955609355,-0.1264435866502287,-0.2363430787333028,1.3018125416721367,0.519442976377961,0.6331115433345519,-0.2200071895867306,0.1346230415418221,1.3012244692019943,0.9891212088601449,-0.04367818787899541,-0.10618487618330075,-0.14957869490537334,-1.2770878262778727
1731072155.73,-0.4742677878317513,0.23665870648142412,-0.16079260305988133,-0.07162235249946677,1.3038683348227127,-0.40881180358707603,-0.7445709088407689,-0.1264435866502287,-0.318462902897491,1.303259785572709,-0.040919754261378345,0.8031252136824926,-0.2200071895867306,0.09939080347808993,1.3015281933542926,-0.9291231295086987,0.018559034423610725,-0.10618487618330075,0.18839812180722276,-1.2755612729189474
1731072156.23,-0.4742677878317513,0.7105516383407088,-0.16079260305988133,-0.0015851932435989545,1.3007854199664288,-0.40881180358707603,-0.30203389475843373,-0.1264435866502287,-0.3077516214847708,1.2985991014183322,-0.040919754261378345,2.177402382328345,-0.2200071895867306,0.36843698505568057,1.3014998187213944,0.9891212088601449,1.3862599440491734,-0.10618487618330075,0.280863477322933,-1.2907766238294243
1731072156.73,-0.4742677878317513,0.19944198408409836,-0.16079260305988133,-0.23666644083285965,1.3038126763170266,-0.40881180358707603,-0.49898718124562674,-0.1264435866502287,-0.21849094304543584,1.3030071697524086,-0.040919754261378345,1.6319418566287027,-0.2200071895867306,2.4759654074134727,1.302051856378549,-0.9291231295086987,0.898988032850721,-0.10618487618330075,-0.3121901821916224,-1.280154733010213
1731072157.23,-0.4742677878317513,-0.07596176165611408,-0.16079260305988133,-0.11425366682912548,1.3023001771129628,1.3238737872461357,-0.674056769234243,-0.1264435866502287,1.6024268971169997,1.3009257857066914,0.519442976377961,0.8267382234530398,-0.2200071895867306,0.10899959567728967,1.3020272714920347,0.9600569007030418,0.35251486141320443,-0.10618487618330075,0.35100960909347173,-1.2898307034491507
1731072157.73,1.5345349014458474,-0.23475311055137188,-0.16079260305988133,-0.10511838518705575,1.3042375946170994,-0.40881180358707603,0.10159876643754237,-0.1264435866502287,-0.3934418727865325,1.3023292228106318,0.039132064401382796,1.1337073504701545,-0.2200071895867306,0.1218113186095559,1.3032873829259952,-0.9000588213515957,0.25991801847518053,-0.10618487618330075,0.3478211485584473,-1.277670773741712
1731072158.23,-0.4742677878317513,0.5219869115275905,-0.16079260305988133,0.33946532139367047,1.3053134569264149,-0.40881180358707603,-0.19261540226554857,-0.1264435866502287,-0.32560375717263784,1.3043162197037934,-0.040919754261378345,1.2730241081163833,-0.2200071895867306,0.012911673685293043,1.3033760344206833,0.9600569007030418,0.1521413652194481,-0.10618487618330075,0.637971057245676,-1.2774057430850099
1731072158.73,-0.4742677878317513,0.17214972099272594,-0.16079260305988133,-0.15383988727809422,1.3038015284647648,-0.40881180358707603,-0.06131321127408664,-0.1264435866502287,-0.2577656415587432,1.302318672983835,-0.040919754261378345,0.8102091166136565,-0.2200071895867306,-0.10239383270510292,1.3033029410130765,-0.87099451319449,0.15821328934653164,-0.10618487618330075,-0.23885558988605912,-1.287447126286138
1731072159.23,1.5345349014458474,-0.08092399130909089,-0.16079260305988133,-0.2022568799810637,1.3049459243614832,1.3238737872461357,0.15752377371168338,-0.1264435866502287,-0.1863570988072751,1.303403436975998,-0.040919754261378345,0.26710989189106865,-0.2200071895867306,-0.038335218043771865,1.303985486072263,0.9309925925459387,0.22652243577622147,-0.10618487618330075,2.009009087306207,-1.282444211477809
1731072159.73,-0.4742677878317513,-0.2818942922546515,-0.16079260305988133,-0.13252423011326486,1.3060314404958713,-0.40881180358707603,-0.0005251598891504476,-0.1264435866502287,-0.43985742557498675,1.3055281104218195,0.519442976377961,0.0711219107955262,-0.2200071895867306,0.03853511954982543,1.3040029073059975,-0.9000588213515957,0.3342990890319539,-0.10618487618330075,-0.2516094320261571,-1.2826844487950817
1731072160.23,-0.4742677878317513,-0.04618838373825352,-0.16079260305988133,0.004504994517780862,1.3041685470447966,-0.40881180358707603,-0.01997733633233003,-0.1264435866502287,0.10641792647374385,1.3020679582843282,-0.040919754261378345,0.09001231861196404,-0.2200071895867306,0.1250142493426224,1.3044474200168723,0.9600569007030418,0.37224861482622573,-0.10618487618330075,-0.060301799924687656,-1.2900382728714905
1731072160.73,-0.18729597507781445,-0.006490546514439077,-0.16079260305988133,-0.2339258563402387,1.306761528192603,-0.40881180358707603,-0.07590234360647133,-0.1264435866502287,-0.047110440441912524,1.305469494888491,-0.040919754261378345,0.37572973683558636,-0.2200071895867306,-0.02232056437843908,1.305170006509211,-0.9000588213515957,-0.33209458391546254,-0.10618487618330075,-0.28030557684137747,-1.2796482269221525
1731072161.23,1.5345349014458474,0.13741411342188828,-0.16079260305988133,-0.11425366682912548,1.3055650419818878,1.3238737872461357,0.88454886827552,-0.1264435866502287,-0.3720193099610921,1.3035534479231907,-0.040919754261378345,0.5008786886194868,-0.2200071895867306,1.5150861874935067,1.3053530961476016,0.9600569007030418,0.2143785875220544,-0.10618487618330075,0.01303279238087564,-1.2866429809157995
1731072161.73,-0.4742677878317513,0.00839614244449134,-0.16079260305988133,-0.13556932399395477,1.3069338599740785,-0.40881180358707603,0.2888259647031456,-0.1264435866502287,2.8199425510295297,1.3056322536912968,0.519442976377961,0.40878795051435257,-0.2200071895867306,-0.05755280244217113,1.3056702972679028,-0.9000588213515957,-0.10743339121337225,-0.10618487618330075,0.04810585826614515,-1.2836185652626766
1731072162.23,-0.4742677878317513,1.2787269336065528,-0.16079260305988133,-0.21382823672768536,1.3090963562844118,-0.40881180358707603,-0.3166230270908184,-0.1264435866502287,-0.12208941033095395,1.307973652465961,-0.040919754261378345,0.5575499120688004,-0.2200071895867306,0.04173805028289198,1.306598375543482,0.9600569007030418,0.20678868236319983,-0.10618487618330075,-0.08899794473990803,-1.2731837224561902
1731072162.73,-0.18729597507781445,0.8891919058478736,-0.16079260305988133,-0.08989291578360621,1.3068927273928785,-0.40881180358707603,-0.406589343140524,-0.1264435866502287,-0.4041531541992527,1.3048798522083902,-0.040919754261378345,0.9022998547187907,-0.2200071895867306,0.06415856541435788,1.3065002932043484,-0.9000588213515957,0.4724353629231039,-0.10618487618330075,-0.15595561597542235,-1.2858422135438696
1731072163.23,1.5345349014458474,0.5120624522216368,-0.16079260305988133,0.0197304639212304,1.3078252117438536,-0.40881180358707603,-0.6546045927910634,3.5168562080497283,-0.300610767209624,1.3070766021563656,0.519442976377961,0.9022998547187907,-0.2200071895867306,-0.028726425844572193,1.3063282666049645,0.9600569007030418,-0.0710018464508711,-0.10618487618330075,-0.2611748136312306,-1.2880526583555023
1731072163.73,-0.4742677878317513,0.8445318389710825,-0.16079260305988133,-0.11729876070981539,1.3070239058119635,-0.40881180358707603,0.6900271038437242,-0.1264435866502287,0.04215023799742254,1.305552326240324,-0.040919754261378345,2.1278150618101956,-0.2200071895867306,0.3876545694540797,1.3066628454460216,-0.9000588213515957,0.6834347263392563,-0.10618487618330075,2.238578245827971,-1.2925135989706595
1731072164.23,-0.4742677878317513,0.5269491411805672,-0.16079260305988133,1.8041554780055147,1.3076819192272247,-0.40881180358707603,-0.39929477697433163,-0.1264435866502287,-0.3720193099610921,1.3057281522992628,-0.040919754261378345,1.4194247686937767,-0.2200071895867306,0.28836371672901673,1.3074084982324312,-0.9000588213515957,-0.1119873343086849,-0.10618487618330075,0.18202120073717376,-1.2887406792816418
1731072164.73,-0.4742677878317513,0.45251569638591516,-0.16079260305988133,-0.11425366682912548,1.309195553693244,-0.40881180358707603,0.30098357498013284,-0.1264435866502287,-0.4255757170246931,1.3074510272757212,-0.040919754261378345,1.1525977582865923,-0.2200071895867306,-0.006305910713106296,1.308073356494834,0.9600569007030418,0.2083066633949709,-0.10618487618330075,-0.21015944507083867,-1.28257605834556
1731072165.23,-0.18729597507781445,0.24906428061386615,-0.16079260305988133,-0.21017412407085748,1.3111052142416073,1.3238737872461357,-0.3506643358663827,-0.1264435866502287,-0.32560375717263784,1.3100219926836187,0.519442976377961,1.4926250989824732,-0.2200071895867306,0.06415856541435788,1.3086236208683977,0.9600569007030418,0.44511170435122804,-0.10618487618330075,-0.22291328721093664,-1.2758885644693299
1731072165.73,-0.4742677878317513,-0.03378280960581151,-0.16079260305988133,0.4155926684109181,1.310334765974417,-0.40881180358707603,-0.22179366693031793,-0.1264435866502287,-0.3827305913738123,1.3098454582667955,-0.040919754261378345,1.643748361513976,-0.2200071895867306,1.3997806811031108,1.3081996552220445,-0.9000588213515957,-0.3988857493133813,-0.10618487618330075,-0.2611748136312306,-1.2859827988584265
1731072166.23,1.5345349014458474,-0.23723422537786026,-0.16079260305988133,-0.09293800966429612,1.3101566696213156,-0.40881180358707603,0.31070966320172233,-0.1264435866502287,0.4670310673686574,1.30919839763773,-0.040919754261378345,1.8893236631276682,-0.2200071895867306,-0.025523495111505635,1.3086213507107176,0.9600569007030418,0.44662968538299874,-0.10618487618330075,-0.11131716848507942,-1.2875969912582426
1731072166.73,-0.4742677878317513,0.291243232664169,-0.16079260305988133,-0.2193094057129272,1.3114091000670456,-0.16128529061090793,-0.17559474787776644,-0.1264435866502287,-0.43985742557498675,1.3102328213454177,0.039132064401382796,2.167957178420126,-0.2200071895867306,-0.02232056437843908,1.3094372720744112,-0.9000588213515957,0.4860971922090417,-0.10618487618330075,-0.15595561597542235,-1.2812059587918145
1731072167.23,1.5345349014458474,0.12500853928944627,-0.16079260305988133,-0.09902819742567594,1.3124744148033076,1.3238737872461357,-0.3676849902541648,-0.1264435866502287,-0.31489247575991763,1.3112632129258177,0.519442976377961,2.4158937810108725,-0.2200071895867306,0.051346842482091655,1.3100753501305915,0.9600569007030418,0.12329972561580153,-0.10618487618330075,-0.21972482667591223,-1.2768179109679647
1731072167.73,-0.4742677878317513,-0.04370726891176512,-0.16079260305988133,0.34860060303574014,1.3111323653238702,-0.40881180358707603,-0.09778604210504836,-0.1264435866502287,-0.27561777724661024,1.3096153973783407,-0.5212306662379566,0.40642664953729785,-0.2200071895867306,-0.02232056437843908,1.309961394303462,-0.87099451319449,0.17642906172778222,-0.10618487618330075,-0.2261017477459612,-1.2865721888154844
1731072168.23,-0.4742677878317513,-0.3563277370493035,-0.16079260305988133,-0.21047863345892648,1.3097627664196856,-0.40881180358707603,0.3836553248636458,-0.1264435866502287,-0.33631503858535805,1.3074325905667816,0.519442976377961,-0.22167941035926028,-0.2200071895867306,0.051346842482091655,1.310133755026034,0.9309925925459387,-0.23797975994566806,-0.10618487618330075,0.8802940579075373,-1.2942567422073183
1731072168.73,-0.18729597507781445,-0.21490419193946464,-0.16079260305988133,0.15980478243296597,1.3124261187782817,-0.40881180358707603,0.600060787794019,-0.1264435866502287,-0.1256598374685273,1.311777764277648,0.039132064401382796,0.49851738764243214,-0.2200071895867306,-0.028726425844572193,1.3103723097285906,-0.9000588213515957,0.7775495503090508,-0.10618487618330075,0.1533250559219534,-1.2872814509564157
1731072169.23,1.5345349014458474,-0.3067054405195356,-0.16079260305988133,1.5544577797889427,1.3111245214382432,1.3238737872461357,0.32043575142331215,-0.1264435866502287,-0.11851898319338047,1.3099240911588483,0.519442976377961,-0.004439720470225225,-0.2200071895867306,-0.038335218043771865,1.3104177264265175,0.9600569007030418,-0.06644790335555846,-0.10618487618330075,0.35100960909347173,-1.2956877203343324
1731072169.73,-0.4742677878317513,0.06794289828021301,-0.16079260305988133,-0.2311852718476178,1.3115761855943444,-0.40881180358707603,0.4930738173565312,-0.1264435866502287,-0.2970403400720506,1.3092756353928552,-0.040919754261378345,0.6496406501739347,-0.2200071895867306,-0.07997331757363703,1.311446506833363,-0.9000588213515957,0.47091738189133286,-0.10618487618330075,-0.24204405042108362,-1.2904981035047163
1731072170.23,-0.4742677878317513,-0.42579895219097874,-0.16079260305988133,-0.05030669533463748,1.313404668450702,-0.40881180358707603,0.6803010156221344,-0.1264435866502287,-0.061392148992206144,1.311677483645621,-0.040919754261378345,0.7984026117283831,-0.2200071895867306,0.08017321907969059,1.312017484001615,0.9600569007030418,-0.14841887907118606,-0.10618487618330075,0.02897509505599818,-1.283938405410657
1731072170.73,-2.196098664355413,-0.4034689187525831,4.2614553726044715,-0.11729876070981539,1.3127875453863178,-0.40881180358707603,-0.02240885838772748,-0.1264435866502287,-0.4255757170246931,1.310697064802536,0.039132064401382796,0.15849004694655128,-0.2200071895867306,2.1556723341068174,1.3122113140965845,-0.9000588213515957,0.11419183942517624,-0.10618487618330075,0.03854047666107159,-1.2888188247490089
1731072171.23,1.5345349014458474,-0.4282800670174672,-0.16079260305988133,-0.21687333060837527,1.3119347056985127,-0.40881180358707603,-0.7664546073393457,-0.1264435866502287,2.891351093780998,1.3097840602015183,0.519442976377961,0.5150464944818153,-0.2200071895867306,-0.07677038684057047,1.312138826476663,0.9600569007030418,0.9475634258673893,-0.10618487618330075,-0.2261017477459612,-1.2965416326737105
1731072171.73,-0.4742677878317513,-0.3960255742731179,-0.16079260305988133,-0.09902819742567594,1.3136797421261295,1.3238737872461357,-0.722687210342192,-0.1264435866502287,-0.2934699129344773,1.3122008914794339,0.039132064401382796,0.4347622612619546,-0.2200071895867306,0.14102890300795523,1.312620704293915,-0.9000588213515957,-0.09377156192743433,-0.10618487618330075,-0.22929020828098565,-1.2909487887961537
1731072172.23,-0.4742677878317513,-0.21986642159244146,-0.16079260305988133,-0.05335178921532732,1.3138648723646789,-0.40881180358707603,-0.7299817765083843,-0.1264435866502287,-0.26133606869631665,1.3129254000425736,-0.040919754261378345,-0.028052730240772542,-0.2200071895867306,0.18586993327088688,1.3125901951238736,0.9600569007030418,0.507348926653834,-0.10618487618330075,-0.2611748136312306,-1.2947093881163603
1731072172.73,-0.4742677878317513,-0.43076118184395557,-0.16079260305988133,-0.23453487511637672,1.3140776597953485,-0.40881180358707603,-0.6497415486802685,-0.1264435866502287,-0.157793681706688,1.3121438168236925,-0.040919754261378345,-0.16973078886405618,-0.2200071895867306,0.009708742952226488,1.3134667341877573,-0.9000588213515957,-0.1438649359758734,-0.10618487618330075,0.9281209659329048,-1.2915111877935719
1731072173.23,1.5345349014458474,-0.1652818954096966,-0.16079260305988133,-0.1264340423518851,1.3157391561361629,1.3238737872461357,-0.4673773945254599,-0.1264435866502287,-0.0221174504788986,1.3146107945913936,0.519442976377961,0.14196094010716814,-0.2200071895867306,-0.07036452537443735,1.313838892586116,0.9600569007030418,0.15517732728298989,-0.10618487618330075,0.05448277933619414,-1.2870414533736634
1731072173.73,-0.4742677878317513,-0.3240732443049542,-0.16079260305988133,0.8723567505144039,1.3165298477271246,-0.40881180358707603,-0.1853208360993562,-0.1264435866502287,-0.4220052898871197,1.3154834765277692,-0.040919754261378345,0.04514760004792414,-0.2200071895867306,-0.038335218043771865,1.3143047233646503,-0.9000588213515957,0.048918655059028184,-0.10618487618330075,-0.1240710106251774,-1.2849209357817861
1731072174.23,-13.387999361759183,23.86927742878344,15.178880062525842,-0.2281401779669279,1.3153086661023747,-28.824855493251775,5.438789678034936,-0.1264435866502287,-0.1934979530824219,1.3132373004839215,-9.751205358054513,12.19404112699451,-0.2200071895867306,0.16665234887248756,1.314656944399354,-15.78098459778868,0.8428227346751986,-0.10618487618330075,-0.2324786688160102,-1.2907246953687523
1731072174.74,1.5345349014458474,8.243216251559494,11.723998831538065,21.54549910651817,1.315199230045469,4.54171845593639,4.181692775394457,35.83645116103322,-0.03996958616676571,1.3133947224668197,1.5601166189938787,5.171532021233744,20.806644218011954,0.22750803280075205,1.3146744182993713,4.680288344812311,10.908554956347903,24.735175051046134,-0.09696909607746923,-1.2951561975035628
1731072175.23,-0.4742677878317513,0.9487386616835952,-0.16079260305988133,0.041046121086059685,1.3148047289196607,1.3238737872461357,-0.30932846092462607,-0.1264435866502287,0.11355878074889066,1.3131607611521947,0.519442976377961,0.7889574078201641,-0.2200071895867306,0.28836371672901673,1.3146462771145688,0.9600569007030418,4.308373430208118,-0.10618487618330075,0.03854047666107159,-1.3009337619868373
1731072175.73,1.5345349014458474,0.8445318389710825,-0.16079260305988133,-0.22905370613113488,1.3166141220303966,-0.40881180358707603,-0.5476176223535757,-0.1264435866502287,0.18496732350035877,1.3152064041590847,-0.040919754261378345,0.7417313882790695,-0.2200071895867306,1.6047682480193701,1.3154070516036056,-0.9000588213515957,1.9448769637408572,-0.10618487618330075,-0.13682485276527537,-1.2930051162505827
1731072176.23,-0.4742677878317513,0.10019739102456225,-0.16079260305988133,-0.10511838518705575,1.316242084143353,-0.40881180358707603,-0.8394002690012692,-0.1264435866502287,2.5200266714733637,1.3144133192076692,-0.040919754261378345,0.5740790189081836,-0.2200071895867306,-0.006305910713106296,1.3157273063001274,0.9891212088601449,0.725938195228841,-0.10618487618330075,-0.21972482667591223,-1.2960688943773855
1731072176.73,-0.4742677878317513,0.291243232664169,-0.16079260305988133,-0.04117141369256776,1.317226997866786,-0.40881180358707603,-0.7518654750069613,-0.1264435866502287,0.11712920788646398,1.316157972165259,-0.040919754261378345,0.8031252136824926,-0.2200071895867306,0.7175564349599348,1.3158704564352566,-0.9291231295086987,0.6029817316553997,-0.10618487618330075,0.11825199003668388,-1.2957065166283723
1731072177.23,1.5345349014458474,0.5219869115275905,-0.16079260305988133,-0.23757996899706663,1.3167555950168577,1.3238737872461357,-0.7713176514501406,-0.1264435866502287,0.23852373056395976,1.3155649954464488,0.519442976377961,1.1053717387454978,-0.2200071895867306,0.6310773051671379,1.3159781457704458,-0.9000588213515957,0.1840189668866368,-0.10618487618330075,0.12781737164175744,-1.3007267166926417
1731072177.73,-0.4742677878317513,0.8370884944916174,-0.16079260305988133,-0.06857725861877687,1.317075417371792,-0.40881180358707603,-0.7324132985637817,-0.1264435866502287,-0.35773760141079847,1.3148151085074968,-0.040919754261378345,1.2942758169098763,-0.2200071895867306,0.060955634681291324,1.3169389858264666,0.9600569007030418,0.2826877339517439,-0.10618487618330075,-0.3058132611215734,-1.2965168109044856
1731072178.23,-0.4742677878317513,0.6708538011168944,-0.16079260305988133,0.9393488158895817,1.318667838916682,-0.40881180358707603,0.07728354588356788,-0.1264435866502287,-0.37916016423623894,1.3170845573572667,-0.5212306662379566,1.6272192546745932,1.8826579511731376,0.21469630986848598,1.317360143874802,0.9600569007030418,0.06258048434496628,-0.10618487618330075,-0.16233253704547132,-1.2919183107132814
1731072178.73,-0.4742677878317513,-0.08092399130909089,-0.16079260305988133,-0.21413274611575436,1.3176296085789017,-0.40881180358707603,-0.18775235815475366,-0.1264435866502287,0.027868529447128917,1.3149938991333414,-0.040919754261378345,1.3178888266804236,-0.2200071895867306,0.5926421363703392,1.3177974735353042,-0.9000588213515957,0.1991987772043456,-0.10618487618330075,1.2310247167602313,-1.2964371509161114
1731072179.23,1.5345349014458474,-0.11317848405344012,-0.16079260305988133,-0.11425366682912548,1.3182185956222299,1.3238737872461357,-0.5111447915226139,-0.1264435866502287,-0.2970403400720506,1.3160670774324956,0.519442976377961,1.268301506162274,-0.2200071895867306,0.16344941813942107,1.317952031106742,0.9600569007030418,0.08231423775798757,-0.10618487618330075,1.8750937448351785,-1.2973785225287409
1731072179.73,-0.4742677878317513,0.09523516137158544,-0.16079260305988133,-0.02290085040842831,1.3183638399991946,-0.40881180358707603,-0.3336436814786005,-0.1264435866502287,-0.2934699129344773,1.315950808285877,-0.040919754261378345,1.4926250989824732,-0.2200071895867306,0.09939080347808993,1.3183745619321325,-0.9000588213515957,0.09294010498038391,-0.10618487618330075,0.006655871310826652,-1.297852588326496
1731072180.23,-0.4742677878317513,-0.1652818954096966,-0.16079260305988133,1.4966009960558344,1.320480962907955,-0.40881180358707603,0.08944115616055512,-0.1264435866502287,-0.15422325456911454,1.3189678682831782,-0.040919754261378345,0.543382106206472,-0.2200071895867306,0.579830413438073,1.3188638186784718,0.9600569007030418,-0.08162771367326728,-0.10618487618330075,-0.21015944507083867,-1.290895995645233
1731072180.73,-0.4742677878317513,0.12500853928944627,-0.16079260305988133,-0.21047863345892648,1.321519096375721,-0.40881180358707603,-0.19018388021015112,-0.1264435866502287,1.2846588818729665,1.3200692849879543,-0.12097157292414233,0.6708923589674276,-0.2200071895867306,2.152469403373751,1.3194340727566451,-0.9000588213515957,0.3403710131590374,-0.10618487618330075,-0.050736418319614104,-1.287117027708071
1731072181.23,1.5345349014458474,-0.053631728217718735,-0.16079260305988133,-0.08075763414153649,1.3192020791629997,1.3238737872461357,0.006769406277041896,-0.1264435866502287,-0.00783574192860498,1.3166800725149432,0.599494795040725,0.6189437374722234,-0.2200071895867306,0.1250142493426224,1.3193995729658223,-0.9000588213515957,-0.4064756544722357,-0.10618487618330075,0.06404816094126754,-1.2996949821232995
1731072181.73,-0.4742677878317513,-0.056112843044207134,-0.16079260305988133,-0.07771254026084659,1.322261018089923,-0.40881180358707603,-0.02240885838772748,-0.1264435866502287,-0.26490649583389003,1.321177475703618,-0.040919754261378345,0.24113558114346662,-0.2200071895867306,0.051346842482091655,1.3199301872958296,0.9600569007030418,0.17642906172778222,-0.10618487618330075,-0.24204405042108362,-1.2891172170187417
1731072182.23,-0.4742677878317513,0.04313175001532898,-0.16079260305988133,-0.21748234938451325,1.3207938909538643,-0.40881180358707603,0.18427051632105532,-0.1264435866502287,-0.3541671742732251,1.3195559735956777,-0.040919754261378345,0.6071372325869495,-0.2200071895867306,9.995075302681723e-05,1.3196807232446959,0.9600569007030418,-0.026980396529515716,-0.10618487618330075,-0.16870945811552032,-1.3003346944204144
1731072182.73,-0.4742677878317513,0.10515962067753905,-0.16079260305988133,-0.0868478219029163,1.3220407374481284,-0.40881180358707603,0.021358538609426582,-0.1264435866502287,-0.28275863152175706,1.3206346023693742,-0.040919754261378345,0.48434958178010373,-0.2200071895867306,0.1250142493426224,1.3204650918713663,-0.9000588213515957,-0.042160206847224525,-0.10618487618330075,-0.3121901821916224,-1.2942040136175412
1731072183.23,1.5345349014458474,0.6187503897606379,-0.16079260305988133,-0.16876084729347476,1.3197761052025527,1.3238737872461357,0.602492309849416,-0.1264435866502287,0.01001639375926197,1.3177857517548979,0.519442976377961,0.9093837576499552,-0.2200071895867306,0.31078423186048254,1.320165374465416,0.9600569007030418,0.2842057149835146,-0.10618487618330075,0.3382557669533738,-1.3086028045012432
1731072183.73,-0.4742677878317513,0.2118475582165404,-0.16079260305988133,-0.2022568799810637,1.3227699606330845,-1.8939708814441196,-0.7348448206191792,-0.1264435866502287,0.06714322796043645,1.3209471161747046,-0.040919754261378345,1.1573203602407018,-0.2200071895867306,0.551004036840474,1.3214138179948034,-0.9000588213515957,-0.3245046787566081,-0.10618487618330075,2.248143627433044,-1.292827741247908
1731072184.23,-0.4742677878317513,0.7403250162585696,-0.16079260305988133,-0.11120857294843557,1.322578353440777,-0.16128529061090793,-0.528165445910396,3.5168562080497283,-0.318462902897491,1.3207753005064475,-0.5212306662379566,1.4595668853037074,1.8826579511731376,-0.0671615946413708,1.321544701494124,0.9309925925459387,0.23714830299861747,-0.10618487618330075,-0.35682862968196527,-1.2966895462243142
1731072184.73,-0.4742677878317513,0.7552117052175,-0.16079260305988133,-0.05030669533463748,1.3234478947046227,-0.40881180358707603,-0.08319690977266368,-0.1264435866502287,0.0849953636483034,1.3217384698993735,-0.040919754261378345,1.2423271954146722,-0.2200071895867306,0.26914613233061735,1.3220334812167305,-0.87099451319449,0.09901202910746744,-0.10618487618330075,-0.19102868186069172,-1.2941186918566712
1731072185.23,1.5345349014458474,0.5840147821898003,-0.16079260305988133,0.7140118687185288,1.3209684622888442,1.3238737872461357,-0.6424469825140762,-0.1264435866502287,0.9561795852162136,1.3188358736725876,0.519442976377961,0.8621577381088605,-0.2200071895867306,2.9467962251742565,1.3215585530679659,0.9600569007030418,0.17642906172778222,-0.10618487618330075,0.2521673325077125,-1.3105961847001453
1731072185.73,-0.4742677878317513,0.5939392414957538,-0.16079260305988133,-0.1955576734435459,1.3223132254102823,-0.40881180358707603,-0.49655565919022926,-0.1264435866502287,-0.3898714456489591,1.3206070542524964,-0.040919754261378345,1.0156423016174179,-0.2200071895867306,0.10899959567728967,1.3220325343543171,-0.9000588213515957,0.4086801595887269,-0.10618487618330075,-0.277117116306353,-1.3064675250969524
1731072186.23,-0.18729597507781445,0.7328816717791045,-0.16079260305988133,-0.10816347906774566,1.3229050670128015,-0.40881180358707603,0.15752377371168338,-0.1264435866502287,0.17782646922521195,1.3216257217050527,0.039132064401382796,1.2659402051852195,-0.2200071895867306,1.1259301034259206,1.3222217649500063,0.9891212088601449,-0.4732668198701543,-0.10618487618330075,-0.2037825240007897,-1.3071358899640815
1731072186.73,-0.4742677878317513,0.20192309891058677,-0.16079260305988133,-0.07771254026084659,1.325576755706228,-0.16128529061090793,0.5125259937997108,-0.1264435866502287,0.2742280019396938,1.3246440063404188,-0.040919754261378345,1.4383151765102147,-0.2200071895867306,2.142860611174551,1.323243800975113,-0.9291231295086987,0.536190566257481,-0.10618487618330075,-0.05392487885463867,-1.2942037543288074
1731072187.23,-0.18729597507781445,-0.14543297679778935,-0.16079260305988133,-0.21809136816065125,1.3233275371576725,-0.40881180358707603,0.5781770892954416,3.5168562080497283,-0.2577656415587432,1.3206883544521717,0.519442976377961,1.8798784592194493,-0.2200071895867306,-0.05755280244217113,1.3236053428826793,0.9891212088601449,-0.010282605180036021,-0.10618487618330075,-0.28349403737640194,-1.30355186038621
1731072187.73,1.5345349014458474,0.3904878257237051,-0.16079260305988133,-0.03508122593118794,1.3234374957899395,-0.40881180358707603,-0.20720453459793325,-0.1264435866502287,-0.09352599323036671,1.3212348498172055,-0.040919754261378345,2.167957178420126,-0.2200071895867306,0.03853511954982543,1.3236068462160984,-0.9291231295086987,-0.2273538927232719,-0.10618487618330075,-0.23885558988605912,-1.3073314762565333
1731072188.23,-0.18729597507781445,-0.23475311055137188,-0.16079260305988133,-0.2165688212203063,1.3245705519774855,-0.40881180358707603,0.5733140451846467,-0.1264435866502287,0.31707312759057454,1.3233287442479946,0.039132064401382796,1.8775171582423942,-0.2200071895867306,0.20829044840235286,1.323688739290414,0.9600569007030418,0.6925426125298815,-0.10618487618330075,1.546682309727656,-1.3069090293598153
1731072188.73,-0.4742677878317513,-0.4431667559763976,-0.16079260305988133,-0.1264340423518851,1.3234344284801995,-0.40881180358707603,0.1283455090469143,-0.1264435866502287,-0.10780770178066033,1.3210979001968468,-0.040919754261378345,1.3887278559920655,-0.2200071895867306,-0.047944010242971534,1.3241136514220402,-0.87099451319449,-0.06492992232378758,-0.10618487618330075,-0.12088255009015297,-1.311867687173114
1731072189.23,-0.4742677878317513,-0.1826496991951154,-0.16079260305988133,-0.1264340423518851,1.3265254824280728,1.3238737872461357,0.0578313694403883,-0.1264435866502287,-0.15422325456911454,1.3251288436400201,-0.040919754261378345,0.5693564169540741,-0.2200071895867306,-0.0031029799800397395,1.3249476068892563,-0.9291231295086987,0.8154990761033227,-0.10618487618330075,-0.13682485276527537,-1.2988832828849728
1731072189.73,1.5345349014458474,0.28131877335821537,-0.16079260305988133,-0.23849349716127358,1.3257855446608653,-0.40881180358707603,0.15509225165628596,-0.1264435866502287,-0.07567385754249961,1.3244300917504312,0.519442976377961,1.0487005152961841,-0.2200071895867306,-0.03513228731070531,1.324858873005319,0.9891212088601449,1.0067646861064534,-0.10618487618330075,-0.07624410259981006,-1.3063306433641309
1731072190.23,-0.4742677878317513,-0.23475311055137188,-0.16079260305988133,-0.15079479339740431,1.325947888393984,-0.40881180358707603,0.2134487809858247,-0.1264435866502287,2.962759636532466,1.323870462204778,0.039132064401382796,0.18210305671709834,-0.2200071895867306,0.16344941813942107,1.3255566786510533,0.9309925925459387,0.9096139000731174,-0.10618487618330075,0.04172893719609616,-1.3046655960581446
1731072190.73,-0.4742677878317513,-0.1702441250626734,-0.16079260305988133,-0.18824944812989014,1.3285258848559003,-0.40881180358707603,0.11375637671452961,-0.1264435866502287,-0.1470824002939677,1.3272428412030106,-0.040919754261378345,0.4961560866653774,-0.2200071895867306,0.14102890300795523,1.3262817597912713,-0.9000588213515957,-0.2334258168503554,-0.10618487618330075,-0.3982786166372837,-1.2943063842412077
1731072191.23,-0.4742677878317513,-0.34640327774334984,-0.16079260305988133,0.2633379743764228,1.328054505141377,1.3238737872461357,0.269373788259966,-0.1264435866502287,-0.14351197315639438,1.3273936228494443,0.519442976377961,0.3308650182715464,-0.2200071895867306,2.07880199651322,1.3259552698923522,0.9600569007030418,-0.05734001716493317,-0.10618487618330075,0.1054981478965859,-1.3026059065487348
1731072191.73,1.5345349014458474,-0.6094014493511204,-0.16079260305988133,1.892463200545522,1.3270048665149465,-0.40881180358707603,0.6778694935667368,-0.1264435866502287,-0.03996958616676571,1.3252831831164567,-0.040919754261378345,0.20335476551059092,-0.2200071895867306,0.1346230415418221,1.326393001329254,-0.9000588213515957,0.8170170571350934,-0.10618487618330075,0.13100583217678186,-1.3071644205088784
1731072192.23,-0.4742677878317513,-0.13302740266534735,-0.16079260305988133,-0.09293800966429612,1.3278906975203608,-1.8939708814441196,-0.07103929949567643,3.6343820078787594,-0.057821721854632656,1.3257345397513665,-0.040919754261378345,0.8172930195448209,-0.2200071895867306,-0.0671615946413708,1.327196221374756,0.9600569007030418,0.05802654124965347,-0.10618487618330075,-0.18465176079064272,-1.3021613453904128
1731072192.73,-0.4742677878317513,-0.13054628783885894,-0.16079260305988133,-0.20073433304071875,1.3270953382955193,-0.16128529061090793,-0.7008035118436149,-0.1264435866502287,0.05286151941014284,1.3253119482393407,-0.040919754261378345,0.28836160068456124,-0.2200071895867306,0.12821718007568902,1.326893027955154,-0.9000588213515957,0.6470031815767551,-0.10618487618330075,-0.10175178688000601,-1.311422932909705
1731072193.23,-0.18729597507781445,0.48477018913026443,-0.16079260305988133,-0.09293800966429612,1.3282542604160892,1.3238737872461357,-0.9439557173833594,-0.1264435866502287,-0.10780770178066033,1.326409660265661,-0.040919754261378345,-0.129588672254126,-0.2200071895867306,0.23391389426688516,1.327581487303759,0.9600569007030418,-0.2516415892316058,-0.10618487618330075,0.13100583217678186,-1.3063269401309756
1731072193.73,1.5345349014458474,-0.14047074714481256,-0.16079260305988133,-0.05639688309601723,1.3301852568664185,-0.40881180358707603,-0.7202556882867945,-0.1264435866502287,-0.2791882043841836,1.3294133663315657,-0.040919754261378345,0.1230705322907303,1.8169496655243917,-0.04153814877683842,1.327899636239515,-0.9000588213515957,-0.10287944811805962,-0.10618487618330075,-0.060301799924687656,-1.301314503414774
1731072194.23,-0.4742677878317513,-0.22482865124541826,-0.16079260305988133,-0.22265900898168609,1.3298562338714845,-0.40881180358707603,-0.7445709088407689,-0.1264435866502287,0.21353074060094585,1.3278849143878848,-0.5212306662379566,-0.016246225355498883,1.8826579511731376,0.23071096353381867,1.3286904501783685,-0.9000588213515957,-0.049750112006078935,-0.10618487618330075,0.016221252915900205,-1.3006748031018185
1731072194.73,-0.4742677878317513,-0.316629899825489,-0.16079260305988133,-0.07466744638015668,1.3309460205289179,-0.40881180358707603,-1.0363535554884622,-0.1264435866502287,1.6345607413551602,1.3294328744798116,0.039132064401382796,0.0711219107955262,-0.2200071895867306,0.26274027086448426,1.3290495836028224,0.9600569007030418,0.06561644640850804,-0.10618487618330075,-0.14001331330029995,-1.2983089635882759
1731072195.23,-0.18729597507781445,-0.1007729099209981,-0.16079260305988133,-0.09293800966429612,1.3284375292880515,1.3238737872461357,-0.8588524454444487,-0.1264435866502287,-0.32560375717263784,1.3266029627823428,0.519442976377961,0.2741937948222329,-0.2200071895867306,-0.051146940976038086,1.3285045404922746,0.9600569007030418,-0.200030234151396,-0.10618487618330075,-0.13682485276527537,-1.3154171878775716
1731072195.73,1.5345349014458474,0.0580184389742594,-0.16079260305988133,-0.23240330939989376,1.3311330974094804,-0.40881180358707603,-0.8807361439430258,-0.1264435866502287,0.09213621792345023,1.3294333300890766,-0.040919754261378345,0.3568393290191485,-0.2200071895867306,0.19227579473702,1.3296590051430623,-0.9000588213515957,-0.2531595702633767,-0.10618487618330075,-0.022040273504393727,-1.3014018112782746
1731072196.23,-0.4742677878317513,0.1597441468602839,-0.16079260305988133,-0.2314897812356868,1.3299814048624183,-0.40881180358707603,0.36177162636506904,-0.1264435866502287,0.3492069718287353,1.3273275786959227,-0.040919754261378345,1.0888426319061149,-0.2200071895867306,0.1826670025378204,1.3299957397436895,-0.9000588213515957,1.4910006352413645,-0.10618487618330075,-0.05392487885463867,-1.3070831857537817
1731072196.73,-0.4742677878317513,-0.036263924432299914,-0.16079260305988133,0.643974709462661,1.3298203321112534,-0.40881180358707603,-0.6837828574558328,-0.1264435866502287,-0.2577656415587432,1.3271400815723053,-0.040919754261378345,0.5103238925277058,-0.2200071895867306,0.08017321907969059,1.3301652407319795,0.9600569007030418,0.5756580730835238,-0.10618487618330075,0.20434042448234516,-1.310545478385547
1731072197.23,-0.18729597507781445,0.17214972099272594,-0.16079260305988133,1.7371634126303368,1.3310193938443233,1.3238737872461357,-0.5111447915226139,-0.1264435866502287,-0.1720753902569815,1.3290996603426415,0.519442976377961,0.73700878632496,-0.2200071895867306,0.15063769520715484,1.3303892034176645,0.9600569007030418,0.22652243577622147,-0.10618487618330075,-0.28987095844645094,-1.3088158375408232
1731072197.73,1.5345349014458474,0.17711195064570273,-0.16079260305988133,0.1445793130295165,1.330357503349882,-1.8939708814441196,-0.8102220043364998,3.6343820078787594,-0.1970683802199954,1.3277803345504178,-0.040919754261378345,0.8196543205218754,-0.2200071895867306,0.003302881486093374,1.3307378239735765,-0.9000588213515957,0.15973127037830268,-0.10618487618330075,2.920908800323212,-1.312686085502364
1731072198.23,-0.18729597507781445,0.24410205096088933,-0.16079260305988133,0.6683354605081803,1.330765033821752,-0.40881180358707603,-0.47953500480244715,-0.1264435866502287,-0.17564581739455495,1.3286528626786478,0.039132064401382796,0.805486514659547,-0.2200071895867306,-0.03192935657763875,1.3308353082404027,0.9019282843888357,-0.3761160338368181,-0.10618487618330075,0.18202120073717376,-1.314693359833476
1731072198.73,-0.4742677878317513,0.3656766774588211,-0.16079260305988133,0.6135237706557619,1.3342704245821808,-0.40881180358707603,-0.09049147593885602,-0.1264435866502287,-0.025687877616472087,1.3330451251227138,-0.040919754261378345,1.3037210208180952,-0.2200071895867306,-0.04153814877683842,1.3318566490734918,-0.8419302050373869,0.3312631269684121,-0.10618487618330075,-0.11769408955512842,-1.2988369507896995
1731072199.23,-0.4742677878317513,0.3979311702031703,-0.16079260305988133,0.2511575988536632,1.3329952802848883,1.3238737872461357,-0.69594046773282,-0.1264435866502287,1.4524689573389165,1.33160777292323,0.519442976377961,0.9613323791451593,-0.2200071895867306,0.03533218881675887,1.331684620269003,0.9600569007030418,-0.03457030168837012,-0.10618487618330075,-0.16233253704547132,-1.3087933483719079
1731072199.73,1.5345349014458474,-0.028820579952834702,-0.16079260305988133,0.49781020318954555,1.3315915131429816,-0.40881180358707603,-0.1050806082712407,-0.1264435866502287,-0.32203333003506446,1.3299133739802012,-0.040919754261378345,1.0368940104109108,-0.2200071895867306,0.0161146044183596,1.3315389984491082,-0.9000588213515957,0.07017038950382053,-0.10618487618330075,-0.1240710106251774,-1.3190025878411076
1731072200.23,-0.4742677878317513,-0.3836200001406759,-0.16079260305988133,0.028865745563300058,1.3326113922199994,-0.40881180358707603,0.06512593560658064,-0.1264435866502287,-0.21849094304543584,1.3307720235113516,0.039132064401382796,1.3344179335198063,-0.2200071895867306,-0.08317624830670359,1.3322332136014772,0.9600569007030418,0.006415186169443674,-0.10618487618330075,-0.09856332634498144,-1.3143523622361202
1731072200.73,-0.4742677878317513,-0.08092399130909089,-0.16079260305988133,0.02582065168261015,1.3318351109821822,-0.40881180358707603,-0.2923078065368439,-0.1264435866502287,-0.09709642036794004,1.3296585673802892,-0.040919754261378345,1.3273340305886425,-0.2200071895867306,3.1389720691582497,1.3323517482130307,-0.9000588213515957,0.2857236960152857,-0.10618487618330075,0.09593276629151248,-1.320361808660802
1731072201.23,1.5345349014458474,0.005915027618002938,-0.16079260305988133,-0.16632477218892283,1.3357585438734736,1.3238737872461357,0.1283455090469143,-0.1264435866502287,0.0028755394841151576,1.334859241311696,0.519442976377961,2.193931489167728,-0.2200071895867306,0.2979725089282163,1.333303128407458,0.9600569007030418,0.8519306208658239,-0.10618487618330075,0.07042508201131653,-1.3035636963959025
1731072201.73,-0.4742677878317513,1.3035380818714368,-0.16079260305988133,1.5361872165048032,1.3339939143932058,-0.16128529061090793,0.2499216118167864,-0.1264435866502287,-0.28632905865933045,1.332396260101886,-0.5212306662379566,0.685060164829756,-0.2200071895867306,-0.07677038684057047,1.3332591451649953,-0.9000588213515957,0.2887596580788274,-0.10618487618330075,0.12781737164175744,-1.3142741519624936
1731072202.23,-0.18729597507781445,0.234177591654936,-0.16079260305988133,-0.18429082608499328,1.3338899709965109,-1.8939708814441196,0.20129117070883745,3.6343820078787594,-0.08281471181764642,1.3322594255304758,0.519442976377961,0.290722901661616,-0.2200071895867306,0.09298494201195681,1.3334540424681387,0.9600569007030418,0.2234864737126797,-0.10618487618330075,2.302347456528461,-1.3173436426540204
1731072202.73,-0.4742677878317513,0.43018566294751953,-0.16079260305988133,-0.2065200114140296,1.3357723520774916,-0.40881180358707603,0.5854716554616343,-0.1264435866502287,-0.16493453598183466,1.3344738709672512,-0.040919754261378345,0.193909561602372,-0.2200071895867306,0.3620311235895474,1.3341861135194983,-0.9000588213515957,0.09597606704392567,-0.10618487618330075,-0.2994363400515244,-1.3093758411792298
1731072203.23,1.5345349014458474,-0.028820579952834702,-0.16079260305988133,-0.10511838518705575,1.336866696721894,1.3238737872461357,0.0578313694403883,-0.1264435866502287,-0.3648784556859453,1.3361658147099085,0.519442976377961,0.13959963913011342,-0.2200071895867306,-0.01911763364537252,1.3344656594315425,0.9891212088601449,-0.06644790335555846,-0.10618487618330075,-0.04754795778458968,-1.3075937718208253
1731072203.73,-0.18729597507781445,0.41033674433561235,-0.16079260305988133,-0.20743353957823657,1.3358112435351133,-0.40881180358707603,0.5538618687414671,-0.1264435866502287,0.1492630521246247,1.3334378426688658,-0.040919754261378345,0.4583752710325017,-0.2200071895867306,-0.047944010242971534,1.3352578389921845,-0.9291231295086987,0.317601297682474,-0.10618487618330075,-0.04754795778458968,-1.309500957805887
1731072204.23,-0.4742677878317513,0.4053745146826355,-0.16079260305988133,-0.11425366682912548,1.3377360363213602,-0.40881180358707603,0.30098357498013284,-0.1264435866502287,2.8199425510295297,1.3366782019848076,-0.040919754261378345,0.37336843585853163,-0.2200071895867306,-0.028726425844572193,1.3354321358969437,0.9891212088601449,0.10660193426632167,-0.10618487618330075,0.46898264888937796,-1.3055932428392616
1731072204.73,-0.4742677878317513,0.6634104566374291,-0.16079260305988133,-0.07466744638015668,1.3365874741552237,-0.40881180358707603,-0.06374473332948409,-0.1264435866502287,-0.34702631999807826,1.3352949059623243,-0.040919754261378345,0.8007639127054376,-0.2200071895867306,0.012911673685293043,1.3353503260982915,-0.9291231295086987,0.5407445093527934,-0.10618487618330075,0.2075288850173697,-1.3144233865599095
1731072205.23,1.5345349014458474,0.41033674433561235,-0.16079260305988133,-0.20103884242878775,1.3361481827629158,-0.40881180358707603,-0.6764882912896404,-0.1264435866502287,0.020727675171982107,1.3345177780401272,0.519442976377961,0.611859834541059,-0.2200071895867306,1.1819813912545851,1.3355965112788857,0.9600569007030418,0.3464429372861209,-0.10618487618330075,-0.14957869490537334,-1.31828476864106
1731072205.73,-0.4742677878317513,0.7825039683088725,-0.16079260305988133,-0.11425366682912548,1.3384761171147106,1.3238737872461357,-0.3822741225865495,-0.1264435866502287,0.17425604208763848,1.337269959168619,-0.040919754261378345,0.9731388840304327,-0.2200071895867306,0.07376735761355747,1.336443016440839,-0.9000588213515957,0.12329972561580153,-0.10618487618330075,0.13100583217678186,-1.3078869847926293
1731072206.23,-0.18729597507781445,0.8891919058478736,-0.16079260305988133,-0.03203613205049803,1.3384870666839754,-0.40881180358707603,-0.22179366693031793,-0.1264435866502287,-0.21849094304543584,1.336561174928848,-0.040919754261378345,1.2446884963917266,-0.2200071895867306,0.03212925808369231,1.337081958545745,0.9600569007030418,0.26447196157049335,-0.10618487618330075,-0.2516094320261571,-1.3072020627601704
1731072206.73,-0.4742677878317513,0.7328816717791045,-0.16079260305988133,-0.21474176489189234,1.337907350824391,-0.16128529061090793,-0.06131321127408664,-0.1264435866502287,-0.03996958616676571,1.3367184599565507,-0.040919754261378345,1.1053717387454978,-0.2200071895867306,-0.060755733175237685,1.3366481287132346,-0.9000588213515957,-0.5096983646326555,-0.10618487618330075,1.7284245602240522,-1.3166880014351385
1731072207.23,-0.4742677878317513,0.6708538011168944,4.12326012336496,-0.11120857294843557,1.337913189628302,1.3238737872461357,0.02622158272022148,-0.1264435866502287,-0.12923026460610076,1.3364189409298237,0.519442976377961,1.3391405354739159,-0.2200071895867306,0.03533218881675887,1.3370434381596275,0.9600569007030418,0.2978675442694527,-0.10618487618330075,-0.108128707950055,-1.3178591710882939
1731072207.73,-0.4742677878317513,0.6460426528520103,-0.16079260305988133,-0.13861441787464468,1.3378871453574097,-0.40881180358707603,-0.06617625538488155,-0.1264435866502287,-0.011406169066178464,1.3355554177849542,-0.5212306662379566,1.381643953060901,1.8826579511731376,0.21789924060155247,1.3377370642616144,-0.9000588213515957,0.007933167201214555,-0.10618487618330075,-0.15276715544039793,-1.3168920089578113
1731072208.23,-0.4742677878317513,0.2118475582165404,-0.16079260305988133,1.4235187429192766,1.339939416840776,-0.40881180358707603,-0.31905454914621584,-0.1264435866502287,-0.025687877616472087,1.3388170284763354,-0.040919754261378345,1.7995942259995883,-0.2200071895867306,-0.09919090197203637,1.3380215366631536,0.9600569007030418,-0.36093622351910926,-0.10618487618330075,-0.04754795778458968,-1.3117036432831848
1731072208.73,-0.18729597507781445,-0.31911101465197744,-0.16079260305988133,-0.03812631981187785,1.3402290348403039,-1.8939708814441196,-0.23395127720730519,3.6343820078787594,1.8809202138477248,1.3395199247781786,-0.040919754261378345,1.9719691973245834,-0.2200071895867306,0.13142011080875549,1.3381048131729045,-0.9000588213515957,0.30545744942830694,-0.10618487618330075,-0.3345094059367939,-1.3142311239726567
1731072209.23,-0.4742677878317513,-0.3563277370493035,-0.16079260305988133,-0.13252423011326486,1.3394484834082705,1.3238737872461357,-0.40172629902972906,-0.1264435866502287,-0.22920222445815597,1.3369650220921638,0.519442976377961,1.9625239934163645,-0.2200071895867306,0.1890728640039535,1.3390599575155735,0.9600569007030418,-0.4489791233618202,-0.10618487618330075,0.05767123987121856,-1.313944696224032
1731072209.73,1.5345349014458474,-0.1826496991951154,-0.16079260305988133,-0.19799374854809784,1.3404758248542574,-0.40881180358707603,-0.027271902498522373,-0.1264435866502287,-0.2791882043841836,1.3387073675872603,-0.040919754261378345,2.0357243237050615,-0.2200071895867306,0.730368157892201,1.3392458151615472,-0.9000588213515957,0.7517438727689457,-0.10618487618330075,0.21709426662244313,-1.3131039138443668
1731072210.23,-0.18729597507781445,-0.048669498564741925,-0.16079260305988133,-0.12947913623257495,1.3404404652714292,-0.40881180358707603,0.3642031484204662,-0.1264435866502287,-0.14351197315639438,1.338523282485332,-0.040919754261378345,1.2305206905293982,-0.2200071895867306,0.0257233966175592,1.3395341851248062,0.9309925925459387,-0.17422455661129102,-0.10618487618330075,-0.28349403737640194,-1.3152269626061017
1731072210.73,-0.4742677878317513,-0.15783855093023139,-0.16079260305988133,-0.03812631981187785,1.341789085637446,-0.40881180358707603,0.6851640597329293,-0.1264435866502287,0.1314109164367576,1.3403934741907444,-0.040919754261378345,0.23641297918935716,-0.2200071895867306,-0.05755280244217113,1.3399541464317901,-0.87099451319449,0.39198236823924737,-0.10618487618330075,0.09912122682653692,-1.3114904700240462
1731072211.23,1.5345349014458474,0.0009527979650261315,-0.16079260305988133,-0.25980915432610296,1.3426567159678955,1.3238737872461357,0.045673759163401065,-0.1264435866502287,-0.3934418727865325,1.3417745008278004,0.519442976377961,0.15849004694655128,-0.2200071895867306,0.1890728640039535,1.3401972907146318,-0.9000588213515957,-0.47023085780661256,-0.10618487618330075,1.2916054669256967,-1.3107790473313778
1731072211.73,-0.18729597507781445,-0.23227199572488347,-0.16079260305988133,-0.09902819742567594,1.3415922298308371,-0.16128529061090793,0.6049238319048138,-0.1264435866502287,-0.2434839330084496,1.3401252382992117,-0.040919754261378345,0.15612874596949655,-0.2200071895867306,0.0769702883466241,1.3403514442006335,0.9600569007030418,-0.3806699769321307,-0.10618487618330075,-0.1814633002556183,-1.3175334803682948
1731072212.23,-0.4742677878317513,-0.2620453736427443,-0.16079260305988133,-0.1477496995167144,1.3415340053720424,-0.40881180358707603,0.514957515855108,-0.1264435866502287,-0.35773760141079847,1.3393994704044503,-0.040919754261378345,0.9235515635122836,-0.2200071895867306,0.11540545714342279,1.340933716542755,0.9600569007030418,0.9445274638038474,-0.10618487618330075,-0.16552099758049577,-1.31752041544424
1731072212.73,-0.4742677878317513,-0.3960255742731179,-0.16079260305988133,0.29683400706401175,1.3418944071356467,-0.40881180358707603,0.5271151261320954,-0.1264435866502287,-0.3434558928605049,1.340326809794748,0.039132064401382796,0.16793525085476993,-0.2200071895867306,0.23071096353381867,1.3409541886270007,-0.9000588213515957,0.02463095855069425,-0.10618487618330075,-0.20059406346576525,-1.3202719580843958
1731072213.23,-0.4742677878317513,-0.32903547395793104,4.12326012336496,-0.1416595117553346,1.3409854199390914,-0.40881180358707603,0.4055390233622231,-0.1264435866502287,-0.23991350587087626,1.3385732102048542,0.519442976377961,0.5197690964359247,-0.2200071895867306,-0.05755280244217113,1.3413185468371633,0.9600569007030418,0.5817299972106074,-0.10618487618330075,-0.108128707950055,-1.3248945449311413
1731072213.73,-0.4742677878317513,-0.4605345597618164,-0.16079260305988133,-0.16784731912926779,1.343254801136697,-0.40881180358707603,-0.7470024308961664,-0.1264435866502287,-0.3398854657229315,1.3421151366218385,-0.040919754261378345,0.6307502423574969,-0.2200071895867306,0.1218113186095559,1.3416482115398938,-0.9000588213515957,-0.3579002614555675,-0.10618487618330075,-0.060301799924687656,-1.3186003018398893
1731072214.23,-0.4742677878317513,-0.3910633446201411,-0.16079260305988133,-0.15688498115878413,1.344659668986864,1.3238737872461357,-0.5986795855169221,-0.1264435866502287,-0.1470824002939677,1.3431743339748183,0.039132064401382796,0.16321264890066048,-0.2200071895867306,0.9801967550713923,1.3425950732934406,0.9600569007030418,-0.30325294431181576,-0.10618487618330075,-0.03798257617951613,-1.310692381038831
1731072214.73,-0.4742677878317513,0.2986865771436342,-0.16079260305988133,-0.11425366682912548,1.3447779933949373,-0.40881180358707603,-0.5087132694672165,-0.1264435866502287,-0.21849094304543584,1.3433584358781532,-0.040919754261378345,0.5693564169540741,-0.2200071895867306,-0.10559676343816948,1.3428163895154897,-0.9000588213515957,0.2842057149835146,-0.10618487618330075,-0.08580948420488346,-1.3127805172735696
1731072215.23,-0.4742677878317513,1.077756632660992,4.12326012336496,-0.24306113798230844,1.3440646741814757,1.3238737872461357,-0.26799258598286946,-0.1264435866502287,-0.38630101851138565,1.3422373233229643,0.519442976377961,0.14196094010716814,-0.2200071895867306,0.08017321907969059,1.3429998952354216,-0.9000588213515957,-0.28048322883525256,-0.10618487618330075,-0.3345094059367939,-1.3180788586918233
1731072215.73,-0.4742677878317513,0.11756519480998107,-0.16079260305988133,-0.07771254026084659,1.343842176636105,-0.40881180358707603,-0.5208708797442038,-0.1264435866502287,-0.35773760141079847,1.3415203095491501,-0.040919754261378345,0.1537674449924418,-0.2200071895867306,-0.0031029799800397395,1.3434192156280291,0.9600569007030418,0.7229022331652991,-0.10618487618330075,0.5295633990548434,-1.3198729560486486
1731072216.23,-0.4742677878317513,0.2292153620019592,-0.16079260305988133,-0.00767538100497877,1.3431023241805413,-0.40881180358707603,-0.6935089456774226,-0.1264435866502287,-0.27561777724661024,1.3406597443364778,-0.040919754261378345,0.11834793033662083,-0.2200071895867306,-0.0031029799800397395,1.343425360972843,0.9600569007030418,-0.326022659788379,-0.10618487618330075,2.120605206032065,-1.3266019278850871
1731072216.73,-0.4742677878317513,-0.20001750298053422,-0.16079260305988133,-0.22083195265327216,1.3453791977012874,-0.40881180358707603,-0.6229948060708965,-0.1264435866502287,-0.22920222445815597,1.343760677989961,-0.040919754261378345,0.39934274660613367,-0.2200071895867306,-0.09598797123896981,1.344019356222268,-0.9000588213515957,-0.225835911691501,-0.10618487618330075,-0.3440747875418674,-1.3182876139783941
1731072217.23,-0.18729597507781445,-0.20497973263351102,-0.16079260305988133,-0.08989291578360621,1.3444988365422703,1.3238737872461357,0.09916724438214491,-0.1264435866502287,-0.16493453598183466,1.3429497042903453,0.519442976377961,1.2824693120246022,-0.2200071895867306,-0.04153814877683842,1.343861663758813,0.9600569007030418,-0.2531595702633767,-0.10618487618330075,-0.0029095102942467603,-1.326745943934374
1731072217.73,1.5345349014458474,0.5864958970162887,-0.16079260305988133,-0.028991038169808126,1.34623519460013,-0.40881180358707603,-0.5451861002981783,-0.1264435866502287,-0.37916016423623894,1.3445442165422177,0.039132064401382796,0.5103238925277058,-0.2200071895867306,-0.051146940976038086,1.3448147105837795,-0.9000588213515957,-0.21065610137379218,-0.10618487618330075,-0.044359497249565116,-1.3176259830536607
1731072218.23,-0.4742677878317513,0.030726175882886966,-0.16079260305988133,-0.22357253714589304,1.3469272994711112,-0.40881180358707603,-0.3214860712016133,-0.1264435866502287,3.17698526478687,1.345506602953727,-0.040919754261378345,0.45365266907839247,-0.2200071895867306,0.08978201127889034,1.3451333978730458,0.9600569007030418,0.8063911899126974,-0.10618487618330075,-0.3695824718220632,-1.3169615737220786
1731072218.73,-0.4742677878317513,0.1498196875543303,-0.16079260305988133,1.033746726190969,1.348580674034988,-0.40881180358707603,0.16724986193327318,-0.1264435866502287,0.1885377506379321,1.3474209645738957,-0.5212306662379566,0.7063118736232483,1.8826579511731376,-0.06395866390830425,1.3458203041197199,-0.9000588213515957,-0.1772605186748328,-0.10618487618330075,-0.2324786688160102,-1.3101399960593916
1731072219.23,1.5345349014458474,-0.006490546514439077,-0.16079260305988133,-0.06857725861877687,1.3463602439447573,1.3238737872461357,-0.3530958579217801,-0.1264435866502287,-0.3541671742732251,1.3444113567377192,0.519442976377961,0.6165824364951684,-0.2200071895867306,2.1941075029036163,1.3456573173501807,0.9600569007030418,-0.08618165676857992,-0.10618487618330075,-0.28349403737640194,-1.3233520212941938
1731072219.73,-0.4742677878317513,0.07538624275967822,-0.16079260305988133,-0.2065200114140296,1.3474396006263192,-0.40881180358707603,-0.6205632840154991,-0.1264435866502287,-0.22920222445815597,1.346528730607993,0.039132064401382796,0.6189437374722234,-0.2200071895867306,0.051346842482091655,1.3456746740449514,-0.9000588213515957,-0.1924403289925416,-0.10618487618330075,-0.19102868186069172,-1.323596584185965
1731072220.23,-0.4742677878317513,0.5716092080573583,-0.16079260305988133,-0.09902819742567594,1.3468336495965865,-0.40881180358707603,-0.21693062281952305,-0.1264435866502287,-0.3505967471356517,1.3442430603049484,-0.040919754261378345,1.277746710070493,-0.2200071895867306,-0.01271177217923941,1.3466400251950332,0.9600569007030418,0.26143599950695157,-0.10618487618330075,-0.2037825240007897,-1.3226244913016283
1731072220.73,-0.4742677878317513,0.10764073550402746,-0.16079260305988133,-0.08075763414153649,1.3486316945834036,-0.40881180358707603,-0.603542629627717,-0.1264435866502287,-0.3041811943471974,1.3467310651797189,-1.0015415782145318,1.8680719543341753,4.051031377581752,0.048143911749025096,1.3471314909796672,-0.9000588213515957,0.12481770664757225,-0.10618487618330075,2.506408930770028,-1.3167669781216815
1731072221.23,-0.4742677878317513,-0.21242307711297626,-0.16079260305988133,-0.23423036572830772,1.3457604392035396,1.3238737872461357,-0.42117847547290865,-0.1264435866502287,-0.22920222445815597,1.3433722214225188,-0.040919754261378345,0.9660549810992688,1.8169496655243917,0.00650581221915993,1.346547197721408,0.9600569007030418,0.2796517718882021,-0.10618487618330075,-0.17189791865054474,-1.335444109595636
1731072221.73,1.5345349014458474,0.1274896541159347,-0.16079260305988133,-0.16602026280085386,1.3471147956406098,-0.40881180358707603,-0.01997733633233003,-0.1264435866502287,-0.43985742557498675,1.3448197789218241,-0.040919754261378345,1.3958117589232295,-0.2200071895867306,0.11220252641035616,1.347218992547119,-0.9000588213515957,0.2083066633949709,-0.10618487618330075,-0.16552099758049577,-1.3297883838667586
1731072222.23,-0.4742677878317513,0.020801716576933353,-0.16079260305988133,-0.10816347906774566,1.3489389192316061,-0.16128529061090793,-0.0540186451078943,-0.1264435866502287,-0.318462902897491,1.3468270962362439,-0.040919754261378345,1.4973477009365825,-0.2200071895867306,0.2819578552628836,1.3480156064346043,0.9600569007030418,0.09597606704392567,-0.10618487618330075,0.1565135164569778,-1.3215393808993405
1731072222.73,-0.4742677878317513,0.09771627619807384,-0.16079260305988133,-0.2339258563402387,1.3493681088731853,-0.40881180358707603,0.021358538609426582,-0.1264435866502287,1.730962274069642,1.3474019108202202,-0.040919754261378345,0.8857707478794079,-0.2200071895867306,-0.07036452537443735,1.348307743028494,-0.9000588213515957,0.243220227125701,-0.10618487618330075,0.2585442535777615,-1.3219997894194744
1731072223.23,1.2475630886919002,0.005915027618002938,-0.16079260305988133,-0.09902819742567594,1.348903921664577,1.3238737872461357,-0.0540186451078943,-0.1264435866502287,-0.3434558928605049,1.3468624750088543,-0.040919754261378345,0.28127769775339706,-0.2200071895867306,0.09939080347808993,1.3483914875125202,0.9600569007030418,0.1020479911710092,-0.10618487618330075,-0.29624787951649995,-1.3271737371262342
1731072223.73,-0.18729597507781445,0.1547819172073071,-0.16079260305988133,1.5575028736696326,1.3494387719501892,-0.16128529061090793,-0.0005251598891504476,-0.1264435866502287,-0.0863851389552199,1.3476894076196655,0.519442976377961,0.10654142545134718,-0.2200071895867306,1.8577997759316278,1.3486381612693457,-0.87099451319449,-0.06037597922847494,-0.10618487618330075,-0.14639023437034893,-1.327604885628278
1731072224.23,-2.196098664355413,0.1597441468602839,4.2614553726044715,-0.2421476098181015,1.3502283350369566,-0.40881180358707603,0.09673572232674747,-0.1264435866502287,-0.16136410884426133,1.348596020959007,-0.040919754261378345,0.30252940654688965,-0.2200071895867306,-0.08637917903977015,1.3490829356345342,0.9309925925459387,0.02311297751892337,-0.10618487618330075,-0.044359497249565116,-1.3256470767737076
1731072224.73,-0.4742677878317513,0.234177591654936,-0.16079260305988133,-0.07162235249946677,1.3487171967279683,-0.40881180358707603,0.9599260519928406,-0.1264435866502287,-0.32203333003506446,1.3463968974134857,0.039132064401382796,1.3249727296115874,-0.2200071895867306,-0.051146940976038086,1.3491286989161004,-0.9000588213515957,-0.6129210747930754,-0.10618487618330075,-0.24204405042108362,-1.3347909448344215
1731072225.23,1.5345349014458474,0.6286748490665915,-0.16079260305988133,-0.11729876070981539,1.3519380027401875,1.3238737872461357,0.31557270731251724,-0.1264435866502287,-0.26133606869631665,1.3502844502863047,0.519442976377961,1.1337073504701545,-0.2200071895867306,-0.02232056437843908,1.350170507334905,0.9600569007030418,0.2675079236340351,-0.10618487618330075,2.3788705093690483,-1.319780191084011
1731072225.73,-0.4742677878317513,0.43018566294751953,-0.16079260305988133,-0.21504627427996134,1.3510563301024694,-0.40881180358707603,0.5319781702428904,-0.1264435866502287,-0.43985742557498675,1.348962583755164,-0.040919754261378345,1.147875156332483,-0.2200071895867306,0.028926327350625756,1.3503093737701761,-0.9000588213515957,0.25536407537986805,-0.10618487618330075,-0.2675517347012796,-1.3260077685067053
1731072226.23,-0.18729597507781445,0.7651361645234537,-0.16079260305988133,-0.09902819742567594,1.3520953442954988,-0.40881180358707603,-0.2144991007641256,-0.1264435866502287,-0.10423727464308685,1.349968446780206,-0.040919754261378345,1.3981730599002844,-0.2200071895867306,0.060955634681291324,1.350935756540635,0.9600569007030418,0.180983004823095,-0.10618487618330075,-0.13682485276527537,-1.321804133086138
1731072226.73,-0.4742677878317513,0.469883500171334,-0.16079260305988133,-0.19738472977195987,1.3535097758396792,-0.40881180358707603,-0.4552197842484729,-0.1264435866502287,-0.054251294717059334,1.3519584823560102,-0.040919754261378345,1.3415018364509708,-0.2200071895867306,-0.05755280244217113,1.3513491316173454,-0.9000588213515957,0.4860971922090417,-0.10618487618330075,-0.3153786427266469,-1.3178840561918186
1731072227.23,-0.4742677878317513,0.42770454812103115,-0.16079260305988133,-0.22022293387713418,1.3507228444750137,1.3238737872461357,-0.6618991589572557,-0.1264435866502287,0.5741438814958594,1.348665362189535,0.519442976377961,0.8125704175907115,-0.2200071895867306,-0.044741079509904975,1.3508076482742428,0.9600569007030418,-0.42469142685348626,-0.10618487618330075,0.0736135425463411,-1.335941357540732
1731072227.73,1.5345349014458474,0.8941541355008503,-0.16079260305988133,-0.22387704653396204,1.3512770960878095,-0.40881180358707603,-0.6789198133450379,-0.1264435866502287,-0.37916016423623894,1.3488934915535142,-0.040919754261378345,1.197462476850632,-0.2200071895867306,0.10259373421115656,1.3514218036676127,-0.9000588213515957,0.32974514593664106,-0.10618487618330075,-0.022040273504393727,-1.3335356659969828
1731072228.23,-0.4742677878317513,0.655967112157964,-0.16079260305988133,-0.0838027280222264,1.353380909005426,-0.40881180358707603,0.06512593560658064,-0.1264435866502287,-0.18992752594484857,1.3520396964746177,-0.040919754261378345,1.464289487257817,-0.2200071895867306,0.3043783703943494,1.3518233327762694,-0.9000588213515957,-0.2015482151831669,-0.10618487618330075,-0.3887132350322102,-1.327278646289201
1731072228.73,-0.18729597507781445,0.45995904086538036,-0.16079260305988133,1.0855133221626974,1.3527107162907788,-0.40881180358707603,-0.23881432131810007,-0.1264435866502287,-0.38630101851138565,1.3502115297796966,-0.040919754261378345,1.0817587289749504,-0.2200071895867306,-0.006305910713106296,1.3524601110306886,0.9600569007030418,0.789693398563218,-0.10618487618330075,-0.09218640527493245,-1.3290117444594727
1731072229.23,1.5345349014458474,0.9512197765100836,-0.16079260305988133,-0.22753115919078992,1.3552438077203044,1.3238737872461357,-0.01025124811074024,-0.1264435866502287,-0.36844888282351873,1.3541736444212027,0.519442976377961,1.3415018364509708,-0.2200071895867306,0.009708742952226488,1.3527983961093888,0.9600569007030418,0.7562978158642585,-0.10618487618330075,0.11825199003668388,-1.3217201109446846
1731072229.73,-0.4742677878317513,0.43514789260049636,-0.16079260305988133,-0.08989291578360621,1.3547745366249373,-0.40881180358707603,-0.4479252180822806,-0.1264435866502287,-0.22563179732058264,1.3538157454950772,0.039132064401382796,1.52096071070713,-0.2200071895867306,0.2595373401314176,1.352771568365654,-0.9000588213515957,-0.23797975994566806,-0.10618487618330075,1.0333401635887132,-1.3277444458394716
1731072230.23,-0.4742677878317513,-0.3712144260082339,-0.16079260305988133,-0.13861441787464468,1.3537839993783183,-0.40881180358707603,0.09916724438214491,-0.1264435866502287,-0.28275863152175706,1.3511222556131277,-0.040919754261378345,2.2978287321581363,-0.2200071895867306,0.03533218881675887,1.353604895361412,0.9600569007030418,0.3889464061757056,-0.10618487618330075,-0.26436327416625505,-1.3291250710424536
1731072230.73,-0.4742677878317513,-0.08588622096206769,-0.16079260305988133,-0.22631312163851394,1.3538858886101341,-0.40881180358707603,-0.05158712305249685,-0.1264435866502287,-0.11494855605580714,1.3519319324978758,-0.040919754261378345,2.009750012957459,-0.2200071895867306,-0.054349871709104644,1.35344618528107,-0.9000588213515957,-0.15449080319826958,-0.10618487618330075,-0.3185671032616714,-1.3341323043204134
1731072231.23,1.5345349014458474,-0.3836200001406759,-0.16079260305988133,-0.09598310354498603,1.356962288105058,1.3238737872461357,0.7386575449516731,-0.1264435866502287,-0.32560375717263784,1.3555643436736904,0.519442976377961,1.8397363426095186,-0.2200071895867306,0.37804577725488014,1.3544979207151564,0.9600569007030418,-0.4201374837581736,-0.10618487618330075,-0.25479789256118157,-1.3195550375991123
1731072231.73,-0.4742677878317513,0.010877257270979743,-0.16079260305988133,-0.03508122593118794,1.3565874413982728,-0.40881180358707603,0.09673572232674747,-0.1264435866502287,0.2742280019396938,1.3546998834002366,-0.5212306662379566,0.3001681055698349,-0.2200071895867306,0.07056442688049099,1.3548567540491652,-0.9000588213515957,-0.2789652478034817,-0.10618487618330075,-0.2675517347012796,-1.3223426411632537
1731072232.23,-0.4742677878317513,-0.30174321086655875,-0.16079260305988133,-0.22570410286237597,1.3568003775436934,-0.40881180358707603,0.14050311932390153,-0.1264435866502287,1.5345887815031047,1.3548921458140069,0.519442976377961,-0.018607526332553616,-0.2200071895867306,0.051346842482091655,1.3551641981374551,0.9891212088601449,-0.4307633509805698,-0.10618487618330075,-0.3185671032616714,-1.3234484762221217
1731072232.73,-0.7612396005856983,0.0034339127915145344,-0.16079260305988133,-0.07162235249946677,1.3569300161618714,-0.40881180358707603,0.26207922209377366,-0.1264435866502287,0.21353074060094585,1.3555468256561178,-0.5212306662379566,0.5929694267246214,1.8826579511731376,0.18586993327088688,1.3551224177837227,-0.9000588213515957,0.5938738454647744,-0.10618487618330075,-0.3345094059367939,-1.3274770559621505
1731072233.23,-0.18729597507781445,-0.24467756985732547,-0.16079260305988133,-0.11120857294843557,1.3565758150353089,1.3238737872461357,0.06026289149578575,-0.1264435866502287,-0.08281471181764642,1.3544248167501418,0.519442976377961,-0.018607526332553616,-0.2200071895867306,1.6624210012145682,1.3556510476078016,0.9600569007030418,-0.048232130974308056,-0.10618487618330075,-0.08262102366985905,-1.3289135993833683
1731072233.73,-0.4742677878317513,-0.3910633446201411,-0.16079260305988133,1.4844206205330748,1.357431639566413,-0.40881180358707603,0.410402067473018,-0.1264435866502287,-0.3898714456489591,1.3563476749638372,-0.040919754261378345,1.7476456045043842,-0.2200071895867306,0.012911673685293043,1.3555675705887253,-0.9000588213515957,0.8686284122153034,-0.10618487618330075,-0.3153786427266469,-1.3306999580460408
1731072234.23,1.5345349014458474,0.11260296515700426,-0.16079260305988133,-0.12947913623257495,1.3585689038019884,-0.40881180358707603,0.799445596336609,-0.1264435866502287,0.09213621792345023,1.3575447518034236,-0.040919754261378345,1.9058527699670509,-0.2200071895867306,0.20188458693621975,1.3561768052341294,0.9891212088601449,-0.25619553232691844,-0.10618487618330075,2.1493013508472854,-1.3262798235370556
1731072234.73,-2.196098664355413,1.273764703953576,4.2614553726044715,-0.16297516892016395,1.3584274555003835,-0.40881180358707603,-0.0005251598891504476,-0.1264435866502287,-0.00783574192860498,1.3571113071814331,-0.040919754261378345,0.5646338149999646,-0.2200071895867306,0.08337614981275722,1.3565085968854191,-0.9291231295086987,-0.18029648073837456,-0.10618487618330075,1.4191438883266765,-1.3284496083082509
1731072235.23,1.5345349014458474,-0.25460202916327906,-0.16079260305988133,-0.12947913623257495,1.35901581763008,-0.40881180358707603,0.6146499201264031,-0.1264435866502287,-0.3898714456489591,1.358085343448955,0.519442976377961,0.7511765921872884,-0.2200071895867306,0.10259373421115656,1.3567210358914756,0.9600569007030418,0.8018372468173847,-0.10618487618330075,-0.0029095102942467603,-1.328949104202737
1731072235.73,-0.4742677878317513,-0.29678098121358193,-0.16079260305988133,-0.1233889484711952,1.357323358780935,1.3238737872461357,-0.1148066964928305,-0.1264435866502287,-0.23277265159572946,1.354819080852805,-0.040919754261378345,0.2175225713729193,-0.2200071895867306,-0.08317624830670359,1.3572142098821909,-0.9291231295086987,0.07624231363090404,-0.10618487618330075,-0.006097970829271184,-1.335363787681714
1731072236.23,-2.196098664355413,-0.180168584368627,4.2614553726044715,-0.18885846690602812,1.3576169212229476,-0.40881180358707603,-0.7640230852839482,-0.1264435866502287,-0.10423727464308685,1.3557113076567773,0.039132064401382796,0.448930067124283,-0.2200071895867306,0.03212925808369231,1.3571914777599168,0.9600569007030418,0.645485200544984,-0.10618487618330075,-0.14001331330029995,-1.338671289927286
1731072236.73,-0.4742677878317513,-0.33399770361090786,-0.16079260305988133,-0.19708022038389086,1.3578742887831077,-0.40881180358707603,-0.3166230270908184,-0.1264435866502287,1.4417576759261965,1.3560860743889431,-0.040919754261378345,-0.1555629830017278,-0.2200071895867306,0.2595373401314176,1.357435310162785,-0.9000588213515957,-0.0710018464508711,-0.10618487618330075,0.6602902809908473,-1.340099475303934
1731072237.23,1.5345349014458474,0.038169520362352174,-0.16079260305988133,-0.09293800966429612,1.3581693913367332,1.3238737872461357,-0.18045779198856132,-0.1264435866502287,-0.4469982798501336,1.355343534253485,0.519442976377961,0.019173289300322093,-0.2200071895867306,-0.0671615946413708,1.3583658269084933,0.9600569007030418,-0.09984348605451784,-0.10618487618330075,0.6953633468761168,-1.3362259443734439
1731072237.73,-0.4742677878317513,0.37063890711179787,-0.16079260305988133,-0.11729876070981539,1.3594716161730327,-0.40881180358707603,-0.6157002399047042,-0.1264435866502287,-0.300610767209624,1.357794136076858,-0.040919754261378345,0.73700878632496,-0.2200071895867306,2.286992494162546,1.3584034808091499,-0.9000588213515957,-0.24405168407275157,-0.10618487618330075,-0.1974056029307407,-1.335527628975001
1731072238.23,-0.4742677878317513,-0.10821625440046333,-0.16079260305988133,0.20548119064331466,1.359631046333541,-0.40881180358707603,-0.8272426587242819,-0.1264435866502287,-0.28632905865933045,1.3570399039043273,0.039132064401382796,0.24349688212052137,-0.2200071895867306,0.09939080347808993,1.3592106209059351,0.9891212088601449,-0.22887187375504275,-0.10618487618330075,0.25535579304273703,-1.3330607502455076
1731072238.73,-0.4742677878317513,0.494694648436218,-0.16079260305988133,-0.13861441787464468,1.3608420544516426,-0.40881180358707603,-0.2777186742044592,-0.1264435866502287,-0.1720753902569815,1.3593135870477393,-0.040919754261378345,0.8597964371318061,-0.2200071895867306,0.08978201127889034,1.3592637924456137,-0.9291231295086987,0.03829278783663218,-0.10618487618330075,0.5168095569147454,-1.3325664506580133
1731072239.23,1.5345349014458474,0.10515962067753905,-0.16079260305988133,-0.21687333060837527,1.3591444711475,-0.40881180358707603,-0.528165445910396,3.5168562080497283,-0.2434839330084496,1.3571002967105745,0.519442976377961,0.40642664953729785,-0.2200071895867306,0.13142011080875549,1.3591389892744234,0.9600569007030418,-0.3503103562967131,-0.10618487618330075,1.4255208093967253,-1.3436515836262584
1731072239.73,-0.4742677878317513,0.2614698547463082,-0.16079260305988133,-0.14714068074057643,1.3593152095857042,-0.40881180358707603,-0.9050513644970003,-0.1264435866502287,-0.07210343040492628,1.357189205526467,-0.040919754261378345,0.6165824364951684,-0.2200071895867306,0.09939080347808993,1.3594661480911163,-0.9000588213515957,-0.0876996378003508,-0.10618487618330075,-0.1750863791855693,-1.3447574749815825
1731072240.23,-0.18729597507781445,0.2242531323489824,-0.16079260305988133,-0.07771254026084659,1.3600164597647821,-0.40881180358707603,-0.6278578501816915,-0.1264435866502287,-0.4005827270616793,1.3579492536387519,-0.040919754261378345,1.190378573919468,-0.2200071895867306,0.08657908054582371,1.3599114876272962,0.9600569007030418,0.4147520837158104,-0.10618487618330075,-0.21334790560586323,-1.3431061648250784
1731072240.73,-0.4742677878317513,0.45995904086538036,-0.16079260305988133,-0.1447046056360245,1.3599712765044873,-0.40881180358707603,-0.6546045927910634,-0.1264435866502287,-0.18992752594484857,1.3575573766356333,-0.040919754261378345,1.0203649035715274,-0.2200071895867306,-0.060755733175237685,1.3603113960474056,-0.9000588213515957,0.3601047665720587,-0.10618487618330075,-0.25479789256118157,-1.344424832963886
1731072241.23,1.5345349014458474,0.3185354957555414,-0.16079260305988133,-0.22265900898168609,1.362096705978026,1.3238737872461357,-0.5378915341319859,-0.1264435866502287,1.9094836309483123,1.360874109537598,0.519442976377961,1.0864813309290597,-0.2200071895867306,0.1378259722748886,1.3606345390813774,-0.9000588213515957,0.29483158220591094,-0.10618487618330075,-0.1814633002556183,-1.3386787990288447
1731072241.73,-0.4742677878317513,0.24410205096088933,-0.16079260305988133,-0.07466744638015668,1.3626886905485105,-0.40881180358707603,-0.19018388021015112,-0.1264435866502287,-0.2363430787333028,1.360399785873072,-0.040919754261378345,1.0416166123650201,-0.2200071895867306,0.17305821033862065,1.3616935417035771,0.9309925925459387,0.2356303219668464,-0.10618487618330075,-0.2994363400515244,-1.3327944915529255
1731072242.23,-0.4742677878317513,0.1274896541159347,-0.16079260305988133,-0.06857725861877687,1.3620727542483435,-0.40881180358707603,-0.5427545782427808,-0.1264435866502287,-0.1328006917436741,1.359629268083713,-0.040919754261378345,1.3155275257033685,-0.2200071895867306,1.4478246420991092,1.3617664061884327,0.9891212088601449,0.23107637887153393,-0.10618487618330075,-0.108128707950055,-1.3385838006401183
1731072242.73,-0.4742677878317513,-0.20001750298053422,-0.16079260305988133,-0.22326802775782403,1.3634990438298642,-0.40881180358707603,-0.26799258598286946,-0.1264435866502287,-0.300610767209624,1.3611772400478426,-0.040919754261378345,1.1620429621948112,-0.2200071895867306,-0.03513228731070531,1.3624484991855543,-0.9000588213515957,0.09901202910746744,-0.10618487618330075,-0.09856332634498144,-1.3325983668658938
1731072243.23,1.5345349014458474,-0.00897166134092748,-0.16079260305988133,-0.1264340423518851,1.364791678330635,1.3238737872461357,-0.5184393576888063,-0.1264435866502287,-0.33631503858535805,1.363518753844816,0.519442976377961,1.3273340305886425,-0.2200071895867306,0.11540545714342279,1.3625405858519988,0.9891212088601449,-0.04367818787899541,-0.10618487618330075,-0.3121901821916224,-1.3315225474988637
1731072243.73,-0.4742677878317513,-0.12806517301237055,-0.16079260305988133,-0.10207329130636585,1.3655837257003387,-1.8939708814441196,0.7192053685084936,3.6343820078787594,-0.18992752594484857,1.3645857222081434,-0.5212306662379566,1.766536012320822,1.8826579511731376,0.07056442688049099,1.3628943670130564,-0.9291231295086987,0.29483158220591094,-0.10618487618330075,0.9026132816527089,-1.3302403958353899
1731072244.23,-0.18729597507781445,0.34830887367340224,-0.16079260305988133,-0.192512579562856,1.36639974785641,-0.40881180358707603,-0.1148066964928305,-0.1264435866502287,-0.3720193099610921,1.365146319086163,-0.040919754261378345,0.7818735048889996,-0.2200071895867306,0.17305821033862065,1.3635658410465212,0.9600569007030418,0.22652243577622147,-0.10618487618330075,0.016221252915900205,-1.3264836481553324
1731072244.73,-0.4742677878317513,1.1447467329761791,-0.16079260305988133,1.3839325224703078,1.3662676054440877,-0.40881180358707603,0.23776400153979918,-0.1264435866502287,-0.2684769229714634,1.3646720569330442,-0.040919754261378345,0.4560139700554472,-0.2200071895867306,0.022520465884492715,1.363930255671145,-0.9000588213515957,0.2826877339517439,-0.10618487618330075,-0.14320177383532437,-1.3283758834726813
1731072245.23,1.5345349014458474,0.023282831403421758,-0.16079260305988133,-0.17150143178609567,1.367267022197296,1.3238737872461357,-0.2509719315950873,-0.1264435866502287,-0.31489247575991763,1.3659360849167441,0.519442976377961,0.05459280395614307,-0.2200071895867306,-0.01911763364537252,1.3643682221937163,-0.9000588213515957,-0.5005904784420302,-0.10618487618330075,-0.21015944507083867,-1.3257301521430715
1731072245.73,-0.4742677878317513,0.07538624275967822,-0.16079260305988133,-0.13861441787464468,1.3643217374243346,-0.40881180358707603,1.0207141033777767,-0.1264435866502287,0.2528054391142534,1.3619490552166986,-0.040919754261378345,0.3332263192486012,-0.2200071895867306,0.20829044840235286,1.3640791634644471,0.9600569007030418,0.27054388569757687,-0.10618487618330075,-0.14639023437034893,-1.3424446709652427
1731072246.23,-0.4742677878317513,-0.0015283168614622714,-0.16079260305988133,-0.18672690118954519,1.3672995345196552,-0.40881180358707603,0.12348246493611939,-0.1264435866502287,0.10641792647374385,1.3657799409588296,0.039132064401382796,0.31433591143216333,-0.2200071895867306,0.15063769520715484,1.3649205523627597,0.9600569007030418,0.08990414291684215,-0.10618487618330075,0.1565135164569778,-1.3297972713081805
1731072246.73,-0.4742677878317513,0.23665870648142412,-0.16079260305988133,0.10499309258054769,1.3665606680848492,-0.40881180358707603,0.0675574576619781,-0.1264435866502287,-0.4005827270616793,1.3656800940864153,-0.040919754261378345,0.6472793491968802,-0.2200071895867306,1.4606363650313754,1.3644853167816215,-0.9000588213515957,0.08231423775798757,-0.10618487618330075,0.07042508201131653,-1.3398413245581415
1731072247.23,1.5345349014458474,0.42770454812103115,-0.16079260305988133,0.2450674110922834,1.3652975545404082,1.3238737872461357,0.17697595015486298,-0.1264435866502287,-0.13994154601882092,1.3625711591149965,0.519442976377961,0.6874214658068104,-0.2200071895867306,9.995075302681723e-05,1.3652983137913037,0.9600569007030418,0.17187511863246974,-0.10618487618330075,-0.25479789256118157,-1.3423424674956737
1731072247.73,-0.4742677878317513,0.254026510266843,-0.16079260305988133,-0.19464414527933896,1.3666865366009375,-1.8939708814441196,-0.8077904822811023,-0.1264435866502287,0.2528054391142534,1.3651893907436004,-0.040919754261378345,1.183294670988304,-0.2200071895867306,0.3011754396612829,1.3653218839314165,-0.9000588213515957,-0.3487923752649422,-0.10618487618330075,-0.21972482667591223,-1.3414414338006404
1731072248.23,-0.4742677878317513,0.45003458155942677,-0.16079260305988133,-0.10207329130636585,1.3673686717462532,1.3238737872461357,-0.674056769234243,-0.1264435866502287,-0.3720193099610921,1.3656374570997085,0.039132064401382796,0.73700878632496,-0.2200071895867306,0.2979725089282163,1.3659303884444092,0.9600569007030418,0.38287448204862207,-0.10618487618330075,1.3521862170911623,-1.3386302483864003
1731072248.73,-0.4742677878317513,0.2887621178376806,-0.16079260305988133,-0.15688498115878413,1.3666021018544403,-0.40881180358707603,-0.5865219752399349,-0.1264435866502287,-0.3755897370986655,1.3647352249139297,-0.040919754261378345,0.8385447283383133,-0.2200071895867306,-0.07677038684057047,1.3659355269245577,-0.9000588213515957,-0.008764624148265138,-0.10618487618330075,-0.24204405042108362,-1.3454592132052314
1731072249.23,1.5345349014458474,0.966106465469014,-0.16079260305988133,-0.2196139151009962,1.3662826551552654,1.3238737872461357,-0.49898718124562674,-0.1264435866502287,-0.1863570988072751,1.3640529839312237,0.519442976377961,1.0439779133420746,-0.2200071895867306,-0.03192935657763875,1.3662413612881261,0.9600569007030418,0.17035713760069868,-0.10618487618330075,-0.4046555377073327,-1.3484519816428888
1731072249.73,-0.18729597507781445,0.6361181935460567,-0.16079260305988133,-0.05030669533463748,1.3665475935292855,-0.40881180358707603,-0.4090208651959214,-0.1264435866502287,-0.300610767209624,1.3641624349622998,-0.040919754261378345,1.192739874896523,-0.2200071895867306,0.2595373401314176,1.3666468641824854,-0.9000588213515957,0.4344858371288317,-0.10618487618330075,-0.12725947116020198,-1.3486370419936171
1731072250.23,-0.4742677878317513,1.177001225720528,-0.16079260305988133,1.5361872165048032,1.3683613423318075,-0.40881180358707603,-0.4892610930240369,-0.1264435866502287,-0.3613080285483719,1.3660324845786798,0.039132064401382796,1.5091542058218566,-0.2200071895867306,0.019317535151426157,1.3675129467724758,0.9600569007030418,-0.4064756544722357,-0.10618487618330075,-0.05711333938966309,-1.3399035596044175
1731072250.73,-0.4742677878317513,0.6286748490665915,-0.16079260305988133,-0.20986961468278847,1.368324389380869,-0.40881180358707603,-0.4187469534175112,-0.1264435866502287,2.6414211941508596,1.3669506808765757,-0.040919754261378345,1.6555548663992499,-0.2200071895867306,0.022520465884492715,1.3671585680025786,-0.9000588213515957,0.5407445093527934,-0.10618487618330075,-0.3153786427266469,-1.3468660841023314
1731072251.23,-0.4742677878317513,-0.2496397995103023,-0.16079260305988133,-0.07771254026084659,1.3680870803193257,1.3238737872461357,-0.44063065191608825,-0.1264435866502287,-0.3398854657229315,1.3660557354546163,0.519442976377961,1.4926250989824732,-0.2200071895867306,0.0161146044183596,1.367666876539943,0.9600569007030418,0.16580319450538622,-0.10618487618330075,-0.2739286557713286,-1.3480470304586225
1731072251.73,1.5345349014458474,-0.33647881843739624,-0.16079260305988133,-0.13556932399395477,1.3703078632579384,-0.16128529061090793,-0.1245327847144203,-0.1264435866502287,-0.20063880735756873,1.3682129794907643,-0.040919754261378345,1.3344179335198063,-0.2200071895867306,2.0339609662502887,1.3687560640822718,-0.9000588213515957,0.7153123280064446,-0.10618487618330075,-0.3090017216565979,-1.336202434301007
1731072252.23,-0.4742677878317513,0.8767863317154315,-0.16079260305988133,-0.2159598024441683,1.3704658356671686,-0.40881180358707603,-0.3312121594232031,-0.1264435866502287,-0.3041811943471974,1.3692813485465105,-0.040919754261378345,2.562294441588266,-0.2200071895867306,0.0161146044183596,1.368501235971303,0.9600569007030418,0.7289741572923827,-0.10618487618330075,-0.3345094059367939,-1.3417292346969918
1731072252.73,-0.4742677878317513,0.5244680263540789,-0.16079260305988133,-0.05335178921532732,1.369205175047235,-0.40881180358707603,0.5392727364090825,-0.1264435866502287,-0.37916016423623894,1.3670610614321577,0.039132064401382796,1.5563802253629513,-0.2200071895867306,-0.04153814877683842,1.3687994674885424,-0.9000588213515957,0.35251486141320443,-0.10618487618330075,-0.3345094059367939,-1.3480946879099165
1731072253.23,1.5345349014458474,0.7080705235142204,-0.16079260305988133,0.7505529952868075,1.3713556940414873,1.3238737872461357,0.43958033213778736,-0.1264435866502287,-0.22563179732058264,1.3703287246879938,-0.040919754261378345,0.0711219107955262,-0.2200071895867306,0.14102890300795523,1.3691754010956705,0.9600569007030418,1.0887356618220811,-0.10618487618330075,3.2397548538256613,-1.341860205947249
1731072253.73,-0.18729597507781445,-0.13550851749183576,-0.16079260305988133,-0.2022568799810637,1.372191600699009,-0.40881180358707603,0.37392923664205596,-0.1264435866502287,-0.2970403400720506,1.371039945458105,0.519442976377961,0.07584451274963566,-0.2200071895867306,0.12821718007568902,1.3697781762467307,-0.9000588213515957,0.22804041680799217,-0.10618487618330075,-0.27074019523630405,-1.3385508764286722
1731072254.23,-0.4742677878317513,0.7080705235142204,-0.16079260305988133,-0.0868478219029163,1.3731514767204827,-0.40881180358707603,0.6827325376775316,-0.1264435866502287,-0.3541671742732251,1.3715800877239381,-0.040919754261378345,0.7464539902331789,-0.2200071895867306,-0.08317624830670359,1.3705992617938625,0.9600569007030418,0.14303347902882282,-0.10618487618330075,-0.3153786427266469,-1.3331638649304687
1731072254.73,-0.4742677878317513,-0.13550851749183576,-0.16079260305988133,1.064197664997868,1.3733801827091494,-0.40881180358707603,0.5198205599659028,-0.1264435866502287,-0.38630101851138565,1.3722439881842203,-0.5212306662379566,0.4961560866653774,1.8826579511731376,-0.03192935657763875,1.3706475430982152,-0.9000588213515957,-0.5309500990774478,-0.10618487618330075,-0.3058132611215734,-1.3361620631708393
1731072255.23,-0.4742677878317513,-0.03378280960581151,-0.16079260305988133,-0.2135237273396164,1.3701947658414917,1.3238737872461357,0.5392727364090825,-0.1264435866502287,2.141561394890583,1.367636094442324,0.519442976377961,0.7677056990266713,-0.2200071895867306,0.10579666494422305,1.3704895334520488,0.9600569007030418,-0.45201508542536195,-0.10618487618330075,-0.3217555637966959,-1.3527382432817945
1731072255.73,1.5345349014458474,0.1423763430748651,-0.16079260305988133,0.31205947646746124,1.3729319154504545,-0.40881180358707603,0.4298542439161976,-0.1264435866502287,-0.22920222445815597,1.3707509582246813,-0.040919754261378345,0.4796269798259943,-0.2200071895867306,0.12821718007568902,1.3715165827083988,-0.9000588213515957,0.6044997126871704,-0.10618487618330075,-0.3440747875418674,-1.3395422987715462
1731072256.23,-0.4742677878317513,-0.0933295654415329,-0.16079260305988133,-0.10816347906774566,1.3733740034963482,-0.40881180358707603,0.17940747221026043,-0.1264435866502287,-0.37916016423623894,1.372171160776411,-0.040919754261378345,0.7322861843708506,-0.2200071895867306,1.8898290832622935,1.3713295878105336,0.9600569007030418,-0.10591541018160137,-0.10618487618330075,-0.3058132611215734,-1.3435570005073465
1731072256.73,-0.4742677878317513,0.1498196875543303,-0.16079260305988133,-0.22144097142941013,1.372123806374753,-0.40881180358707603,-0.37497955642035713,-0.1264435866502287,-0.20063880735756873,1.3700533756506454,0.039132064401382796,0.9542484762139949,-0.2200071895867306,-0.051146940976038086,1.3715781943619751,-0.9000588213515957,0.45421959054185335,-0.10618487618330075,-0.26436327416625505,-1.3502593470022624
1731072257.23,-0.4742677878317513,1.015728761998782,-0.16079260305988133,-0.10511838518705575,1.3714802527165793,1.3238737872461357,-0.5233024017996012,-0.1264435866502287,-0.0792442846800731,1.3691750253056887,-0.040919754261378345,0.32614241631743696,-0.2200071895867306,0.11220252641035616,1.3716874400413872,0.9600569007030418,-0.014836548275348664,-0.10618487618330075,-0.1240710106251774,-1.3558720768920773
1731072257.73,1.5345349014458474,0.4053745146826355,-0.16079260305988133,-0.03508122593118794,1.3754094836123247,-0.40881180358707603,-0.4381991298606908,-0.1264435866502287,-0.40772358133682607,1.374117951695518,0.519442976377961,0.5197690964359247,-0.2200071895867306,0.2947695781951498,1.372793862127566,-0.9000588213515957,-0.10136146708628874,-0.10618487618330075,1.6710322705936116,-1.3378796614374249
1731072258.23,-2.196098664355413,0.0034339127915145344,4.2614553726044715,-0.23423036572830772,1.3735140025558692,-0.16128529061090793,-0.6448785045694736,-0.1264435866502287,-0.2684769229714634,1.3711417116341604,-0.040919754261378345,0.5197690964359247,-0.2200071895867306,-0.1440319322349681,1.3729232184040592,-0.9000588213515957,-0.04671414994253717,-0.10618487618330075,-0.22291328721093664,-1.3477520492882191
1731072258.73,-0.4742677878317513,-0.2818942922546515,-0.16079260305988133,-0.10816347906774566,1.3747468216547005,-0.40881180358707603,-0.7275502544529868,-0.1264435866502287,-0.34702631999807826,1.372882168668021,0.039132064401382796,0.40878795051435257,-0.2200071895867306,0.057752703948224765,1.3733078234538076,0.9600569007030418,-0.07859175160972551,-0.10618487618330075,-0.3440747875418674,-1.3446843786370972
1731072259.23,1.5345349014458474,-0.19505527332755743,-0.16079260305988133,-0.13252423011326486,1.3760897563494898,1.3238737872461357,-0.4114523872513189,-0.1264435866502287,-0.318462902897491,1.3747296455314786,0.519442976377961,0.3072520085009991,-0.2200071895867306,0.00650581221915993,1.3737357245092179,0.9600569007030418,0.7942473416585304,-0.10618487618330075,-0.1974056029307407,-1.340903315155506
1731072259.73,-0.4742677878317513,0.5219869115275905,-0.16079260305988133,1.5300970287434235,1.3772612778572164,-0.40881180358707603,-0.406589343140524,-0.1264435866502287,-0.27204735010903686,1.3759216211514869,-0.040919754261378345,0.526852999367089,-0.2200071895867306,-0.025523495111505635,1.3743804948537452,-0.9000588213515957,0.007933167201214555,-0.10618487618330075,-0.16870945811552032,-1.3360965155364588
1731072260.23,-0.4742677878317513,0.40289339985614714,-0.16079260305988133,-0.0838027280222264,1.376835671925928,-0.40881180358707603,-0.7761806955609355,-0.1264435866502287,-0.3648784556859453,1.375123784119238,-0.040919754261378345,0.5551886110917457,-0.2200071895867306,0.03212925808369231,1.3746517496328128,0.9600569007030418,-0.11654127740399754,-0.10618487618330075,-0.3919016955672347,-1.3397238775246239
1731072260.73,-0.4742677878317513,0.09027293171860863,-0.16079260305988133,-0.20164786120492573,1.3771952260667413,-0.40881180358707603,-0.9245035409401798,-0.1264435866502287,-0.318462902897491,1.3756724405843506,0.039132064401382796,0.3898975426979147,-0.2200071895867306,1.297286897644981,1.3748925103191956,-0.9000588213515957,-0.10287944811805962,-0.10618487618330075,-0.11769408955512842,-1.340813821787355
1731072261.23,-0.18729597507781445,0.12500853928944627,-0.16079260305988133,-0.11425366682912548,1.3782390445707338,1.3238737872461357,-0.647310026624871,-0.1264435866502287,-0.28275863152175706,1.376815628050593,-0.040919754261378345,0.9825840879386516,1.8169496655243917,-0.04153814877683842,1.3754432653132445,0.9600569007030418,-0.0876996378003508,-0.10618487618330075,-0.11769408955512842,-1.3371634972922934
1731072261.73,1.5345349014458474,0.2837998881847038,-0.16079260305988133,-0.0868478219029163,1.3782179835113477,-0.16128529061090793,-0.3312121594232031,-0.1264435866502287,-0.35773760141079847,1.3768298515562842,-0.040919754261378345,0.9424419713287214,-0.2200071895867306,-0.044741079509904975,1.3756300406072954,-0.9000588213515957,0.02614893958246513,-0.10618487618330075,-0.37277093235708775,-1.3400001386041964
1731072262.23,-0.4742677878317513,0.20440421373707518,-0.16079260305988133,-0.2065200114140296,1.376712771886622,-0.40881180358707603,-0.3506643358663827,-0.1264435866502287,-0.2898994857969039,1.3749291867054554,-0.040919754261378345,1.0203649035715274,-0.2200071895867306,-0.044741079509904975,1.3755080409278795,-0.9000588213515957,-0.6189929989201589,-0.10618487618330075,-0.23885558988605912,-1.350386415008806
1731072262.73,-0.4742677878317513,0.2242531323489824,-0.16079260305988133,-0.09902819742567594,1.3776405250297663,-0.40881180358707603,-0.4527882621930755,-0.1264435866502287,-0.22563179732058264,1.3755884341464473,-0.040919754261378345,0.8149317185677659,-0.2200071895867306,0.1250142493426224,1.3762288933586033,0.9600569007030418,0.15517732728298989,-0.10618487618330075,0.1565135164569778,-1.3458671984295958
1731072263.23,1.5345349014458474,0.3656766774588211,-0.16079260305988133,-0.09293800966429612,1.3785862586300226,1.3238737872461357,-0.6862143795112302,-0.1264435866502287,-0.3613080285483719,1.3765978007841897,0.519442976377961,0.9471645732828309,-0.2200071895867306,0.18586993327088688,1.3767634446913206,-0.9000588213515957,0.2341123409350757,-0.10618487618330075,-0.3185671032616714,-1.3426843300150821
1731072263.73,-0.4742677878317513,2.293502897640308,-0.16079260305988133,-0.22052744326520315,1.3768202938045873,-0.40881180358707603,0.651122750957365,-0.1264435866502287,-0.1256598374685273,1.374991554990825,-0.040919754261378345,1.7476456045043842,-0.2200071895867306,-0.01271177217923941,1.376220542297381,0.9600569007030418,1.788524917468457,-0.10618487618330075,-0.1974056029307407,-1.357151426761398
1731072264.23,-0.4742677878317513,0.020801716576933353,-0.16079260305988133,-0.11425366682912548,1.3774559696736695,-0.40881180358707603,-0.3944317328635367,-0.1264435866502287,-0.2506247872835964,1.3747005914811785,0.039132064401382796,1.7027808859403446,-0.2200071895867306,0.03853511954982543,1.3772138483347307,-0.9000588213515957,0.9096139000731174,-0.10618487618330075,-0.20059406346576525,-1.3516150864115564
1731072264.73,-0.4742677878317513,0.0034339127915145344,-0.16079260305988133,-0.0046302871242888625,1.3789430705852679,-0.40881180358707603,-0.3944317328635367,-0.1264435866502287,3.141280993411136,1.3773484452585847,-0.040919754261378345,1.3391405354739159,-0.2200071895867306,0.03853511954982543,1.3773146824375155,0.9600569007030418,0.36162274760382973,-0.10618487618330075,-0.2037825240007897,-1.349782172031937
1731072265.23,1.5345349014458474,-0.1007729099209981,-0.16079260305988133,0.1780753457171054,1.3778305894936491,1.3238737872461357,-0.28501324037065157,-0.1264435866502287,-0.10780770178066033,1.3750402881999209,-0.040919754261378345,1.454844283349598,1.8169496655243917,0.09618787274502344,1.3778057586365393,0.9309925925459387,0.24777417022101347,-0.10618487618330075,-0.09537486580995702,-1.3541794675577055
1731072265.73,-0.4742677878317513,-0.0015283168614622714,-0.16079260305988133,-0.09902819742567594,1.379466255317815,-0.40881180358707603,0.11132485465913215,-0.1264435866502287,-0.3541671742732251,1.3773879265035567,-0.5212306662379566,0.5811629218393477,-0.2200071895867306,3.395206527803574,1.3782234014453765,-0.9000588213515957,-0.008764624148265138,-0.10618487618330075,-0.3759593928921122,-1.3494431542054433
1731072266.23,-0.4742677878317513,0.5864958970162887,-0.16079260305988133,-0.22661763102658294,1.3783389005776867,-0.40881180358707603,0.10403028849293981,-0.1264435866502287,-0.1863570988072751,1.376120552382366,0.519442976377961,1.705142186917399,-0.2200071895867306,-0.09919090197203637,1.3780953607125308,0.9600569007030418,0.5331546041939391,-0.10618487618330075,-0.16870945811552032,-1.3585431087413185
1731072266.73,-0.4742677878317513,0.13245188376891148,-0.16079260305988133,2.2121980580179623,1.3803827473012962,-0.40881180358707603,0.6146499201264031,-0.1264435866502287,0.0028755394841151576,1.378514082488348,-0.040919754261378345,0.3780910378126411,-0.2200071895867306,0.06415856541435788,1.3788773048551337,-0.9000588213515957,0.20375272029965807,-0.10618487618330075,-0.012474891899320172,-1.3496319713887044
1731072267.23,1.5345349014458474,0.544316944965986,-0.16079260305988133,-0.20986961468278847,1.381231926053013,-0.40881180358707603,0.5125259937997108,3.5168562080497283,-0.4255757170246931,1.3797701482943892,0.519442976377961,0.8243769224759848,-0.2200071895867306,0.3011754396612829,1.3791759864529012,0.9600569007030418,-0.025462415497744834,-0.10618487618330075,-0.3281324848667449,-1.348560820652728
1731072267.73,-0.4742677878317513,0.49221353360972964,-0.16079260305988133,0.08976762317709822,1.3798802919972928,-0.40881180358707603,0.45416946447017204,-0.1264435866502287,-0.1970683802199954,1.37772326226354,-0.040919754261378345,0.7818735048889996,-0.2200071895867306,-0.07677038684057047,1.379286136540464,-0.9000588213515957,0.16883915656892798,-0.10618487618330075,-0.3090017216565979,-1.356662301557972
1731072268.23,-0.18729597507781445,0.33838441436744865,-0.16079260305988133,0.05627159048950923,1.378929094734063,-1.8939708814441196,0.3812238028082486,3.6343820078787594,-0.21492051590786235,1.3763573503017712,-0.040919754261378345,0.8810481459252985,-0.2200071895867306,0.07376735761355747,1.3793841132041207,0.8728639762317274,-0.2728933236763981,-0.10618487618330075,1.4446515726068723,-1.3634439492295736
1731072268.73,-0.4742677878317513,0.5343924856600325,-0.16079260305988133,-0.2095651052947195,1.382464073358104,-0.40881180358707603,-0.21936214487492048,-0.1264435866502287,-0.3291741843102112,1.381464851216211,-0.040919754261378345,0.7582604951184524,-0.2200071895867306,0.23071096353381867,1.3800171143874669,-0.8128658968802839,0.35858678554028794,-0.10618487618330075,-0.2452325109561081,-1.3503955768591493
1731072269.23,-0.4742677878317513,0.4078556295091239,-0.16079260305988133,-0.09293800966429612,1.382544882406589,-0.40881180358707603,-0.8685785336660385,-0.1264435866502287,0.8954823238774657,1.3811672878575503,0.519442976377961,1.1242621465619356,-0.2200071895867306,0.0257233966175592,1.3804826937003363,0.9600569007030418,0.191608872045491,-0.10618487618330075,-0.35364016914694085,-1.3507791212129514
1731072269.73,1.5345349014458474,0.3756011367647747,-0.16079260305988133,0.016685370040540493,1.3811166034564082,1.3238737872461357,-0.8150850484472947,-0.1264435866502287,-0.28275863152175706,1.3790314545349267,-0.040919754261378345,0.6992279706920843,-0.2200071895867306,0.009708742952226488,1.3805711295869387,-0.9000588213515957,-0.004210681052952495,-0.10618487618330075,-0.21653636614088767,-1.3593139729611459
1731072270.23,-0.4742677878317513,0.953700891336572,-0.16079260305988133,-0.23910251593741158,1.3820469011038092,-0.16128529061090793,-0.7761806955609355,-0.1264435866502287,-0.35773760141079847,1.380101711151048,-0.040919754261378345,1.26121760323111,-0.2200071895867306,2.280586632696413,1.3810554766326728,0.9600569007030418,0.2842057149835146,-0.10618487618330075,-0.277117116306353,-1.3565624943251926
1731072270.73,-0.4742677878317513,0.6013825859752191,-0.16079260305988133,-0.10511838518705575,1.3820774813222885,-0.40881180358707603,-0.30203389475843373,-0.1264435866502287,-0.23991350587087626,1.3799363935873576,-0.040919754261378345,1.17148816610303,-0.2200071895867306,0.31078423186048254,1.3813960914926042,-0.9000588213515957,-0.38977786312275603,-0.10618487618330075,-0.14320177383532437,-1.358061664926386
1731072271.23,1.5345349014458474,1.6806675354976734,-0.16079260305988133,-0.09902819742567594,1.383988990439255,1.3238737872461357,0.09187267821595257,-0.1264435866502287,-0.32203333003506446,1.382365136419577,0.519442976377961,1.7854264201372598,-0.2200071895867306,0.04494098101595854,1.3820307973832597,0.9600569007030418,0.5331546041939391,-0.10618487618330075,-0.4014670771723082,-1.3507225305450645
1731072271.73,-0.4742677878317513,1.169557881241063,-0.16079260305988133,-0.2409295722658255,1.3843672924197685,-0.40881180358707603,0.32043575142331215,-0.1264435866502287,-0.3720193099610921,1.3826499906338008,-0.040919754261378345,1.856265449448902,-0.2200071895867306,0.04494098101595854,1.3824428454252566,-0.9000588213515957,0.4906511353043545,-0.10618487618330075,-0.3313209454017694,-1.3504596875375476
1731072272.23,-0.4742677878317513,0.4004122850296587,-0.16079260305988133,-0.07466744638015668,1.382823000772933,-0.40881180358707603,-0.13669039499140753,-0.1264435866502287,-0.21492051590786235,1.3802547244313383,-0.5212306662379566,1.4784572931201454,1.8826579511731376,0.028926327350625756,1.3825708899618094,0.9600569007030418,0.38742842514393455,-0.10618487618330075,-0.1304479316952264,-1.3591064825898318
1731072272.73,-2.196098664355413,0.9015974799803156,4.2614553726044715,-0.1233889484711952,1.382916994918773,-0.40881180358707603,0.4274227218607998,-0.1264435866502287,-0.2434839330084496,1.3806352434757907,-0.040919754261378345,1.9318270807146534,-0.2200071895867306,0.051346842482091655,1.3826551322668894,-0.9000588213515957,1.117577301425728,-0.10618487618330075,0.10230968736156147,-1.3623067971801028
1731072273.23,1.5345349014458474,0.11260296515700426,-0.16079260305988133,-0.23057625307147983,1.3841647287521726,1.3238737872461357,-0.14398496115759987,-0.1264435866502287,-0.16850496311940816,1.3818517921536488,0.519442976377961,2.0451695276132806,-0.2200071895867306,0.20508751766928623,1.3833584252582116,0.9600569007030418,0.10963789632986344,-0.10618487618330075,-0.21334790560586323,-1.3567927206248624
1731072273.73,-0.18729597507781445,-0.3910633446201411,-0.16079260305988133,1.027656538429589,1.3850611018168746,-0.40881180358707603,-0.0540186451078943,-0.1264435866502287,0.23852373056395976,1.3830829017375466,0.039132064401382796,2.04989212956739,-0.2200071895867306,0.17946407180475377,1.3837168369304442,-0.9000588213515957,0.7441539676100914,-0.10618487618330075,-0.35682862968196527,-1.35510618328822
1731072274.23,-0.4742677878317513,-0.08092399130909089,-0.16079260305988133,-0.0198557565277384,1.3835194798395138,-0.40881180358707603,0.043242237108003616,-0.1264435866502287,-0.043540013304339036,1.3808590644868624,-0.040919754261378345,1.190378573919468,-0.2200071895867306,-0.1120026249043026,1.3837478651065718,0.9891212088601449,0.13240761180642682,-0.10618487618330075,0.08636738468643894,-1.3644720580246978
1731072274.73,-0.4742677878317513,-0.29181875156060516,-0.16079260305988133,-0.23240330939989376,1.3855220943083217,-0.40881180358707603,0.4833477291349414,-0.1264435866502287,0.10641792647374385,1.3842208398332516,-0.040919754261378345,-0.028052730240772542,-0.2200071895867306,0.7656003959559332,1.3839278095013254,-0.9291231295086987,0.2234864737126797,-0.10618487618330075,-0.16870945811552032,-1.3602250092850066
1731072275.23,1.5345349014458474,0.7700983941764304,-0.16079260305988133,-0.1477496995167144,1.3834066094906674,1.3238737872461357,0.29612053086933793,-0.1264435866502287,-0.31489247575991763,1.3809350439671078,0.519442976377961,0.09237361958901878,-0.2200071895867306,0.37804577725488014,1.384026290097867,-0.9000588213515957,-0.15904474629358223,-0.10618487618330075,-0.2930594189814755,-1.3711077161928087
1731072275.73,-0.4742677878317513,0.2192909026960056,-0.16079260305988133,-0.1264340423518851,1.386831608799687,-0.40881180358707603,0.15022920754549132,-0.1264435866502287,-0.33274461144778467,1.385414478574724,-0.040919754261378345,0.5717177179311288,-0.2200071895867306,-0.03513228731070531,1.38491885819614,0.9600569007030418,-0.31387881153421193,-0.10618487618330075,-0.24204405042108362,-1.3564968661320433
1731072276.23,-0.4742677878317513,-0.06355618752367234,-0.16079260305988133,-0.2637677763709998,1.3878297065342797,-0.40881180358707603,0.5733140451846467,-0.1264435866502287,-0.1256598374685273,1.3865340846955263,-0.040919754261378345,0.4040653485602431,-0.2200071895867306,0.012911673685293043,1.38543943639206,0.9600569007030418,0.546816433479877,-0.10618487618330075,-0.34726324807689185,-1.3532343408173264
1731072276.73,-0.18729597507781445,-0.4555723301088396,-0.16079260305988133,-0.10511838518705575,1.3850777505736769,-0.40881180358707603,0.755678199339455,-0.1264435866502287,-0.3041811943471974,1.3827741534356743,-0.040919754261378345,0.39225884367496944,-0.2200071895867306,0.1250142493426224,1.385203935593409,-0.9000588213515957,-0.1043974291498305,-0.10618487618330075,-0.2516094320261571,-1.3688679320260349
1731072277.23,1.5345349014458474,-0.37617665566121067,-0.16079260305988133,-0.00767538100497877,1.386855973497263,1.3238737872461357,1.0839336768181103,-0.1264435866502287,-0.468420842675574,1.3847770942649924,0.519442976377961,0.2647485909140139,-0.2200071895867306,-0.01911763364537252,1.3859582999249893,-0.9000588213515957,-0.4292453699487989,6.581873565763087,-0.18465176079064272,-1.3611003672883766
1731072277.73,-0.4742677878317513,0.24410205096088933,-0.16079260305988133,-0.23849349716127358,1.3865224211473846,-1.8939708814441196,-0.6351524163478838,-0.1264435866502287,-0.3398854657229315,1.383763622568013,-0.040919754261378345,1.313166224726314,-0.2200071895867306,-0.0031029799800397395,1.3864428704975416,-0.87099451319449,-0.7313235952712039,-0.10618487618330075,-0.24204405042108362,-1.3628035266012486
1731072278.23,-0.4742677878317513,-0.23971534020434868,-0.16079260305988133,0.05627159048950923,1.3884406101234776,-0.9038648295394209,-0.5743643649629476,-0.1264435866502287,-0.029258304754045415,1.3861623685198183,-0.5212306662379566,3.9058746975324077,-0.2200071895867306,-0.028726425844572193,1.3871013529898157,-0.9872517458229048,2.180164023665344,-0.10618487618330075,-0.25479789256118157,-1.3552621122860482
1731072278.73,-2.196098664355413,6.37245567238724,4.2614553726044715,1.706712473823438,1.3879450037917425,-1.3989178554917747,5.779202765790577,7.1601560027496856,1.1222044471133767,1.3856428979565911,0.039132064401382796,5.131389904623812,1.8169496655243917,12.491529809712585,1.387143916810497,-0.8128658968802839,8.98982693218951,6.581873565763087,27.663362552113266,-1.3608533852524682
1731072279.23,1.5345349014458474,0.5244680263540789,-0.16079260305988133,-0.21991842448906518,1.3864040668785018,-0.40881180358707603,0.2037226927642349,-0.1264435866502287,2.273667198980799,1.3839143864238492,0.519442976377961,0.7488152912102335,-0.2200071895867306,0.03212925808369231,1.3868880008282773,0.9600569007030418,3.528131179877885,-0.10618487618330075,-0.35682862968196527,-1.372370267443381
1731072279.73,-0.4742677878317513,0.8073151165737565,-0.16079260305988133,-0.06553216473808696,1.3876056787863937,1.3238737872461357,-0.6132687178493068,-0.1264435866502287,0.05286151941014284,1.3853606167991388,-0.040919754261378345,0.22224517332702876,-0.2200071895867306,2.363862831756143,1.3874136830158097,-0.9000588213515957,2.292494620016389,-0.10618487618330075,-0.25479789256118157,-1.368351855080034
1731072280.23,-0.18729597507781445,-0.20249861780702264,-0.16079260305988133,-0.15383988727809422,1.3903433300558161,-0.40881180358707603,0.6122183980710059,-0.1264435866502287,-0.3720193099610921,1.3893405803847887,-0.040919754261378345,0.23405167821230244,-0.2200071895867306,-0.015914702912305966,1.38793834407381,0.9891212088601449,0.8686284122153034,-0.10618487618330075,-0.3185671032616714,-1.3589247033457292
1731072280.73,-0.4742677878317513,-0.0933295654415329,-0.16079260305988133,-0.21809136816065125,1.3902893542253842,-0.40881180358707603,-0.554912188519768,-0.1264435866502287,0.2706575748021203,1.3884410400821598,-0.040919754261378345,0.4607365720095564,-0.2200071895867306,0.057752703948224765,1.3886243407860153,-0.9000588213515957,0.645485200544984,-0.10618487618330075,-0.28987095844645094,-1.3581309787745157
1731072281.23,1.5345349014458474,0.1448574579013535,-0.16079260305988133,-0.03203613205049803,1.3918295586591458,1.3238737872461357,-0.5257339238549986,-0.1264435866502287,0.32064355472814804,1.3906492864726219,0.519442976377961,0.01681198832326736,-0.2200071895867306,0.09939080347808993,1.3890316479044142,0.9600569007030418,0.46180949570070756,-0.10618487618330075,-0.3919016955672347,-1.353806650825866
1731072281.73,-0.4742677878317513,0.551760289445451,-0.16079260305988133,-0.07771254026084659,1.3881324450851238,-0.40881180358707603,-0.9366611512171671,-0.1264435866502287,-0.3541671742732251,1.385780188254515,-0.040919754261378345,0.5646338149999646,-0.2200071895867306,0.1474347644740882,1.3885355920648534,-0.9000588213515957,0.6530751057038386,-0.10618487618330075,0.8707286763024638,-1.3747284378004263
1731072282.23,-0.18729597507781445,0.1547819172073071,-0.16079260305988133,-0.23027174368341083,1.3897804612076963,-0.40881180358707603,-0.9658394158819364,-0.1264435866502287,0.6562637056600479,1.3868077496433162,-1.0015415782145318,0.4017040475831884,4.051031377581752,-0.044741079509904975,1.3897315402301442,0.9600569007030418,0.2842057149835146,-0.10618487618330075,2.952793405673457,-1.364107770835036
1731072282.73,-0.4742677878317513,0.50710022256866,-0.16079260305988133,-0.11729876070981539,1.3913366021922264,-0.40881180358707603,-0.6327208942924863,-0.1264435866502287,-0.06853300326735295,1.3888720856581567,-0.040919754261378345,0.47490437787188483,-0.2200071895867306,0.3043783703943494,1.3902376557581877,-0.9000588213515957,-0.23038985478681365,-0.10618487618330075,-0.34726324807689185,-1.358985892080952
1731072283.23,-0.4742677878317513,0.2267342471754708,-0.16079260305988133,0.9972055996226901,1.3901962323866703,1.3238737872461357,-0.7834752617271279,-0.1264435866502287,-0.43628699843741336,1.3872876894616255,0.519442976377961,0.8716029420170796,-0.2200071895867306,0.3620311235895474,1.390281466793067,0.9600569007030418,-0.09680752399097609,-0.10618487618330075,-0.2611748136312306,-1.3668414901235484
1731072283.73,1.5345349014458474,0.3731200219382863,-0.16079260305988133,-0.19220807017478703,1.3929750060443438,-0.40881180358707603,-0.8369687469458718,-0.1264435866502287,0.23138287628881296,1.3917455647245152,-0.040919754261378345,0.5906081257475667,-0.2200071895867306,-0.08317624830670359,1.3905680886942504,-0.9000588213515957,-0.1286851256581646,-0.10618487618330075,-0.19421714239571627,-1.3590539017277925
1731072284.23,-0.18729597507781445,0.3507899884998907,-0.16079260305988133,-0.2053019738617536,1.3916467100565124,-1.8939708814441196,-0.6375839384032812,3.6343820078787594,-0.11137812891823366,1.3896354525089725,-0.5212306662379566,1.0203649035715274,1.8826579511731376,2.786649688520929,1.3907372766096837,0.9600569007030418,-0.036088282720141,-0.10618487618330075,-0.20697098453581425,-1.3666317332818352
1731072284.73,-0.4742677878317513,0.2192909026960056,-0.16079260305988133,-0.10207329130636585,1.3926106414397361,-0.40881180358707603,-0.336075203533998,-0.1264435866502287,-0.32203333003506446,1.3900363388587307,-0.5212306662379566,1.4808185940971998,1.8826579511731376,0.08978201127889034,1.391642306459803,-0.9000588213515957,0.1749110806960115,-0.10618487618330075,-0.19421714239571627,-1.3606065107723977
1731072285.23,-0.4742677878317513,-0.07596176165611408,-0.16079260305988133,-0.06553216473808696,1.3923427326751185,1.3238737872461357,-0.2898762844814465,-0.1264435866502287,-0.3041811943471974,1.3896108518541341,0.519442976377961,1.051061816273239,-0.2200071895867306,0.11860838787648927,1.3918482648359995,0.9600569007030418,-0.4945185543149467,-0.10618487618330075,-0.44929398519767555,-1.36416893772121
1731072285.73,1.5345349014458474,-0.15287632127725456,-0.16079260305988133,-0.21017412407085748,1.3920159972475417,-0.40881180358707603,-0.024840380443124928,-0.1264435866502287,-0.1328006917436741,1.3893308161017877,-0.5212306662379566,1.209268981735906,1.8826579511731376,0.1218113186095559,1.3919135202712707,-0.9291231295086987,-0.0634119412920167,-0.10618487618330075,-0.22929020828098565,-1.3689940023956977
1731072286.23,-0.18729597507781445,0.0580184389742594,-0.16079260305988133,-0.07162235249946677,1.391624487879295,-0.40881180358707603,-0.25826649776127963,-0.1264435866502287,-0.3113220486223442,1.3891531072294228,-0.040919754261378345,1.6484709634680854,-0.2200071895867306,-0.03513228731070531,1.3918574207165706,0.9309925925459387,0.09901202910746744,-0.10618487618330075,0.8420325314872434,-1.3749575968583898
1731072286.73,-0.4742677878317513,0.3086110364495878,-0.16079260305988133,-0.013765568766358587,1.39494253334484,-0.40881180358707603,-0.26312954187207455,-0.1264435866502287,-0.3113220486223442,1.392941838194832,-0.040919754261378345,1.1738494670800852,-0.2200071895867306,0.03853511954982543,1.3930484821379785,-0.9872517458229048,0.03373884474131954,-0.10618487618330075,1.6519015073834644,-1.3584844091780233
1731072287.23,-0.18729597507781445,0.04561286484181738,-0.16079260305988133,-0.17941867587588944,1.3948328080925645,-0.40881180358707603,-0.02240885838772748,3.5168562080497283,-0.11851898319338047,1.3938115590189168,0.039132064401382796,0.5292143003441436,-0.2200071895867306,-0.01911763364537252,1.392654034358033,1.076314133331454,0.09294010498038391,-0.10618487618330075,-0.11769408955512842,-1.365991196162612
1731072287.73,-0.4742677878317513,0.19696086925760997,4.12326012336496,-0.1416595117553346,1.395725711066027,-0.40881180358707603,0.16724986193327318,-0.1264435866502287,-0.2934699129344773,1.3944723606933138,-0.040919754261378345,0.059315405910252535,1.8169496655243917,0.12821718007568902,1.3933402056145403,-0.9000588213515957,0.06106250331319523,-0.10618487618330075,-0.36001709021698974,-1.361857896209926
1731072288.23,-0.4742677878317513,0.08034847241265503,-0.16079260305988133,-0.16602026280085386,1.394451523463449,-0.40881180358707603,0.4249911998054027,-0.1264435866502287,-0.2934699129344773,1.3917972155479146,-0.5212306662379566,0.6236663394263329,1.8826579511731376,-0.0031029799800397395,1.3938890621377977,0.9891212088601449,0.24018426506215923,-0.10618487618330075,-0.3058132611215734,-1.366398657905487
1731072288.73,-0.4742677878317513,0.34582775884691386,-0.16079260305988133,-0.05639688309601723,1.3958828479627918,-1.8939708814441196,0.031084626831016374,3.6343820078787594,1.8809202138477248,1.3947499590884396,0.039132064401382796,0.6992279706920843,-0.2200071895867306,0.6887300583623358,1.3937601643739974,-0.9000588213515957,-0.40192171137692306,-0.10618487618330075,-0.12088255009015297,-1.3664778367908264
1731072289.23,-0.18729597507781445,0.234177591654936,-0.16079260305988133,-0.1416595117553346,1.3947534592971418,1.3238737872461357,0.45660098652556924,-0.1264435866502287,-0.27204735010903686,1.392810763063954,0.519442976377961,0.6378341452886613,-0.2200071895867306,0.1218113186095559,1.3940204577254136,0.9309925925459387,0.15365934625121916,-0.10618487618330075,-0.15276715544039793,-1.3726714822380375
1731072289.73,1.5345349014458474,0.8718241020624548,-0.16079260305988133,-0.08075763414153649,1.3941121025994412,-0.40881180358707603,0.6219444862925957,-0.1264435866502287,-0.2541952144211698,1.3917343147229562,-0.040919754261378345,1.3580309432903537,-0.2200071895867306,0.3876545694540797,1.394246957402944,-0.9000588213515957,0.4041262164934144,-0.10618487618330075,-0.1974056029307407,-1.3773971591090997
1731072290.23,-0.4742677878317513,0.3259788402350066,-0.16079260305988133,-0.0838027280222264,1.39672992019794,-0.16128529061090793,-0.19747844637634346,-0.1264435866502287,-0.22563179732058264,1.3951181155707908,-0.040919754261378345,0.6024146306328403,-0.2200071895867306,-0.03513228731070531,1.3950030312221182,0.9600569007030418,0.8170170571350934,-0.10618487618330075,-0.3504517086119163,-1.3666553887238186
1731072290.73,-0.18729597507781445,0.43266677777400797,-0.16079260305988133,-0.20591099263789162,1.3968896092953293,-0.40881180358707603,-0.7615915632285508,-0.1264435866502287,-0.28632905865933045,1.3948504746290946,-0.040919754261378345,1.2328819915064533,-0.2200071895867306,0.057752703948224765,1.3955264786095665,-0.9000588213515957,0.6637009729262346,-0.10618487618330075,-0.19102868186069172,-1.366329106341874
1731072291.23,-0.4742677878317513,1.1621145367615975,-0.16079260305988133,-0.08989291578360621,1.396713341528181,1.3238737872461357,-0.4916926150794344,-0.1264435866502287,-0.15422325456911454,1.39414288033514,-0.040919754261378345,0.9849453889157066,-0.2200071895867306,0.04494098101595854,1.3959838165863478,0.9600569007030418,0.06561644640850804,-0.10618487618330075,1.5179861649124358,-1.3676838005701994
1731072291.73,1.5345349014458474,1.2836891632595295,-0.16079260305988133,-0.0046302871242888625,1.3983689583658478,-0.40881180358707603,-0.34336976970019034,-0.1264435866502287,-0.15422325456911454,1.3967533213928442,0.519442976377961,1.9459948865769816,-0.2200071895867306,0.08657908054582371,1.3962682188839683,-0.9000588213515957,0.5377085472892517,-0.10618487618330075,-0.3632055507520143,-1.3638721759141825
1731072292.23,-0.4742677878317513,0.8470129537975709,-0.16079260305988133,-0.2229635183697551,1.3977100852000721,-0.16128529061090793,-0.528165445910396,-0.1264435866502287,-0.047110440441912524,1.396234506903474,-0.5212306662379566,1.3013597198410403,1.8826579511731376,0.060955634681291324,1.3961543782552006,-0.9000588213515957,-0.09832550502274696,-0.10618487618330075,-0.3376978664718184,-1.3712110033974314
1731072292.73,-0.7612396005856983,0.9090408244597807,-0.16079260305988133,-0.028991038169808126,1.399027800461689,-0.40881180358707603,-0.4698089165808573,-0.1264435866502287,-0.3755897370986655,1.39702817104342,-0.040919754261378345,1.0014744957550894,-0.2200071895867306,0.028926327350625756,1.3971697095298417,0.9600569007030418,0.2887596580788274,-0.10618487618330075,-0.028417194574442715,-1.3631124507191037
1731072293.23,1.8215067141997943,1.1918879146794583,-0.16079260305988133,-0.10207329130636585,1.3965822648207422,1.3238737872461357,-0.2534034536504848,-0.1264435866502287,1.145412223507604,1.3938359575927004,0.519442976377961,2.193931489167728,-0.2200071895867306,1.117922776593254,1.3968980426296327,0.9600569007030418,0.3661766906991422,-0.10618487618330075,-0.2994363400515244,-1.377937562339585
1731072293.73,-0.4742677878317513,0.34582775884691386,-0.16079260305988133,0.321194758109531,1.3969613452148613,-0.40881180358707603,-0.4479252180822806,-0.1264435866502287,-0.11137812891823366,1.3942163977779314,-0.040919754261378345,1.511515506798911,-0.2200071895867306,0.012911673685293043,1.39725528787147,-0.9000588213515957,-0.43531729407588243,-0.10618487618330075,-0.1814633002556183,-1.3780833850776901
1731072294.23,-0.18729597507781445,-0.14791409162427777,-0.16079260305988133,-0.18155024159237237,1.3986937273125317,-0.40881180358707603,0.4614640306363641,-0.1264435866502287,-0.3755897370986655,1.3969196518339086,-0.040919754261378345,1.7925103230684238,-0.2200071895867306,0.16665234887248756,1.397559292570881,0.9600569007030418,0.43752179919237344,-0.10618487618330075,-0.24204405042108362,-1.373853485784551
1731072294.73,-0.4742677878317513,-0.23723422537786026,-0.16079260305988133,-0.18885846690602812,1.4007752458578833,-0.40881180358707603,0.01406397244323424,-0.1264435866502287,-0.2363430787333028,1.398945496326402,-0.5212306662379566,2.8669022676283262,1.8826579511731376,0.23071096353381867,1.39859023581721,-0.9000588213515957,-0.11805925843576842,-0.10618487618330075,-0.35682862968196527,-1.3629435718185556
1731072295.23,-0.4742677878317513,-0.11814071370641693,-0.16079260305988133,-0.16297516892016395,1.4000018378758556,1.3238737872461357,0.03837919299720872,-0.1264435866502287,-0.3505967471356517,1.3985593035666208,0.519442976377961,1.96016269243931,-0.2200071895867306,-0.0671615946413708,1.3982899666159485,0.9600569007030418,0.5331546041939391,-0.10618487618330075,-0.3440747875418674,-1.3720832435711638
1731072295.73,1.5345349014458474,-0.3315165887844194,-0.16079260305988133,-0.17972318526395842,1.3997508295593404,-0.40881180358707603,0.10889333260373471,-0.1264435866502287,-0.2363430787333028,1.397939009478966,-0.5212306662379566,0.1325157361989492,-0.2200071895867306,0.18586993327088688,1.3986251560943157,-0.9000588213515957,0.08838616188507109,-0.10618487618330075,-0.3121901821916224,-1.3746173801668449
1731072296.23,-0.4742677878317513,-0.44812898562937437,-0.16079260305988133,-0.21108765223506445,1.4011582780026626,-0.40881180358707603,0.3082781411463252,-0.1264435866502287,-0.18992752594484857,1.3993342109956266,0.519442976377961,-0.1484790800705636,-0.2200071895867306,0.3011754396612829,1.3993772348999722,0.9600569007030418,-0.4079936355040066,-0.10618487618330075,1.948428337140742,-1.3681757858069679
1731072296.73,-0.4742677878317513,-0.2496397995103023,-0.16079260305988133,-0.13556932399395477,1.4002559941215424,-0.40881180358707603,0.466327074747159,-0.1264435866502287,-0.3541671742732251,1.3985372444822095,-0.040919754261378345,0.3686458339044221,-0.2200071895867306,-0.07036452537443735,1.3991920551642507,-0.9000588213515957,0.5878019213376908,-0.10618487618330075,-0.15914407651044676,-1.3769074951286497
1731072297.23,1.5345349014458474,-0.23227199572488347,-0.16079260305988133,-0.13861441787464468,1.4014325345192598,1.3238737872461357,0.2134487809858247,-0.1264435866502287,-0.31489247575991763,1.3990548452035696,0.039132064401382796,0.1089027264284019,-0.2200071895867306,0.16024648740635444,1.4002323493036968,0.9600569007030418,0.17946502379132398,-0.10618487618330075,-0.3695824718220632,-1.3691211850170335
1731072297.73,-0.18729597507781445,-0.22979088089839506,-0.16079260305988133,-0.2409295722658255,1.4006184861413098,-0.40881180358707603,0.7872879860596221,-0.1264435866502287,0.4777423487813777,1.3986522185436316,0.519442976377961,0.1301544352218945,-0.2200071895867306,0.3235959547927488,1.399902844331176,-0.9000588213515957,0.5847659592741491,-0.10618487618330075,-0.32494402433172037,-1.3786227630351504
1731072298.23,-0.4742677878317513,-0.3910633446201411,-0.16079260305988133,-0.0838027280222264,1.4007997524152975,-0.16128529061090793,0.4687585968025567,-0.1264435866502287,1.6845467212811878,1.398087893839155,-0.040919754261378345,0.685060164829756,-0.2200071895867306,2.4695595459473396,1.4006189026936935,-0.9000588213515957,-0.415583540662861,6.581873565763087,-0.2484209714911326,-1.3767781525220888
1731072298.73,-0.4742677878317513,-0.3091865553460238,-0.16079260305988133,-0.1861178824134072,1.4019496003488927,-0.40881180358707603,0.5417042584644801,-0.1264435866502287,-0.26133606869631665,1.3992585118275565,0.039132064401382796,0.5882468247705119,-0.2200071895867306,0.17946407180475377,1.4012548550161124,-0.87099451319449,-0.225835911691501,-0.10618487618330075,-0.26436327416625505,-1.372116029142629
1731072299.23,1.5345349014458474,-0.2521209143367907,-0.16079260305988133,-0.21687333060837527,1.4013278899445323,-0.40881180358707603,-0.4868295709686395,-0.1264435866502287,-0.4755616969507207,1.3986520798520696,0.519442976377961,0.6520019511509897,-0.2200071895867306,-0.006305910713106296,1.4012275125335687,0.9019282843888357,0.8580025449929074,-0.10618487618330075,-0.3345094059367939,-1.3786747510928186
1731072299.73,-0.18729597507781445,1.169557881241063,-0.16079260305988133,0.4344722504711955,1.4029155001521094,1.3238737872461357,-0.722687210342192,-0.1264435866502287,-0.1470824002939677,1.4014158992209562,0.039132064401382796,0.9684162820763232,-0.2200071895867306,0.1250142493426224,1.4013580417857532,-0.87099451319449,0.7775495503090508,-0.10618487618330075,-0.43654014305757755,-1.3762541831061221
1731072300.23,-2.196098664355413,0.4053745146826355,4.2614553726044715,1.0855133221626974,1.403600098502537,-0.40881180358707603,-1.077689430430219,-0.1264435866502287,0.0028755394841151576,1.4014146271330419,-0.040919754261378345,-0.02096882730960835,-0.2200071895867306,0.1826670025378204,1.4022287858789808,-0.9000588213515957,1.0583760411866634,6.581873565763087,-0.18784022132566727,-1.3714748602352558
1731072300.73,-2.196098664355413,0.08034847241265503,4.2614553726044715,-0.06553216473808696,1.4048163143101247,-0.40881180358707603,-0.38956868875274187,-0.1264435866502287,-0.35773760141079847,1.4032707395194663,-0.040919754261378345,0.05459280395614307,-0.2200071895867306,0.009708742952226488,1.402530649474165,-0.9000588213515957,-0.15297282216649868,-0.10618487618330075,1.8368322184148849,-1.3690811489919434
1731072301.23,1.5345349014458474,-0.1776874695421386,-0.16079260305988133,-0.23423036572830772,1.4037348840116972,1.3238737872461357,-0.9220720188847824,-0.1264435866502287,-0.16493453598183466,1.4019093870467763,0.519442976377961,0.24349688212052137,-0.2200071895867306,0.028926327350625756,1.402501577617704,0.9600569007030418,-0.1438649359758734,-0.10618487618330075,-0.4078439982423572,-1.3772750362240742
1731072301.73,-0.4742677878317513,0.25898873991981974,-0.16079260305988133,-0.09598310354498603,1.4028734438291244,-0.40881180358707603,-0.6327208942924863,-0.1264435866502287,0.04572066513499602,1.4007137019648623,-0.040919754261378345,0.22224517332702876,-0.2200071895867306,-0.09598797123896981,1.4025867868071362,-0.87099451319449,-0.025462415497744834,-0.10618487618330075,-0.17189791865054474,-1.3838365250787557
1731072302.23,-0.4742677878317513,-0.05859395787069554,-0.16079260305988133,-0.11729876070981539,1.4052435954279017,-0.40881180358707603,-0.32391759325701075,-0.1264435866502287,-0.3505967471356517,1.4031319835187712,-0.040919754261378345,0.13487703717600397,-0.2200071895867306,0.1250142493426224,1.403665890179776,0.9309925925459387,-0.09377156192743433,-0.10618487618330075,-0.1814633002556183,-1.3715482961165366
1731072302.73,-0.4742677878317513,0.05305620932128259,-0.16079260305988133,-0.16297516892016395,1.4035743140535788,-0.40881180358707603,-0.7907698278933202,-0.1264435866502287,2.6771254655265935,1.4013348830773116,-0.040919754261378345,0.685060164829756,-0.2200071895867306,2.399095069819875,1.4033275155434137,-0.9000588213515957,-0.1757425376430619,-0.10618487618330075,-0.3058132611215734,-1.3841335939213297
1731072303.23,1.5345349014458474,0.23665870648142412,-0.16079260305988133,-0.05944197697670714,1.4043904766264705,1.3238737872461357,0.23290095742900427,-0.1264435866502287,-0.10066684750551352,1.4023295706707049,0.519442976377961,0.6590858540821536,-0.2200071895867306,-0.07997331757363703,1.4037464417694878,0.9600569007030418,-0.4687128767748417,-0.10618487618330075,-0.36001709021698974,-1.3822746744399947
1731072303.73,-0.4742677878317513,0.0580184389742594,-0.16079260305988133,-0.07771254026084659,1.4062418553761105,-0.16128529061090793,0.045673759163401065,-0.1264435866502287,-0.2541952144211698,1.4046864302967041,-0.040919754261378345,0.5197690964359247,-0.2200071895867306,0.3075813011274159,1.4043651880050296,-0.9000588213515957,-0.2698573616128564,-0.10618487618330075,-0.3185671032616714,-1.3752654122829822
1731072304.23,-0.18729597507781445,0.08034847241265503,-0.16079260305988133,-0.15688498115878413,1.4048910439679807,-0.40881180358707603,-0.38956868875274187,-0.1264435866502287,-0.32203333003506446,1.402657848758415,-0.5212306662379566,0.6685310579903726,1.8826579511731376,0.43569853045007817,1.4044655105354311,0.9600569007030418,-0.24860562716806406,-0.10618487618330075,-0.22291328721093664,-1.3834409698809897
1731072304.73,-0.4742677878317513,0.8321262648386405,-0.16079260305988133,-0.18276827914464833,1.4071147728350906,-0.40881180358707603,-0.450356740137678,-0.1264435866502287,-0.2898994857969039,1.4047641998414584,-0.040919754261378345,1.251772399322891,-0.2200071895867306,-0.05755280244217113,1.405585422438482,-0.9000588213515957,-0.20762013931025042,-0.10618487618330075,-0.277117116306353,-1.3713644316292932
1731072305.23,-0.4742677878317513,0.8097962314002449,4.12326012336496,-0.20895608651858152,1.4073404926784556,1.3238737872461357,-0.7105296000652047,-0.1264435866502287,-0.20420923449514222,1.4051013282509608,0.519442976377961,1.1148169426537167,-0.2200071895867306,0.051346842482091655,1.4058211660111801,-0.9000588213515957,-0.017872510338890427,-0.10618487618330075,1.6774091916636604,-1.3729613564533496
1731072305.73,-0.4742677878317513,0.643561538025522,-0.16079260305988133,-0.11729876070981539,1.4061475072906608,-0.40881180358707603,-0.7713176514501406,-0.1264435866502287,-0.3934418727865325,1.4029661116862289,-0.040919754261378345,0.7677056990266713,-0.2200071895867306,0.0161146044183596,1.4061341232055609,0.9600569007030418,0.32063725974601576,-0.10618487618330075,-0.3121901821916224,-1.3789880128264445
1731072306.23,-0.18729597507781445,0.7229572124731508,-0.16079260305988133,1.5148715593399738,1.4061055244744682,-0.40881180358707603,-0.5646382767413578,-0.1264435866502287,0.15997433353734486,1.403078307340987,-0.040919754261378345,1.147875156332483,-0.2200071895867306,-0.054349871709104644,1.4062444010689257,0.9600569007030418,0.4663634387960204,-0.10618487618330075,-0.3695824718220632,-1.3824693089016618
1731072306.73,-0.4742677878317513,0.04065063518884058,-0.16079260305988133,-0.20408393630947766,1.4069125845909458,-0.16128529061090793,-0.4552197842484729,-0.1264435866502287,0.4634606402310841,1.4046175589495,-0.040919754261378345,0.9967518938009801,-0.2200071895867306,0.11220252641035616,1.4063389415880818,-0.9000588213515957,0.4071621785569562,-0.10618487618330075,-0.060301799924687656,-1.3830712999511428
1731072307.23,-0.18729597507781445,-0.16031966575671977,-0.16079260305988133,-0.06857725861877687,1.407456073762156,1.3238737872461357,-0.49898718124562674,-0.1264435866502287,1.6167086056672932,1.4056480867529622,0.519442976377961,0.987306689892761,-0.2200071895867306,2.082004927246287,1.406476467119783,0.9600569007030418,0.3798385199850803,-0.10618487618330075,-0.2516094320261571,-1.3842818159010948
1731072307.73,1.5345349014458474,-0.0908484506150445,-0.16079260305988133,-0.12947913623257495,1.4080709675664513,-0.40881180358707603,-0.47953500480244715,-0.1264435866502287,0.03857981085984921,1.4059697136461584,-0.040919754261378345,1.705142186917399,-0.2200071895867306,0.03853511954982543,1.4070931873080192,-0.9000588213515957,0.20071675823611632,-0.10618487618330075,-0.37914785342713675,-1.381652282001654
1731072308.23,-0.4742677878317513,0.07538624275967822,-0.16079260305988133,-0.20712903019016757,1.4084299031325993,-0.40881180358707603,-0.25826649776127963,-0.1264435866502287,-0.08281471181764642,1.4065617875258474,-0.040919754261378345,1.2730241081163833,-0.2200071895867306,-0.07997331757363703,1.4073084957299709,0.9600569007030418,-0.5188062508232808,-0.10618487618330075,-0.18784022132566727,-1.3829317621155237
1731072308.73,-0.4742677878317513,0.12997076894242307,-0.16079260305988133,-0.08075763414153649,1.4102260566530755,-0.40881180358707603,-0.36039042408797245,-0.1264435866502287,-0.27204735010903686,1.4088671958026113,-0.040919754261378345,0.24349688212052137,-0.2200071895867306,0.15384062594022133,1.407904267640073,-0.9000588213515957,-0.051268093037849814,-0.10618487618330075,0.009844331845851217,-1.3762891740475225
1731072309.23,1.5345349014458474,-0.011452776167415883,-0.16079260305988133,-0.025945944289118218,1.410608455917033,1.3238737872461357,-0.17559474787776644,-0.1264435866502287,-0.1506528274315412,1.408483410390114,0.519442976377961,0.3096133094780538,-0.2200071895867306,0.04173805028289198,1.4087076434841852,-0.9000588213515957,-0.5780075110623452,-0.10618487618330075,-0.37277093235708775,-1.373083347589435
1731072309.73,-0.4742677878317513,0.3855255960707283,-0.16079260305988133,-0.2479332881914123,1.4103574375389365,-0.40881180358707603,0.12105094288072195,-0.1264435866502287,-0.1863570988072751,1.407958200294742,-0.040919754261378345,0.5457434071835268,-0.2200071895867306,-0.044741079509904975,1.4089876142905202,0.9600569007030418,0.1521413652194481,-0.10618487618330075,0.5168095569147454,-1.37603204767696
1731072310.23,-0.4742677878317513,0.11508407998349267,-0.16079260305988133,-0.1233889484711952,1.411421062607204,-0.40881180358707603,0.17940747221026043,-0.1264435866502287,-0.054251294717059334,1.4098452025358965,0.039132064401382796,0.2647485909140139,-0.2200071895867306,0.10259373421115656,1.4091258457896894,0.9891212088601449,-0.010282605180036021,-0.10618487618330075,-0.11131716848507942,-1.3754004601675907
1731072310.73,-2.196098664355413,0.07786735758616663,4.2614553726044715,1.1068289793275263,1.4115990935981677,-0.40881180358707603,0.37392923664205596,-0.1264435866502287,-0.061392148992206144,1.410246865135129,-0.040919754261378345,0.39225884367496944,-0.2200071895867306,0.3460164699242146,1.4092786465097882,-0.9000588213515957,-0.31236083050244107,-0.10618487618330075,-0.36001709021698974,-1.3777862790900715
1731072311.23,-0.4742677878317513,0.20192309891058677,-0.16079260305988133,-0.21565529305609932,1.4112299101498236,1.3238737872461357,0.11618789876992705,-0.1264435866502287,-0.109592915349447,1.4088307446052135,-0.040919754261378345,0.1868256586712078,1.8169496655243917,-0.07356745610750391,1.4099620436376978,0.8728639762317274,0.04588269299548642,-0.10618487618330075,-0.28987095844645094,-1.378132474541833
1731072311.73,1.5345349014458474,0.40289339985614714,-0.16079260305988133,-0.10511838518705575,1.413367016818759,-0.40881180358707603,-0.3944317328635367,-0.1264435866502287,-0.157793681706688,1.411782543823825,-0.040919754261378345,0.9093837576499552,-0.2200071895867306,0.17626114107168728,1.4105090148559376,-0.8419302050373869,-0.2728933236763981,-0.10618487618330075,-0.2611748136312306,-1.370651277918878
1731072312.23,-0.4742677878317513,0.6013825859752191,-0.16079260305988133,-0.05639688309601723,1.4124753848459661,-0.40881180358707603,-0.4114523872513189,-0.1264435866502287,1.2275320476717921,1.4108333455355861,0.039132064401382796,1.0557844182273486,-0.2200071895867306,0.17946407180475377,1.4104225522400407,0.9600569007030418,0.38742842514393455,-0.10618487618330075,-0.27074019523630405,-1.3786042927042577
1731072312.73,-0.4742677878317513,0.643561538025522,-0.16079260305988133,-0.21991842448906518,1.4136002540976806,-0.40881180358707603,-0.7153926441759996,-0.1264435866502287,-0.4041531541992527,1.4118629186704936,-0.040919754261378345,1.7570908084126031,-0.2200071895867306,0.003302881486093374,1.4111162364557173,-0.9000588213515957,0.15365934625121916,-0.10618487618330075,-0.15914407651044676,-1.3735988425497692
1731072313.23,1.2475630886919002,0.6113070452811727,-0.16079260305988133,-0.09902819742567594,1.4144220344307374,1.3238737872461357,-0.5743643649629476,-0.1264435866502287,-0.1970683802199954,1.4126939807696688,0.519442976377961,1.2116302827129604,-0.2200071895867306,0.003302881486093374,1.4116353382809534,0.9600569007030418,-0.23038985478681365,-0.10618487618330075,-0.2261017477459612,-1.3709701912921832
1731072313.73,-0.18729597507781445,0.7254383272996392,-0.16079260305988133,-0.028991038169808126,1.4137593080491888,-0.40881180358707603,-0.6400154604586787,-0.1264435866502287,0.10998835361131717,1.4124736024652302,-0.6012824849007177,1.140791253401319,1.8826579511731376,-0.060755733175237685,1.4113452796464576,-0.9000588213515957,0.31456533561893224,-0.10618487618330075,-0.14957869490537334,-1.3796385006384564
1731072314.23,-0.4742677878317513,0.6782971455963596,-0.16079260305988133,-0.22326802775782403,1.412820668409744,-0.16128529061090793,-0.462514350414665,-0.1264435866502287,-0.35773760141079847,1.4102885424661367,0.039132064401382796,1.2541337002999455,-0.2200071895867306,0.16024648740635444,1.4119300711118232,0.9600569007030418,-0.49603653534671754,-0.10618487618330075,-0.37277093235708775,-1.38273413412044
1731072314.73,-0.4742677878317513,0.3582333329793559,-0.16079260305988133,-0.0868478219029163,1.4142096236664756,-0.40881180358707603,-0.42117847547290865,-0.1264435866502287,-0.3898714456489591,1.4130748109513087,-0.040919754261378345,1.4572055843266525,-0.2200071895867306,0.18586993327088688,1.4118581414694205,-0.9000588213515957,0.560478262765815,-0.10618487618330075,2.7614857735719873,-1.3825255640387368
1731072315.23,-0.4742677878317513,-0.29429986638709354,-0.16079260305988133,-0.07771254026084659,1.4157792002041028,1.3238737872461357,-0.42360999752830614,-0.1264435866502287,-0.11137812891823366,1.4139881066282058,0.519442976377961,1.2659402051852195,-0.2200071895867306,0.012911673685293043,1.4130440582354507,0.9600569007030418,-0.20762013931025042,-0.10618487618330075,-0.034794115644491704,-1.3722666578106026
1731072315.73,1.5345349014458474,-0.22234753641892985,-0.16079260305988133,1.478330432771695,1.4129897773330315,-0.40881180358707603,-0.32878063736780566,-0.1264435866502287,-0.3398854657229315,1.4098714190002613,-0.040919754261378345,2.082950343246156,-0.2200071895867306,0.09618787274502344,1.4129797511129467,-0.9000588213515957,-0.5127343266961972,-0.10618487618330075,-0.30262480058654895,-1.3867551784719
1731072316.23,-0.4742677878317513,-0.30174321086655875,-0.16079260305988133,-0.08989291578360621,1.4137126774142572,-0.40881180358707603,-0.3871371666973444,-0.1264435866502287,-0.3613080285483719,1.4105573493401287,-0.040919754261378345,1.997943508072186,-0.2200071895867306,0.0161146044183596,1.4134884336003515,0.9600569007030418,0.38591044411216385,-0.10618487618330075,0.0895558452214635,-1.3845538850766588
1731072316.73,-0.4742677878317513,-0.06355618752367234,-0.16079260305988133,-0.2126101991754094,1.4148648262655945,-0.40881180358707603,0.0578313694403883,-0.1264435866502287,-0.318462902897491,1.4134751636727418,-0.040919754261378345,1.190378573919468,-0.2200071895867306,2.914766917843591,1.4131141551588196,-0.9000588213515957,-0.34423843216962957,-0.10618487618330075,-0.04117103671454069,-1.387442783502754
1731072317.23,1.5345349014458474,-0.1776874695421386,-0.16079260305988133,-0.10207329130636585,1.4172988365824157,1.3238737872461357,0.7070477582315061,-0.1264435866502287,1.5595817714661186,1.4155804307261226,-0.040919754261378345,0.6472793491968802,-0.2200071895867306,0.17946407180475377,1.4144352216364244,0.9600569007030418,0.6029817316553997,-0.10618487618330075,-0.3153786427266469,-1.3731207357612076
1731072317.73,-0.4742677878317513,0.3904878257237051,-0.16079260305988133,-0.06248707085739705,1.417005108258257,-0.40881180358707603,0.0578313694403883,-0.1264435866502287,-0.21135008877028902,1.4153430973418524,0.519442976377961,0.7488152912102335,-0.2200071895867306,-0.054349871709104644,1.4145076076919156,-0.9000588213515957,0.5771760541152945,-0.10618487618330075,-0.2484209714911326,-1.3777734518050742
1731072318.23,-0.4742677878317513,0.1349329985953999,-0.16079260305988133,-0.19403512650320096,1.4137706126945486,-0.40881180358707603,0.3058466190909275,-0.1264435866502287,-0.3827305913738123,1.4109212581192807,-0.040919754261378345,-0.05874964294248406,-0.2200071895867306,0.057752703948224765,1.4141949637043227,0.9600569007030418,0.8413047536434276,-0.10618487618330075,-0.028417194574442715,-1.395691940326711
1731072318.73,-0.4742677878317513,-0.3389599332638846,-0.16079260305988133,-0.10816347906774566,1.415307256208104,-0.40881180358707603,0.2936890088139405,-0.1264435866502287,-0.18992752594484857,1.4123268899150465,-0.040919754261378345,0.3285037172944917,-0.2200071895867306,-0.051146940976038086,1.4150640105970727,-0.9291231295086987,-0.21369206343733393,-0.10618487618330075,-0.42378630091747965,-1.3879210936355497
1731072319.23,-0.4742677878317513,-0.33399770361090786,-0.16079260305988133,-0.11425366682912548,1.4148328743868355,1.3238737872461357,0.24749008976138898,-0.1264435866502287,-0.22920222445815597,1.411917287845297,0.519442976377961,0.033341095162650485,-0.2200071895867306,0.1250142493426224,1.4150636702940966,0.9600569007030418,0.30090350633299445,-0.10618487618330075,0.806959465601974,-1.393755809569765
1731072319.73,-0.4742677878317513,-0.14295186197130097,4.12326012336496,-0.22600861225044497,1.4185527024426872,-0.40881180358707603,0.7240684126192884,-0.1264435866502287,-0.27204735010903686,1.4168323082273548,-0.040919754261378345,0.17974175574004359,-0.2200071895867306,0.10259373421115656,1.4159852265755726,-0.9000588213515957,1.0295344015830168,-0.10618487618330075,-0.1814633002556183,-1.3778818503051888
1731072320.23,-0.4742677878317513,0.10515962067753905,-0.16079260305988133,-0.11120857294843557,1.4154585031986329,-0.40881180358707603,-0.34093824764479286,-0.1264435866502287,-0.17564581739455495,1.4128881080384401,-0.040919754261378345,0.34975542608798427,-0.2200071895867306,-0.03192935657763875,1.4155299391598681,0.9600569007030418,0.015523072360068961,-0.10618487618330075,-0.3695824718220632,-1.3963719936039152
1731072320.73,-0.4742677878317513,0.33838441436744865,-0.16079260305988133,0.02277555780192031,1.4179138007471472,-0.40881180358707603,-0.9390926732725645,-0.1264435866502287,-0.11851898319338047,1.416040307593074,0.039132064401382796,0.10181882349723771,-0.2200071895867306,-0.028726425844572193,1.4162647485297573,-0.9000588213515957,0.10660193426632167,-0.10618487618330075,-0.3281324848667449,-1.3863607301837828
1731072321.23,1.5345349014458474,0.020801716576933353,-0.16079260305988133,0.382096635723329,1.4177015271042146,1.3238737872461357,-0.963407893826539,-0.1264435866502287,0.006445966621688642,1.415966486073369,-0.040919754261378345,-0.08944655564419557,-0.2200071895867306,1.8642056373977611,1.4163202824436245,0.9600569007030418,-0.5643456817764072,-0.10618487618330075,-0.28030557684137747,-1.3908516101198742
1731072321.73,-0.4742677878317513,0.12500853928944627,-0.16079260305988133,-0.20804255835437455,1.4191315598990226,-0.40881180358707603,-0.6691937251234481,-0.1264435866502287,2.180836093403891,1.4169352841194949,0.519442976377961,0.07348321177258092,-0.2200071895867306,0.19547872547008663,1.4173404811567147,-0.9000588213515957,-0.17422455661129102,-0.10618487618330075,-0.18784022132566727,-1.3823270534239533
1731072322.23,-0.18729597507781445,-0.3637710815287687,-0.16079260305988133,-0.10207329130636585,1.4175659002120626,-0.40881180358707603,-0.603542629627717,-0.1264435866502287,-0.4005827270616793,1.414426871947448,-0.040919754261378345,0.02861849320854102,-0.2200071895867306,0.3460164699242146,1.4175134740948403,-0.9000588213515957,0.02463095855069425,-0.10618487618330075,-0.2579863530962061,-1.3907197784657654
1731072322.73,-0.4742677878317513,-0.056112843044207134,-0.16079260305988133,-0.09598310354498603,1.4182862578810516,-0.40881180358707603,-0.8661470116106411,-0.1264435866502287,-0.11851898319338047,1.4156191782972354,-0.040919754261378345,0.25766468798284975,-0.2200071895867306,-0.047944010242971534,1.4177264435889372,0.9600569007030418,0.14455146006059388,-0.10618487618330075,-0.14957869490537334,-1.3907389534995271
1731072323.23,1.5345349014458474,-0.0908484506150445,-0.16079260305988133,-0.24580172247492937,1.4175676912630306,1.3238737872461357,-0.5646382767413578,-0.1264435866502287,-0.0792442846800731,1.4147963488797037,0.519442976377961,0.28127769775339706,-0.2200071895867306,0.16344941813942107,1.4177322743192975,0.9600569007030418,0.886844184596554,-0.10618487618330075,0.060859700406243125,-1.3973896873067704
1731072323.73,-0.4742677878317513,-0.048669498564741925,-0.16079260305988133,-0.03508122593118794,1.41983870645108,-0.40881180358707603,-0.6910774236220251,-0.1264435866502287,-0.3827305913738123,1.4182034681064413,0.039132064401382796,0.3190585133862728,-0.2200071895867306,0.33640767772501495,1.4181434548409884,-0.9000588213515957,-0.06948386541910022,-0.10618487618330075,0.5550710833350394,-1.3904492503731907
1731072324.23,-0.18729597507781445,-0.07348064682962596,-0.16079260305988133,-0.11120857294843557,1.4195288888392035,-0.40881180358707603,-0.6400154604586787,-0.1264435866502287,-0.18278667166970178,1.4177441874785133,-0.040919754261378345,0.3898975426979147,-0.2200071895867306,-0.08637917903977015,1.4183291028963916,0.9600569007030418,0.05954452228142452,-0.10618487618330075,-0.16233253704547132,-1.3943113960346971
1731072324.73,-0.4742677878317513,0.06546178345372461,-0.16079260305988133,-0.22722664980272092,1.4182891379289846,-0.40881180358707603,-0.7980643940595126,-0.1264435866502287,-0.014976596203751791,1.4155086945640722,-0.040919754261378345,0.3662845329273674,-0.2200071895867306,0.2819578552628836,1.4186553093883374,-0.9291231295086987,-0.09680752399097609,-0.10618487618330075,-0.3376978664718184,-1.400407405486712
1731072325.23,-0.4742677878317513,0.04809397966830579,4.12326012336496,-0.05335178921532732,1.4218176719416744,1.3238737872461357,-0.8831676659984232,-0.1264435866502287,-0.3613080285483719,1.4205110187355419,0.519442976377961,0.38281363976675054,-0.2200071895867306,0.4517131841154109,1.4193435879465963,0.9600569007030418,0.27054388569757687,-0.10618487618330075,0.2202827271574677,-1.3869526088226822
1731072325.73,-2.196098664355413,0.1473385727278419,4.2614553726044715,-0.1447046056360245,1.4186173747508057,-1.8939708814441196,-0.3701165123095623,3.6343820078787594,-0.3934418727865325,1.4159726309656244,-0.040919754261378345,0.8409060293153683,-0.2200071895867306,1.0122260624020578,1.419131192173303,-0.9000588213515957,0.1991987772043456,-0.10618487618330075,0.6698556625959209,-1.4040015164957005
1731072326.23,-0.4742677878317513,0.18703640995165635,-0.16079260305988133,-0.10511838518705575,1.421655646744985,-0.40881180358707603,-0.47467196069165224,-0.1264435866502287,1.8345046610592706,1.4200404392617754,-0.040919754261378345,0.7700670000037263,-0.2200071895867306,-0.06395866390830425,1.4198924496281866,0.9600569007030418,-0.605331169634221,-0.10618487618330075,0.41477881979396164,-1.3917326666188887
1731072326.73,-0.4742677878317513,0.25898873991981974,-0.16079260305988133,1.4661500572489354,1.4225109130850648,-0.40881180358707603,-0.5792274090737425,-0.1264435866502287,0.4527493588183639,1.4209779449109692,-0.5212306662379566,0.9967518938009801,1.8826579511731376,0.19227579473702,1.4203818080995918,-0.9000588213515957,-0.17270657557952016,-0.10618487618330075,1.014209400378566,-1.3892083152138455
1731072327.23,1.5345349014458474,0.8420507241445941,-0.16079260305988133,-0.10511838518705575,1.4220993013154215,1.3238737872461357,-0.08076538771726623,-0.1264435866502287,0.5812847357710064,1.4198542907533587,0.519442976377961,1.5870771380646624,-0.2200071895867306,0.019317535151426157,1.4208549313733698,0.9600569007030418,0.4876151732408127,-0.10618487618330075,0.34463268802342273,-1.3912808957113685
1731072327.73,-0.7612396005856983,1.8320155399134659,-0.16079260305988133,2.1939274947338228,1.4203703836664234,-0.40881180358707603,3.080213284299413,-0.1264435866502287,5.533467175585315,1.41755029510856,-0.040919754261378345,4.118391785467333,-0.2200071895867306,0.07376735761355747,1.4207537100498562,-0.9000588213515957,1.9312151344549195,-0.10618487618330075,0.9153671237928068,-1.4023010491724162
1731072328.23,0.09967583767613257,0.42026120364156594,-0.16079260305988133,-0.20743353957823657,1.4239791739674077,-0.40881180358707603,0.055399847384990854,-0.1264435866502287,-0.4255757170246931,1.4227891409399034,0.039132064401382796,1.8491815465177375,-0.2200071895867306,-0.038335218043771865,1.4213816936052557,0.9600569007030418,1.2617854994439615,-0.10618487618330075,1.3521862170911623,-1.3890127283073401
1731072328.73,-0.4742677878317513,0.16470637651326073,-0.16079260305988133,-0.06553216473808696,1.4216313393067677,-0.40881180358707603,-0.4722404386362548,-0.1264435866502287,-0.21492051590786235,1.418920763123467,-0.040919754261378345,1.584715837087608,-0.2200071895867306,-0.054349871709104644,1.4215952652923547,-0.9000588213515957,-0.04671414994253717,-0.10618487618330075,-0.3345094059367939,-1.3998662129003976
1731072329.23,1.5345349014458474,-0.2496397995103023,-0.16079260305988133,-0.013765568766358587,1.4215804760532005,1.3238737872461357,-0.046724078941701955,-0.1264435866502287,-0.2363430787333028,1.4191185956914192,0.519442976377961,1.313166224726314,-0.2200071895867306,0.10259373421115656,1.421647747505,0.9600569007030418,-0.0072466431164942575,-0.10618487618330075,-0.2611748136312306,-1.4038089248715842
1731072329.73,-0.4742677878317513,-0.14543297679778935,-0.16079260305988133,-0.24245211920617046,1.4246317113677838,-0.40881180358707603,0.07485202382817044,-0.1264435866502287,-0.1863570988072751,1.4228193360445225,-0.040919754261378345,0.9306354664434475,-0.2200071895867306,0.022520465884492715,1.4226338758606958,-0.9000588213515957,-0.2728933236763981,-0.10618487618330075,0.12144045057170844,-1.3898129857590396
1731072330.23,-0.18729597507781445,0.08779181689212023,-0.16079260305988133,-0.11729876070981539,1.4241143918767838,-0.40881180358707603,-0.26312954187207455,-0.1264435866502287,-0.35773760141079847,1.42186639368388,0.039132064401382796,0.16793525085476993,-0.2200071895867306,0.5413952446412744,1.4229072134860652,0.9891212088601449,0.05499057918611171,-0.10618487618330075,-0.34088632700684285,-1.3937528498512883
1731072330.73,-2.196098664355413,0.4004122850296587,4.2614553726044715,-0.06857725861877687,1.4226787535949978,-0.16128529061090793,1.1009543312058927,-0.1264435866502287,0.1349813435743311,1.41984217035631,-0.040919754261378345,1.0250875055256368,-0.2200071895867306,2.2933983556286797,1.4229240365808624,-0.9000588213515957,0.6287874091955045,-0.10618487618330075,-0.35364016914694085,-1.402854601014344
1731072331.23,1.5345349014458474,0.08034847241265503,-0.16079260305988133,-0.06857725861877687,1.4250695588427642,1.3238737872461357,0.2499216118167864,-0.1264435866502287,2.1379909677530096,1.4223379801645952,0.519442976377961,0.3308650182715464,-0.2200071895867306,0.13142011080875549,1.423977145694279,0.9600569007030418,0.32974514593664106,-0.10618487618330075,-0.21972482667591223,-1.3906917908711116
1731072331.73,-0.4742677878317513,1.7029975689360688,-0.16079260305988133,-0.22052744326520315,1.4267886309886861,-0.40881180358707603,0.021358538609426582,-0.1264435866502287,-0.39701229992410586,1.4255213780933131,-0.040919754261378345,1.3155275257033685,-0.2200071895867306,0.3011754396612829,1.4239910643658593,-0.9000588213515957,0.9764050654710361,-0.10618487618330075,-0.26436327416625505,-1.3886685014693843
1731072332.23,-0.18729597507781445,1.0479832547431311,-0.16079260305988133,-0.08075763414153649,1.4267204474398314,-0.40881180358707603,0.2085857368750298,-0.1264435866502287,-0.1720753902569815,1.425354561318404,-0.5212306662379566,1.3721987491526821,1.8826579511731376,-0.08637917903977015,1.4242381055493412,0.9891212088601449,0.17794704275955325,-0.10618487618330075,-0.277117116306353,-1.391217964071314
1731072332.73,-0.4742677878317513,0.6733349159433828,-0.16079260305988133,1.4478794939647959,1.427709939516149,-0.40881180358707603,-0.03456646866471472,-0.1264435866502287,-0.0328287318916189,1.4258383524991936,-0.040919754261378345,1.3320566325427519,-0.2200071895867306,0.09298494201195681,1.425118169516496,-0.9000588213515957,0.5786940351470656,-0.10618487618330075,-0.3185671032616714,-1.3852997718802578
1731072333.23,1.5345349014458474,0.33094106988798344,-0.16079260305988133,-0.18916297629409712,1.426026204341351,-0.40881180358707603,-0.4819665268578446,-0.1264435866502287,-0.40772358133682607,1.423983681301153,0.519442976377961,1.128984748516045,-0.2200071895867306,0.057752703948224765,1.424800042601537,0.9309925925459387,0.2781337908564311,-0.10618487618330075,1.5243630859824846,-1.3977811004148664
1731072333.73,-0.18729597507781445,0.3433466440204255,-0.16079260305988133,-0.09598310354498603,1.426130348532441,1.3238737872461357,-0.7567285191177562,-0.1264435866502287,-0.27204735010903686,1.4239325215076772,0.039132064401382796,0.937719369374612,-0.2200071895867306,-0.07997331757363703,1.4251446343017546,-0.9000588213515957,0.18705492895017856,-0.10618487618330075,-0.14320177383532437,-1.3989927590659317
1731072334.23,-0.4742677878317513,0.9264086282451995,-0.16079260305988133,-0.1477496995167144,1.4275418305085457,-0.40881180358707603,0.2499216118167864,-0.1264435866502287,-0.2898994857969039,1.4258221680143113,-0.040919754261378345,1.110094340699607,-0.2200071895867306,0.07056442688049099,1.4256137885618612,0.9600569007030418,0.9065779380095756,-0.10618487618330075,-0.28987095844645094,-1.3946539975309542
1731072334.73,-0.18729597507781445,3.2264020723999467,-0.16079260305988133,-0.20438844569754666,1.4274641042177927,-1.8939708814441196,1.7501707199970105,3.6343820078787594,-0.21135008877028902,1.425620184270589,-0.5212306662379566,4.205759921618358,1.8826579511731376,0.03853511954982543,1.4258720813089674,-0.9000588213515957,3.062111003124225,-0.10618487618330075,-0.277117116306353,-1.397153139492922
1731072335.23,1.5345349014458474,1.1124922402318296,-0.16079260305988133,-0.09598310354498603,1.428486953246512,1.3238737872461357,-0.06131321127408664,-0.1264435866502287,0.3706295346541757,1.4269090397963025,0.519442976377961,1.8161233328389712,-0.2200071895867306,1.2028004410195177,1.4263180085085811,0.9600569007030418,2.119444782394509,-0.10618487618330075,-0.3440747875418674,-1.3943611684497104
1731072335.73,-0.4742677878317513,1.0206909916517588,-0.16079260305988133,-0.03508122593118794,1.429155165614813,-0.40881180358707603,-0.05158712305249685,-0.1264435866502287,2.784238279653796,1.4271266860926948,-0.040919754261378345,1.6886130800780161,-0.2200071895867306,2.3670657624892097,1.4270453741461726,-0.9000588213515957,0.599945769591858,-0.10618487618330075,-0.0029095102942467603,-1.390719798322232
1731072336.23,-0.4742677878317513,7.223478057872761,-0.16079260305988133,-0.21504627427996134,1.427104958540034,-0.16128529061090793,6.433282198692491,-0.1264435866502287,-0.3398854657229315,1.4240013343269444,-0.040919754261378345,9.216440594928496,-0.2200071895867306,0.49335128364527603,1.4271128649442395,0.9600569007030418,5.32997466458992,-0.10618487618330075,-0.20697098453581425,-1.4016152295754407
1731072336.73,-0.18729597507781445,0.6956649493817784,-0.16079260305988133,-0.1233889484711952,1.4280000593988214,-0.40881180358707603,0.6049238319048138,-0.1264435866502287,-0.33631503858535805,1.4259119507061453,0.039132064401382796,2.9424638988940774,-0.2200071895867306,0.4324955997170115,1.4270771081891833,-0.9000588213515957,3.285254214794544,-0.10618487618330075,-0.3313209454017694,-1.4028730890726917
1731072337.23,1.5345349014458474,0.030726175882886966,-0.16079260305988133,0.8388607178268148,1.42899431650078,1.3238737872461357,-0.19747844637634346,-0.1264435866502287,-0.1863570988072751,1.4264511933929342,0.519442976377961,1.9578013914622552,-0.2200071895867306,0.278754924529817,1.4279294869554502,0.9600569007030418,0.9172038052319716,-0.10618487618330075,0.19796350341229615,-1.3971458578918226
1731072337.73,-0.4742677878317513,0.10515962067753905,-0.16079260305988133,-0.20042982365264977,1.4303808452835416,-0.40881180358707603,0.17697595015486298,-0.1264435866502287,0.05643194654771616,1.4283307187679237,-0.040919754261378345,2.682720791418057,-0.2200071895867306,0.20508751766928623,1.4283806917358768,-0.9000588213515957,1.1357930738069786,-0.10618487618330075,1.5498707702626806,-1.3930291194217646
1731072338.23,-0.4742677878317513,-0.20746084745999943,-0.16079260305988133,-0.09598310354498603,1.4305544767776694,-0.40881180358707603,-0.25826649776127963,-0.1264435866502287,-0.4005827270616793,1.429157349901861,0.039132064401382796,1.0038357967321445,-0.2200071895867306,0.07376735761355747,1.4282836815708564,0.9600569007030418,0.0033792241059019115,-0.10618487618330075,-0.2994363400515244,-1.3972939655207872
1731072338.73,-0.18729597507781445,0.2689131992257734,-0.16079260305988133,-0.016810662647048495,1.4304187699229902,-0.40881180358707603,0.15752377371168338,-0.1264435866502287,-0.20777966163271552,1.4279841776447326,-0.040919754261378345,0.33794892120271064,-0.2200071895867306,-0.05755280244217113,1.4290485621969369,-0.9000588213515957,0.36769467173091325,-0.10618487618330075,-0.1974056029307407,-1.396214140195017
1731072339.23,1.5345349014458474,-0.07844287648260248,-0.16079260305988133,-0.2196139151009962,1.430242988478452,1.3238737872461357,0.09916724438214491,-0.1264435866502287,-0.300610767209624,1.4280853858987483,-0.040919754261378345,0.15849004694655128,1.8169496655243917,0.09939080347808993,1.4290378803547772,-0.9000588213515957,-0.5096983646326555,-0.10618487618330075,0.0034674107758022278,-1.4010688729916632
1731072339.73,-0.4742677878317513,0.0034339127915145344,-0.16079260305988133,-0.13952794603885169,1.4317878605110756,-0.40881180358707603,0.03837919299720872,-0.1264435866502287,-0.3505967471356517,1.4304424582131916,0.039132064401382796,0.5457434071835268,-0.2200071895867306,1.4910642069955076,1.429363888695803,0.9600569007030418,-0.39584978724983955,-0.10618487618330075,-0.3058132611215734,-1.397327373794808
1731072340.23,-0.4742677878317513,-0.4109122632320483,-0.16079260305988133,-0.05944197697670714,1.4302810765815548,-0.40881180358707603,0.3593401043096713,-0.1264435866502287,0.8740597610520255,1.4279570980476097,-0.040919754261378345,0.422955756376681,-0.2200071895867306,2.8827376105129257,1.4295796601344974,0.9600569007030418,0.6667369349897764,-0.10618487618330075,0.38608267497874127,-1.4051950365199835
1731072340.73,-0.4742677878317513,-0.08340510613557929,-0.16079260305988133,-0.06857725861877687,1.4328177990113293,-0.40881180358707603,0.7872879860596221,-0.1264435866502287,-0.3613080285483719,1.4311061460490384,-0.040919754261378345,0.4017040475831884,-0.2200071895867306,0.10259373421115656,1.4303938686877655,-0.9000588213515957,0.36769467173091325,-0.10618487618330075,0.24260195090263909,-1.3943015579465783
1731072341.23,-0.4742677878317513,-0.36128996670228025,4.12326012336496,-0.22631312163851394,1.4315776755586906,1.3238737872461357,0.6365336186249804,-0.1264435866502287,-0.23991350587087626,1.4285309405033564,0.519442976377961,0.5244916983900342,-0.2200071895867306,-0.09919090197203637,1.4309159745752014,0.9600569007030418,0.7137943469746738,-0.10618487618330075,-0.28030557684137747,-1.3989395144505175
1731072341.73,-0.18729597507781445,-0.1851308140216038,-0.16079260305988133,-0.06857725861877687,1.4312782614217632,-1.8939708814441196,-0.9390926732725645,-0.1264435866502287,-0.13994154601882092,1.4282249309178827,-0.040919754261378345,0.6354728443116063,-0.2200071895867306,0.1218113186095559,1.4310229397355247,-0.9000588213515957,-0.0876996378003508,-0.10618487618330075,-0.22291328721093664,-1.4033524207712837
1731072342.23,-0.4742677878317513,-0.3811388853141875,-0.16079260305988133,-0.03203613205049803,1.433342394452526,1.3238737872461357,-0.8807361439430258,-0.1264435866502287,-0.33631503858535805,1.4308437131587448,0.039132064401382796,0.5717177179311288,-0.2200071895867306,0.22750803280075205,1.4316929915391658,0.9600569007030418,0.10356597220277991,-0.10618487618330075,0.12462891110673287,-1.3952059706470368
1731072342.73,-0.4742677878317513,0.3185354957555414,-0.16079260305988133,1.374797240828238,1.433821252168979,-0.40881180358707603,-0.8588524454444487,-0.1264435866502287,-0.24705436014602308,1.4318641402723287,-0.040919754261378345,-0.016246225355498883,-0.2200071895867306,-0.038335218043771865,1.4317751998962456,-0.9000588213515957,0.4769893060184164,-0.10618487618330075,-0.35364016914694085,-1.3970525065648238
1731072343.23,1.5345349014458474,0.3880067108972167,-0.16079260305988133,-0.21169667101120243,1.433678798567295,1.3238737872461357,-0.7615915632285508,-0.1264435866502287,-0.14351197315639438,1.4310722550165778,0.519442976377961,-0.09180785662125031,-0.2200071895867306,0.03853511954982543,1.4323129428883277,0.9309925925459387,0.11419183942517624,-0.10618487618330075,-0.3153786427266469,-1.3976940618739706
1731072343.73,-0.4742677878317513,-0.028820579952834702,-0.16079260305988133,-0.10207329130636585,1.4351091203071928,-0.40881180358707603,-0.533028490021191,-0.1264435866502287,-0.3077516214847708,1.433447954886432,-0.040919754261378345,0.5008786886194868,-0.2200071895867306,0.003302881486093374,1.4325189559236433,-0.87099451319449,0.6576290487991511,-0.10618487618330075,-0.20697098453581425,-1.3952526333368875
1731072344.23,-0.18729597507781445,0.18207418029867956,-0.16079260305988133,-0.11729876070981539,1.4339470508129497,-0.40881180358707603,-0.844263313112064,-0.1264435866502287,-0.2898994857969039,1.4314544933304685,-0.5212306662379566,0.07820581372669039,1.8826579511731376,0.0161146044183596,1.4327789975433876,0.9600569007030418,-0.06948386541910022,-0.10618487618330075,-0.14320177383532437,-1.4015720187400937
1731072344.73,-0.4742677878317513,0.3607144478058443,-0.16079260305988133,-0.23879800654934258,1.435468340294159,-0.40881180358707603,-0.6059741516831144,-0.1264435866502287,-0.21492051590786235,1.4335521751317417,-0.040919754261378345,0.11362532838251137,-0.2200071895867306,1.527897910425773,1.4332325955759273,-0.9000588213515957,-0.008764624148265138,-0.10618487618330075,-0.4046555377073327,-1.3969603881018116
1731072345.23,1.5345349014458474,-0.14295186197130097,-0.16079260305988133,-0.09293800966429612,1.4345639211877934,1.3238737872461357,-0.3701165123095623,-0.1264435866502287,-0.21849094304543584,1.4324971124182322,0.519442976377961,0.49851738764243214,-0.2200071895867306,-0.07997331757363703,1.4331956899445686,0.9600569007030418,-0.14993686010295693,-0.10618487618330075,-0.044359497249565116,-1.4045859423363238
1731072345.73,-0.4742677878317513,-0.07596176165611408,-0.16079260305988133,0.007550088398470769,1.4335974836783754,-0.40881180358707603,-0.9074828865523977,-0.1264435866502287,-0.26490649583389003,1.43060800439795,-0.040919754261378345,0.24821948407463082,-0.2200071895867306,-0.08317624830670359,1.433581985968667,-0.9000588213515957,-0.15600878423004047,-0.10618487618330075,-0.11769408955512842,-1.4092714685969712
1731072346.23,-0.4742677878317513,0.17214972099272594,-0.16079260305988133,-0.21778685877258225,1.4339733772929741,-0.16128529061090793,-0.647310026624871,-0.1264435866502287,-0.47913212408829414,1.4314515111265989,-0.040919754261378345,0.8338221263842038,-0.2200071895867306,0.05454977321515821,1.4336683673997006,0.9309925925459387,1.0811457566632268,-0.10618487618330075,-0.4269747614525041,-1.4114503280663617
1731072346.73,-0.4742677878317513,0.457477926038892,-0.16079260305988133,-0.05944197697670714,1.4366394235931588,-0.40881180358707603,-0.559775232630563,-0.1264435866502287,-0.3541671742732251,1.4345327414172164,0.039132064401382796,0.48671088275715846,-0.2200071895867306,0.11860838787648927,1.4346450765192833,-0.9000588213515957,0.6834347263392563,-0.10618487618330075,-0.1304479316952264,-1.398886397314772
1731072347.23,1.5345349014458474,0.3086110364495878,-0.16079260305988133,-0.22692214041465195,1.4380224817253406,1.3238737872461357,-0.015114292221535135,-0.1264435866502287,0.04572066513499602,1.4363871155200196,0.519442976377961,0.876325543971189,-0.2200071895867306,0.1890728640039535,1.4351075380698965,0.9309925925459387,0.2690259046658058,-0.10618487618330075,2.602062746820763,-1.394697059852321
1731072347.73,-0.4742677878317513,0.24410205096088933,-0.16079260305988133,-0.13556932399395477,1.4383268031918557,-0.40881180358707603,-0.4138839093067163,-0.1264435866502287,-0.3648784556859453,1.4364189877346447,-0.040919754261378345,0.9117450586270097,-0.2200071895867306,-0.06395866390830425,1.4355949965179071,-0.9000588213515957,0.17642906172778222,-0.10618487618330075,-0.05392487885463867,-1.3941350340608074
1731072348.23,-0.4742677878317513,1.3357925746157857,-0.16079260305988133,-0.16602026280085386,1.4367048979836696,-0.40881180358707603,0.4833477291349414,-0.1264435866502287,-0.10066684750551352,1.4347719913983548,0.039132064401382796,1.7830651191602054,-0.2200071895867306,0.32679888552581526,1.4352160964800542,0.9600569007030418,0.03525682577309042,-0.10618487618330075,-0.2037825240007897,-1.4068497566958247
1731072348.73,-0.4742677878317513,0.278837658531727,-0.16079260305988133,0.5282611419964445,1.4366312601319675,-0.40881180358707603,-0.3822741225865495,-0.1264435866502287,-0.3541671742732251,1.4339104751963467,-0.040919754261378345,1.4760959921430903,-0.2200071895867306,0.41648094605167885,1.435859654905672,-0.9000588213515957,0.2993855253012234,-0.10618487618330075,-0.28349403737640194,-1.4064590672727846
1731072349.23,-0.4742677878317513,-0.048669498564741925,-0.16079260305988133,-0.19038101384637307,1.4378090001286066,1.3238737872461357,-0.5913850193507297,-0.1264435866502287,-0.061392148992206144,1.4356115835024004,0.519442976377961,1.0534231172502937,-0.2200071895867306,1.0058202009359247,1.4362149237985933,0.9600569007030418,0.009451148232985436,-0.10618487618330075,-0.22291328721093664,-1.403795516730689
1731072349.73,1.5345349014458474,-0.004009431687950675,-0.16079260305988133,-0.20073433304071875,1.4384770585852344,-0.40881180358707603,-0.4309045636944985,-0.1264435866502287,2.891351093780998,1.4369998634253527,-0.040919754261378345,1.3769213511067915,-0.2200071895867306,-0.038335218043771865,1.4362649927785203,-0.9000588213515957,0.13088963077465576,-0.10618487618330075,-0.20697098453581425,-1.40521180922921
1731072350.23,-0.4742677878317513,-0.2694887181222095,-0.16079260305988133,-0.0868478219029163,1.4369108840710134,-0.40881180358707603,-0.5670697987967552,-0.1264435866502287,-0.3648784556859453,1.433709640032787,-0.040919754261378345,1.4194247686937767,-0.2200071895867306,0.05454977321515821,1.4368893664070843,0.9600569007030418,0.16428521347361516,-0.10618487618330075,-0.2452325109561081,-1.410242077020082
1731072350.73,-0.4742677878317513,-0.053631728217718735,-0.16079260305988133,-0.12947913623257495,1.4371172236405874,-0.40881180358707603,-0.2558349757058822,-0.1264435866502287,-0.18278667166970178,1.4344675316320334,-0.040919754261378345,0.9141063596040647,-0.2200071895867306,0.08337614981275722,1.436863633885403,-0.9291231295086987,0.21741454958559617,-0.10618487618330075,-0.03160565510946714,-1.4138563650482763
1731072351.23,-0.18729597507781445,-0.15783855093023139,-0.16079260305988133,-0.24915132574368826,1.439932769505394,1.3238737872461357,-0.08805995388345857,-0.1264435866502287,-0.38630101851138565,1.4379830124451176,-0.040919754261378345,0.15849004694655128,-0.2200071895867306,0.09939080347808993,1.437731767051703,0.9600569007030418,0.0124871102965272,-0.10618487618330075,-0.37914785342713675,-1.4015741738862322
1731072351.73,1.5345349014458474,0.11260296515700426,-0.16079260305988133,-0.07771254026084659,1.4372378188903687,-0.40881180358707603,0.31070966320172233,-0.1264435866502287,-0.18992752594484857,1.434681226374742,0.519442976377961,0.7322861843708506,-0.2200071895867306,0.009708742952226488,1.4372864281741655,-0.9000588213515957,-0.3427204511378587,-0.10618487618330075,2.251332087968069,-1.418578628952001
1731072352.23,-2.196098664355413,-0.023858350299857896,4.2614553726044715,-0.05335178921532732,1.4405010238112743,-0.40881180358707603,0.24262704565059406,-0.1264435866502287,-0.1363711188812476,1.4381212499441531,-0.5212306662379566,0.2860002997075065,1.8826579511731376,-0.025523495111505635,1.4386250201622348,0.9600569007030418,-0.07555578954618375,-0.10618487618330075,0.01303279238087564,-1.4012030352190517
1731072352.73,-0.4742677878317513,0.11260296515700426,-0.16079260305988133,-0.22144097142941013,1.4383906285281347,-0.40881180358707603,0.5708825231292496,-0.1264435866502287,-0.4577095612628538,1.4360775919834934,-0.040919754261378345,0.5032399895965416,-0.2200071895867306,0.07376735761355747,1.4380097862906938,-0.9000588213515957,-0.6296188661425549,-0.10618487618330075,-0.37914785342713675,-1.417407933838114
1731072353.23,-0.4742677878317513,0.3855255960707283,-0.16079260305988133,-0.12947913623257495,1.4393973023575142,1.3238737872461357,0.31800422936791495,-0.1264435866502287,-0.20063880735756873,1.4368689138549129,0.519442976377961,1.26121760323111,-0.2200071895867306,0.060955634681291324,1.4387278766657023,0.9600569007030418,0.13392559283819755,-0.10618487618330075,-0.1304479316952264,-1.412641744568234
1731072353.73,1.5345349014458474,0.24906428061386615,-0.16079260305988133,0.516080766473685,1.4411943802105383,-0.40881180358707603,0.16481833987787575,-0.1264435866502287,0.04215023799742254,1.4397255374506661,-0.040919754261378345,0.6189437374722234,-0.2200071895867306,0.8937176252785952,1.4390057463654504,-0.9000588213515957,0.020077015455381604,-0.10618487618330075,0.688986425806068,-1.4083649803315696
1731072354.23,-0.4742677878317513,0.5046191077421717,-0.16079260305988133,-0.22022293387713418,1.441076276241058,-0.40881180358707603,0.15752377371168338,-0.1264435866502287,1.0240177008301083,1.438794101373793,0.039132064401382796,0.6094985335640045,-0.2200071895867306,-0.07997331757363703,1.4396472201401602,0.9891212088601449,-0.028498377561286595,-0.10618487618330075,0.26810963518283504,-1.4081481485147043
1731072354.73,-0.4742677878317513,0.49221353360972964,-0.16079260305988133,1.0124310690261396,1.4427107495991989,-0.40881180358707603,-0.8175165705026921,-0.1264435866502287,-0.22563179732058264,1.4412028364668137,-0.040919754261378345,1.0203649035715274,-0.2200071895867306,0.09618787274502344,1.4400289673497393,-0.9000588213515957,0.26295398053872227,-0.10618487618330075,0.40521343818888805,-1.4036712045903246
1731072355.23,-0.4742677878317513,0.9859553840809212,-0.16079260305988133,-0.09293800966429612,1.4410538263793768,1.3238737872461357,-0.14398496115759987,-0.1264435866502287,-0.07567385754249961,1.4380092123870463,0.519442976377961,1.3580309432903537,-0.2200071895867306,0.37484284652181366,1.4405108050934388,0.9600569007030418,-0.2516415892316058,-0.10618487618330075,-0.2994363400515244,-1.4100878590522792
1731072355.73,1.5345349014458474,2.0553158742974222,-0.16079260305988133,-0.24915132574368826,1.4437720440477875,-0.40881180358707603,-0.47467196069165224,-0.1264435866502287,-0.35773760141079847,1.4418298405790777,0.039132064401382796,1.0628683211585126,-0.2200071895867306,0.31078423186048254,1.4411097517763556,-0.9000588213515957,0.4344858371288317,-0.10618487618330075,-0.3376978664718184,-1.4001577110893255
1731072356.23,-0.4742677878317513,0.7031082938612436,-0.16079260305988133,-0.028991038169808126,1.4440398060184887,-0.40881180358707603,-0.3166230270908184,-0.1264435866502287,-0.3113220486223442,1.4420899717297693,-0.040919754261378345,1.0463392143191297,-0.2200071895867306,0.2467256171991514,1.4414303500484098,-0.9000588213515957,-0.07859175160972551,-0.10618487618330075,-0.22291328721093664,-1.4009703130966218
1731072356.73,-0.4742677878317513,0.9140030541127576,-0.16079260305988133,-0.0838027280222264,1.4427643826426308,-0.40881180358707603,-0.3117599829800235,-0.1264435866502287,-0.3613080285483719,1.4411804377175532,-0.040919754261378345,1.646109662491031,-0.2200071895867306,0.19547872547008663,1.4409557812070402,0.9600569007030418,0.38742842514393455,-0.10618487618330075,-0.35682862968196527,-1.413172020715038
1731072357.23,1.5345349014458474,1.2291046370767846,-0.16079260305988133,-0.2123056897873404,1.4440612448170838,1.3238737872461357,-0.6254263281262941,-0.1264435866502287,-0.3827305913738123,1.4427123927956793,0.519442976377961,1.2848306130016574,-0.2200071895867306,-0.015914702912305966,1.4415224226833943,-0.9000588213515957,0.508866907685605,-0.10618487618330075,-0.13682485276527537,-1.4085095268898167
1731072357.73,-0.4742677878317513,0.11508407998349267,-0.16079260305988133,0.041046121086059685,1.4437204582477485,-0.16128529061090793,-0.012682770166137686,-0.1264435866502287,-0.1863570988072751,1.4419611228022047,-0.040919754261378345,1.4217860696708318,-0.2200071895867306,0.33320474699194835,1.441847423176833,0.9600569007030418,-0.29414505812119046,-0.10618487618330075,-0.28668249791142647,-1.4114415038526662
1731072358.23,-0.18729597507781445,-0.3662521963552571,-0.16079260305988133,-0.07466744638015668,1.4423788748695685,-0.40881180358707603,0.16968138398867064,-0.1264435866502287,-0.37916016423623894,1.4398897663682229,-0.040919754261378345,1.7193099927797275,-0.2200071895867306,0.16665234887248756,1.4419812770763794,0.9600569007030418,0.4481476664147698,-0.10618487618330075,-0.2611748136312306,-1.4193390264752659
1731072358.73,-0.4742677878317513,-0.41587449288502515,-0.16079260305988133,-0.1711969223980267,1.4430656443015848,-0.40881180358707603,0.02379006066482403,-0.1264435866502287,0.7776582283375435,1.4409227682354806,-0.040919754261378345,1.9625239934163645,-0.2200071895867306,-0.03513228731070531,1.4422546789085997,-0.9000588213515957,0.08535019982152933,-0.10618487618330075,-0.17189791865054474,-1.4190215355386422
1731072359.23,-0.4742677878317513,0.21432867304302877,-0.16079260305988133,0.05322649660881932,1.4436507970606653,1.3238737872461357,0.07728354588356788,-0.1264435866502287,1.9773217465622068,1.441199805770845,0.519442976377961,1.8633493523800657,-0.2200071895867306,0.5349893831751413,1.4428680578653017,0.9600569007030418,0.32063725974601576,-0.10618487618330075,-0.3823363139621612,-1.4165279038594472
1731072359.73,1.5345349014458474,0.303648806796611,-0.16079260305988133,-0.013765568766358587,1.447164040768231,-0.40881180358707603,-0.15614257143458685,-0.1264435866502287,3.6768450640471464,1.4453805825852644,-0.5212306662379566,0.8267382234530398,-0.2200071895867306,2.094816650178553,1.4440167095904073,-0.9000588213515957,0.927829672454368,-0.10618487618330075,-0.15595561597542235,-1.3996856021801312
1731072360.23,-0.4742677878317513,0.09027293171860863,-0.16079260305988133,-0.1998208048765118,1.4472598213864456,-0.40881180358707603,0.16724986193327318,-0.1264435866502287,0.03500938372227573,1.4455832011433207,0.519442976377961,0.01445068734621263,-0.2200071895867306,0.003302881486093374,1.4442066139863021,0.9600569007030418,0.0792782756944458,-0.10618487618330075,-0.0029095102942467603,-1.4020810466867837
1731072360.73,-0.18729597507781445,-0.04370726891176512,-0.16079260305988133,-0.09902819742567594,1.4437525111187839,-0.40881180358707603,0.43228576597159474,-0.1264435866502287,-0.4577095612628538,1.4407565886022882,-0.5212306662379566,0.6307502423574969,1.8826579511731376,0.33000181625888186,1.443868207010486,-0.9000588213515957,0.7957653226903014,-0.10618487618330075,-0.3281324848667449,-1.4211613067021664
1731072361.23,1.5345349014458474,0.13245188376891148,-0.16079260305988133,-0.2278356685788589,1.4455167750142266,1.3238737872461357,0.08944115616055512,-0.1264435866502287,0.06714322796043645,1.4436023301186551,0.519442976377961,0.4583752710325017,-0.2200071895867306,0.39726336165327947,1.4441212148921738,0.9600569007030418,0.10660193426632167,-0.10618487618330075,2.5701781414705183,-1.417184139355437
1731072361.73,-0.4742677878317513,1.0182098768252703,-0.16079260305988133,0.010595182279160677,1.4484283137327851,-0.16128529061090793,0.3860868469190435,-0.1264435866502287,-0.061392148992206144,1.4466424043588648,-0.040919754261378345,0.0711219107955262,-0.2200071895867306,-0.047944010242971534,1.445355412676363,-0.87099451319449,-0.18636840486545808,-0.10618487618330075,0.022598173985949193,-1.401832421396585
1731072362.23,-0.4742677878317513,-0.2570831439897675,-0.16079260305988133,-0.013765568766358587,1.4458042090928793,-0.40881180358707603,0.31314118525712004,-0.1264435866502287,-0.37916016423623894,1.4428042393655807,0.039132064401382796,0.4040653485602431,-0.2200071895867306,-0.06395866390830425,1.4452876627012252,0.9600569007030418,-0.6463166574920346,-0.10618487618330075,-0.3855247744971857,-1.415770564242739
1731072362.73,-0.4742677878317513,0.17959306547219114,-0.16079260305988133,-0.2421476098181015,1.446907207894645,-0.40881180358707603,-0.314191505035421,-0.1264435866502287,-0.33274461144778467,1.4444674004549742,-0.040919754261378345,0.6236663394263329,-0.2200071895867306,0.13142011080875549,1.445593710155537,-0.9000588213515957,-0.35486429939202574,-0.10618487618330075,-0.28349403737640194,-1.413736835944401
1731072363.23,1.5345349014458474,-0.1727252398891618,-0.16079260305988133,-0.016810662647048495,1.4457208210952948,-0.40881180358707603,-0.7883383058379227,-0.1264435866502287,-0.0792442846800731,1.4429571389526499,0.519442976377961,0.8834094469023535,-0.2200071895867306,0.048143911749025096,1.445551298285641,0.9600569007030418,0.8306788864210316,-0.10618487618330075,0.04172893719609616,-1.4224000598236628
1731072363.73,-0.4742677878317513,-0.08588622096206769,-0.16079260305988133,0.06845196601226886,1.4461301946497682,1.3238737872461357,-0.7688861293947432,-0.1264435866502287,1.6845467212811878,1.4431116425302308,-0.040919754261378345,0.3426715231568201,-0.2200071895867306,0.04494098101595854,1.4460678725664122,-0.9000588213515957,0.15365934625121916,-0.10618487618330075,-0.3345094059367939,-1.4212506464353305
1731072364.23,-0.4742677878317513,0.5567225190984278,-0.16079260305988133,-0.18824944812989014,1.4489884569712583,-0.40881180358707603,-1.0096068128790905,-0.1264435866502287,-0.23991350587087626,1.4465940608546586,-0.040919754261378345,0.507962591550651,-0.2200071895867306,2.722591073859598,1.4469956631993073,0.9600569007030418,0.725938195228841,-0.10618487618330075,-0.11769408955512842,-1.4083721022970273
1731072364.73,-0.18729597507781445,0.3656766774588211,-0.16079260305988133,-0.07162235249946677,1.4470121426218656,-0.40881180358707603,-0.24854040953968987,-0.1264435866502287,-0.3648784556859453,1.4442710039168913,-0.040919754261378345,-0.030414031217827275,-0.2200071895867306,-0.03192935657763875,1.4466700331841886,-0.9291231295086987,-0.028498377561286595,-0.10618487618330075,-0.12088255009015297,-1.4219411456257083
1731072365.23,1.5345349014458474,0.10267850585105065,-0.16079260305988133,1.1159642609695963,1.4462958743019432,1.3238737872461357,-0.6375839384032812,-0.1264435866502287,-0.300610767209624,1.4433681841969161,0.519442976377961,0.39225884367496944,-0.2200071895867306,-0.03192935657763875,1.446724746508087,0.9600569007030418,-0.03153433962482836,-0.10618487618330075,0.13738275324683083,-1.4282171210153838
1731072365.73,-0.4742677878317513,-0.21242307711297626,-0.16079260305988133,-0.22753115919078992,1.4505346083092883,-0.40881180358707603,-0.46008282835926756,-0.1264435866502287,-0.26133606869631665,1.4487207519209944,-0.040919754261378345,0.2623872899369592,-0.2200071895867306,0.10899959567728967,1.4478876889074144,-0.9000588213515957,0.08686818085330038,-0.10618487618330075,1.0747901505440314,-1.40870148245605
1731072366.23,-0.4742677878317513,-0.0982917950945097,-0.16079260305988133,-0.00767538100497877,1.4494489717675758,-0.40881180358707603,-0.5743643649629476,-0.1264435866502287,-0.16493453598183466,1.4466289942408364,-0.040919754261378345,0.22696777528113823,-0.2200071895867306,0.15063769520715484,1.4482771473805736,0.9600569007030418,-0.03760626375191188,-0.10618487618330075,-0.37277093235708775,-1.4137892690131353
1731072366.73,-0.18729597507781445,-0.0908484506150445,-0.16079260305988133,0.0197304639212304,1.449094375172688,-0.40881180358707603,-0.09049147593885602,-0.1264435866502287,-0.14351197315639438,1.446234065766898,-0.040919754261378345,0.5150464944818153,-0.2200071895867306,-0.06395866390830425,1.4483831097551847,-0.9000588213515957,-0.026980396529515716,-0.10618487618330075,-0.09218640527493245,-1.4184035365807937
1731072367.23,1.2475630886919002,-0.07596176165611408,-0.16079260305988133,-0.16297516892016395,1.4503681653195708,-0.16128529061090793,-0.34093824764479286,-0.1264435866502287,-0.45056870698770696,1.4478997929203978,0.519442976377961,0.4465687661472283,-0.2200071895867306,0.06415856541435788,1.448850438168222,0.9600569007030418,0.13999751696528107,-0.10618487618330075,-0.25479789256118157,-1.414562927226813
1731072367.73,-0.18729597507781445,0.1274896541159347,-0.16079260305988133,-0.02290085040842831,1.451466309137951,1.3238737872461357,-0.0540186451078943,-0.1264435866502287,-0.17564581739455495,1.4501722813549986,-0.040919754261378345,0.4465687661472283,-0.2200071895867306,0.27234906306368384,1.4487999736174069,-0.9000588213515957,0.2766158098246604,-0.10618487618330075,-0.21972482667591223,-1.4152027909692193
1731072368.23,-0.4742677878317513,0.0604995538007478,-0.16079260305988133,0.15371459467158616,1.4509061955411644,-0.40881180358707603,-0.7786122176163329,-0.1264435866502287,2.270096771843226,1.448670398226367,-0.040919754261378345,0.8904933498335174,-0.2200071895867306,-0.0895821097728367,1.4493494651006096,0.9600569007030418,0.07776029466267509,-0.10618487618330075,-0.13363639223025095,-1.4172385655096704
1731072368.73,-0.4742677878317513,0.1597441468602839,-0.16079260305988133,-0.05335178921532732,1.4519029897943498,-0.40881180358707603,-0.8855991880538207,-0.1264435866502287,-0.2970403400720506,1.450265910128583,-0.040919754261378345,0.8338221263842038,-0.2200071895867306,0.7752091881551326,1.4495934428997281,-0.9000588213515957,0.37073063379445503,-0.10618487618330075,-0.4046555377073327,-1.4160424148923954
1731072369.23,-0.18729597507781445,0.2118475582165404,-0.16079260305988133,0.05322649660881932,1.4503871382908824,-0.40881180358707603,-0.2144991007641256,-0.1264435866502287,-0.2577656415587432,1.4480236219725076,0.519442976377961,0.6520019511509897,-0.2200071895867306,0.4549161148484775,1.4496599619691442,-0.9000588213515957,0.22804041680799217,-0.10618487618330075,-0.1814633002556183,-1.4250594911607464
1731072369.73,-0.4742677878317513,0.34086552919393703,4.12326012336496,-0.1708924130099577,1.449357808826878,-0.40881180358707603,-0.43576760780529333,3.5168562080497283,-0.33274461144778467,1.4464449630934477,-0.040919754261378345,1.329695331565697,-0.2200071895867306,-0.03513228731070531,1.449806754614161,0.9600569007030418,-0.08314569470503816,-0.10618487618330075,0.04172893719609616,-1.4317569517691993
1731072370.23,-0.4742677878317513,0.34086552919393703,-0.16079260305988133,-0.2056064832498226,1.451418020783415,-0.40881180358707603,-0.46494587247006247,-0.1264435866502287,-0.32203333003506446,1.4483042343970705,-0.040919754261378345,1.7901490220913694,-0.2200071895867306,0.0769702883466241,1.4509114653759887,0.9600569007030418,0.09597606704392567,-0.10618487618330075,0.1565135164569778,-1.4203839990318314
1731072370.73,-0.4742677878317513,-0.061075072697183944,-0.16079260305988133,-0.11729876070981539,1.4531460284680415,-0.40881180358707603,-0.30203389475843373,-0.1264435866502287,-0.2363430787333028,1.4511990091430078,-0.040919754261378345,1.6862517791009612,-0.2200071895867306,0.10259373421115656,1.4511018009058019,-2.7601745434062304,0.08838616188507109,7.103020976823845,0.8994248211176842,-1.416999615872864
1731072371.23,1.5345349014458474,-0.30422432569304714,-0.16079260305988133,-0.010720474885668678,1.4540278075684219,1.3238737872461357,-0.4698089165808573,-0.1264435866502287,-0.3720193099610921,1.4523975048871933,0.519442976377961,1.1124556416766622,-0.2200071895867306,0.019317535151426157,1.451465494001308,0.9600569007030418,0.07472433259913333,-0.10618487618330075,-0.3823363139621612,-1.415318090210688
1731072371.73,-0.18729597507781445,-0.021377235473369494,-0.16079260305988133,-0.21504627427996134,1.4542857623197893,-0.40881180358707603,-0.2606980198166771,-0.1264435866502287,-0.300610767209624,1.4522181443493651,-0.040919754261378345,1.9034914689899964,-0.2200071895867306,-0.009508841446172853,1.4520305365563695,-0.9000588213515957,0.048918655059028184,-0.10618487618330075,-0.3376978664718184,-1.4143439640134186
1731072372.23,-0.4742677878317513,0.2862810030111922,-0.16079260305988133,-0.05335178921532732,1.4542803628324954,-0.40881180358707603,0.0578313694403883,-0.1264435866502287,-0.18992752594484857,1.452081132704274,-0.040919754261378345,1.0841200299520053,-0.2200071895867306,-0.047944010242971534,1.452320251801241,0.9600569007030418,-0.19092234796077073,-0.10618487618330075,-0.20059406346576525,-1.4163531802111686
1731072372.73,-0.4742677878317513,0.19199863960463315,-0.16079260305988133,-0.0198557565277384,1.4522718142342477,-0.40881180358707603,-0.1585740934899843,-0.1264435866502287,0.8437111303826516,1.4497371693626453,-1.0015415782145318,0.7015892716691388,4.051031377581752,-0.03192935657763875,1.4519761688972388,-0.9000588213515957,0.05043663609079923,-0.10618487618330075,-0.27074019523630405,-1.430173265817456
1731072373.23,1.5345349014458474,-0.18761192884809222,-0.16079260305988133,-0.22174548081747913,1.4560340689011966,1.3238737872461357,-0.01025124811074024,-0.1264435866502287,1.8773497867101514,1.454391137174691,-0.040919754261378345,0.18918695964826251,-0.2200071895867306,0.12821718007568902,1.4530884866407117,-0.9000588213515957,-0.5476478904269275,-0.10618487618330075,-0.3153786427266469,-1.412720476653597
1731072373.73,-0.4742677878317513,-0.031301694779323104,-0.16079260305988133,-0.05030669533463748,1.4550824038425203,-0.40881180358707603,-0.024840380443124928,-0.1264435866502287,-0.42914614416226654,1.4525171716490668,0.519442976377961,0.30252940654688965,-0.2200071895867306,-0.006305910713106296,1.4534797042861205,0.9600569007030418,0.1749110806960115,-0.10618487618330075,-0.3153786427266469,-1.4173225529261695
1731072374.23,-0.4742677878317513,0.2267342471754708,-0.16079260305988133,0.03800102720536978,1.454491333414637,-0.40881180358707603,0.8650966918323405,-0.1264435866502287,-0.23991350587087626,1.4521484960718576,-0.040919754261378345,1.1171782436307716,-0.2200071895867306,-0.038335218043771865,1.4533453500747249,0.9600569007030418,0.5270826800668557,-0.10618487618330075,0.6857979652710433,-1.4245634680169454
1731072374.73,-0.4742677878317513,0.303648806796611,-0.16079260305988133,0.34860060303574014,1.456822821996797,-0.40881180358707603,0.23776400153979918,-0.1264435866502287,-0.050680867579485846,1.454548368413862,-0.040919754261378345,0.5339369022982531,-0.2200071895867306,-0.051146940976038086,1.4543962371345045,-0.9000588213515957,0.2492921512527845,-0.10618487618330075,0.30637116160312894,-1.4126322095778683
1731072375.23,1.5345349014458474,0.13245188376891148,-0.16079260305988133,-0.13556932399395477,1.4556020798712894,1.3238737872461357,0.4031075013068254,-0.1264435866502287,-0.0006948876534581689,1.4525648633340908,0.519442976377961,0.673253659944482,-0.2200071895867306,0.17946407180475377,1.454594380843338,0.9600569007030418,0.3449249562543499,-0.10618487618330075,0.7973940839969006,-1.4196251492278362
1731072375.73,-0.4742677878317513,0.5368736004865209,-0.16079260305988133,-0.15688498115878413,1.455676345839654,-0.40881180358707603,-0.22179366693031793,-0.1264435866502287,-0.3505967471356517,1.4528951561941992,-0.040919754261378345,1.051061816273239,-0.2200071895867306,0.1378259722748886,1.45469021729331,-0.9000588213515957,-0.3169147735977537,-0.10618487618330075,0.3892711355137657,-1.422796453874476
1731072376.23,-0.18729597507781445,0.7229572124731508,-0.16079260305988133,-0.20682452080209857,1.457357167025665,-0.40881180358707603,-0.7421393867853715,-0.1264435866502287,-0.21492051590786235,1.4559672647069264,0.039132064401382796,1.0463392143191297,-0.2200071895867306,-0.07036452537443735,1.454733349711228,0.9600569007030418,0.4739533439548746,-0.10618487618330075,0.4498518856792311,-1.4206739899070882
1731072376.73,-0.4742677878317513,0.5120624522216368,-0.16079260305988133,0.041046121086059685,1.4552833342605043,-0.40881180358707603,-0.28744476242604905,-0.1264435866502287,-0.10423727464308685,1.4519694101199592,-0.040919754261378345,1.2021850788047415,-0.2200071895867306,0.17946407180475377,1.4552818453837364,-0.9000588213515957,0.0792782756944458,-0.10618487618330075,-0.11131716848507942,-1.428077199191741
1731072377.23,1.5345349014458474,0.5914581266692654,-0.16079260305988133,0.12630874974537704,1.4569494298239318,1.3238737872461357,-0.6011111075723196,-0.1264435866502287,-0.3934418727865325,1.4548810110658281,0.519442976377961,0.8196543205218754,-0.2200071895867306,0.29156664746208316,1.4554036451429377,0.9891212088601449,0.31608331665070327,-0.10618487618330075,-0.35682862968196527,-1.4254205354858978
1731072377.73,-0.4742677878317513,1.2439913260357152,-0.16079260305988133,-0.224790574698169,1.4594801439153926,-0.40881180358707603,-0.5938165414061272,-0.1264435866502287,-0.0863851389552199,1.4577502060029366,-0.040919754261378345,1.5799932351334984,-0.2200071895867306,-0.03513228731070531,1.4563732935678162,-0.9000588213515957,0.697096555625194,-0.10618487618330075,-0.3376978664718184,-1.4133893313162955
1731072378.23,-0.4742677878317513,0.9437764320306185,-0.16079260305988133,0.007550088398470769,1.4569775914517316,-1.8939708814441196,1.0839336768181103,-0.1264435866502287,-0.3541671742732251,1.4535418492474705,-0.040919754261378345,3.6957189105745365,-0.2200071895867306,2.626503151867601,1.4566349342994502,0.9600569007030418,1.6974460555622042,-0.10618487618330075,1.0046440187734924,-1.4244471604175495
1731072378.74,-0.4742677878317513,0.5840147821898003,-0.16079260305988133,-0.047261601453947574,1.4597276330771038,1.3238737872461357,0.27909987648155576,-0.1264435866502287,-0.318462902897491,1.45774806756069,-0.5212306662379566,2.0262791197968424,1.8826579511731376,0.33640767772501495,1.4570417504975552,-0.9000588213515957,1.598777288497097,-0.10618487618330075,0.2234711876924921,-1.4158306447820246
1731072379.23,-0.18729597507781445,0.278837658531727,-0.16079260305988133,-0.15383988727809422,1.4587559253400302,-0.40881180358707603,-0.42360999752830614,3.5168562080497283,-0.33631503858535805,1.456863537689287,0.519442976377961,2.229351003823549,-0.2200071895867306,-0.060755733175237685,1.4568427648558315,0.9891212088601449,0.536190566257481,-0.10618487618330075,0.7400017943664596,-1.4248994568354112
1731072379.73,1.5345349014458474,0.06546178345372461,-0.16079260305988133,1.5026911838172143,1.4588939654059678,-0.40881180358707603,-0.2242251889857154,-0.1264435866502287,-0.3398854657229315,1.4565690257260988,-0.040919754261378345,1.8090394299078072,-0.2200071895867306,0.09618787274502344,1.4573599686768721,-0.9000588213515957,1.014354591265308,-0.10618487618330075,0.5869556886852841,-1.4247070603809444
1731072380.23,-0.4742677878317513,-0.22234753641892985,-0.16079260305988133,-0.047261601453947574,1.4610195294813602,-0.40881180358707603,0.18670203837645277,-0.1264435866502287,-0.3398854657229315,1.4588777017553982,-0.040919754261378345,1.9058527699670509,-0.2200071895867306,0.26914613233061735,1.4582672739919122,0.9600569007030418,0.8595205260246781,-0.10618487618330075,1.718859178618979,-1.4145745260552005
1731072380.73,-0.18729597507781445,-0.15783855093023139,-0.16079260305988133,-0.13861441787464468,1.457743554623352,-0.16128529061090793,-0.09535452004965092,-0.1264435866502287,-0.3398854657229315,1.4550117816345118,-0.040919754261378345,1.5374898175465133,-0.2200071895867306,-0.038335218043771865,1.4575949054554607,-0.9000588213515957,0.24170224609392993,-0.10618487618330075,-0.07624410259981006,-1.435324889308552
1731072381.23,-0.18729597507781445,-0.1975363881540458,-0.16079260305988133,-0.21443725550382334,1.4601958364253833,1.3238737872461357,0.08214658999436278,-0.1264435866502287,-0.35773760141079847,1.4584019876691514,0.039132064401382796,-0.02096882730960835,-0.2200071895867306,-0.0671615946413708,1.4581891221699543,0.9600569007030418,0.812463114039781,-0.10618487618330075,-0.25479789256118157,-1.426366612407229
1731072381.73,1.5345349014458474,-0.28437540708113995,-0.16079260305988133,-0.10511838518705575,1.4610360712241568,-0.40881180358707603,0.1721129060440681,-0.1264435866502287,-0.054251294717059334,1.4586422511932502,0.519442976377961,0.20335476551059092,-0.2200071895867306,0.21149337913541935,1.4590662499653118,-0.9000588213515957,0.010969129264756319,-0.10618487618330075,-0.2452325109561081,-1.4210090275678542
1731072382.23,-0.4742677878317513,-0.028820579952834702,-0.16079260305988133,-0.07162235249946677,1.46153598246195,-0.40881180358707603,0.3714977145866588,-0.1264435866502287,-0.17564581739455495,1.459945174448106,-0.040919754261378345,0.17974175574004359,-0.2200071895867306,0.03853511954982543,1.4590061535675685,0.9600569007030418,0.35858678554028794,-0.10618487618330075,-0.36639401128703875,-1.423833568614366
1731072382.73,-0.4742677878317513,-0.1851308140216038,-0.16079260305988133,-0.2126101991754094,1.4589249569087281,-0.40881180358707603,0.18427051632105532,-0.1264435866502287,2.6414211941508596,1.4560188279205295,-0.040919754261378345,0.3898975426979147,-0.2200071895867306,0.39726336165327947,1.4590017893543334,-0.9000588213515957,-0.4596049905842164,-0.10618487618330075,-0.14957869490537334,-1.437256831409532
1731072383.23,-0.18729597507781445,-0.036263924432299914,-0.16079260305988133,-0.09902819742567594,1.4612070428513746,1.3238737872461357,0.5879031775170314,-0.1264435866502287,-0.22563179732058264,1.4583483287243026,0.519442976377961,0.14668354206127762,-0.2200071895867306,0.0161146044183596,1.4600459972759918,0.9600569007030418,-0.36397218558265104,-0.10618487618330075,-0.03160565510946714,-1.4255512314425078
1731072383.73,1.5345349014458474,0.2267342471754708,-0.16079260305988133,-0.1264340423518851,1.4594227847530876,-0.40881180358707603,0.607355353960211,-0.1264435866502287,-0.40772358133682607,1.456557060227622,-0.040919754261378345,0.8149317185677659,-0.2200071895867306,-0.051146940976038086,1.459596791719441,-0.9000588213515957,0.6090536557824828,-0.10618487618330075,-0.37914785342713675,-1.439358851532378
1731072384.23,-0.4742677878317513,-0.03874503925878831,-0.16079260305988133,-0.22357253714589304,1.4628478428633236,-0.40881180358707603,1.042597801876354,-0.1264435866502287,-0.1934979530824219,1.461259332162307,0.039132064401382796,0.43003965930784516,-0.2200071895867306,0.19547872547008663,1.4603600284705713,0.9891212088601449,-0.12564916359462283,-0.10618487618330075,-0.2452325109561081,-1.4256978721413902
1731072384.73,-0.4742677878317513,-0.3141487849990006,-0.16079260305988133,0.14762440691020634,1.4630559693613903,-0.40881180358707603,-0.7421393867853715,-0.1264435866502287,0.013586820896835454,1.4616781708027442,-0.040919754261378345,0.15140614401538707,-0.2200071895867306,0.019317535151426157,1.4605323148370006,-0.9291231295086987,0.5650322058611275,-0.10618487618330075,1.7953822314595662,-1.4278252122406419
1731072385.23,1.5345349014458474,-0.23971534020434868,-0.16079260305988133,1.5483675920275628,1.4644291694188258,1.3238737872461357,-0.8734415777768334,-0.1264435866502287,-0.3398854657229315,1.4628130543955036,0.039132064401382796,0.2387742801664119,-0.2200071895867306,-0.03513228731070531,1.4614005634159277,0.9600569007030418,-0.37915199590035986,-0.10618487618330075,-0.277117116306353,-1.4206472678828965
1731072385.73,-0.4742677878317513,0.03568840553586377,-0.16079260305988133,-0.23636193144479065,1.4628603882742859,-1.8939708814441196,-0.9366611512171671,3.6343820078787594,-0.18992752594484857,1.460283144909951,0.519442976377961,0.8857707478794079,-0.2200071895867306,0.051346842482091655,1.461582620388066,-0.87099451319449,-0.2956630391529614,-0.10618487618330075,-0.2516094320261571,-1.4289933761847198
1731072386.23,-0.4742677878317513,-0.316629899825489,-0.16079260305988133,-0.16480222524857788,1.463280007138548,-0.40881180358707603,-0.554912188519768,-0.1264435866502287,-0.11851898319338047,1.4609838638362416,-0.040919754261378345,0.2175225713729193,-0.2200071895867306,0.10259373421115656,1.4617936166234053,-0.9291231295086987,-0.3305766028836916,-0.10618487618330075,0.6666672020608965,-1.4300836633230722
1731072386.73,-0.4742677878317513,-0.00897166134092748,-0.16079260305988133,-0.09293800966429612,1.4627950337392628,-0.40881180358707603,-0.4333360857498959,-0.1264435866502287,-0.3505967471356517,1.4604907552411972,0.039132064401382796,0.08765101763490932,-0.2200071895867306,0.09939080347808993,1.4618322993898256,0.9600569007030418,0.317601297682474,-0.10618487618330075,0.5199980174497698,-1.4356593246689466
1731072387.23,-0.18729597507781445,0.4227423184680543,-0.16079260305988133,-0.0868478219029163,1.4639330631512608,1.3238737872461357,-0.8904622321646156,-0.1264435866502287,0.7776582283375435,1.461432137808369,0.519442976377961,0.7747896019578357,-0.2200071895867306,-0.038335218043771865,1.462588257296362,0.9600569007030418,0.9126498621366591,-0.10618487618330075,0.8197133077420719,-1.4301501988159029
1731072387.73,-0.4742677878317513,-0.06851841717664915,4.12326012336496,-0.22357253714589304,1.4664464603922498,-0.16128529061090793,-0.8418317910566666,-0.1264435866502287,-0.33631503858535805,1.4645276587677798,0.039132064401382796,0.7440926892561239,-0.2200071895867306,2.8507083031822598,1.4634106673291443,-0.9000588213515957,-0.049750112006078935,-0.10618487618330075,0.37970575390869227,-1.4192765556798526
1731072388.23,-0.4742677878317513,0.010877257270979743,-0.16079260305988133,-0.1477496995167144,1.463838942542336,-0.40881180358707603,-0.3920002108081393,-0.1264435866502287,-0.36844888282351873,1.4611615060202368,-0.040919754261378345,0.3096133094780538,-0.2200071895867306,0.4100750845855457,1.463086445578943,0.9600569007030418,0.09901202910746744,-0.10618487618330075,0.36695191176859426,-1.4350685779095897
1731072388.73,-0.4742677878317513,0.18207418029867956,-0.16079260305988133,-0.1809412228162344,1.4665427806140512,-0.40881180358707603,-0.674056769234243,-0.1264435866502287,-0.27561777724661024,1.4644931470100762,-0.040919754261378345,0.6921440677609199,-0.2200071895867306,-0.054349871709104644,1.4639538885692978,-0.87099451319449,0.09294010498038391,-0.10618487618330075,0.637971057245676,-1.4231854016845604
1731072389.23,-0.18729597507781445,0.4475534667329384,-0.16079260305988133,-0.22174548081747913,1.464613719305898,1.3238737872461357,-0.6764882912896404,-0.1264435866502287,-0.28275863152175706,1.4617685151393183,-0.040919754261378345,0.7015892716691388,1.8169496655243917,0.0769702883466241,1.4639053528053896,0.9309925925459387,0.3798385199850803,-0.10618487618330075,1.4892900200972155,-1.4345236885676218
1731072389.73,1.5345349014458474,0.544316944965986,-0.16079260305988133,-0.1477496995167144,1.4658532634749892,-0.40881180358707603,-0.8661470116106411,-0.1264435866502287,-0.3398854657229315,1.4633008921428579,-0.5212306662379566,1.0392553113879652,1.8826579511731376,0.19227579473702,1.4644170035580764,-0.9000588213515957,0.5953918264965451,-0.10618487618330075,2.633947352171008,-1.4304731510375446
1731072390.23,-0.4742677878317513,0.16470637651326073,-0.16079260305988133,1.411338367396517,1.467888651627539,-0.40881180358707603,-0.5816589311291399,-0.1264435866502287,-0.300610767209624,1.465975670841968,0.039132064401382796,0.5976920286787308,-0.2200071895867306,-0.025523495111505635,1.4650271479546504,0.9891212088601449,0.11874578252048872,-0.10618487618330075,0.3605749906985453,-1.4228714383005505
1731072390.73,-0.18729597507781445,0.4549968112124036,-0.16079260305988133,-0.18642239180147618,1.464372166406029,-0.40881180358707603,-0.5743643649629476,-0.1264435866502287,-0.3541671742732251,1.4613194578563613,-0.040919754261378345,1.0487005152961841,-0.2200071895867306,-0.09598797123896981,1.464582007746114,-0.9000588213515957,0.23259435990330465,-0.10618487618330075,-0.19102868186069172,-1.4427822069840188
1731072391.23,-0.4742677878317513,0.13245188376891148,-0.16079260305988133,-0.044216507573257666,1.4678852433585328,1.3238737872461357,-0.265561063927472,-0.1264435866502287,-0.14351197315639438,1.4653809764723904,0.519442976377961,0.7960413107513281,-0.2200071895867306,0.0161146044183596,1.465798541890161,0.9600569007030418,0.16276723244184446,-0.10618487618330075,0.07680200308136552,-1.4254360697510429
1731072391.73,1.5345349014458474,0.04065063518884058,-0.16079260305988133,-0.19494865466740793,1.4670845118953848,-0.16128529061090793,-0.5573437105751655,-0.1264435866502287,-0.10066684750551352,1.4650303354066914,-0.040919754261378345,1.1644042631718663,-0.2200071895867306,9.995075302681723e-05,1.4654546396021275,-0.9000588213515957,0.0367748068048613,-0.10618487618330075,-0.3440747875418674,-1.4349756836072112
1731072392.23,-0.4742677878317513,-0.21490419193946464,-0.16079260305988133,-0.047261601453947574,1.4659959811038203,-0.40881180358707603,-0.40415782108512655,-0.1264435866502287,-0.3505967471356517,1.4630041374110925,0.039132064401382796,1.3863665550150106,-0.2200071895867306,1.3165044820433804,1.4658031752229936,0.9600569007030418,-0.06644790335555846,-0.10618487618330075,-0.41740937984743065,-1.4403835975402342
1731072392.73,-0.4742677878317513,0.4053745146826355,-0.16079260305988133,-0.21778685877258225,1.4681252055724145,-0.40881180358707603,-0.336075203533998,-0.1264435866502287,-0.2898994857969039,1.4653134365572271,-0.040919754261378345,1.393450457946175,-0.2200071895867306,0.009708742952226488,1.4667133366643632,-0.9000588213515957,-0.11654127740399754,-0.10618487618330075,-0.3376978664718184,-1.4302177348073746
1731072393.23,1.5345349014458474,-0.1752063547156502,-0.16079260305988133,-0.05335178921532732,1.4665807264890818,1.3238737872461357,-0.21206757870872814,-0.1264435866502287,-0.49341383263858773,1.4637843340038523,0.519442976377961,1.4265086716249413,-0.2200071895867306,-0.06395866390830425,1.4663413799676122,0.9600569007030418,0.10963789632986344,-0.10618487618330075,-0.3281324848667449,-1.4425998889148652
1731072393.73,-0.4742677878317513,-0.016415005820392688,-0.16079260305988133,-0.15079479339740431,1.469492320115825,-0.40881180358707603,-0.049155600997099404,-0.1264435866502287,-0.22920222445815597,1.4670319928232973,-0.5212306662379566,0.042786299070869414,-0.2200071895867306,0.1890728640039535,1.467454849532627,-0.9000588213515957,-0.30021698224827403,-0.10618487618330075,-0.36639401128703875,-1.4281508051956717
1731072394.23,-0.18729597507781445,0.023282831403421758,-0.16079260305988133,0.22679684780814394,1.467877247707124,-0.40881180358707603,0.0019063621662470003,-0.1264435866502287,0.10998835361131717,1.4648058833847466,0.519442976377961,0.17974175574004359,-0.2200071895867306,0.048143911749025096,1.4674176286778013,0.9600569007030418,0.10963789632986344,-0.10618487618330075,2.3469859040188035,-1.438293252915507
1731072394.73,-0.4742677878317513,0.0629806686272362,-0.16079260305988133,0.016685370040540493,1.4675037556120216,-1.8939708814441196,0.08944115616055512,3.6343820078787594,-0.32203333003506446,1.4648947578037241,-0.040919754261378345,1.067590923112622,-0.2200071895867306,0.17626114107168728,1.467226913952912,-0.9000588213515957,-0.02394443446597395,-0.10618487618330075,-0.29624787951649995,-1.4451796525106193
1731072395.23,1.5345349014458474,0.0580184389742594,-0.16079260305988133,-0.11120857294843557,1.4701511210804397,1.3238737872461357,0.031084626831016374,-0.1264435866502287,-0.31489247575991763,1.4686479802311208,0.519442976377961,0.4017040475831884,-0.2200071895867306,-0.05755280244217113,1.4677974534790517,0.9600569007030418,-0.717661765985266,-0.10618487618330075,-0.21015944507083867,-1.435704358575465
1731072395.73,-0.4742677878317513,0.24658316578737774,-0.16079260305988133,1.5026911838172143,1.4702159439741807,-0.40881180358707603,0.004337884221644449,-0.1264435866502287,-0.1934979530824219,1.467773203588972,0.039132064401382796,0.3592006299962032,-0.2200071895867306,0.24992854793221803,1.468579369702429,-0.9000588213515957,-0.19547629105608338,-0.10618487618330075,-0.35682862968196527,-1.433804482198455
1731072396.23,-0.4742677878317513,0.1523008023808187,-0.16079260305988133,0.43995341945643734,1.4704616072401966,-0.40881180358707603,0.31557270731251724,-0.1264435866502287,-0.33274461144778467,1.4674754489906316,-0.040919754261378345,0.44420746517017357,-0.2200071895867306,0.28836371672901673,1.4692005985310888,0.9600569007030418,-0.7586472538430798,-0.10618487618330075,-0.29624787951649995,-1.4324595146044818
1731072396.73,-2.196098664355413,0.3086110364495878,4.2614553726044715,-0.1778961289355445,1.472269808367586,-0.40881180358707603,-0.2898762844814465,-0.1264435866502287,2.5914352142248323,1.4701968210080785,-0.040919754261378345,0.8503512332235872,-0.2200071895867306,0.637483166633271,1.4695677423254994,-0.9000588213515957,0.1946448341090328,-0.10618487618330075,-0.30262480058654895,-1.4274689291998597
1731072397.23,1.5345349014458474,0.6237126194136147,-0.16079260305988133,-0.21108765223506445,1.4699064238224315,-0.40881180358707603,-0.19018388021015112,-0.1264435866502287,-0.3541671742732251,1.4673291582976309,0.519442976377961,1.1620429621948112,-0.2200071895867306,0.4260897382508784,1.4691885344893303,0.9600569007030418,0.1855369479184075,-0.10618487618330075,-0.1974056029307407,-1.4428051945674556
1731072397.73,-0.18729597507781445,0.7750606238294073,-0.16079260305988133,0.10499309258054769,1.4715034938021885,1.3238737872461357,-0.3774110784757546,-0.1264435866502287,-0.28275863152175706,1.4692539797767237,-0.040919754261378345,0.9424419713287214,-0.2200071895867306,0.23071096353381867,1.4698140307152567,-0.9000588213515957,0.11874578252048872,-0.10618487618330075,-0.36001709021698974,-1.436641303835667
1731072398.23,-0.4742677878317513,0.6162692749341495,-0.16079260305988133,0.08063234153502849,1.469548371449926,-0.40881180358707603,-0.428473041639101,-0.1264435866502287,-0.16493453598183466,1.4666596123442142,-0.040919754261378345,1.313166224726314,-0.2200071895867306,-0.038335218043771865,1.469665685994359,0.9600569007030418,0.31304735458716154,-0.10618487618330075,-0.2739286557713286,-1.4488147918502432
1731072398.73,-0.4742677878317513,0.9512197765100836,-0.16079260305988133,0.43995341945643734,1.4740944011578316,-0.40881180358707603,-0.6789198133450379,-0.1264435866502287,-0.31489247575991763,1.4723572783426628,-0.040919754261378345,1.0321714084568012,-0.2200071895867306,0.10899959567728967,1.4709214469969043,-0.9000588213515957,0.15821328934653164,-0.10618487618330075,1.8368322184148849,-1.4275180308488948
1731072399.23,-0.18729597507781445,0.5864958970162887,-0.16079260305988133,0.67442564826956,1.4707288715141835,1.3238737872461357,-0.3555273799771776,-0.1264435866502287,-0.37916016423623894,1.4674617062247401,0.519442976377961,0.987306689892761,-0.2200071895867306,-0.015914702912305966,1.4707579818384784,0.9600569007030418,0.6834347263392563,-0.10618487618330075,0.18202120073717376,-1.4448004558164678
1731072399.73,1.5345349014458474,1.6757053058446967,-0.16079260305988133,-0.02290085040842831,1.4728038386440714,-0.40881180358707603,-0.19261540226554857,-0.1264435866502287,-0.14351197315639438,1.4706384449875134,-0.040919754261378345,2.0546147315214993,-0.2200071895867306,0.0161146044183596,1.471116406474848,-0.9000588213515957,0.8428227346751986,-0.10618487618330075,-0.23566712935103462,-1.4389290570517441
1731072400.23,-0.4742677878317513,0.6534859973314755,-0.16079260305988133,0.7901392157357763,1.4722287100458193,-0.40881180358707603,-0.30932846092462607,-0.1264435866502287,-0.3041811943471974,1.469035586063682,-0.040919754261378345,1.967246595370474,-0.2200071895867306,0.03533218881675887,1.4717091318663926,0.9600569007030418,0.5331546041939391,-0.10618487618330075,0.631594136175627,-1.440704411387021
1731072400.73,-0.4742677878317513,-0.19257415850106901,-0.16079260305988133,-0.13861441787464468,1.4744480506602105,-0.40881180358707603,-0.2777186742044592,-0.1264435866502287,-0.1256598374685273,1.472016414548256,0.039132064401382796,1.716948691802673,-0.2200071895867306,-0.06395866390830425,1.4723178127841912,-0.9000588213515957,0.6773628022121727,-0.10618487618330075,0.3414442274883983,-1.4324609610645058
1731072401.23,1.5345349014458474,-0.12310294335939374,-0.16079260305988133,-0.24549721308686037,1.4751008410754605,1.3238737872461357,-0.17559474787776644,-0.1264435866502287,0.34206611755358846,1.4733859309706567,0.519442976377961,1.7287551966879464,-0.2200071895867306,0.33961060845808144,1.4723652306703565,0.9600569007030418,-0.3093248684388993,-0.10618487618330075,-0.21653636614088767,-1.4339397135360195
1731072401.73,-0.4742677878317513,-0.420836722538002,-0.16079260305988133,-0.12947913623257495,1.4763445540146864,-0.40881180358707603,-0.16586865965617664,-0.1264435866502287,-0.2506247872835964,1.474359202148912,0.039132064401382796,1.9530787895081456,-0.2200071895867306,2.6233002211345346,1.4732030697154588,-0.9000588213515957,0.496723059431438,-0.10618487618330075,-0.35682862968196527,-1.4274493120463811
1731072402.23,-0.4742677878317513,-0.2719698329486979,-0.16079260305988133,-0.0868478219029163,1.4748630854794371,-0.40881180358707603,-0.06617625538488155,-0.1264435866502287,-0.06853300326735295,1.4729594162593418,-0.040919754261378345,0.9920292918468706,-0.2200071895867306,0.048143911749025096,1.4728167188440562,0.9600569007030418,0.07168837053559157,-0.10618487618330075,-0.19102868186069172,-1.439713748223856
1731072402.73,-0.18729597507781445,0.04065063518884058,-0.16079260305988133,-0.16297516892016395,1.475612066472627,-0.40881180358707603,0.011632450387836791,-0.1264435866502287,-0.33274461144778467,1.4733138267847903,-0.5212306662379566,0.7157570775314672,1.8826579511731376,0.07376735761355747,1.4735406785103329,-0.9000588213515957,0.4739533439548746,-0.10618487618330075,-0.3376978664718184,-1.435822729447051
1731072403.23,-0.4742677878317513,-0.22730976607190667,4.12326012336496,-0.2220499902055481,1.4764849907395878,1.3238737872461357,0.12591398699151685,-0.1264435866502287,-0.1970683802199954,1.47401936458646,0.519442976377961,0.24821948407463082,-0.2200071895867306,-0.10239383270510292,1.4741801336599465,-0.9000588213515957,-0.4504971043935911,-0.10618487618330075,-0.26436327416625505,-1.4321208965326113
1731072403.73,-0.4742677878317513,0.11756519480998107,-0.16079260305988133,-0.0838027280222264,1.4768382586239692,-0.40881180358707603,0.18427051632105532,-0.1264435866502287,-0.054251294717059334,1.474935871019106,-0.040919754261378345,0.49851738764243214,-0.2200071895867306,0.1218113186095559,1.4742038205980847,-0.9000588213515957,0.02311297751892337,6.581873565763087,-0.19102868186069172,-1.4348367146200578
1731072404.23,-2.196098664355413,-0.180168584368627,4.2614553726044715,-0.07466744638015668,1.4763891253732244,-0.40881180358707603,0.3447509719772866,-0.1264435866502287,-0.4112940084743995,1.4742785638686149,0.039132064401382796,0.20099346453353617,-0.2200071895867306,0.2467256171991514,1.4743713948163337,0.9600569007030418,0.7578157968960293,-0.10618487618330075,1.922920652860546,-1.4393262291341942
1731072404.73,-0.4742677878317513,-0.180168584368627,-0.16079260305988133,-0.20834706774244352,1.47834465045727,-3.3791299593011543,1.3368119705794448,7.51273340223678,-0.26133606869631665,1.4762778352629515,-0.040919754261378345,0.8527125342006416,-0.2200071895867306,-0.01911763364537252,1.4752948251988367,-0.9291231295086987,0.16732117553715692,-0.10618487618330075,-0.35364016914694085,-1.429678048571515
1731072405.23,1.5345349014458474,0.3507899884998907,-0.16079260305988133,-0.09293800966429612,1.476410620295243,1.3238737872461357,0.3909498910298384,-0.1264435866502287,-0.31489247575991763,1.4745245519595844,0.519442976377961,0.20099346453353617,-0.2200071895867306,0.03212925808369231,1.4746819102726423,0.9600569007030418,-0.2728933236763981,-0.10618487618330075,-0.16870945811552032,-1.4452293137136296
1731072405.73,-0.4742677878317513,-0.3885822297936527,-0.16079260305988133,-0.0838027280222264,1.476403055479644,-1.8939708814441196,-0.7859067837825253,-0.1264435866502287,0.2742280019396938,1.4735944407092407,-0.040919754261378345,0.44184616419311884,-0.2200071895867306,-0.015914702912305966,1.475426574383165,-0.9000588213515957,-0.6356907902696385,-0.10618487618330075,-0.04754795778458968,-1.4438656555192284
1731072406.23,-0.4742677878317513,-0.39850668909960635,-0.16079260305988133,-0.19068552323444207,1.4765914309669752,1.3238737872461357,-0.9755655041035263,-0.1264435866502287,-0.31489247575991763,1.4737125554848758,-0.040919754261378345,0.021534590277376826,-0.2200071895867306,1.6688268626807012,1.4757535474585786,0.9600569007030418,-0.41254757859931923,-0.10618487618330075,-0.3504517086119163,-1.4449117551785853
1731072406.73,-0.4742677878317513,-0.12310294335939374,-0.16079260305988133,1.3382561142599594,1.477521030016876,-0.16128529061090793,-0.4114523872513189,-0.1264435866502287,-0.38630101851138565,1.4751470082620914,-0.040919754261378345,0.30252940654688965,-0.2200071895867306,0.08337614981275722,1.4760268692053378,-0.9000588213515957,0.2978675442694527,-0.10618487618330075,-0.1974056029307407,-1.4437298461150365
1731072407.23,1.5345349014458474,0.4649212705183572,-0.16079260305988133,-0.15383988727809422,1.4790636889194164,1.3238737872461357,-0.717824166231397,-0.1264435866502287,-0.31489247575991763,1.4773789371818458,0.519442976377961,-0.054027040988374596,-0.2200071895867306,0.019317535151426157,1.4764236265697266,-0.9000588213515957,-0.23949774097743892,-0.10618487618330075,-0.04117103671454069,-1.4394582282764046
1731072407.73,-0.4742677878317513,0.303648806796611,-0.16079260305988133,-0.19159905139864905,1.4781280395052467,-0.40881180358707603,-0.6789198133450379,-0.1264435866502287,-0.12208941033095395,1.475287210095699,-0.040919754261378345,0.1230705322907303,-0.2200071895867306,0.1826670025378204,1.47695506634746,0.9600569007030418,0.898988032850721,-0.10618487618330075,-0.3855247744971857,-1.4429683566609983
1731072408.23,-0.4742677878317513,-0.0908484506150445,-0.16079260305988133,-0.21078314284699545,1.4776318266224788,-0.40881180358707603,-0.9877231143805135,-0.1264435866502287,-0.3827305913738123,1.4741996092367962,0.039132064401382796,-0.028052730240772542,-0.2200071895867306,-0.09919090197203637,1.4773257768197456,0.9600569007030418,-0.26530341851754374,-0.10618487618330075,-0.11450562902010399,-1.4461157238271856
1731072408.73,-0.4742677878317513,-0.21738530676595305,-0.16079260305988133,-0.10207329130636585,1.4765125261314669,-0.40881180358707603,-0.9779970261589237,-0.1264435866502287,-0.22920222445815597,1.4734369208325413,-0.040919754261378345,-0.00916232242433469,-0.2200071895867306,0.1890728640039535,1.47691696968445,-0.9000588213515957,0.00034326204236014875,-0.10618487618330075,1.3521862170911623,-1.4572624531240836
1731072409.23,1.5345349014458474,-0.0883673357885561,-0.16079260305988133,-0.1416595117553346,1.4805671535777016,1.3238737872461357,-0.07833386566186878,-0.1264435866502287,-0.22206137018300917,1.4788700688820855,0.519442976377961,0.526852999367089,-0.2200071895867306,0.20508751766928623,1.4778577052378958,0.9600569007030418,-0.040642225815453646,-0.10618487618330075,-0.34088632700684285,-1.4400468828757316
1731072409.73,-0.4742677878317513,0.18703640995165635,-0.16079260305988133,-0.2162643118322373,1.47874262624019,-0.40881180358707603,-0.7567285191177562,-0.1264435866502287,-0.3291741843102112,1.476439941043536,-0.040919754261378345,1.140791253401319,-0.2200071895867306,-0.01911763364537252,1.47773901091323,-0.9000588213515957,0.2295583978397629,-0.10618487618330075,0.07042508201131653,-1.451537488817703
1731072410.23,-0.4742677878317513,0.2614698547463082,-0.16079260305988133,-0.025945944289118218,1.4783864092074523,-1.8939708814441196,-0.7518654750069613,3.6343820078787594,-0.3541671742732251,1.4750670665315817,-0.040919754261378345,0.9400806703516664,-0.2200071895867306,0.11220252641035616,1.478407143487679,0.9600569007030418,0.3024214873647652,-0.10618487618330075,-0.30262480058654895,-1.4519793303284536
1731072410.73,-0.4742677878317513,0.013358372097468147,-0.16079260305988133,-0.15383988727809422,1.4818103868164758,-0.40881180358707603,-0.6400154604586787,-0.1264435866502287,1.8630680781598579,1.480159021090875,-0.040919754261378345,0.6968666697150293,-0.2200071895867306,1.7040591007444335,1.4789449112708695,-0.9000588213515957,-0.2637854374857729,-0.10618487618330075,-0.17827483972059374,-1.4399920301632507
1731072411.23,-0.4742677878317513,0.17711195064570273,-0.16079260305988133,-0.21078314284699545,1.4811943737601845,1.3238737872461357,-0.6789198133450379,-0.1264435866502287,0.04215023799742254,1.4795373505728195,0.519442976377961,0.47726567884893956,-0.2200071895867306,-0.06395866390830425,1.478933346420853,0.9600569007030418,0.37376659585799676,-0.10618487618330075,-0.09856332634498144,-1.4464036791121648
1731072411.73,1.5345349014458474,0.05305620932128259,-0.16079260305988133,-0.11120857294843557,1.4785899539008465,-0.40881180358707603,-0.5038502253564217,-0.1264435866502287,-0.054251294717059334,1.4755171652343382,-0.040919754261378345,0.6472793491968802,-0.2200071895867306,0.00650581221915993,1.4789892154616024,-0.9291231295086987,0.3418889941908081,-0.10618487618330075,-0.3345094059367939,-1.4593618579203929
1731072412.23,-0.4742677878317513,0.11260296515700426,-0.16079260305988133,1.5026911838172143,1.4805631500563863,-0.40881180358707603,-0.4771034827470497,-0.1264435866502287,-0.41843486274954633,1.4774504783219757,-0.040919754261378345,0.86688034006297,-0.2200071895867306,0.2819578552628836,1.4799672273945768,0.9891212088601449,0.09901202910746744,-0.10618487618330075,-0.2579863530962061,-1.4492463473832133
1731072412.73,-0.4742677878317513,0.02576394622991016,-0.16079260305988133,-0.24732426941527433,1.4826098906061962,-0.40881180358707603,0.06512593560658064,-0.1264435866502287,-0.16136410884426133,1.4809629730665768,-0.040919754261378345,1.0487005152961841,-0.2200071895867306,-0.054349871709104644,1.4801056130052384,-0.9000588213515957,0.12329972561580153,-0.10618487618330075,-0.24204405042108362,-1.44510624452345
1731072413.23,-0.18729597507781445,-0.10573513957397492,-0.16079260305988133,-0.047261601453947574,1.483106143077683,1.3238737872461357,-0.5500491444089731,-0.1264435866502287,-0.018547023341325276,1.4810736541504548,0.519442976377961,1.2116302827129604,-0.2200071895867306,0.09298494201195681,1.4807295236862783,0.9600569007030418,-0.5886333782847413,-0.10618487618330075,0.280863477322933,-1.4428556040860185
1731072413.73,1.5345349014458474,-0.07348064682962596,-0.16079260305988133,0.028865745563300058,1.4836208720588413,-1.8939708814441196,-0.07103929949567643,3.6343820078787594,-0.4041531541992527,1.4818261727235869,-0.040919754261378345,1.3887278559920655,-0.2200071895867306,0.16024648740635444,1.4810013204844674,-0.9000588213515957,-0.18940436692899984,-0.10618487618330075,-0.28030557684137747,-1.4431546476319654
1731072414.23,-0.4742677878317513,-0.20497973263351102,-0.16079260305988133,-0.24427917553458442,1.4828649528590498,-0.40881180358707603,-0.3117599829800235,-0.1264435866502287,-0.1863570988072751,1.4803298685245967,0.039132064401382796,1.572909332202334,-0.2200071895867306,0.04173805028289198,1.4813605348214551,0.9309925925459387,-0.08010973264149639,-0.10618487618330075,-0.2675517347012796,-1.4473084381941819
1731072414.73,-0.4742677878317513,-0.06355618752367234,-0.16079260305988133,-0.0868478219029163,1.482783972068474,-0.40881180358707603,0.2037226927642349,-0.1264435866502287,-0.14351197315639438,1.4803029309899574,-0.040919754261378345,0.8338221263842038,-0.2200071895867306,0.10899959567728967,1.4815150362480827,-0.9000588213515957,0.4041262164934144,-0.10618487618330075,-0.13363639223025095,-1.4505900937955925
1731072415.23,-0.18729597507781445,-0.1826496991951154,-0.16079260305988133,-0.1264340423518851,1.4833493570514567,1.3238737872461357,0.2936890088139405,-0.1264435866502287,0.7883695097502638,1.4804539735091296,-0.040919754261378345,0.19627086257942672,-0.2200071895867306,0.08978201127889034,1.4821813523898393,0.9600569007030418,0.07624231363090404,-0.10618487618330075,0.0002789502407778045,-1.4477799783534429
1731072415.73,1.5345349014458474,0.10019739102456225,-0.16079260305988133,-0.22692214041465195,1.4843529643393427,-0.40881180358707603,0.8334869051121734,-0.1264435866502287,-0.4112940084743995,1.4814321889303603,0.519442976377961,0.552827310114691,-0.2200071895867306,-0.02232056437843908,1.4827878055141601,-0.9000588213515957,-0.6250649230472425,-0.10618487618330075,-0.43016322198752865,-1.4438611007999769
1731072416.23,-0.18729597507781445,-0.05859395787069554,-0.16079260305988133,-0.06248707085739705,1.4834951962073861,-0.40881180358707603,0.3763607586974537,-0.1264435866502287,-0.3291741843102112,1.4804857284100719,-0.040919754261378345,0.20571606648764565,-0.2200071895867306,-0.054349871709104644,1.482733578676174,0.9600569007030418,-0.1119873343086849,-0.10618487618330075,-0.23885558988605912,-1.4514461381648658
1731072416.73,-0.4742677878317513,0.028245061056398565,-0.16079260305988133,1.3778423347089281,1.4849103039554516,-0.40881180358707603,0.18670203837645277,-0.1264435866502287,-0.3505967471356517,1.4821674337871908,0.039132064401382796,0.23405167821230244,-0.2200071895867306,0.10259373421115656,1.4833260089445854,-0.9000588213515957,-0.6903381074133902,-0.10618487618330075,-0.3217555637966959,-1.446172583053275
1731072417.23,1.5345349014458474,0.3830444812442399,-0.16079260305988133,-0.2193094057129272,1.4858173596879845,1.3238737872461357,0.01406397244323424,-0.1264435866502287,-0.300610767209624,1.483055200645418,0.519442976377961,0.5882468247705119,-0.2200071895867306,0.10579666494422305,1.483892774893685,0.9600569007030418,0.10053001013923815,-0.10618487618330075,-0.2611748136312306,-1.4428907088047593
1731072417.73,-0.4742677878317513,0.5145435670481252,-0.16079260305988133,-0.1203438545905053,1.4840017246261463,-1.8939708814441196,0.5100944717443131,3.6343820078787594,-0.1256598374685273,1.481285842670896,-0.5212306662379566,0.7677056990266713,1.8826579511731376,-0.07356745610750391,1.483402140061808,-0.9000588213515957,0.06258048434496628,-0.10618487618330075,-0.15276715544039793,-1.4571113664978141
1731072418.23,-0.18729597507781445,0.50710022256866,-0.16079260305988133,-0.05944197697670714,1.4842863847918852,-1.8939708814441196,-0.6716252471788455,3.6343820078787594,-0.3613080285483719,1.481627694046989,-0.040919754261378345,0.9518871752369403,-0.2200071895867306,0.3620311235895474,1.4836917923785262,0.9600569007030418,-0.5628277007446363,-0.10618487618330075,1.390447743511456,-1.4580931921381615
1731072418.73,-0.4742677878317513,0.5790525525368234,-0.16079260305988133,-0.2339258563402387,1.486281001482441,-0.40881180358707603,-0.34336976970019034,-0.1264435866502287,-0.3291741843102112,1.4832779971475103,-0.040919754261378345,0.8267382234530398,-0.2200071895867306,0.2851607859959501,1.4848529471820426,-0.9000588213515957,-0.05734001716493317,-0.10618487618330075,-0.34088632700684285,-1.4465431152139019
1731072419.23,1.5345349014458474,0.6534859973314755,-0.16079260305988133,-0.10511838518705575,1.4867180862541063,1.3238737872461357,-0.6813513354004354,-0.1264435866502287,-0.32203333003506446,1.4841934569984299,0.519442976377961,1.0014744957550894,-0.2200071895867306,-0.015914702912305966,1.4849571892210736,0.9600569007030418,-0.4489791233618202,-0.10618487618330075,-0.2994363400515244,-1.4483608388909297
1731072419.73,-0.4742677878317513,1.0479832547431311,-0.16079260305988133,-0.15079479339740431,1.4854603857197246,-0.16128529061090793,-0.43576760780529333,-0.1264435866502287,-0.3041811943471974,1.4824199006969303,-0.040919754261378345,1.674445274215688,-0.2200071895867306,0.03853511954982543,1.4849991726006075,-0.9000588213515957,0.4056441975251851,-0.10618487618330075,-0.14639023437034893,-1.4566494309261648
1731072420.23,-0.4742677878317513,0.576571437710335,-0.16079260305988133,-0.1778961289355445,1.4849441433355586,-0.40881180358707603,-0.3506643358663827,-0.1264435866502287,2.7485340082780616,1.4817207981546705,-0.040919754261378345,1.2069076807588508,-0.2200071895867306,2.690561766528932,1.4851271180289898,-0.9000588213515957,-0.13172108772170635,-0.10618487618330075,-0.2579863530962061,-1.461671165610473
1731072420.73,-0.18729597507781445,0.7651361645234537,-0.16079260305988133,0.013640276159850586,1.4871470489683982,-0.40881180358707603,-0.46008282835926756,-0.1264435866502287,-0.2934699129344773,1.4840051514330792,-0.040919754261378345,1.239965894437617,-0.2200071895867306,-0.009508841446172853,1.486121087712319,0.9600569007030418,0.19312685307726207,-0.10618487618330075,-0.3121901821916224,-1.4506240069388008
1731072421.23,1.5345349014458474,0.8693429872359664,-0.16079260305988133,-0.0838027280222264,1.4890514144319118,1.3238737872461357,-0.16830018171157407,-0.1264435866502287,-0.3755897370986655,1.4873719561116399,0.519442976377961,1.5870771380646624,-0.2200071895867306,0.08017321907969059,1.4862083046914012,0.9600569007030418,0.6758448211804017,-0.10618487618330075,-0.1814633002556183,-1.4473653949337597
1731072421.73,-2.196098664355413,-0.4555723301088396,-0.16079260305988133,1.764569257556546,1.4881371245244783,-0.40881180358707603,-0.2801501962598567,-0.1264435866502287,-0.3613080285483719,1.4862235546778537,-0.040919754261378345,1.4406764774872696,-0.2200071895867306,0.051346842482091655,1.4862167052851976,-0.9000588213515957,-0.37763401486858894,-0.10618487618330075,-0.060301799924687656,-1.4546856009397493
1731072422.23,1.5345349014458474,-0.2670076032957211,-0.16079260305988133,-0.2196139151009962,1.488925098239612,-0.40881180358707603,-0.26799258598286946,-0.1264435866502287,-0.10066684750551352,1.4859618985185594,0.039132064401382796,1.9648852943934196,-0.2200071895867306,-0.03192935657763875,1.4873319364189839,0.9891212088601449,0.6470031815767551,-0.10618487618330075,-0.43654014305757755,-1.4477555380637495
1731072422.73,-0.4742677878317513,-0.3215921294784658,-0.16079260305988133,-0.0838027280222264,1.4892787501487008,-0.40881180358707603,-0.41631543136211374,-0.1264435866502287,-0.33631503858535805,1.4873835812933696,-0.040919754261378345,2.6921659953262758,-0.2200071895867306,-0.09919090197203637,1.4870655774925228,-0.9291231295086987,-0.06492992232378758,-0.10618487618330075,2.3788705093690483,-1.4526189209539113
1731072423.23,1.5345349014458474,-0.41587449288502515,-0.16079260305988133,-0.1264340423518851,1.4883301703933565,1.3238737872461357,0.018927016554029136,-0.1264435866502287,-0.36844888282351873,1.4850860996404862,0.519442976377961,1.835013740655409,-0.2200071895867306,0.12821718007568902,1.4877028109183328,0.9600569007030418,0.1506233841876774,-0.10618487618330075,0.1501365953869288,-1.4553941081121824
1731072423.73,-0.4742677878317513,-0.31911101465197744,-0.16079260305988133,-0.23240330939989376,1.4881386691566392,-0.40881180358707603,0.32773031758950477,-0.1264435866502287,-0.36844888282351873,1.4848577029731556,-0.5212306662379566,0.16793525085476993,-0.2200071895867306,0.27234906306368384,1.4878683413582654,-0.87099451319449,-0.13020310668993548,-0.10618487618330075,-0.36639401128703875,-1.4589853642184798
1731072424.23,-0.18729597507781445,0.09523516137158544,-0.16079260305988133,0.05627159048950923,1.4894891216913468,-0.40881180358707603,-0.1196697406036254,-0.1264435866502287,-0.32203333003506446,1.4862614632252205,0.519442976377961,0.049870202002033605,-0.2200071895867306,-0.07356745610750391,1.4885592647958832,0.9600569007030418,0.07776029466267509,-0.10618487618330075,-0.3090017216565979,-1.4532102020441684
1731072424.73,-0.4742677878317513,-0.016415005820392688,-0.16079260305988133,-0.0046302871242888625,1.490792856207342,-0.40881180358707603,0.5198205599659028,-0.1264435866502287,-0.3541671742732251,1.4886873473515572,-0.5212306662379566,0.6331115433345519,1.8826579511731376,2.3350364551585443,1.4886175565859638,-0.9000588213515957,0.8822902415012415,-0.10618487618330075,-0.3440747875418674,-1.4522947958396102
1731072425.23,1.5345349014458474,-0.20497973263351102,-0.16079260305988133,-0.2025613893691327,1.4914613477033603,1.3238737872461357,0.748383633173263,-0.1264435866502287,-0.22563179732058264,1.4890773215600348,0.519442976377961,0.06403800786436199,-0.2200071895867306,0.2371168249999518,1.4892441359512723,0.9600569007030418,-0.014836548275348664,-0.10618487618330075,-0.3090017216565979,-1.4494152946870567
1731072425.73,-0.4742677878317513,0.03568840553586377,-0.16079260305988133,-0.1203438545905053,1.4905108924350554,-0.40881180358707603,0.4420118541931845,-0.1264435866502287,-0.27561777724661024,1.4876789728595217,-0.040919754261378345,0.31669721240921805,-0.2200071895867306,0.012911673685293043,1.48936205536072,-0.9000588213515957,0.4147520837158104,-0.10618487618330075,-0.3058132611215734,-1.4560511208405704
1731072426.23,-0.4742677878317513,0.07042401310670142,-0.16079260305988133,-0.09902819742567594,1.4908139672756298,-0.40881180358707603,0.4249911998054027,-0.1264435866502287,-0.2506247872835964,1.4884474127860015,-0.040919754261378345,0.6449180482198252,-0.2200071895867306,0.08017321907969059,1.4894237202615048,0.9600569007030418,0.08990414291684215,-0.10618487618330075,-0.15914407651044676,-1.4586589511719847
1731072426.73,-0.4742677878317513,-0.3836200001406759,-0.16079260305988133,0.2998791009447016,1.491079122268059,-0.40881180358707603,-0.36039042408797245,-0.1264435866502287,-0.318462902897491,1.4888812721798734,0.039132064401382796,0.2647485909140139,-0.2200071895867306,9.995075302681723e-05,1.4896419178858356,-0.9000588213515957,-0.1438649359758734,-0.10618487618330075,-0.3504517086119163,-1.4602398237967549
1731072427.23,1.5345349014458474,-0.06355618752367234,-0.16079260305988133,-0.19099003262251105,1.4911375313900623,-0.40881180358707603,-0.8369687469458718,-0.1264435866502287,-0.27561777724661024,1.48775143319388,-0.040919754261378345,0.543382106206472,1.8169496655243917,0.3460164699242146,1.4905635618020294,0.9600569007030418,0.8473766777705111,-0.10618487618330075,-0.14957869490537334,-1.4573351950774724
1731072427.73,-2.196098664355413,0.013358372097468147,4.2614553726044715,-0.10207329130636585,1.4898564331651356,-0.40881180358707603,-0.8394002690012692,3.5168562080497283,-0.40772358133682607,1.486715218914639,-0.040919754261378345,0.45129136810133774,-0.2200071895867306,0.16344941813942107,1.4901591025054737,-0.9000588213515957,-0.10895137224514313,-0.10618487618330075,-0.3376978664718184,-1.4690190136766055
1731072428.23,-0.4742677878317513,-0.2719698329486979,-0.16079260305988133,-0.16602026280085386,1.4945106236823216,-0.40881180358707603,-1.089847040707206,-0.1264435866502287,0.25994629338940023,1.4924130715054411,-0.040919754261378345,-0.05874964294248406,-0.2200071895867306,-0.09598797123896981,1.4915168857850851,0.9600569007030418,0.6758448211804017,-0.10618487618330075,-0.21653636614088767,-1.4465800307192724
1731072428.73,-0.4742677878317513,-0.30422432569304714,-0.16079260305988133,-0.15993007503947404,1.4926877765971422,-0.40881180358707603,-0.8855991880538207,-0.1264435866502287,0.15640390639977153,1.4898569779500397,-0.040919754261378345,0.20335476551059092,-0.2200071895867306,0.1826670025378204,1.4914724161836341,-0.9000588213515957,-0.24101572200920982,-0.10618487618330075,-0.23885558988605912,-1.4575145968334196
1731072429.23,1.5345349014458474,-0.18761192884809222,-0.16079260305988133,-0.20682452080209857,1.4936160317287122,1.3238737872461357,-0.9998807246575006,-0.1264435866502287,-0.08281471181764642,1.4913559159661867,0.519442976377961,-0.03749793414899147,-0.2200071895867306,0.3428135391911481,1.4917075605797834,0.9600569007030418,0.03373884474131954,-0.10618487618330075,-0.27074019523630405,-1.4566177804968607
1731072429.73,-0.4742677878317513,-0.29678098121358193,-0.16079260305988133,-0.10816347906774566,1.493544779306741,-0.40881180358707603,-0.6983719897882175,-0.1264435866502287,1.2239616205342188,1.4906875061137774,-0.5212306662379566,0.08765101763490932,-0.2200071895867306,0.00650581221915993,1.4922404906047642,-0.9000588213515957,-0.05430405510139158,-0.10618487618330075,-0.19421714239571627,-1.457057144705933
1731072430.23,-2.196098664355413,0.0009527979650261315,-0.16079260305988133,-0.1447046056360245,1.4929462663252477,-0.40881180358707603,-0.7056665559544097,-0.1264435866502287,-0.26490649583389003,1.4894826637127248,-0.040919754261378345,0.27891639677634233,1.8169496655243917,0.00650581221915993,1.4925813090565283,0.9600569007030418,-0.049750112006078935,-0.10618487618330075,-0.39509015610225917,-1.4607917530565195
1731072430.73,-0.4742677878317513,0.22177201752249398,4.12326012336496,-0.20073433304071875,1.493084924088638,-0.40881180358707603,-0.6108371957939094,-0.1264435866502287,-0.3398854657229315,1.4896600794873918,-0.5212306662379566,0.8928546508105724,1.8826579511731376,0.11540545714342279,1.4928269379330974,-0.9000588213515957,-0.1453829170076443,-0.10618487618330075,0.07999046361639009,-1.462617656726849
1731072431.23,-0.18729597507781445,0.5542414042719395,-0.16079260305988133,-0.21017412407085748,1.4938841650648327,1.3238737872461357,-0.892893754220013,-0.1264435866502287,-0.27204735010903686,1.4913662793890103,0.519442976377961,0.3639232319503127,-0.2200071895867306,-0.015914702912305966,1.4928203609139357,0.9600569007030418,-0.6964100315404737,-0.10618487618330075,-0.14957869490537334,-1.4639708779572427
1731072431.73,1.5345349014458474,0.6857404900758248,-0.16079260305988133,-0.13556932399395477,1.4963607607180673,-0.40881180358707603,-0.7932013499487176,-0.1264435866502287,-0.3613080285483719,1.4942481362834952,-0.040919754261378345,0.45129136810133774,-0.2200071895867306,0.05454977321515821,1.4937302531409873,-0.9000588213515957,-0.3685261286779637,-0.10618487618330075,0.30637116160312894,-1.45257750694898
1731072432.23,-0.4742677878317513,0.8494940686240594,-0.16079260305988133,-0.10207329130636585,1.4959589683877235,-0.40881180358707603,-0.4771034827470497,-0.1264435866502287,-0.3720193099610921,1.4931626554354107,-0.040919754261378345,1.2848306130016574,-0.2200071895867306,-0.09598797123896981,1.4941891949320878,0.9309925925459387,0.2492921512527845,-0.10618487618330075,-0.2452325109561081,-1.454738465956661
1731072432.73,-0.4742677878317513,0.3904878257237051,-0.16079260305988133,-0.2308807624595488,1.494752378317673,-0.40881180358707603,-0.7615915632285508,-0.1264435866502287,-0.40772358133682607,1.4911930940667673,-0.5212306662379566,0.9495258742598854,1.8826579511731376,0.051346842482091655,1.494392497479192,-0.9000588213515957,0.03525682577309042,-0.10618487618330075,-0.28030557684137747,-1.4616501263411261
1731072433.23,-0.18729597507781445,0.5542414042719395,-0.16079260305988133,0.9728448485771708,1.4975947870473227,1.3238737872461357,-0.5646382767413578,-0.1264435866502287,-0.21135008877028902,1.4958217953724449,0.519442976377961,0.7440926892561239,-0.2200071895867306,0.2531314786652845,1.4946448676028474,-0.9000588213515957,0.004897205137672792,-0.10618487618330075,-0.23885558988605912,-1.453834923776351
1731072433.73,1.5345349014458474,0.50710022256866,-0.16079260305988133,-0.20895608651858152,1.4969353491507034,-0.16128529061090793,-0.4090208651959214,-0.1264435866502287,-0.37916016423623894,1.4939018782438631,-0.040919754261378345,1.2045463797817964,-0.2200071895867306,0.11860838787648927,1.4953391413165529,0.9600569007030418,-0.1347570497852481,-0.10618487618330075,-0.2037825240007897,-1.4551650940624319
1731072434.23,-0.4742677878317513,0.09027293171860863,-0.16079260305988133,-0.20377942692140866,1.4963904052016928,-1.8939708814441196,-0.603542629627717,3.6343820078787594,2.1272796863402896,1.4940871569794387,-0.040919754261378345,1.1525977582865923,-0.2200071895867306,1.684841516346034,1.4949312070657197,0.9600569007030418,-0.022426453434203072,-0.10618487618330075,-0.1750863791855693,-1.4642618022487754
1731072434.73,-0.4742677878317513,-0.07596176165611408,-0.16079260305988133,0.02582065168261015,1.4983616628084173,-0.40881180358707603,-0.4187469534175112,-0.1264435866502287,0.1885377506379321,1.4960462289112815,-0.040919754261378345,1.898768867035887,-0.2200071895867306,-0.015914702912305966,1.495892035309967,-0.9000588213515957,0.5908378834012327,-0.10618487618330075,0.006655871310826652,-1.4542834972068646
1731072435.23,1.5345349014458474,0.02576394622991016,-0.16079260305988133,-0.03203613205049803,1.497395931329421,1.0763472742699587,-0.5695013208521528,-0.1264435866502287,-0.061392148992206144,1.4951792304535387,0.519442976377961,1.26121760323111,-0.2200071895867306,-0.006305910713106296,1.4956898596360877,0.9600569007030418,0.2492921512527845,-0.10618487618330075,-0.34088632700684285,-1.4633471523293944
1731072435.73,-0.4742677878317513,-0.006490546514439077,-0.16079260305988133,-0.1961666922196839,1.4994006398001904,-0.16128529061090793,-0.44549369602688316,-0.1264435866502287,-0.3755897370986655,1.4972380577335969,-0.040919754261378345,1.3958117589232295,-0.2200071895867306,0.03533218881675887,1.4966250520017919,-0.9000588213515957,-0.02394443446597395,-0.10618487618330075,-0.02522873403941815,-1.453440366771046
1731072436.23,-0.18729597507781445,-0.15287632127725456,-0.16079260305988133,-0.11120857294843557,1.4998646530975521,-0.40881180358707603,-0.13182735088061262,-0.1264435866502287,-0.1470824002939677,1.4978952856740202,-0.040919754261378345,0.6260276404033874,-0.2200071895867306,0.10579666494422305,1.4969036287905548,0.9600569007030418,-0.17270657557952016,-0.10618487618330075,-0.012474891899320172,-1.4538674686391235
1731072436.73,-0.4742677878317513,-0.13302740266534735,-0.16079260305988133,-0.09598310354498603,1.4971026160437462,-0.40881180358707603,-0.14155343910220242,-0.1264435866502287,0.3884816703420427,1.4938084888711096,-0.040919754261378345,0.33794892120271064,-0.2200071895867306,0.07056442688049099,1.4968479241585249,-0.9000588213515957,0.07168837053559157,-0.10618487618330075,2.2322013247579218,-1.4682179018683281
1731072437.23,-0.18729597507781445,0.32349772540851823,-0.16079260305988133,-0.2193094057129272,1.4980326443892686,1.3238737872461357,-0.09049147593885602,-0.1264435866502287,-0.3398854657229315,1.494609001615566,0.519442976377961,0.193909561602372,-0.2200071895867306,0.009708742952226488,1.4974864874693694,-0.9000588213515957,-0.46112297161598725,-0.10618487618330075,-0.2579863530962061,-1.4643231648334574
1731072437.73,1.5345349014458474,0.33094106988798344,-0.16079260305988133,-0.11425366682912548,1.499913072708568,-0.40881180358707603,-0.18288931404395878,-0.1264435866502287,0.01715724803440878,1.4972028424144228,-0.040919754261378345,0.19627086257942672,-0.2200071895867306,-0.10879969417123604,1.4979959715390205,0.9600569007030418,0.317601297682474,-0.10618487618330075,-0.16552099758049577,-1.4580132876594807
1731072438.23,-0.4742677878317513,0.01583948692395655,-0.16079260305988133,1.3930678041123776,1.5010394010572612,-0.40881180358707603,0.6170814421818008,-0.1264435866502287,0.18496732350035877,1.4993536758033645,-0.040919754261378345,0.3072520085009991,-0.2200071895867306,0.1474347644740882,1.49804435584753,0.9600569007030418,0.06713442744027875,-0.10618487618330075,-0.3440747875418674,-1.4577967567448427
1731072438.73,-0.4742677878317513,0.1423763430748651,-0.16079260305988133,-0.21413274611575436,1.4999869238075703,-0.40881180358707603,0.4638955526917618,-0.1264435866502287,0.9526091580786402,1.497112709472269,-0.040919754261378345,0.9141063596040647,-0.2200071895867306,1.7040591007444335,1.498550018681776,-0.9000588213515957,0.17035713760069868,-0.10618487618330075,-0.05392487885463867,-1.4619209577289558
1731072439.23,-0.4742677878317513,0.33094106988798344,-0.16079260305988133,-0.1264340423518851,1.500516704101227,1.3238737872461357,0.3544770601988764,-0.1264435866502287,-0.35773760141079847,1.497600794638663,0.519442976377961,0.8810481459252985,-0.2200071895867306,0.0257233966175592,1.4989882958725456,0.9891212088601449,0.2842057149835146,-0.10618487618330075,-0.2675517347012796,-1.4609309373271002
1731072439.73,1.5345349014458474,0.43018566294751953,-0.16079260305988133,-0.0198557565277384,1.4998546894662554,-1.8939708814441196,-0.28258171831525414,3.6343820078787594,-0.2684769229714634,1.4963151614851191,-0.040919754261378345,1.1242621465619356,-0.2200071895867306,0.2467256171991514,1.499315210559866,-0.9291231295086987,-0.049750112006078935,-0.10618487618330075,-0.34726324807689185,-1.4649950824069187
1731072440.23,-0.4742677878317513,0.6609293418109408,-0.16079260305988133,-0.22022293387713418,1.4990955037047555,-0.40881180358707603,-0.5743643649629476,-0.1264435866502287,-0.32560375717263784,1.4959231879647252,-0.040919754261378345,1.0912039328831693,-0.2200071895867306,0.048143911749025096,1.4990360894934573,0.9600569007030418,0.5225287369715428,-0.10618487618330075,-0.2994363400515244,-1.4738954148362944
1731072440.73,-0.4742677878317513,0.44507235190644995,-0.16079260305988133,0.08976762317709822,1.5018012468574633,-0.16128529061090793,-0.32391759325701075,-0.1264435866502287,-0.27561777724661024,1.499295014404681,0.039132064401382796,0.9117450586270097,-0.2200071895867306,0.11220252641035616,1.4998815923460451,-0.9000588213515957,0.08383221878975862,-0.10618487618330075,-0.3345094059367939,-1.4621664101306175
1731072441.23,-0.18729597507781445,0.4798079594772876,-0.16079260305988133,-0.12947913623257495,1.5021069517760235,1.3238737872461357,-0.26799258598286946,-0.1264435866502287,-0.26490649583389003,1.4996240279268154,0.519442976377961,1.2352432924835077,-0.2200071895867306,0.3428135391911481,1.5001986503279612,0.9600569007030418,0.11570982045694696,-0.10618487618330075,1.2660977826455009,-1.462869785316459
1731072441.73,1.5345349014458474,0.4872513039567528,-0.16079260305988133,-0.22357253714589304,1.501849502200778,-0.40881180358707603,0.045673759163401065,-0.1264435866502287,-0.26490649583389003,1.4993026921073291,-0.040919754261378345,1.1856559719653585,-0.2200071895867306,0.05454977321515821,1.5003551322216007,-0.9000588213515957,0.6363773143543587,-0.10618487618330075,-0.1240710106251774,-1.466761408331437
1731072442.23,-2.196098664355413,0.5964203563222423,4.2614553726044715,-0.08989291578360621,1.5027386072730062,-0.40881180358707603,-0.32878063736780566,-0.1264435866502287,-0.39701229992410586,1.499764790851807,-0.040919754261378345,1.192739874896523,-0.2200071895867306,-0.05755280244217113,1.5011493624431134,0.9600569007030418,-0.3852239200274434,-0.10618487618330075,-0.3376978664718184,-1.461858713259121
1731072442.73,-2.196098664355413,0.12004630963646946,4.2614553726044715,0.9819801302192402,1.5023617343447178,-0.16128529061090793,-0.005388203999945344,-0.1264435866502287,-0.16493453598183466,1.4996344416692453,-0.040919754261378345,1.4879024970283643,-0.2200071895867306,-0.044741079509904975,1.5010827128566908,-0.9291231295086987,0.5984277885600868,-0.10618487618330075,-0.22929020828098565,-1.4678274556229969
1731072443.23,-0.4742677878317513,-0.4779023635472351,-0.16079260305988133,-0.2190048963248582,1.5015406962640656,1.3238737872461357,-0.2704241080382669,-0.1264435866502287,0.834785062538718,1.4983910916306364,-0.040919754261378345,1.3769213511067915,1.8169496655243917,1.3645484430393786,1.5012344051114286,0.9891212088601449,0.12026376355225978,-0.10618487618330075,-0.3153786427266469,-1.4737545301282495
1731072443.73,1.5345349014458474,-0.46301567458830467,-0.16079260305988133,-0.05639688309601723,1.50298662503666,-0.40881180358707603,0.09430420027135002,-0.1264435866502287,-0.3648784556859453,1.5000659307513682,-0.040919754261378345,1.9389109836458172,-0.2200071895867306,0.057752703948224765,1.501859859130546,-0.9000588213515957,0.37832053895330925,-0.10618487618330075,-0.23566712935103462,-1.4681265524921594
1731072444.23,-0.4742677878317513,-0.07596176165611408,-0.16079260305988133,0.02277555780192031,1.5018104101363479,-0.40881180358707603,-0.05645016716329175,-0.1264435866502287,-0.2791882043841836,1.4986918685403172,-0.040919754261378345,1.9389109836458172,-0.2200071895867306,0.04494098101595854,1.5017496477379149,0.9600569007030418,0.5893199023694616,-0.10618487618330075,-0.13363639223025095,-1.477254599535427
1731072444.73,-0.4742677878317513,-0.004009431687950675,-0.16079260305988133,-0.17606907260713053,1.5031438406310729,-0.16128529061090793,-0.18288931404395878,-0.1264435866502287,-0.26133606869631665,1.4997874809481597,-0.040919754261378345,1.381643953060901,-0.2200071895867306,0.06736149614742437,1.5026012851448205,-0.9000588213515957,-0.40343969240869393,-0.10618487618330075,-0.3759593928921122,-1.4703501473835014
1731072445.23,-0.18729597507781445,0.291243232664169,-0.16079260305988133,-0.15993007503947404,1.5047002174533775,1.3238737872461357,-0.10264908621584326,-0.1264435866502287,-0.1256598374685273,1.5020968086993818,-0.040919754261378345,0.20571606648764565,-0.2200071895867306,-0.051146940976038086,1.5029668297511292,-0.9000588213515957,0.67280885911686,-0.10618487618330075,0.14375967431687983,-1.4662557270301382
1731072445.73,1.5345349014458474,0.24410205096088933,-0.16079260305988133,-0.2381889877732046,1.50379368386654,-0.40881180358707603,0.07242050177277298,-0.1264435866502287,-0.06496257612977947,1.5010797810951066,0.519442976377961,0.29544550361572547,-0.2200071895867306,0.1474347644740882,1.5029073078132547,0.9600569007030418,0.10811991529809273,-0.10618487618330075,0.7208710311563128,-1.4740510391986488
1731072446.23,-0.18729597507781445,-0.14295186197130097,-0.16079260305988133,-0.1477496995167144,1.5041468978666654,-0.40881180358707603,0.15509225165628596,-0.1264435866502287,-0.34702631999807826,1.5010625215478082,-0.040919754261378345,0.32378111534038223,-0.2200071895867306,0.3235959547927488,1.5034684845190118,0.9600569007030418,-0.12564916359462283,-0.10618487618330075,-0.3153786427266469,-1.472777283432468
1731072446.73,-0.4742677878317513,-0.08340510613557929,-0.16079260305988133,-0.0015851932435989545,1.5057560541166906,-0.40881180358707603,0.6365336186249804,-0.1264435866502287,-0.2506247872835964,1.5037637189854902,-0.040919754261378345,0.7936800097742737,-0.2200071895867306,-0.08637917903977015,1.5036588789503451,-0.9000588213515957,-0.5734535679670325,-0.10618487618330075,-0.3632055507520143,-1.469792828429519
1731072447.23,-0.4742677878317513,0.0034339127915145344,-0.16079260305988133,0.1445793130295165,1.5069121975558855,1.3238737872461357,0.1939966045426451,-0.1264435866502287,-0.061392148992206144,1.5044698841406752,0.519442976377961,0.3001681055698349,-0.2200071895867306,-0.01911763364537252,1.50456611601307,0.9600569007030418,-0.4626409526477581,-0.10618487618330075,-0.3440747875418674,-1.4631059414028833
1731072447.73,1.5345349014458474,0.16222526168677232,-0.16079260305988133,-0.18155024159237237,1.506019436901438,-0.40881180358707603,0.711910802342301,-0.1264435866502287,-0.3113220486223442,1.5028128449188778,-0.040919754261378345,0.7606217960955074,-0.2200071895867306,1.0506612311988563,1.5048874982353095,-0.9000588213515957,0.5058309456220633,-0.10618487618330075,-0.3376978664718184,-1.4680309211468636
1731072448.23,-0.4742677878317513,-0.15535743610374297,-0.16079260305988133,-0.03508122593118794,1.5064962125116237,-0.40881180358707603,0.4298542439161976,-0.1264435866502287,2.7485340082780616,1.5040235229396155,-0.040919754261378345,0.5339369022982531,-0.2200071895867306,-0.01271177217923941,1.5048601745557977,0.9309925925459387,-0.10591541018160137,-0.10618487618330075,-0.2484209714911326,-1.4706777374038749
1731072448.73,-2.196098664355413,-0.15535743610374297,4.2614553726044715,-0.10816347906774566,1.5063237761745183,-0.40881180358707603,-0.07347082155107389,-0.1264435866502287,-0.33274461144778467,1.5035184064325378,-0.040919754261378345,0.6472793491968802,-0.2200071895867306,-0.07356745610750391,1.505202977807188,-0.9000588213515957,0.5513703765751897,-0.10618487618330075,-0.3504517086119163,-1.4728873860347143
1731072449.23,1.5345349014458474,-0.3637710815287687,-0.16079260305988133,1.764569257556546,1.505666808476491,1.3238737872461357,-0.9682709379373339,-0.1264435866502287,-0.09352599323036671,1.5028599107546385,-0.5212306662379566,0.059315405910252535,1.8826579511731376,0.07056442688049099,1.5051742419037537,0.9600569007030418,-0.3988857493133813,-0.10618487618330075,-0.3090017216565979,-1.479568670189881
1731072449.73,-0.18729597507781445,-0.2496397995103023,-0.16079260305988133,-0.05335178921532732,1.507376196392155,-0.40881180358707603,-1.1506350920921422,-0.1264435866502287,-0.09352599323036671,1.5042906059962136,-0.040919754261378345,0.26947119286812343,1.8169496655243917,0.20829044840235286,1.5061898872631496,-0.9000588213515957,-0.2926270770894196,-0.10618487618330075,-0.28349403737640194,-1.4701157809049492
1731072450.23,-0.4742677878317513,-0.15039520645076618,-0.16079260305988133,-0.21200118039927143,1.5076176706320876,-0.40881180358707603,-0.8588524454444487,-0.1264435866502287,-0.3934418727865325,1.5043696486556237,0.039132064401382796,0.03806369711675995,-0.2200071895867306,0.1218113186095559,1.506589655047268,-0.9000588213515957,-0.040642225815453646,-0.10618487618330075,-0.24682674122362033,-1.4704345819828095
1731072450.73,-0.4742677878317513,0.5269491411805672,-0.16079260305988133,-0.08989291578360621,1.5078022034285399,-0.40881180358707603,-0.2801501962598567,-0.1264435866502287,-0.1470824002939677,1.505338731613612,-0.040919754261378345,0.6283889413804424,-0.2200071895867306,0.05454977321515821,1.506423980438326,0.9891212088601449,0.027666920614236014,-0.10618487618330075,-0.21015944507083867,-1.4751427367541528
1731072451.23,1.5345349014458474,0.20440421373707518,-0.16079260305988133,-0.06248707085739705,1.5074042888345933,1.3238737872461357,-0.647310026624871,-0.1264435866502287,-0.0221174504788986,1.504717193843295,0.519442976377961,0.3285037172944917,-0.2200071895867306,0.08657908054582371,1.5066197826287744,0.9600569007030418,0.7836214744361344,-0.10618487618330075,1.604074599358097,-1.4792414823927336
1731072451.73,-0.4742677878317513,0.08531070206563184,-0.16079260305988133,-0.21991842448906518,1.5103822810701264,-0.40881180358707603,-0.7786122176163329,-0.1264435866502287,-0.3827305913738123,1.508558438352299,-0.5212306662379566,0.5622725140229099,1.8826579511731376,-0.0895821097728367,1.5074537084943562,-0.9000588213515957,0.09294010498038391,-0.10618487618330075,-0.3185671032616714,-1.4666312586523298
1731072452.23,-0.4742677878317513,-0.00897166134092748,-0.16079260305988133,-0.11729876070981539,1.5072804451390185,-0.40881180358707603,0.02379006066482403,-0.1264435866502287,-0.12208941033095395,1.5039481346402401,-0.040919754261378345,0.3072520085009991,-0.2200071895867306,0.15704355667328795,1.5073764621838632,0.9891212088601449,0.20071675823611632,-0.10618487618330075,-0.15276715544039793,-1.4823503130601718
1731072452.73,-0.4742677878317513,0.0580184389742594,-0.16079260305988133,-0.16297516892016395,1.5089389402623192,-1.8939708814441196,-0.5427545782427808,3.6343820078787594,1.7809482539956698,1.5064418059097635,-0.040919754261378345,0.39225884367496944,-0.2200071895867306,1.8545968451985613,1.5077330119097287,-0.9000588213515957,0.017041053391839842,-0.10618487618330075,-0.01885181296936916,-1.4779587997079369
1731072453.23,1.5345349014458474,0.3904878257237051,-0.16079260305988133,-0.2503693632959642,1.5084984351033013,1.3238737872461357,-0.6375839384032812,-0.1264435866502287,-0.36844888282351873,1.5050181720269973,0.519442976377961,0.8550738351776966,-0.2200071895867306,-0.051146940976038086,1.5083492424550096,0.9600569007030418,0.11874578252048872,-0.10618487618330075,-0.34088632700684285,-1.4790959398063837
1731072453.73,-0.18729597507781445,0.316054380929053,-0.16079260305988133,-0.09598310354498603,1.5095032297067577,-0.40881180358707603,-0.42360999752830614,-0.1264435866502287,-0.3041811943471974,1.50697934306486,0.039132064401382796,0.7015892716691388,-0.2200071895867306,0.15704355667328795,1.5083917051757623,-0.9000588213515957,0.4314498750652899,-0.10618487618330075,-0.27074019523630405,-1.4793503493014455
1731072454.23,-0.4742677878317513,0.10267850585105065,-0.16079260305988133,-0.0868478219029163,1.5089669045468619,-0.40881180358707603,0.0578313694403883,-0.1264435866502287,-0.20063880735756873,1.50592207963454,-0.040919754261378345,1.0864813309290597,-0.2200071895867306,0.2467256171991514,1.508706564393909,0.9600569007030418,-0.21369206343733393,-0.10618487618330075,0.10868660843161046,-1.4830590433981052
1731072454.73,-0.4742677878317513,0.3433466440204255,-0.16079260305988133,0.23593212945021358,1.5098874004604834,-0.40881180358707603,-0.4090208651959214,-0.1264435866502287,-0.31489247575991763,1.5068578118728775,-0.5212306662379566,0.5953307277016762,1.8826579511731376,-0.04153814877683842,1.5092581887039576,-0.9000588213515957,0.10053001013923815,-0.10618487618330075,-0.2739286557713286,-1.4798430131898603
1731072455.23,-0.18729597507781445,0.10515962067753905,-0.16079260305988133,-0.09598310354498603,1.5111743081067743,1.3238737872461357,-0.2752871521490618,-0.1264435866502287,-0.32560375717263784,1.5077600402222617,0.519442976377961,1.2895532149557667,-0.2200071895867306,0.04173805028289198,1.5101765542266286,0.9891212088601449,0.3661766906991422,-0.10618487618330075,-0.28987095844645094,-1.4726114214596127
1731072455.73,1.5345349014458474,0.13741411342188828,-0.16079260305988133,-0.21717783999644427,1.5120816015198841,-0.40881180358707603,-0.47467196069165224,-0.1264435866502287,-0.3613080285483719,1.509558411915437,-0.040919754261378345,1.1313460494931,-0.2200071895867306,-0.04153814877683842,1.5102201170045044,-0.9291231295086987,0.2902776391105981,-0.10618487618330075,2.793370378922232,-1.4732032031630988
1731072456.23,-0.4742677878317513,-0.06851841717664915,-0.16079260305988133,-0.15383988727809422,1.5133207142848848,-0.40881180358707603,-0.2242251889857154,-0.1264435866502287,-0.4041531541992527,1.5115670604108555,-0.040919754261378345,1.3367792344968614,-0.2200071895867306,-0.04153814877683842,1.5104575789747203,0.9600569007030418,0.08079625672621686,-0.10618487618330075,0.5263749385198188,-1.4711815902315857
1731072456.73,-0.4742677878317513,-0.04618838373825352,-0.16079260305988133,-0.06553216473808696,1.51236598448096,-0.16128529061090793,-0.44063065191608825,-0.1264435866502287,-0.4148644356119729,1.5100439659441016,-0.040919754261378345,1.7547295074355487,-0.2200071895867306,0.04494098101595854,1.5106432009812276,-0.9000588213515957,-0.45201508542536195,-0.10618487618330075,-0.1240710106251774,-1.4773325881250114
1731072457.23,1.5345349014458474,0.24162093613440094,-0.16079260305988133,-0.2281401779669279,1.5145426013118901,-0.40881180358707603,-0.2801501962598567,3.5168562080497283,-0.3541671742732251,1.5122798418100825,0.039132064401382796,1.018003602594473,-0.2200071895867306,2.8827376105129257,1.5116392503173297,0.9600569007030418,0.1020479911710092,-0.10618487618330075,-0.34088632700684285,-1.466367225235877
1731072457.73,-0.4742677878317513,0.08034847241265503,-0.16079260305988133,-0.11425366682912548,1.511846711764482,-0.40881180358707603,-0.1002175641604458,-0.1264435866502287,2.052300716451248,1.5086610112272845,-0.040919754261378345,0.413510552468462,-0.2200071895867306,0.1218113186095559,1.5113774345864326,-0.9000588213515957,-0.14993686010295693,-0.10618487618330075,-0.22291328721093664,-1.4820122686577555
1731072458.23,-0.18729597507781445,0.06546178345372461,-0.16079260305988133,0.3455555091550503,1.513729706552609,-0.40881180358707603,0.02379006066482403,-0.1264435866502287,-0.0792442846800731,1.511718145819994,0.519442976377961,0.25766468798284975,-0.2200071895867306,-0.05755280244217113,1.5116232941123553,0.9600569007030418,0.17035713760069868,-0.10618487618330075,-0.28987095844645094,-1.4776419361354707
1731072458.73,-0.4742677878317513,0.5244680263540789,-0.16079260305988133,-0.19890727671230482,1.5129529257229786,-0.40881180358707603,0.01406397244323424,-0.1264435866502287,-0.40772358133682607,1.5100084108027083,-0.040919754261378345,0.290722901661616,-0.2200071895867306,0.11540545714342279,1.512084858289411,-0.9000588213515957,0.10963789632986344,-0.10618487618330075,-0.2516094320261571,-1.4811190181266873
1731072459.23,1.5345349014458474,0.10764073550402746,-0.16079260305988133,-0.05335178921532732,1.5148417171495163,1.3238737872461357,-0.07103929949567643,-0.1264435866502287,-0.21849094304543584,1.51282627579747,-0.040919754261378345,0.1655739498777152,1.8169496655243917,0.33320474699194835,1.5124736563477883,-0.9000588213515957,0.053472598154340995,6.581873565763087,-0.15276715544039793,-1.4756699654721281
1731072459.73,-0.4742677878317513,0.00839614244449134,-0.16079260305988133,-0.20469295508561564,1.5157131388912255,-0.40881180358707603,0.09673572232674747,-0.1264435866502287,-0.17921624453212828,1.5138996794159014,-0.5212306662379566,0.4111492514914073,1.8826579511731376,-0.038335218043771865,1.5128996509367052,-0.87099451319449,0.19312685307726207,-0.10618487618330075,-0.36001709021698974,-1.4735580046379888
1731072460.23,-0.4742677878317513,0.3979311702031703,-0.16079260305988133,-0.09598310354498603,1.5141529992762919,-0.40881180358707603,0.12591398699151685,-0.1264435866502287,-0.22563179732058264,1.5108277649666355,-0.040919754261378345,1.110094340699607,-0.2200071895867306,0.3620311235895474,1.513400692170934,0.9309925925459387,-0.24405168407275157,-0.10618487618330075,0.8165248472070474,-1.4795250345400361
1731072460.73,-0.4742677878317513,0.2837998881847038,-0.16079260305988133,-0.07771254026084659,1.5159866292608875,-0.16128529061090793,0.018927016554029136,-0.1264435866502287,0.04215023799742254,1.5140925541428571,-0.040919754261378345,0.7818735048889996,-0.2200071895867306,-0.044741079509904975,1.5134805468779093,-0.87099451319449,0.3570688045085169,-0.10618487618330075,-0.3217555637966959,-1.4765576842166994
1731072461.23,1.5345349014458474,0.3780822515912631,-0.16079260305988133,-0.2220499902055481,1.5163707093093162,-1.8939708814441196,-0.8369687469458718,3.6343820078787594,-0.42914614416226654,1.513330105310887,0.519442976377961,0.7133957765544128,-0.2200071895867306,0.057752703948224765,1.5144987278203519,0.9309925925459387,0.32063725974601576,-0.10618487618330075,-0.3281324848667449,-1.4717945003250994
1731072461.73,-0.4742677878317513,0.3334221847144718,-0.16079260305988133,1.478330432771695,1.5154586784895039,1.3238737872461357,-0.46494587247006247,-0.1264435866502287,-0.07567385754249961,1.5129023888109057,0.039132064401382796,0.7275635824167411,-0.2200071895867306,1.649609278282302,1.514095800086191,-0.9000588213515957,0.13999751696528107,-0.10618487618330075,-0.3313209454017694,-1.482149107913906
1731072462.23,-0.18729597507781445,0.6038637008017075,-0.16079260305988133,-0.1672383003531298,1.5187376481225758,-0.40881180358707603,-0.4479252180822806,-0.1264435866502287,2.448618128721896,1.5166327861866669,-0.040919754261378345,1.2139915836900153,-0.2200071895867306,0.1250142493426224,1.515278674976748,0.9600569007030418,0.4041262164934144,-0.10618487618330075,-0.28987095844645094,-1.4658873920900537
1731072462.73,-0.4742677878317513,0.8569374131035243,-0.16079260305988133,-0.15688498115878413,1.5184510952419237,-0.40881180358707603,-0.462514350414665,-0.1264435866502287,-0.3113220486223442,1.5163512633658696,-0.040919754261378345,1.3438631374280254,-0.2200071895867306,0.10579666494422305,1.5153848142482333,-0.9000588213515957,-0.14082897391233165,-0.10618487618330075,-0.2930594189814755,-1.4702541179485014
1731072463.23,1.5345349014458474,0.6385993083725451,-0.16079260305988133,-0.21991842448906518,1.5188424576198885,1.3238737872461357,-0.4552197842484729,-0.1264435866502287,-0.4719912698131474,1.5166674656712602,0.519442976377961,1.1667655641489207,-0.2200071895867306,-0.08317624830670359,1.5157904592637033,0.9600569007030418,0.4906511353043545,-0.10618487618330075,-0.14957869490537334,-1.469997511821443
1731072463.73,-0.4742677878317513,0.7651361645234537,-0.16079260305988133,-0.1203438545905053,1.5176868739844125,-0.40881180358707603,-0.3166230270908184,-0.1264435866502287,-0.38630101851138565,1.5156179964080767,-0.5212306662379566,1.2895532149557667,1.8826579511731376,0.10899959567728967,1.5155136821871293,-0.9000588213515957,-0.16359868938889485,-0.10618487618330075,-0.3345094059367939,-1.4802833490622072
1731072464.23,-0.4742677878317513,0.20688532856356356,-0.16079260305988133,-0.06553216473808696,1.5172729033810728,-0.40881180358707603,-0.139121917046805,-0.1264435866502287,-0.27561777724661024,1.51390676601574,-0.040919754261378345,1.6248579536975383,-0.2200071895867306,0.2563344093983511,1.5163199339529525,0.9600569007030418,0.22045051164913793,-0.10618487618330075,-0.2611748136312306,-1.4799233256646758
1731072464.73,-0.4742677878317513,-0.3786577704876991,-0.16079260305988133,-0.2135237273396164,1.516509042097835,-0.16128529061090793,-0.1512795273237922,-0.1264435866502287,-0.1256598374685273,1.5130037163353196,0.039132064401382796,1.9058527699670509,-0.2200071895867306,0.009708742952226488,1.51633047943741,-0.87099451319449,0.7077224228475903,-0.10618487618330075,-0.30262480058654895,-1.4866923826145477
1731072465.23,-0.4742677878317513,-0.5424113490359336,-0.16079260305988133,-0.07466744638015668,1.5189511372354572,1.3238737872461357,0.02865310477561893,-0.1264435866502287,-0.1470824002939677,1.5158727378824077,0.519442976377961,1.381643953060901,-0.2200071895867306,-0.060755733175237685,1.5172144652301682,0.9309925925459387,-0.38977786312275603,-0.10618487618330075,2.729601168221743,-1.4756141744034201
1731072465.73,1.5345349014458474,-0.16776301023618498,-0.16079260305988133,-0.1416595117553346,1.5187586648613647,-0.40881180358707603,0.19885964865344,-0.1264435866502287,-0.10780770178066033,1.5166676422582552,-0.040919754261378345,2.3238030429057384,-0.2200071895867306,0.15704355667328795,1.516791843007406,-0.9000588213515957,0.7001325176887357,-0.10618487618330075,0.0002789502407778045,-1.483557844511603
1731072466.23,-0.4742677878317513,0.01583948692395655,-0.16079260305988133,-0.22692214041465195,1.5207511038413388,-0.40881180358707603,0.21588030304122213,-0.1264435866502287,-0.36844888282351873,1.5182832067807037,-0.040919754261378345,1.3415018364509708,-0.2200071895867306,1.095502261461788,1.5179692114218182,0.9600569007030418,0.18705492895017856,-0.10618487618330075,0.4275326619340596,-1.4719064623769487
1731072466.73,-0.4742677878317513,-0.22482865124541826,-0.16079260305988133,-0.09293800966429612,1.5190892349764131,-0.40881180358707603,-0.012682770166137686,-0.1264435866502287,2.6414211941508596,1.516143963094685,-0.040919754261378345,0.2458581830975761,-0.2200071895867306,0.009708742952226488,1.5178382220374784,-0.9000588213515957,-0.12716714462639372,-0.10618487618330075,-0.3632055507520143,-1.4829117531232494
1731072467.23,1.5345349014458474,-0.05859395787069554,-0.16079260305988133,1.4509245878454857,1.5200388556306241,1.3238737872461357,0.12348246493611939,-0.1264435866502287,-0.08281471181764642,1.5167536930647776,0.519442976377961,0.33794892120271064,-0.2200071895867306,-0.07356745610750391,1.5186044815620776,-0.9000588213515957,-0.6296188661425549,-0.10618487618330075,-0.3185671032616714,-1.4780054517831687
1731072467.73,-0.4742677878317513,0.643561538025522,-0.16079260305988133,-0.21778685877258225,1.5214443554790404,-0.40881180358707603,0.17454442809946552,-0.1264435866502287,-0.35773760141079847,1.519407704787678,0.039132064401382796,0.6685310579903726,-0.2200071895867306,0.10579666494422305,1.5186293592745972,0.9600569007030418,-0.2319078358185845,-0.10618487618330075,-0.3058132611215734,-1.4769627672973396
1731072468.23,-0.4742677878317513,-0.12062182853290533,-0.16079260305988133,-0.13252423011326486,1.5228436835013845,-0.40881180358707603,0.43958033213778736,-0.1264435866502287,0.488453630194098,1.5205953839780004,-0.5212306662379566,0.352116727065039,1.8826579511731376,0.10579666494422305,1.5194901130436722,-0.9000588213515957,0.8154990761033227,-0.10618487618330075,-0.2579863530962061,-1.469760256235989
1731072468.73,-0.4742677878317513,-0.053631728217718735,-0.16079260305988133,-0.06553216473808696,1.521761237165425,-0.40881180358707603,0.26207922209377366,-0.1264435866502287,0.23138287628881296,1.519629456823243,-0.5212306662379566,-0.19334379863460352,1.8826579511731376,-0.01911763364537252,1.5192348159489393,0.9600569007030418,0.15973127037830268,-0.10618487618330075,-0.28030557684137747,-1.4796266006662353
1731072469.23,-0.4742677878317513,-0.3488843925698383,-0.16079260305988133,-0.21778685877258225,1.5212360698173357,1.3238737872461357,0.34231944992188945,-0.1264435866502287,-0.3898714456489591,1.5183783408498646,0.519442976377961,1.0746748260437864,-0.2200071895867306,9.995075302681723e-05,1.5196714137410998,0.9600569007030418,0.7729956072137381,-0.10618487618330075,-0.3759593928921122,-1.4823968705626278
1731072469.73,1.5345349014458474,-0.3215921294784658,-0.16079260305988133,-0.09293800966429612,1.5229369084143065,-1.8939708814441196,-1.1579296582583345,-0.1264435866502287,-0.31489247575991763,1.521035849190074,-0.040919754261378345,0.675614960921537,-0.2200071895867306,0.16344941813942107,1.5199742332761195,-0.9000588213515957,-0.17118859454774926,-0.10618487618330075,2.7614857735719873,-1.4782492350545184
1731072470.23,-0.4742677878317513,-0.061075072697183944,-0.16079260305988133,-0.0838027280222264,1.521736917292867,1.3238737872461357,-1.155498136202937,-0.1264435866502287,0.5812847357710064,1.5191670719879715,-0.040919754261378345,0.5906081257475667,-0.2200071895867306,0.05454977321515821,1.5201257956634409,0.9600569007030418,-0.016354529307119545,-0.10618487618330075,-0.08899794473990803,-1.485524434891776
1731072470.73,-0.4742677878317513,-0.1776874695421386,-0.16079260305988133,-0.15688498115878413,1.5232570767921645,-0.40881180358707603,-0.6764882912896404,-0.1264435866502287,-0.20063880735756873,1.5206522166965752,0.039132064401382796,0.23405167821230244,-0.2200071895867306,1.066675884864189,1.5209302632949273,-0.9000588213515957,0.5498523955434187,-0.10618487618330075,-0.42378630091747965,-1.4783092001985518
1731072471.23,1.5345349014458474,-0.10325402474748652,-0.16079260305988133,-0.2281401779669279,1.5236069661420046,1.0763472742699587,-0.9074828865523977,-0.1264435866502287,0.392052097479616,1.5210214731260088,0.519442976377961,0.12543183326778504,-0.2200071895867306,-0.038335218043771865,1.5212661256061624,-0.9000588213515957,0.18705492895017856,-0.10618487618330075,0.3318788458833248,-1.4787160864118838
1731072471.73,-0.4742677878317513,-0.13550851749183576,-0.16079260305988133,-0.20834706774244352,1.5210417621061172,-0.16128529061090793,-0.462514350414665,-0.1264435866502287,0.3063618461778544,1.5178494802228097,-0.040919754261378345,0.14904484303833235,-0.2200071895867306,0.21789924060155247,1.5208718834484327,0.9600569007030418,1.1312391307116658,-0.10618487618330075,0.0895558452214635,-1.4948768786382411
1731072472.23,-0.4742677878317513,-0.011452776167415883,-0.16079260305988133,1.1220544487309763,1.5245583355662053,-0.40881180358707603,-0.7956328720041151,-0.1264435866502287,0.0885657907858769,1.522016039472797,-0.5212306662379566,0.14432224108422287,1.8826579511731376,0.33640767772501495,1.522029318052304,0.9600569007030418,-0.1043974291498305,-0.10618487618330075,-0.28349403737640194,-1.477959817935466
1731072472.73,-0.4742677878317513,-0.061075072697183944,-0.16079260305988133,-0.2126101991754094,1.5260015147181145,-0.40881180358707603,-0.7129611221206021,-0.1264435866502287,-0.0221174504788986,1.5238042157814307,-0.040919754261378345,0.32614241631743696,-0.2200071895867306,0.2435226864660849,1.5225869106693324,-2.7601745434062304,0.15365934625121916,7.103020976823845,-0.3345094059367939,-1.4728434290488044
1731072473.23,-0.18729597507781445,0.04561286484181738,-0.16079260305988133,-0.10511838518705575,1.522674241132526,1.3238737872461357,-0.5378915341319859,-0.1264435866502287,-0.16136410884426133,1.519401416059559,0.039132064401382796,0.27891639677634233,-0.2200071895867306,0.14102890300795523,1.5221768543324752,0.9600569007030418,-0.028498377561286595,-0.10618487618330075,-0.3121901821916224,-1.4918284217307087
1731072473.73,1.5345349014458474,0.19696086925760997,-0.16079260305988133,-0.09598310354498603,1.5244741731564295,-0.16128529061090793,-0.8296741807796794,-0.1264435866502287,-0.21849094304543584,1.5216798429070373,0.519442976377961,0.44184616419311884,-0.2200071895867306,0.5413952446412744,1.5227911466099224,-0.9000588213515957,0.23107637887153393,-0.10618487618330075,-0.2739286557713286,-1.4850253446155313
1731072474.23,-0.4742677878317513,0.16470637651326073,-0.16079260305988133,-0.2308807624595488,1.5244442976901174,-0.40881180358707603,-0.7275502544529868,-0.1264435866502287,-0.27561777724661024,1.5219995871277174,-0.040919754261378345,0.5835242228164025,-0.2200071895867306,-0.047944010242971534,1.522795596043521,0.9600569007030418,-0.051268093037849814,-0.10618487618330075,-0.022040273504393727,-1.489231266197529
1731072474.73,-0.18729597507781445,0.44507235190644995,-0.16079260305988133,0.14762440691020634,1.5245057659969037,-0.16128529061090793,-0.8637154895552437,-0.1264435866502287,0.04215023799742254,1.5208799099121793,-0.040919754261378345,0.5197690964359247,-0.2200071895867306,0.08337614981275722,1.5237125089052168,-0.9000588213515957,-0.48692864915609224,-0.10618487618330075,-0.35682862968196527,-1.4863679830842313
1731072475.23,-0.4742677878317513,0.5021379929156833,-0.16079260305988133,0.0014599006370909534,1.5254688050264578,-0.40881180358707603,-0.42117847547290865,-0.1264435866502287,0.47060149450623073,1.5225411515145115,0.039132064401382796,0.5481047081605815,-0.2200071895867306,0.0161146044183596,1.5238880127154406,0.9600569007030418,0.13999751696528107,-0.10618487618330075,-0.12088255009015297,-1.4857815206503224
1731072475.73,1.5345349014458474,0.2763565437052386,-0.16079260305988133,-0.21139216162313343,1.5248183094090775,1.3238737872461357,-0.4673773945254599,-0.1264435866502287,-0.1970683802199954,1.521249402155136,0.519442976377961,1.0959265348372789,-0.2200071895867306,1.8193646071348295,1.5242290806431904,-0.9000588213515957,0.2295583978397629,-0.10618487618330075,0.8165248472070474,-1.4897044204968788
1731072476.23,-0.4742677878317513,0.3334221847144718,-0.16079260305988133,-0.06857725861877687,1.5259046763411281,-0.40881180358707603,-0.5427545782427808,-0.1264435866502287,3.53402797854421,1.5232895672266067,-0.040919754261378345,1.313166224726314,-0.2200071895867306,0.06415856541435788,1.5243040376828196,0.9600569007030418,0.00034326204236014875,-0.10618487618330075,0.6347825967106516,-1.489422725897744
1731072476.73,-0.4742677878317513,0.16470637651326073,-0.16079260305988133,-0.1447046056360245,1.5276335286468896,-0.40881180358707603,-0.1585740934899843,-0.1264435866502287,0.3277844090032948,1.525171443126481,-0.040919754261378345,1.3367792344968614,-0.2200071895867306,-0.03513228731070531,1.5250784969085323,-0.9000588213515957,0.18250098585486574,-0.10618487618330075,0.3924595960487902,-1.481688303226249
1731072477.23,-0.4742677878317513,-0.1900930436745806,-0.16079260305988133,1.511826465459284,1.527827797781522,1.3238737872461357,-0.528165445910396,-0.1264435866502287,-0.27204735010903686,1.5253981165431256,0.519442976377961,1.3273340305886425,-0.2200071895867306,-0.044741079509904975,1.5253487336443892,0.9600569007030418,-0.605331169634221,-0.10618487618330075,-0.3759593928921122,-1.4831330404820282
1731072477.73,1.5345349014458474,-0.14047074714481256,-0.16079260305988133,-0.06857725861877687,1.5264637008365889,-0.40881180358707603,-0.559775232630563,-0.1264435866502287,0.4848832030565244,1.5232453396986319,-0.040919754261378345,1.1431525543783734,-0.2200071895867306,0.16024648740635444,1.525507732326916,-0.9000588213515957,0.14910540315590634,-0.10618487618330075,0.5168095569147454,-1.4909372403074876
1731072478.23,-0.4742677878317513,0.010877257270979743,-0.16079260305988133,-0.03203613205049803,1.527095048401226,-0.40881180358707603,-0.2752871521490618,-0.1264435866502287,0.5598621729455658,1.5241132978846426,-0.040919754261378345,1.2423271954146722,-0.2200071895867306,-0.01271177217923941,1.5258241397901098,-0.9581874376658017,-0.20610215827847955,-0.10618487618330075,0.7463787154365087,-1.490487680730863
1731072478.73,-0.4742677878317513,1.1025677809258758,-0.16079260305988133,0.09890290481916794,1.5270726870340707,-0.40881180358707603,1.3027706618038806,-0.1264435866502287,-0.21849094304543584,1.523749404079934,-0.040919754261378345,2.7323081119362067,-0.2200071895867306,7.3668406368061,1.5262279478215242,1.018185517017248,1.899337532787731,-0.10618487618330075,0.4944903331695739,-1.4917152269333742
1731072479.23,-0.18729597507781445,0.5467980597924742,-0.16079260305988133,-0.2065200114140296,1.5288934933087306,1.3238737872461357,-0.19747844637634346,-0.1264435866502287,-0.3434558928605049,1.5263916577659336,0.039132064401382796,0.9943905928239255,-0.2200071895867306,-0.04153814877683842,1.526653293380257,0.9600569007030418,0.8291609053892605,-0.10618487618330075,2.633947352171008,-1.4862338421800705
1731072479.73,1.5345349014458474,1.177001225720528,-0.16079260305988133,-0.09293800966429612,1.5269877993849856,-0.16128529061090793,0.6195129642371979,-0.1264435866502287,-0.27561777724661024,1.5240559060869834,0.519442976377961,0.7086731746003032,-0.2200071895867306,-0.028726425844572193,1.526404242646289,-0.9000588213515957,1.0720378704726015,-0.10618487618330075,-0.10494024741503043,-1.498977951485744
1731072480.23,-0.4742677878317513,0.28131877335821537,-0.16079260305988133,-0.2351438938925147,1.527101932127696,-0.40881180358707603,0.2134487809858247,-0.1264435866502287,0.006445966621688642,1.5237827322661115,0.039132064401382796,0.507962591550651,-0.2200071895867306,-0.025523495111505635,1.5268853042108133,0.9600569007030418,0.5437804714163351,-0.10618487618330075,-0.30262480058654895,-1.4991496533012634
1731072480.73,-2.196098664355413,0.08034847241265503,4.2614553726044715,0.041046121086059685,1.5289003108381392,-0.40881180358707603,-0.049155600997099404,-0.1264435866502287,2.034448580763381,1.5259325426632502,-0.040919754261378345,0.4796269798259943,-0.2200071895867306,1.934670113525225,1.527571862104834,-0.9000588213515957,0.0018612430741310301,-0.10618487618330075,-0.19421714239571627,-1.4918177951122844
1731072481.23,-0.4742677878317513,0.7105516383407088,4.12326012336496,0.05322649660881932,1.5293715551647047,1.3238737872461357,-0.17073170376697153,-0.1264435866502287,-0.0221174504788986,1.5265281248054003,0.519442976377961,1.1809333700112492,-0.2200071895867306,-0.01911763364537252,1.5278928626930501,0.9600569007030418,0.8018372468173847,-0.10618487618330075,-0.34726324807689185,-1.4919030816021426
1731072481.73,-0.4742677878317513,0.18455529512516794,-0.16079260305988133,-0.1964712016077529,1.5313100699912177,-0.40881180358707603,0.8164662507243915,-0.1264435866502287,-0.0863851389552199,1.5288566768829401,-0.040919754261378345,0.5457434071835268,-0.2200071895867306,-0.04153814877683842,1.5286096376111982,-0.9000588213515957,0.7881754175314468,-0.10618487618330075,-0.2516094320261571,-1.4838499894304618
1731072482.23,-0.4742677878317513,0.17463083581921435,-0.16079260305988133,-0.05335178921532732,1.5302466320133963,-0.40881180358707603,-0.23151975515190773,-0.1264435866502287,-0.08995556609279323,1.5270748577873887,-0.040919754261378345,0.9400806703516664,-0.2200071895867306,0.20829044840235286,1.5288406146502458,0.9309925925459387,0.4086801595887269,-0.10618487618330075,-0.10494024741503043,-1.4900544920551384
1731072482.73,-0.4742677878317513,0.6981460642082667,-0.16079260305988133,0.0197304639212304,1.5300647210955691,-0.40881180358707603,-0.6594676369018583,-0.1264435866502287,0.42061551458020324,1.5265392088976044,-0.040919754261378345,0.8574351361547511,-0.2200071895867306,0.012911673685293043,1.5291917820245124,-0.87099451319449,0.6682549160215474,-0.10618487618330075,-0.277117116306353,-1.4922383164320885
1731072483.23,1.5345349014458474,1.5615740238262301,-0.16079260305988133,0.2450674110922834,1.5311104812128449,1.3238737872461357,0.45416946447017204,-0.1264435866502287,0.3492069718287353,1.5284484751373313,-0.040919754261378345,1.5044316038677472,-0.2200071895867306,0.1250142493426224,1.5293035074421752,0.9309925925459387,0.2781337908564311,-0.10618487618330075,-0.21653636614088767,-1.4918274962586224
1731072483.73,-0.18729597507781445,0.32845995506149506,-0.16079260305988133,-0.16297516892016395,1.5305424032689368,-0.16128529061090793,0.048105281218798514,-0.1264435866502287,-0.22563179732058264,1.527172325638416,0.519442976377961,0.987306689892761,-0.2200071895867306,-0.047944010242971534,1.5297136234648459,-0.9000588213515957,0.6925426125298815,-0.10618487618330075,1.597697678288048,-1.4949483763275357
1731072484.23,-0.4742677878317513,0.36319556263233266,-0.16079260305988133,-0.12947913623257495,1.530686085539908,-0.40881180358707603,-0.44549369602688316,-0.1264435866502287,0.48131277591895105,1.5279116911074526,-0.040919754261378345,1.471373390188981,-0.2200071895867306,-0.015914702912305966,1.5296419794141929,-0.9000588213515957,0.4754713249866457,-0.10618487618330075,-0.2516094320261571,-1.4990980026648617
1731072484.73,-0.4742677878317513,0.50710022256866,-0.16079260305988133,-0.19373061711513198,1.5313046490240572,-0.40881180358707603,0.1818389942656579,-0.1264435866502287,0.3563478261038821,1.5279562207309545,-0.040919754261378345,1.1785720690341945,-0.2200071895867306,-0.04153814877683842,1.5304184882877114,0.9600569007030418,0.6591470298309221,-0.10618487618330075,-0.2739286557713286,-1.4952951204831575
1731072485.23,1.5345349014458474,0.6683726862904059,-0.16079260305988133,-0.2732075674011385,1.5342358935401452,1.3238737872461357,-0.08805995388345857,-0.1264435866502287,1.3632082788995814,1.53210234318438,0.519442976377961,1.3698374481756277,-0.2200071895867306,0.3428135391911481,1.5310330771834486,0.9600569007030418,0.48457921117727093,-0.10618487618330075,-0.16233253704547132,-1.484468193410387
1731072485.73,-0.4742677878317513,0.7130327531671972,-0.16079260305988133,-0.10511838518705575,1.5328315112668995,-0.16128529061090793,0.08457811204976023,-0.1264435866502287,0.2528054391142534,1.5298259358313446,-0.040919754261378345,1.7972329250225334,-0.2200071895867306,0.26274027086448426,1.5312247848235445,-0.9000588213515957,-0.3988857493133813,-0.10618487618330075,-0.30262480058654895,-1.4921749334780354
1731072486.23,-0.4742677878317513,-0.08340510613557929,-0.16079260305988133,-0.05639688309601723,1.5342643590468923,-0.40881180358707603,-0.08319690977266368,-0.1264435866502287,-0.07567385754249961,1.5319255592343863,-0.040919754261378345,1.9955822070951308,-0.2200071895867306,0.03212925808369231,1.5315939554571294,0.9600569007030418,0.7441539676100914,-0.10618487618330075,-0.35364016914694085,-1.4884862786805266
1731072486.73,-0.4742677878317513,-0.16031966575671977,-0.16079260305988133,-0.20712903019016757,1.5342152148486141,-0.40881180358707603,-0.12210126265902284,-0.1264435866502287,0.15640390639977153,1.5320624454723233,0.039132064401382796,1.8657106533571208,-0.2200071895867306,0.09939080347808993,1.5316852135714296,-0.9000588213515957,0.00034326204236014875,-0.10618487618330075,-0.2324786688160102,-1.4921177134887549
1731072487.23,1.5345349014458474,-0.1727252398891618,-0.16079260305988133,-0.11425366682912548,1.534819725523917,1.3238737872461357,-0.1512795273237922,-0.1264435866502287,0.08142493651073009,1.5320843505011084,0.519442976377961,1.7405617015732202,-0.2200071895867306,0.24992854793221803,1.5324613433085799,0.9600569007030418,0.38591044411216385,-0.10618487618330075,-0.18465176079064272,-1.4883680537847668
1731072487.73,-0.4742677878317513,0.7254383272996392,-0.16079260305988133,-0.09902819742567594,1.533713863496208,-0.40881180358707603,-0.07590234360647133,-0.1264435866502287,0.26351672052697356,1.5307162447892215,-0.5212306662379566,0.6874214658068104,-0.2200071895867306,-0.07356745610750391,1.5324149339726125,-0.9000588213515957,0.02614893958246513,-0.10618487618330075,-0.006097970829271184,-1.4967722836360218
1731072488.23,-0.4742677878317513,-0.2521209143367907,-0.16079260305988133,0.05018140272812941,1.5356156131475764,-0.40881180358707603,-0.039429512775509615,-0.1264435866502287,0.21710116773851934,1.5329533777813518,0.519442976377961,0.049870202002033605,-0.2200071895867306,0.14423183374102172,1.533149247621125,0.9891212088601449,-0.2531595702633767,-0.10618487618330075,0.5168095569147454,-1.4887203186406914
1731072488.73,-0.4742677878317513,-0.2620453736427443,-0.16079260305988133,1.2864895182882308,1.5359807916480934,-1.8939708814441196,0.27666835442615834,3.6343820078787594,-0.3398854657229315,1.534184309955091,-0.040919754261378345,0.2529420860287403,-0.2200071895867306,0.31078423186048254,1.5330055757999803,-0.9000588213515957,0.6515571246720676,-0.10618487618330075,-0.3440747875418674,-1.4926134554703585
1731072489.23,-0.4742677878317513,-0.2893376367341167,-0.16079260305988133,-0.0838027280222264,1.534467592766837,1.3238737872461357,0.11132485465913215,-0.1264435866502287,0.3277844090032948,1.5306441934384463,0.519442976377961,0.1325157361989492,-0.2200071895867306,-0.1184084863704357,1.5338187103222405,0.9600569007030418,-0.017872510338890427,-0.10618487618330075,-0.20059406346576525,-1.4961193060050628
1731072489.73,1.2475630886919002,0.04561286484181738,-0.16079260305988133,-0.1995162954884428,1.5359757816270174,-0.40881180358707603,0.27909987648155576,-0.1264435866502287,0.9026231781526127,1.53273152758684,-0.040919754261378345,0.2104386684417551,-0.2200071895867306,0.1218113186095559,1.5342662827696891,-0.9000588213515957,0.6303053902272752,-0.10618487618330075,-0.3217555637966959,-1.4915834970632882
1731072490.23,-0.18729597507781445,-0.056112843044207134,-0.16079260305988133,-0.1203438545905053,1.5372407309121068,-0.40881180358707603,0.5417042584644801,-0.1264435866502287,-0.3041811943471974,1.534578600769597,-0.040919754261378345,1.39108915696912,-0.2200071895867306,2.3318335244254778,1.534621307142151,0.9891212088601449,-0.1377930118487899,-0.10618487618330075,-0.3345094059367939,-1.4885956022018256
1731072490.73,-0.18729597507781445,-0.1851308140216038,-0.16079260305988133,-0.11120857294843557,1.5356147886333402,-0.16128529061090793,-0.14884800526839476,-0.1264435866502287,0.267087147664547,1.5322353109831544,-0.040919754261378345,0.3780910378126411,-0.2200071895867306,0.00650581221915993,1.5346415695787419,-0.9291231295086987,-0.004210681052952495,-0.10618487618330075,-0.30262480058654895,-1.4983565103258147
1731072491.23,1.5345349014458474,-0.35880885187579187,-0.16079260305988133,-0.22966272490727285,1.5351347029572182,-0.40881180358707603,-1.050942687820847,-0.1264435866502287,0.25637586625182673,1.531734541801187,0.519442976377961,0.7984026117283831,-0.2200071895867306,0.051346842482091655,1.5346904469604679,0.9600569007030418,1.0082826671382246,-0.10618487618330075,-0.32494402433172037,-1.5038324988987748
1731072491.73,-0.4742677878317513,-0.14295186197130097,-0.16079260305988133,-0.05639688309601723,1.5368153058708989,-0.40881180358707603,-1.2406014081418477,3.5168562080497283,-0.3720193099610921,1.5331562266876932,0.039132064401382796,0.413510552468462,-0.2200071895867306,-0.04153814877683842,1.535682756824881,-0.9000588213515957,0.31001139252361976,-0.10618487618330075,-0.3504517086119163,-1.4946624351653064
1731072492.23,-0.4742677878317513,-0.10821625440046333,-0.16079260305988133,-0.025945944289118218,1.5355424595934553,-0.40881180358707603,-0.7761806955609355,-0.1264435866502287,-0.27561777724661024,1.5322983074575123,-0.040919754261378345,0.09709622154312825,-0.2200071895867306,0.16024648740635444,1.5351859298516322,-0.9000588213515957,0.8276429243574898,-0.10618487618330075,-0.15276715544039793,-1.5069850168309917
1731072492.73,-0.4742677878317513,-0.24467756985732547,-0.16079260305988133,-0.2092605959066505,1.5385413646928614,-0.40881180358707603,-0.8880307101092181,-0.1264435866502287,-0.3291741843102112,1.536222896286352,0.039132064401382796,0.4654591739636659,-0.2200071895867306,0.16024648740635444,1.5359915627087488,0.9600569007030418,0.04588269299548642,-0.10618487618330075,-0.2675517347012796,-1.4945057427081252
1731072493.23,1.5345349014458474,0.3185354957555414,-0.16079260305988133,-0.12947913623257495,1.537446288348866,-0.40881180358707603,-1.279505761028207,3.5168562080497283,-0.26490649583389003,1.5337688328912966,0.519442976377961,1.2328819915064533,-0.2200071895867306,0.022520465884492715,1.5365778247847144,0.9600569007030418,0.015523072360068961,-0.10618487618330075,2.920908800323212,-1.4982017259946196
1731072493.73,-0.4742677878317513,-0.11814071370641693,-0.16079260305988133,-0.016810662647048495,1.5398546364920414,-0.40881180358707603,-0.7080980780098073,-0.1264435866502287,-0.16493453598183466,1.537501472835405,-0.5212306662379566,0.20807736746470037,1.8826579511731376,-0.05755280244217113,1.5369344961255178,-0.9000588213515957,0.2887596580788274,-0.10618487618330075,-0.2930594189814755,-1.4911358100112289
1731072494.23,-0.4742677878317513,0.12252742446295788,-0.16079260305988133,-0.2646813045352068,1.5384322885860677,-0.40881180358707603,-0.49898718124562674,-0.1264435866502287,-0.21135008877028902,1.5350622805006604,-0.040919754261378345,0.32614241631743696,-0.2200071895867306,-0.015914702912305966,1.5372024374375575,0.9600569007030418,0.20527070133142913,-0.10618487618330075,-0.18465176079064272,-1.4983450884825498
1731072494.73,-0.4742677878317513,0.05057509449479419,-0.16079260305988133,-0.08989291578360621,1.5371726562579333,-0.40881180358707603,-0.5743643649629476,-0.1264435866502287,2.3165123246316797,1.5335854318757938,-0.040919754261378345,0.8456286312694777,-0.2200071895867306,2.0627873428478876,1.5370728990963063,-0.9000588213515957,0.3509968803814334,-0.10618487618330075,-0.17189791865054474,-1.5079094255147292
1731072495.23,-0.18729597507781445,0.23665870648142412,-0.16079260305988133,-0.1233889484711952,1.541381151357827,-0.40881180358707603,-0.8077904822811023,-0.1264435866502287,-0.3648784556859453,1.5393269211643075,-0.040919754261378345,0.31433591143216333,1.8169496655243917,0.051346842482091655,1.53798215258704,0.9600569007030418,-0.18788638589722897,-0.10618487618330075,-0.2739286557713286,-1.4903642569495341
1731072495.73,1.5345349014458474,0.0604995538007478,-0.16079260305988133,-0.2220499902055481,1.5386403316216963,1.3238737872461357,-0.09049147593885602,-0.1264435866502287,0.01715724803440878,1.534899747997322,-0.040919754261378345,0.9141063596040647,-0.2200071895867306,-0.07036452537443735,1.5381414337814803,-0.9000588213515957,0.2143785875220544,-0.10618487618330075,-0.3185671032616714,-1.503063914804765
1731072496.23,-0.4742677878317513,0.09275404654509704,-0.16079260305988133,-0.07162235249946677,1.5398115387931126,-0.40881180358707603,-0.8612839674998461,-0.1264435866502287,0.10641792647374385,1.536647447509492,-0.040919754261378345,0.7252022814396861,-0.2200071895867306,0.3492194006572812,1.5384647233281488,0.9891212088601449,0.09749404807569638,-0.10618487618330075,-0.15914407651044676,-1.5006427774398459
1731072496.73,-0.4742677878317513,0.2937243474906574,-0.16079260305988133,-0.05335178921532732,1.5395543859653362,-0.40881180358707603,-0.7421393867853715,-0.1264435866502287,-0.3077516214847708,1.5361896591047608,-0.040919754261378345,0.5764403198852383,-0.2200071895867306,0.4965542143783427,1.538700005345478,-0.9000588213515957,0.03373884474131954,-0.10618487618330075,-0.1750863791855693,-1.5039501859237843
1731072497.23,-0.18729597507781445,0.4872513039567528,-0.16079260305988133,-0.19129454201058005,1.5415695476886249,1.3238737872461357,-0.7859067837825253,-0.1264435866502287,0.25994629338940023,1.5395839406156586,0.519442976377961,0.7204796794855767,-0.2200071895867306,-0.07997331757363703,1.5388784876707504,0.9600569007030418,-0.13931099288056076,-0.10618487618330075,-0.22291328721093664,-1.4995964247999107
1731072497.73,1.5345349014458474,0.1448574579013535,-0.16079260305988133,-0.2028658987572017,1.5410912693007637,-0.40881180358707603,-0.7713176514501406,-0.1264435866502287,0.3563478261038821,1.5380372513779077,-0.040919754261378345,0.5906081257475667,-0.2200071895867306,0.2563344093983511,1.539528455527339,-0.9000588213515957,-0.7161437849534952,-0.10618487618330075,0.8675402157674393,-1.5006301582163404
1731072498.23,-2.196098664355413,1.072794403008015,4.2614553726044715,0.0197304639212304,1.5395588547057872,-0.40881180358707603,-0.2777186742044592,-0.1264435866502287,-0.3720193099610921,1.5361815399195664,-1.081593396877296,1.1809333700112492,4.051031377581752,0.429292668983945,1.5393579096249117,0.9600569007030418,0.548334414511648,-0.10618487618330075,-0.3632055507520143,-1.5114669197249517
1731072498.73,-0.4742677878317513,0.17463083581921435,-0.16079260305988133,0.9088978770826828,1.5433230648194007,-0.40881180358707603,-0.5233024017996012,-0.1264435866502287,0.0849953636483034,1.5405752273359796,0.039132064401382796,1.190378573919468,-0.2200071895867306,-0.04153814877683842,1.5406189502918293,-0.9000588213515957,0.6287874091955045,-0.10618487618330075,-0.21015944507083867,-1.4929055038942842
1731072499.23,-0.18729597507781445,-0.10325402474748652,-0.16079260305988133,-0.13252423011326486,1.5444021039376976,1.3238737872461357,-0.31905454914621584,-0.1264435866502287,2.034448580763381,1.5421109664327768,0.519442976377961,1.7547295074355487,-0.2200071895867306,0.3492194006572812,1.5409764855459165,0.9600569007030418,0.25688205641163875,-0.10618487618330075,-0.20059406346576525,-1.4905591008756605
1731072499.73,1.5345349014458474,-0.056112843044207134,-0.16079260305988133,-0.15383988727809422,1.5429747269698244,-0.40881180358707603,-0.2534034536504848,-0.1264435866502287,-0.18278667166970178,1.5408781904187212,-0.040919754261378345,1.5067929048448017,-0.2200071895867306,-0.060755733175237685,1.54054841873479,-0.9000588213515957,0.10053001013923815,-0.10618487618330075,-0.2516094320261571,-1.5029220568703876
1731072500.23,-0.4742677878317513,-0.08588622096206769,-0.16079260305988133,-0.1477496995167144,1.5437195853224948,-0.40881180358707603,-0.30203389475843373,-0.1264435866502287,0.03500938372227573,1.5409726701213886,-0.040919754261378345,1.0014744957550894,-0.2200071895867306,0.22750803280075205,1.5414154662334703,0.9600569007030418,-0.17877849970660367,-0.10618487618330075,-0.2324786688160102,-1.4980050855941884
1731072500.73,-0.4742677878317513,0.18703640995165635,-0.16079260305988133,-0.15688498115878413,1.5423174326466713,-0.16128529061090793,-0.18045779198856132,-0.1264435866502287,0.013586820896835454,1.539228582471103,-0.040919754261378345,0.9141063596040647,-0.2200071895867306,0.11860838787648927,1.5413042500155785,-0.9000588213515957,0.03373884474131954,-0.10618487618330075,-0.2484209714911326,-1.5079407410431866
1731072501.23,1.5345349014458474,-0.06603730235016074,-0.16079260305988133,-0.1477496995167144,1.5455105164162826,1.3238737872461357,-0.19747844637634346,-0.1264435866502287,-0.22563179732058264,1.5430845784298506,0.519442976377961,0.34975542608798427,-0.2200071895867306,0.060955634681291324,1.5423328752233543,-0.9000588213515957,-0.5567557766175528,-0.10618487618330075,-0.3887132350322102,-1.4931251159265375
1731072501.73,-0.4742677878317513,0.10267850585105065,-0.16079260305988133,-0.18794493874182114,1.5445614508793268,-0.40881180358707603,0.5319781702428904,-0.1264435866502287,0.1885377506379321,1.5421132457304148,-0.040919754261378345,0.40878795051435257,-0.2200071895867306,-0.028726425844572193,1.5422076736850798,0.9600569007030418,0.127853668711114,-0.10618487618330075,-0.14639023437034893,-1.5015523977224168
1731072502.23,-0.18729597507781445,-0.0015283168614622714,-0.16079260305988133,-0.20377942692140866,1.5428129155210757,-0.16128529061090793,0.11861942082532449,-0.1264435866502287,-0.16493453598183466,1.5392717080144223,-0.5212306662379566,0.39698144562907894,1.8826579511731376,0.0257233966175592,1.5423974135481802,0.9600569007030418,-0.07403780851441287,-0.10618487618330075,1.5179861649124358,-1.510500111554244
1731072502.73,-0.4742677878317513,0.2986865771436342,-0.16079260305988133,-0.2412340816538945,1.5455448961274707,-0.40881180358707603,0.18670203837645277,-0.1264435866502287,-0.029258304754045415,1.5425581009513845,0.039132064401382796,0.7110344755773578,-0.2200071895867306,9.995075302681723e-05,1.5433160213083015,-0.9000588213515957,-0.04519616891076629,-0.10618487618330075,-0.3376978664718184,-1.49813600898693
1731072503.23,-0.18729597507781445,0.48228907430377604,-0.16079260305988133,-0.0015851932435989545,1.5447735956766726,1.3238737872461357,0.24262704565059406,-0.1264435866502287,-0.23277265159572946,1.5421489766215042,0.519442976377961,0.9235515635122836,-0.2200071895867306,9.995075302681723e-05,1.5430370059618752,0.9600569007030418,0.2341123409350757,-0.10618487618330075,-0.2994363400515244,-1.5070653554501445
1731072503.73,1.5345349014458474,0.22177201752249398,-0.16079260305988133,0.062361778250889045,1.5445618922411737,-0.40881180358707603,-0.1585740934899843,-0.1264435866502287,0.6598341327976212,1.5410473828557971,-0.5212306662379566,0.7818735048889996,1.8826579511731376,0.0161146044183596,1.5436840540252037,-0.9000588213515957,-0.1286851256581646,-0.10618487618330075,0.07680200308136552,-1.507174300922468
1731072504.23,-0.4742677878317513,0.6385993083725451,-0.16079260305988133,1.1707759508220144,1.5449643992211481,-0.40881180358707603,-0.7542969970623588,-0.1264435866502287,0.17068561495006515,1.5421699014590347,-0.5212306662379566,0.8196543205218754,1.8826579511731376,2.626503151867601,1.5436382736292305,0.9600569007030418,0.4678814198277911,-0.10618487618330075,-0.2994363400515244,-1.5102082193817066
1731072504.73,-0.4742677878317513,0.45003458155942677,-0.16079260305988133,-0.09293800966429612,1.5452722385874678,-0.40881180358707603,-0.5962480634615246,-0.1264435866502287,-0.3113220486223442,1.5413077757757692,-0.040919754261378345,1.251772399322891,-0.2200071895867306,0.0257233966175592,1.5446396123763109,-0.9000588213515957,0.5953918264965451,-0.10618487618330075,-0.3440747875418674,-1.50585681075083
1731072505.23,-0.4742677878317513,0.6361181935460567,-0.16079260305988133,0.0197304639212304,1.546635532482403,1.3238737872461357,-0.007819726055342792,-0.1264435866502287,-0.1506528274315412,1.5431519174132395,0.519442976377961,1.069952224089677,-0.2200071895867306,0.1346230415418221,1.5450894479014674,0.9600569007030418,0.4147520837158104,-0.10618487618330075,-0.3281324848667449,-1.5018180932039353
1731072505.73,1.5345349014458474,0.5294302560070556,-0.16079260305988133,-0.16602026280085386,1.5448274461845746,-0.40881180358707603,-0.6667622030680507,-0.1264435866502287,-0.018547023341325276,1.5411988648634953,-0.040919754261378345,1.0841200299520053,-0.2200071895867306,0.11860838787648927,1.5447139857427123,-0.9000588213515957,0.4860971922090417,-0.10618487618330075,-0.15914407651044676,-1.5151461183816588
1731072506.23,-0.4742677878317513,0.8643807575829895,-0.16079260305988133,-0.22174548081747913,1.5460107973841097,-0.40881180358707603,-0.265561063927472,-0.1264435866502287,-0.1934979530824219,1.54276303787838,-0.040919754261378345,1.2234367875982344,-0.2200071895867306,0.2435226864660849,1.5451539405294932,0.9600569007030418,-0.3017349632800449,-0.10618487618330075,-0.09537486580995702,-1.511820213667412
1731072506.73,-0.4742677878317513,0.13245188376891148,-0.16079260305988133,0.05322649660881932,1.5478816064888583,-0.16128529061090793,-0.21936214487492048,-0.1264435866502287,-0.12923026460610076,1.5446242488646382,-0.040919754261378345,1.452482982372543,-0.2200071895867306,-0.07997331757363703,1.546074057930986,-0.9000588213515957,0.4238599699064357,-0.10618487618330075,0.1054981478965859,-1.5025084182147128
1731072507.23,-0.4742677878317513,-0.28685652190762834,-0.16079260305988133,-0.15688498115878413,1.547512073364295,-0.40881180358707603,-0.42604151958370357,3.5168562080497283,-0.10066684750551352,1.544319467547048,0.519442976377961,1.4902637980054187,-0.2200071895867306,0.1378259722748886,1.5461154309420397,0.9600569007030418,-0.29414505812119046,-0.10618487618330075,-0.35364016914694085,-1.5076454146197547
1731072507.73,1.5345349014458474,-0.4357234114969324,-0.16079260305988133,-0.22357253714589304,1.5461050786076396,-0.40881180358707603,-0.007819726055342792,-0.1264435866502287,-0.11494855605580714,1.5427662588599982,0.039132064401382796,1.7547295074355487,-0.2200071895867306,0.3203930240596821,1.5458904358952597,-0.9000588213515957,0.12026376355225978,-0.10618487618330075,-0.3504517086119163,-1.5184370472338806
1731072508.23,-0.4742677878317513,-0.47542124872074665,-0.16079260305988133,-0.11425366682912548,1.5498991014860604,-0.40881180358707603,0.16968138398867064,-0.1264435866502287,0.06000237368528965,1.5469419239913644,-0.040919754261378345,2.0805890422691014,-0.2200071895867306,-0.08637917903977015,1.5473042603683291,0.9600569007030418,0.4086801595887269,-0.10618487618330075,-0.18465176079064272,-1.4986436432677834
1731072508.73,-0.4742677878317513,-0.458053444935328,-0.16079260305988133,0.013640276159850586,1.5473413366301219,-0.40881180358707603,0.3082781411463252,-0.1264435866502287,-0.0006948876534581689,1.5440447124035845,0.039132064401382796,1.079397427997896,-0.2200071895867306,0.8360648720833973,1.5467604323573487,-0.9000588213515957,-0.4064756544722357,-0.10618487618330075,-0.10175178688000601,-1.5158795529174005
1731072509.23,-0.4742677878317513,-0.23723422537786026,4.12326012336496,0.45213379497919687,1.548518812115484,-0.40881180358707603,0.10159876643754237,3.5168562080497283,-0.2577656415587432,1.5448478906731926,-0.040919754261378345,0.12779313424483976,-0.2200071895867306,0.17626114107168728,1.5476305546056128,0.9600569007030418,0.5331546041939391,-0.10618487618330075,-0.43016322198752865,-1.509403226195745
1731072509.73,-2.196098664355413,-0.3935444594466295,4.2614553726044715,-0.0868478219029163,1.548941709302281,-0.40881180358707603,0.043242237108003616,-0.1264435866502287,-0.36844888282351873,1.5462001813338802,0.519442976377961,0.049870202002033605,-0.2200071895867306,-0.10559676343816948,1.5474726307811206,-0.9000588213515957,0.21286060649028338,-0.10618487618330075,-0.11450562902010399,-1.51318997241967
1731072510.23,-2.196098664355413,0.33590329954096027,-0.16079260305988133,-0.1775916195474755,1.5496614581361963,-0.40881180358707603,0.12105094288072195,-0.1264435866502287,0.25994629338940023,1.5459551798992073,-0.040919754261378345,0.38753624172086,-0.2200071895867306,0.15704355667328795,1.548509980714133,0.9600569007030418,-0.08162771367326728,-0.10618487618330075,-0.060301799924687656,-1.5071096076322519
1731072510.73,-0.18729597507781445,-0.21490419193946464,4.12326012336496,-0.15688498115878413,1.5524257415177167,-0.40881180358707603,0.29855205292473536,-0.1264435866502287,0.44560850454321715,1.5502059970635151,-0.040919754261378345,0.47490437787188483,-0.2200071895867306,0.40046629238634596,1.5489068768686183,-0.9000588213515957,-0.6356907902696385,-0.10618487618330075,-0.3281324848667449,-1.498476062399495
1731072511.23,-0.4742677878317513,0.953700891336572,-0.16079260305988133,-0.028991038169808126,1.548483406885833,1.3238737872461357,0.5246836040766978,-0.1264435866502287,-0.37916016423623894,1.5451069087588294,0.519442976377961,0.22224517332702876,-0.2200071895867306,-0.03192935657763875,1.5483143678017048,0.9600569007030418,-0.40192171137692306,-0.10618487618330075,-0.2261017477459612,-1.5209966941318174
1731072511.73,1.5345349014458474,0.36319556263233266,-0.16079260305988133,-0.17058790362188872,1.550917047005556,-0.40881180358707603,1.6042793966731634,-0.1264435866502287,-0.27204735010903686,1.5474587769180512,-0.040919754261378345,1.1124556416766622,-0.2200071895867306,0.0769702883466241,1.5494857096652856,-0.9000588213515957,1.809776651913249,-0.10618487618330075,1.9675591003508892,-1.5078311865695917
1731072512.23,-2.196098664355413,-0.30422432569304714,4.2614553726044715,-0.0198557565277384,1.549281695473633,-0.40881180358707603,-0.11237517443743306,-0.1264435866502287,-0.24705436014602308,1.5457792129394399,-0.040919754261378345,0.7724283009807807,-0.2200071895867306,0.11540545714342279,1.5491171931369818,0.9600569007030418,0.35251486141320443,-0.10618487618330075,-0.3632055507520143,-1.520492658575494
1731072512.73,-0.18729597507781445,-0.016415005820392688,-0.16079260305988133,-0.17302397872644062,1.5507616656039482,-0.40881180358707603,-0.8466948351674615,-0.1264435866502287,-0.0863851389552199,1.5468092501523618,-0.040919754261378345,0.7181183785085222,-0.2200071895867306,-0.0031029799800397395,1.5501433876728345,-0.9000588213515957,0.04284673093194466,-0.10618487618330075,-0.20697098453581425,-1.5117904696356976
1731072513.23,-0.4742677878317513,-0.1776874695421386,-0.16079260305988133,0.0014599006370909534,1.5538714061708887,1.3238737872461357,-1.0485111657654496,-0.1264435866502287,3.6054365212956787,1.5515744103711078,-0.040919754261378345,-0.1130595654147429,-0.2200071895867306,-0.047944010242971534,1.5505725533990977,0.9600569007030418,-0.705517917731099,-0.10618487618330075,-0.3185671032616714,-1.501689125672599
1731072513.73,-0.4742677878317513,-0.11814071370641693,4.12326012336496,0.6987863993150791,1.5534310057125613,-0.40881180358707603,-0.5257339238549986,-0.1264435866502287,-0.3505967471356517,1.5516095358897641,0.519442976377961,-0.0398592351260462,-0.2200071895867306,2.27418077123028,1.5503523960476426,-0.9000588213515957,0.633341352290817,-0.10618487618330075,-0.23885558988605912,-1.509005179183948
1731072514.23,-0.4742677878317513,0.5244680263540789,-0.16079260305988133,-0.2028658987572017,1.55390273286397,-0.40881180358707603,-0.3944317328635367,-0.1264435866502287,-0.10780770178066033,1.5511236603874505,-0.040919754261378345,0.9825840879386516,-0.2200071895867306,0.1346230415418221,1.5512930018324778,-0.9000588213515957,0.3434069752225792,-0.10618487618330075,-0.26436327416625505,-1.5045212831710617
1731072514.73,-0.4742677878317513,-0.05115061339123033,-0.16079260305988133,1.3717521469475482,1.5518814188290995,-0.40881180358707603,-0.9925861584913083,-0.1264435866502287,0.03500938372227573,1.5481409089013163,-0.5212306662379566,0.8243769224759848,1.8826579511731376,0.08657908054582371,1.5513055217908287,0.9600569007030418,0.2978675442694527,-0.10618487618330075,-0.3313209454017694,-1.5157480177801037
1731072515.23,1.5345349014458474,0.013358372097468147,-0.16079260305988133,-0.11120857294843557,1.553836287402918,1.3238737872461357,-0.6375839384032812,-0.1264435866502287,-0.2541952144211698,1.5503829001193692,0.519442976377961,0.28836160068456124,-0.2200071895867306,0.08337614981275722,1.552086977184797,0.9600569007030418,-0.18485042383368722,-0.10618487618330075,-0.13363639223025095,-1.5071598753944588
1731072515.73,-0.4742677878317513,-0.12310294335939374,-0.16079260305988133,-0.1998208048765118,1.5518946972544163,-0.40881180358707603,-0.49898718124562674,-0.1264435866502287,-0.3113220486223442,1.5483929893328883,-0.040919754261378345,0.18210305671709834,-0.2200071895867306,0.33320474699194835,1.5516066383685843,-0.9000588213515957,-0.5066624025691137,-0.10618487618330075,-0.11769408955512842,-1.5217344964325332
1731072516.23,-2.196098664355413,-0.4952701673326539,4.2614553726044715,-0.16997888484575072,1.5551689277621699,-0.40881180358707603,-0.8539894013336539,-0.1264435866502287,0.013586820896835454,1.5521754108138341,-0.040919754261378345,0.4465687661472283,-0.2200071895867306,-0.07997331757363703,1.552753812116294,0.9600569007030418,-0.31236083050244107,-0.10618487618330075,1.8081360735996646,-1.5057565780697977
1731072516.73,-0.4742677878317513,-0.0982917950945097,-0.16079260305988133,-0.17515554444292358,1.553892214980925,-0.40881180358707603,-0.8661470116106411,-0.1264435866502287,0.3563478261038821,1.550714784671509,0.039132064401382796,0.4914334847112679,-0.2200071895867306,0.10899959567728967,1.5525991486211181,-0.9000588213515957,0.03829278783663218,-0.10618487618330075,0.08317892415141451,-1.5155654673515324
1731072517.23,-0.4742677878317513,-0.13054628783885894,-0.16079260305988133,-0.2022568799810637,1.5534651005361508,1.3238737872461357,-1.0363535554884622,-0.1264435866502287,0.5741438814958594,1.5502451858770299,0.519442976377961,1.0250875055256368,-0.2200071895867306,0.2947695781951498,1.5526805434192024,0.9600569007030418,-0.11046935327691401,-0.10618487618330075,-0.277117116306353,-1.520611739100662
1731072517.73,1.5345349014458474,0.12252742446295788,-0.16079260305988133,-0.2196139151009962,1.5572455555653142,-0.40881180358707603,-0.5792274090737425,-0.1264435866502287,1.2061094848463518,1.5550718263996204,-0.040919754261378345,0.9684162820763232,-0.2200071895867306,-0.08637917903977015,1.5537086674413199,-0.9000588213515957,-0.2319078358185845,-0.10618487618330075,-0.2994363400515244,-1.5037093593429625
1731072518.23,-0.18729597507781445,0.33590329954096027,-0.16079260305988133,-0.16602026280085386,1.5539516487289957,-0.40881180358707603,-0.4552197842484729,-0.1264435866502287,0.11712920788646398,1.5501271987707448,-0.040919754261378345,0.9022998547187907,-0.2200071895867306,2.2901954248956127,1.553640878018668,0.9600569007030418,-0.7571292728113089,-0.10618487618330075,-0.2579863530962061,-1.5200570793104153
1731072518.73,-0.4742677878317513,0.24410205096088933,-0.16079260305988133,0.041046121086059685,1.5567385594403897,-0.16128529061090793,-0.34823281381098525,-0.1264435866502287,-0.10066684750551352,1.5537002508529778,-0.040919754261378345,0.8243769224759848,-0.2200071895867306,0.2467256171991514,1.5544471363487358,-0.9000588213515957,-0.11350531534045578,-0.10618487618330075,-0.29624787951649995,-1.5083250318389456
1731072519.23,1.5345349014458474,0.05305620932128259,-0.16079260305988133,0.8540861872302643,1.557975413094353,1.3238737872461357,-0.5354600120765884,-0.1264435866502287,-0.2363430787333028,1.5554827488604657,0.519442976377961,0.6685310579903726,-0.2200071895867306,-0.06395866390830425,1.5548127520583441,0.9600569007030418,-0.1286851256581646,-0.10618487618330075,-0.24204405042108362,-1.5053554637699604
1731072519.73,-0.18729597507781445,0.39545005537668193,-0.16079260305988133,-0.2503693632959642,1.5554964572056447,-0.40881180358707603,0.19642812659804257,-0.1264435866502287,-0.28632905865933045,1.5517076512655337,-0.040919754261378345,0.9943905928239255,-0.2200071895867306,-0.0031029799800397395,1.554846064836628,-0.87099451319449,0.12481770664757225,-0.10618487618330075,-0.28668249791142647,-1.518058436649638
1731072520.23,-0.4742677878317513,-0.20994196228648784,-0.16079260305988133,-0.06553216473808696,1.5572030751577117,-0.40881180358707603,-0.34823281381098525,-0.1264435866502287,-0.22920222445815597,1.5550455248394353,0.039132064401382796,1.908214070944106,-0.2200071895867306,0.28836371672901673,1.5547657245356459,0.9309925925459387,0.06561644640850804,-0.10618487618330075,-0.3695824718220632,-1.5167017017400786
1731072520.73,-2.196098664355413,-0.1752063547156502,4.2614553726044715,1.539232310385493,1.5553230713913844,-0.40881180358707603,-0.45765130630387013,-0.1264435866502287,-0.0328287318916189,1.5519589501397053,-0.5212306662379566,1.3037210208180952,1.8826579511731376,-0.025523495111505635,1.5549712784922873,-0.9000588213515957,-0.24405168407275157,-0.10618487618330075,-0.15276715544039793,-1.5260042046938445
1731072521.23,-2.196098664355413,-0.028820579952834702,4.2614553726044715,-0.22874919674306587,1.5582745487256628,1.3238737872461357,-0.26799258598286946,-0.1264435866502287,0.02429810230955559,1.5558070760652392,0.519442976377961,1.8539041484718468,-0.2200071895867306,0.03212925808369231,1.5557756665024323,0.9600569007030418,-0.03457030168837012,-0.10618487618330075,1.8177014552047377,-1.5136998869778078
1731072521.73,1.5345349014458474,-0.16776301023618498,-0.16079260305988133,-0.0838027280222264,1.5576286106198491,-0.40881180358707603,-0.44063065191608825,-0.1264435866502287,-0.20063880735756873,1.5551186296366755,-0.5212306662379566,0.2529420860287403,-0.2200071895867306,0.16665234887248756,1.5557754835108795,-0.9000588213515957,-0.34423843216962957,-0.10618487618330075,-0.36639401128703875,-1.5201255813692514
1731072522.23,-0.4742677878317513,-0.053631728217718735,-0.16079260305988133,-0.05639688309601723,1.5565930062453293,-0.40881180358707603,-0.3968632549189342,-0.1264435866502287,0.9311865952531997,1.552965838972866,0.519442976377961,0.07584451274963566,-0.2200071895867306,0.0161146044183596,1.5562448370600535,0.9600569007030418,0.117227801488718,-0.10618487618330075,-0.07305564206478564,-1.5244801277045246
1731072522.73,-0.4742677878317513,0.19696086925760997,-0.16079260305988133,-0.20743353957823657,1.5596000089957631,-0.40881180358707603,-0.024840380443124928,-0.1264435866502287,-0.10066684750551352,1.5568627723231534,-0.040919754261378345,0.5929694267246214,-0.2200071895867306,0.057752703948224765,1.5570737788328801,-0.9000588213515957,0.45573757157362405,-0.10618487618330075,-0.16233253704547132,-1.5117972601341927
1731072523.23,-0.18729597507781445,0.16222526168677232,-0.16079260305988133,-0.09293800966429612,1.5600962033537058,1.3238737872461357,0.08457811204976023,-0.1264435866502287,-0.2363430787333028,1.5576253609502568,0.519442976377961,0.29544550361572547,-0.2200071895867306,0.5253805909759416,1.5573229037970784,-0.9000588213515957,0.1855369479184075,-0.10618487618330075,-0.2739286557713286,-1.51232145417076
1731072523.73,1.5345349014458474,0.25154539544035454,-0.16079260305988133,-0.07466744638015668,1.5597079892641112,-0.40881180358707603,0.6584173171235571,-0.1264435866502287,-0.21492051590786235,1.557363883087795,-0.040919754261378345,1.018003602594473,-0.2200071895867306,0.17946407180475377,1.5573220437313076,0.9600569007030418,0.6272694281637334,-0.10618487618330075,-0.2611748136312306,-1.5178346035408223
1731072524.23,-0.4742677878317513,0.07538624275967822,-0.16079260305988133,-0.1995162954884428,1.5593048344246547,-0.40881180358707603,0.2742368323707609,-0.1264435866502287,-0.42914614416226654,1.5564970914108767,-0.040919754261378345,0.4914334847112679,-0.2200071895867306,0.04173805028289198,1.5576533753148074,0.9600569007030418,-0.3821879579639016,-0.10618487618330075,-0.2930594189814755,-1.5209546565449978
1731072524.73,-0.4742677878317513,0.25154539544035454,-0.16079260305988133,-0.2193094057129272,1.5595999888280254,-0.40881180358707603,0.13564007521310664,-0.1264435866502287,-0.11137812891823366,1.5567061615259556,-0.040919754261378345,0.6425567472427708,-0.2200071895867306,0.10579666494422305,1.558029172027519,-0.9000588213515957,0.26295398053872227,-0.10618487618330075,-0.14001331330029995,-1.5212616241226777
1731072525.23,1.5345349014458474,0.18703640995165635,-0.16079260305988133,-0.08075763414153649,1.5608021061921011,-0.40881180358707603,-0.674056769234243,-0.1264435866502287,0.17068561495006515,1.5576415528548524,0.519442976377961,1.0912039328831693,-0.2200071895867306,0.1346230415418221,1.5588465698501126,0.9600569007030418,0.20071675823611632,-0.10618487618330075,-0.15914407651044676,-1.515088560038869
1731072525.73,-0.4742677878317513,0.2837998881847038,-0.16079260305988133,1.2408131100778823,1.5609848518867222,1.3238737872461357,-0.7494339529515639,-0.1264435866502287,-0.4041531541992527,1.5573787272507122,-0.040919754261378345,1.0156423016174179,-0.2200071895867306,-0.015914702912305966,1.5593860468613756,-0.9000588213515957,0.048918655059028184,-0.10618487618330075,2.7614857735719873,-1.5145908175368052
1731072526.23,-0.4742677878317513,1.0256532213047358,-0.16079260305988133,-0.24641074125106735,1.5615717841704437,-0.40881180358707603,-0.10264908621584326,-0.1264435866502287,-0.2791882043841836,1.559140136037887,-0.040919754261378345,1.192739874896523,-0.2200071895867306,0.16344941813942107,1.55914961318117,0.9600569007030418,0.31001139252361976,-0.10618487618330075,-0.2579863530962061,-1.5183665687669126
1731072526.73,-0.4742677878317513,0.5319113708335441,-0.16079260305988133,-0.11120857294843557,1.5598570600297867,-0.40881180358707603,-0.5646382767413578,-0.1264435866502287,0.2742280019396938,1.5563077056514099,-0.040919754261378345,1.0203649035715274,-0.2200071895867306,-0.03513228731070531,1.5593658929020078,-0.9000588213515957,-0.5081803836008846,-0.10618487618330075,-0.2675517347012796,-1.527003123878198
1731072527.23,1.5345349014458474,0.6658915714639175,-0.16079260305988133,-0.06248707085739705,1.5630602810127328,1.3238737872461357,-0.559775232630563,-0.1264435866502287,2.8556468224052636,1.560193032956851,0.519442976377961,1.0345327094338557,-0.2200071895867306,0.048143911749025096,1.5603868525367788,0.9600569007030418,0.7001325176887357,-0.10618487618330075,-0.16233253704547132,-1.5122077280627246
1731072527.73,-0.18729597507781445,0.7874661979618492,-0.16079260305988133,-0.09902819742567594,1.5620028757306372,-0.40881180358707603,0.13077703110231173,-0.1264435866502287,0.02429810230955559,1.5594164797280996,-0.040919754261378345,1.1738494670800852,-0.2200071895867306,2.7546203811902634,1.560048328694806,-0.9000588213515957,0.13240761180642682,-0.10618487618330075,0.006655871310826652,-1.5225886081414512
1731072528.23,-0.4742677878317513,0.26395096957279657,-0.16079260305988133,-0.13556932399395477,1.5634578321850432,-0.16128529061090793,-0.28501324037065157,-0.1264435866502287,0.3492069718287353,1.5606125070610328,-0.040919754261378345,1.3485857393821348,-0.2200071895867306,0.6310773051671379,1.5609555072501609,0.9600569007030418,0.23107637887153393,-0.10618487618330075,-0.34088632700684285,-1.5148548279468435
1731072528.73,-0.4742677878317513,-0.316629899825489,-0.16079260305988133,-0.1964712016077529,1.5638599431095863,-3.3791299593011543,0.5392727364090825,7.51273340223678,-0.16850496311940816,1.5613809765902802,-0.040919754261378345,1.7240325947338369,-0.2200071895867306,0.8648912486809962,1.5611124096783617,-0.87099451319449,0.46180949570070756,-0.10618487618330075,-0.20697098453581425,-1.5163923857677957
1731072529.23,-0.4742677878317513,-0.031301694779323104,-0.16079260305988133,-0.22966272490727285,1.5643016352373502,-0.40881180358707603,0.26207922209377366,-0.1264435866502287,-0.2791882043841836,1.5614438669235116,0.519442976377961,1.3603922442674088,-0.2200071895867306,0.05454977321515821,1.5617102438779125,-0.9000588213515957,-0.38674190105921424,-0.10618487618330075,-0.11769408955512842,-1.5145433979176492
1731072529.73,1.5345349014458474,-0.23971534020434868,-0.16079260305988133,-0.1264340423518851,1.5634311709092983,1.3238737872461357,0.5733140451846467,-0.1264435866502287,-0.1506528274315412,1.5604947385156505,-0.040919754261378345,1.7570908084126031,-0.2200071895867306,0.11220252641035616,1.5616470961687063,0.9600569007030418,0.5756580730835238,-0.10618487618330075,-0.3153786427266469,-1.522231374854636
1731072530.23,-0.4742677878317513,-0.36128996670228025,-0.16079260305988133,-0.1264340423518851,1.5650050942333897,-0.40881180358707603,-0.03213494660931727,-0.1264435866502287,0.1349813435743311,1.5626095979107315,-0.040919754261378345,0.807847815636602,-0.2200071895867306,0.012911673685293043,1.5621411639042653,0.9309925925459387,-0.18940436692899984,-0.10618487618330075,0.5550710833350394,-1.5171149628603797
1731072530.73,-0.4742677878317513,-0.16776301023618498,-0.16079260305988133,1.545322498146873,1.5667854387181426,-0.40881180358707603,0.3860868469190435,-0.1264435866502287,-0.2506247872835964,1.5643361362125927,-0.040919754261378345,0.04042499809381468,-0.2200071895867306,0.0769702883466241,1.5630523302406687,-0.9000588213515957,-0.15600878423004047,-0.10618487618330075,0.006655871310826652,-1.5081937974330968
1731072531.23,1.5345349014458474,-0.20994196228648784,-0.16079260305988133,-0.1203438545905053,1.564287512115584,1.3238737872461357,0.1526607296008885,-0.1264435866502287,0.18139689636278528,1.5608710399015286,-0.040919754261378345,-0.1272273712770713,1.8169496655243917,0.33320474699194835,1.5628903826117306,-0.9000588213515957,-0.6660504109050561,-0.10618487618330075,-0.3313209454017694,-1.52240353425038
1731072531.73,-0.18729597507781445,-0.3861011149671643,-0.16079260305988133,-0.19038101384637307,1.5657584596519154,-0.16128529061090793,0.04081071505260617,-0.1264435866502287,2.452188555859469,1.5624536959411126,0.039132064401382796,0.14904484303833235,-0.2200071895867306,-0.08637917903977015,1.5635914843015322,0.9600569007030418,-0.40495767344046485,-0.10618487618330075,-0.22929020828098565,-1.51613018250926
1731072532.23,-0.4742677878317513,-0.316629899825489,-0.16079260305988133,-0.1203438545905053,1.5640945886718787,-0.40881180358707603,0.5903346995724291,-0.1264435866502287,-0.1934979530824219,1.5610900170420925,-0.040919754261378345,0.6024146306328403,-0.2200071895867306,1.2011989756529844,1.5630159111444029,0.9600569007030418,0.6409312574496716,-0.10618487618330075,-0.36639401128703875,-1.5304140426547161
1731072532.73,-0.4742677878317513,-0.4431667559763976,-0.16079260305988133,-0.044216507573257666,1.5657446008260834,-0.40881180358707603,0.7945825522258142,-0.1264435866502287,0.12069963502403747,1.5624591049764673,-0.040919754261378345,0.8385447283383133,-0.2200071895867306,0.37163991578874706,1.56400826878126,-0.9000588213515957,0.5149388318126886,-0.10618487618330075,-0.21334790560586323,-1.5213596610475721
1731072533.23,-0.18729597507781445,-0.34144104809037307,-0.16079260305988133,-0.22661763102658294,1.5675138194018488,1.3238737872461357,1.042597801876354,-0.1264435866502287,0.4527493588183639,1.565062429539185,0.519442976377961,0.3355876202256559,-0.2200071895867306,-0.006305910713106296,1.56440753802236,0.9600569007030418,0.7411180055465497,-0.10618487618330075,0.18839812180722276,-1.5162451433066797
1731072533.73,1.5345349014458474,-0.13550851749183576,-0.16079260305988133,-0.0838027280222264,1.5658428189125224,-1.8939708814441196,-0.892893754220013,-0.1264435866502287,-0.14351197315639438,1.5629823560739637,-0.040919754261378345,0.614221135518114,-0.2200071895867306,0.060955634681291324,1.5642348737038527,-0.9000588213515957,-0.24405168407275157,-0.10618487618330075,-0.3217555637966959,-1.5275893315458011
1731072534.23,-0.4742677878317513,0.03320729070937537,-0.16079260305988133,-0.06248707085739705,1.5661331465785027,1.3238737872461357,-0.717824166231397,-0.1264435866502287,-0.1970683802199954,1.5627248210788587,-0.040919754261378345,0.3308650182715464,-0.2200071895867306,0.009708742952226488,1.5648728523509596,0.9600569007030418,-0.21065610137379218,-0.10618487618330075,-0.2516094320261571,-1.525984578821886
1731072534.73,-0.18729597507781445,-0.3885822297936527,-0.16079260305988133,-0.20499746447368464,1.5680229930361274,-0.40881180358707603,-0.7834752617271279,-0.1264435866502287,-0.20420923449514222,1.5661380063685855,0.039132064401382796,-0.16736948788700146,-0.2200071895867306,0.17626114107168728,1.5649230451080056,-0.9000588213515957,0.25232811331632626,-0.10618487618330075,-0.060301799924687656,-1.5230087401803276
1731072535.23,-0.4742677878317513,-0.04122615408527672,-0.16079260305988133,-0.10816347906774566,1.5678542321058924,1.3238737872461357,-0.8466948351674615,-0.1264435866502287,-0.011406169066178464,1.5648149819096104,0.519442976377961,0.10654142545134718,-0.2200071895867306,0.09298494201195681,1.5657365448817615,-0.9000588213515957,0.04740067402725747,-0.10618487618330075,-0.050736418319614104,-1.5217474388498602
1731072535.73,1.5345349014458474,0.18703640995165635,-0.16079260305988133,-0.03203613205049803,1.5686207985683849,-0.40881180358707603,-0.5184393576888063,-0.1264435866502287,0.06714322796043645,1.5665258707932084,-0.040919754261378345,0.42059445539962625,-0.2200071895867306,0.1250142493426224,1.5656989913312596,0.9600569007030418,0.20527070133142913,-0.10618487618330075,-0.03160565510946714,-1.5234169462573557
1731072536.23,-0.4742677878317513,0.05057509449479419,-0.16079260305988133,0.07149705989295876,1.5685809411846152,-0.40881180358707603,-0.8175165705026921,-0.1264435866502287,2.1344205406154364,1.5657073261096188,0.039132064401382796,0.007366784415048434,-0.2200071895867306,0.16024648740635444,1.5663458058085067,0.9600569007030418,-0.08010973264149639,-0.10618487618330075,-0.3695824718220632,-1.5229232421365961
1731072536.73,-0.4742677878317513,0.08034847241265503,-0.16079260305988133,-0.13861441787464468,1.5668696178195882,-0.40881180358707603,-0.8758730998322308,-0.1264435866502287,-0.15422325456911454,1.562996938503338,-0.040919754261378345,0.17501915378593413,-0.2200071895867306,0.7463828115575337,1.5664954131915638,-0.9000588213515957,0.03829278783663218,-0.10618487618330075,-0.13682485276527537,-1.5320402901327397
1731072537.23,-0.18729597507781445,0.8743052168889431,-0.16079260305988133,0.004504994517780862,1.5701304427158471,1.3238737872461357,-0.21936214487492048,-0.1264435866502287,-0.4112940084743995,1.5672819603944868,0.519442976377961,0.9566097771910499,-0.2200071895867306,0.19227579473702,1.5673421375217476,0.9600569007030418,0.536190566257481,-0.10618487618330075,-0.022040273504393727,-1.5183213301807026
1731072537.73,1.5345349014458474,-0.07844287648260248,-0.16079260305988133,-0.22022293387713418,1.5698663256704302,-0.40881180358707603,-0.7542969970623588,-0.1264435866502287,0.1349813435743311,1.567635403730285,-0.040919754261378345,0.8031252136824926,-0.2200071895867306,0.21469630986848598,1.5671071711756186,-0.9000588213515957,0.2143785875220544,-0.10618487618330075,-0.34088632700684285,-1.525113141080427
1731072538.23,-0.4742677878317513,0.316054380929053,-0.16079260305988133,-0.07466744638015668,1.570717067962246,-0.40881180358707603,-0.9026198424416028,-0.1264435866502287,0.4063338060299096,1.5685640297330605,-0.040919754261378345,0.47726567884893956,-0.2200071895867306,0.003302881486093374,1.5675963354492721,0.9600569007030418,0.9050599569778046,-0.10618487618330075,-0.16552099758049577,-1.522607632053504
1731072538.73,-0.4742677878317513,0.7328816717791045,-0.16079260305988133,-0.05944197697670714,1.5722420123159004,-0.40881180358707603,-0.849126357222859,-0.1264435866502287,-0.2898994857969039,1.5697848600778783,-0.040919754261378345,1.594161040995827,-0.2200071895867306,-0.07677038684057047,1.5685551892741119,-0.9000588213515957,-0.19547629105608338,-0.10618487618330075,-0.09537486580995702,-1.5142462151352634
1731072539.23,1.5345349014458474,0.08779181689212023,-0.16079260305988133,-0.2223544995936171,1.5703859159742912,1.3238737872461357,-0.9001883203862053,-0.1264435866502287,-0.3934418727865325,1.5678891887980504,0.519442976377961,0.7795122039119452,-0.2200071895867306,0.20508751766928623,1.5681023880861125,0.9600569007030418,-0.14993686010295693,-0.10618487618330075,-0.16552099758049577,-1.5283099078314866
1731072539.73,-0.4742677878317513,0.7006271790347552,-0.16079260305988133,-0.1264340423518851,1.5708110626162677,-0.40881180358707603,-0.08805995388345857,-0.1264435866502287,-0.21492051590786235,1.5678589692184337,-0.040919754261378345,1.4997090019136377,-0.2200071895867306,0.09939080347808993,1.5687376678143237,-0.9000588213515957,0.7957653226903014,-0.10618487618330075,2.506408930770028,-1.5262456426351982
1731072540.23,-0.4742677878317513,0.551760289445451,-0.16079260305988133,-0.06248707085739705,1.5714478564402707,-0.40881180358707603,-0.6302893722370889,-0.1264435866502287,-0.3291741843102112,1.56812599815021,-0.040919754261378345,1.381643953060901,-0.2200071895867306,0.1698552796055542,1.569402892626249,0.9600569007030418,0.4344858371288317,-0.10618487618330075,-0.3281324848667449,-1.523207580676374
1731072540.73,-0.4742677878317513,0.0629806686272362,-0.16079260305988133,-0.24367015675844642,1.5700777379214914,-0.40881180358707603,-0.7640230852839482,-0.1264435866502287,-0.23277265159572946,1.56681723181206,-0.040919754261378345,1.4099795647855577,-0.2200071895867306,-0.015914702912305966,1.5690736409988808,-0.9000588213515957,0.14758742212413564,-0.10618487618330075,-0.3153786427266469,-1.5346314539220336
1731072541.23,-0.18729597507781445,-0.22979088089839506,-0.16079260305988133,1.0428820078330385,1.5706205795819648,1.3238737872461357,-0.6716252471788455,-0.1264435866502287,-0.16850496311940816,1.5677264487669584,0.519442976377961,0.9022998547187907,-0.2200071895867306,0.8008326340196651,1.5692831433755805,0.9600569007030418,-0.1119873343086849,-0.10618487618330075,-0.15276715544039793,-1.5352794430066723
1731072541.73,1.5345349014458474,-0.18761192884809222,-0.16079260305988133,-0.0046302871242888625,1.5707168905297877,-0.40881180358707603,-0.0540186451078943,-0.1264435866502287,-0.27561777724661024,1.5667872314603826,-0.040919754261378345,1.3792826520838466,-0.2200071895867306,1.7264796158758993,1.570127342348727,-0.9000588213515957,0.22045051164913793,-0.10618487618330075,-0.3281324848667449,-1.5328506112433051
1731072542.23,-0.18729597507781445,-0.11814071370641693,-0.16079260305988133,-0.21474176489189234,1.5718226094304935,-0.40881180358707603,0.07485202382817044,-0.1264435866502287,-0.32560375717263784,1.5683848746336428,-0.040919754261378345,1.9436335855999267,-0.2200071895867306,0.11860838787648927,1.570474912931223,0.9600569007030418,0.25536407537986805,-0.10618487618330075,-0.36001709021698974,-1.530478188759407
1731072542.73,-0.4742677878317513,0.013358372097468147,-0.16079260305988133,-0.1416595117553346,1.5742613344273328,-0.40881180358707603,-0.37984260053115204,-0.1264435866502287,-0.16493453598183466,1.571269851530054,-0.040919754261378345,0.7771509029348902,-0.2200071895867306,0.29156664746208316,1.5713454419137798,-0.9000588213515957,0.26447196157049335,-0.10618487618330075,-0.18465176079064272,-1.5195121002648817
1731072543.23,1.5345349014458474,-0.15783855093023139,-0.16079260305988133,-0.18642239180147618,1.5748217003386384,1.3238737872461357,-0.4722404386362548,-0.1264435866502287,-0.10423727464308685,1.572038589553194,-0.040919754261378345,0.20807736746470037,-0.2200071895867306,-0.07997331757363703,1.5716517720880026,0.9600569007030418,0.2295583978397629,-0.10618487618330075,-0.1750863791855693,-1.5193854797586077
1731072543.73,-0.4742677878317513,-0.07844287648260248,-0.16079260305988133,-0.2065200114140296,1.572818972022711,-0.16128529061090793,-0.2534034536504848,-0.1264435866502287,-0.4577095612628538,1.5691101657908384,0.519442976377961,0.00028288148388423847,-0.2200071895867306,0.3203930240596821,1.5716507785553833,-0.9000588213515957,-0.43835325613942405,-0.10618487618330075,-0.15276715544039793,-1.5306489906718228
1731072544.23,-0.4742677878317513,0.1547819172073071,-0.16079260305988133,-0.11425366682912548,1.573344096337716,-0.40881180358707603,-0.26799258598286946,-0.1264435866502287,-0.12208941033095395,1.5706783216235631,-0.040919754261378345,0.3662845329273674,-0.2200071895867306,0.4132780153186122,1.5714670766842145,0.9309925925459387,-0.0527860740696207,-0.10618487618330075,0.7431902549014843,-1.5342506744798012
1731072544.73,-0.18729597507781445,0.3507899884998907,-0.16079260305988133,-0.17972318526395842,1.5742012360623574,-0.40881180358707603,0.22803791331820938,-0.1264435866502287,0.04215023799742254,1.5706108582906357,0.039132064401382796,0.23641297918935716,-0.2200071895867306,-0.015914702912305966,1.572531367116466,-0.9000588213515957,-0.5643456817764072,-0.10618487618330075,0.0002789502407778045,-1.5274942869740007
1731072545.23,-0.4742677878317513,0.4773268446507992,-0.16079260305988133,-0.21778685877258225,1.5730724636053817,1.3238737872461357,-0.06617625538488155,-0.1264435866502287,0.8883414696023191,1.5691482658869909,0.519442976377961,0.6378341452886613,-0.2200071895867306,0.057752703948224765,1.5725179508226763,0.9600569007030418,0.4860971922090417,-0.10618487618330075,0.2202827271574677,-1.5357358256786098
1731072545.73,1.5345349014458474,0.16966860616623752,-0.16079260305988133,-0.06248707085739705,1.5745026872819627,-0.16128529061090793,-0.012682770166137686,-0.1264435866502287,2.6057169227751253,1.5707668580562588,-0.040919754261378345,0.5740790189081836,-0.2200071895867306,0.08978201127889034,1.5731598987478719,-0.9000588213515957,0.32367322180955754,-0.10618487618330075,-0.2675517347012796,-1.530043003795641
1731072546.23,-0.4742677878317513,0.16470637651326073,-0.16079260305988133,1.5331421226241133,1.5750321058560937,-0.40881180358707603,0.16724986193327318,-0.1264435866502287,-0.3291741843102112,1.571986520430094,-0.040919754261378345,0.86688034006297,-0.2200071895867306,1.9955257974534895,1.5731794186010457,0.9600569007030418,0.08838616188507109,-0.10618487618330075,-0.21653636614088767,-1.5321347573926707
1731072546.73,-0.4742677878317513,0.41778008881507755,-0.16079260305988133,-0.2244860653101,1.5763893135921945,-0.40881180358707603,-0.4333360857498959,-0.1264435866502287,-0.32203333003506446,1.5739019808768795,0.039132064401382796,1.7287551966879464,-0.2200071895867306,0.16344941813942107,1.5735828448060019,-0.9000588213515957,0.4177880457793522,-0.10618487618330075,-0.28668249791142647,-1.5284552716694086
1731072547.23,-0.18729597507781445,0.20688532856356356,-0.16079260305988133,-0.03508122593118794,1.5748919401836878,1.3238737872461357,-0.7737491735055381,-0.1264435866502287,-0.22563179732058264,1.5710560477651627,-0.040919754261378345,0.543382106206472,1.8169496655243917,0.2435226864660849,1.5740117794600563,0.9600569007030418,-0.36093622351910926,-0.10618487618330075,0.23622502983259008,-1.5347585365699503
1731072547.73,1.5345349014458474,0.5244680263540789,-0.16079260305988133,-0.11425366682912548,1.5754974522843608,-0.40881180358707603,-0.5743643649629476,-0.1264435866502287,-0.33274461144778467,1.571681283719249,-0.5212306662379566,0.9495258742598854,1.8826579511731376,0.1250142493426224,1.5744427150833227,-0.9000588213515957,0.5407445093527934,-0.10618487618330075,-0.30262480058654895,-1.533555028778599
1731072548.23,-0.4742677878317513,0.43514789260049636,-0.16079260305988133,-0.22265900898168609,1.5762342453358906,-0.40881180358707603,-0.7640230852839482,-0.1264435866502287,-0.3613080285483719,1.5732775091091071,-0.040919754261378345,1.6768065751927423,-0.2200071895867306,0.03212925808369231,1.5744429083700975,-0.9291231295086987,-0.06037597922847494,-0.10618487618330075,-0.10175178688000601,-1.5350495590424453
1731072548.73,-0.4742677878317513,0.6907027197288016,-0.16079260305988133,0.05627159048950923,1.577144437546905,-0.40881180358707603,-0.5938165414061272,-0.1264435866502287,2.9270553651567317,1.5744591880085186,-0.040919754261378345,1.4477603804184336,-0.2200071895867306,0.19547872547008663,1.574843575689091,0.9600569007030418,-0.3366485270107752,-0.10618487618330075,1.0588478478689087,-1.5329828130444692
1731072549.23,1.5345349014458474,0.564165863577893,-0.16079260305988133,0.02582065168261015,1.5757859888700185,1.3238737872461357,-0.6375839384032812,-0.1264435866502287,-0.3434558928605049,1.5720110911567404,0.039132064401382796,1.7594521093896582,1.8169496655243917,0.3588281928564808,1.5751763571285002,0.9600569007030418,0.06561644640850804,-0.10618487618330075,-0.35364016914694085,-1.5394982828910941
1731072549.73,-0.4742677878317513,0.04065063518884058,-0.16079260305988133,-0.22996723429534185,1.5771214191852978,-0.40881180358707603,-0.533028490021191,-0.1264435866502287,-0.32560375717263784,1.5737034148011473,-0.040919754261378345,1.3627535452444632,-0.2200071895867306,9.995075302681723e-05,1.5756866932873819,-0.9000588213515957,-0.5081803836008846,-0.10618487618330075,0.08317892415141451,-1.5351104021497506
1731072550.23,-0.4742677878317513,-0.37617665566121067,-0.16079260305988133,-0.09902819742567594,1.5764563697193696,-0.40881180358707603,-0.18288931404395878,-0.1264435866502287,1.7702369725829494,1.5729842002060495,-0.5212306662379566,1.8515428474947924,-0.2200071895867306,-0.009508841446172853,1.575686398550279,0.9600569007030418,0.4071621785569562,-0.10618487618330075,0.11187506896663489,-1.5416031097442788
1731072550.73,-0.4742677878317513,-0.12062182853290533,-0.16079260305988133,0.5145582195333399,1.5794119579221477,-1.8939708814441196,-0.21936214487492048,3.6343820078787594,-0.16850496311940816,1.5763287669694885,-0.040919754261378345,1.908214070944106,1.8169496655243917,2.043569758449488,1.5767821086267737,-0.9000588213515957,-0.03760626375191188,-0.10618487618330075,-0.37277093235708775,-1.5271405567287752
1731072551.23,1.5345349014458474,0.17959306547219114,-0.16079260305988133,1.128144636492356,1.5770359351913241,1.3238737872461357,-0.22908823309651027,-0.1264435866502287,-0.06496257612977947,1.5733466904547018,0.519442976377961,2.160873275488962,-0.2200071895867306,-0.060755733175237685,1.5764594919122235,-0.9000588213515957,0.508866907685605,-0.10618487618330075,-0.277117116306353,-1.5420984142842875
1731072551.73,-2.196098664355413,0.10515962067753905,4.2614553726044715,0.49781020318954555,1.5793142926086199,-0.40881180358707603,-0.24367736542889495,-0.1264435866502287,-0.054251294717059334,1.5770608726173034,-0.5212306662379566,0.0711219107955262,-0.2200071895867306,-0.06395866390830425,1.5767049465501723,0.9600569007030418,0.2690259046658058,-0.10618487618330075,-0.12725947116020198,-1.5362968143421774
1731072552.23,-0.4742677878317513,-0.3861011149671643,-0.16079260305988133,-0.13252423011326486,1.5783433061522898,-0.40881180358707603,-0.18775235815475366,-0.1264435866502287,-0.32560375717263784,1.5743492829815189,0.519442976377961,-0.22167941035926028,-0.2200071895867306,0.1378259722748886,1.5775538200966643,0.9600569007030418,-0.2349437978821263,-0.10618487618330075,-0.34726324807689185,-1.537640102777822
1731072552.73,-0.4742677878317513,-0.09581068026802131,-0.16079260305988133,-0.0198557565277384,1.5804181185141184,-0.40881180358707603,0.14779768549009387,-0.1264435866502287,-0.12923026460610076,1.5770234911282157,-0.040919754261378345,0.5976920286787308,-0.2200071895867306,0.03853511954982543,1.5782011524360922,-0.9000588213515957,0.7122763659429028,-0.10618487618330075,-0.18784022132566727,-1.5296107709411375
1731072553.23,1.5345349014458474,0.25650762509333136,-0.16079260305988133,-0.2278356685788589,1.5787806422754742,1.3238737872461357,0.21101725893042725,-0.1264435866502287,0.267087147664547,1.5750244361418184,0.519442976377961,0.51740779545887,-0.2200071895867306,0.1218113186095559,1.5780141244276966,0.9600569007030418,0.039810768868402895,-0.10618487618330075,-0.3440747875418674,-1.5409405274442296
1731072553.73,-0.4742677878317513,-0.2719698329486979,-0.16079260305988133,-0.1416595117553346,1.5813836541265085,-0.40881180358707603,0.1818389942656579,-0.1264435866502287,-0.1863570988072751,1.5783760271985894,-0.040919754261378345,0.20571606648764565,-0.2200071895867306,-0.04153814877683842,1.5787730552861976,-0.87099451319449,0.9293476534861387,-0.10618487618330075,-0.28987095844645094,-1.5302088642152525
1731072554.23,-0.4742677878317513,-0.180168584368627,-0.16079260305988133,-0.05335178921532732,1.5795203168254819,-0.40881180358707603,0.39338141308523555,-0.1264435866502287,-0.16850496311940816,1.5756125541372257,-0.040919754261378345,1.006197097709199,-0.2200071895867306,0.12821718007568902,1.5788094202939311,0.9309925925459387,-0.12564916359462283,-0.10618487618330075,-0.1814633002556183,-1.540702414593916
1731072554.73,-0.18729597507781445,-0.25460202916327906,-0.16079260305988133,-0.22661763102658294,1.580848954359647,-0.40881180358707603,-0.5087132694672165,-0.1264435866502287,0.5312987558449789,1.5780679717397914,-0.040919754261378345,0.43003965930784516,-0.2200071895867306,-0.06395866390830425,1.5788776014109696,-0.9000588213515957,-0.08314569470503816,-0.10618487618330075,-0.28987095844645094,-1.539586650747449
1731072555.23,1.5345349014458474,-0.47542124872074665,-0.16079260305988133,-0.13556932399395477,1.5823369468987958,-0.40881180358707603,-0.8248111366688845,-0.1264435866502287,0.17782646922521195,1.5790689325458136,0.519442976377961,0.5008786886194868,-0.2200071895867306,0.7880209110873989,1.5799266589957859,0.9600569007030418,0.8913981276918668,-0.10618487618330075,-0.2675517347012796,-1.5306973864572224
1731072555.73,-0.4742677878317513,-0.3910633446201411,-0.16079260305988133,-0.1769826007713375,1.5831067122455946,1.3238737872461357,-0.4771034827470497,-0.1264435866502287,0.3634886803790289,1.5800630894196652,-0.5212306662379566,-0.21695680840515083,-0.2200071895867306,0.4773366299799433,1.580301904237896,-0.9000588213515957,0.22196849268090865,-0.10618487618330075,-0.3058132611215734,-1.5293175614203682
1731072556.23,-0.4742677878317513,-0.14295186197130097,-0.16079260305988133,1.4539696817261758,1.5824951967896672,-0.40881180358707603,-0.7980643940595126,-0.1264435866502287,-0.27204735010903686,1.5790551408510618,-0.040919754261378345,0.7063118736232483,1.8169496655243917,-0.047944010242971534,1.580517022309103,0.9600569007030418,0.7244202141970698,-0.10618487618330075,-0.14001331330029995,-1.5340368105621915
1731072556.73,-0.4742677878317513,-0.18761192884809222,-0.16079260305988133,0.6835609299116298,1.5842439449989625,-0.16128529061090793,-0.7761806955609355,-0.1264435866502287,-0.2541952144211698,1.5817963564559516,0.039132064401382796,0.06403800786436199,-0.2200071895867306,0.0161146044183596,1.580818447904579,-0.9000588213515957,-0.0011747189894107325,-0.10618487618330075,-0.2452325109561081,-1.5297099304445492
1731072557.23,-0.18729597507781445,-0.1007729099209981,-0.16079260305988133,-0.0868478219029163,1.5819244077013073,1.3238737872461357,-0.20234149048713834,-0.1264435866502287,-0.21135008877028902,1.5783705519816567,0.519442976377961,0.2387742801664119,-0.2200071895867306,0.36843698505568057,1.5808025597366682,0.9600569007030418,0.2902776391105981,-0.10618487618330075,-0.39509015610225917,-1.5422134755334063
1731072557.73,1.5345349014458474,0.1349329985953999,-0.16079260305988133,0.004504994517780862,1.5847862711410163,-0.40881180358707603,-0.07103929949567643,-0.1264435866502287,-0.23277265159572946,1.582438147009951,-0.040919754261378345,0.755899194141398,-0.2200071895867306,9.995075302681723e-05,1.5813968974068275,-0.9000588213515957,0.06258048434496628,-0.10618487618330075,-0.15595561597542235,-1.531767734836671
1731072558.23,-0.4742677878317513,-0.11317848405344012,-0.16079260305988133,-0.2196139151009962,1.5823067614544577,-0.40881180358707603,-0.7688861293947432,-0.1264435866502287,0.19210817777550557,1.5788821850542964,-0.040919754261378345,0.2529420860287403,-0.2200071895867306,-0.047944010242971534,1.5813044090040154,0.9600569007030418,0.20527070133142913,-0.10618487618330075,1.993066784631085,-1.5454041548734543
1731072558.73,-0.4742677878317513,0.17959306547219114,-0.16079260305988133,-0.10207329130636585,1.583505295095645,-0.40881180358707603,-0.7737491735055381,-0.1264435866502287,-0.20420923449514222,1.5798775787844122,-0.040919754261378345,0.9448032723057759,-0.2200071895867306,0.16344941813942107,1.5820834403533544,-0.87099451319449,0.4086801595887269,-0.10618487618330075,-0.3281324848667449,-1.5395305497593028
1731072559.23,1.5345349014458474,-0.2421964550308371,-0.16079260305988133,-0.0838027280222264,1.5828194609219746,1.3238737872461357,-0.7445709088407689,-0.1264435866502287,0.4634606402310841,1.5796643907704206,0.519442976377961,0.3285037172944917,-0.2200071895867306,0.012911673685293043,1.5817747757858567,0.9309925925459387,-0.40495767344046485,-0.10618487618330075,-0.21334790560586323,-1.5483613280332729
1731072559.73,-0.4742677878317513,-0.031301694779323104,-0.16079260305988133,-0.2311852718476178,1.5843919800867121,-0.40881180358707603,-0.6643306810126531,-0.1264435866502287,-0.4469982798501336,1.580992001065141,-0.040919754261378345,0.4560139700554472,-0.2200071895867306,-0.009508841446172853,1.5827169450214278,-0.9000588213515957,0.006415186169443674,-0.10618487618330075,-0.14320177383532437,-1.5399566655971706
1731072560.23,-0.4742677878317513,0.23913982130791253,-0.16079260305988133,-0.11425366682912548,1.5850669695129689,-0.40881180358707603,-0.5889534972953323,-0.1264435866502287,-0.27561777724661024,1.581781482001188,0.039132064401382796,0.6354728443116063,-0.2200071895867306,2.690561766528932,1.5831196289722544,0.9600569007030418,-0.1696706135159784,-0.10618487618330075,-0.3058132611215734,-1.5387129723457784
1731072560.73,-0.4742677878317513,0.2614698547463082,-0.16079260305988133,-0.15993007503947404,1.5869238398227985,-0.40881180358707603,-0.8126535263918973,-0.1264435866502287,0.06000237368528965,1.584520616507514,-0.5212306662379566,1.0109196996633085,1.8826579511731376,0.012911673685293043,1.5835242870012418,-0.9000588213515957,-0.10136146708628874,-0.10618487618330075,-0.3440747875418674,-1.533241803980564
1731072561.23,1.5345349014458474,0.4624401556918688,-0.16079260305988133,0.4582239827405767,1.5878566297072918,1.3238737872461357,-0.7737491735055381,-0.1264435866502287,-0.32203333003506446,1.5854309867738343,0.519442976377961,0.8314608254071493,-0.2200071895867306,0.08337614981275722,1.5841011553186426,-0.9000588213515957,-0.048232130974308056,-0.10618487618330075,-0.11131716848507942,-1.5298001016898137
1731072561.73,-0.18729597507781445,0.3904878257237051,-0.16079260305988133,-0.2196139151009962,1.585523162393804,-0.16128529061090793,-0.4114523872513189,-0.1264435866502287,-0.17564581739455495,1.5827157011233999,-0.5212306662379566,1.1502364573095378,1.8826579511731376,-0.05755280244217113,1.5836665635519036,0.9600569007030418,-0.21824600653264659,-0.10618487618330075,-0.21972482667591223,-1.5454281962194483
1731072562.23,-0.4742677878317513,0.16966860616623752,-0.16079260305988133,-0.0868478219029163,1.5870928319974404,-1.8939708814441196,-0.6157002399047042,3.6343820078787594,-0.33631503858535805,1.5843218187147539,-0.040919754261378345,1.138429952424264,-0.2200071895867306,-0.01271177217923941,1.5844470325164661,0.9600569007030418,-0.05885799819670405,-0.10618487618330075,-0.3281324848667449,-1.5382212648104305
1731072562.73,-0.4742677878317513,-0.2595642588162559,-0.16079260305988133,-0.06857725861877687,1.5871907855469807,-0.40881180358707603,-0.08805995388345857,-0.1264435866502287,-0.28632905865933045,1.5838111199799474,-0.040919754261378345,1.249411098345836,-0.2200071895867306,0.060955634681291324,1.5850475264179864,-0.9000588213515957,-0.09225358089566345,-0.10618487618330075,1.6072630598931212,-1.5375823609404382
1731072563.23,1.5345349014458474,-0.20994196228648784,-0.16079260305988133,-0.2351438938925147,1.5869537427684002,1.3238737872461357,-0.3166230270908184,-0.1264435866502287,-0.21135008877028902,1.5842273921527743,0.519442976377961,1.1809333700112492,-0.2200071895867306,0.08657908054582371,1.584803002136653,0.9600569007030418,0.09445808601215462,-0.10618487618330075,-0.07943256313483447,-1.5443413399090133
1731072563.73,-0.4742677878317513,-0.12310294335939374,-0.16079260305988133,-0.11425366682912548,1.5858351680479732,-0.40881180358707603,-0.4309045636944985,-0.1264435866502287,-0.40772358133682607,1.582627445159369,-0.040919754261378345,1.6224966527204836,-0.2200071895867306,0.1218113186095559,1.5848777851686406,-0.9000588213515957,0.2492921512527845,-0.10618487618330075,-0.34726324807689185,-1.5518987697192759
1731072564.23,-0.18729597507781445,0.08034847241265503,-0.16079260305988133,-0.08075763414153649,1.5866703827988367,-0.40881180358707603,-0.139121917046805,-0.1264435866502287,2.1844065205414642,1.582663726257678,-0.040919754261378345,1.5705480312252795,-0.2200071895867306,-0.009508841446172853,1.5858614115471206,0.9600569007030418,0.10356597220277991,-0.10618487618330075,-0.03798257617951613,-1.545819177266283
1731072564.73,-0.4742677878317513,0.21432867304302877,-0.16079260305988133,-0.2278356685788589,1.5891813206987702,-0.40881180358707603,-0.09292299799425346,-0.1264435866502287,-0.22920222445815597,1.5867880782720172,-0.040919754261378345,0.5362982032753079,-0.2200071895867306,2.2998042170948123,1.5860924430672199,-0.9000588213515957,0.24170224609392993,-0.10618487618330075,-0.050736418319614104,-1.5392899259878812
1731072565.23,1.5345349014458474,-0.12062182853290533,-0.16079260305988133,0.09281271705778812,1.5882767510505362,1.3238737872461357,0.11618789876992705,-0.1264435866502287,-0.28275863152175706,1.584492053332157,0.519442976377961,0.290722901661616,-0.2200071895867306,0.429292668983945,1.586766250765764,-0.9000588213515957,-0.2668213995493146,-0.10618487618330075,-0.36639401128703875,-1.5416875252901487
1731072565.73,-0.4742677878317513,0.1448574579013535,-0.16079260305988133,-0.1681518285173368,1.5897643810251183,-0.40881180358707603,0.19156508248724766,-0.1264435866502287,-0.34702631999807826,1.5866461888764545,-0.040919754261378345,0.27183249384517816,-0.2200071895867306,-0.060755733175237685,1.5871565687618148,0.9600569007030418,0.2492921512527845,-0.10618487618330075,0.016221252915900205,-1.5376371622382081
1731072566.23,-0.18729597507781445,0.08779181689212023,-0.16079260305988133,-0.24032055348968753,1.5903583782729214,-0.40881180358707603,-0.14641648321299733,-0.1264435866502287,-0.18278667166970178,1.5876623328805628,-0.040919754261378345,0.28836160068456124,-0.2200071895867306,0.4036692231194126,1.5873535275021091,0.9600569007030418,0.2189325306173669,-0.10618487618330075,0.1341942927118064,-1.5381920313677324
1731072566.73,-0.4742677878317513,0.1349329985953999,-0.16079260305988133,1.1037838854468367,1.5890354254379813,-0.40881180358707603,0.04081071505260617,-0.1264435866502287,-0.21849094304543584,1.5856232817264364,-0.040919754261378345,0.39225884367496944,-0.2200071895867306,0.551004036840474,1.5874861216107599,-0.9000588213515957,0.048918655059028184,-0.10618487618330075,-0.3313209454017694,-1.546053989328778
1731072567.23,1.5345349014458474,0.10019739102456225,-0.16079260305988133,-0.05335178921532732,1.5890845076772326,1.3238737872461357,0.45903250858096695,-0.1264435866502287,-0.22920222445815597,1.5862130957530014,0.519442976377961,0.7299248833937956,-0.2200071895867306,-0.05755280244217113,1.5874125133291692,0.9600569007030418,0.21286060649028338,-0.10618487618330075,-0.04754795778458968,-1.5505374340224425
1731072567.73,-0.4742677878317513,0.6907027197288016,-0.16079260305988133,-0.20591099263789162,1.5912483045650658,-0.16128529061090793,0.33502488375569683,-0.1264435866502287,-0.4148644356119729,1.5885564518990092,0.039132064401382796,0.9282741654663931,-0.2200071895867306,0.08017321907969059,1.588332479669073,-0.9000588213515957,-0.25619553232691844,-0.10618487618330075,1.5594361518677538,-1.540188746223056
1731072568.23,-0.4742677878317513,0.4773268446507992,-0.16079260305988133,-0.0838027280222264,1.5920448540278398,-0.40881180358707603,0.0578313694403883,-0.1264435866502287,-0.15422325456911454,1.5894897489968458,-0.040919754261378345,1.0935652338602242,-0.2200071895867306,0.1378259722748886,1.5887677289433597,0.9600569007030418,0.2675079236340351,-0.10618487618330075,-0.3313209454017694,-1.5382724244490278
1731072568.73,-0.4742677878317513,0.5542414042719395,-0.16079260305988133,-0.028991038169808126,1.5919715121919384,-0.40881180358707603,-0.5427545782427808,-0.1264435866502287,1.64527202276788,1.5895843647348749,-0.040919754261378345,1.818484633816026,-0.2200071895867306,0.06736149614742437,1.5888612399518236,-0.9000588213515957,-0.1043974291498305,-0.10618487618330075,-0.2261017477459612,-1.541965632566173
1731072569.23,-0.18729597507781445,0.7155138679936857,-0.16079260305988133,-0.22387704653396204,1.5900467461051142,1.3238737872461357,-0.5962480634615246,-0.1264435866502287,-0.36844888282351873,1.5865406572854137,-0.040919754261378345,1.1667655641489207,1.8169496655243917,0.3620311235895474,1.5889995907424623,0.9600569007030418,0.11419183942517624,-0.10618487618330075,-0.12088255009015297,-1.5519314495418388
1731072569.73,1.5345349014458474,1.4251127083693682,-0.16079260305988133,-0.1203438545905053,1.5900638566583956,-0.40881180358707603,0.2499216118167864,-0.1264435866502287,-0.2434839330084496,1.5866112993972068,-0.5212306662379566,1.9932209061180763,1.8826579511731376,0.19868165620315312,1.5891920908649435,-0.9000588213515957,0.8473766777705111,-0.10618487618330075,-0.2484209714911326,-1.5545757249136263
1731072570.23,-0.18729597507781445,0.8991163651538272,-0.16079260305988133,-0.1836818073088553,1.5927969039880299,-0.40881180358707603,-0.2509719315950873,-0.1264435866502287,-0.33631503858535805,1.590481245307288,-0.040919754261378345,1.6059675458811002,-0.2200071895867306,-0.047944010242971534,1.5897777904260113,0.9600569007030418,-0.23038985478681365,-0.10618487618330075,-0.21653636614088767,-1.5446501234467538
1731072570.73,-0.4742677878317513,0.18455529512516794,-0.16079260305988133,-0.2534144571766541,1.5916008010207416,-0.40881180358707603,-0.2534034536504848,-0.1264435866502287,-0.300610767209624,1.587927769269365,-0.040919754261378345,1.6248579536975383,-0.2200071895867306,-0.06395866390830425,1.5903234567280733,-0.87099451319449,0.5240467180033138,-0.10618487618330075,-0.3281324848667449,-1.5490292785876092
1731072571.23,-0.4742677878317513,-0.04122615408527672,-0.16079260305988133,-0.02290085040842831,1.592780672818765,1.3238737872461357,-0.3336436814786005,-0.1264435866502287,-0.23277265159572946,1.590236706726876,0.519442976377961,1.3249727296115874,-0.2200071895867306,0.09939080347808993,1.5903353414212824,0.9309925925459387,-0.2637854374857729,-0.10618487618330075,-0.34726324807689185,-1.5488522114969956
1731072571.73,1.5345349014458474,0.09523516137158544,-0.16079260305988133,1.4691951511296253,1.5946777795737197,-0.40881180358707603,-0.2898762844814465,-0.1264435866502287,-0.2434839330084496,1.5923145672656478,-0.040919754261378345,1.454844283349598,-0.2200071895867306,0.23391389426688516,1.5911552617843767,-0.9000588213515957,0.1840189668866368,-0.10618487618330075,-0.11131716848507942,-1.5401888531568482
1731072572.23,-0.4742677878317513,0.1349329985953999,-0.16079260305988133,-0.12947913623257495,1.593833878709799,-0.40881180358707603,-0.34336976970019034,-0.1264435866502287,-0.2506247872835964,1.5908059871785896,-0.040919754261378345,1.91529797387527,-0.2200071895867306,-0.047944010242971534,1.5914368811467954,0.9600569007030418,0.31001139252361976,-0.10618487618330075,2.079155219076746,-1.5452496142102732
1731072572.73,-0.4742677878317513,-0.07596176165611408,-0.16079260305988133,-0.22265900898168609,1.595151620263792,-0.40881180358707603,-0.22908823309651027,-0.1264435866502287,-0.20420923449514222,1.5920085553844945,-0.040919754261378345,0.9188289615581742,-0.2200071895867306,0.09939080347808993,1.592209863466055,-0.9000588213515957,-0.46112297161598725,-0.10618487618330075,-0.2516094320261571,-1.5389970456195616
1731072573.23,-0.18729597507781445,-0.14295186197130097,-0.16079260305988133,-0.11729876070981539,1.5920677369195106,1.3238737872461357,0.10646181054833725,-0.1264435866502287,1.7773778268580962,1.588427543303286,-0.040919754261378345,0.06639930884141673,-0.2200071895867306,0.11540545714342279,1.5915619562654846,0.9600569007030418,0.5756580730835238,-0.10618487618330075,-0.30262480058654895,-1.5588652074801261
1731072573.73,1.5345349014458474,0.17711195064570273,-0.16079260305988133,-0.09293800966429612,1.5948865585481995,-0.16128529061090793,-0.01025124811074024,-0.1264435866502287,0.4741719216438044,1.592317909902775,0.039132064401382796,0.2246064743040835,1.8169496655243917,0.48374249144607645,1.5922168825492364,-0.9000588213515957,0.3267091838730993,-0.10618487618330075,-0.3632055507520143,-1.5481251823198983
1731072574.23,-0.4742677878317513,-0.10573513957397492,-0.16079260305988133,-0.21413274611575436,1.592811869887218,-0.40881180358707603,0.33502488375569683,-0.1264435866502287,0.1242700621616108,1.5891935665601022,-0.040919754261378345,0.0711219107955262,-0.2200071895867306,-0.03513228731070531,1.592259878462647,0.9600569007030418,0.38135650101685103,-0.10618487618330075,-0.06667872099473665,-1.559326083151672
1731072574.73,-0.4742677878317513,-0.1900930436745806,-0.16079260305988133,-0.16845633790540576,1.5965403100434628,-0.40881180358707603,0.34231944992188945,-0.1264435866502287,-0.2541952144211698,1.5936899158775044,-0.040919754261378345,0.24113558114346662,-0.2200071895867306,-0.028726425844572193,1.5934266277705378,-0.9000588213515957,-0.2015482151831669,-0.10618487618330075,-0.3313209454017694,-1.5415875809099
1731072575.23,-0.4742677878317513,-0.048669498564741925,-0.16079260305988133,-0.18824944812989014,1.5945987723314514,1.3238737872461357,0.325298795534107,-0.1264435866502287,-0.2970403400720506,1.5905429345457882,0.519442976377961,0.1230705322907303,-0.2200071895867306,0.06415856541435788,1.5936079844134536,0.9600569007030418,-0.2865551529623361,-0.10618487618330075,-0.26436327416625505,-1.5512991041442477
1731072575.73,1.5345349014458474,0.07538624275967822,-0.16079260305988133,-0.23727545960899762,1.5933689329157694,-0.40881180358707603,0.4809162070795437,-0.1264435866502287,-0.3755897370986655,1.5896719781821589,-0.040919754261378345,1.1620429621948112,-0.2200071895867306,0.17626114107168728,1.5931622028306471,-0.9000588213515957,1.0872176807903102,-0.10618487618330075,-0.14001331330029995,-1.563071874330949
1731072576.23,-0.4742677878317513,-0.22730976607190667,-0.16079260305988133,-0.08075763414153649,1.5952689008405005,-0.40881180358707603,-0.3920002108081393,-0.1264435866502287,-0.3398854657229315,1.5917100347599527,-0.5212306662379566,0.5410208052294173,1.8826579511731376,-0.047944010242971534,1.594007413450564,0.9309925925459387,0.10811991529809273,-0.10618487618330075,-0.3695824718220632,-1.5542131330239999
1731072576.73,-0.18729597507781445,-0.20994196228648784,-0.16079260305988133,0.9606644730544112,1.5979047808058255,-0.40881180358707603,-1.1482035700367448,-0.1264435866502287,-0.3720193099610921,1.5955173511964669,-0.040919754261378345,0.08056711470374513,-0.2200071895867306,-0.06395866390830425,1.5945372924275654,-0.87099451319449,-0.31387881153421193,-0.10618487618330075,0.3765172933736677,-1.5450422366420056
1731072577.23,-0.4742677878317513,-0.23723422537786026,-0.16079260305988133,-0.24519270369879137,1.59724203090472,1.3238737872461357,-0.7542969970623588,-0.1264435866502287,-0.33631503858535805,1.5942042957041582,-0.040919754261378345,0.42767835833079043,-0.2200071895867306,0.057752703948224765,1.5948781214710632,0.9600569007030418,-0.605331169634221,-0.10618487618330075,0.07042508201131653,-1.549023226489102
1731072577.73,1.5345349014458474,-0.0883673357885561,-0.16079260305988133,-0.09293800966429612,1.594932309571985,-0.40881180358707603,-0.8783046218876284,-0.1264435866502287,-0.3113220486223442,1.5912193831278456,0.039132064401382796,0.51740779545887,1.8169496655243917,0.17946407180475377,1.5946200820274352,-0.9000588213515957,-0.34423843216962957,-0.10618487618330075,-0.28349403737640194,-1.5632706501488087
1731072578.23,-0.4742677878317513,-0.056112843044207134,-0.16079260305988133,-0.1711969223980267,1.5986545990249175,-0.40881180358707603,-0.7032350338990123,-0.1264435866502287,2.7485340082780616,1.5958756463011947,-0.040919754261378345,0.666169757013318,-0.2200071895867306,0.0769702883466241,1.5956897669669399,-0.9000588213515957,0.1020479911710092,-0.10618487618330075,-0.34726324807689185,-1.5462658059799126
1731072578.73,-2.196098664355413,11.600164611798299,4.2614553726044715,-0.24397466614651542,1.5994196165673036,-3.3791299593011543,10.960776265842535,7.51273340223678,3.8196621495500827,1.5965244720749094,-0.5212306662379566,9.282557022286026,1.8826579511731376,0.08657908054582371,1.5962574850026607,-0.9000588213515957,12.915325880349007,6.581873565763087,16.766798673667065,-1.5434904898086246
1731072579.23,1.5345349014458474,1.720365372721488,-0.16079260305988133,4.5234243134616,1.5997983102127777,1.3238737872461357,1.6966772347782666,-0.1264435866502287,-0.157793681706688,1.5967568281439413,-0.040919754261378345,1.856265449448902,1.8169496655243917,22.452644389549572,1.5966985793345516,0.9600569007030418,6.295410600796199,-0.10618487618330075,33.88086059541102,-1.543021746320542
1731072579.73,-0.4742677878317513,0.12997076894242307,-0.16079260305988133,-0.19342610772706298,1.5969777446001712,-0.40881180358707603,-0.554912188519768,-0.1264435866502287,-0.3613080285483719,1.5935632678137792,-0.040919754261378345,0.4560139700554472,-0.2200071895867306,0.08657908054582371,1.5960780997298183,-0.9000588213515957,2.254545094222117,-0.10618487618330075,-0.34088632700684285,-1.5617488264913508
1731072580.23,-0.4742677878317513,-0.004009431687950675,-0.16079260305988133,-0.15688498115878413,1.6006440598144853,-0.40881180358707603,-0.9050513644970003,-0.1264435866502287,-0.23277265159572946,1.5981350468295263,-0.040919754261378345,0.7582604951184524,-0.2200071895867306,0.20508751766928623,1.5971431865483687,0.9600569007030418,0.9672971792804109,-0.10618487618330075,-0.1974056029307407,-1.5449772701827569
1731072580.73,-0.4742677878317513,-0.048669498564741925,-0.16079260305988133,-0.16662928157699183,1.5973702556478717,-0.40881180358707603,-0.8588524454444487,-0.1264435866502287,-0.1328006917436741,1.5939219582488149,0.039132064401382796,0.31669721240921805,-0.2200071895867306,-0.006305910713106296,1.5966769157603167,-0.9000588213515957,0.4815432491137292,-0.10618487618330075,-0.14320177383532437,-1.5641905133432872
1731072581.23,1.5345349014458474,-0.031301694779323104,-0.16079260305988133,0.1780753457171054,1.6003401449829968,1.3238737872461357,-0.28744476242604905,-0.1264435866502287,-0.36844888282351873,1.5974470365702984,0.519442976377961,0.37100713488147685,-0.2200071895867306,0.0257233966175592,1.597682470583998,-1.0163160539800105,0.2098246444267416,-0.10618487618330075,0.2298481087625411,-1.5503397253776856
1731072581.73,-0.4742677878317513,0.26643208439928495,-0.16079260305988133,-0.03203613205049803,1.6000641235760278,-0.40881180358707603,-0.5427545782427808,-0.1264435866502287,-0.23991350587087626,1.5962005424689465,-0.040919754261378345,0.5764403198852383,-0.2200071895867306,0.1346230415418221,1.5983497000444857,1.076314133331454,0.762369739991342,-0.10618487618330075,-0.17189791865054474,-1.5505491086697973
1731072582.23,-0.18729597507781445,0.494694648436218,-0.16079260305988133,-0.19403512650320096,1.5981548560778727,-0.40881180358707603,-0.5427545782427808,-0.1264435866502287,-0.37916016423623894,1.5944619619937757,-0.040919754261378345,0.6614471550592086,-0.2200071895867306,0.0769702883466241,1.5977585493647697,0.9600569007030418,-0.1119873343086849,-0.10618487618330075,0.0321635555910226,-1.5658097823280945
1731072582.73,-0.4742677878317513,0.34582775884691386,-0.16079260305988133,-0.21809136816065125,1.6009325367068588,-1.8939708814441196,-0.652173070735666,3.6343820078787594,2.070152852139115,1.598149151924866,-0.5212306662379566,0.8172930195448209,1.8826579511731376,0.1250142493426224,1.5984905507306018,-2.7601745434062304,0.04132874990017395,7.103020976823845,-0.34726324807689185,-1.5546500198924282
1731072583.23,-0.18729597507781445,-0.036263924432299914,-0.16079260305988133,-0.10816347906774566,1.6026871816917547,1.3238737872461357,-0.06617625538488155,-0.1264435866502287,-0.22563179732058264,1.5998596161195735,0.519442976377961,1.0368940104109108,-0.2200071895867306,0.019317535151426157,1.5993854903356337,0.9600569007030418,-0.0634119412920167,-0.10618487618330075,-0.3632055507520143,-1.545945733133166
1731072583.73,1.5345349014458474,0.39545005537668193,-0.16079260305988133,-0.07162235249946677,1.6023881758880936,-0.40881180358707603,0.6341020965695826,-0.1264435866502287,-0.4112940084743995,1.598968907560966,-0.040919754261378345,1.9271044787605438,-0.2200071895867306,1.6464063475492354,1.5998282078378023,-0.9000588213515957,0.3251912028413286,-0.10618487618330075,-0.3281324848667449,-1.547883182092436
1731072584.23,-0.4742677878317513,-0.14791409162427777,-0.16079260305988133,-0.2308807624595488,1.6009562361968006,-0.40881180358707603,-0.28744476242604905,-0.1264435866502287,-0.1506528274315412,1.5967942302471234,-0.040919754261378345,1.5162381087530206,-0.2200071895867306,-0.0031029799800397395,1.599935376485874,0.9600569007030418,-0.022426453434203072,-0.10618487618330075,-0.2675517347012796,-1.5563222201193105
1731072584.73,-2.196098664355413,0.13741411342188828,4.2614553726044715,-0.08989291578360621,1.600526336990137,-0.40881180358707603,-0.007819726055342792,-0.1264435866502287,0.1956786049130789,1.5964302483503487,-0.040919754261378345,1.3273340305886425,-0.2200071895867306,0.18586993327088688,1.5999545545649552,-0.9000588213515957,-0.2349437978821263,-0.10618487618330075,-0.2611748136312306,-1.5618309425901349
1731072585.23,-0.4742677878317513,-0.053631728217718735,-0.16079260305988133,-0.13252423011326486,1.6027577902488663,1.3238737872461357,-0.17802626993316387,-0.1264435866502287,-0.37916016423623894,1.59946691395381,0.519442976377961,1.9861370031869119,-0.2200071895867306,0.04494098101595854,1.6005427381916681,0.9600569007030418,-0.010282605180036021,-0.10618487618330075,-0.25479789256118157,-1.553673888207418
1731072585.73,1.5345349014458474,0.04809397966830579,-0.16079260305988133,-0.1900765044583041,1.6043920506058558,-0.40881180358707603,-0.21693062281952305,-0.1264435866502287,-0.26490649583389003,1.6014695714026363,-0.5212306662379566,0.1089027264284019,-0.2200071895867306,-0.11520555563736914,1.6011576626025685,-0.9000588213515957,-0.2516415892316058,-0.10618487618330075,0.42434420139903517,-1.5474516301881311
1731072586.23,-2.196098664355413,0.6857404900758248,4.2614553726044715,-0.19525316405547694,1.6018028553230916,-0.40881180358707603,0.7192053685084936,-0.1264435866502287,-0.17564581739455495,1.59760371628011,0.519442976377961,0.08056711470374513,-0.2200071895867306,0.874500040880196,1.6011384944060432,0.9309925925459387,0.11570982045694696,-0.10618487618330075,-0.36639401128703875,-1.5609458441059785
1731072586.73,-0.4742677878317513,0.005915027618002938,-0.16079260305988133,-0.10207329130636585,1.6021051220568883,-1.8939708814441196,0.3666346704758639,-0.1264435866502287,-0.33274461144778467,1.5979604705362018,-0.040919754261378345,0.39698144562907894,-0.2200071895867306,0.3908575001871464,1.6014366527735637,-0.87099451319449,0.12937164974288506,-0.10618487618330075,0.0736135425463411,-1.561797603294157
1731072587.23,-0.18729597507781445,0.08034847241265503,-0.16079260305988133,0.010595182279160677,1.6030905770338066,1.3238737872461357,0.6608488391789549,3.399330408220697,0.6955384041733553,1.600169661053398,0.519442976377961,0.6331115433345519,-0.2200071895867306,-0.038335218043771865,1.6013226775194869,0.9600569007030418,0.17794704275955325,-0.10618487618330075,-0.006097970829271184,-1.5632315723109294
1731072587.73,1.5345349014458474,0.1498196875543303,-0.16079260305988133,0.23897722333090357,1.6040606848135612,-0.40881180358707603,0.18427051632105532,-0.1264435866502287,-0.31489247575991763,1.6008153762228605,-0.040919754261378345,0.4607365720095564,-0.2200071895867306,0.1041951995776898,1.6020852762988602,-0.9000588213515957,0.748707910705404,-0.10618487618330075,-0.3281324848667449,-1.5582968560900083
1731072588.23,-0.4742677878317513,0.07290512793318982,-0.16079260305988133,-0.15993007503947404,1.603692746861445,-0.40881180358707603,0.18913356043185023,-0.1264435866502287,-0.300610767209624,1.5993502333305738,-0.040919754261378345,0.4654591739636659,-0.2200071895867306,0.2467256171991514,1.6027903520173479,0.9600569007030418,-0.2349437978821263,-0.10618487618330075,-0.19421714239571627,-1.5585587173997968
1731072588.73,-0.4742677878317513,0.44507235190644995,-0.16079260305988133,-0.1447046056360245,1.6062954160136476,-0.40881180358707603,-0.06131321127408664,-0.1264435866502287,-0.39701229992410586,1.6037308383104107,-0.5212306662379566,1.1266234475389905,1.8826579511731376,0.26914613233061735,1.6029623703715818,-0.9000588213515957,0.5665501868928985,-0.10618487618330075,-0.35682862968196527,-1.552125661193591
1731072589.23,1.5345349014458474,0.5219869115275905,-0.16079260305988133,-0.18276827914464833,1.6043990910785584,-0.40881180358707603,-0.80049591611491,-0.1264435866502287,-0.1256598374685273,1.6009139474763365,0.519442976377961,1.0534231172502937,-0.2200071895867306,0.5958450671034059,1.6029981100482888,0.9600569007030418,0.6606650108626928,-0.10618487618330075,-0.3217555637966959,-1.5627454874583562
1731072589.73,-0.4742677878317513,0.34582775884691386,-0.16079260305988133,-0.15079479339740431,1.606129801417315,1.3238737872461357,-0.5135763135780114,-0.1264435866502287,-0.2434839330084496,1.6038058239995483,-0.040919754261378345,0.8220156214989304,-0.2200071895867306,3.106942761827584,1.6031971394535167,-0.9000588213515957,0.4253779509382064,-0.10618487618330075,-0.2675517347012796,-1.5592259764697007
1731072590.23,-0.18729597507781445,0.3681577922853095,-0.16079260305988133,-0.24306113798230844,1.6054955298167095,-0.40881180358707603,-0.7567285191177562,-0.1264435866502287,-0.21849094304543584,1.6016259341943175,-0.040919754261378345,0.9448032723057759,-0.2200071895867306,0.429292668983945,1.604058617998167,0.9600569007030418,0.45270160951008226,-0.10618487618330075,-0.3313209454017694,-1.559292649996597
1731072590.73,-0.4742677878317513,0.6733349159433828,-0.16079260305988133,-0.09902819742567594,1.607083673954894,-0.16128529061090793,-0.5646382767413578,-0.1264435866502287,-0.23991350587087626,1.6045594060256756,0.039132064401382796,0.9802227869615971,-0.2200071895867306,0.16024648740635444,1.604099704509268,-0.87099451319449,-0.28959111502587787,-0.10618487618330075,1.6008861388230724,-1.5574385925175567
1731072591.23,-0.18729597507781445,0.8321262648386405,-0.16079260305988133,-0.07466744638015668,1.6054205579917316,1.3238737872461357,-0.45765130630387013,-0.1264435866502287,-0.27204735010903686,1.6017019394053802,0.519442976377961,1.0723135250667315,-0.2200071895867306,-0.05755280244217113,1.604378217002284,0.9600569007030418,0.3995722733981016,-0.10618487618330075,-0.2452325109561081,-1.5654479304191997
1731072591.73,1.5345349014458474,0.7031082938612436,-0.16079260305988133,-0.17576456321906156,1.6051936833538687,-0.16128529061090793,0.19642812659804257,-0.1264435866502287,-0.3113220486223442,1.6017344926048311,-0.040919754261378345,1.5185994097300755,-0.2200071895867306,0.11860838787648927,1.6043627721614937,-0.9000588213515957,0.17794704275955325,-0.10618487618330075,-0.3313209454017694,-1.5704851574807706
1731072592.23,-0.18729597507781445,0.16470637651326073,-0.16079260305988133,-0.16297516892016395,1.6092649966100514,-0.40881180358707603,-0.195046924320946,-0.1264435866502287,3.4983237071684763,1.6062991842162317,-0.040919754261378345,1.4572055843266525,-0.2200071895867306,0.03212925808369231,1.6058131316165822,0.9600569007030418,0.5286006610986264,-0.10618487618330075,-0.34088632700684285,-1.5494455950582877
1731072592.73,-0.4742677878317513,-0.3836200001406759,-0.16079260305988133,-0.19099003262251105,1.6083770214754878,-0.40881180358707603,-0.4527882621930755,-0.1264435866502287,0.15283347926219804,1.605179207224637,-0.040919754261378345,1.6791678761697972,-0.2200071895867306,0.08657908054582371,1.6058316969823518,-0.9000588213515957,0.8731823553106163,-0.10618487618330075,-0.2452325109561081,-1.5565929000655416
1731072593.23,1.5345349014458474,-0.2645264884692327,-0.16079260305988133,-0.18307278853271733,1.608636022892974,1.3238737872461357,-0.36282194614336993,-0.1264435866502287,-0.3613080285483719,1.6052020943673186,0.519442976377961,1.8114007308848616,-0.2200071895867306,0.07376735761355747,1.6062793265437136,0.9600569007030418,-0.33816650804254605,-0.10618487618330075,-0.20059406346576525,-1.5565040977672633
1731072593.73,-0.4742677878317513,-0.32903547395793104,-0.16079260305988133,1.9381396087558707,1.6072658580481805,-0.40881180358707603,-0.1050806082712407,-0.1264435866502287,-0.3827305913738123,1.6033562896414018,-0.040919754261378345,1.8751558572653397,-0.2200071895867306,0.11860838787648927,1.6062573269184899,-0.9000588213515957,0.5407445093527934,-0.10618487618330075,0.07680200308136552,-1.565669541562799
1731072594.23,-0.4742677878317513,-0.22482865124541826,-0.16079260305988133,-0.2135237273396164,1.6081880995967617,-0.40881180358707603,0.0019063621662470003,-0.1264435866502287,-0.00783574192860498,1.6049048262923822,-0.040919754261378345,1.0109196996633085,-0.2200071895867306,1.383766027437778,1.6064604040448909,0.9600569007030418,-0.040642225815453646,-0.10618487618330075,-0.3440747875418674,-1.5650045889430613
1731072594.73,-0.4742677878317513,-0.12062182853290533,-0.16079260305988133,1.091603509924077,1.6074442316870645,-0.40881180358707603,0.23290095742900427,-0.1264435866502287,-0.3505967471356517,1.603481241313831,-0.040919754261378345,0.04750890102497887,-0.2200071895867306,0.4741336992468767,1.6067876625264552,-0.9000588213515957,0.4223419888746646,-0.10618487618330075,-0.3090017216565979,-1.5693768529267462
1731072595.23,1.2475630886919002,0.4227423184680543,-0.16079260305988133,0.007550088398470769,1.6084186714157847,-0.40881180358707603,-0.0588816892186892,3.5168562080497283,-0.35773760141079847,1.60454388600126,0.519442976377961,0.11598662935956609,-0.2200071895867306,0.6791212661631361,1.6073166749047383,-0.9000588213515957,-0.3533463183602549,-0.10618487618330075,1.7220476391540034,-1.5661385738763205
1731072595.73,-0.18729597507781445,0.21680978786951718,-0.16079260305988133,-0.2165688212203063,1.6097083547744409,-0.40881180358707603,0.07242050177277298,-0.1264435866502287,-0.32203333003506446,1.605739939481374,-0.040919754261378345,0.5221303974129794,-0.2200071895867306,-0.038335218043771865,1.6080665189214987,0.9600569007030418,-0.22279994962795924,-0.10618487618330075,-0.22291328721093664,-1.5601580806556128
1731072596.23,-0.4742677878317513,-0.22482865124541826,-0.16079260305988133,-0.03203613205049803,1.6090479827091568,-0.40881180358707603,0.30098357498013284,-0.1264435866502287,-0.3934418727865325,1.6055119741051431,0.039132064401382796,0.17738045476298886,-0.2200071895867306,-0.04153814877683842,1.6077913636829242,0.9600569007030418,0.7001325176887357,-0.10618487618330075,-0.2611748136312306,-1.5686436884964021
1731072596.73,-0.18729597507781445,-0.12558405818588214,-0.16079260305988133,-0.07162235249946677,1.6095797953404183,-0.40881180358707603,0.4055390233622231,-0.1264435866502287,0.8776301881895988,1.6053186200171348,-0.040919754261378345,0.33794892120271064,-0.2200071895867306,-0.009508841446172853,1.60861898724747,-0.9000588213515957,0.0124871102965272,-0.10618487618330075,-0.34088632700684285,-1.5647989724776592
1731072597.23,1.5345349014458474,-0.4952701673326539,-0.16079260305988133,-0.25006485390789523,1.610613738566592,1.3238737872461357,0.5368412143536853,-0.1264435866502287,-0.3613080285483719,1.6065120973419666,0.519442976377961,0.3898975426979147,-0.2200071895867306,-0.05755280244217113,1.6091294912123362,0.9600569007030418,0.38135650101685103,-0.10618487618330075,-0.108128707950055,-1.5614839336348705
1731072597.73,-0.4742677878317513,-0.21738530676595305,-0.16079260305988133,-0.11425366682912548,1.6123261698669484,-1.8939708814441196,-0.4819665268578446,-0.1264435866502287,-0.35773760141079847,1.6097535800997533,0.039132064401382796,1.26121760323111,-0.2200071895867306,0.21149337913541935,1.609112376145385,-0.9000588213515957,-0.23949774097743892,-0.10618487618330075,-0.3281324848667449,-1.55960983392204
1731072598.23,-0.4742677878317513,0.32845995506149506,-0.16079260305988133,-0.03508122593118794,1.610850812889177,1.3238737872461357,-0.9220720188847824,-0.1264435866502287,-0.3648784556859453,1.6070089106100793,-0.040919754261378345,0.12543183326778504,-0.2200071895867306,-0.044741079509904975,1.6095033119980555,0.9600569007030418,0.5240467180033138,-0.10618487618330075,-0.19102868186069172,-1.5661274811418264
1731072598.73,-0.4742677878317513,0.01583948692395655,-0.16079260305988133,-0.2671173796397587,1.6118706658646635,-0.40881180358707603,-0.23881432131810007,-0.1264435866502287,-0.24705436014602308,1.607879162575632,-0.040919754261378345,-0.1838985947263846,-0.2200071895867306,0.5574098983066071,1.610184619692454,-0.9000588213515957,0.9490814068991603,-0.10618487618330075,-0.16552099758049577,-1.5616122864859432
1731072599.23,1.5345349014458474,-0.13054628783885894,-0.16079260305988133,0.26942816213780263,1.6140183778017483,1.3238737872461357,-0.7445709088407689,-0.1264435866502287,0.07785450937315659,1.6112542822054394,0.519442976377961,0.0711219107955262,-0.2200071895867306,0.0769702883466241,1.6105012464202961,-0.9000588213515957,0.46029151466893686,-0.10618487618330075,-0.3919016955672347,-1.5557404328017068
1731072599.73,-0.4742677878317513,0.055537324147770996,-0.16079260305988133,1.5575028736696326,1.6118290605572114,-0.40881180358707603,-0.9074828865523977,-0.1264435866502287,-0.3291741843102112,1.608635252326717,0.039132064401382796,-0.035136633171936736,-0.2200071895867306,0.012911673685293043,1.610148462818317,0.9600569007030418,0.8686284122153034,-0.10618487618330075,0.46898264888937796,-1.570251770904235
1731072600.23,-0.4742677878317513,0.10019739102456225,-0.16079260305988133,-0.21809136816065125,1.6121818529892116,-0.16128529061090793,-0.9950176805467057,-0.1264435866502287,-0.20420923449514222,1.6082659691758896,-0.040919754261378345,0.422955756376681,-0.2200071895867306,-0.025523495111505635,1.6109076661669046,0.9600569007030418,-0.24405168407275157,-0.10618487618330075,0.07042508201131653,-1.567547684992982
1731072600.73,-0.4742677878317513,0.303648806796611,-0.16079260305988133,0.3151045703481512,1.6151796604566782,-0.40881180358707603,-0.5913850193507297,-0.1264435866502287,-0.32203333003506446,1.6122764018829259,-0.040919754261378345,0.38281363976675054,-0.2200071895867306,0.11220252641035616,1.611662791388659,-0.9000588213515957,-0.18333244280191632,-0.10618487618330075,-0.3217555637966959,-1.555430817333395
1731072601.23,1.5345349014458474,0.48477018913026443,-0.16079260305988133,1.5635930614310123,1.61484247656393,1.3238737872461357,-0.5622067546859604,-0.1264435866502287,1.491743655852224,1.6118236200813438,0.519442976377961,0.42059445539962625,-0.2200071895867306,0.09298494201195681,1.611820001548207,0.9600569007030418,-0.14841887907118606,-0.10618487618330075,-0.3855247744971857,-1.5595966875272582
1731072601.73,-0.4742677878317513,0.08282958723914342,-0.16079260305988133,-0.06248707085739705,1.6145287618423705,-0.40881180358707603,-0.919640496829385,-0.1264435866502287,-0.32560375717263784,1.61206679731766,0.039132064401382796,0.34975542608798427,-0.2200071895867306,0.04173805028289198,1.611603013202593,-0.9000588213515957,-0.1210952204993102,-0.10618487618330075,-0.08262102366985905,-1.5664178099502024
1731072602.23,-0.4742677878317513,0.43018566294751953,-0.16079260305988133,0.05322649660881932,1.6147328370302212,-0.40881180358707603,-0.8783046218876284,-0.1264435866502287,-0.28275863152175706,1.6122744791491335,-0.040919754261378345,0.5292143003441436,-0.2200071895867306,-0.015914702912305966,1.611893671499102,0.9600569007030418,0.8686284122153034,-0.10618487618330075,-0.2611748136312306,-1.5676744300977057
1731072602.73,-0.4742677878317513,0.13245188376891148,-0.16079260305988133,-0.12947913623257495,1.6148011664109359,-0.40881180358707603,-0.7956328720041151,-0.1264435866502287,-0.1970683802199954,1.6120411485266528,-0.5212306662379566,0.7181183785085222,1.8826579511731376,0.2947695781951498,1.612307670209124,-0.9000588213515957,-0.08618165676857992,-0.10618487618330075,-0.20059406346576525,-1.5685128863666127
1731072603.23,1.5345349014458474,-0.013933890993904286,-0.16079260305988133,-0.21778685877258225,1.6145927533991487,1.3238737872461357,-0.7324132985637817,-0.1264435866502287,-0.3755897370986655,1.6106952698794144,0.519442976377961,0.5669951159770193,-0.2200071895867306,0.23071096353381867,1.6130946084791407,0.9600569007030418,-0.09225358089566345,-0.10618487618330075,-0.36001709021698974,-1.567610173934685
1731072603.73,-0.4742677878317513,0.8420507241445941,-0.16079260305988133,-0.07466744638015668,1.6129366977968342,-1.8939708814441196,-0.43576760780529333,3.6343820078787594,0.020727675171982107,1.609084918431516,-0.040919754261378345,1.6508322644451405,-0.2200071895867306,2.613691428935335,1.612669575769466,-0.9000588213515957,-0.09225358089566345,-0.10618487618330075,-0.3376978664718184,-1.5807461331490311
1731072604.23,-0.18729597507781445,0.3433466440204255,-0.16079260305988133,0.17198515795572558,1.6139737927662825,-0.40881180358707603,-0.22179366693031793,-0.1264435866502287,0.16354476067491833,1.609961235597019,-0.040919754261378345,0.8432673302924227,-0.2200071895867306,-0.04153814877683842,1.6133635827793689,0.9600569007030418,-0.042160206847224525,-0.10618487618330075,0.01303279238087564,-1.5760767203439008
1731072604.73,-0.4742677878317513,1.248953555688692,-0.16079260305988133,-0.224790574698169,1.6152771903468226,-0.40881180358707603,0.24262704565059406,-0.1264435866502287,-0.35773760141079847,1.611673525868344,-0.040919754261378345,3.74766753206974,-0.2200071895867306,0.2467256171991514,1.613832298511635,-0.9000588213515957,0.12026376355225978,-0.10618487618330075,-0.3313209454017694,-1.5721051881011605
1731072605.23,-0.4742677878317513,-0.12062182853290533,-0.16079260305988133,-0.18002769465202742,1.6169557639355918,1.3238737872461357,-0.3068969388692286,-0.1264435866502287,-0.2684769229714634,1.614596846386842,0.039132064401382796,1.594161040995827,-0.2200071895867306,0.009708742952226488,1.6139646673644577,0.9309925925459387,-0.5506838524904693,-0.10618487618330075,-0.3982786166372837,-1.5692553617899097
1731072605.73,1.5345349014458474,0.4872513039567528,-0.16079260305988133,1.4478794939647959,1.617534129962199,-0.40881180358707603,-0.45765130630387013,-0.1264435866502287,2.120138832065143,1.6151594210172266,0.519442976377961,1.5374898175465133,-0.2200071895867306,-0.02232056437843908,1.6144055613417758,-0.87099451319449,-0.10287944811805962,-0.10618487618330075,-0.3121901821916224,-1.568076047742128
1731072606.23,-0.4742677878317513,0.5219869115275905,-0.16079260305988133,-0.21991842448906518,1.6187461729566555,-0.40881180358707603,-0.4673773945254599,-0.1264435866502287,-0.28275863152175706,1.6160027543288724,-0.040919754261378345,1.5516576234088417,-0.2200071895867306,-0.006305910713106296,1.6152830000784835,0.9600569007030418,0.24170224609392993,-0.10618487618330075,-0.19421714239571627,-1.5614397932640252
1731072606.73,-0.4742677878317513,0.5691280932308699,-0.16079260305988133,-0.08075763414153649,1.6170212241302453,-0.40881180358707603,-0.48439804891324206,-0.1264435866502287,-0.3291741843102112,1.6139340072479278,0.039132064401382796,1.1596816612177567,-0.2200071895867306,0.03212925808369231,1.615054124055049,-0.9000588213515957,0.2781337908564311,-0.10618487618330075,0.03535201612604717,-1.5733859322183532
1731072607.23,1.5345349014458474,0.45003458155942677,-0.16079260305988133,-0.05944197697670714,1.617405914039849,1.3238737872461357,0.14050311932390153,-0.1264435866502287,-0.28275863152175706,1.6138246485626213,-0.040919754261378345,0.5197690964359247,-0.2200071895867306,0.0769702883466241,1.6156952232676667,0.9600569007030418,0.3509968803814334,-0.10618487618330075,-0.4046555377073327,-1.5714335618926036
1731072607.73,-0.4742677878317513,0.3086110364495878,-0.16079260305988133,-0.2056064832498226,1.6183677028939156,-0.40881180358707603,-0.13669039499140753,-0.1264435866502287,-0.10066684750551352,1.6153669356964055,0.519442976377961,0.17974175574004359,-0.2200071895867306,-0.06395866390830425,1.6159392451888515,-0.9000588213515957,0.09445808601215462,-0.10618487618330075,0.08317892415141451,-1.5703256045329563
1731072608.23,-0.4742677878317513,0.7229572124731508,-0.16079260305988133,-0.17241495995030265,1.6197445468493723,-0.40881180358707603,0.33745640581109454,-0.1264435866502287,-0.318462902897491,1.617313547790228,0.039132064401382796,0.7747896019578357,-0.2200071895867306,1.0378495082665902,1.6163437043456557,0.9600569007030418,0.645485200544984,-0.10618487618330075,0.13100583217678186,-1.5665616416371748
1731072608.73,-0.4742677878317513,0.6634104566374291,-0.16079260305988133,-0.0838027280222264,1.61834966338692,-0.40881180358707603,0.13564007521310664,-0.1264435866502287,-0.20777966163271552,1.6145747481960848,-0.040919754261378345,0.3780910378126411,-0.2200071895867306,0.15063769520715484,1.6168068407154301,-0.9000588213515957,0.25081013228455523,-0.10618487618330075,-0.3345094059367939,-1.5722664360831966
1731072609.23,1.5345349014458474,0.3086110364495878,-0.16079260305988133,-0.22570410286237597,1.6197196796488806,-0.40881180358707603,-0.0005251598891504476,3.5168562080497283,0.10998835361131717,1.616670433653643,0.519442976377961,0.5032399895965416,-0.2200071895867306,-0.01911763364537252,1.6171200358536324,0.9600569007030418,0.4769893060184164,-0.10618487618330075,1.0700074597414946,-1.5691943713809893
1731072609.73,-0.4742677878317513,0.24906428061386615,-0.16079260305988133,-0.11425366682912548,1.6206806978725876,-0.40881180358707603,0.23776400153979918,-0.1264435866502287,-0.3077516214847708,1.6179886056279897,-0.040919754261378345,0.5221303974129794,-0.2200071895867306,-0.047944010242971534,1.61749090922124,-0.9291231295086987,0.3752845768897675,-0.10618487618330075,2.4745243254197833,-1.5671609278658372
1731072610.23,-0.4742677878317513,0.5864958970162887,-0.16079260305988133,-0.10816347906774566,1.619400969141991,-0.16128529061090793,0.011632450387836791,-0.1264435866502287,-0.22920222445815597,1.6151102286079446,-0.040919754261378345,0.8621577381088605,-0.2200071895867306,0.2563344093983511,1.6181417697828613,0.9891212088601449,0.31152937355539045,-0.10618487618330075,2.246549397165532,-1.5710820271786847
1731072610.73,-0.18729597507781445,1.3680470673601348,-0.16079260305988133,1.4478794939647959,1.6224738491460247,-0.40881180358707603,0.048105281218798514,-0.1264435866502287,1.8237933796465502,1.619629697684888,-0.040919754261378345,0.8834094469023535,-0.2200071895867306,-0.006305910713106296,1.618677822336002,-0.9000588213515957,0.6120896178460247,-0.10618487618330075,2.018574468911281,-1.5602980205004613
1731072611.23,1.5345349014458474,0.33838441436744865,-0.16079260305988133,-0.1233889484711952,1.6210180973137331,1.3238737872461357,-0.7299817765083843,-0.1264435866502287,-0.33631503858535805,1.6181123824893233,0.519442976377961,0.8999385537417363,-0.2200071895867306,0.1474347644740882,1.618388467899839,0.9600569007030418,-0.33513054597900427,-0.10618487618330075,0.05767123987121856,-1.5717248079048807
1731072611.73,-0.4742677878317513,0.48228907430377604,-0.16079260305988133,-0.17028339423381972,1.6214291614094818,-0.40881180358707603,0.10403028849293981,-0.1264435866502287,0.006445966621688642,1.6179300919855033,-0.040919754261378345,1.2801080110475478,-0.2200071895867306,0.09618787274502344,1.6190958036554564,-0.9000588213515957,0.4147520837158104,-0.10618487618330075,-0.30262480058654895,-1.5691945489351746
1731072612.23,-0.4742677878317513,0.5145435670481252,-0.16079260305988133,-0.16297516892016395,1.6209970845973607,-0.40881180358707603,-0.139121917046805,-0.1264435866502287,-0.10423727464308685,1.6175262530464736,-0.040919754261378345,1.1360686514472094,-0.2200071895867306,0.24992854793221803,1.619135954128486,-0.9000588213515957,-0.14993686010295693,-0.10618487618330075,-0.06349026045971208,-1.5745552640149307
1731072612.73,-0.4742677878317513,0.6113070452811727,-0.16079260305988133,-0.13861441787464468,1.6198488576052483,-0.40881180358707603,0.011632450387836791,-0.1264435866502287,-0.3720193099610921,1.6161293107704593,0.039132064401382796,2.1655958774430717,-0.2200071895867306,0.6438890280994042,1.6190674931254223,0.9891212088601449,-0.36093622351910926,-0.10618487618330075,0.19796350341229615,-1.5832681483431492
1731072613.23,-0.18729597507781445,0.25650762509333136,-0.16079260305988133,0.06845196601226886,1.6242231925315083,1.3238737872461357,-0.5743643649629476,-0.1264435866502287,-0.27561777724661024,1.6214853312128814,0.519442976377961,1.3627535452444632,-0.2200071895867306,1.9474818364574915,1.6203519038439433,0.9309925925459387,0.05499057918611171,-0.10618487618330075,-0.3823363139621612,-1.5623623030323104
1731072613.73,-0.4742677878317513,-0.5002323969856307,-0.16079260305988133,-0.20682452080209857,1.623466267023503,-0.16128529061090793,-0.15614257143458685,-0.1264435866502287,-0.32203333003506446,1.6205370494351372,-0.20102339158690347,1.2446884963917266,-0.2200071895867306,0.09298494201195681,1.6203962478844995,-0.9000588213515957,0.4132341026840397,-0.10618487618330075,-0.2516094320261571,-1.5688524719409305
1731072614.23,1.5345349014458474,-0.3067054405195356,-0.16079260305988133,0.13544403138744676,1.6216461534811812,-0.40881180358707603,0.09916724438214491,-0.1264435866502287,-0.318462902897491,1.618265625097976,0.19923570172691077,1.8916849641047226,-0.2200071895867306,0.11860838787648927,1.6201933051296904,0.9600569007030418,1.519842274845011,-0.10618487618330075,0.12781737164175744,-1.5809485242286174
1731072614.73,-0.4742677878317513,-0.5548169231683756,-0.16079260305988133,0.49172001542816574,1.622367009729291,-0.40881180358707603,-0.25826649776127963,-0.1264435866502287,-0.35773760141079847,1.6181813799299696,-0.040919754261378345,1.8302911387012997,-0.2200071895867306,0.7559916037567335,1.6211361923806777,-0.9000588213515957,0.2781337908564311,-0.10618487618330075,-0.28987095844645094,-1.5755899846655539
1731072615.23,1.5345349014458474,-0.41339337805853676,-0.16079260305988133,0.9850252240999304,1.623758939691449,-0.40881180358707603,0.9064325667740968,3.5168562080497283,1.9808921736997802,1.6208334120907273,-0.040919754261378345,1.976691799278693,1.8169496655243917,0.11860838787648927,1.6211535316162526,0.9019282843888357,0.4739533439548746,-0.10618487618330075,0.01303279238087564,-1.574601889459164
1731072615.73,-0.4742677878317513,-0.2570831439897675,-0.16079260305988133,-0.22753115919078992,1.6229159832678806,-0.40881180358707603,0.22074334715201704,-0.1264435866502287,-0.3291741843102112,1.6187852609632238,-1.0015415782145318,0.07584451274963566,1.9483662368218837,0.22750803280075205,1.6217427355995389,-0.9291231295086987,0.08383221878975862,-0.10618487618330075,0.009844331845851217,-1.5774156237512822
1731072616.23,-0.18729597507781445,-0.35384662222281504,-0.16079260305988133,-0.05030669533463748,1.6245334628401444,-0.40881180358707603,0.17454442809946552,-0.1264435866502287,-0.41843486274954633,1.6219150544106262,0.519442976377961,0.09709622154312825,-0.2200071895867306,0.04173805028289198,1.621700443246278,1.047249825174351,-0.42469142685348626,-0.10618487618330075,-0.3345094059367939,-1.5760575711800389
1731072616.73,-0.4742677878317513,0.2962054623171458,-0.16079260305988133,-0.1839863166969243,1.6245627984283009,-0.40881180358707603,0.29855205292473536,-0.1264435866502287,-0.24705436014602308,1.6217568815086947,-0.040919754261378345,0.6779762618985915,-0.2200071895867306,0.00650581221915993,1.622034906933992,-0.9000588213515957,0.9020239949142628,-0.10618487618330075,0.7559440970415823,-1.5776178392563172
1731072617.23,1.5345349014458474,-0.04122615408527672,-0.16079260305988133,-0.22661763102658294,1.6268819482816232,-0.40881180358707603,0.4031075013068254,-0.1264435866502287,-0.16850496311940816,1.6239888057436827,-0.040919754261378345,0.32614241631743696,-0.2200071895867306,-0.051146940976038086,1.623163439717774,0.9600569007030418,0.09445808601215462,-0.10618487618330075,0.08636738468643894,-1.5651931059459607
1731072617.73,-0.4742677878317513,-0.42579895219097874,-0.16079260305988133,0.46735926438264647,1.625129139323048,1.3238737872461357,0.3909498910298384,-0.1264435866502287,-0.22563179732058264,1.6215271542384053,0.519442976377961,0.11126402740545663,-0.2200071895867306,1.8321763300670955,1.6231320384792958,-0.9000588213515957,0.686470688402798,-0.10618487618330075,-0.21653636614088767,-1.5757945574134933
1731072618.23,-0.4742677878317513,-0.21242307711297626,-0.16079260305988133,-0.010720474885668678,1.6248789027527648,-0.40881180358707603,0.6754379715113396,-0.1264435866502287,-0.20063880735756873,1.6218016618533702,-0.040919754261378345,0.5197690964359247,-0.2200071895867306,0.16024648740635444,1.6229574084717298,0.9891212088601449,-0.022426453434203072,-0.10618487618330075,-0.11131716848507942,-1.5820753673922556
1731072618.73,-0.4742677878317513,-0.21242307711297626,-0.16079260305988133,-0.2351438938925147,1.6273534638461318,-0.40881180358707603,-0.314191505035421,-0.1264435866502287,-0.18992752594484857,1.6246365863172023,-0.040919754261378345,0.4158718534455168,-0.2200071895867306,0.06736149614742437,1.6238890373779318,-0.9000588213515957,0.11874578252048872,-0.10618487618330075,-0.22291328721093664,-1.57053499353824
1731072619.23,1.5345349014458474,-0.4853457080267003,-0.16079260305988133,-0.1477496995167144,1.624935323051091,-0.40881180358707603,-0.8175165705026921,-0.1264435866502287,-0.4148644356119729,1.6210932518321508,0.519442976377961,0.3946201446520242,-0.2200071895867306,0.08978201127889034,1.6238472153902561,0.9309925925459387,0.8063911899126974,-0.10618487618330075,-0.28349403737640194,-1.583589633216481
1731072619.73,-0.4742677878317513,-0.20001750298053422,-0.16079260305988133,-0.1203438545905053,1.6271175694123188,1.3238737872461357,-1.1117307392057831,-0.1264435866502287,0.506305765881965,1.6243771911414957,-0.040919754261378345,0.2765550957992876,-0.2200071895867306,-0.07356745610750391,1.624248497145317,-0.9000588213515957,0.09142212394861286,-0.10618487618330075,-0.15595561597542235,-1.5769702513821062
1731072620.23,-0.4742677878317513,0.8569374131035243,-0.16079260305988133,-0.22144097142941013,1.6280150611923623,-0.40881180358707603,-0.871010055721436,-0.1264435866502287,-0.09709642036794004,1.6254063582655802,-0.040919754261378345,0.2175225713729193,-0.2200071895867306,0.05454977321515821,1.6247240514170636,0.9891212088601449,0.622715485068421,-0.10618487618330075,2.4745243254197833,-1.5743977872807304
1731072620.73,-2.196098664355413,-0.23227199572488347,4.2614553726044715,1.0672427588785578,1.6253970635447783,-0.40881180358707603,-0.5208708797442038,-0.1264435866502287,-0.3827305913738123,1.6214838106909388,0.039132064401382796,-0.11542086639179762,-0.2200071895867306,0.33320474699194835,1.6247099858823846,-0.9000588213515957,-0.048232130974308056,-0.10618487618330075,-0.22291328721093664,-1.5879637870459349
1731072621.23,1.5345349014458474,-0.35136550739632666,-0.16079260305988133,-0.08989291578360621,1.6272085522738557,-0.40881180358707603,-0.7664546073393457,3.5168562080497283,-0.16136410884426133,1.6241028231886414,-0.040919754261378345,0.1372383381530587,1.8169496655243917,-0.04153814877683842,1.6251408062402357,0.9600569007030418,0.010969129264756319,-0.10618487618330075,-0.37277093235708775,-1.5824528041701558
1731072621.73,-0.18729597507781445,-0.03378280960581151,-0.16079260305988133,-0.1416595117553346,1.6264793233954824,-0.16128529061090793,-0.32878063736780566,-0.1264435866502287,-0.047110440441912524,1.6229123658470093,-0.040919754261378345,0.3804523387896958,-0.2200071895867306,0.048143911749025096,1.625349031611763,-0.9000588213515957,0.09597606704392567,-0.10618487618330075,-0.1814633002556183,-1.5876461313537311
1731072622.23,-2.196098664355413,0.0580184389742594,4.2614553726044715,-0.19738472977195987,1.6268408408573907,-0.40881180358707603,-0.8466948351674615,-0.1264435866502287,-0.4469982798501336,1.623154908339184,-0.5212306662379566,0.6213050384492779,1.8826579511731376,2.0627873428478876,1.6257679452973473,0.9600569007030418,0.16276723244184446,-0.10618487618330075,0.051294318801169574,-1.587402630256648
1731072622.73,-0.4742677878317513,0.9983609582133632,-0.16079260305988133,-0.23423036572830772,1.628937772761604,-0.40881180358707603,-0.9658394158819364,-0.1264435866502287,0.1885377506379321,1.6256732975788866,-0.040919754261378345,0.5221303974129794,-0.2200071895867306,0.03853511954982543,1.6265244103908445,-0.9000588213515957,0.12481770664757225,-0.10618487618330075,-0.34088632700684285,-1.578491787835681
1731072623.23,-0.18729597507781445,0.5666469784043814,-0.16079260305988133,-0.0868478219029163,1.6292177921623157,1.3238737872461357,-0.7932013499487176,-0.1264435866502287,0.12784048929918426,1.6252243665670094,0.519442976377961,0.2505807850516856,-0.2200071895867306,0.17946407180475377,1.627259894990817,0.9600569007030418,-0.10136146708628874,-0.10618487618330075,-0.3185671032616714,-1.5762264325111093
1731072623.73,1.5345349014458474,0.17463083581921435,-0.16079260305988133,-0.13252423011326486,1.6277275609325657,-0.40881180358707603,-0.8077904822811023,-0.1264435866502287,-0.3755897370986655,1.623756999793793,-0.040919754261378345,1.4241473706478862,-0.2200071895867306,-0.025523495111505635,1.6269100339685945,-0.9000588213515957,-0.0634119412920167,-0.10618487618330075,-0.3185671032616714,-1.588217041375962
1731072624.23,-0.4742677878317513,0.5592036339249162,-0.16079260305988133,-0.20012531426458077,1.6306138779289683,-0.40881180358707603,-0.8612839674998461,-0.1264435866502287,-0.15422325456911454,1.626949232974064,0.039132064401382796,1.381643953060901,-0.2200071895867306,0.057752703948224765,1.6280255116359197,0.9600569007030418,-0.12261320153108107,-0.10618487618330075,-0.28349403737640194,-1.5738624878364882
1731072624.73,-0.18729597507781445,0.6137881601076611,-0.16079260305988133,-0.22722664980272092,1.6297870865779562,-0.16128529061090793,-0.7105296000652047,-0.1264435866502287,1.2257468341030053,1.6265247877971805,-0.5212306662379566,1.322611428634533,1.8826579511731376,0.00650581221915993,1.6277064021212744,-0.9000588213515957,0.17339309966424046,-0.10618487618330075,1.7443668628991749,-1.5832575773006032
1731072625.23,1.5345349014458474,0.3507899884998907,-0.16079260305988133,0.062361778250889045,1.6294288226158564,1.3238737872461357,-0.7494339529515639,-0.1264435866502287,2.6057169227751253,1.6260142349958626,0.519442976377961,1.0085583986862539,-0.2200071895867306,0.17305821033862065,1.6278767905268232,-0.9000588213515957,-0.014836548275348664,-0.10618487618330075,-0.3504517086119163,-1.5874020136049856
1731072625.73,-0.4742677878317513,0.07042401310670142,-0.16079260305988133,0.0471363088474395,1.632098228929874,-0.40881180358707603,-0.450356740137678,-0.1264435866502287,-0.20063880735756873,1.629291120128247,-0.040919754261378345,0.8385447283383133,-0.2200071895867306,0.5381923139082079,1.6287401787449276,0.9600569007030418,0.31152937355539045,-0.10618487618330075,0.293617319463031,-1.5756642647190224
1731072626.23,-0.4742677878317513,0.0629806686272362,-0.16079260305988133,-0.13861441787464468,1.6309457800035185,-0.40881180358707603,-0.4479252180822806,-0.1264435866502287,-0.1970683802199954,1.627016106058349,-0.040919754261378345,0.8834094469023535,-0.2200071895867306,0.17305821033862065,1.6291671369904661,0.9600569007030418,0.1263356876793433,-0.10618487618330075,1.27247470371555,-1.5807723413348034
1731072626.73,-0.18729597507781445,-0.21242307711297626,-0.16079260305988133,0.6287492400592114,1.6316498372257908,-0.40881180358707603,-0.3336436814786005,-0.1264435866502287,-0.33274461144778467,1.628604686752065,-0.040919754261378345,1.183294670988304,-0.2200071895867306,1.0602700233980562,1.629142747245218,-0.9000588213515957,0.05954452228142452,-0.10618487618330075,-0.32494402433172037,-1.5825434270360206
1731072627.23,1.5345349014458474,-0.3091865553460238,-0.16079260305988133,-0.10207329130636585,1.6327615644309026,1.3238737872461357,-0.47953500480244715,-0.1264435866502287,0.09213621792345023,1.629169084248915,0.519442976377961,1.471373390188981,-0.2200071895867306,-0.0031029799800397395,1.6300839180571085,0.9600569007030418,0.10660193426632167,-0.10618487618330075,-0.28030557684137747,-1.5758040893649299
1731072627.73,-0.4742677878317513,0.18207418029867956,-0.16079260305988133,-0.1264340423518851,1.6335251109279634,-0.40881180358707603,-0.07103929949567643,-0.1264435866502287,-0.27561777724661024,1.6305798899951167,-0.040919754261378345,1.4737346911660358,-0.2200071895867306,0.04173805028289198,1.6302165443943128,-0.9000588213515957,-0.08314569470503816,-0.10618487618330075,-0.13682485276527537,-1.5762153181943759
1731072628.23,-2.196098664355413,-0.10821625440046333,4.2614553726044715,-0.05944197697670714,1.6333509056338313,-0.40881180358707603,-0.1099436523820356,-0.1264435866502287,-0.0042653147910316535,1.6302114728419281,-0.5212306662379566,0.6425567472427708,1.8826579511731376,0.03212925808369231,1.6304791508581058,0.9600569007030418,-0.13172108772170635,-0.10618487618330075,-0.3313209454017694,-1.579028312507536
1731072628.73,-0.4742677878317513,0.5889770118427771,-0.16079260305988133,0.05931668437019914,1.6327552385343893,-0.40881180358707603,2.0905838077526533,-0.1264435866502287,0.04572066513499602,1.629149689834452,-0.040919754261378345,1.4265086716249413,-0.2200071895867306,-0.01911763364537252,1.6307397465167106,-0.9000588213515957,0.07776029466267509,-0.10618487618330075,-0.277117116306353,-1.5833622651242938
1731072629.23,-0.4742677878317513,0.26643208439928495,-0.16079260305988133,-0.23605742205672167,1.632191368769385,1.3238737872461357,0.945336919660456,-0.1264435866502287,-0.43985742557498675,1.628699657748435,0.519442976377961,0.7133957765544128,-0.2200071895867306,0.06415856541435788,1.6306824732773695,-0.9000588213515957,0.3434069752225792,-0.10618487618330075,-0.2484209714911326,-1.58990434148279
1731072629.73,1.5345349014458474,0.1423763430748651,-0.16079260305988133,0.09890290481916794,1.6355965227531062,-0.40881180358707603,-0.03213494660931727,-0.1264435866502287,2.237962927605065,1.632767699180469,-0.040919754261378345,0.28127769775339706,-0.2200071895867306,-0.04153814877683842,1.6317876693716256,0.9600569007030418,0.5179747938762304,-0.10618487618330075,-0.24204405042108362,-1.573770916388003
1731072630.23,-0.4742677878317513,0.32101661058202985,-0.16079260305988133,-0.047261601453947574,1.6332962705978018,-0.40881180358707603,0.10159876643754237,-0.1264435866502287,0.07071365509800978,1.63012410592949,-0.040919754261378345,0.6189437374722234,-0.2200071895867306,0.1346230415418221,1.631345185492667,0.9600569007030418,0.45118362847831156,-0.10618487618330075,-0.2037825240007897,-1.5893320464961
1731072630.73,-0.4742677878317513,0.16222526168677232,-0.16079260305988133,-0.19190356078671802,1.6345151681721946,-0.40881180358707603,0.410402067473018,-0.1264435866502287,-0.2541952144211698,1.6309387014230083,-0.040919754261378345,0.4961560866653774,-0.2200071895867306,0.24992854793221803,1.6322447677949516,-0.9000588213515957,-0.37763401486858894,-0.10618487618330075,-0.29624787951649995,-1.5825140650737444
1731072631.23,-0.4742677878317513,0.6658915714639175,-0.16079260305988133,0.13544403138744676,1.6335600519314926,1.3238737872461357,0.30341509703553027,-0.1264435866502287,-0.11137812891823366,1.6292529296662674,0.519442976377961,0.935358068397557,-0.2200071895867306,0.37484284652181366,1.632522176749226,0.9600569007030418,0.2098246444267416,-0.10618487618330075,-0.05392487885463867,-1.5880102751362812
1731072631.73,1.5345349014458474,0.278837658531727,-0.16079260305988133,1.091603509924077,1.6347654293831195,-0.40881180358707603,-0.17073170376697153,-0.1264435866502287,-0.3934418727865325,1.6307160671144538,-0.040919754261378345,0.7842348058660547,-0.2200071895867306,0.4324955997170115,1.6330403871708776,-0.9000588213515957,-0.4201374837581736,-0.10618487618330075,0.0034674107758022278,-1.5840259610095542
1731072632.23,-0.4742677878317513,0.3110921512760762,-0.16079260305988133,-0.224181555922031,1.6346554452865178,-0.40881180358707603,-0.5378915341319859,-0.1264435866502287,-0.38630101851138565,1.6306860767187863,-0.040919754261378345,0.9731388840304327,-0.2200071895867306,0.6278743744340712,1.6331710026575434,0.9600569007030418,0.31608331665070327,-0.10618487618330075,-0.2675517347012796,-1.5875733620507093
1731072632.73,-0.4742677878317513,0.4004122850296587,-0.16079260305988133,0.12326365586468713,1.635412287665956,-0.40881180358707603,-0.6132687178493068,-0.1264435866502287,-0.3613080285483719,1.6312818078656357,-0.040919754261378345,0.8479899322465322,-0.2200071895867306,0.24992854793221803,1.6337606506164688,-0.9000588213515957,0.02311297751892337,-0.10618487618330075,-0.06349026045971208,-1.5846706732031992
1731072633.23,-0.4742677878317513,0.5914581266692654,4.12326012336496,0.19939100288193484,1.6371200034989715,1.3238737872461357,-0.23638279926270261,-0.1264435866502287,-0.33631503858535805,1.634260772551355,0.519442976377961,1.1880172729424137,-0.2200071895867306,0.16344941813942107,1.6338894644347104,0.9600569007030418,0.26447196157049335,-0.10618487618330075,-0.050736418319614104,-1.5817338570780624
1731072633.73,-0.4742677878317513,0.6485237676784987,-0.16079260305988133,-0.16602026280085386,1.6366003995635352,-0.40881180358707603,-0.4430621739714857,-0.1264435866502287,-0.3720193099610921,1.632818272556348,-0.040919754261378345,1.277746710070493,-0.2200071895867306,0.26594320159755075,1.6344378985805599,-0.9000588213515957,0.5316366231621681,-0.10618487618330075,-0.36639401128703875,-1.5836946833837418
1731072634.23,-0.4742677878317513,0.49221353360972964,-0.16079260305988133,-0.2244860653101,1.6363001521367284,-0.40881180358707603,-0.6400154604586787,-0.1264435866502287,0.4670310673686574,1.6324426461150614,-0.040919754261378345,1.0487005152961841,-0.2200071895867306,0.31078423186048254,1.6345861526327432,0.9600569007030418,-0.3366485270107752,-0.10618487618330075,2.260897469573142,-1.5877932850170449
1731072634.73,-0.4742677878317513,0.3929689405501935,-0.16079260305988133,0.02277555780192031,1.6347461766848757,-0.40881180358707603,0.052968325329593405,-0.1264435866502287,-0.011406169066178464,1.6306495735084898,0.039132064401382796,1.997943508072186,-0.2200071895867306,0.33000181625888186,1.634361777689934,-0.9000588213515957,1.0887356618220811,-0.10618487618330075,0.09912122682653692,-1.5990940330894476
1731072635.23,-0.4742677878317513,-0.582109186259748,-0.16079260305988133,-0.03812631981187785,1.6352563722475795,1.3238737872461357,-0.34093824764479286,-0.1264435866502287,0.01715724803440878,1.631083077716454,0.519442976377961,1.3367792344968614,-0.2200071895867306,-0.054349871709104644,1.6348118217241496,0.9600569007030418,0.12329972561580153,-0.10618487618330075,-0.30262480058654895,-1.5980922644825324
1731072635.73,1.5345349014458474,-0.24467756985732547,-0.16079260305988133,-0.22083195265327216,1.6365635640735117,-0.40881180358707603,-0.0029566819445478957,-0.1264435866502287,-0.4005827270616793,1.632421923310422,-0.5212306662379566,1.8798784592194493,1.8826579511731376,0.4517131841154109,1.635496314471536,-0.9000588213515957,0.5756580730835238,-0.10618487618330075,-0.2261017477459612,-1.592529925407904
1731072636.23,-0.4742677878317513,-0.30174321086655875,-0.16079260305988133,-0.04117141369256776,1.6378482761882935,-0.40881180358707603,-0.2144991007641256,-0.1264435866502287,-0.10423727464308685,1.6346588905538375,-0.040919754261378345,1.8609880514030113,-0.2200071895867306,3.1389720691582497,1.6356493434878507,0.9600569007030418,0.7957653226903014,-0.10618487618330075,0.280863477322933,-1.5909276316407577
1731072636.73,-0.4742677878317513,-0.42579895219097874,-0.16079260305988133,0.013640276159850586,1.6361736574789252,-0.40881180358707603,-0.12696430676981774,-0.1264435866502287,-0.0006948876534581689,1.6321388106330128,-0.040919754261378345,0.8975772527646818,-0.2200071895867306,-0.025523495111505635,1.6357247517041935,-0.87099451319449,0.05195461712256994,-0.10618487618330075,-0.2611748136312306,-1.600471119701406
1731072637.23,1.5345349014458474,0.13245188376891148,-0.16079260305988133,1.2956247999303006,1.6384651653478421,-0.40881180358707603,-1.0169013790452828,3.5168562080497283,-0.3934418727865325,1.63459950550593,0.039132064401382796,0.7724283009807807,-0.2200071895867306,0.048143911749025096,1.6366966637414662,0.9309925925459387,0.6515571246720676,-0.10618487618330075,-0.2579863530962061,-1.5892919201310656
1731072637.73,-0.4742677878317513,-0.3215921294784658,-0.16079260305988133,-0.05944197697670714,1.6371129321343023,-0.40881180358707603,-0.06374473332948409,-0.1264435866502287,-0.16493453598183466,1.633213944596335,0.519442976377961,0.00028288148388423847,-0.2200071895867306,-0.009508841446172853,1.6364303535033184,-0.9000588213515957,-0.11654127740399754,-0.10618487618330075,-0.3058132611215734,-1.6001772972880444
1731072638.23,-0.18729597507781445,0.13741411342188828,-0.16079260305988133,0.041046121086059685,1.638877629518143,-0.40881180358707603,0.2888259647031456,-0.1264435866502287,0.027868529447128917,1.6345815877497734,-0.040919754261378345,0.21279996941880985,-0.2200071895867306,0.10579666494422305,1.6375282990847517,0.9309925925459387,0.28116975291997287,-0.10618487618330075,-0.2579863530962061,-1.589961793984874
1731072638.73,-0.4742677878317513,-0.06851841717664915,-0.16079260305988133,-0.20377942692140866,1.6397450414233425,-0.40881180358707603,0.30341509703553027,-0.1264435866502287,0.799080791162984,1.6356971927818305,-0.040919754261378345,0.5882468247705119,-0.2200071895867306,0.17626114107168728,1.6379264046965982,-0.9000588213515957,-0.3654901666144219,-0.10618487618330075,0.6698556625959209,-1.5880621605178888
1731072639.23,-0.4742677878317513,-0.1776874695421386,-0.16079260305988133,-0.03203613205049803,1.6387746238385164,1.3238737872461357,0.47848468502414654,-0.1264435866502287,1.5238775000903846,1.6353149091616648,0.519442976377961,0.22932907625819296,-0.2200071895867306,-0.0895821097728367,1.6374488480114098,0.9600569007030418,-0.29110909605764873,-0.10618487618330075,-0.18465176079064272,-1.599123979379816
1731072639.73,-0.18729597507781445,-0.32655435913144265,4.12326012336496,-0.03812631981187785,1.6409478990717332,-0.16128529061090793,0.6413966627357752,-0.1264435866502287,-0.3720193099610921,1.6376356717385478,-0.5212306662379566,0.5292143003441436,1.8826579511731376,0.19227579473702,1.6383891443066716,-0.9000588213515957,0.7107583849111321,-0.10618487618330075,-0.015663352434344736,-1.5885983269904569
1731072640.23,-0.4742677878317513,-0.3786577704876991,-0.16079260305988133,-0.20712903019016757,1.6413307109094057,-0.40881180358707603,-0.1634371376007792,-0.1264435866502287,-0.22563179732058264,1.6385675569406064,0.039132064401382796,1.384005254037956,-0.2200071895867306,0.23071096353381867,1.6384363483129625,0.9600569007030418,0.32974514593664106,-0.10618487618330075,-0.3823363139621612,-1.590992006297696
1731072640.73,-0.18729597507781445,-0.1652818954096966,-0.16079260305988133,-0.11729876070981539,1.6403813967683847,-0.40881180358707603,-1.0485111657654496,-0.1264435866502287,-0.16136410884426133,1.6369566924106869,-0.040919754261378345,0.4701817759177753,-0.2200071895867306,1.2428370751828495,1.6386766235793329,-0.9000588213515957,0.8215710002304063,-0.10618487618330075,-0.1304479316952264,-1.5967394314722165
1731072641.23,1.5345349014458474,-0.4927890525061655,-0.16079260305988133,-0.20682452080209857,1.6418023318277144,1.3238737872461357,-0.6643306810126531,-0.1264435866502287,-0.2363430787333028,1.638434065457492,-0.040919754261378345,-0.19334379863460352,-0.2200071895867306,0.3812487079879468,1.6393892250116648,0.9600569007030418,-0.15904474629358223,-0.10618487618330075,0.08636738468643894,-1.5905654856997602
1731072641.73,-0.4742677878317513,-0.3836200001406759,-0.16079260305988133,0.041046121086059685,1.6421840006039452,-0.40881180358707603,-0.8296741807796794,-0.1264435866502287,-0.16136410884426133,1.6394473129013316,0.519442976377961,0.06639930884141673,-0.2200071895867306,0.0769702883466241,1.6393891623679957,-0.9000588213515957,-0.22279994962795924,-0.10618487618330075,-0.3121901821916224,-1.593307911577787
1731072642.23,-2.196098664355413,-0.6292503679630275,4.2614553726044715,-0.028991038169808126,1.6432493039519025,-0.40881180358707603,-0.8126535263918973,-0.1264435866502287,-0.4148644356119729,1.6399751309010995,-0.040919754261378345,0.02861849320854102,-0.2200071895867306,-0.05755280244217113,1.6403070791870438,-0.9000588213515957,-0.12564916359462283,-0.10618487618330075,-0.3855247744971857,-1.5869074204941322
1731072642.73,-0.4742677878317513,-0.07844287648260248,-0.16079260305988133,0.31205947646746124,1.642223035048969,-0.40881180358707603,-0.07347082155107389,-0.1264435866502287,-0.07210343040492628,1.6386584194570937,0.039132064401382796,0.03570239613970522,-0.2200071895867306,0.31398716259354903,1.64030794614595,0.9600569007030418,-0.07403780851441287,-0.10618487618330075,-0.21653636614088767,-1.594677144340938
1731072643.23,1.5345349014458474,-0.22482865124541826,-0.16079260305988133,0.05018140272812941,1.6409429735928875,1.3238737872461357,-0.6594676369018583,-0.1264435866502287,-0.17564581739455495,1.636836934086954,0.519442976377961,0.40878795051435257,-0.2200071895867306,0.15063769520715484,1.640357153460311,0.9600569007030418,0.7153123280064446,-0.10618487618330075,0.15970197699200236,-1.6030017323600203
1731072643.73,-0.4742677878317513,-0.21738530676595305,-0.16079260305988133,0.11412837422261742,1.6440687970365944,-0.40881180358707603,-0.7932013499487176,-0.1264435866502287,2.3557870231449876,1.6408862110779137,-0.040919754261378345,0.021534590277376826,-0.2200071895867306,-0.07356745610750391,1.6412103252882604,-0.9000588213515957,-0.3108428494706702,-0.10618487618330075,-0.2261017477459612,-1.5897059824239523
1731072644.23,-0.4742677878317513,-0.04122615408527672,-0.16079260305988133,-0.22661763102658294,1.6461715684181757,-0.40881180358707603,-0.7372763426745766,-0.1264435866502287,0.01715724803440878,1.6432635692732132,0.039132064401382796,0.3072520085009991,-0.2200071895867306,0.11540545714342279,1.6420521808358886,0.9600569007030418,-0.09832550502274696,-0.10618487618330075,-0.3090017216565979,-1.5801511848370564
1731072644.73,-0.4742677878317513,-0.13798963231832415,-0.16079260305988133,-0.10207329130636585,1.6436179580588286,-3.3791299593011543,-0.4868295709686395,7.51273340223678,0.1242700621616108,1.6401280425965397,-0.040919754261378345,0.2978068045927802,-0.2200071895867306,0.2371168249999518,1.6416514671827271,-2.7601745434062304,-0.10287944811805962,7.103020976823845,0.31593654320820236,-1.5963121472801989
1731072645.23,1.5345349014458474,0.1448574579013535,-0.16079260305988133,-0.10816347906774566,1.6447038755827668,1.3238737872461357,-0.6229948060708965,-0.1264435866502287,-0.22563179732058264,1.641590549030829,0.519442976377961,0.48434958178010373,-0.2200071895867306,0.4709307685138102,1.6420577947281045,0.9600569007030418,-0.11805925843576842,-0.10618487618330075,-0.2484209714911326,-1.5935707558138967
1731072645.73,-0.18729597507781445,0.26643208439928495,-0.16079260305988133,-0.24519270369879137,1.6451891579320228,-0.40881180358707603,-0.47467196069165224,-0.1264435866502287,-0.24705436014602308,1.6420673273862023,-0.040919754261378345,0.5244916983900342,-0.2200071895867306,-0.0895821097728367,1.642459814859941,-0.9000588213515957,0.3752845768897675,-0.10618487618330075,-0.35682862968196527,-1.5930086504390744
1731072646.23,-0.4742677878317513,0.04065063518884058,-0.16079260305988133,0.3699162602005694,1.6442783858533814,-1.8939708814441196,-0.6448785045694736,3.6343820078787594,-0.3541671742732251,1.6398266264866599,0.039132064401382796,0.6260276404033874,-0.2200071895867306,0.012911673685293043,1.6430939088365877,0.9600569007030418,-0.15600878423004047,-0.10618487618330075,-0.3313209454017694,-1.5957464733600275
1731072646.73,-0.4742677878317513,0.1671874913397491,-0.16079260305988133,0.40341229288815844,1.646056029596562,-0.40881180358707603,-0.6375839384032812,-0.1264435866502287,-0.33631503858535805,1.6430946757941007,-0.040919754261378345,0.9211902625352286,-0.2200071895867306,0.0257233966175592,1.6431245550751152,-0.9000588213515957,0.508866907685605,-0.10618487618330075,-0.21334790560586323,-1.5932713806793282
1731072647.23,-0.4742677878317513,0.34582775884691386,4.12326012336496,0.31205947646746124,1.6460333774374878,1.3238737872461357,-0.7421393867853715,-0.1264435866502287,-0.21849094304543584,1.6430192870171503,0.519442976377961,0.7960413107513281,-0.2200071895867306,-0.060755733175237685,1.643363104638959,0.9600569007030418,0.14910540315590634,-0.10618487618330075,-0.23885558988605912,-1.595718136764353
1731072647.73,-0.4742677878317513,0.04809397966830579,-0.16079260305988133,1.609269469641361,1.6459686114645815,-0.16128529061090793,-0.5233024017996012,-0.1264435866502287,-0.3934418727865325,1.642101389178248,0.039132064401382796,1.1667655641489207,-0.2200071895867306,0.23391389426688516,1.6440405258373885,-0.9000588213515957,0.2993855253012234,-0.10618487618330075,-0.15276715544039793,-1.595114608628805
1731072648.23,-0.18729597507781445,-0.08588622096206769,-0.16079260305988133,0.2846536315412521,1.6472667698849581,-0.40881180358707603,-0.3920002108081393,-0.1264435866502287,1.3524969974868615,1.6445449597171136,-0.040919754261378345,1.4831798950742547,-0.2200071895867306,0.0257233966175592,1.6440890856989994,0.9600569007030418,0.22196849268090865,-0.10618487618330075,1.9037898896503995,-1.5942232668274519
1731072648.73,-0.4742677878317513,0.45003458155942677,-0.16079260305988133,0.17198515795572558,1.646928811979073,-0.40881180358707603,-0.47467196069165224,-0.1264435866502287,-0.3934418727865325,1.6429433089478793,-0.040919754261378345,1.2706628071393289,-0.2200071895867306,-0.01911763364537252,1.6448981836046639,-0.9000588213515957,-0.004210681052952495,-0.10618487618330075,-0.09537486580995702,-1.593636751698082
1731072649.23,-0.18729597507781445,0.291243232664169,-0.16079260305988133,0.3577358846778099,1.6468307599873435,1.3238737872461357,-0.4187469534175112,-0.1264435866502287,-0.3755897370986655,1.6434629840920731,0.519442976377961,1.7547295074355487,-0.2200071895867306,0.8072384954857984,1.6447280554877626,0.9309925925459387,0.029184901646006893,-0.10618487618330075,-0.01885181296936916,-1.599333513447802
1731072649.73,1.5345349014458474,0.19199863960463315,-0.16079260305988133,0.5099905787123051,1.64736859882954,-0.40881180358707603,-0.26312954187207455,-0.1264435866502287,-0.07567385754249961,1.6434615826002683,-0.5212306662379566,0.4371235622390094,-0.2200071895867306,0.00650581221915993,1.6454509131673902,-0.9000588213515957,0.16580319450538622,-0.10618487618330075,-0.36639401128703875,-1.596243865848515
1731072650.23,-0.4742677878317513,0.23665870648142412,-0.16079260305988133,0.26638306825711267,1.6458902556466903,-0.40881180358707603,-0.01997733633233003,-0.1264435866502287,-0.37916016423623894,1.6416112398567528,0.519442976377961,0.352116727065039,-0.2200071895867306,1.239634144449783,1.6453303387622653,0.9891212088601449,0.5240467180033138,-0.10618487618330075,0.29999424053308,-1.6065160401262284
1731072650.73,-0.4742677878317513,0.08034847241265503,-0.16079260305988133,0.49476510930885553,1.6481907324614284,-0.40881180358707603,0.0626944135511832,-0.1264435866502287,-0.22206137018300917,1.6450672484089996,-0.040919754261378345,0.3639232319503127,-0.2200071895867306,0.11220252641035616,1.645745303510242,-0.9291231295086987,0.2933136011741399,-0.10618487618330075,0.0895558452214635,-1.599367075315414
1731072651.23,-0.18729597507781445,0.25650762509333136,-0.16079260305988133,-0.22874919674306587,1.64775568417159,1.3238737872461357,-0.0588816892186892,-0.1264435866502287,-0.11494855605580714,1.6432670027169172,0.519442976377961,0.5386595042523625,-0.2200071895867306,0.10579666494422305,1.6465758843598028,0.9600569007030418,-0.6129210747930754,-0.10618487618330075,-0.3185671032616714,-1.5989722079560944
1731072651.73,1.5345349014458474,0.41033674433561235,-0.16079260305988133,-0.10755446029160769,1.650642698100274,-1.8939708814441196,0.10646181054833725,3.6343820078787594,-0.4719912698131474,1.6476588467888884,-0.040919754261378345,0.987306689892761,-0.2200071895867306,0.14102890300795523,1.6470103192636794,-0.9000588213515957,0.08838616188507109,-0.10618487618330075,-0.3090017216565979,-1.5895829923728602
1731072652.23,-0.4742677878317513,0.6882216049023132,-0.16079260305988133,0.013640276159850586,1.6488067301180307,-0.40881180358707603,0.3666346704758639,-0.1264435866502287,-0.16136410884426133,1.6447968014467051,0.039132064401382796,0.43003965930784516,-0.2200071895867306,-0.047944010242971534,1.6471283093566087,0.9600569007030418,-0.6614964678097435,-0.10618487618330075,-0.1304479316952264,-1.5993949333869473
1731072652.73,-0.4742677878317513,0.2937243474906574,-0.16079260305988133,-0.09598310354498603,1.6472509556286306,-0.40881180358707603,-0.2534034536504848,-0.1264435866502287,0.8490667710890116,1.643225072525267,-0.040919754261378345,0.8361834273612588,-0.2200071895867306,-0.006305910713106296,1.6467769185945456,-0.9000588213515957,0.14455146006059388,-0.10618487618330075,0.8643517552324149,-1.6116268495884374
1731072653.23,1.5345349014458474,0.5914581266692654,-0.16079260305988133,-0.2062155020259606,1.6504049338656288,-0.40881180358707603,-0.7518654750069613,-0.1264435866502287,-0.33631503858535805,1.6466017564985116,0.519442976377961,0.611859834541059,-0.2200071895867306,0.09298494201195681,1.6480382493664683,0.9600569007030418,0.16428521347361516,-0.10618487618330075,-0.2994363400515244,-1.5952538817340407
1731072653.73,-0.4742677878317513,0.4549968112124036,-0.16079260305988133,0.05627159048950923,1.6495552846652932,1.3238737872461357,-0.32878063736780566,-0.1264435866502287,-0.3827305913738123,1.6456079146621148,-0.040919754261378345,0.8007639127054376,-0.2200071895867306,0.10579666494422305,1.6480217542497806,-0.9000588213515957,0.17946502379132398,-0.10618487618330075,-0.34726324807689185,-1.6025182130413147
1731072654.23,-0.4742677878317513,0.544316944965986,-0.16079260305988133,1.545322498146873,1.6496340223836146,-0.40881180358707603,-0.3725480343649597,-0.1264435866502287,-0.33274461144778467,1.6458711078017532,-0.040919754261378345,1.0888426319061149,-0.2200071895867306,0.009708742952226488,1.6481633213955214,0.9600569007030418,0.4572555526053951,-0.10618487618330075,-0.00928643136429575,-1.605309209646436
1731072654.73,-0.18729597507781445,0.4475534667329384,-0.16079260305988133,-0.22692214041465195,1.651889096625336,-0.40881180358707603,-0.5670697987967552,-0.1264435866502287,-0.2577656415587432,1.6484297194319584,-0.040919754261378345,0.9755001850074877,-0.2200071895867306,0.42288680751781194,1.6490450948001796,-0.9291231295086987,0.03525682577309042,-0.10618487618330075,-0.15595561597542235,-1.594918933214531
1731072655.23,1.5345349014458474,0.494694648436218,-0.16079260305988133,-0.09902819742567594,1.6509390725299369,1.3238737872461357,-0.5403230561873833,-0.1264435866502287,-0.13994154601882092,1.6472759744008139,-0.040919754261378345,1.2824693120246022,-0.2200071895867306,0.26274027086448426,1.6490251474634452,0.9600569007030418,0.5331546041939391,-0.10618487618330075,-0.30262480058654895,-1.6025674183178202
1731072655.73,-0.4742677878317513,0.6609293418109408,-0.16079260305988133,-0.10816347906774566,1.6502516105316074,-1.8939708814441196,-0.49898718124562674,3.6343820078787594,-0.34702631999807826,1.646634872541455,0.519442976377961,1.4335925745561051,-0.2200071895867306,0.35562526212341433,1.6489607332942957,-0.9000588213515957,0.017041053391839842,-0.10618487618330075,-0.3185671032616714,-1.609600760064205
1731072656.23,-0.4742677878317513,0.12004630963646946,-0.16079260305988133,-0.2543279853408611,1.6526588277923984,-0.40881180358707603,0.3860868469190435,-0.1264435866502287,-0.28275863152175706,1.6499061502112458,-0.040919754261378345,1.313166224726314,-0.2200071895867306,0.03212925808369231,1.6495808068924012,0.9600569007030418,0.4086801595887269,-0.10618487618330075,-0.24204405042108362,-1.600573640469694
1731072656.73,-0.4742677878317513,-0.31911101465197744,-0.16079260305988133,-0.10816347906774566,1.6520859534382528,-0.40881180358707603,0.07485202382817044,-0.1264435866502287,-0.21492051590786235,1.6488629113578637,0.039132064401382796,2.087672945200265,-0.2200071895867306,0.21149337913541935,1.649852209080572,-0.9000588213515957,0.8671104311835327,-0.10618487618330075,-0.34726324807689185,-1.604749177972217
1731072657.23,-0.18729597507781445,-0.5424113490359336,-0.16079260305988133,-0.13861441787464468,1.6528793080766544,-0.40881180358707603,-0.08805995388345857,-0.1264435866502287,-0.20063880735756873,1.6499109436151056,0.519442976377961,2.0593373334756087,-0.2200071895867306,0.48694542217914294,1.650219172563442,0.9600569007030418,-0.06492992232378758,-0.10618487618330075,0.1628904375270268,-1.6033404752815543
1731072657.73,1.5345349014458474,-0.3910633446201411,-0.16079260305988133,-0.24397466614651542,1.6543997963467223,1.3238737872461357,-0.07347082155107389,-0.1264435866502287,2.141561394890583,1.6517229138184295,0.039132064401382796,1.8090394299078072,-0.2200071895867306,-0.054349871709104644,1.6508351199161937,-0.9000588213515957,0.6394132764179005,-0.10618487618330075,1.3840708224414071,-1.5975156450824508
1731072658.23,-0.18729597507781445,-0.4357234114969324,-0.16079260305988133,-0.10816347906774566,1.6518730608835872,-0.40881180358707603,-0.2047730125425358,-0.1264435866502287,-0.4220052898871197,1.6479618878558464,-0.040919754261378345,0.8267382234530398,-0.2200071895867306,-0.03192935657763875,1.6508149178630593,0.9600569007030418,-0.06948386541910022,-0.10618487618330075,-0.13682485276527537,-1.610806942137026
1731072658.73,-2.196098664355413,-0.31911101465197744,4.2614553726044715,0.9819801302192402,1.653317422797066,-1.8939708814441196,-0.01025124811074024,3.6343820078787594,-0.1863570988072751,1.6489483062179313,-0.040919754261378345,0.03806369711675995,-0.2200071895867306,0.39726336165327947,1.6518278560546096,-0.87099451319449,0.32822716490487036,-0.10618487618330075,0.009844331845851217,-1.602361732420024
1731072659.23,1.5345349014458474,0.39545005537668193,-0.16079260305988133,-0.21200118039927143,1.6528507590934107,1.3238737872461357,0.10646181054833725,-0.1264435866502287,0.020727675171982107,1.6484220756431136,0.519442976377961,1.1525977582865923,-0.2200071895867306,-0.015914702912305966,1.651905534355015,-0.9291231295086987,-0.5400579852680731,-0.10618487618330075,-0.37914785342713675,-1.6075692904673742
1731072659.73,-0.4742677878317513,-0.0015283168614622714,-0.16079260305988133,-0.08989291578360621,1.6528816112055895,-0.16128529061090793,0.19642812659804257,-0.1264435866502287,-0.39701229992410586,1.648484178499695,-0.040919754261378345,0.5386595042523625,-0.2200071895867306,2.914766917843591,1.6521163162558707,0.9891212088601449,0.3418889941908081,-0.10618487618330075,0.3828942144437167,-1.6100268419736603
1731072660.23,-0.4742677878317513,0.19199863960463315,-0.16079260305988133,0.40341229288815844,1.653516157606168,-0.40881180358707603,0.6681434053451469,-0.1264435866502287,-0.13994154601882092,1.649067095399242,-0.040919754261378345,0.6307502423574969,-0.2200071895867306,-0.025523495111505635,1.652598146867225,0.9600569007030418,1.0401602688054128,-0.10618487618330075,0.6698556625959209,-1.6083493805143454
1731072660.73,-0.4742677878317513,-0.13550851749183576,-0.16079260305988133,-0.2123056897873404,1.656505861407058,-0.40881180358707603,0.33988792786649175,-0.1264435866502287,0.6169890071467403,1.6534347478223625,-0.040919754261378345,0.2458581830975761,-0.2200071895867306,0.03212925808369231,1.6531428104894506,-0.9000588213515957,-0.049750112006078935,-0.10618487618330075,-0.3440747875418674,-1.5977869363920802
1731072661.23,1.5345349014458474,0.27387542887875016,-0.16079260305988133,-0.07162235249946677,1.6557011925437346,1.3238737872461357,0.6146499201264031,-0.1264435866502287,0.12069963502403747,1.6521052903778743,0.039132064401382796,0.31433591143216333,-0.2200071895867306,-0.02232056437843908,1.6533590385802317,0.9600569007030418,0.5270826800668557,-0.10618487618330075,-0.32494402433172037,-1.603194318535175
1731072661.73,-0.4742677878317513,-0.3662521963552571,-0.16079260305988133,-0.0015851932435989545,1.6536602551885613,-1.8939708814441196,-0.9317981071063722,-0.1264435866502287,0.392052097479616,1.6494808274490984,0.519442976377961,1.653193565422195,-0.2200071895867306,0.060955634681291324,1.6531498633121022,-0.9000588213515957,-0.2835191908987943,-0.10618487618330075,-0.12088255009015297,-1.616124843337824
1731072662.23,-0.18729597507781445,0.013358372097468147,-0.16079260305988133,-0.22357253714589304,1.6553095428546092,1.3238737872461357,-1.072826386319424,-0.1264435866502287,2.180836093403891,1.6514302531837284,-0.040919754261378345,0.413510552468462,-0.2200071895867306,0.009708742952226488,1.6538086427776797,0.9600569007030418,-0.31387881153421193,-0.10618487618330075,1.3521862170911623,-1.6095270967798798
1731072662.73,-0.4742677878317513,-0.1776874695421386,-0.16079260305988133,-0.11425366682912548,1.6553741713866392,-0.40881180358707603,-0.9390926732725645,-0.1264435866502287,-0.3434558928605049,1.6516761347470588,-0.040919754261378345,0.3001681055698349,-0.2200071895867306,-0.060755733175237685,1.6539468749412027,-0.9000588213515957,0.3950183303027891,-0.10618487618330075,-0.28668249791142647,-1.6123921533266443
1731072663.23,1.5345349014458474,-0.32655435913144265,-0.16079260305988133,-0.06553216473808696,1.6563087279707593,-0.16128529061090793,-1.0387850775438598,-0.1264435866502287,-0.2577656415587432,1.6518934123139406,0.519442976377961,-0.016246225355498883,-0.2200071895867306,-0.047944010242971534,1.6549176405342154,-0.9000588213515957,-0.09377156192743433,-0.10618487618330075,-0.3313209454017694,-1.6060794577033273
1731072663.73,-0.4742677878317513,-0.19505527332755743,-0.16079260305988133,1.5026911838172143,1.6558814263647257,1.3238737872461357,-0.69594046773282,-0.1264435866502287,-0.37916016423623894,1.6517243136517272,0.039132064401382796,0.18446435769415306,-0.2200071895867306,0.08978201127889034,1.6548297022824456,0.9600569007030418,0.6515571246720676,-0.10618487618330075,-0.14957869490537334,-1.6123523009902734
1731072664.23,-0.4742677878317513,-0.20497973263351102,-0.16079260305988133,-0.1416595117553346,1.656097231793487,-0.40881180358707603,-0.9390926732725645,-0.1264435866502287,-0.1328006917436741,1.6518140193069772,-0.040919754261378345,-0.0020784194931704933,-0.2200071895867306,0.49335128364527603,1.6551983934216314,-0.9000588213515957,0.0124871102965272,6.581873565763087,-0.21972482667591223,-1.6129975535095462
1731072664.73,-0.4742677878317513,-0.20249861780702264,-0.16079260305988133,-0.20347491753333968,1.6576915886794514,-1.8939708814441196,-0.5695013208521528,3.6343820078787594,-0.27204735010903686,1.653638684661884,-0.040919754261378345,0.24821948407463082,-0.2200071895867306,0.03533218881675887,1.6558763846563809,-0.9000588213515957,0.17946502379132398,-0.10618487618330075,-0.16870945811552032,-1.606456538849829
1731072665.23,1.5345349014458474,-0.1652818954096966,-0.16079260305988133,-0.07162235249946677,1.6572022006363307,1.3238737872461357,-0.2704241080382669,-0.1264435866502287,-0.20063880735756873,1.6532984466636296,0.519442976377961,0.160851347923606,-0.2200071895867306,0.0769702883466241,1.6558272951944741,0.9600569007030418,0.027666920614236014,-0.10618487618330075,-0.09537486580995702,-1.6126684227161863
1731072665.73,-0.4742677878317513,0.09771627619807384,-0.16079260305988133,-0.08989291578360621,1.6582672841176043,-0.40881180358707603,-0.7591600411731536,-0.1264435866502287,-0.10780770178066033,1.6547561377516993,-0.5212306662379566,0.6803375628756465,1.8826579511731376,-0.1440319322349681,1.6562168506024106,-0.9000588213515957,-0.1043974291498305,-0.10618487618330075,-0.43654014305757755,-1.6101222855298993
1731072666.23,-0.4742677878317513,0.3979311702031703,-0.16079260305988133,-0.20865157713051252,1.6581314041239563,-0.40881180358707603,-0.3944317328635367,-0.1264435866502287,-0.33631503858535805,1.6540040069044466,-0.040919754261378345,1.5091542058218566,-0.2200071895867306,0.09618787274502344,1.6567330833882297,0.9600569007030418,0.9946208378522864,-0.10618487618330075,-0.16870945811552032,-1.6109516312682612
1731072666.73,-0.18729597507781445,0.02576394622991016,-0.16079260305988133,0.028865745563300058,1.6582547381635848,-0.40881180358707603,-0.7251187323975894,-0.1264435866502287,0.8704893339144518,1.6536375938045933,-0.040919754261378345,0.48671088275715846,-0.2200071895867306,0.1378259722748886,1.6572737059583926,-0.9000588213515957,-0.0527860740696207,-0.10618487618330075,2.3788705093690483,-1.6106758955442837
1731072667.23,-0.4742677878317513,0.1398952282483767,-0.16079260305988133,-0.22357253714589304,1.6604129407407697,1.3238737872461357,-0.8223796146134871,-0.1264435866502287,-0.043540013304339036,1.6566019203172253,0.519442976377961,0.4324009602848999,-0.2200071895867306,-0.009508841446172853,1.6578342788587788,0.9600569007030418,0.24625618918924275,-0.10618487618330075,-0.3695824718220632,-1.6029719596496774
1731072667.73,1.5345349014458474,0.5840147821898003,-0.16079260305988133,0.062361778250889045,1.661038821225516,-0.40881180358707603,-0.8588524454444487,-0.1264435866502287,-0.41843486274954633,1.6572279827612766,-0.040919754261378345,1.0132810006403634,-0.2200071895867306,0.08017321907969059,1.6582834658490906,-0.9000588213515957,0.020077015455381604,-0.10618487618330075,0.5295633990548434,-1.6015634602937747
1731072668.23,-0.4742677878317513,0.34086552919393703,-0.16079260305988133,0.05322649660881932,1.659673958348554,-0.40881180358707603,-0.5865219752399349,-0.1264435866502287,-0.2970403400720506,1.6552546337091447,-0.040919754261378345,0.9778614859845421,-0.2200071895867306,-0.07997331757363703,1.6583393061319232,0.9600569007030418,-0.0876996378003508,-0.10618487618330075,0.38608267497874127,-1.6101444289848272
1731072668.73,-0.4742677878317513,0.3805633664177515,-0.16079260305988133,-0.10511838518705575,1.658606694949575,-0.40881180358707603,-0.5986795855169221,-0.1264435866502287,0.01001639375926197,1.6545399544353112,-0.040919754261378345,1.329695331565697,-0.2200071895867306,0.637483166633271,1.657960537355203,-0.9000588213515957,-0.061893960260245816,-0.10618487618330075,-0.35682862968196527,-1.6208248547953357
1731072669.23,-2.196098664355413,-0.0982917950945097,4.2614553726044715,-0.06248707085739705,1.6616157751365124,1.3238737872461357,-0.47953500480244715,-0.1264435866502287,-0.33631503858535805,1.6579240449719894,0.519442976377961,0.9660549810992688,-0.2200071895867306,-0.0031029799800397395,1.6590812420262597,0.9309925925459387,-0.05430405510139158,-0.10618487618330075,-0.3440747875418674,-1.6059965585390628
1731072669.73,1.5345349014458474,-0.25460202916327906,-0.16079260305988133,0.08976762317709822,1.6611792639049476,-1.8939708814441196,-0.2752871521490618,3.6343820078787594,-0.4005827270616793,1.656859740771449,-0.040919754261378345,1.0723135250667315,-0.2200071895867306,-0.01911763364537252,1.6594924265381055,-0.9000588213515957,0.05954452228142452,-0.10618487618330075,-0.3185671032616714,-1.608667510258622
1731072670.23,-2.196098664355413,-0.004009431687950675,4.2614553726044715,0.7444628075254278,1.662596300724678,-0.40881180358707603,-0.34093824764479286,-0.1264435866502287,-0.21135008877028902,1.6588478972166654,-0.040919754261378345,1.856265449448902,-0.2200071895867306,0.22430510206768556,1.6599113285334572,0.9600569007030418,0.14606944109236458,-0.10618487618330075,-0.3281324848667449,-1.6046475966875202
1731072670.73,-0.4742677878317513,-0.1826496991951154,-0.16079260305988133,-0.07466744638015668,1.661334908920552,-0.40881180358707603,-0.14398496115759987,-0.1264435866502287,-0.3398854657229315,1.6578536357486504,-0.040919754261378345,1.2635789042081644,-0.2200071895867306,0.19868165620315312,1.6595090393046197,-0.9000588213515957,0.3418889941908081,-0.10618487618330075,-0.2261017477459612,-1.616193674373933
1731072671.23,1.5345349014458474,0.07290512793318982,-0.16079260305988133,-0.2135237273396164,1.6626147508291127,1.3238737872461357,0.325298795534107,-0.1264435866502287,-0.3291741843102112,1.6595349851934176,-0.040919754261378345,0.352116727065039,-0.2200071895867306,-0.07036452537443735,1.6599732290395135,0.9600569007030418,0.3434069752225792,-0.10618487618330075,-0.3313209454017694,-1.612334970499049
1731072671.73,-0.4742677878317513,0.41778008881507755,-0.16079260305988133,0.2724732560184925,1.66251322436477,-0.40881180358707603,-0.08319690977266368,-0.1264435866502287,2.6057169227751253,1.6592961535821398,0.519442976377961,0.31669721240921805,-0.2200071895867306,0.060955634681291324,1.6602305549611545,-0.9000588213515957,0.4815432491137292,-0.10618487618330075,-0.35364016914694085,-1.614926930834211
1731072672.23,-0.4742677878317513,0.11012185033051586,-0.16079260305988133,0.0836774354157184,1.6641000532822396,-0.40881180358707603,0.5100944717443131,-0.1264435866502287,-0.2791882043841836,1.661095283246127,-0.040919754261378345,0.5976920286787308,-0.2200071895867306,0.08657908054582371,1.6609159105971272,0.9600569007030418,0.5938738454647744,-0.10618487618330075,0.06404816094126754,-1.6083591687137404
1731072672.73,-0.4742677878317513,0.6534859973314755,-0.16079260305988133,-0.22357253714589304,1.663857133571008,-0.40881180358707603,0.269373788259966,-0.1264435866502287,-0.22206137018300917,1.6599313025258022,-0.040919754261378345,0.7865961068431091,-0.2200071895867306,0.11220252641035616,1.6615651762974075,-0.9000588213515957,-0.016354529307119545,-0.10618487618330075,0.2904288589280064,-1.6086042888062997
1731072673.23,-0.4742677878317513,0.3259788402350066,-0.16079260305988133,0.010595182279160677,1.665222905248043,1.3238737872461357,0.6584173171235571,-0.1264435866502287,-0.018547023341325276,1.661763413025106,0.519442976377961,0.34031022217976536,-0.2200071895867306,0.12821718007568902,1.6620244845248713,0.9600569007030418,0.4739533439548746,-0.10618487618330075,0.5518826228000147,-1.604473459175071
1731072673.73,1.5345349014458474,1.462329430766694,-0.16079260305988133,-0.09902819742567594,1.6628510164803862,-0.40881180358707603,1.5507859114544198,-0.1264435866502287,0.07785450937315659,1.6588207450286039,-0.040919754261378345,1.39108915696912,-0.2200071895867306,2.303007147827879,1.6616854616295613,-0.9000588213515957,0.2341123409350757,-0.10618487618330075,0.7559440970415823,-1.6195338355905609
1731072674.23,-0.4742677878317513,0.6261937342401032,-0.16079260305988133,-0.20712903019016757,1.665820039826758,-0.40881180358707603,-0.14398496115759987,-0.1264435866502287,0.6741158413479148,1.6621584925562813,-0.040919754261378345,1.1053717387454978,-0.2200071895867306,-0.01271177217923941,1.6627947631828153,0.9600569007030418,0.048918655059028184,-0.10618487618330075,0.051294318801169574,-1.6049324221517547
1731072674.73,-2.196098664355413,0.48228907430377604,4.2614553726044715,0.8114548729006057,1.6659382227425727,-1.8939708814441196,-0.6181317619601017,3.6343820078787594,1.3346448617989943,1.6625784143926625,-1.081593396877296,1.1667655641489207,4.051031377581752,0.20188458693621975,1.6628846519319656,-0.9000588213515957,0.7972833037220721,-0.10618487618330075,-0.14639023437034893,-1.60795651245163
1731072675.23,1.5345349014458474,0.4004122850296587,-0.16079260305988133,0.7870941218550864,1.6661740977058397,1.3238737872461357,-0.5208708797442038,-0.1264435866502287,1.259665891909953,1.6635446518792576,0.039132064401382796,0.869241641040025,-0.2200071895867306,0.009708742952226488,1.6627751903031371,0.9600569007030418,-0.13931099288056076,-0.10618487618330075,-0.35364016914694085,-1.6120101789080579
1731072675.73,-0.18729597507781445,1.387895985972042,-0.16079260305988133,-0.15383988727809422,1.6648241640023973,-0.40881180358707603,-0.5889534972953323,-0.1264435866502287,0.5562917458079925,1.6613204358236868,0.519442976377961,1.7688973132978771,-0.2200071895867306,0.15384062594022133,1.6629873213230326,-0.9000588213515957,0.8079091709444681,-0.10618487618330075,-0.15914407651044676,-1.6194004389797167
1731072676.23,-0.4742677878317513,1.2812080484330408,-0.16079260305988133,2.239603902944171,1.6679003729645918,-0.40881180358707603,-0.5889534972953323,-0.1264435866502287,3.7125493354228802,1.6645508068128547,-0.040919754261378345,1.2895532149557667,-0.2200071895867306,-0.009508841446172853,1.664257979078864,-0.9000588213515957,0.4010902544298727,-0.10618487618330075,1.9516167976757663,-1.6032410866891904
1731072676.73,-0.4742677878317513,0.6485237676784987,-0.16079260305988133,-0.07466744638015668,1.666254236419709,-0.40881180358707603,-0.43576760780529333,-0.1264435866502287,0.7490948112369562,1.6622044094450195,0.039132064401382796,1.4595668853037074,-0.2200071895867306,-0.01271177217923941,1.6642615468203403,0.9600569007030418,-0.15449080319826958,-0.10618487618330075,-0.3376978664718184,-1.6132099209235404
1731072677.23,-0.18729597507781445,0.20688532856356356,-0.16079260305988133,-0.19890727671230482,1.6652928933711526,1.3238737872461357,-0.30932846092462607,-0.1264435866502287,-0.31489247575991763,1.6607280693990405,0.519442976377961,1.277746710070493,-0.2200071895867306,0.060955634681291324,1.664414081046795,0.9600569007030418,0.27206186672934757,-0.10618487618330075,-0.3440747875418674,-1.6196430863159341
1731072677.73,1.5345349014458474,0.09771627619807384,-0.16079260305988133,0.1445793130295165,1.6680857048064164,-0.40881180358707603,-0.2096360566533307,-0.1264435866502287,0.1349813435743311,1.6645708036182363,-0.040919754261378345,1.2706628071393289,-0.2200071895867306,-0.03192935657763875,1.6650718284826065,-0.9000588213515957,-0.42772738891702805,-0.10618487618330075,-0.09856332634498144,-1.6089585171248515
1731072678.23,-0.18729597507781445,-0.3861011149671643,-0.16079260305988133,0.3607809785584997,1.667362132480654,-0.40881180358707603,0.06998897971737554,-0.1264435866502287,-0.047110440441912524,1.6632095386650765,-0.040919754261378345,1.8704332553112302,-0.2200071895867306,1.2172136293183171,1.6653820785654896,0.9600569007030418,0.47091738189133286,-0.10618487618330075,-0.28987095844645094,-1.613392805629212
1731072678.73,-2.196098664355413,10.38938057647196,4.2614553726044715,-0.16997888484575072,1.669240309291538,-0.40881180358707603,11.07019475833542,-0.1264435866502287,-0.1506528274315412,1.6659515943598626,0.039132064401382796,12.458506836424638,-0.2200071895867306,0.0257233966175592,1.6658060940935355,-0.9000588213515957,11.187863466193747,-0.10618487618330075,-0.35364016914694085,-1.6076835971328198
1731072679.23,-0.18729597507781445,1.1348222736702254,-0.16079260305988133,-0.06857725861877687,1.6689193137366387,1.3238737872461357,1.6018478746177665,-0.1264435866502287,-0.10423727464308685,1.6655678379737378,0.519442976377961,3.197484404415988,-0.2200071895867306,-0.009508841446172853,1.6659397706481613,0.9600569007030418,5.10531347188783,-0.10618487618330075,-0.028417194574442715,-1.6119610995751281
1731072679.73,-0.4742677878317513,0.20936644339005198,4.12326012336496,-0.03203613205049803,1.6668842454832793,-0.40881180358707603,0.11375637671452961,-0.1264435866502287,-0.18278667166970178,1.662612071311601,-0.5212306662379566,0.4914334847112679,-0.2200071895867306,0.19868165620315312,1.6659240881959052,-0.9000588213515957,2.374465595732017,-0.10618487618330075,-0.3090017216565979,-1.6234628562249207
1731072680.23,-0.4742677878317513,-0.1776874695421386,-0.16079260305988133,-0.00767538100497877,1.6671337862494,-0.40881180358707603,0.5562933907968649,-0.1264435866502287,-0.21849094304543584,1.6630631294668607,-0.040919754261378345,0.666169757013318,1.8169496655243917,0.1826670025378204,1.6661195746199562,0.9600569007030418,0.7304921383241534,-0.10618487618330075,-0.36001709021698974,-1.625247758128929
1731072680.73,-0.4742677878317513,-0.11565959887992854,-0.16079260305988133,0.007550088398470769,1.6683914469793117,-0.40881180358707603,0.9283162652726735,-0.1264435866502287,0.37777038892932235,1.664847385561482,-0.040919754261378345,0.5575499120688004,-0.2200071895867306,-0.09278504050590325,1.66650464785826,-0.9000588213515957,1.2192820305543768,-0.10618487618330075,0.8547863736273414,-1.6220434646868156
1731072681.23,1.5345349014458474,-0.21242307711297626,-0.16079260305988133,-0.016810662647048495,1.6703663458812756,1.3238737872461357,0.2645107441491711,-0.1264435866502287,-0.32203333003506446,1.6666868590777455,0.519442976377961,0.09237361958901878,-0.2200071895867306,0.03853511954982543,1.6675308704267509,-0.87099451319449,0.8534486018975946,-0.10618487618330075,-0.3153786427266469,-1.611606670580755
1731072681.73,-0.4742677878317513,0.2118475582165404,-0.16079260305988133,-0.05639688309601723,1.6690653982883763,-0.40881180358707603,0.3836553248636458,-0.1264435866502287,-0.2434839330084496,1.66460367387246,-0.040919754261378345,3.931849008280009,-0.2200071895867306,-0.0031029799800397395,1.667708914651043,0.9600569007030418,0.8671104311835327,-0.10618487618330075,-0.2484209714911326,-1.619070655323909
1731072682.23,-0.4742677878317513,-0.37617665566121067,-0.16079260305988133,-0.10511838518705575,1.6684769907460488,-0.40881180358707603,0.7654042875610448,-0.1264435866502287,-0.3720193099610921,1.6646122670344756,-0.040919754261378345,0.8031252136824926,-0.2200071895867306,0.09298494201195681,1.6673696075380124,0.9600569007030418,-0.09832550502274696,-0.10618487618330075,-0.3504517086119163,-1.6277461963631477
1731072682.73,-0.4742677878317513,-0.2670076032957211,-0.16079260305988133,-0.07162235249946677,1.6692478901816399,-1.8939708814441196,0.004337884221644449,3.6343820078787594,-0.11851898319338047,1.6646095287630291,0.039132064401382796,0.7039505726461938,-0.2200071895867306,0.8841088330793955,1.668310992247542,-0.9000588213515957,-0.21369206343733393,-0.10618487618330075,-0.15914407651044676,-1.6222384370527907
1731072683.23,-0.4742677878317513,-0.1900930436745806,-0.16079260305988133,-0.2092605959066505,1.6705975374087318,-0.40881180358707603,-0.6643306810126531,-0.1264435866502287,-0.029258304754045415,1.6662050456683648,0.519442976377961,1.8798784592194493,-0.2200071895867306,-0.054349871709104644,1.6688892524598287,0.9891212088601449,1.3058069493653168,-0.10618487618330075,-0.08899794473990803,-1.6172994539766141
1731072683.73,1.5345349014458474,-0.2744509477751863,-0.16079260305988133,-0.03812631981187785,1.6724771725716454,1.3238737872461357,-1.155498136202937,-0.1264435866502287,-0.3648784556859453,1.6687754051366555,-0.040919754261378345,0.24349688212052137,-0.2200071895867306,0.1218113186095559,1.6694119627848312,-0.9291231295086987,0.1126738583934052,-0.10618487618330075,-0.3090017216565979,-1.610866399867256
1731072684.23,-0.4742677878317513,-0.1752063547156502,-0.16079260305988133,-0.07466744638015668,1.672772689061951,-0.40881180358707603,-0.6886459015666276,-0.1264435866502287,0.0028755394841151576,1.6692576740382985,-0.040919754261378345,0.15849004694655128,-0.2200071895867306,0.3075813011274159,1.6696328788552168,0.9600569007030418,0.7107583849111321,-0.10618487618330075,-0.277117116306353,-1.6123013492299745
1731072684.73,-0.4742677878317513,-0.22979088089839506,-0.16079260305988133,-0.20042982365264977,1.6735893578301222,-0.40881180358707603,-1.02905898932227,-0.1264435866502287,0.03857981085984921,1.670082008904807,-0.040919754261378345,-0.13194997323118074,-0.2200071895867306,-0.0895821097728367,1.670148498171108,-0.87099451319449,-0.01939049137066131,-0.10618487618330075,-0.2324786688160102,-1.6097266478575238
1731072685.23,-0.18729597507781445,0.25154539544035454,-0.16079260305988133,-0.05639688309601723,1.6719363926068969,1.3238737872461357,-0.4090208651959214,-0.1264435866502287,-0.24705436014602308,1.6676087430438158,0.519442976377961,0.042786299070869414,-0.2200071895867306,0.16024648740635444,1.6702175738373348,0.9309925925459387,0.04284673093194466,-0.10618487618330075,-0.22291328721093664,-1.6192441870711047
1731072685.73,1.5345349014458474,-0.15535743610374297,-0.16079260305988133,1.027656538429589,1.673920649510391,-0.40881180358707603,-0.6618991589572557,-0.1264435866502287,1.6559833041806005,1.6705874982998856,-0.040919754261378345,0.2978068045927802,-0.2200071895867306,0.2755519937967505,1.6706069677879634,-0.9000588213515957,0.0033792241059019115,-0.10618487618330075,2.0664013769366485,-1.6134056247202877
1731072686.23,-0.18729597507781445,0.1398952282483767,-0.16079260305988133,-0.21321921795154739,1.6733752427321882,-0.40881180358707603,-0.7421393867853715,-0.1264435866502287,0.01715724803440878,1.6702622050773932,-0.040919754261378345,0.38517494074380526,-0.2200071895867306,-0.06395866390830425,1.6704972272647072,0.9600569007030418,0.4906511353043545,-0.10618487618330075,-0.3695824718220632,-1.620256712092788
1731072686.73,-0.4742677878317513,0.5269491411805672,-0.16079260305988133,0.5313062358771344,1.67246969773272,-0.40881180358707603,-0.7056665559544097,-0.1264435866502287,-0.3434558928605049,1.6684501459008725,-0.5212306662379566,0.989667990869816,1.8826579511731376,-0.07677038684057047,1.6708922809457705,-0.9000588213515957,1.0856996997585393,-0.10618487618330075,-0.21015944507083867,-1.624726938194008
1731072687.23,-0.18729597507781445,-0.021377235473369494,-0.16079260305988133,0.3303300397516007,1.6734468649698857,-0.40881180358707603,-0.6813513354004354,-0.1264435866502287,-0.39701229992410586,1.6691925120111775,0.519442976377961,0.20099346453353617,-0.2200071895867306,0.0769702883466241,1.671604736851641,0.9600569007030418,-0.1119873343086849,-0.10618487618330075,-0.012474891899320172,-1.6201462540583211
1731072687.73,-0.4742677878317513,-0.028820579952834702,4.12326012336496,0.382096635723329,1.6748575215472936,1.3238737872461357,-0.5135763135780114,-0.1264435866502287,-0.16493453598183466,1.6719340329684595,-0.040919754261378345,0.7771509029348902,-0.2200071895867306,1.8129587456686962,1.6715909421483264,-0.9000588213515957,-0.03305232065659924,-0.10618487618330075,0.2202827271574677,-1.6192933595278316
1731072688.23,-0.4742677878317513,0.8643807575829895,-0.16079260305988133,0.2633379743764228,1.6735740758875617,-1.8939708814441196,-0.7056665559544097,3.6343820078787594,-0.28632905865933045,1.6697626228537576,0.039132064401382796,0.5197690964359247,-0.2200071895867306,0.14102890300795523,1.671835379179609,0.9600569007030418,-0.21824600653264659,-0.10618487618330075,0.2298481087625411,-1.6262124880490816
1731072688.73,-0.4742677878317513,0.4053745146826355,-0.16079260305988133,0.4886749215474757,1.6760808391921156,-0.40881180358707603,-0.6667622030680507,-0.1264435866502287,-0.2791882043841836,1.6731515375246582,-0.040919754261378345,0.682698863852701,-0.2200071895867306,-0.01911763364537252,1.6724821327326107,-0.9000588213515957,-0.07707377057795463,-0.10618487618330075,0.7527556365065576,-1.6166306745817725
1731072689.23,1.5345349014458474,0.49221353360972964,-0.16079260305988133,0.18416553347848522,1.6742039976802399,1.3238737872461357,-0.8588524454444487,-0.1264435866502287,-0.32560375717263784,1.670129573714499,0.519442976377961,0.7747896019578357,-0.2200071895867306,0.1890728640039535,1.6726522458778044,-0.9000588213515957,0.30393946839653624,-0.10618487618330075,0.2202827271574677,-1.6262158768310182
1731072689.73,-0.18729597507781445,0.6683726862904059,-0.16079260305988133,0.5282611419964445,1.6754292731253382,-0.40881180358707603,-0.357958902032575,-0.1264435866502287,-0.40772358133682607,1.6714588272502637,-0.040919754261378345,1.2966371178869307,-0.2200071895867306,0.0257233966175592,1.6732647419430462,-0.9000588213515957,0.4830612301454999,6.581873565763087,0.4498518856792311,-1.62147337037972
1731072690.23,-0.4742677878317513,0.4401101222534732,-0.16079260305988133,0.6592001788661105,1.6739261416316569,-0.16128529061090793,-0.4333360857498959,-0.1264435866502287,2.209399510504478,1.6694887078349758,-0.040919754261378345,0.8999385537417363,-0.2200071895867306,0.06415856541435788,1.6731892685849912,0.9600569007030418,0.22652243577622147,-0.10618487618330075,2.0982859822868933,-1.6315055087770078
1731072690.73,-0.4742677878317513,-0.27941317742816313,-0.16079260305988133,0.17503025183641557,1.6757732287009435,-0.16128529061090793,-0.1099436523820356,-0.1264435866502287,-0.21492051590786235,1.6718661828406953,0.039132064401382796,0.9755001850074877,-0.2200071895867306,0.1826670025378204,1.673790726792554,-0.9291231295086987,0.127853668711114,-0.10618487618330075,-0.2675517347012796,-1.6246157832951877
1731072691.23,-0.18729597507781445,-0.07844287648260248,-0.16079260305988133,-0.19190356078671802,1.6775361761133774,1.3238737872461357,-0.3336436814786005,-0.1264435866502287,-0.0006948876534581689,1.6747568001894289,0.519442976377961,1.2730241081163833,-0.2200071895867306,-0.051146940976038086,1.674022701112873,0.9600569007030418,-0.004210681052952495,-0.10618487618330075,-0.36001709021698974,-1.6207132438465295
1731072691.73,1.5345349014458474,0.10267850585105065,-0.16079260305988133,-0.02290085040842831,1.6774713313419056,-0.40881180358707603,-0.2752871521490618,-0.1264435866502287,-0.4112940084743995,1.674531964178389,-0.040919754261378345,1.6933356820321257,-0.2200071895867306,0.048143911749025096,1.6743064951967193,-0.9000588213515957,0.4238599699064357,-0.10618487618330075,-0.1750863791855693,-1.6229814450512863
1731072692.23,-0.4742677878317513,-0.023858350299857896,-0.16079260305988133,-0.03812631981187785,1.6769334390146688,-0.40881180358707603,0.40067597925142817,-0.1264435866502287,-0.18992752594484857,1.6725719233383172,-0.040919754261378345,0.9542484762139949,-0.2200071895867306,1.700856170011367,1.675129767774632,0.9891212088601449,0.03525682577309042,-0.10618487618330075,-0.1974056029307407,-1.623023274263259
1731072692.73,-0.4742677878317513,0.04065063518884058,-0.16079260305988133,-0.2126101991754094,1.6772581005715288,-0.40881180358707603,-0.06617625538488155,-0.1264435866502287,-0.03996958616676571,1.6731547141063794,-0.040919754261378345,0.3308650182715464,-0.2200071895867306,-0.05755280244217113,1.6753211265993269,-0.9291231295086987,0.3540328424449752,-0.10618487618330075,-0.37277093235708775,-1.624568055968736
1731072693.23,-0.18729597507781445,0.3855255960707283,-0.16079260305988133,-0.0868478219029163,1.6774169945826336,-0.40881180358707603,-0.22665671104111282,-0.1264435866502287,-0.4041531541992527,1.672719679902681,0.519442976377961,0.17501915378593413,-0.2200071895867306,-0.044741079509904975,1.675933557599484,-0.9000588213515957,-0.12716714462639372,-0.10618487618330075,-0.050736418319614104,-1.6236466529220963
1731072693.73,1.5345349014458474,0.3110921512760762,-0.16079260305988133,0.007550088398470769,1.6765505870270114,1.3238737872461357,0.11861942082532449,-0.1264435866502287,-0.17564581739455495,1.6721801345557807,-0.040919754261378345,0.41823315442257153,-0.2200071895867306,0.3203930240596821,1.6756445666729392,0.9600569007030418,0.3540328424449752,-0.10618487618330075,0.0895558452214635,-1.6329492972639854
1731072694.23,-0.18729597507781445,0.13245188376891148,-0.16079260305988133,-0.22874919674306587,1.67963025732238,-0.16128529061090793,0.16481833987787575,-0.1264435866502287,-0.32560375717263784,1.6763288552935582,-0.040919754261378345,0.24113558114346662,-0.2200071895867306,0.019317535151426157,1.6763978157004824,0.9600569007030418,0.08686818085330038,-0.10618487618330075,-0.3153786427266469,-1.6205403384078645
1731072694.73,-0.4742677878317513,0.32101661058202985,-0.16079260305988133,-0.0198557565277384,1.6796132199853664,-0.40881180358707603,0.8188977727797887,-0.1264435866502287,1.1561235049203242,1.6765139212481897,-0.040919754261378345,0.7747896019578357,-0.2200071895867306,0.048143911749025096,1.6764942699354886,-0.9000588213515957,0.03373884474131954,-0.10618487618330075,0.9121786632577822,-1.6239987930176343
1731072695.23,1.5345349014458474,0.3185354957555414,-0.16079260305988133,-0.08989291578360621,1.6778438870862153,-0.16128529061090793,-0.603542629627717,3.5168562080497283,0.23138287628881296,1.6733629648508548,0.519442976377961,0.6897827667838654,-0.2200071895867306,0.03853511954982543,1.6768380986655043,0.9600569007030418,0.15669530831476092,-0.10618487618330075,-0.2452325109561081,-1.631937689978632
1731072695.73,-0.4742677878317513,0.4475534667329384,-0.16079260305988133,0.40341229288815844,1.6784471283559705,-0.40881180358707603,-0.34093824764479286,-0.1264435866502287,-0.31489247575991763,1.674276321956255,-0.040919754261378345,0.4937947856883227,-0.2200071895867306,0.04173805028289198,1.67710329429241,-2.7601745434062304,-0.5218422128868225,7.103020976823845,-0.28668249791142647,-1.6319475809085282
1731072696.23,-0.4742677878317513,0.5294302560070556,-0.16079260305988133,-0.08075763414153649,1.6791461354105874,-0.40881180358707603,-0.5305969679657936,-0.1264435866502287,-0.39701229992410586,1.6743068068064937,-0.040919754261378345,1.0085583986862539,-0.2200071895867306,0.16665234887248756,1.6779580713229374,0.9600569007030418,0.30393946839653624,-0.10618487618330075,0.03535201612604717,-1.6273306081145043
1731072696.73,-0.18729597507781445,0.469883500171334,-0.16079260305988133,-0.1477496995167144,1.6799641239171803,-0.40881180358707603,-0.2096360566533307,-0.1264435866502287,-0.3898714456489591,1.6756764960648076,-0.040919754261378345,0.7771509029348902,-0.2200071895867306,0.08017321907969059,1.6781660778038172,-0.9000588213515957,-0.05885799819670405,-0.10618487618330075,0.36376345123356973,-1.626986444296813
1731072697.23,1.5345349014458474,0.5989014711487307,-0.16079260305988133,-0.20712903019016757,1.6789799212382808,1.3238737872461357,-0.24854040953968987,-0.1264435866502287,-0.32560375717263784,1.6747664661229076,0.519442976377961,1.5492963224317868,-0.2200071895867306,0.028926327350625756,1.6779765901313863,0.9600569007030418,0.05499057918611171,-0.10618487618330075,-0.13363639223025095,-1.635987602882491
1731072697.73,-0.4742677878317513,0.8618996427565011,-0.16079260305988133,-0.05944197697670714,1.681687942478283,-0.40881180358707603,-0.2461088874842924,-0.1264435866502287,-0.24705436014602308,1.678730053716435,-0.040919754261378345,1.069952224089677,-0.2200071895867306,-0.07997331757363703,1.6784864947267966,-0.9000588213515957,0.24473820815747171,-0.10618487618330075,-0.08899794473990803,-1.6266777889337634
1731072698.23,-0.4742677878317513,0.5046191077421717,-0.16079260305988133,-0.05639688309601723,1.6810629462691529,-0.40881180358707603,0.4736216409133516,-0.1264435866502287,0.26351672052697356,1.6768541032681556,0.039132064401382796,1.128984748516045,-0.2200071895867306,0.03853511954982543,1.6791803581533549,0.9600569007030418,-0.23949774097743892,-0.10618487618330075,-0.3855247744971857,-1.6279741027417622
1731072698.73,-0.4742677878317513,0.9710686951219908,-0.16079260305988133,-0.22357253714589304,1.6820920480514636,-0.40881180358707603,-0.20234149048713834,-0.1264435866502287,0.43489722313049683,1.6790199693682872,-0.040919754261378345,2.4182550819879274,-0.2200071895867306,0.1890728640039535,1.6791353833048994,-0.9000588213515957,0.6819167453074851,-0.10618487618330075,-0.34088632700684285,-1.6287110779232512
1731072699.23,-0.4742677878317513,-0.3960255742731179,-0.16079260305988133,-0.0015851932435989545,1.6810972361719925,1.3238737872461357,0.4882107732457363,-0.1264435866502287,1.9309061937737524,1.67730365687405,0.519442976377961,1.96016269243931,-0.2200071895867306,0.022520465884492715,1.6793924567874432,0.9600569007030418,0.039810768868402895,-0.10618487618330075,-0.19102868186069172,-1.6345058544829785
1731072699.73,1.5345349014458474,-0.2421964550308371,-0.16079260305988133,0.33946532139367047,1.6830139251866805,-0.40881180358707603,-0.24367736542889495,-0.1264435866502287,-0.0863851389552199,1.6794644356317048,-0.040919754261378345,1.726393895710892,-0.2200071895867306,0.09939080347808993,1.6801817603214109,-0.9000588213515957,0.3570688045085169,-0.10618487618330075,1.486101559562191,-1.6260015641020957
1731072700.23,-0.4742677878317513,-0.2570831439897675,-0.16079260305988133,-0.20865157713051252,1.6832384209517732,-0.40881180358707603,0.49550533941192837,-0.1264435866502287,0.6277002885594606,1.6799045842088596,-0.040919754261378345,2.1915701881906733,-0.2200071895867306,0.08978201127889034,1.6803601106427333,0.9600569007030418,0.9672971792804109,-0.10618487618330075,-0.26436327416625505,-1.6279990787678984
1731072700.73,-0.4742677878317513,0.25650762509333136,-0.16079260305988133,1.3869776163509977,1.6839343732816103,-0.40881180358707603,-0.046724078941701955,-0.1264435866502287,0.1314109164367576,1.6808256514706865,-0.040919754261378345,1.17148816610303,-0.2200071895867306,0.21149337913541935,1.6807078079162905,-0.9000588213515957,-0.016354529307119545,-0.10618487618330075,-0.36639401128703875,-1.6270769934799127
1731072701.23,-0.4742677878317513,0.5666469784043814,-0.16079260305988133,-0.15383988727809422,1.6846977310926194,1.3238737872461357,-0.049155600997099404,-0.1264435866502287,-0.3434558928605049,1.6819601300012328,-0.040919754261378345,0.3072520085009991,-0.2200071895867306,0.15704355667328795,1.6809978321432426,0.9309925925459387,1.0431962308689546,-0.10618487618330075,-0.1750863791855693,-1.626332240138689
1731072701.73,1.5345349014458474,0.04065063518884058,-0.16079260305988133,-0.2028658987572017,1.6845483408493231,-0.40881180358707603,0.0578313694403883,-0.1264435866502287,-0.3827305913738123,1.6811469876804475,0.519442976377961,0.1089027264284019,-0.2200071895867306,2.690561766528932,1.6815354542824346,-0.9000588213515957,0.17642906172778222,-0.10618487618330075,-0.1304479316952264,-1.6270599414602933
1731072702.23,-0.18729597507781445,-0.3091865553460238,-0.16079260305988133,-0.0868478219029163,1.683204967950754,-0.40881180358707603,0.6170814421818008,-0.1264435866502287,-0.2434839330084496,1.6790572574636766,-0.040919754261378345,-0.030414031217827275,-0.2200071895867306,0.17305821033862065,1.6816774099290173,0.9600569007030418,0.09749404807569638,-0.10618487618330075,-0.3919016955672347,-1.6349404162707433
1731072702.73,-0.4742677878317513,0.3011676919701226,-0.16079260305988133,-0.1233889484711952,1.686470314984426,-0.40881180358707603,0.14293464137929898,-0.1264435866502287,-0.300610767209624,1.6833131515609385,-0.040919754261378345,0.9070224566729003,-0.2200071895867306,-0.038335218043771865,1.6825438846541427,-0.9000588213515957,-0.4808567250290087,-0.10618487618330075,-0.22291328721093664,-1.6210425575647647
1731072703.23,-0.18729597507781445,-0.3836200001406759,-0.16079260305988133,-0.24062506287775653,1.6842653073949942,1.3238737872461357,0.2134487809858247,-0.1264435866502287,-0.2970403400720506,1.680797394451543,0.519442976377961,0.5056012905735964,-0.2200071895867306,0.1826670025378204,1.6821200342014349,0.9600569007030418,-0.3275406408201499,-0.10618487618330075,-0.2675517347012796,-1.6361200661588533
1731072703.73,1.5345349014458474,-0.35136550739632666,-0.16079260305988133,-0.09902819742567594,1.687388382542031,-0.40881180358707603,0.5976292657386212,-0.1264435866502287,-0.3648784556859453,1.6843082168872532,-0.040919754261378345,0.5103238925277058,-0.2200071895867306,0.3460164699242146,1.6832749660658362,-0.9000588213515957,0.8595205260246781,-0.10618487618330075,-0.15914407651044676,-1.620637147137833
1731072704.23,-0.4742677878317513,-0.32903547395793104,-0.16079260305988133,-0.15079479339740431,1.6851902651319208,-1.8939708814441196,-0.04429255688630451,3.6343820078787594,1.848786369609564,1.6809292350828324,-0.5212306662379566,0.7913187087972187,1.8826579511731376,-0.009508841446172853,1.683346122278869,0.9600569007030418,0.12481770664757225,-0.10618487618330075,2.697716562871497,-1.632095349566918
1731072704.73,-0.4742677878317513,0.18951752477814476,-0.16079260305988133,-0.19068552323444207,1.687549843043696,-0.40881180358707603,-1.0801209524856163,-0.1264435866502287,-0.17564581739455495,1.6845894889733433,-0.5212306662379566,0.46309787298661115,1.8826579511731376,-0.09278504050590325,1.683701489071253,-0.9000588213515957,-0.23949774097743892,-0.10618487618330075,-0.29624787951649995,-1.6251548849541708
1731072705.23,1.5345349014458474,-0.14295186197130097,-0.16079260305988133,-0.20773804896630554,1.6845143718001314,1.3238737872461357,-0.6764882912896404,-0.1264435866502287,-0.20420923449514222,1.6802268440564543,-0.040919754261378345,0.12070923131367556,-0.2200071895867306,0.0257233966175592,1.6835452505119854,0.9600569007030418,-0.7692731210654759,-0.10618487618330075,-0.2675517347012796,-1.6412655123486564
1731072705.73,-0.4742677878317513,-0.3067054405195356,-0.16079260305988133,-0.10207329130636585,1.684342678167787,-0.16128529061090793,-0.6643306810126531,-0.1264435866502287,-0.1328006917436741,1.6800847808530637,0.519442976377961,-0.09653045857535977,-0.2200071895867306,0.6214685129679383,1.6836821570683662,-0.9000588213515957,-0.1043974291498305,-0.10618487618330075,-0.15276715544039793,-1.644983550431256
1731072706.23,-0.4742677878317513,-0.3067054405195356,-0.16079260305988133,0.5495767991612739,1.6874896098215784,-0.40881180358707603,-0.722687210342192,-0.1264435866502287,-0.4041531541992527,1.6842226211804974,-0.040919754261378345,0.28127769775339706,-0.2200071895867306,2.7546203811902634,1.684504507412799,-0.9000588213515957,-0.2334258168503554,-0.10618487618330075,-0.015663352434344736,-1.6318300106000903
1731072706.73,-0.4742677878317513,0.0034339127915145344,-0.16079260305988133,-0.22113646204134116,1.6866068214931973,-0.40881180358707603,-0.9488187614941543,-0.1264435866502287,-0.2363430787333028,1.6818172426339912,-0.040919754261378345,0.3804523387896958,-0.2200071895867306,0.1378259722748886,1.6852563038474877,0.9600569007030418,-0.21672802550087572,-0.10618487618330075,0.07042508201131653,-1.6336327088099896
1731072707.23,-0.4742677878317513,-0.16031966575671977,-0.16079260305988133,-0.10511838518705575,1.6862387448532972,1.3238737872461357,-1.0412165995992573,-0.1264435866502287,0.32064355472814804,1.6817692493859973,0.519442976377961,0.290722901661616,-0.2200071895867306,0.11540545714342279,1.6851561183571866,0.9600569007030418,-0.3305766028836916,-0.10618487618330075,-0.34726324807689185,-1.6397757400891182
1731072707.73,1.5345349014458474,-0.2521209143367907,-0.16079260305988133,-0.11729876070981539,1.6900926441645792,-0.40881180358707603,-0.3263491153124082,-0.1264435866502287,-0.38630101851138565,1.6866212733440817,-0.040919754261378345,0.08292841568079985,-0.2200071895867306,0.10899959567728967,1.6862363003324468,-2.7601745434062304,-0.47782076296546694,7.103020976823845,-0.1240710106251774,-1.6222163585731528
1731072708.23,-0.4742677878317513,-0.07596176165611408,-0.16079260305988133,-0.21382823672768536,1.6885488769894799,-0.16128529061090793,0.21101725893042725,-0.1264435866502287,-0.2898994857969039,1.6853032926121017,-0.040919754261378345,0.42767835833079043,-0.2200071895867306,0.09939080347808993,1.6857539260955814,0.9600569007030418,-0.3017349632800449,-0.10618487618330075,0.016221252915900205,-1.6353479484915088
1731072708.73,-0.18729597507781445,-0.08340510613557929,-0.16079260305988133,-0.0838027280222264,1.6876546737941633,-0.40881180358707603,-0.27285563009366437,-0.1264435866502287,1.6488424499054537,1.6835602805946568,-0.040919754261378345,0.9495258742598854,-0.2200071895867306,0.2467256171991514,1.6861202355067393,-0.9000588213515957,-0.051268093037849814,-0.10618487618330075,1.176820887664815,-1.639990337322853
1731072709.23,-0.4742677878317513,-0.06851841717664915,-0.16079260305988133,-0.05335178921532732,1.6891158843504177,1.3238737872461357,-0.6497415486802685,-0.1264435866502287,-0.3505967471356517,1.685522976595238,0.519442976377961,0.4583752710325017,-0.2200071895867306,-0.1344231400357685,1.6865950561276923,0.9600569007030418,-0.11654127740399754,-0.10618487618330075,-0.34088632700684285,-1.6354018854704935
1731072709.73,1.5345349014458474,0.2118475582165404,-0.16079260305988133,-0.225095084086238,1.6903426819448881,-0.40881180358707603,-0.4090208651959214,-0.1264435866502287,-0.2791882043841836,1.6873332660384048,0.039132064401382796,0.8149317185677659,-0.2200071895867306,0.12821718007568902,1.6869366490791147,-0.9000588213515957,0.3464429372861209,-0.10618487618330075,-0.28668249791142647,-1.6326207427331598
1731072710.23,-0.4742677878317513,0.13741411342188828,-0.16079260305988133,-0.10511838518705575,1.6897504451613097,-0.40881180358707603,-0.41631543136211374,-0.1264435866502287,-0.32203333003506446,1.685647342223425,-0.040919754261378345,0.5551886110917457,-0.2200071895867306,0.2371168249999518,1.6875533240123424,-0.9000588213515957,-0.21976398756441748,6.581873565763087,-0.13682485276527537,-1.6343637256361425
1731072710.73,-2.196098664355413,0.457477926038892,4.2614553726044715,0.9484840975316515,1.6906893690407356,-0.40881180358707603,-0.30203389475843373,-0.1264435866502287,-0.3541671742732251,1.6866142485151492,0.039132064401382796,1.2116302827129604,-0.2200071895867306,1.547115494824172,1.6881025602498223,-0.9291231295086987,0.32215524077778684,-0.10618487618330075,0.7910171629268515,-1.631107482518938
1731072711.23,1.5345349014458474,0.16966860616623752,-0.16079260305988133,-0.19220807017478703,1.6910441914039576,1.3238737872461357,-0.6181317619601017,-0.1264435866502287,-0.17564581739455495,1.6876142955246758,0.519442976377961,1.0463392143191297,-0.2200071895867306,-0.03513228731070531,1.688086261882028,0.9600569007030418,0.05650856021788276,-0.10618487618330075,0.5104326358446963,-1.6340495112899598
1731072711.73,-0.4742677878317513,0.3259788402350066,-0.16079260305988133,-0.05639688309601723,1.691590896775957,-0.16128529061090793,0.0578313694403883,-0.1264435866502287,-0.20777966163271552,1.6885097752513731,-0.040919754261378345,1.1266234475389905,-0.2200071895867306,-0.02232056437843908,1.688308747619069,-0.9000588213515957,0.07320635156736228,-0.10618487618330075,0.5104326358446963,-1.6345706320428603
1731072712.23,-0.4742677878317513,-0.27693206260167474,-0.16079260305988133,-0.13556932399395477,1.691983093640912,-0.40881180358707603,-0.1245327847144203,-0.1264435866502287,-0.10066684750551352,1.6882286503535675,-0.040919754261378345,1.5658254292711702,-0.2200071895867306,0.10899959567728967,1.689052206218907,0.9891212088601449,0.4223419888746646,-0.10618487618330075,-0.11769408955512842,-1.6318648206533137
1731072712.73,-0.4742677878317513,0.038169520362352174,-0.16079260305988133,-0.13556932399395477,1.6905716908487531,-0.40881180358707603,-0.2704241080382669,-0.1264435866502287,-0.3898714456489591,1.6862353136351882,-0.040919754261378345,2.0522534305444444,-0.2200071895867306,0.17946407180475377,1.6890759232916939,-0.9291231295086987,0.10660193426632167,-0.10618487618330075,1.3617515986962356,-1.6408483659181008
1731072713.23,1.5345349014458474,-0.15783855093023139,-0.16079260305988133,-0.10816347906774566,1.689820161269749,-0.16128529061090793,-0.24367736542889495,-0.1264435866502287,0.37777038892932235,1.6855542909642063,-0.040919754261378345,0.8196543205218754,-0.2200071895867306,-0.01271177217923941,1.6889750143803328,0.9600569007030418,0.26295398053872227,-0.10618487618330075,1.8750937448351785,-1.64837053645658
1731072713.73,-0.4742677878317513,-0.0933295654415329,-0.16079260305988133,-0.20743353957823657,1.693845285679506,1.3238737872461357,-0.30203389475843373,-0.1264435866502287,-0.15422325456911454,1.690957243292531,0.039132064401382796,0.2246064743040835,-0.2200071895867306,-0.01911763364537252,1.6899037270357222,-0.9000588213515957,-0.18940436692899984,-0.10618487618330075,2.1493013508472854,-1.6312958452765627
1731072714.23,-0.18729597507781445,-0.06355618752367234,-0.16079260305988133,-0.09598310354498603,1.6934516142153062,-0.40881180358707603,-0.07833386566186878,-0.1264435866502287,-0.37916016423623894,1.6905710054916459,0.519442976377961,0.019173289300322093,-0.2200071895867306,0.1890728640039535,1.6899710227793963,0.9600569007030418,0.9460454448356185,-0.10618487618330075,1.0971093742892026,-1.6363142802229218
1731072714.73,-0.4742677878317513,0.08034847241265503,-0.16079260305988133,-0.11120857294843557,1.6921437872002645,-0.16128529061090793,0.2718053103153634,-0.1264435866502287,0.10641792647374385,1.6885603596997711,-0.040919754261378345,0.5386595042523625,-0.2200071895867306,0.022520465884492715,1.6901015110105164,-0.9000588213515957,0.37376659585799676,-0.10618487618330075,1.2150824140851089,-1.6441516954068243
1731072715.23,-0.18729597507781445,-0.056112843044207134,-0.16079260305988133,-0.20986961468278847,1.6940074731791368,1.3238737872461357,0.2499216118167864,-0.1264435866502287,-0.1934979530824219,1.6904546396240123,-0.040919754261378345,0.7747896019578357,-0.2200071895867306,1.3165044820433804,1.6909917303637887,0.9600569007030418,0.029184901646006893,-0.10618487618330075,0.4817364910294759,-1.6351057113535594
1731072715.73,1.5345349014458474,0.09523516137158544,-0.16079260305988133,-0.2220499902055481,1.6921929135238203,-0.40881180358707603,-0.012682770166137686,-0.1264435866502287,-0.2541952144211698,1.6879168876461061,0.039132064401382796,0.9282741654663931,1.8169496655243917,-0.07356745610750391,1.6909460588663312,-0.9000588213515957,0.12481770664757225,-0.10618487618330075,0.5327518595898678,-1.6460383333969917
1731072716.23,-0.4742677878317513,0.717994982820174,-0.16079260305988133,-0.03508122593118794,1.6961085188295182,-0.16128529061090793,-0.05645016716329175,-0.1264435866502287,-0.10066684750551352,1.6926622822339306,-0.040919754261378345,0.45129136810133774,-0.2200071895867306,0.32679888552581526,1.6921441673452378,0.9600569007030418,-0.3412024701060878,-0.10618487618330075,0.6092749124304557,-1.62740161262536
1731072716.73,-0.4742677878317513,0.3880067108972167,-0.16079260305988133,-0.047261601453947574,1.694697383322305,-0.40881180358707603,0.06026289149578575,-0.1264435866502287,-0.38630101851138565,1.6906487244570036,-0.040919754261378345,0.869241641040025,-0.2200071895867306,0.5862362749042062,1.6921795671736979,-0.9000588213515957,0.3434069752225792,-0.10618487618330075,-0.044359497249565116,-1.636299592672248
1731072717.23,1.5345349014458474,0.3334221847144718,-0.16079260305988133,1.4691951511296253,1.6962390156271787,-0.40881180358707603,-0.3871371666973444,-0.1264435866502287,-0.3113220486223442,1.6924381560359567,0.519442976377961,0.7606217960955074,-0.2200071895867306,0.08337614981275722,1.6928276472628827,0.9600569007030418,0.18250098585486574,-0.10618487618330075,0.23622502983259008,-1.630165366285644
1731072717.73,-0.4742677878317513,1.4077449045839492,-0.16079260305988133,-0.20438844569754666,1.695241816960329,1.3238737872461357,0.19885964865344,-0.1264435866502287,0.4848832030565244,1.6911929694634584,-0.040919754261378345,1.4784572931201454,-0.2200071895867306,0.38445163872101323,1.6928159123694133,-0.87099451319449,0.06258048434496628,-0.10618487618330075,0.0034674107758022278,-1.6379210038141312
1731072718.23,-0.18729597507781445,0.7105516383407088,-0.16079260305988133,0.05018140272812941,1.6945928530405932,-0.40881180358707603,-0.3117599829800235,-0.1264435866502287,-0.22920222445815597,1.690964221574968,-0.040919754261378345,1.1030104377684433,-0.2200071895867306,0.060955634681291324,1.69255529927422,0.9309925925459387,0.32215524077778684,-0.10618487618330075,2.3151012986685586,-1.6462332477477586
1731072718.73,-0.4742677878317513,0.41778008881507755,-0.16079260305988133,0.07149705989295876,1.6970511109316129,-0.40881180358707603,0.11861942082532449,-0.1264435866502287,-0.1470824002939677,1.694236382164226,-0.040919754261378345,0.9471645732828309,-0.2200071895867306,0.14423183374102172,1.6932226730744395,-0.9000588213515957,-0.2759292857399399,-0.10618487618330075,-0.41103245877738165,-1.636671961483841
1731072719.23,1.5345349014458474,0.6187503897606379,-0.16079260305988133,-0.2534144571766541,1.6963303246487833,1.3238737872461357,-0.36039042408797245,-0.1264435866502287,-0.3720193099610921,1.6918830784921381,0.519442976377961,1.26121760323111,-0.2200071895867306,0.26914613233061735,1.6940962033786686,0.9600569007030418,0.32822716490487036,-0.10618487618330075,-0.3887132350322102,-1.6370154751527548
1731072719.73,-2.196098664355413,0.9735498099484793,4.2614553726044715,-0.07466744638015668,1.6987378945351244,-0.40881180358707603,-0.38470564464194695,-0.1264435866502287,-0.17564581739455495,1.6952830846728644,-0.040919754261378345,1.8302911387012997,-0.2200071895867306,-0.02232056437843908,1.694643883397207,-0.9000588213515957,0.800319265785614,-0.10618487618330075,-0.3345094059367939,-1.6285040420886652
1731072720.23,-0.4742677878317513,0.12997076894242307,-0.16079260305988133,-0.2056064832498226,1.698350406691347,-0.40881180358707603,0.14779768549009387,-0.1264435866502287,-0.27561777724661024,1.6953862481404425,-0.040919754261378345,1.2801080110475478,-0.2200071895867306,0.11860838787648927,1.6944402888095926,0.9600569007030418,0.5240467180033138,-0.10618487618330075,-0.26436327416625505,-1.6354645292228907
1731072720.73,-0.4742677878317513,-0.41587449288502515,-0.16079260305988133,-0.0868478219029163,1.6978033454764951,-0.40881180358707603,-0.14641648321299733,-0.1264435866502287,-0.3041811943471974,1.6939999556939251,-0.040919754261378345,1.572909332202334,-0.2200071895867306,0.0769702883466241,1.6949295657579972,-0.87099451319449,0.5331546041939391,-0.10618487618330075,-0.3313209454017694,-1.637972284386365
1731072721.23,1.5345349014458474,0.01583948692395655,-0.16079260305988133,-0.03508122593118794,1.6971937257044911,1.3238737872461357,-0.38956868875274187,-0.1264435866502287,-0.20420923449514222,1.693834799022814,0.519442976377961,1.6862517791009612,-0.2200071895867306,0.0769702883466241,1.6946698843569366,0.9309925925459387,-0.3412024701060878,-0.10618487618330075,-0.21015944507083867,-1.6461360413493988
1731072721.73,-0.4742677878317513,-0.35880885187579187,-0.16079260305988133,-0.22083195265327216,1.6976519335713214,-0.40881180358707603,-0.16830018171157407,-0.1264435866502287,-0.3934418727865325,1.6930521052407452,-0.040919754261378345,2.2458801106629322,-0.2200071895867306,0.20829044840235286,1.695758430921595,-0.9000588213515957,0.5847659592741491,-0.10618487618330075,-0.1814633002556183,-1.6406931646537761
1731072722.23,-0.4742677878317513,-0.21490419193946464,-0.16079260305988133,-0.10816347906774566,1.697486231543493,-0.40881180358707603,0.4468748983039794,-0.1264435866502287,-0.10423727464308685,1.6927485517060488,-0.040919754261378345,0.9707775830533782,-0.2200071895867306,-0.07677038684057047,1.6959923419630436,0.9600569007030418,0.017041053391839842,-0.10618487618330075,0.5869556886852841,-1.6436854439108648
1731072722.73,-0.4742677878317513,-0.29678098121358193,-0.16079260305988133,-0.05335178921532732,1.6996176692849592,-1.8939708814441196,0.1283455090469143,3.6343820078787594,2.9270553651567317,1.696122186791891,-0.040919754261378345,-0.044581837080155666,-0.2200071895867306,0.39726336165327947,1.696296594171807,-0.9000588213515957,0.37376659585799676,-0.10618487618330075,1.6805976521986847,-1.6379288772060259
1731072723.23,-0.4742677878317513,-0.06603730235016074,-0.16079260305988133,0.3303300397516007,1.7006664077792315,1.3238737872461357,0.14536616343469644,-0.1264435866502287,-0.31489247575991763,1.6975777541774848,0.519442976377961,-0.044581837080155666,-0.2200071895867306,0.38445163872101323,1.6966722343291807,-0.9291231295086987,-0.15449080319826958,-0.10618487618330075,-0.35364016914694085,-1.6355377514237885
1731072723.73,1.5345349014458474,-0.29678098121358193,-0.16079260305988133,-0.18764042935375216,1.699473856507266,-0.16128529061090793,0.595197743683224,-0.1264435866502287,-0.32203333003506446,1.6949862627194272,-0.040919754261378345,-0.006801021447279957,-0.2200071895867306,0.13142011080875549,1.6972388588595844,0.9600569007030418,0.25991801847518053,-0.10618487618330075,-0.03798257617951613,-1.6398006065930704
1731072724.23,-0.4742677878317513,-0.031301694779323104,-0.16079260305988133,-0.12947913623257495,1.7002709598895724,-0.40881180358707603,0.42255967775000497,-0.1264435866502287,-0.21849094304543584,1.6971980990847517,-0.040919754261378345,0.2860002997075065,-0.2200071895867306,0.07056442688049099,1.696951589809807,0.9891212088601449,0.9035419759460338,-0.10618487618330075,-0.11131716848507942,-1.6431181650916504
1731072724.73,-0.4742677878317513,-0.47542124872074665,-0.16079260305988133,-0.07162235249946677,1.700405920637367,-0.40881180358707603,0.28153139853695325,-0.1264435866502287,-0.22206137018300917,1.6974383942124565,-0.040919754261378345,0.47490437787188483,-0.2200071895867306,2.421515584951341,1.6971593670171772,-0.9291231295086987,0.07624231363090404,-0.10618487618330075,-0.37277093235708775,-1.645221363965746
1731072725.23,-0.18729597507781445,-0.2719698329486979,-0.16079260305988133,-0.05944197697670714,1.6993586441980886,1.3238737872461357,0.4031075013068254,-0.1264435866502287,-0.18992752594484857,1.6949993113844306,0.519442976377961,0.27891639677634233,-0.2200071895867306,-0.02232056437843908,1.697775746637979,0.9600569007030418,0.3661766906991422,-0.10618487618330075,-0.15276715544039793,-1.6486026045675772
1731072725.73,1.5345349014458474,-0.3811388853141875,-0.16079260305988133,-0.0838027280222264,1.7018441362913155,-1.8939708814441196,-0.6059741516831144,-0.1264435866502287,-0.3434558928605049,1.698225769859474,-0.040919754261378345,0.5481047081605815,-0.2200071895867306,0.19547872547008663,1.6984944226076975,-0.9000588213515957,-0.4171015216946319,-0.10618487618330075,0.8197133077420719,-1.6385710400120534
1731072726.23,-0.4742677878317513,-0.41339337805853676,-0.16079260305988133,-0.15079479339740431,1.702046225692438,-0.40881180358707603,-0.9245035409401798,3.5168562080497283,0.10284749933617052,1.6989905768429225,-0.040919754261378345,0.3214198143633275,-0.2200071895867306,0.019317535151426157,1.6984685242061552,0.9891212088601449,-0.2789652478034817,-0.10618487618330075,-0.36001709021698974,-1.642127370012167
1731072726.73,-0.18729597507781445,0.2614698547463082,-0.16079260305988133,-0.17880965709975147,1.7032023272300634,-0.40881180358707603,-0.6375839384032812,-0.1264435866502287,-0.025687877616472087,1.6996708107623135,-0.040919754261378345,-0.10833696346063343,-0.2200071895867306,0.05454977321515821,1.6993828400788134,-0.9291231295086987,0.21589656855382514,-0.10618487618330075,-0.19102868186069172,-1.6354460125440957
1731072727.23,1.5345349014458474,-0.14791409162427777,-0.16079260305988133,-0.05944197697670714,1.7019117957623233,1.3238737872461357,-0.9536818056049492,-0.1264435866502287,2.380780013108001,1.6975319564336533,0.519442976377961,0.2529420860287403,-0.2200071895867306,-0.01911763364537252,1.6996018966927073,-0.87099451319449,-0.2334258168503554,-0.10618487618330075,0.9249325053978801,-1.6425807971395487
1731072727.73,-0.4742677878317513,-0.22730976607190667,-0.16079260305988133,0.3912319173653988,1.7008150054514406,-0.40881180358707603,-0.6667622030680507,-0.1264435866502287,-0.36844888282351873,1.6962540738654293,-0.040919754261378345,0.0569541049331978,-0.2200071895867306,0.04173805028289198,1.6995156024603508,0.9600569007030418,0.6272694281637334,-0.10618487618330075,-0.34726324807689185,-1.6512338714714438
1731072728.23,-0.4742677878317513,-0.0933295654415329,-0.16079260305988133,-0.2025613893691327,1.7022274205949524,-0.40881180358707603,-0.603542629627717,-0.1264435866502287,-0.2791882043841836,1.6985731805980069,0.039132064401382796,0.02861849320854102,-0.2200071895867306,0.18586993327088688,1.6997433864380522,0.9600569007030418,-0.16359868938889485,-0.10618487618330075,-0.3695824718220632,-1.64860941406077
1731072728.73,-0.4742677878317513,-0.13302740266534735,-0.16079260305988133,-0.08989291578360621,1.7015444059379807,-0.40881180358707603,-0.5233024017996012,-0.1264435866502287,-0.36844888282351873,1.6970004545042372,-0.5212306662379566,0.4347622612619546,1.8826579511731376,9.995075302681723e-05,1.7002107334864294,-0.9000588213515957,-0.005728662084723377,-0.10618487618330075,-0.2261017477459612,-1.6517654653850478
1731072729.23,1.5345349014458474,0.24658316578737774,-0.16079260305988133,-0.15383988727809422,1.704198126648515,-0.40881180358707603,-0.7397078647299741,-0.1264435866502287,-0.3898714456489591,1.7013570966204608,0.519442976377961,0.08056711470374513,-0.2200071895867306,2.4919800610788054,1.7004480342240345,-0.9000588213515957,-0.07859175160972551,6.581873565763087,-0.3090017216565979,-1.6446189066364847
1731072729.73,-0.4742677878317513,-0.06851841717664915,-0.16079260305988133,-0.26894443596817263,1.7046575099150632,1.3238737872461357,-0.30203389475843373,-0.1264435866502287,-0.2506247872835964,1.7017802680047278,0.039132064401382796,0.47726567884893956,-0.2200071895867306,0.23071096353381867,1.700855922465795,-0.9000588213515957,-0.061893960260245816,-0.10618487618330075,-0.16233253704547132,-1.6441076528451128
1731072730.23,-0.4742677878317513,0.6485237676784987,-0.16079260305988133,-0.016810662647048495,1.702161129164576,-0.40881180358707603,-0.5646382767413578,-0.1264435866502287,-0.17564581739455495,1.6977230561615544,-0.5212306662379566,0.9660549810992688,1.8826579511731376,0.028926327350625756,1.7010313061051512,0.9891212088601449,0.8792542794376997,-0.10618487618330075,-0.32494402433172037,-1.655885088334974
1731072730.73,-0.4742677878317513,0.09275404654509704,-0.16079260305988133,-0.028991038169808126,1.7048258830023189,-0.40881180358707603,-0.7713176514501406,-0.1264435866502287,-0.27561777724661024,1.7008351878217898,-0.040919754261378345,0.9046611556958457,-0.2200071895867306,0.10899959567728967,1.7019821942720448,-0.9000588213515957,-0.0527860740696207,-0.10618487618330075,-0.3345094059367939,-1.643527263959675
1731072731.23,1.5345349014458474,0.1523008023808187,-0.16079260305988133,-0.23849349716127358,1.7057992998786873,1.3238737872461357,-0.9074828865523977,-0.1264435866502287,-0.22206137018300917,1.7024635658961422,-0.040919754261378345,0.7228409804626317,-0.2200071895867306,-0.02232056437843908,1.7021897767708798,0.9600569007030418,0.21286060649028338,-0.10618487618330075,-0.2579863530962061,-1.6426234849033985
1731072731.73,-2.196098664355413,0.45003458155942677,4.2614553726044715,0.016685370040540493,1.7028596209549711,-0.40881180358707603,-0.32391759325701075,-0.1264435866502287,1.0204472736925347,1.6982771227656448,0.519442976377961,0.878686844948244,-0.2200071895867306,-0.015914702912305966,1.7020235910882733,-0.9000588213515957,0.6287874091955045,-0.10618487618330075,-0.21653636614088767,-1.6584669272000256
1731072732.23,-0.18729597507781445,0.26395096957279657,-0.16079260305988133,-0.09902819742567594,1.7044713852074673,-0.40881180358707603,-0.46494587247006247,-0.1264435866502287,-0.3755897370986655,1.7004788527745676,-0.040919754261378345,0.989667990869816,-0.2200071895867306,0.04494098101595854,1.7025041664856921,0.9600569007030418,0.32367322180955754,-0.10618487618330075,1.623205362568244,-1.6532947110464296
1731072732.73,-0.4742677878317513,0.6336370787195683,-0.16079260305988133,-0.2223544995936171,1.7048583430296722,-0.16128529061090793,-0.5962480634615246,-0.1264435866502287,-0.17564581739455495,1.7006231887693515,0.039132064401382796,1.8940462650817775,-0.2200071895867306,0.048143911749025096,1.7030018481646514,-0.9000588213515957,0.3570688045085169,-0.10618487618330075,-0.35364016914694085,-1.6523928979482512
1731072733.23,-0.4742677878317513,0.544316944965986,-0.16079260305988133,-0.06857725861877687,1.7041484089227574,1.3238737872461357,-0.28258171831525414,-0.1264435866502287,-0.10423727464308685,1.6994214864351662,0.519442976377961,1.4406764774872696,-0.2200071895867306,0.04173805028289198,1.7032343295189387,0.9891212088601449,0.09597606704392567,-0.10618487618330075,0.006655871310826652,-1.6573481481869845
1731072733.73,1.5345349014458474,0.06546178345372461,-0.16079260305988133,1.4691951511296253,1.704145296527949,-0.40881180358707603,-0.3871371666973444,-0.1264435866502287,-0.36844888282351873,1.6997414776044657,-0.040919754261378345,1.1360686514472094,-0.2200071895867306,1.0378495082665902,1.7032680418537582,-0.9291231295086987,0.25991801847518053,-0.10618487618330075,0.1054981478965859,-1.6612074205299063
1731072734.23,-0.4742677878317513,-0.061075072697183944,-0.16079260305988133,-0.20408393630947766,1.7050952221752629,-0.16128529061090793,-0.139121917046805,-0.1264435866502287,-0.1470824002939677,1.7004698066607888,-0.040919754261378345,1.4406764774872696,-0.2200071895867306,0.3620311235895474,1.7039621669068177,0.9600569007030418,0.20223473926788738,-0.10618487618330075,-0.35682862968196527,-1.6568626244643934
1731072734.73,-0.4742677878317513,0.9611442358160373,-0.16079260305988133,0.0014599006370909534,1.705154029535641,-0.40881180358707603,0.3958129351406333,-0.1264435866502287,-0.0328287318916189,1.700633568614218,0.039132064401382796,1.8161233328389712,-0.2200071895867306,0.5157717987767421,1.7041420403646252,-0.9000588213515957,0.19009089101372031,-0.10618487618330075,-0.2739286557713286,-1.659440741291077
1731072735.23,1.5345349014458474,0.04561286484181738,-0.16079260305988133,-0.09902819742567594,1.7071834134488222,1.3238737872461357,-0.19018388021015112,-0.1264435866502287,-0.4255757170246931,1.7036754960343605,-0.040919754261378345,0.19627086257942672,-0.2200071895867306,9.995075302681723e-05,1.7045384492164162,-0.9000588213515957,0.7411180055465497,-0.10618487618330075,-0.19102868186069172,-1.6533794721740604
1731072735.73,-0.4742677878317513,0.03568840553586377,-0.16079260305988133,-0.18124573220430337,1.7086258019421738,-0.40881180358707603,-0.11723821854822794,-0.1264435866502287,-0.33274461144778467,1.7053404110253174,0.519442976377961,0.13959963913011342,-0.2200071895867306,0.11220252641035616,1.7051639304648794,0.9309925925459387,0.44207574228768626,-0.10618487618330075,-0.2484209714911326,-1.64776492239917
1731072736.23,-0.4742677878317513,0.42522343329454276,-0.16079260305988133,-0.07162235249946677,1.7069762566485327,-0.40881180358707603,1.0109880151561867,-0.1264435866502287,-0.10066684750551352,1.7020426434878542,0.039132064401382796,1.183294670988304,-0.2200071895867306,0.27234906306368384,1.7057019326920728,0.9600569007030418,0.39653631133455985,-0.10618487618330075,-0.20059406346576525,-1.6538789894484496
1731072736.73,-0.4742677878317513,0.23665870648142412,-0.16079260305988133,-0.23270781878796276,1.7081848987846455,-0.40881180358707603,0.04081071505260617,-0.1264435866502287,3.1055767220354022,1.704226201631437,-0.040919754261378345,0.46309787298661115,-0.2200071895867306,-0.05755280244217113,1.705815915239535,-0.9000588213515957,-0.40495767344046485,-0.10618487618330075,2.4107551147192936,-1.6528081151281395
1731072737.23,1.5345349014458474,1.1248978143642718,-0.16079260305988133,-0.047261601453947574,1.7084831309199875,1.3238737872461357,0.34231944992188945,-0.1264435866502287,-0.4112940084743995,1.7041898049992417,0.519442976377961,1.006197097709199,-0.2200071895867306,0.012911673685293043,1.706332689147079,0.9600569007030418,0.3358170700637246,-0.10618487618330075,0.2457904114376635,-1.652086784171982
1731072737.73,-0.4742677878317513,0.43514789260049636,-0.16079260305988133,-0.03203613205049803,1.7084066819600108,-0.40881180358707603,0.22803791331820938,-0.1264435866502287,0.6348411428346076,1.7037911426303596,0.039132064401382796,0.6520019511509897,-0.2200071895867306,0.1826670025378204,1.7067037922752644,-0.9291231295086987,0.15517732728298989,-0.10618487618330075,0.21071734555239413,-1.6537651412463024
1731072738.23,-0.4742677878317513,0.34086552919393703,-0.16079260305988133,-0.19403512650320096,1.7098523393309757,-0.40881180358707603,0.17697595015486298,-0.1264435866502287,0.4134746603050564,1.7066534202132955,-0.040919754261378345,0.5197690964359247,-0.2200071895867306,0.6086567900356721,1.7066560140078506,0.9891212088601449,-0.3245046787566081,-0.10618487618330075,0.650724899385774,-1.6530149766245406
1731072738.73,-0.4742677878317513,0.42522343329454276,-0.16079260305988133,-0.18246376975657935,1.7107382890711957,-0.40881180358707603,-0.7567285191177562,-0.1264435866502287,0.39919295175476277,1.7066389200672007,-0.040919754261378345,1.3108049237492592,-0.2200071895867306,-0.015914702912305966,1.7077098341050054,-0.9000588213515957,0.3464429372861209,-0.10618487618330075,0.4498518856792311,-1.6462952801501425
1731072739.23,-0.18729597507781445,0.9015974799803156,-0.16079260305988133,1.5361872165048032,1.709805829959105,1.3238737872461357,-0.6691937251234481,-0.1264435866502287,-0.3291741843102112,1.7056696144701784,0.519442976377961,0.6921440677609199,-0.2200071895867306,0.1250142493426224,1.7076030236070763,0.9600569007030418,-0.3988857493133813,-0.10618487618330075,-0.09218640527493245,-1.6545064929357085
1731072739.73,1.5345349014458474,1.1298600440172486,-0.16079260305988133,-0.10511838518705575,1.712796267778111,-0.40881180358707603,-0.528165445910396,-0.1264435866502287,-0.3291741843102112,1.7093714724524869,0.039132064401382796,1.0746748260437864,-0.2200071895867306,-0.060755733175237685,1.7085251708071194,-0.9000588213515957,0.6515571246720676,-0.10618487618330075,0.5518826228000147,-1.641188259981948
1731072740.23,-0.4742677878317513,0.45995904086538036,-0.16079260305988133,0.044091214966749594,1.7120519070493354,-0.40881180358707603,-0.22908823309651027,-0.1264435866502287,-0.2541952144211698,1.7083294912787335,-0.040919754261378345,1.2305206905293982,-0.2200071895867306,0.15063769520715484,1.7086352314119244,-0.9000588213515957,-0.18788638589722897,-0.10618487618330075,0.7591325575766067,-1.6471539125970138
1731072740.73,-0.4742677878317513,0.6832593752493363,-0.16079260305988133,-0.21139216162313343,1.7115372751855544,-0.40881180358707603,-0.012682770166137686,-0.1264435866502287,-0.22563179732058264,1.7074977828571944,0.039132064401382796,1.3037210208180952,-0.2200071895867306,-0.0671615946413708,1.7088412910837556,0.9600569007030418,0.2796517718882021,-0.10618487618330075,-0.4205978403824551,-1.6516000239274904
1731072741.23,-0.18729597507781445,0.24658316578737774,-0.16079260305988133,-0.18246376975657935,1.7140022946022446,1.3238737872461357,-0.2534034536504848,-0.1264435866502287,2.445047701584323,1.7106339134173438,0.519442976377961,1.563464128294115,-0.2200071895867306,-0.03192935657763875,1.7095917827378686,0.9600569007030418,0.6318233712590463,-0.10618487618330075,0.5199980174497698,-1.6414103366392
1731072741.73,-0.4742677878317513,-0.4555723301088396,-0.16079260305988133,-0.08075763414153649,1.7113026963574332,-0.40881180358707603,0.22560639126281193,-0.1264435866502287,-0.4005827270616793,1.7072963611293521,-0.040919754261378345,1.969607896347529,-0.2200071895867306,0.057752703948224765,1.7091706234042578,-0.9000588213515957,0.06106250331319523,-0.10618487618330075,-0.11769408955512842,-1.658239589558202
1731072742.23,1.5345349014458474,0.6758160307698712,-0.16079260305988133,-0.2135237273396164,1.713456546789765,-0.40881180358707603,0.9064325667740968,-0.1264435866502287,-0.13994154601882092,1.7103387699749284,-0.040919754261378345,2.3497773536533404,-0.2200071895867306,0.10579666494422305,1.709683174069983,0.9891212088601449,0.824606962293948,-0.10618487618330075,-0.3440747875418674,-1.6508892931063142
1731072742.73,-0.4742677878317513,-0.22979088089839506,-0.16079260305988133,-0.06553216473808696,1.7137546145490372,-0.40881180358707603,0.9283162652726735,-0.1264435866502287,-0.17564581739455495,1.7099984746232069,-0.040919754261378345,2.1561506735348526,-0.2200071895867306,0.15063769520715484,1.710371352169242,-0.9000588213515957,0.08990414291684215,-0.10618487618330075,-0.3281324848667449,-1.6489280267834987
1731072743.23,-0.4742677878317513,-0.1851308140216038,-0.16079260305988133,-0.03508122593118794,1.7133847073871575,1.3238737872461357,-0.09049147593885602,-0.1264435866502287,-0.21135008877028902,1.7101411757360685,-0.040919754261378345,2.1254537608331407,1.8169496655243917,2.3734716239553433,1.7101624744120378,0.9600569007030418,-0.2501236081998349,-0.10618487618330075,-0.2675517347012796,-1.6558587312589481
1731072743.73,1.5345349014458474,0.20440421373707518,-0.16079260305988133,-0.22966272490727285,1.7127056342431846,-0.40881180358707603,-0.029703424553919822,-0.1264435866502287,0.06000237368528965,1.7083953662503324,-1.5619043088538742,0.3285037172944917,4.182447948879244,0.39726336165327947,1.710731003847795,-0.9000588213515957,-0.18788638589722897,-0.10618487618330075,-0.20697098453581425,-1.6582710319873055
1731072744.23,-0.4742677878317513,1.462329430766694,-0.16079260305988133,-0.07466744638015668,1.7127122404606223,-0.16128529061090793,0.18913356043185023,-0.1264435866502287,-0.4327165712998399,1.7087984579708966,0.519442976377961,-0.17209208984111093,-0.2200071895867306,0.6438890280994042,1.7107270286508118,0.9600569007030418,-0.1286851256581646,-0.10618487618330075,-0.14320177383532437,-1.662366797421561
1731072744.73,-0.18729597507781445,0.09275404654509704,-0.16079260305988133,-0.11120857294843557,1.7126819783307028,-0.40881180358707603,0.3958129351406333,-0.1264435866502287,-0.16850496311940816,1.7084013119484496,-0.040919754261378345,-0.035136633171936736,-0.2200071895867306,-0.07356745610750391,1.7111404213305805,-0.9000588213515957,0.8655924501517617,-0.10618487618330075,-0.3632055507520143,-1.6635735489902554
1731072745.23,1.5345349014458474,-0.32903547395793104,-0.16079260305988133,1.3687070530668584,1.7132095961383258,1.3238737872461357,0.31070966320172233,-0.1264435866502287,-0.011406169066178464,1.7090494056414307,0.519442976377961,0.0569541049331978,-0.2200071895867306,0.14102890300795523,1.711485031668938,0.9600569007030418,0.004897205137672792,-0.10618487618330075,-0.2994363400515244,-1.663275751010117
1731072745.73,-0.4742677878317513,-0.29429986638709354,-0.16079260305988133,-0.1264340423518851,1.716313038615269,-0.16128529061090793,0.4760531629687488,-0.1264435866502287,-0.38630101851138565,1.713062986833382,-0.040919754261378345,0.5551886110917457,-0.2200071895867306,0.2979725089282163,1.712336703653904,-0.9000588213515957,0.32974514593664106,-0.10618487618330075,1.3745054408363333,-1.650061666806479
1731072746.23,-0.18729597507781445,-0.5424113490359336,-0.16079260305988133,-0.2190048963248582,1.7165647475205863,-0.40881180358707603,0.8772543021093274,-0.1264435866502287,2.248674209017785,1.7127140063379638,0.039132064401382796,0.5882468247705119,-0.2200071895867306,-0.03513228731070531,1.7129863802333052,0.9600569007030418,-0.17422455661129102,-0.10618487618330075,2.6658319575212523,-1.6485462619082023
1731072746.73,-0.4742677878317513,-0.12062182853290533,-0.16079260305988133,-0.06248707085739705,1.715006075771634,-1.8939708814441196,-0.017545814276932584,3.6343820078787594,-0.15422325456911454,1.7114592831375817,-0.040919754261378345,0.3780910378126411,-0.2200071895867306,0.08017321907969059,1.7124556451941362,-0.9000588213515957,-0.07859175160972551,-0.10618487618330075,-0.2611748136312306,-1.6620729193572317
1731072747.23,1.5345349014458474,-0.2818942922546515,-0.16079260305988133,-0.08989291578360621,1.7159378291587635,-0.40881180358707603,-0.314191505035421,-0.1264435866502287,-0.2577656415587432,1.7124206334864434,0.519442976377961,0.49851738764243214,-0.2200071895867306,0.2371168249999518,1.7130010601017585,0.9600569007030418,1.0234624774559333,-0.10618487618330075,-0.3759593928921122,-1.6588709131376655
1731072747.73,-0.4742677878317513,-0.2744509477751863,-0.16079260305988133,-0.224790574698169,1.7149776311544511,1.3238737872461357,-1.012038334934488,-0.1264435866502287,-0.1470824002939677,1.7104657355799053,-0.040919754261378345,0.2600259889599045,-0.2200071895867306,0.9994143394697915,1.7134248428216716,-0.9000588213515957,-0.1119873343086849,-0.10618487618330075,-0.14320177383532437,-1.6633410393905026
1731072748.23,-0.4742677878317513,-0.16031966575671977,-0.16079260305988133,-0.1416595117553346,1.7150084068965876,-0.40881180358707603,-0.7737491735055381,-0.1264435866502287,0.3027914190402809,1.7100985569930318,0.039132064401382796,0.06167670688730727,-0.2200071895867306,0.022520465884492715,1.7138783057274407,0.9891212088601449,0.4663634387960204,-0.10618487618330075,-0.00928643136429575,-1.6640391547159297
1731072748.73,-0.4742677878317513,-0.25460202916327906,-0.16079260305988133,0.0014599006370909534,1.717766144520726,-0.40881180358707603,-1.077689430430219,-0.1264435866502287,-0.34702631999807826,1.7136806873739077,-0.040919754261378345,0.03806369711675995,-0.2200071895867306,0.1250142493426224,1.7146504842241728,-0.9000588213515957,-0.36093622351910926,-0.10618487618330075,-0.3855247744971857,-1.6526411997905728
1731072749.23,1.5345349014458474,0.3507899884998907,-0.16079260305988133,-0.21200118039927143,1.7158679344843824,1.3238737872461357,-0.47467196069165224,-0.1264435866502287,-0.1256598374685273,1.7115581119147936,0.519442976377961,-0.09180785662125031,-0.2200071895867306,-0.01271177217923941,1.71429246832361,0.9600569007030418,0.16428521347361516,-0.10618487618330075,-0.27074019523630405,-1.6661363601958934
1731072749.73,-2.196098664355413,0.028245061056398565,4.2614553726044715,-0.07466744638015668,1.7155844905882853,-1.8939708814441196,0.41526511158381285,3.6343820078787594,-0.26490649583389003,1.7109681527747438,-0.040919754261378345,0.20807736746470037,-0.2200071895867306,0.08657908054582371,1.7145781026259665,-0.9000588213515957,0.0033792241059019115,-0.10618487618330075,-0.04754795778458968,-1.6691769903605442
1731072750.23,-0.4742677878317513,-0.1776874695421386,-0.16079260305988133,0.041046121086059685,1.719159273658481,-0.40881180358707603,0.10646181054833725,-0.1264435866502287,-0.1506528274315412,1.715392982409231,-0.040919754261378345,0.6260276404033874,-0.2200071895867306,-0.015914702912305966,1.7156379866643305,-0.87099451319449,0.37832053895330925,-0.10618487618330075,-0.23885558988605912,-1.6527638134991491
1731072750.73,-0.4742677878317513,0.3334221847144718,-0.16079260305988133,0.23897722333090357,1.7192766786262796,-0.40881180358707603,-0.5403230561873833,-0.1264435866502287,0.6062777257340203,1.7152639199368858,-0.040919754261378345,0.7700670000037263,-0.2200071895867306,-0.060755733175237685,1.7160379705574553,-0.9291231295086987,0.17642906172778222,6.581873565763087,2.602062746820763,-1.653538014260557
1731072751.23,-0.4742677878317513,-0.021377235473369494,-0.16079260305988133,-0.1477496995167144,1.7172631781080305,-0.40881180358707603,-0.8855991880538207,-0.1264435866502287,-0.1506528274315412,1.7126404312779777,0.519442976377961,0.22224517332702876,-0.2200071895867306,0.0257233966175592,1.7158549877787066,0.9600569007030418,-0.4990724974102593,-0.10618487618330075,-0.2994363400515244,-1.6661805654409456
1731072751.73,1.5345349014458474,-0.11565959887992854,-0.16079260305988133,-0.15688498115878413,1.7171475748563834,1.3238737872461357,-0.26312954187207455,-0.1264435866502287,-0.0221174504788986,1.7124105260262694,-0.040919754261378345,0.27183249384517816,-0.2200071895867306,-0.009508841446172853,1.7160942113077013,-0.9000588213515957,0.02311297751892337,-0.10618487618330075,-0.21972482667591223,-1.6689544723289567
1731072752.23,-0.4742677878317513,0.4004122850296587,-0.16079260305988133,1.9411847026365605,1.7178351427579308,-0.40881180358707603,-0.4722404386362548,-0.1264435866502287,-0.4148644356119729,1.7134164780971617,-0.040919754261378345,0.673253659944482,-0.2200071895867306,0.278754924529817,1.7163862974043202,0.9600569007030418,-0.0876996378003508,-0.10618487618330075,-0.18465176079064272,-1.6684621693634591
1731072752.73,-0.4742677878317513,0.31357326610256464,-0.16079260305988133,-0.1416595117553346,1.7194128731524474,-0.40881180358707603,-0.7153926441759996,-0.1264435866502287,0.09213621792345023,1.7159668832551518,-0.040919754261378345,0.7700670000037263,-0.2200071895867306,2.3414423166246774,1.7166383535295582,-0.9000588213515957,0.17339309966424046,-0.10618487618330075,-0.22929020828098565,-1.665063310914981
1731072753.23,1.5345349014458474,0.1473385727278419,-0.16079260305988133,-0.2095651052947195,1.720187482526089,1.3238737872461357,-0.43576760780529333,-0.1264435866502287,-0.03996958616676571,1.716136507660459,0.519442976377961,0.8409060293153683,-0.2200071895867306,0.28836371672901673,1.7174837156950553,-0.9000588213515957,0.28116975291997287,-0.10618487618330075,-0.27074019523630405,-1.6602559011105256
1731072753.73,-0.4742677878317513,0.03568840553586377,-0.16079260305988133,-0.2092605959066505,1.719572239285676,-0.16128529061090793,-0.5743643649629476,-0.1264435866502287,-0.3648784556859453,1.715310588249558,-0.040919754261378345,0.734647485347905,-0.2200071895867306,0.26594320159755075,1.7175925462955746,0.9600569007030418,0.048918655059028184,-0.10618487618330075,-0.39509015610225917,-1.6657669862292943
1731072754.23,-0.4742677878317513,-0.056112843044207134,-0.16079260305988133,-0.20895608651858152,1.722511501371499,-0.16128529061090793,-0.462514350414665,-0.1264435866502287,-0.2684769229714634,1.7191204811707874,0.039132064401382796,0.9518871752369403,-0.2200071895867306,-0.01911763364537252,1.7184057391337477,0.9600569007030418,0.5452984524481062,-0.10618487618330075,-0.08580948420488346,-1.6534200300730286
1731072754.73,-0.4742677878317513,-0.09581068026802131,-0.16079260305988133,0.16284987631365594,1.7214821885351859,-0.40881180358707603,-0.3312121594232031,-0.1264435866502287,-0.11137812891823366,1.7172015394014124,-0.040919754261378345,1.2352432924835077,-0.2200071895867306,0.1218113186095559,1.7187445394391208,-0.9000588213515957,0.21134262545851265,-0.10618487618330075,0.11187506896663489,-1.6587545782251973
1731072755.23,1.5345349014458474,-0.33647881843739624,-0.16079260305988133,0.02582065168261015,1.7207809841642552,1.3238737872461357,-0.28501324037065157,-0.1264435866502287,0.1349813435743311,1.7161426350658233,0.43939115771519704,1.4005343608773388,-0.2200071895867306,0.2755519937967505,1.71890453510425,0.9600569007030418,0.4390397802241445,-0.10618487618330075,2.0727782980066976,-1.6642043089166207
1731072755.73,-0.18729597507781445,-0.16280078058320818,-0.16079260305988133,-0.1477496995167144,1.7218890626031722,-0.40881180358707603,-0.5719328429075502,-0.1264435866502287,-0.318462902897491,1.7175618709757743,0.039132064401382796,1.7216712937567824,-0.2200071895867306,-0.10879969417123604,1.7193562164120495,-0.9000588213515957,0.22804041680799217,-0.10618487618330075,0.37970575390869227,-1.6610474711005094
1731072756.23,-0.4742677878317513,-0.07844287648260248,-0.16079260305988133,-0.016810662647048495,1.7212152399888947,-0.40881180358707603,-0.29960237270303625,-0.1264435866502287,-0.3505967471356517,1.7172809402811806,-0.040919754261378345,1.6248579536975383,-0.2200071895867306,0.10579666494422305,1.7191028625581743,0.9600569007030418,-0.415583540662861,-0.10618487618330075,0.1788327402021492,-1.6693882663840165
1731072756.73,-0.4742677878317513,0.19447975443112156,-0.16079260305988133,-0.11120857294843557,1.7230272397138608,-0.40881180358707603,-0.28258171831525414,-0.1264435866502287,-0.35773760141079847,1.7197027794229667,-0.040919754261378345,0.25766468798284975,-0.2200071895867306,0.17305821033862065,1.7196463246657148,-0.9000588213515957,-0.11350531534045578,-0.10618487618330075,-0.3058132611215734,-1.663039728420366
1731072757.23,1.5345349014458474,0.00839614244449134,-0.16079260305988133,-0.13252423011326486,1.7224282834353906,1.3238737872461357,-0.336075203533998,-0.1264435866502287,-0.3434558928605049,1.718886946002689,0.519442976377961,0.25766468798284975,-0.2200071895867306,1.547115494824172,1.719764706171846,-0.9000588213515957,-0.6523885816191182,-0.10618487618330075,-0.2739286557713286,-1.6684231464792663
1731072757.73,-0.4742677878317513,0.10515962067753905,-0.16079260305988133,1.5300970287434235,1.7247146291438702,-0.40881180358707603,0.050536803274195956,-0.1264435866502287,-0.2898994857969039,1.721307944025286,-0.040919754261378345,0.43003965930784516,-0.2200071895867306,-0.047944010242971534,1.7207516705507604,0.9600569007030418,-0.016354529307119545,-0.10618487618330075,-0.28987095844645094,-1.6571638467127403
1731072758.23,-0.4742677878317513,0.45995904086538036,-0.16079260305988133,-0.17302397872644062,1.7235864297875205,-0.40881180358707603,-0.17559474787776644,-0.1264435866502287,-0.31489247575991763,1.7194140346025621,-0.040919754261378345,0.5504660091376362,-0.2200071895867306,0.00650581221915993,1.7209839670554872,0.9600569007030418,0.38287448204862207,-0.10618487618330075,-0.3058132611215734,-1.6636242038200573
1731072758.73,-0.4742677878317513,0.3979311702031703,-0.16079260305988133,-0.15993007503947404,1.7239114584061026,-0.40881180358707603,0.12348246493611939,-0.1264435866502287,-0.3113220486223442,1.719572693868546,0.039132064401382796,0.6638084560362632,-0.2200071895867306,0.048143911749025096,1.7214154941141941,-0.9000588213515957,0.27509782879288935,-0.10618487618330075,-0.27074019523630405,-1.663425134078466
1731072759.23,1.5345349014458474,0.21680978786951718,-0.16079260305988133,-0.11120857294843557,1.724100876553433,-0.40881180358707603,-0.015114292221535135,-0.1264435866502287,-0.3613080285483719,1.719522208474225,0.519442976377961,0.9141063596040647,-0.2200071895867306,0.11860838787648927,1.7218383526567829,0.9600569007030418,0.5012770025267504,-0.10618487618330075,-0.03798257617951613,-1.6637758425922582
1731072759.73,-0.4742677878317513,1.0827188623139687,-0.16079260305988133,-0.19494865466740793,1.7227424938930644,1.3238737872461357,0.45173794241477433,-0.1264435866502287,-0.4005827270616793,1.7185502691491854,-0.040919754261378345,1.572909332202334,-0.2200071895867306,0.022520465884492715,1.721335634594738,-0.9000588213515957,-0.11046935327691401,-0.10618487618330075,1.7443668628991749,-1.6763774404172351
1731072760.23,-0.18729597507781445,0.6336370787195683,-0.16079260305988133,0.004504994517780862,1.7251895104542656,-0.40881180358707603,-0.36525346819876736,-0.1264435866502287,1.9916034551125001,1.7210039576696152,0.039132064401382796,0.8527125342006416,-0.2200071895867306,-0.07677038684057047,1.7224541124630535,0.9600569007030418,0.9597072741215563,-0.10618487618330075,-0.34726324807689185,-1.6635905653000103
1731072760.73,-0.4742677878317513,0.6088259304546842,-0.16079260305988133,0.031910839443989966,1.725113158302217,-0.40881180358707603,-0.7445709088407689,-0.1264435866502287,-0.3648784556859453,1.7209849162239519,-0.040919754261378345,1.051061816273239,-0.2200071895867306,0.11220252641035616,1.722611061257791,-0.9000588213515957,0.6014637506236287,-0.10618487618330075,-0.14639023437034893,-1.6668182154093123
1731072761.23,-0.18729597507781445,0.5592036339249162,-0.16079260305988133,-0.2193094057129272,1.7231118229565743,1.3238737872461357,-0.559775232630563,-0.1264435866502287,-0.09709642036794004,1.7184915766694422,-0.5212306662379566,1.2187141856441248,1.8826579511731376,0.16344941813942107,1.7223661739676477,0.9600569007030418,0.4132341026840397,-0.10618487618330075,0.025786634520973618,-1.67986478459841
1731072761.73,1.5345349014458474,0.5790525525368234,-0.16079260305988133,-0.09598310354498603,1.7254991016596153,-0.40881180358707603,-0.5695013208521528,-0.1264435866502287,-0.1970683802199954,1.721080651232048,0.519442976377961,1.1148169426537167,-0.2200071895867306,1.3229103435095133,1.7233524554741813,-0.9000588213515957,0.5210107559397721,-0.10618487618330075,-0.34726324807689185,-1.6682483817515994
1731072762.23,-0.4742677878317513,0.7775417386558957,-0.16079260305988133,-0.10207329130636585,1.7258708552600204,-0.40881180358707603,-0.5476176223535757,-0.1264435866502287,-0.16493453598183466,1.7209660131227793,-1.0015415782145318,1.4737346911660358,1.9483662368218837,-0.07356745610750391,1.723981718928859,0.9600569007030418,-0.3654901666144219,-0.10618487618330075,-0.28030557684137747,-1.666452402009692
1731072762.73,-0.18729597507781445,0.7080705235142204,-0.16079260305988133,-0.23636193144479065,1.7250479808770747,-0.40881180358707603,0.09187267821595257,-0.1264435866502287,-0.0221174504788986,1.7204748348115564,0.519442976377961,2.073505139337937,-0.2200071895867306,0.2979725089282163,1.7237079612345203,-0.9000588213515957,0.7517438727689457,-0.10618487618330075,-0.07943256313483447,-1.6754746380961434
1731072763.23,-0.4742677878317513,-0.5101568562915844,-0.16079260305988133,-0.12947913623257495,1.728082348238494,1.3238737872461357,-0.4333360857498959,-0.1264435866502287,-0.09352599323036671,1.724780543007106,-0.040919754261378345,1.5870771380646624,-0.2200071895867306,0.44210439191621126,1.7243302469176744,0.9600569007030418,-0.017872510338890427,-0.10618487618330075,-0.2675517347012796,-1.6641651601946479
1731072763.73,1.5345349014458474,-0.28685652190762834,-0.16079260305988133,-0.11425366682912548,1.7264217452575534,-0.40881180358707603,-0.2461088874842924,-0.1264435866502287,0.1314109164367576,1.7216408467723163,0.519442976377961,1.9200205758293794,-0.2200071895867306,-0.07997331757363703,1.7247680165920432,-0.9000588213515957,0.3418889941908081,-0.10618487618330075,-0.3695824718220632,-1.671053480518623
1731072764.23,-0.4742677878317513,2.2289939121516102,-0.16079260305988133,-0.2311852718476178,1.7285527559772083,-0.40881180358707603,0.17697595015486298,-0.1264435866502287,0.31707312759057454,1.7244013211938847,-0.040919754261378345,2.2860222272728628,-0.2200071895867306,0.060955634681291324,1.7254183501266136,0.9600569007030418,1.5668996868299085,-0.10618487618330075,0.443474964609182,-1.6627860273728614
1731072764.73,-0.4742677878317513,-0.053631728217718735,-0.16079260305988133,-0.11425366682912548,1.7276340422294474,-0.40881180358707603,0.3836553248636458,-0.1264435866502287,1.0918558164440029,1.7228421852921496,-0.040919754261378345,0.8621577381088605,-0.2200071895867306,0.09298494201195681,1.7256573818952856,-0.9000588213515957,0.8898801466600957,-0.10618487618330075,1.9994437057011338,-1.6684461868658058
1731072765.23,1.5345349014458474,-0.1826496991951154,-0.16079260305988133,-0.016810662647048495,1.7266577578223665,1.3238737872461357,0.0675574576619781,-0.1264435866502287,0.03500938372227573,1.7218215882891743,-0.040919754261378345,0.11362532838251137,-0.2200071895867306,-0.051146940976038086,1.7255390072325745,0.9600569007030418,1.1995482771413553,-0.10618487618330075,-0.14957869490537334,-1.6768961005465532
1731072765.73,-0.4742677878317513,0.1398952282483767,-0.16079260305988133,-0.21382823672768536,1.728563240440577,-0.40881180358707603,0.09430420027135002,-0.1264435866502287,-0.16136410884426133,1.7248615619713723,0.519442976377961,0.3450328241338748,-0.2200071895867306,0.0257233966175592,1.7258211766103002,-0.9000588213515957,0.36769467173091325,-0.10618487618330075,-0.25479789256118157,-1.672099293435809
1731072766.23,-0.4742677878317513,-0.22482865124541826,-0.16079260305988133,-0.09293800966429612,1.7289510433283433,-0.40881180358707603,0.3520455381434792,-0.1264435866502287,-0.3720193099610921,1.7249831773603084,-0.040919754261378345,0.12779313424483976,-0.2200071895867306,0.08978201127889034,1.7263321670663008,0.9600569007030418,0.6181615419731081,-0.10618487618330075,-0.05711333938966309,-1.6711006593383277
1731072766.73,-0.4742677878317513,-0.06851841717664915,-0.16079260305988133,-0.07466744638015668,1.731439252569116,-0.16128529061090793,0.3642031484204662,-0.1264435866502287,-0.1970683802199954,1.7277493647482172,-0.040919754261378345,0.6472793491968802,-0.2200071895867306,0.04173805028289198,1.7273127307788771,-0.9000588213515957,-0.3093248684388993,-0.10618487618330075,-0.3185671032616714,-1.6591635028209681
1731072767.23,-0.18729597507781445,-0.4952701673326539,-0.16079260305988133,-0.20408393630947766,1.7280225848377964,1.3238737872461357,0.5708825231292496,-0.1264435866502287,0.04215023799742254,1.7236935014859638,0.519442976377961,0.01445068734621263,-0.2200071895867306,-0.0031029799800397395,1.726627734977951,0.9600569007030418,-0.26226745645400196,-0.10618487618330075,-0.1814633002556183,-1.6804745436044082
1731072767.73,1.5345349014458474,-0.6019581048716552,-0.16079260305988133,-0.03203613205049803,1.7300477364437594,-0.40881180358707603,0.663280361234352,-0.1264435866502287,-0.4148644356119729,1.7266095726309674,-0.040919754261378345,0.8149317185677659,-0.2200071895867306,0.10899959567728967,1.727091493965251,-0.9291231295086987,0.6955785745934233,-0.10618487618330075,-0.02522873403941815,-1.6739352002332633
1731072768.23,-0.4742677878317513,-0.180168584368627,-0.16079260305988133,-0.0015851932435989545,1.7295350483252039,-0.16128529061090793,-0.3944317328635367,-0.1264435866502287,-0.300610767209624,1.7246216257013085,-0.040919754261378345,0.48434958178010373,-0.2200071895867306,0.03853511954982543,1.7279513058597022,0.9891212088601449,0.015523072360068961,-0.10618487618330075,-0.2452325109561081,-1.6736514798035762
1731072768.73,-0.4742677878317513,-0.3563277370493035,-0.16079260305988133,-0.13861441787464468,1.731638641552411,-0.40881180358707603,-0.554912188519768,-0.1264435866502287,0.47060149450623073,1.7285992547557796,-0.040919754261378345,0.5599112130458551,-0.2200071895867306,-0.054349871709104644,1.727889791679942,-0.9291231295086987,0.020077015455381604,-0.10618487618330075,0.1341942927118064,-1.6706253941539755
1731072769.23,1.5345349014458474,-0.12558405818588214,-0.16079260305988133,-0.15383988727809422,1.7305211201231636,1.3238737872461357,-1.0606687760424367,-0.1264435866502287,-0.3398854657229315,1.726022351892324,0.039132064401382796,-0.15320168202467307,-0.2200071895867306,0.2595373401314176,1.7285170819334335,0.9600569007030418,-0.6645324298732852,-0.10618487618330075,2.2959705354584115,-1.6741948368064936
1731072769.73,-0.4742677878317513,0.12252742446295788,-0.16079260305988133,-0.15688498115878413,1.731302563451876,-0.40881180358707603,-0.985291592325116,-0.1264435866502287,3.9981835064287528,1.7277101096878857,0.519442976377961,0.3946201446520242,-0.2200071895867306,0.33640767772501495,1.7285125045568093,-0.9000588213515957,-0.04519616891076629,-0.10618487618330075,-0.3345094059367939,-1.6755071173845857
1731072770.23,-0.4742677878317513,-0.0263394651263463,-0.16079260305988133,-0.12947913623257495,1.7326596687928704,-0.40881180358707603,-0.4868295709686395,-0.1264435866502287,0.3456365446911618,1.7285126162143383,-0.040919754261378345,0.3639232319503127,-0.2200071895867306,-0.08317624830670359,1.7295443032481308,-0.9000588213515957,0.1521413652194481,-0.10618487618330075,-0.20059406346576525,-1.6672637954657223
1731072770.73,-0.18729597507781445,-0.12310294335939374,-0.16079260305988133,-0.21200118039927143,1.7308223403043563,-0.40881180358707603,-0.7251187323975894,-0.1264435866502287,0.03500938372227573,1.7258208652803075,0.039132064401382796,0.09001231861196404,-0.2200071895867306,0.1698552796055542,1.7295644414589242,0.9600569007030418,0.18705492895017856,-0.10618487618330075,-0.2516094320261571,-1.6778063367589209
1731072771.23,-0.4742677878317513,-0.07844287648260248,-0.16079260305988133,0.041046121086059685,1.7315114215380556,1.3238737872461357,-0.7810437396717305,-0.1264435866502287,0.020727675171982107,1.726754270630125,0.519442976377961,0.29308420263867074,-0.2200071895867306,2.3190218014932116,1.7298989390100794,0.9600569007030418,0.5574423007022733,-0.10618487618330075,-0.37914785342713675,-1.6770006857656774
1731072771.73,1.5345349014458474,0.5219869115275905,-0.16079260305988133,-0.047261601453947574,1.7328550409422958,-0.40881180358707603,-0.9001883203862053,-0.1264435866502287,0.25637586625182673,1.7288660196492807,-0.040919754261378345,0.13959963913011342,-0.2200071895867306,-0.05755280244217113,1.7301800766105915,-0.9000588213515957,-0.2956630391529614,-0.10618487618330075,-0.3823363139621612,-1.674228607140343
1731072772.23,-0.18729597507781445,0.07786735758616663,-0.16079260305988133,-0.20591099263789162,1.7321124112932815,-0.40881180358707603,-0.6643306810126531,-0.1264435866502287,-0.18992752594484857,1.7274095566907681,0.039132064401382796,0.2978068045927802,-0.2200071895867306,-0.028726425844572193,1.7305255535072062,0.9600569007030418,-0.21065610137379218,-0.10618487618330075,-0.18784022132566727,-1.678487888978512
1731072772.73,-0.4742677878317513,0.04313175001532898,-0.16079260305988133,-0.10207329130636585,1.73450896862845,-0.40881180358707603,-0.7980643940595126,-0.1264435866502287,-0.14351197315639438,1.7313531060305118,-0.040919754261378345,0.3214198143633275,-0.2200071895867306,0.10899959567728967,1.7307568015717119,-0.9000588213515957,-0.1377930118487899,-0.10618487618330075,0.05767123987121856,-1.6722926582412765
1731072773.23,1.5345349014458474,-0.028820579952834702,-0.16079260305988133,0.0836774354157184,1.7337549953254572,1.3238737872461357,-0.4552197842484729,-0.1264435866502287,-0.16136410884426133,1.7302978030346976,0.519442976377961,0.4654591739636659,-0.2200071895867306,0.05454977321515821,1.7308655843361052,0.9600569007030418,-0.08314569470503816,-0.10618487618330075,-0.3058132611215734,-1.6783022563194645
1731072773.73,-0.4742677878317513,0.04561286484181738,-0.16079260305988133,1.3230306448565097,1.7354262920624042,-0.16128529061090793,-0.32878063736780566,-0.1264435866502287,-0.18278667166970178,1.7314354034712935,0.039132064401382796,0.5197690964359247,-0.2200071895867306,0.14423183374102172,1.7320016080166554,-0.9000588213515957,0.5559243196705022,-0.10618487618330075,2.130170587637138,-1.6681779766462919
1731072774.23,-0.4742677878317513,0.08282958723914342,-0.16079260305988133,0.02277555780192031,1.736429360791113,-0.40881180358707603,-0.717824166231397,-0.1264435866502287,0.7062496855860754,1.732561505855137,-0.5212306662379566,0.5504660091376362,1.8826579511731376,-0.0031029799800397395,1.7325205107190587,0.9600569007030418,-0.17118859454774926,-0.10618487618330075,-0.1240710106251774,-1.6649121119510208
1731072774.73,-0.4742677878317513,0.5914581266692654,-0.16079260305988133,-0.03508122593118794,1.7341554003471509,-0.40881180358707603,-0.4527882621930755,-0.1264435866502287,-0.0042653147910316535,1.7296312191052854,-0.040919754261378345,1.0250875055256368,-0.2200071895867306,0.00650581221915993,1.7322676512793918,-0.9000588213515957,-0.048232130974308056,-0.10618487618330075,-0.3217555637966959,-1.6789954677155539
1731072775.23,1.5345349014458474,0.20688532856356356,-0.16079260305988133,-0.17972318526395842,1.7365679068452542,1.3238737872461357,-0.7299817765083843,-0.1264435866502287,-0.17564581739455495,1.7332690642126276,0.519442976377961,0.7960413107513281,-0.2200071895867306,-0.03192935657763875,1.7326861364981643,0.9600569007030418,-0.048232130974308056,-0.10618487618330075,-0.28349403737640194,-1.6713898895517127
1731072775.73,-0.4742677878317513,-0.056112843044207134,-0.16079260305988133,-0.1958621828316149,1.7364077075541968,-0.16128529061090793,-0.4916926150794344,-0.1264435866502287,-0.31489247575991763,1.7325191074417783,-0.040919754261378345,0.9802227869615971,-0.2200071895867306,2.094816650178553,1.7331768882776637,-0.9000588213515957,-0.022426453434203072,-0.10618487618330075,-0.2994363400515244,-1.6725074488262108
1731072776.23,-0.4742677878317513,-0.07844287648260248,-0.16079260305988133,-0.225399593474307,1.735760655505169,-0.40881180358707603,-0.4309045636944985,-0.1264435866502287,-0.1934979530824219,1.7312181981912365,-0.040919754261378345,1.8893236631276682,-0.2200071895867306,0.14423183374102172,1.7335238382543994,0.9600569007030418,-0.06644790335555846,-0.10618487618330075,-0.1974056029307407,-1.6764131886441729
1731072776.73,-0.4742677878317513,-0.30422432569304714,-0.16079260305988133,-0.10207329130636585,1.7358083230438326,-0.40881180358707603,-0.46494587247006247,-0.1264435866502287,-0.1863570988072751,1.7316485013980916,-0.040919754261378345,1.2352432924835077,-0.2200071895867306,-0.11520555563736914,1.7335434057717087,-0.9000588213515957,-0.18029648073837456,-0.10618487618330075,-0.13363639223025095,-1.6801862201386224
