Time,Bitrate,Jitter,Datagrams,Delay,F4_X,F4_Y,F4_Z,C1_X,C1_Y,C1_Z,Distance
1731069778.8,8.32,0.911,0.0,1.09,9400.8,6599.2,0.0,5521.54,5762.02,0.0,3968.5675627359547
1731069779.3,7.68,0.521,0.0,1.01,9400.9,6599.1,0.0,5521.67,5762.21,0.0,3968.477071245341
1731069779.8,8.32,0.462,0.0,1.52,9401.0,6599.0,0.0,5521.8,5762.4,0.0,3968.386599110525
1731069780.3,7.68,0.854,0.0,0.863,9401.1,6598.9,0.0,5521.93,5762.59,0.0,3968.296146332831
1731069780.8,8.32,0.437,0.0,0.877,9401.2,6598.8,0.0,5522.06,5762.78,0.0,3968.2057129135837
1731069781.3,7.69,1.127,0.0,0.8,9401.3,6598.7,0.0,5522.19,5762.97,0.0,3968.1152988541044
1731069781.8,8.32,0.646,0.0,1.11,9401.4,6598.6,0.0,5522.32,5763.16,0.0,3968.0249041557186
1731069782.3,7.67,0.556,0.0,1.22,9401.5,6598.5,0.0,5522.45,5763.35,0.0,3967.9345288197487
1731069782.8,7.68,0.496,0.0,4.23,9401.6,6598.4,0.0,5522.58,5763.54,0.0,3967.8441728475177
1731069783.3,8.32,0.498,0.0,0.949,9401.7,6598.3,0.0,5522.71,5763.73,0.0,3967.753836240349
1731069783.8,8.32,1.209,0.0,0.802,9401.8,6598.2,0.0,5522.84,5763.92,0.0,3967.6635189995627
1731069784.3,7.68,0.763,0.0,0.82,9401.9,6598.1,0.0,5522.97,5764.11,0.0,3967.573221126486
1731069784.8,8.32,0.692,0.0,1.18,9402.0,6598.0,0.0,5523.1,5764.3,0.0,3967.482942622438
1731069785.3,7.69,0.695,0.0,0.9,9402.1,6597.9,0.0,5523.23,5764.49,0.0,3967.3926834887425
1731069785.8,8.32,0.699,0.0,1.72,9402.2,6597.8,0.0,5523.36,5764.68,0.0,3967.3024437267204
1731069786.3,7.68,0.949,0.0,0.85,9402.3,6597.7,0.0,5523.49,5764.87,0.0,3967.2122233376926
1731069786.8,7.67,0.724,0.0,0.78,9402.4,6597.6,0.0,5523.62,5765.06,0.0,3967.1220223229834
1731069787.3,8.33,0.813,0.0,1.06,9402.5,6597.5,0.0,5523.75,5765.25,0.0,3967.0318406839137
1731069787.8,8.31,0.572,0.0,1.03,9402.6,6597.4,0.0,5523.88,5765.44,0.0,3966.9416784218047
1731069788.3,7.69,0.656,0.0,0.784,9402.7,6597.3,0.0,5524.01,5765.63,0.0,3966.851535537977
1731069788.8,8.32,0.654,0.0,1.25,9402.8,6597.2,0.0,5524.14,5765.82,0.0,3966.76141203375
1731069789.3,7.68,0.678,0.0,1.13,9402.9,6597.1,0.0,5524.27,5766.01,0.0,3966.6713079104493
1731069789.8,8.32,0.701,0.0,1.47,9403.0,6597.0,0.0,5524.4,5766.2,0.0,3966.5812231693935
1731069790.3,7.68,0.447,0.0,5.12,9403.1,6596.9,0.0,5524.53,5766.39,0.0,3966.491157811902
1731069790.8,8.32,0.608,0.0,0.865,9403.2,6596.8,0.0,5524.66,5766.58,0.0,3966.4011118392964
1731069791.3,7.68,0.632,0.0,3.7,9403.3,6596.7,0.0,5524.79,5766.77,0.0,3966.3110852528944
1731069791.8,8.32,0.679,0.0,0.898,9403.4,6596.6,0.0,5524.92,5766.96,0.0,3966.2210780540204
1731069792.3,7.68,0.734,0.0,1.63,9403.5,6596.5,0.0,5525.05,5767.15,0.0,3966.1310902439923
1731069792.8,8.32,0.402,0.0,0.903,9403.6,6596.4,0.0,5525.18,5767.34,0.0,3966.0411218241297
1731069793.3,7.68,0.756,0.0,1.06,9403.7,6596.3,0.0,5525.31,5767.53,0.0,3965.9511727957524
1731069793.8,8.32,0.868,0.0,1.22,9403.8,6596.2,0.0,5525.44,5767.72,0.0,3965.8612431601787
1731069794.3,7.68,0.856,0.0,0.947,9403.9,6596.1,0.0,5525.57,5767.91,0.0,3965.77133291873
1731069794.8,8.32,0.808,0.0,0.834,9404.0,6596.0,0.0,5525.7,5768.1,0.0,3965.681442072724
1731069795.3,7.68,0.485,0.0,0.851,9404.1,6595.9,0.0,5525.83,5768.29,0.0,3965.5915706234805
1731069795.8,8.32,0.819,0.0,0.869,9404.2,6595.8,0.0,5525.96,5768.48,0.0,3965.5017185723177
1731069796.3,7.69,0.552,0.0,0.941,9404.3,6595.7,0.0,5526.09,5768.67,0.0,3965.411885920553
1731069796.8,8.32,0.941,0.0,1.12,9404.4,6595.6,0.0,5526.22,5768.86,0.0,3965.322072669507
1731069797.3,7.67,1.105,0.0,1.75,9404.5,6595.5,0.0,5526.35,5769.05,0.0,3965.2322788204974
1731069797.8,8.32,0.725,0.0,1.26,9404.6,6595.4,0.0,5526.48,5769.24,0.0,3965.1425043748436
1731069798.3,7.69,0.898,0.0,0.945,9404.7,6595.3,0.0,5526.61,5769.43,0.0,3965.0527493338604
1731069798.8,8.31,0.471,0.0,1.04,9404.8,6595.2,0.0,5526.74,5769.62,0.0,3964.9630136988662
1731069799.3,7.68,0.915,0.0,2.22,9404.9,6595.1,0.0,5526.87,5769.81,0.0,3964.873297471181
1731069799.8,7.68,0.566,0.0,2.13,9405.0,6595.0,0.0,5527.0,5770.0,0.0,3964.7836006521215
1731069800.3,8.32,0.511,0.0,3.28,9405.1,6594.9,0.0,5527.13,5770.19,0.0,3964.693923243004
1731069800.8,8.31,0.862,0.0,3.11,9405.2,6594.8,0.0,5527.26,5770.38,0.0,3964.604265245146
1731069801.3,7.68,0.53,0.0,0.936,9405.3,6594.7,0.0,5527.39,5770.57,0.0,3964.514626659863
1731069801.8,8.32,1.01,0.0,1.23,9405.4,6594.6,0.0,5527.52,5770.76,0.0,3964.425007488475
1731069802.3,7.68,0.598,0.0,1.52,9405.5,6594.5,0.0,5527.65,5770.95,0.0,3964.335407732298
1731069802.8,8.33,0.496,0.0,2.76,9405.6,6594.4,0.0,5527.78,5771.14,0.0,3964.245827392646
1731069803.3,7.67,0.62,0.0,0.726,9405.7,6594.3,0.0,5527.91,5771.33,0.0,3964.156266470837
1731069803.8,8.32,0.478,0.0,0.911,9405.8,6594.2,0.0,5528.04,5771.52,0.0,3964.066724968185
1731069804.3,7.68,1.082,0.0,5.22,9405.9,6594.1,0.0,5528.17,5771.71,0.0,3963.97720288601
1731069804.8,8.32,0.707,0.0,2.07,9406.0,6594.0,0.0,5528.3,5771.9,0.0,3963.887700225626
1731069805.3,7.68,0.575,0.0,1.08,9406.1,6593.9,0.0,5528.43,5772.09,0.0,3963.798216988347
1731069805.8,8.32,0.374,0.0,0.981,9406.2,6593.8,0.0,5528.56,5772.28,0.0,3963.708753175491
1731069806.3,7.68,0.505,0.0,0.715,9406.3,6593.7,0.0,5528.69,5772.47,0.0,3963.6193087883703
1731069806.8,8.32,1.269,0.0,3.34,9406.4,6593.6,0.0,5528.82,5772.66,0.0,3963.529883828303
1731069807.3,7.68,0.749,0.0,0.87,9406.5,6593.5,0.0,5528.95,5772.85,0.0,3963.4404782966026
1731069807.8,8.33,0.776,0.0,2.4,9406.6,6593.4,0.0,5529.08,5773.04,0.0,3963.351092194584
1731069808.3,7.67,0.64,0.0,2.15,9406.7,6593.3,0.0,5529.21,5773.23,0.0,3963.2617255235627
1731069808.8,8.33,0.617,0.0,1.17,9406.8,6593.2,0.0,5529.34,5773.42,0.0,3963.17237828485
1731069809.3,7.67,0.556,0.0,3.06,9406.9,6593.1,0.0,5529.47,5773.61,0.0,3963.0830504797646
1731069809.8,8.33,0.617,0.0,0.803,9407.0,6593.0,0.0,5529.6,5773.8,0.0,3962.993742109619
1731069810.3,7.67,0.636,0.0,0.978,9407.1,6592.9,0.0,5529.73,5773.99,0.0,3962.9044531757268
1731069810.8,8.32,0.465,0.0,1.02,9407.2,6592.8,0.0,5529.86,5774.18,0.0,3962.8151836794013
1731069811.3,7.69,0.611,0.0,1.09,9407.3,6592.7,0.0,5529.99,5774.37,0.0,3962.725933621955
1731069811.8,8.31,0.502,0.0,1.66,9407.4,6592.6,0.0,5530.12,5774.56,0.0,3962.636703004705
1731069812.3,7.69,0.64,0.0,0.954,9407.5,6592.5,0.0,5530.25,5774.75,0.0,3962.5474918289624
1731069812.8,8.32,0.672,0.0,0.895,9407.6,6592.4,0.0,5530.38,5774.94,0.0,3962.4583000960406
1731069813.3,7.68,0.608,0.0,1.82,9407.7,6592.3,0.0,5530.51,5775.13,0.0,3962.369127807252
1731069813.8,8.33,0.713,0.0,4.45,9407.8,6592.2,0.0,5530.64,5775.32,0.0,3962.2799749639084
1731069814.3,7.67,0.705,0.0,6.62,9407.9,6592.1,0.0,5530.77,5775.51,0.0,3962.1908415673256
1731069814.8,8.32,0.761,0.0,0.72,9408.0,6592.0,0.0,5530.9,5775.7,0.0,3962.1017276188154
1731069815.3,7.69,0.793,0.0,1.08,9408.1,6591.9,0.0,5531.03,5775.89,0.0,3962.012633119688
1731069815.8,8.32,0.5,0.0,0.82,9408.2,6591.8,0.0,5531.16,5776.08,0.0,3961.9235580712566
1731069816.3,7.68,0.968,0.0,0.792,9408.3,6591.7,0.0,5531.29,5776.27,0.0,3961.8345024748314
1731069816.8,7.68,0.643,0.0,1.23,9408.4,6591.6,0.0,5531.42,5776.46,0.0,3961.7454663317276
1731069817.3,8.32,0.936,0.0,0.831,9408.5,6591.5,0.0,5531.55,5776.65,0.0,3961.6564496432547
1731069817.8,8.32,0.916,0.0,2.42,9408.6,6591.4,0.0,5531.68,5776.84,0.0,3961.567452410725
1731069818.3,7.68,0.458,0.0,0.987,9408.7,6591.3,0.0,5531.81,5777.03,0.0,3961.478474635449
1731069818.8,8.32,0.743,0.0,2.09,9408.8,6591.2,0.0,5531.94,5777.22,0.0,3961.389516318737
1731069819.3,7.68,0.492,0.0,0.818,9408.9,6591.1,0.0,5532.07,5777.41,0.0,3961.3005774619023
1731069819.8,8.32,0.908,0.0,1.37,9409.0,6591.0,0.0,5532.2,5777.6,0.0,3961.211658066254
1731069820.3,7.68,0.795,0.0,0.9,9409.1,6590.9,0.0,5532.33,5777.79,0.0,3961.122758133103
1731069820.8,8.32,0.495,0.0,0.856,9409.2,6590.8,0.0,5532.46,5777.98,0.0,3961.0338776637604
1731069821.3,7.68,0.863,0.0,0.816,9409.3,6590.7,0.0,5532.59,5778.17,0.0,3960.945016659534
1731069821.8,8.32,0.444,0.0,0.888,9409.4,6590.6,0.0,5532.72,5778.36,0.0,3960.8561751217367
1731069822.3,7.69,0.965,0.0,1.2,9409.5,6590.5,0.0,5532.85,5778.55,0.0,3960.767353051678
1731069822.8,8.31,0.556,0.0,0.887,9409.6,6590.4,0.0,5532.98,5778.74,0.0,3960.678550450668
1731069823.3,7.68,0.491,0.0,0.734,9409.7,6590.3,0.0,5533.11,5778.93,0.0,3960.5897673200147
1731069823.8,8.33,0.87,0.0,0.666,9409.8,6590.2,0.0,5533.24,5779.12,0.0,3960.501003661026
1731069824.3,7.68,0.492,0.0,0.748,9409.9,6590.1,0.0,5533.37,5779.31,0.0,3960.4122594750156
1731069824.8,7.68,1.092,0.0,0.919,9410.0,6590.0,0.0,5533.5,5779.5,0.0,3960.32353476329
1731069825.3,8.32,0.655,0.0,1.32,9410.1,6589.9,0.0,5533.63,5779.69,0.0,3960.2348295271586
1731069825.8,8.31,0.648,0.0,2.86,9410.2,6589.8,0.0,5533.76,5779.88,0.0,3960.1461437679295
1731069826.3,7.68,0.64,0.0,1.32,9410.3,6589.7,0.0,5533.89,5780.07,0.0,3960.0574774869106
1731069826.8,8.32,0.603,0.0,0.88,9410.4,6589.6,0.0,5534.02,5780.26,0.0,3959.9688306854123
1731069827.3,7.68,1.204,0.0,0.718,9410.5,6589.5,0.0,5534.15,5780.45,0.0,3959.8802033647435
1731069827.8,8.32,0.687,0.0,0.98,9410.6,6589.4,0.0,5534.28,5780.64,0.0,3959.7915955262097
1731069828.3,7.69,0.658,0.0,2.26,9410.7,6589.3,0.0,5534.41,5780.83,0.0,3959.7030071711197
1731069828.8,7.67,0.447,0.0,4.0,9410.8,6589.2,0.0,5534.54,5781.02,0.0,3959.614438300779
1731069829.3,8.32,0.6,0.0,7.84,9410.9,6589.1,0.0,5534.67,5781.21,0.0,3959.5258889164998
1731069829.8,7.69,0.56,0.0,2.75,9411.0,6589.0,0.0,5534.8,5781.4,0.0,3959.437359019587
1731069830.3,8.31,0.61,0.0,3.37,9411.1,6588.9,0.0,5534.93,5781.59,0.0,3959.348848611347
1731069830.8,8.32,0.625,0.0,1.01,9411.2,6588.8,0.0,5535.06,5781.78,0.0,3959.2603576930887
1731069831.3,7.68,0.492,0.0,0.862,9411.3,6588.7,0.0,5535.19,5781.97,0.0,3959.1718862661164
1731069831.8,8.33,0.554,0.0,1.12,9411.4,6588.6,0.0,5535.32,5782.16,0.0,3959.083434331739
1731069832.3,7.68,0.58,0.0,0.834,9411.5,6588.5,0.0,5535.45,5782.35,0.0,3958.9950018912627
1731069832.8,8.32,0.65,0.0,0.822,9411.6,6588.4,0.0,5535.58,5782.54,0.0,3958.9065889459935
1731069833.3,7.68,0.729,0.0,1.01,9411.7,6588.3,0.0,5535.71,5782.73,0.0,3958.818195497238
1731069833.8,8.32,0.436,0.0,0.949,9411.8,6588.2,0.0,5535.84,5782.92,0.0,3958.7298215462993
1731069834.3,7.68,0.599,0.0,1.45,9411.9,6588.1,0.0,5535.97,5783.11,0.0,3958.641467094488
1731069834.8,8.33,0.653,0.0,0.825,9412.0,6588.0,0.0,5536.1,5783.3,0.0,3958.5531321431063
1731069835.3,7.68,0.702,0.0,0.83,9412.1,6587.9,0.0,5536.23,5783.49,0.0,3958.4648166934626
1731069835.8,8.31,0.97,0.0,1.0,9412.2,6587.8,0.0,5536.36,5783.68,0.0,3958.376520746859
1731069836.3,7.68,0.528,0.0,0.791,9412.3,6587.7,0.0,5536.49,5783.87,0.0,3958.2882443046005
1731069836.8,8.2,0.767,0.0,1.49,9412.4,6587.6,0.0,5536.62,5784.06,0.0,3958.199987367995
1731069837.3,7.8,0.601,0.0,1.4,9412.5,6587.5,0.0,5536.75,5784.25,0.0,3958.1117499383467
1731069837.8,8.32,0.817,0.0,2.81,9412.6,6587.4,0.0,5536.88,5784.44,0.0,3958.023532016959
1731069838.3,7.68,0.82,0.0,1.34,9412.7,6587.3,0.0,5537.01,5784.63,0.0,3957.9353336051367
1731069838.8,8.32,0.402,0.0,1.25,9412.8,6587.2,0.0,5537.14,5784.82,0.0,3957.8471547041822
1731069839.3,7.68,0.72,0.0,0.796,9412.9,6587.1,0.0,5537.27,5785.01,0.0,3957.758995315404
1731069839.8,8.32,0.376,0.0,1.48,9413.0,6587.0,0.0,5537.4,5785.2,0.0,3957.670855440104
1731069840.3,7.68,0.848,0.0,1.17,9413.1,6586.9,0.0,5537.53,5785.39,0.0,3957.5827350795844
1731069840.8,8.32,0.885,0.0,2.54,9413.2,6586.8,0.0,5537.66,5785.58,0.0,3957.4946342351504
1731069841.3,7.68,0.475,0.0,0.904,9413.3,6586.7,0.0,5537.79,5785.77,0.0,3957.4065529081026
1731069841.8,8.32,0.769,0.0,0.928,9413.4,6586.6,0.0,5537.92,5785.96,0.0,3957.3184910997493
1731069842.3,7.68,0.408,0.0,1.01,9413.5,6586.5,0.0,5538.05,5786.15,0.0,3957.2304488113905
1731069842.8,8.32,0.856,0.0,1.04,9413.6,6586.4,0.0,5538.18,5786.34,0.0,3957.142426044329
1731069843.3,7.68,0.641,0.0,6.22,9413.7,6586.3,0.0,5538.31,5786.53,0.0,3957.054422799869
1731069843.8,8.32,0.503,0.0,0.826,9413.8,6586.2,0.0,5538.44,5786.72,0.0,3956.96643907931
1731069844.3,7.68,1.064,0.0,1.29,9413.9,6586.1,0.0,5538.57,5786.91,0.0,3956.8784748839585
1731069844.8,8.33,0.544,0.0,1.04,9414.0,6586.0,0.0,5538.7,5787.1,0.0,3956.790530215114
1731069845.3,7.68,1.077,0.0,1.5,9414.1,6585.9,0.0,5538.83,5787.29,0.0,3956.7026050740787
1731069845.8,8.32,0.708,0.0,0.936,9414.2,6585.8,0.0,5538.96,5787.48,0.0,3956.614699462156
1731069846.3,7.68,0.834,0.0,0.781,9414.3,6585.7,0.0,5539.09,5787.67,0.0,3956.526813380644
1731069846.8,7.68,0.699,0.0,1.056,9414.4,6585.6,0.0,5539.22,5787.86,0.0,3956.438946830849
1731069847.3,8.32,0.787,0.0,1.33,9414.5,6585.5,0.0,5539.35,5788.05,0.0,3956.3510998140696
1731069847.8,8.32,1.201,0.0,1.47,9414.6,6585.4,0.0,5539.48,5788.24,0.0,3956.2632723316083
1731069848.3,7.68,0.718,0.0,2.71,9414.7,6585.3,0.0,5539.61,5788.43,0.0,3956.175464384765
1731069848.8,8.32,0.633,0.0,0.857,9414.8,6585.2,0.0,5539.74,5788.62,0.0,3956.087675974838
1731069849.3,7.67,0.566,0.0,0.86,9414.9,6585.1,0.0,5539.87,5788.81,0.0,3955.9999071031334
1731069849.8,8.32,0.565,0.0,0.953,9415.0,6585.0,0.0,5540.0,5789.0,0.0,3955.9121577709484
1731069850.3,7.68,0.832,0.0,0.838,9415.1,6584.9,0.0,5540.13,5789.19,0.0,3955.824427979584
1731069850.8,7.69,0.587,0.0,1.45,9415.2,6584.8,0.0,5540.26,5789.38,0.0,3955.73671773034
1731069851.3,8.31,0.592,0.0,1.11,9415.3,6584.7,0.0,5540.39,5789.57,0.0,3955.649027024515
1731069851.8,8.32,0.451,0.0,9.09,9415.4,6584.6,0.0,5540.52,5789.76,0.0,3955.5613558634122
1731069852.3,7.69,0.589,0.0,1.33,9415.5,6584.5,0.0,5540.65,5789.95,0.0,3955.47370424833
1731069852.8,8.32,0.566,0.0,1.12,9415.6,6584.4,0.0,5540.78,5790.14,0.0,3955.386072180566
1731069853.3,7.68,0.615,0.0,2.57,9415.7,6584.3,0.0,5540.91,5790.33,0.0,3955.2984596614206
1731069853.8,7.68,0.67,0.0,1.0,9415.8,6584.2,0.0,5541.04,5790.52,0.0,3955.2108666921913
1731069854.3,8.31,0.509,0.0,1.17,9415.9,6584.1,0.0,5541.17,5790.71,0.0,3955.12329327418
1731069854.8,7.68,0.671,0.0,1.71,9416.0,6584.0,0.0,5541.3,5790.9,0.0,3955.0357394086845
1731069855.3,8.32,0.699,0.0,0.916,9416.1,6583.9,0.0,5541.43,5791.09,0.0,3954.9482050970023
1731069855.8,8.32,0.839,0.0,0.884,9416.2,6583.8,0.0,5541.56,5791.28,0.0,3954.8606903404325
1731069856.3,7.67,0.973,0.0,0.77,9416.3,6583.7,0.0,5541.69,5791.47,0.0,3954.773195140272
1731069856.8,8.33,0.591,0.0,0.919,9416.4,6583.6,0.0,5541.82,5791.66,0.0,3954.685719497821
1731069857.3,7.67,0.757,0.0,1.09,9416.5,6583.5,0.0,5541.95,5791.85,0.0,3954.598263414376
1731069857.8,8.33,0.659,0.0,3.07,9416.6,6583.4,0.0,5542.08,5792.04,0.0,3954.5108268912354
1731069858.3,7.68,0.734,0.0,0.832,9416.7,6583.3,0.0,5542.21,5792.23,0.0,3954.4234099296964
1731069858.8,8.32,0.773,0.0,1.09,9416.8,6583.2,0.0,5542.34,5792.42,0.0,3954.3360125310533
1731069859.3,7.68,0.396,0.0,1.11,9416.9,6583.1,0.0,5542.47,5792.61,0.0,3954.248634696609
1731069859.8,8.32,0.683,0.0,1.93,9417.0,6583.0,0.0,5542.6,5792.8,0.0,3954.161276427657
1731069860.3,7.68,0.364,0.0,0.904,9417.1,6582.9,0.0,5542.73,5792.99,0.0,3954.0739377254954
1731069860.8,8.32,0.866,0.0,0.829,9417.2,6582.8,0.0,5542.86,5793.18,0.0,3953.9866185914198
1731069861.3,7.68,0.899,0.0,1.56,9417.3,6582.7,0.0,5542.99,5793.37,0.0,3953.8993190267247
1731069861.8,8.32,0.492,0.0,1.14,9417.4,6582.6,0.0,5543.12,5793.56,0.0,3953.8120390327103
1731069862.3,7.68,0.81,0.0,3.15,9417.5,6582.5,0.0,5543.25,5793.75,0.0,3953.724778610671
1731069862.8,8.32,0.425,0.0,1.59,9417.6,6582.4,0.0,5543.38,5793.94,0.0,3953.637537761903
1731069863.3,7.68,0.898,0.0,1.9,9417.7,6582.3,0.0,5543.51,5794.13,0.0,3953.5503164877014
1731069863.8,7.68,0.528,0.0,1.36,9417.8,6582.2,0.0,5543.64,5794.32,0.0,3953.4631147893606
1731069864.3,8.32,0.554,0.0,6.25,9417.9,6582.1,0.0,5543.77,5794.51,0.0,3953.375932668179
1731069864.8,8.32,1.195,0.0,0.948,9418.0,6582.0,0.0,5543.9,5794.7,0.0,3953.2887701254513
1731069865.3,7.68,0.726,0.0,1.1,9418.1,6581.9,0.0,5544.03,5794.89,0.0,3953.2016271624702
1731069865.8,8.32,1.353,0.0,0.993,9418.2,6581.8,0.0,5544.16,5795.08,0.0,3953.1145037805327
1731069866.3,7.67,0.74,0.0,0.883,9418.3,6581.7,0.0,5544.29,5795.27,0.0,3953.0273999809306
1731069866.8,8.33,0.54,0.0,1.16,9418.4,6581.6,0.0,5544.42,5795.46,0.0,3952.9403157649617
1731069867.3,7.68,0.691,0.0,1.81,9418.5,6581.5,0.0,5544.55,5795.65,0.0,3952.85325113392
1731069867.8,8.33,0.464,0.0,0.83,9418.6,6581.4,0.0,5544.68,5795.84,0.0,3952.766206089098
1731069868.3,7.67,1.163,0.0,1.38,9418.7,6581.3,0.0,5544.81,5796.03,0.0,3952.6791806317906
1731069868.8,8.32,0.627,0.0,1.1,9418.8,6581.2,0.0,5544.94,5796.22,0.0,3952.59217476329
1731069869.3,7.68,0.628,0.0,2.22,9418.9,6581.1,0.0,5545.07,5796.41,0.0,3952.505188484893
1731069869.8,8.32,0.484,0.0,4.35,9419.0,6581.0,0.0,5545.2,5796.6,0.0,3952.418221797891
1731069870.3,7.67,0.534,0.0,1.26,9419.1,6580.9,0.0,5545.33,5796.79,0.0,3952.331274703577
1731069870.8,8.32,1.128,0.0,1.07,9419.2,6580.8,0.0,5545.46,5796.98,0.0,3952.244347203245
1731069871.3,7.68,0.615,0.0,1.0,9419.3,6580.7,0.0,5545.59,5797.17,0.0,3952.1574392981856
1731069871.8,8.33,0.625,0.0,1.13,9419.4,6580.6,0.0,5545.72,5797.36,0.0,3952.0705509896957
1731069872.3,7.67,0.468,0.0,0.764,9419.5,6580.5,0.0,5545.85,5797.55,0.0,3951.9836822790653
1731069872.8,8.33,0.533,0.0,0.838,9419.6,6580.4,0.0,5545.98,5797.74,0.0,3951.8968331675874
1731069873.3,7.68,0.607,0.0,0.72,9419.7,6580.3,0.0,5546.11,5797.93,0.0,3951.8100036565534
1731069873.8,7.68,0.694,0.0,0.76,9419.8,6580.2,0.0,5546.24,5798.12,0.0,3951.723193747254
1731069874.3,8.31,0.774,0.0,1.03,9419.9,6580.1,0.0,5546.37,5798.31,0.0,3951.6364034409844
1731069874.8,7.04,13.804,0.154,0.978,9420.0,6580.0,0.0,5546.5,5798.5,0.0,3951.5496327390347
1731069875.3,7.68,6.959,0.0,1.6,9420.1,6579.9,0.0,5546.63,5798.69,0.0,3951.462881642696
1731069875.8,8.32,3.309,0.0,0.863,9420.2,6579.8,0.0,5546.76,5798.88,0.0,3951.376150153261
1731069876.3,7.68,1.94,0.0,0.855,9420.3,6579.7,0.0,5546.89,5799.07,0.0,3951.289438272017
1731069876.8,8.32,1.326,0.0,0.79,9420.4,6579.6,0.0,5547.02,5799.26,0.0,3951.2027460002596
1731069877.3,7.67,0.663,0.0,1.67,9420.5,6579.5,0.0,5547.15,5799.45,0.0,3951.116073339279
1731069877.8,8.33,0.785,0.0,3.41,9420.6,6579.4,0.0,5547.28,5799.64,0.0,3951.0294202903633
1731069878.3,7.68,0.766,0.0,2.61,9420.7,6579.3,0.0,5547.41,5799.83,0.0,3950.942786854804
1731069878.8,8.33,0.814,0.0,0.933,9420.8,6579.2,0.0,5547.54,5800.02,0.0,3950.8561730338897
1731069879.3,7.68,0.809,0.0,0.891,9420.9,6579.1,0.0,5547.67,5800.21,0.0,3950.7695788289143
1731069879.8,8.32,0.406,0.0,2.88,9421.0,6579.0,0.0,5547.8,5800.4,0.0,3950.6830042411652
1731069880.3,7.68,0.724,0.0,1.24,9421.1,6578.9,0.0,5547.93,5800.59,0.0,3950.596449271932
1731069880.8,7.67,0.459,0.0,2.55,9421.2,6578.8,0.0,5548.06,5800.78,0.0,3950.509913922506
1731069881.3,8.32,0.797,0.0,0.925,9421.3,6578.7,0.0,5548.19,5800.97,0.0,3950.423398194173
1731069881.8,8.32,0.898,0.0,0.856,9421.4,6578.6,0.0,5548.32,5801.16,0.0,3950.3369020882255
1731069882.3,7.68,0.489,0.0,0.79,9421.5,6578.5,0.0,5548.45,5801.35,0.0,3950.2504256059515
1731069882.8,7.69,0.8,0.0,1.06,9421.6,6578.4,0.0,5548.58,5801.54,0.0,3950.1639687486395
1731069883.3,8.32,0.415,0.0,1.03,9421.7,6578.3,0.0,5548.71,5801.73,0.0,3950.0775315175783
1731069883.8,8.32,0.983,0.0,0.694,9421.8,6578.2,0.0,5548.84,5801.92,0.0,3949.9911139140545
1731069884.3,7.68,0.759,0.0,0.794,9421.9,6578.1,0.0,5548.97,5802.11,0.0,3949.90471593936
1731069884.8,8.32,0.578,0.0,1.0,9422.0,6578.0,0.0,5549.1,5802.3,0.0,3949.8183375947806
1731069885.3,7.68,0.892,0.0,0.91,9422.1,6577.9,0.0,5549.23,5802.49,0.0,3949.7319788816058
1731069885.8,8.33,0.546,0.0,7.73,9422.2,6577.8,0.0,5549.36,5802.68,0.0,3949.645639801121
1731069886.3,7.67,0.991,0.0,0.733,9422.3,6577.7,0.0,5549.49,5802.87,0.0,3949.559320354613
1731069886.8,8.31,0.57,0.0,0.87,9422.4,6577.6,0.0,5549.62,5803.06,0.0,3949.4730205433734
1731069887.3,7.69,0.502,0.0,0.838,9422.5,6577.5,0.0,5549.75,5803.25,0.0,3949.386740368687
1731069887.8,8.32,0.905,0.0,0.837,9422.6,6577.4,0.0,5549.88,5803.44,0.0,3949.3004798318398
1731069888.3,7.68,0.47,0.0,1.88,9422.7,6577.3,0.0,5550.01,5803.63,0.0,3949.2142389341207
1731069888.8,8.31,0.994,0.0,0.878,9422.8,6577.2,0.0,5550.14,5803.82,0.0,3949.1280176768128
1731069889.3,7.68,0.623,0.0,1.09,9422.9,6577.1,0.0,5550.27,5804.01,0.0,3949.0418160612066
1731069889.8,8.33,0.513,0.0,0.839,9423.0,6577.0,0.0,5550.4,5804.2,0.0,3948.9556340885883
1731069890.3,7.67,0.365,0.0,0.775,9423.1,6576.9,0.0,5550.53,5804.39,0.0,3948.869471760241
1731069890.8,8.32,0.461,0.0,0.764,9423.2,6576.8,0.0,5550.66,5804.58,0.0,3948.7833290774524
1731069891.3,7.05,1.146,0.083,0.805,9423.3,6576.7,0.0,5550.79,5804.77,0.0,3948.697206041506
1731069891.8,8.32,0.64,0.0,0.882,9423.4,6576.6,0.0,5550.92,5804.96,0.0,3948.611102653691
1731069892.3,7.67,0.577,0.0,1.08,9423.5,6576.5,0.0,5551.05,5805.15,0.0,3948.525018915291
1731069892.8,8.33,0.433,0.0,0.717,9423.6,6576.4,0.0,5551.18,5805.34,0.0,3948.4389548275913
1731069893.3,7.67,0.562,0.0,1.03,9423.7,6576.3,0.0,5551.31,5805.53,0.0,3948.352910391877
1731069893.8,7.68,0.537,0.0,0.899,9423.8,6576.2,0.0,5551.44,5805.72,0.0,3948.266885609431
1731069894.3,8.33,0.65,0.0,2.25,9423.9,6576.1,0.0,5551.57,5805.91,0.0,3948.1808804815414
1731069894.8,8.32,0.63,0.0,0.786,9424.0,6576.0,0.0,5551.7,5806.1,0.0,3948.0948950094908
1731069895.3,7.68,0.487,0.0,0.784,9424.1,6575.9,0.0,5551.83,5806.29,0.0,3948.0089291945633
1731069895.8,8.32,0.558,0.0,0.781,9424.2,6575.8,0.0,5551.96,5806.48,0.0,3947.9229830380436
1731069896.3,7.68,0.69,0.0,1.07,9424.3,6575.7,0.0,5552.09,5806.67,0.0,3947.8370565412133
1731069896.8,8.32,0.908,0.0,0.832,9424.4,6575.6,0.0,5552.22,5806.86,0.0,3947.7511497053606
1731069897.3,7.69,0.861,0.0,0.874,9424.5,6575.5,0.0,5552.35,5807.05,0.0,3947.665262531766
1731069897.8,7.67,0.571,0.0,1.12,9424.6,6575.4,0.0,5552.48,5807.24,0.0,3947.5793950217144
1731069898.3,8.32,0.703,0.0,1.72,9424.7,6575.3,0.0,5552.61,5807.43,0.0,3947.4935471764875
1731069898.8,8.32,0.677,0.0,0.837,9424.8,6575.2,0.0,5552.74,5807.62,0.0,3947.407718997367
1731069899.3,7.67,0.744,0.0,0.963,9424.9,6575.1,0.0,5552.87,5807.81,0.0,3947.3219104856394
1731069899.8,8.32,0.713,0.0,0.981,9425.0,6575.0,0.0,5553.0,5808.0,0.0,3947.2361216425857
1731069900.3,7.68,0.527,0.0,0.951,9425.1,6574.9,0.0,5553.13,5808.19,0.0,3947.1503524694876
1731069900.8,8.32,0.702,0.0,1.44,9425.2,6574.8,0.0,5553.26,5808.38,0.0,3947.0646029676286
1731069901.3,7.68,0.575,0.0,0.976,9425.3,6574.7,0.0,5553.39,5808.57,0.0,3946.9788731382882
1731069901.8,8.32,0.812,0.0,0.812,9425.4,6574.6,0.0,5553.52,5808.76,0.0,3946.893162982752
1731069902.3,7.68,0.864,0.0,4.25,9425.5,6574.5,0.0,5553.65,5808.95,0.0,3946.807472502301
1731069902.8,8.32,0.531,0.0,0.801,9425.6,6574.4,0.0,5553.78,5809.14,0.0,3946.721801698215
1731069903.3,7.68,0.869,0.0,3.59,9425.7,6574.3,0.0,5553.91,5809.33,0.0,3946.636150571776
1731069903.8,8.32,0.435,0.0,0.822,9425.8,6574.2,0.0,5554.04,5809.52,0.0,3946.5505191242637
1731069904.3,7.68,0.895,0.0,4.34,9425.9,6574.1,0.0,5554.17,5809.71,0.0,3946.464907356962
1731069904.8,8.32,0.884,0.0,0.726,9426.0,6574.0,0.0,5554.3,5809.9,0.0,3946.379315271151
1731069905.3,7.67,0.533,0.0,2.14,9426.1,6573.9,0.0,5554.43,5810.09,0.0,3946.2937428681103
1731069905.8,8.32,0.864,0.0,0.744,9426.2,6573.8,0.0,5554.56,5810.28,0.0,3946.208190149121
1731069906.3,7.68,0.469,0.0,0.956,9426.3,6573.7,0.0,5554.69,5810.47,0.0,3946.1226571154625
1731069906.8,8.33,0.94,0.0,1.19,9426.4,6573.6,0.0,5554.82,5810.66,0.0,3946.037143768416
1731069907.3,7.67,0.891,0.0,1.58,9426.5,6573.5,0.0,5554.95,5810.85,0.0,3945.951650109261
1731069907.8,8.32,0.639,0.0,0.776,9426.6,6573.4,0.0,5555.08,5811.04,0.0,3945.8661761392773
1731069908.3,7.68,1.083,0.0,0.861,9426.7,6573.3,0.0,5555.21,5811.23,0.0,3945.7807218597445
1731069908.8,8.32,0.524,0.0,1.06,9426.8,6573.2,0.0,5555.34,5811.42,0.0,3945.6952872719394
1731069909.3,7.68,1.048,0.0,0.944,9426.9,6573.1,0.0,5555.47,5811.61,0.0,3945.6098723771456
1731069909.8,8.32,0.599,0.0,1.01,9427.0,6573.0,0.0,5555.6,5811.8,0.0,3945.5244771766397
1731069910.3,7.68,0.519,0.0,2.27,9427.1,6572.9,0.0,5555.73,5811.99,0.0,3945.439101671702
1731069910.8,7.68,0.367,0.0,0.822,9427.2,6572.8,0.0,5555.86,5812.18,0.0,3945.3537458636083
1731069911.3,8.31,0.541,0.0,2.02,9427.3,6572.7,0.0,5555.99,5812.37,0.0,3945.2684097536376
1731069911.8,8.32,1.172,0.0,6.28,9427.4,6572.6,0.0,5556.12,5812.56,0.0,3945.1830933430706
1731069912.3,7.68,0.776,0.0,2.66,9427.5,6572.5,0.0,5556.25,5812.75,0.0,3945.0977966331834
1731069912.8,8.32,0.626,0.0,0.815,9427.6,6572.4,0.0,5556.38,5812.94,0.0,3945.0125196252548
1731069913.3,7.68,0.517,0.0,0.844,9427.7,6572.3,0.0,5556.51,5813.13,0.0,3944.927262320562
1731069913.8,8.33,0.65,0.0,1.11,9427.8,6572.2,0.0,5556.64,5813.32,0.0,3944.842024720381
1731069914.3,7.68,0.897,0.0,0.89,9427.9,6572.1,0.0,5556.77,5813.51,0.0,3944.7568068259916
1731069914.8,7.68,0.755,0.0,0.955,9428.0,6572.0,0.0,5556.9,5813.7,0.0,3944.6716086386714
1731069915.3,8.32,0.717,0.0,0.873,9428.1,6571.9,0.0,5557.03,5813.89,0.0,3944.5864301596944
1731069915.8,8.31,0.739,0.0,0.857,9428.2,6571.8,0.0,5557.16,5814.08,0.0,3944.5012713903398
1731069916.3,7.68,0.722,0.0,1.08,9428.3,6571.7,0.0,5557.29,5814.27,0.0,3944.416132331881
1731069916.8,8.32,0.805,0.0,1.16,9428.4,6571.6,0.0,5557.42,5814.46,0.0,3944.3310129855986
1731069917.3,7.68,0.746,0.0,2.06,9428.5,6571.5,0.0,5557.55,5814.65,0.0,3944.2459133527664
1731069917.8,8.32,0.663,0.0,0.958,9428.6,6571.4,0.0,5557.68,5814.84,0.0,3944.160833434661
1731069918.3,7.68,0.411,0.0,1.0,9428.7,6571.3,0.0,5557.81,5815.03,0.0,3944.0757732325583
1731069918.8,8.31,0.619,0.0,0.803,9428.8,6571.2,0.0,5557.94,5815.22,0.0,3943.9907327477326
1731069919.3,7.69,0.597,0.0,0.814,9428.9,6571.1,0.0,5558.07,5815.41,0.0,3943.9057119814615
1731069919.8,8.31,0.659,0.0,0.713,9429.0,6571.0,0.0,5558.2,5815.6,0.0,3943.820710935019
1731069920.3,7.68,0.804,0.0,1.06,9429.1,6570.9,0.0,5558.33,5815.79,0.0,3943.735729609681
1731069920.8,8.33,0.381,0.0,2.96,9429.2,6570.8,0.0,5558.46,5815.98,0.0,3943.6507680067216
1731069921.3,7.68,0.663,0.0,0.741,9429.3,6570.7,0.0,5558.59,5816.17,0.0,3943.565826127414
1731069921.8,8.32,0.666,0.0,1.26,9429.4,6570.6,0.0,5558.72,5816.36,0.0,3943.4809039730367
1731069922.3,7.68,0.746,0.0,1.04,9429.5,6570.5,0.0,5558.85,5816.55,0.0,3943.396001544861
1731069922.8,8.32,0.901,0.0,0.796,9429.6,6570.4,0.0,5558.98,5816.74,0.0,3943.311118844163
1731069923.3,7.68,0.588,0.0,0.823,9429.7,6570.3,0.0,5559.11,5816.93,0.0,3943.226255872215
1731069923.8,7.68,0.865,0.077,0.706,9429.8,6570.2,0.0,5559.24,5817.12,0.0,3943.14141263029
1731069924.3,7.68,0.453,0.0,1.07,9429.9,6570.1,0.0,5559.37,5817.31,0.0,3943.056589119664
1731069924.8,8.32,0.916,0.0,1.15,9430.0,6570.0,0.0,5559.5,5817.5,0.0,3942.9717853416096
1731069925.3,7.68,0.883,0.0,2.29,9430.1,6569.9,0.0,5559.63,5817.69,0.0,3942.8870012974
1731069925.8,8.32,0.582,0.0,0.84,9430.2,6569.8,0.0,5559.76,5817.88,0.0,3942.802236988308
1731069926.3,7.68,0.831,0.0,0.789,9430.3,6569.7,0.0,5559.89,5818.07,0.0,3942.7174924156043
1731069926.8,8.33,0.572,0.0,0.827,9430.4,6569.6,0.0,5560.02,5818.26,0.0,3942.632767580566
1731069927.3,7.67,0.968,0.0,1.1,9430.5,6569.5,0.0,5560.15,5818.45,0.0,3942.5480624844645
1731069927.8,7.68,0.739,0.0,1.13,9430.6,6569.4,0.0,5560.28,5818.64,0.0,3942.4633771285694
1731069928.3,8.32,0.544,0.0,8.17,9430.7,6569.3,0.0,5560.41,5818.83,0.0,3942.378711514155
1731069928.8,8.31,0.862,0.0,0.927,9430.8,6569.2,0.0,5560.54,5819.02,0.0,3942.2940656424903
1731069929.3,7.69,0.49,0.0,0.956,9430.9,6569.1,0.0,5560.67,5819.21,0.0,3942.209439514851
1731069929.8,8.32,0.956,0.0,0.846,9431.0,6569.0,0.0,5560.8,5819.4,0.0,3942.1248331325073
1731069930.3,7.68,0.572,0.0,0.865,9431.1,6568.9,0.0,5560.93,5819.59,0.0,3942.04024649673
1731069930.8,7.68,0.504,0.0,1.13,9431.2,6568.8,0.0,5561.06,5819.78,0.0,3941.9556796087904
1731069931.3,8.31,0.724,0.0,1.06,9431.3,6568.7,0.0,5561.19,5819.97,0.0,3941.871132469959
1731069931.8,8.32,0.504,0.0,1.47,9431.4,6568.6,0.0,5561.32,5820.16,0.0,3941.7866050815082
1731069932.3,7.68,1.093,0.0,0.98,9431.5,6568.5,0.0,5561.45,5820.35,0.0,3941.702097444707
1731069932.8,8.32,0.61,0.0,0.836,9431.6,6568.4,0.0,5561.58,5820.54,0.0,3941.617609560826
1731069933.3,7.68,0.836,0.0,0.778,9431.7,6568.3,0.0,5561.71,5820.73,0.0,3941.5331414311368
1731069933.8,8.32,0.515,0.0,0.934,9431.8,6568.2,0.0,5561.84,5820.92,0.0,3941.448693056906
1731069934.3,7.68,0.788,0.0,1.09,9431.9,6568.1,0.0,5561.97,5821.11,0.0,3941.364264439408
1731069934.8,8.32,1.23,0.0,2.76,9432.0,6568.0,0.0,5562.1,5821.3,0.0,3941.2798555799104
1731069935.3,7.67,0.67,0.0,0.887,9432.1,6567.9,0.0,5562.23,5821.49,0.0,3941.195466479683
1731069935.8,8.32,0.688,0.0,0.92,9432.2,6567.8,0.0,5562.36,5821.68,0.0,3941.111097139994
1731069936.3,7.68,0.454,0.0,1.62,9432.3,6567.7,0.0,5562.49,5821.87,0.0,3941.0267475621117
1731069936.8,8.32,0.585,0.0,1.77,9432.4,6567.6,0.0,5562.62,5822.06,0.0,3940.942417747308
1731069937.3,7.68,0.583,0.0,1.1,9432.5,6567.5,0.0,5562.75,5822.25,0.0,3940.8581076968503
1731069937.8,8.32,0.578,0.0,0.931,9432.6,6567.4,0.0,5562.88,5822.44,0.0,3940.773817412007
1731069938.3,7.68,0.67,0.0,1.09,9432.7,6567.3,0.0,5563.01,5822.63,0.0,3940.6895468940465
1731069938.8,8.32,0.49,0.0,0.899,9432.8,6567.2,0.0,5563.14,5822.82,0.0,3940.6052961442347
1731069939.3,7.68,0.595,0.0,0.988,9432.9,6567.1,0.0,5563.27,5823.01,0.0,3940.521065163844
1731069939.8,8.32,0.612,0.0,0.827,9433.0,6567.0,0.0,5563.4,5823.2,0.0,3940.43685395414
1731069940.3,7.68,0.671,0.0,4.4,9433.1,6566.9,0.0,5563.53,5823.39,0.0,3940.35266251639
1731069940.8,8.32,0.779,0.0,0.683,9433.2,6566.8,0.0,5563.66,5823.58,0.0,3940.2684908518618
1731069941.3,7.69,0.524,0.0,4.67,9433.3,6566.7,0.0,5563.79,5823.77,0.0,3940.18433896182
1731069941.8,8.31,0.659,0.0,0.813,9433.4,6566.6,0.0,5563.92,5823.96,0.0,3940.100206847536
1731069942.3,7.69,0.645,0.0,2.572,9433.5,6566.5,0.0,5564.05,5824.15,0.0,3940.016094510275
1731069942.8,8.32,0.742,0.0,4.33,9433.6,6566.4,0.0,5564.18,5824.34,0.0,3939.9320019513025
1731069943.3,7.67,0.77,0.0,1.08,9433.7,6566.3,0.0,5564.31,5824.53,0.0,3939.847929171887
1731069943.8,8.32,0.36,0.0,1.48,9433.8,6566.2,0.0,5564.44,5824.72,0.0,3939.7638761732915
1731069944.3,7.68,0.781,0.0,0.822,9433.9,6566.1,0.0,5564.57,5824.91,0.0,3939.6798429567853
1731069944.8,7.68,0.489,0.0,0.817,9434.0,6566.0,0.0,5564.7,5825.1,0.0,3939.595829523633
1731069945.3,8.33,0.915,0.0,0.771,9434.1,6565.9,0.0,5564.83,5825.29,0.0,3939.5118358751
1731069945.8,8.32,0.93,0.0,0.897,9434.2,6565.8,0.0,5564.96,5825.48,0.0,3939.427862012453
1731069946.3,7.68,0.476,0.0,0.804,9434.3,6565.7,0.0,5565.09,5825.67,0.0,3939.3439079369537
1731069946.8,8.32,0.753,0.0,1.07,9434.4,6565.6,0.0,5565.22,5825.86,0.0,3939.259973649873
1731069947.3,7.68,0.411,0.0,1.09,9434.5,6565.5,0.0,5565.35,5826.05,0.0,3939.1760591524717
1731069947.8,8.32,0.794,0.0,2.52,9434.6,6565.4,0.0,5565.48,5826.24,0.0,3939.092164446017
1731069948.3,7.68,0.666,0.0,0.818,9434.7,6565.3,0.0,5565.61,5826.43,0.0,3939.008289531771
1731069948.8,8.31,0.431,0.0,0.783,9434.8,6565.2,0.0,5565.74,5826.62,0.0,3938.9244344109975
1731069949.3,7.68,0.821,0.0,0.805,9434.9,6565.1,0.0,5565.87,5826.81,0.0,3938.8405990849637
1731069949.8,8.32,0.386,0.0,0.891,9435.0,6565.0,0.0,5566.0,5827.0,0.0,3938.756783554933
1731069950.3,7.68,1.033,0.0,0.902,9435.1,6564.9,0.0,5566.13,5827.19,0.0,3938.6729878221677
1731069950.8,8.31,0.646,0.0,0.801,9435.2,6564.8,0.0,5566.26,5827.38,0.0,3938.5892118879324
1731069951.3,7.69,0.805,0.0,1.41,9435.3,6564.7,0.0,5566.39,5827.57,0.0,3938.505455753488
1731069951.8,8.32,1.115,0.0,0.826,9435.4,6564.6,0.0,5566.52,5827.76,0.0,3938.421719420102
1731069952.3,7.68,0.576,0.0,1.19,9435.5,6564.5,0.0,5566.65,5827.95,0.0,3938.3380028890365
1731069952.8,8.32,1.082,0.0,1.03,9435.6,6564.4,0.0,5566.78,5828.14,0.0,3938.2543061615515
1731069953.3,7.68,0.818,0.0,1.45,9435.7,6564.3,0.0,5566.91,5828.33,0.0,3938.1706292389117
1731069953.8,8.32,0.605,0.0,3.67,9435.8,6564.2,0.0,5567.04,5828.52,0.0,3938.086972122377
1731069954.3,7.68,0.635,0.0,2.24,9435.9,6564.1,0.0,5567.17,5828.71,0.0,3938.0033348132147
1731069954.8,8.32,0.612,0.0,0.882,9436.0,6564.0,0.0,5567.3,5828.9,0.0,3937.9197173126827
1731069955.3,7.68,1.169,0.0,1.33,9436.1,6563.9,0.0,5567.43,5829.09,0.0,3937.8361196220444
1731069955.8,8.32,0.657,0.0,2.06,9436.2,6563.8,0.0,5567.56,5829.28,0.0,3937.7525417425613
1731069956.3,7.68,0.641,0.0,4.44,9436.3,6563.7,0.0,5567.69,5829.47,0.0,3937.668983675494
1731069956.8,8.32,0.431,0.0,2.63,9436.4,6563.6,0.0,5567.82,5829.66,0.0,3937.5854454221053
1731069957.3,7.67,0.573,0.0,2.85,9436.5,6563.5,0.0,5567.95,5829.85,0.0,3937.5019269836557
1731069957.8,7.69,0.565,0.0,3.4,9436.6,6563.4,0.0,5568.08,5830.04,0.0,3937.418428361406
1731069958.3,8.32,0.726,0.0,2.02,9436.7,6563.3,0.0,5568.21,5830.23,0.0,3937.3349495566167
1731069958.8,8.32,0.685,0.0,5.07,9436.8,6563.2,0.0,5568.34,5830.42,0.0,3937.251490570547
1731069959.3,7.69,0.449,0.0,1.09,9436.9,6563.1,0.0,5568.47,5830.61,0.0,3937.1680514044606
1731069959.8,8.32,0.592,0.0,1.03,9437.0,6563.0,0.0,5568.6,5830.8,0.0,3937.084632059615
1731069960.3,7.68,0.61,0.0,0.837,9437.1,6562.9,0.0,5568.73,5830.99,0.0,3937.0012325372727
1731069960.8,8.32,0.752,0.0,0.827,9437.2,6562.8,0.0,5568.86,5831.18,0.0,3936.917852838691
1731069961.3,7.67,0.723,0.0,1.13,9437.3,6562.7,0.0,5568.99,5831.37,0.0,3936.834492965128
1731069961.8,7.69,0.484,0.0,0.857,9437.4,6562.6,0.0,5569.12,5831.56,0.0,3936.751152917847
1731069962.3,8.32,0.693,0.0,1.18,9437.5,6562.5,0.0,5569.25,5831.75,0.0,3936.6678326981055
1731069962.8,8.32,0.618,0.0,0.701,9437.6,6562.4,0.0,5569.38,5831.94,0.0,3936.5845323071626
1731069963.3,7.68,0.698,0.0,0.917,9437.7,6562.3,0.0,5569.51,5832.13,0.0,3936.501251746277
1731069963.8,8.32,0.8,0.0,0.785,9437.8,6562.2,0.0,5569.64,5832.32,0.0,3936.417991016705
1731069964.3,7.68,0.423,0.0,0.907,9437.9,6562.1,0.0,5569.77,5832.51,0.0,3936.334750119709
1731069964.8,8.32,0.799,0.0,0.886,9438.0,6562.0,0.0,5569.9,5832.7,0.0,3936.251529056547
1731069965.3,7.68,0.573,0.0,0.696,9438.1,6561.9,0.0,5570.03,5832.89,0.0,3936.168327828474
1731069965.8,8.32,0.773,0.0,0.883,9438.2,6561.8,0.0,5570.16,5833.08,0.0,3936.0851464367493
1731069966.3,7.68,0.802,0.0,0.904,9438.3,6561.7,0.0,5570.29,5833.27,0.0,3936.0019848826287
1731069966.8,8.32,0.423,0.0,0.85,9438.4,6561.6,0.0,5570.42,5833.46,0.0,3935.918843167374
1731069967.3,7.67,0.748,0.0,0.93,9438.5,6561.5,0.0,5570.55,5833.65,0.0,3935.835721292239
1731069967.8,8.32,0.416,0.0,0.995,9438.6,6561.4,0.0,5570.68,5833.84,0.0,3935.752619258482
1731069968.3,7.68,0.883,0.0,0.876,9438.7,6561.3,0.0,5570.81,5834.03,0.0,3935.6695370673597
1731069968.8,8.32,0.899,0.0,0.879,9438.8,6561.2,0.0,5570.94,5834.22,0.0,3935.586474720127
1731069969.3,7.68,0.523,0.0,0.881,9438.9,6561.1,0.0,5571.07,5834.41,0.0,3935.5034322180436
1731069969.8,8.32,0.918,0.0,1.0,9439.0,6561.0,0.0,5571.2,5834.6,0.0,3935.4204095623636
1731069970.3,7.68,0.472,0.0,0.934,9439.1,6560.9,0.0,5571.33,5834.79,0.0,3935.3374067543436
1731069970.8,8.32,1.251,0.0,2.06,9439.2,6560.8,0.0,5571.46,5834.98,0.0,3935.25442379524
1731069971.3,7.67,0.884,0.0,0.777,9439.3,6560.7,0.0,5571.59,5835.17,0.0,3935.1714606863056
1731069971.8,8.32,0.652,0.0,0.894,9439.4,6560.6,0.0,5571.72,5835.36,0.0,3935.0885174288005
1731069972.3,7.68,0.939,0.0,0.793,9439.5,6560.5,0.0,5571.85,5835.55,0.0,3935.0055940239777
1731069972.8,8.33,0.734,0.0,1.37,9439.6,6560.4,0.0,5571.98,5835.74,0.0,3934.922690473093
1731069973.3,7.67,1.211,0.0,0.781,9439.7,6560.3,0.0,5572.11,5835.93,0.0,3934.8398067774
1731069973.8,8.32,0.733,0.0,0.806,9439.8,6560.2,0.0,5572.24,5836.12,0.0,3934.7569429381524
1731069974.3,7.68,0.963,0.0,0.771,9439.9,6560.1,0.0,5572.37,5836.31,0.0,3934.6740989566083
1731069974.8,7.68,4.692,0.0,0.868,9440.0,6560.0,0.0,5572.5,5836.5,0.0,3934.59127483402
1731069975.3,6.4,10.374,0.231,4.484,9440.1,6559.9,0.0,5572.63,5836.69,0.0,3934.5084705716417
1731069975.8,8.32,5.37,0.0,8.1,9440.2,6559.8,0.0,5572.76,5836.88,0.0,3934.425686170728
1731069976.3,7.68,2.714,0.0,0.862,9440.3,6559.7,0.0,5572.89,5837.07,0.0,3934.34292163253
1731069976.8,8.32,1.421,0.0,1.2,9440.4,6559.6,0.0,5573.02,5837.26,0.0,3934.260176958305
1731069977.3,7.61,4.176,0.0,1.22,9440.5,6559.5,0.0,5573.15,5837.45,0.0,3934.1774521493057
1731069977.8,8.4,2.181,0.0,7.61,9440.6,6559.4,0.0,5573.28,5837.64,0.0,3934.0947472067833
1731069978.3,7.68,1.619,0.0,0.882,9440.7,6559.3,0.0,5573.41,5837.83,0.0,3934.012062131992
1731069978.8,7.68,0.929,0.0,0.821,9440.8,6559.2,0.0,5573.54,5838.02,0.0,3933.929396926182
1731069979.3,8.32,0.795,0.0,0.989,9440.9,6559.1,0.0,5573.67,5838.21,0.0,3933.8467515906104
1731069979.8,8.32,0.53,0.0,0.941,9441.0,6559.0,0.0,5573.8,5838.4,0.0,3933.764126126527
1731069980.3,7.68,0.765,0.0,1.65,9441.1,6558.9,0.0,5573.93,5838.59,0.0,3933.6815205351845
1731069980.8,8.32,0.71,0.0,2.41,9441.2,6558.8,0.0,5574.06,5838.78,0.0,3933.5989348178346
1731069981.3,7.69,0.715,0.0,1.1,9441.3,6558.7,0.0,5574.19,5838.97,0.0,3933.5163689757283
1731069981.8,8.32,0.696,0.0,0.839,9441.4,6558.6,0.0,5574.32,5839.16,0.0,3933.433823010119
1731069982.3,7.67,0.44,0.0,0.842,9441.5,6558.5,0.0,5574.45,5839.35,0.0,3933.351296922257
1731069982.8,8.33,0.738,0.0,0.914,9441.6,6558.4,0.0,5574.58,5839.54,0.0,3933.2687907133936
1731069983.3,7.68,0.766,0.0,1.04,9441.7,6558.3,0.0,5574.71,5839.73,0.0,3933.18630438478
1731069983.8,8.31,0.713,0.0,1.15,9441.8,6558.2,0.0,5574.84,5839.92,0.0,3933.1038379376655
1731069984.3,7.68,0.749,0.0,2.65,9441.9,6558.1,0.0,5574.97,5840.11,0.0,3933.0213913733032
1731069984.8,8.32,0.434,0.0,0.765,9442.0,6558.0,0.0,5575.1,5840.3,0.0,3932.9389646929426
1731069985.3,7.68,0.885,0.0,0.972,9442.1,6557.9,0.0,5575.23,5840.49,0.0,3932.856557897835
1731069985.8,8.32,0.845,0.0,0.772,9442.2,6557.8,0.0,5575.36,5840.68,0.0,3932.7741709892275
1731069986.3,7.67,0.845,0.0,0.71,9442.3,6557.7,0.0,5575.49,5840.87,0.0,3932.6918039683706
1731069986.8,8.32,0.809,0.0,0.873,9442.4,6557.6,0.0,5575.62,5841.06,0.0,3932.609456836516
1731069987.3,7.68,0.485,0.0,1.2,9442.5,6557.5,0.0,5575.75,5841.25,0.0,3932.5271295949124
1731069987.8,8.31,0.96,0.0,0.879,9442.6,6557.4,0.0,5575.88,5841.44,0.0,3932.444822244808
1731069988.3,7.68,0.733,0.0,0.897,9442.7,6557.3,0.0,5576.01,5841.63,0.0,3932.362534787453
1731069988.8,7.69,1.001,0.0,0.971,9442.8,6557.2,0.0,5576.14,5841.82,0.0,3932.280267224094
1731069989.3,8.32,1.01,0.0,1.11,9442.9,6557.1,0.0,5576.27,5842.01,0.0,3932.198019555983
1731069989.8,8.32,0.523,0.0,1.72,9443.0,6557.0,0.0,5576.4,5842.2,0.0,3932.1157917843675
1731069990.3,7.68,0.983,0.0,0.842,9443.1,6556.9,0.0,5576.53,5842.39,0.0,3932.033583910494
1731069990.8,8.32,0.536,0.0,3.67,9443.2,6556.8,0.0,5576.66,5842.58,0.0,3931.951395935612
1731069991.3,7.68,1.056,0.0,2.79,9443.3,6556.7,0.0,5576.79,5842.77,0.0,3931.8692278609665
1731069991.8,7.68,0.83,0.0,2.66,9443.4,6556.6,0.0,5576.92,5842.96,0.0,3931.78707968781
1731069992.3,8.31,0.574,0.0,6.09,9443.5,6556.5,0.0,5577.05,5843.15,0.0,3931.7049514173873
1731069992.8,8.33,1.1,0.0,1.35,9443.6,6556.4,0.0,5577.18,5843.34,0.0,3931.6228430509454
1731069993.3,7.67,0.581,0.0,1.85,9443.7,6556.3,0.0,5577.31,5843.53,0.0,3931.5407545897324
1731069993.8,8.32,0.978,0.0,1.46,9443.8,6556.2,0.0,5577.44,5843.72,0.0,3931.458686034993
1731069994.3,7.68,0.641,0.0,1.11,9443.9,6556.1,0.0,5577.57,5843.91,0.0,3931.3766373879776
1731069994.8,8.32,0.533,0.0,1.12,9444.0,6556.0,0.0,5577.7,5844.1,0.0,3931.294608649929
1731069995.3,7.68,0.739,0.0,1.46,9444.1,6555.9,0.0,5577.83,5844.29,0.0,3931.212599822096
1731069995.8,8.32,0.488,0.0,0.858,9444.2,6555.8,0.0,5577.96,5844.48,0.0,3931.1306109057236
1731069996.3,7.68,1.087,0.0,0.809,9444.3,6555.7,0.0,5578.09,5844.67,0.0,3931.0486419020554
1731069996.8,8.32,0.807,0.0,0.844,9444.4,6555.6,0.0,5578.22,5844.86,0.0,3930.9666928123415
1731069997.3,7.68,0.64,0.0,0.827,9444.5,6555.5,0.0,5578.35,5845.05,0.0,3930.884763637825
1731069997.8,8.32,0.578,0.0,0.77,9444.6,6555.4,0.0,5578.48,5845.24,0.0,3930.8028543797523
1731069998.3,7.67,0.887,0.0,1.01,9444.7,6555.3,0.0,5578.61,5845.43,0.0,3930.720965039366
1731069998.8,8.33,1.291,0.0,0.777,9444.8,6555.2,0.0,5578.74,5845.62,0.0,3930.6390956179116
1731069999.3,7.68,0.763,0.0,1.08,9444.9,6555.1,0.0,5578.87,5845.81,0.0,3930.5572461166366
1731069999.8,8.33,0.619,0.0,0.911,9445.0,6555.0,0.0,5579.0,5846.0,0.0,3930.475416536783
1731070000.3,7.67,0.41,0.0,1.29,9445.1,6554.9,0.0,5579.13,5846.19,0.0,3930.393606879596
1731070000.8,8.32,0.569,0.0,2.02,9445.2,6554.8,0.0,5579.26,5846.38,0.0,3930.3118171463193
1731070001.3,7.68,0.601,0.0,0.82,9445.3,6554.7,0.0,5579.39,5846.57,0.0,3930.230047338195
1731070001.8,8.32,0.65,0.0,1.11,9445.4,6554.6,0.0,5579.52,5846.76,0.0,3930.1482974564706
1731070002.3,7.68,0.679,0.0,0.851,9445.5,6554.5,0.0,5579.65,5846.95,0.0,3930.066567502388
1731070002.8,8.33,0.495,0.0,0.85,9445.6,6554.4,0.0,5579.78,5847.14,0.0,3929.9848574771895
1731070003.3,7.68,0.832,0.0,0.745,9445.7,6554.3,0.0,5579.91,5847.33,0.0,3929.903167382118
1731070003.8,8.32,0.9,0.0,0.903,9445.8,6554.2,0.0,5580.04,5847.52,0.0,3929.8214972184164
1731070004.3,7.68,0.917,0.0,0.744,9445.9,6554.1,0.0,5580.17,5847.71,0.0,3929.739846987329
1731070004.8,8.33,0.801,0.0,0.773,9446.0,6554.0,0.0,5580.3,5847.9,0.0,3929.6582166900976
1731070005.3,7.68,0.426,0.0,1.1,9446.1,6553.9,0.0,5580.43,5848.09,0.0,3929.5766063279643
1731070005.8,8.32,0.658,0.0,1.17,9446.2,6553.8,0.0,5580.56,5848.28,0.0,3929.495015902171
1731070006.3,7.68,0.668,0.0,0.718,9446.3,6553.7,0.0,5580.69,5848.47,0.0,3929.413445413959
1731070006.8,8.32,0.812,0.0,1.46,9446.4,6553.6,0.0,5580.82,5848.66,0.0,3929.331894864571
1731070007.3,7.68,0.806,0.0,1.14,9446.5,6553.5,0.0,5580.95,5848.85,0.0,3929.2503642552483
1731070007.8,8.32,0.619,0.0,2.62,9446.6,6553.4,0.0,5581.08,5849.04,0.0,3929.1688535872318
1731070008.3,7.69,0.792,0.0,0.952,9446.7,6553.3,0.0,5581.21,5849.23,0.0,3929.0873628617633
1731070008.8,7.67,0.402,0.0,0.854,9446.8,6553.2,0.0,5581.34,5849.42,0.0,3929.005892080081
1731070009.3,8.32,0.792,0.0,2.09,9446.9,6553.1,0.0,5581.47,5849.61,0.0,3928.9244412434296
1731070009.8,8.32,1.07,0.0,1.75,9447.0,6553.0,0.0,5581.6,5849.8,0.0,3928.8430103530477
1731070010.3,7.69,0.709,0.0,2.55,9447.1,6552.9,0.0,5581.73,5849.99,0.0,3928.761599410176
1731070010.8,8.31,0.994,0.0,0.824,9447.2,6552.8,0.0,5581.86,5850.18,0.0,3928.6802084160536
1731070011.3,7.68,0.504,0.0,0.834,9447.3,6552.7,0.0,5581.99,5850.37,0.0,3928.598837371919
1731070011.8,8.32,0.88,0.0,0.743,9447.4,6552.6,0.0,5582.12,5850.56,0.0,3928.517486279016
1731070012.3,7.68,0.763,0.0,0.774,9447.5,6552.5,0.0,5582.25,5850.75,0.0,3928.4361551385814
1731070012.8,8.32,0.49,0.0,1.03,9447.6,6552.4,0.0,5582.38,5850.94,0.0,3928.354843951855
1731070013.3,7.67,0.917,0.0,3.81,9447.7,6552.3,0.0,5582.51,5851.13,0.0,3928.2735527200757
1731070013.8,8.32,0.618,0.0,2.27,9447.8,6552.2,0.0,5582.64,5851.32,0.0,3928.1922814444806
1731070014.3,7.68,1.045,0.0,0.788,9447.9,6552.1,0.0,5582.77,5851.51,0.0,3928.111030126312
1731070014.8,8.32,0.678,0.0,0.731,9448.0,6552.0,0.0,5582.9,5851.7,0.0,3928.0297987668073
1731070015.3,7.68,0.546,0.0,0.97,9448.1,6551.9,0.0,5583.03,5851.89,0.0,3927.948587367203
1731070015.8,8.33,0.876,0.0,1.21,9448.2,6551.8,0.0,5583.16,5852.08,0.0,3927.867395928738
1731070016.3,7.68,0.513,0.0,1.13,9448.3,6551.7,0.0,5583.29,5852.27,0.0,3927.786224452649
1731070016.8,8.32,1.029,0.0,0.863,9448.4,6551.6,0.0,5583.42,5852.46,0.0,3927.7050729401763
1731070017.3,7.67,0.696,0.0,0.995,9448.5,6551.5,0.0,5583.55,5852.65,0.0,3927.6239413925564
1731070017.8,8.32,0.701,0.0,0.879,9448.6,6551.4,0.0,5583.68,5852.84,0.0,3927.5428298110255
1731070018.3,7.68,0.453,0.0,0.814,9448.7,6551.3,0.0,5583.81,5853.03,0.0,3927.4617381968224
1731070018.8,8.32,0.521,0.0,0.658,9448.8,6551.2,0.0,5583.94,5853.22,0.0,3927.3806665511806
1731070019.3,7.69,1.328,0.0,0.991,9448.9,6551.1,0.0,5584.07,5853.41,0.0,3927.299614875341
1731070019.8,8.31,1.125,0.0,0.909,9449.0,6551.0,0.0,5584.2,5853.6,0.0,3927.218583170537
1731070020.3,7.69,0.804,0.0,0.84,9449.1,6550.9,0.0,5584.33,5853.79,0.0,3927.1375714380065
1731070020.8,8.32,0.57,0.0,0.842,9449.2,6550.8,0.0,5584.46,5853.98,0.0,3927.0565796789847
1731070021.3,7.68,0.613,0.0,0.768,9449.3,6550.7,0.0,5584.59,5854.17,0.0,3926.9756078947057
1731070021.8,7.68,0.658,0.0,0.971,9449.4,6550.6,0.0,5584.72,5854.36,0.0,3926.894656086409
1731070022.3,8.32,0.698,0.0,0.98,9449.5,6550.5,0.0,5584.85,5854.55,0.0,3926.8137242553275
1731070022.8,8.32,0.712,0.0,1.49,9449.6,6550.4,0.0,5584.98,5854.74,0.0,3926.7328124026985
1731070023.3,7.68,0.457,0.0,0.845,9449.7,6550.3,0.0,5585.11,5854.93,0.0,3926.651920529754
1731070023.8,8.32,0.578,0.0,0.762,9449.8,6550.2,0.0,5585.24,5855.12,0.0,3926.5710486377293
1731070024.3,7.68,0.551,0.0,0.916,9449.9,6550.1,0.0,5585.37,5855.31,0.0,3926.490196727861
1731070024.8,8.32,0.724,0.0,1.22,9450.0,6550.0,0.0,5585.5,5855.5,0.0,3926.409364801383
1731070025.3,7.69,0.726,0.0,9.48,9450.1,6549.9,0.0,5585.63,5855.69,0.0,3926.328552859529
1731070025.8,7.68,0.4,0.0,0.795,9450.2,6549.8,0.0,5585.76,5855.88,0.0,3926.2477609035327
1731070026.3,8.32,1.001,0.0,0.761,9450.3,6549.7,0.0,5585.89,5856.07,0.0,3926.1669889346267
1731070026.8,8.32,0.85,0.0,0.805,9450.4,6549.6,0.0,5586.02,5856.26,0.0,3926.0862369540473
1731070027.3,7.68,0.82,0.0,1.11,9450.5,6549.5,0.0,5586.15,5856.45,0.0,3926.005504963028
1731070027.8,8.32,0.777,0.0,0.922,9450.6,6549.4,0.0,5586.28,5856.64,0.0,3925.9247929628
1731070028.3,7.68,0.385,0.0,0.807,9450.7,6549.3,0.0,5586.41,5856.83,0.0,3925.844100954597
1731070028.8,8.32,0.756,0.0,1.26,9450.8,6549.2,0.0,5586.54,5857.02,0.0,3925.7634289396497
1731070029.3,7.69,0.764,0.0,1.05,9450.9,6549.1,0.0,5586.67,5857.21,0.0,3925.682776919194
1731070029.8,7.67,0.967,0.0,0.8,9451.0,6549.0,0.0,5586.8,5857.4,0.0,3925.6021448944616
1731070030.3,8.32,1.114,0.0,0.768,9451.1,6548.9,0.0,5586.93,5857.59,0.0,3925.521532866684
1731070030.8,8.33,0.525,0.0,0.979,9451.2,6548.8,0.0,5587.06,5857.78,0.0,3925.440940837093
1731070031.3,7.67,0.793,0.0,0.975,9451.3,6548.7,0.0,5587.19,5857.97,0.0,3925.3603688069197
1731070031.8,8.32,0.452,0.0,1.06,9451.4,6548.6,0.0,5587.32,5858.16,0.0,3925.2798167773976
1731070032.3,7.68,0.895,0.0,1.13,9451.5,6548.5,0.0,5587.45,5858.35,0.0,3925.1992847497568
1731070032.8,8.32,1.099,0.0,2.82,9451.6,6548.4,0.0,5587.58,5858.54,0.0,3925.118772725228
1731070033.3,7.68,0.613,0.0,6.41,9451.7,6548.3,0.0,5587.71,5858.73,0.0,3925.0382807050437
1731070033.8,8.32,0.858,0.0,3.1,9451.8,6548.2,0.0,5587.84,5858.92,0.0,3924.957808690431
1731070034.3,7.68,0.449,0.0,1.76,9451.9,6548.1,0.0,5587.97,5859.11,0.0,3924.8773566826258
1731070034.8,8.33,0.884,0.0,2.18,9452.0,6548.0,0.0,5588.1,5859.3,0.0,3924.796924682855
1731070035.3,7.68,0.536,0.0,3.32,9452.1,6547.9,0.0,5588.23,5859.49,0.0,3924.7165126923505
1731070035.8,8.31,0.492,0.0,2.07,9452.2,6547.8,0.0,5588.36,5859.68,0.0,3924.6361207123405
1731070036.3,7.69,0.851,0.0,2.56,9452.3,6547.7,0.0,5588.49,5859.87,0.0,3924.5557487440533
1731070036.8,8.32,0.414,0.0,4.15,9452.4,6547.6,0.0,5588.62,5860.06,0.0,3924.475396788722
1731070037.3,7.68,0.965,0.0,0.828,9452.5,6547.5,0.0,5588.75,5860.25,0.0,3924.3950648475748
1731070037.8,8.32,0.587,0.0,0.973,9452.6,6547.4,0.0,5588.88,5860.44,0.0,3924.31475292184
1731070038.3,7.69,0.524,0.0,1.19,9452.7,6547.3,0.0,5589.01,5860.63,0.0,3924.234461012747
1731070038.8,7.67,0.352,0.0,2.25,9452.8,6547.2,0.0,5589.14,5860.82,0.0,3924.1541891215224
1731070039.3,8.32,0.523,0.0,6.05,9452.9,6547.1,0.0,5589.27,5861.01,0.0,3924.073937249398
1731070039.8,8.33,1.078,0.0,0.844,9453.0,6547.0,0.0,5589.4,5861.2,0.0,3923.9937053976023
1731070040.3,7.68,0.637,0.0,4.17,9453.1,6546.9,0.0,5589.53,5861.39,0.0,3923.91349356736
1731070040.8,7.68,0.632,0.0,1.14,9453.2,6546.8,0.0,5589.66,5861.58,0.0,3923.833301759901
1731070041.3,8.31,0.784,0.0,1.7,9453.3,6546.7,0.0,5589.79,5861.77,0.0,3923.7531299764505
1731070041.8,8.32,0.72,0.0,0.843,9453.4,6546.6,0.0,5589.92,5861.96,0.0,3923.6729782182406
1731070042.3,7.68,0.907,0.0,0.836,9453.5,6546.5,0.0,5590.05,5862.15,0.0,3923.5928464864955
1731070042.8,7.69,0.668,0.0,0.749,9453.6,6546.4,0.0,5590.18,5862.34,0.0,3923.5127347824423
1731070043.3,8.32,0.652,0.0,1.15,9453.7,6546.3,0.0,5590.31,5862.53,0.0,3923.432643107309
1731070043.8,8.32,0.417,0.0,0.986,9453.8,6546.2,0.0,5590.44,5862.72,0.0,3923.3525714623197
1731070044.3,7.69,0.536,0.0,1.55,9453.9,6546.1,0.0,5590.57,5862.91,0.0,3923.272519848704
1731070044.8,8.31,0.542,0.0,0.819,9454.0,6546.0,0.0,5590.7,5863.1,0.0,3923.1924882676863
1731070045.3,7.69,0.614,0.0,0.726,9454.1,6545.9,0.0,5590.83,5863.29,0.0,3923.1124767204933
1731070045.8,8.31,0.669,0.0,0.875,9454.2,6545.8,0.0,5590.96,5863.48,0.0,3923.0324852083504
1731070046.3,7.68,0.454,0.0,1.04,9454.3,6545.7,0.0,5591.09,5863.67,0.0,3922.9525137324813
1731070046.8,8.32,0.627,0.0,1.05,9454.4,6545.6,0.0,5591.22,5863.86,0.0,3922.872562294115
1731070047.3,7.67,0.619,0.0,1.48,9454.5,6545.5,0.0,5591.35,5864.05,0.0,3922.7926308944748
1731070047.8,8.32,0.67,0.0,1.59,9454.6,6545.4,0.0,5591.48,5864.24,0.0,3922.712719534787
1731070048.3,7.68,0.716,0.0,0.942,9454.7,6545.3,0.0,5591.61,5864.43,0.0,3922.6328282162744
1731070048.8,8.32,0.379,0.0,0.972,9454.8,6545.2,0.0,5591.74,5864.62,0.0,3922.5529569401606
1731070049.3,7.68,0.65,0.0,0.738,9454.9,6545.1,0.0,5591.87,5864.81,0.0,3922.473105707673
1731070049.8,8.32,0.738,0.0,0.99,9455.0,6545.0,0.0,5592.0,5865.0,0.0,3922.3932745200345
1731070050.3,7.69,0.793,0.0,1.01,9455.1,6544.9,0.0,5592.13,5865.19,0.0,3922.3134633784694
1731070050.8,8.31,0.828,0.0,1.7,9455.2,6544.8,0.0,5592.26,5865.38,0.0,3922.2336722842006
1731070051.3,7.69,0.589,0.0,0.762,9455.3,6544.7,0.0,5592.39,5865.57,0.0,3922.15390123845
1731070051.8,8.31,0.866,0.0,0.739,9455.4,6544.6,0.0,5592.52,5865.76,0.0,3922.0741502424444
1731070052.3,7.68,0.509,0.0,1.03,9455.5,6544.5,0.0,5592.65,5865.95,0.0,3921.9944192974067
1731070052.8,8.32,0.84,0.0,0.981,9455.6,6544.4,0.0,5592.78,5866.14,0.0,3921.914708404557
1731070053.3,7.68,0.993,0.0,1.72,9455.7,6544.3,0.0,5592.91,5866.33,0.0,3921.8350175651203
1731070053.8,8.33,0.575,0.0,1.06,9455.8,6544.2,0.0,5593.04,5866.52,0.0,3921.755346780316
1731070054.3,7.68,0.847,0.0,4.05,9455.9,6544.1,0.0,5593.17,5866.71,0.0,3921.67569605137
1731070054.8,8.31,0.52,0.0,1.49,9456.0,6544.0,0.0,5593.3,5866.9,0.0,3921.596065379503
1731070055.3,7.69,0.956,0.0,0.721,9456.1,6543.9,0.0,5593.43,5867.09,0.0,3921.5164547659365
1731070055.8,7.67,0.658,0.0,0.701,9456.2,6543.8,0.0,5593.56,5867.28,0.0,3921.4368642118925
1731070056.3,8.33,0.512,0.0,0.825,9456.3,6543.7,0.0,5593.69,5867.47,0.0,3921.357293718592
1731070056.8,8.32,0.825,0.0,0.938,9456.4,6543.6,0.0,5593.82,5867.66,0.0,3921.2777432872567
1731070057.3,7.68,0.421,0.0,1.06,9456.5,6543.5,0.0,5593.95,5867.85,0.0,3921.1982129191074
1731070057.8,8.33,0.922,0.0,1.52,9456.6,6543.4,0.0,5594.08,5868.04,0.0,3921.118702615365
1731070058.3,7.68,0.54,0.0,0.853,9456.7,6543.3,0.0,5594.21,5868.23,0.0,3921.0392123772504
1731070058.8,8.32,0.625,0.0,1.09,9456.8,6543.2,0.0,5594.34,5868.42,0.0,3920.959742205981
1731070059.3,7.68,0.729,0.0,0.988,9456.9,6543.1,0.0,5594.47,5868.61,0.0,3920.880292102782
1731070059.8,8.32,0.519,0.0,1.56,9457.0,6543.0,0.0,5594.6,5868.8,0.0,3920.8008620688706
1731070060.3,7.68,1.088,0.0,0.823,9457.1,6542.9,0.0,5594.73,5868.99,0.0,3920.7214521054675
1731070060.8,8.31,0.703,0.0,1.082,9457.2,6542.8,0.0,5594.86,5869.18,0.0,3920.642062213791
1731070061.3,7.68,0.636,0.0,1.34,9457.3,6542.7,0.0,5594.99,5869.37,0.0,3920.562692395059
1731070061.8,8.33,0.884,0.0,1.37,9457.4,6542.6,0.0,5595.12,5869.56,0.0,3920.4833426504947
1731070062.3,7.67,0.755,0.0,10.5,9457.5,6542.5,0.0,5595.25,5869.75,0.0,3920.404012981315
1731070062.8,8.33,1.239,0.0,0.844,9457.6,6542.4,0.0,5595.38,5869.94,0.0,3920.3247033887387
1731070063.3,7.67,0.711,0.0,2.29,9457.7,6542.3,0.0,5595.51,5870.13,0.0,3920.245413873984
1731070063.8,8.32,0.602,0.0,0.772,9457.8,6542.2,0.0,5595.64,5870.32,0.0,3920.1661444382676
1731070064.3,7.69,0.549,0.0,1.2,9457.9,6542.1,0.0,5595.77,5870.51,0.0,3920.086895082811
1731070064.8,8.31,0.55,0.0,0.931,9458.0,6542.0,0.0,5595.9,5870.7,0.0,3920.007665808831
1731070065.3,7.68,0.602,0.0,0.724,9458.1,6541.9,0.0,5596.03,5870.89,0.0,3919.9284566175443
1731070065.8,8.31,0.676,0.0,1.11,9458.2,6541.8,0.0,5596.16,5871.08,0.0,3919.849267510169
1731070066.3,7.68,0.728,0.0,0.859,9458.3,6541.7,0.0,5596.29,5871.27,0.0,3919.7700984879193
1731070066.8,8.33,0.428,0.0,1.21,9458.4,6541.6,0.0,5596.42,5871.46,0.0,3919.6909495520176
1731070067.3,7.68,0.643,0.0,0.827,9458.5,6541.5,0.0,5596.55,5871.65,0.0,3919.6118207036775
1731070067.8,8.31,0.695,0.0,1.04,9458.6,6541.4,0.0,5596.68,5871.84,0.0,3919.5327119441163
1731070068.3,7.68,0.815,0.0,1.04,9458.7,6541.3,0.0,5596.81,5872.03,0.0,3919.453623274551
1731070068.8,8.32,0.731,0.0,1.34,9458.8,6541.2,0.0,5596.94,5872.22,0.0,3919.374554696195
1731070069.3,7.68,0.415,0.0,1.11,9458.9,6541.1,0.0,5597.07,5872.41,0.0,3919.295506210268
1731070069.8,8.32,0.64,0.0,1.58,9459.0,6541.0,0.0,5597.2,5872.6,0.0,3919.2164778179836
1731070070.31,7.68,0.793,0.0,3.89,9459.1,6540.9,0.0,5597.33,5872.79,0.0,3919.137469520558
1731070070.8,8.32,0.827,0.0,0.791,9459.2,6540.8,0.0,5597.46,5872.98,0.0,3919.0584813192067
1731070071.3,7.69,0.845,0.0,1.32,9459.3,6540.7,0.0,5597.59,5873.17,0.0,3918.979513215142
1731070071.8,8.31,0.516,0.0,0.862,9459.4,6540.6,0.0,5597.72,5873.36,0.0,3918.900565209584
1731070072.3,7.69,0.801,0.0,2.77,9459.5,6540.5,0.0,5597.85,5873.55,0.0,3918.821637303744
1731070072.8,7.68,0.427,0.0,0.83,9459.6,6540.4,0.0,5597.98,5873.74,0.0,3918.742729498839
1731070073.3,8.31,0.867,0.0,1.34,9459.7,6540.3,0.0,5598.11,5873.93,0.0,3918.6638417960794
1731070073.8,8.32,1.123,0.0,1.03,9459.8,6540.2,0.0,5598.24,5874.12,0.0,3918.58497419668
1731070074.3,7.67,0.558,0.0,1.74,9459.9,6540.1,0.0,5598.37,5874.31,0.0,3918.506126701858
1731070074.8,8.33,0.766,0.0,1.44,9460.0,6540.0,0.0,5598.5,5874.5,0.0,3918.427299312825
1731070075.3,7.68,0.441,0.0,2.63,9460.1,6539.9,0.0,5598.63,5874.69,0.0,3918.3484920307947
1731070075.8,8.32,0.871,0.0,1.92,9460.2,6539.8,0.0,5598.76,5874.88,0.0,3918.26970485698
1731070076.3,7.68,0.731,0.0,9.26,9460.3,6539.7,0.0,5598.89,5875.07,0.0,3918.190937792592
1731070076.8,8.32,0.583,0.0,1.5,9460.4,6539.6,0.0,5599.02,5875.26,0.0,3918.1121908388477
1731070077.3,7.68,0.828,0.0,0.812,9460.5,6539.5,0.0,5599.15,5875.45,0.0,3918.0334639969583
1731070077.8,8.32,0.557,0.0,3.07,9460.6,6539.4,0.0,5599.28,5875.64,0.0,3917.954757268134
1731070078.3,7.68,1.018,0.0,2.87,9460.7,6539.3,0.0,5599.41,5875.83,0.0,3917.876070653589
1731070078.8,8.32,0.55,0.0,4.65,9460.8,6539.2,0.0,5599.54,5876.02,0.0,3917.7974041545326
1731070079.3,7.69,0.589,0.0,3.43,9460.9,6539.1,0.0,5599.67,5876.21,0.0,3917.7187577721807
1731070079.8,8.31,1.525,0.0,3.05,9461.0,6539.0,0.0,5599.8,5876.4,0.0,3917.6401315077424
1731070080.3,7.68,0.788,0.0,0.857,9461.1,6538.9,0.0,5599.93,5876.59,0.0,3917.561525362429
1731070080.8,8.32,1.274,0.0,1.11,9461.2,6538.8,0.0,5600.06,5876.78,0.0,3917.482939337452
1731070081.3,7.68,0.732,0.0,1.05,9461.3,6538.7,0.0,5600.19,5876.97,0.0,3917.404373434021
1731070081.8,8.32,0.549,0.0,1.71,9461.4,6538.6,0.0,5600.32,5877.16,0.0,3917.3258276533497
1731070082.3,7.69,0.386,0.0,0.877,9461.5,6538.5,0.0,5600.45,5877.35,0.0,3917.247301996646
1731070082.8,8.31,0.447,0.0,0.827,9461.6,6538.4,0.0,5600.58,5877.54,0.0,3917.168796465121
1731070083.3,7.68,1.103,0.0,0.805,9461.7,6538.3,0.0,5600.71,5877.73,0.0,3917.0903110599847
1731070083.8,8.32,0.709,0.0,1.02,9461.8,6538.2,0.0,5600.84,5877.92,0.0,3917.0118457824447
1731070084.3,7.67,0.61,0.0,1.02,9461.9,6538.1,0.0,5600.97,5878.11,0.0,3916.9334006337144
1731070084.8,8.33,0.396,0.0,1.51,9462.0,6538.0,0.0,5601.1,5878.3,0.0,3916.854975615002
1731070085.3,7.68,0.506,0.0,0.892,9462.1,6537.9,0.0,5601.23,5878.49,0.0,3916.7765707275166
1731070085.8,7.67,0.545,0.0,1.21,9462.2,6537.8,0.0,5601.36,5878.68,0.0,3916.698185972466
1731070086.3,8.33,0.595,0.0,1.05,9462.3,6537.7,0.0,5601.49,5878.87,0.0,3916.6198213510584
1731070086.8,8.31,0.665,0.0,1.45,9462.4,6537.6,0.0,5601.62,5879.06,0.0,3916.541476864505
1731070087.3,7.68,0.452,0.0,0.795,9462.5,6537.5,0.0,5601.75,5879.25,0.0,3916.463152514013
1731070087.8,8.32,0.555,0.0,0.696,9462.6,6537.4,0.0,5601.88,5879.44,0.0,3916.38484830079
1731070088.3,7.68,0.57,0.0,1.73,9462.7,6537.3,0.0,5602.01,5879.63,0.0,3916.3065642260444
1731070088.8,8.31,0.629,0.0,3.25,9462.8,6537.2,0.0,5602.14,5879.82,0.0,3916.2283002909817
1731070089.3,7.68,0.694,0.0,2.7,9462.9,6537.1,0.0,5602.27,5880.01,0.0,3916.1500564968132
1731070089.8,7.69,0.48,0.0,1.24,9463.0,6537.0,0.0,5602.4,5880.2,0.0,3916.0718328447456
1731070090.3,8.32,0.633,0.0,1.58,9463.1,6536.9,0.0,5602.53,5880.39,0.0,3915.993629335983
1731070090.8,8.31,0.607,0.0,2.06,9463.2,6536.8,0.0,5602.66,5880.58,0.0,3915.9154459717342
1731070091.3,7.68,0.693,0.0,0.923,9463.3,6536.7,0.0,5602.79,5880.77,0.0,3915.837282753204
1731070091.8,8.33,0.723,0.0,0.925,9463.4,6536.6,0.0,5602.92,5880.96,0.0,3915.759139681602
1731070092.3,7.67,0.366,0.0,0.963,9463.5,6536.5,0.0,5603.05,5881.15,0.0,3915.681016758132
1731070092.8,8.33,0.642,0.0,1.04,9463.6,6536.4,0.0,5603.18,5881.34,0.0,3915.602913984001
1731070093.3,7.68,0.651,0.0,2.75,9463.7,6536.3,0.0,5603.31,5881.53,0.0,3915.5248313604147
1731070093.8,8.32,0.872,0.0,0.738,9463.8,6536.2,0.0,5603.44,5881.72,0.0,3915.446768888577
1731070094.3,7.68,0.91,0.0,1.54,9463.9,6536.1,0.0,5603.57,5881.91,0.0,3915.368726569696
1731070094.8,8.32,0.449,0.0,0.837,9464.0,6536.0,0.0,5603.7,5882.1,0.0,3915.2907044049743
1731070095.3,7.68,0.723,0.0,2.74,9464.1,6535.9,0.0,5603.83,5882.29,0.0,3915.2127023956186
1731070095.8,8.32,0.366,0.0,1.12,9464.2,6535.8,0.0,5603.96,5882.48,0.0,3915.134720542833
1731070096.3,7.68,0.823,0.0,1.27,9464.3,6535.7,0.0,5604.09,5882.67,0.0,3915.0567588478193
1731070096.8,8.31,0.827,0.0,1.18,9464.4,6535.6,0.0,5604.22,5882.86,0.0,3914.9788173117868
1731070097.3,7.68,0.487,0.0,1.06,9464.5,6535.5,0.0,5604.35,5883.05,0.0,3914.900895935936
1731070097.8,8.32,0.761,0.0,0.885,9464.6,6535.4,0.0,5604.48,5883.24,0.0,3914.8229947214736
1731070098.3,7.68,0.518,0.0,0.825,9464.7,6535.3,0.0,5604.61,5883.43,0.0,3914.7451136695995
1731070098.8,8.32,0.913,0.0,0.797,9464.8,6535.2,0.0,5604.74,5883.62,0.0,3914.667252781518
1731070099.3,7.69,0.735,0.0,0.894,9464.9,6535.1,0.0,5604.87,5883.81,0.0,3914.5894120584344
1731070099.8,8.32,0.688,0.0,0.846,9465.0,6535.0,0.0,5605.0,5884.0,0.0,3914.5115915015504
1731070100.3,7.68,0.967,0.0,1.77,9465.1,6534.9,0.0,5605.13,5884.19,0.0,3914.433791112069
1731070100.8,8.32,0.439,0.0,0.832,9465.2,6534.8,0.0,5605.26,5884.38,0.0,3914.356010891192
1731070101.3,7.68,1.329,0.0,0.717,9465.3,6534.7,0.0,5605.39,5884.57,0.0,3914.27825084012
1731070101.8,8.32,0.705,0.0,1.27,9465.4,6534.6,0.0,5605.52,5884.76,0.0,3914.20051096006
1731070102.3,7.68,0.61,0.0,0.892,9465.5,6534.5,0.0,5605.65,5884.95,0.0,3914.1227912522113
1731070102.8,7.68,0.47,0.0,2.11,9465.6,6534.4,0.0,5605.78,5885.14,0.0,3914.045091717775
1731070103.3,8.32,0.541,0.0,0.892,9465.7,6534.3,0.0,5605.91,5885.33,0.0,3913.9674123579525
1731070103.8,7.68,1.146,0.0,0.841,9465.8,6534.2,0.0,5606.04,5885.52,0.0,3913.889753173944
1731070104.3,8.32,0.734,0.0,1.54,9465.9,6534.1,0.0,5606.17,5885.71,0.0,3913.8121141669535
1731070104.8,8.32,0.689,0.0,2.02,9466.0,6534.0,0.0,5606.3,5885.9,0.0,3913.7344953381803
1731070105.3,7.68,0.467,0.0,3.06,9466.1,6533.9,0.0,5606.43,5886.09,0.0,3913.6568966888244
1731070105.8,8.32,0.563,0.0,0.908,9466.2,6533.8,0.0,5606.56,5886.28,0.0,3913.5793182200873
1731070106.3,7.68,0.845,0.0,0.843,9466.3,6533.7,0.0,5606.69,5886.47,0.0,3913.5017599331672
1731070106.8,7.69,0.571,0.0,0.84,9466.4,6533.6,0.0,5606.82,5886.66,0.0,3913.4242218292666
1731070107.3,8.32,0.593,0.0,1.05,9466.5,6533.5,0.0,5606.95,5886.85,0.0,3913.3467039095835
1731070107.8,8.32,0.412,0.0,1.52,9466.6,6533.4,0.0,5607.08,5887.04,0.0,3913.269206175318
1731070108.3,7.69,0.553,0.0,0.833,9466.7,6533.3,0.0,5607.21,5887.23,0.0,3913.1917286276694
1731070108.8,8.32,0.534,0.0,0.887,9466.8,6533.2,0.0,5607.34,5887.42,0.0,3913.1142712678343
1731070109.3,7.67,0.678,0.0,0.972,9466.9,6533.1,0.0,5607.47,5887.61,0.0,3913.036834097016
1731070109.8,8.32,0.687,0.0,0.987,9467.0,6533.0,0.0,5607.6,5887.8,0.0,3912.9594171164103
1731070110.3,7.69,0.419,0.0,1.52,9467.1,6532.9,0.0,5607.73,5887.99,0.0,3912.882020327217
1731070110.8,8.32,0.573,0.0,5.63,9467.2,6532.8,0.0,5607.86,5888.18,0.0,3912.804643730633
1731070111.3,7.67,0.693,0.0,0.824,9467.3,6532.7,0.0,5607.99,5888.37,0.0,3912.7272873278553
1731070111.8,8.32,0.692,0.0,3.97,9467.4,6532.6,0.0,5608.12,5888.56,0.0,3912.6499511200846
1731070112.3,7.69,0.75,0.0,0.966,9467.5,6532.5,0.0,5608.25,5888.75,0.0,3912.5726351085164
1731070112.8,8.31,0.499,0.0,1.64,9467.6,6532.4,0.0,5608.38,5888.94,0.0,3912.495339294349
1731070113.3,7.68,0.722,0.0,0.816,9467.7,6532.3,0.0,5608.51,5889.13,0.0,3912.4180636787787
1731070113.8,8.32,0.774,0.0,0.819,9467.8,6532.2,0.0,5608.64,5889.32,0.0,3912.3408082630012
1731070114.3,7.68,0.705,0.0,0.814,9467.9,6532.1,0.0,5608.77,5889.51,0.0,3912.263573048216
1731070114.8,8.33,0.765,0.0,0.808,9468.0,6532.0,0.0,5608.9,5889.7,0.0,3912.1863580356194
1731070115.3,7.68,0.523,0.0,1.31,9468.1,6531.9,0.0,5609.03,5889.89,0.0,3912.109163226405
1731070115.8,8.32,0.753,0.0,1.74,9468.2,6531.8,0.0,5609.16,5890.08,0.0,3912.031988621771
1731070116.3,7.68,0.387,0.0,2.74,9468.3,6531.7,0.0,5609.29,5890.27,0.0,3911.9548342229095
1731070116.8,8.32,0.765,0.0,0.928,9468.4,6531.6,0.0,5609.42,5890.46,0.0,3911.877700031022
1731070117.3,7.67,0.844,0.0,2.05,9468.5,6531.5,0.0,5609.55,5890.65,0.0,3911.8005860473
1731070117.8,8.33,0.439,0.0,2.23,9468.6,6531.4,0.0,5609.68,5890.84,0.0,3911.7234922729394
1731070118.3,7.68,0.81,0.0,4.52,9468.7,6531.3,0.0,5609.81,5891.03,0.0,3911.646418709135
1731070118.8,8.31,0.375,0.0,1.94,9468.8,6531.2,0.0,5609.94,5891.22,0.0,3911.569365357081
1731070119.3,7.68,0.836,0.0,2.2,9468.9,6531.1,0.0,5610.07,5891.41,0.0,3911.492332217973
1731070119.8,7.68,0.493,0.0,1.05,9469.0,6531.0,0.0,5610.2,5891.6,0.0,3911.4153192930053
1731070120.3,8.32,0.435,0.0,0.935,9469.1,6530.9,0.0,5610.33,5891.79,0.0,3911.338326583371
1731070120.8,8.32,0.83,0.0,0.864,9469.2,6530.8,0.0,5610.46,5891.98,0.0,3911.261354090264
1731070121.3,7.68,0.469,0.0,1.34,9469.3,6530.7,0.0,5610.59,5892.17,0.0,3911.1844018148763
1731070121.8,8.32,1.008,0.0,0.832,9469.4,6530.6,0.0,5610.72,5892.36,0.0,3911.1074697584054
1731070122.3,7.68,0.662,0.0,0.853,9469.5,6530.5,0.0,5610.85,5892.55,0.0,3911.030557922042
1731070122.8,8.32,0.593,0.0,0.96,9469.6,6530.4,0.0,5610.98,5892.74,0.0,3910.95366630698
1731070123.3,7.68,0.845,0.0,1.04,9469.7,6530.3,0.0,5611.11,5892.93,0.0,3910.87679491441
1731070123.8,8.32,0.531,0.0,1.62,9469.8,6530.2,0.0,5611.24,5893.12,0.0,3910.799943745524
1731070124.3,7.67,1.136,0.0,0.854,9469.9,6530.1,0.0,5611.37,5893.31,0.0,3910.7231128015187
1731070124.8,8.33,0.601,0.0,0.831,9470.0,6530.0,0.0,5611.5,5893.5,0.0,3910.6463020835827
1731070125.3,7.67,0.526,0.0,2.57,9470.1,6529.9,0.0,5611.63,5893.69,0.0,3910.569511592909
1731070125.8,8.33,0.417,0.0,2.17,9470.2,6529.8,0.0,5611.76,5893.88,0.0,3910.4927413306887
1731070126.3,7.67,0.521,0.0,0.868,9470.3,6529.7,0.0,5611.89,5894.07,0.0,3910.4159912981113
1731070126.8,8.33,1.117,0.0,1.31,9470.4,6529.6,0.0,5612.02,5894.26,0.0,3910.3392614963723
1731070127.3,7.68,0.654,0.0,1.9,9470.5,6529.5,0.0,5612.15,5894.45,0.0,3910.2625519266608
1731070127.8,8.33,0.852,0.0,1.46,9470.6,6529.4,0.0,5612.28,5894.64,0.0,3910.1858625901664
1731070128.3,7.68,0.626,0.0,0.762,9470.7,6529.3,0.0,5612.41,5894.83,0.0,3910.1091934880806
1731070128.8,8.32,0.825,0.0,0.859,9470.8,6529.2,0.0,5612.54,5895.02,0.0,3910.032544621591
1731070129.3,7.68,0.656,0.0,0.898,9470.9,6529.1,0.0,5612.67,5895.21,0.0,3909.955915991892
1731070129.8,8.32,0.634,0.0,0.88,9471.0,6529.0,0.0,5612.8,5895.4,0.0,3909.879307600172
1731070130.3,7.68,0.651,0.0,0.784,9471.1,6528.9,0.0,5612.93,5895.59,0.0,3909.8027194476194
1731070130.8,8.33,0.443,0.0,0.779,9471.2,6528.8,0.0,5613.06,5895.78,0.0,3909.7261515354244
1731070131.3,7.68,0.563,0.0,0.836,9471.3,6528.7,0.0,5613.19,5895.97,0.0,3909.6496038647756
1731070131.8,8.32,0.575,0.0,0.926,9471.4,6528.6,0.0,5613.32,5896.16,0.0,3909.5730764368636
1731070132.3,7.68,0.656,0.0,1.07,9471.5,6528.5,0.0,5613.45,5896.35,0.0,3909.4965692528754
1731070132.8,8.32,0.686,0.0,0.893,9471.6,6528.4,0.0,5613.58,5896.54,0.0,3909.420082314
1731070133.3,7.67,0.394,0.0,1.06,9471.7,6528.3,0.0,5613.71,5896.73,0.0,3909.343615621426
1731070133.8,8.32,0.663,0.0,0.968,9471.8,6528.2,0.0,5613.84,5896.92,0.0,3909.26716917634
1731070134.3,7.68,0.706,0.0,7.57,9471.9,6528.1,0.0,5613.97,5897.11,0.0,3909.190742979932
1731070134.8,8.33,0.844,0.0,0.713,9472.0,6528.0,0.0,5614.1,5897.3,0.0,3909.1143370333893
1731070135.3,7.68,0.987,0.0,1.12,9472.1,6527.9,0.0,5614.23,5897.49,0.0,3909.0379513379
1731070135.8,8.32,0.487,0.0,0.99,9472.2,6527.8,0.0,5614.36,5897.68,0.0,3908.9615858946486
1731070136.3,7.68,0.911,0.0,2.14,9472.3,6527.7,0.0,5614.49,5897.87,0.0,3908.885240704822
1731070136.8,7.68,0.558,0.0,1.1,9472.4,6527.6,0.0,5614.62,5898.06,0.0,3908.8089157696104
1731070137.3,8.32,0.862,0.0,1.28,9472.5,6527.5,0.0,5614.75,5898.25,0.0,3908.7326110901986
1731070137.8,8.33,0.977,0.0,1.44,9472.6,6527.4,0.0,5614.88,5898.44,0.0,3908.656326667772
1731070138.3,7.67,0.507,0.0,0.93,9472.7,6527.3,0.0,5615.01,5898.63,0.0,3908.580062503518
1731070138.8,8.33,0.757,0.0,0.856,9472.8,6527.2,0.0,5615.14,5898.82,0.0,3908.5038185986195
1731070139.3,7.69,0.403,0.0,0.889,9472.9,6527.1,0.0,5615.27,5899.01,0.0,3908.4275949542666
1731070139.8,8.31,0.977,0.0,1.05,9473.0,6527.0,0.0,5615.4,5899.2,0.0,3908.3513915716435
1731070140.3,7.68,0.841,0.0,2.47,9473.1,6526.9,0.0,5615.53,5899.39,0.0,3908.2752084519334
1731070140.8,8.32,0.512,0.0,1.03,9473.2,6526.8,0.0,5615.66,5899.58,0.0,3908.199045596323
1731070141.3,7.68,0.851,0.0,1.08,9473.3,6526.7,0.0,5615.79,5899.77,0.0,3908.1229030059935
1731070141.8,8.32,0.493,0.0,1.1,9473.4,6526.6,0.0,5615.92,5899.96,0.0,3908.046780682135
1731070142.3,7.69,1.045,0.0,1.03,9473.5,6526.5,0.0,5616.05,5900.15,0.0,3907.9706786259285
1731070142.8,8.31,0.569,0.0,0.962,9473.6,6526.4,0.0,5616.18,5900.34,0.0,3907.8945968385583
1731070143.3,7.68,0.649,0.0,0.817,9473.7,6526.3,0.0,5616.31,5900.53,0.0,3907.8185353212098
1731070143.8,8.32,0.924,0.0,0.831,9473.8,6526.2,0.0,5616.44,5900.72,0.0,3907.7424940750634
1731070144.3,7.67,0.488,0.0,0.772,9473.9,6526.1,0.0,5616.57,5900.91,0.0,3907.6664731013057
1731070144.8,7.69,1.133,0.0,0.823,9474.0,6526.0,0.0,5616.7,5901.1,0.0,3907.590472401119
1731070145.3,8.33,0.73,0.0,1.01,9474.1,6525.9,0.0,5616.83,5901.29,0.0,3907.514491975686
1731070145.8,8.32,0.747,0.0,0.897,9474.2,6525.8,0.0,5616.96,5901.48,0.0,3907.4385318261893
1731070146.3,7.67,0.474,0.0,3.37,9474.3,6525.7,0.0,5617.09,5901.67,0.0,3907.3625919538094
1731070146.8,7.69,0.562,0.0,6.06,9474.4,6525.6,0.0,5617.22,5901.86,0.0,3907.286672359733
1731070147.3,8.31,1.191,0.0,0.82,9474.5,6525.5,0.0,5617.35,5902.05,0.0,3907.2107730451394
1731070147.8,8.32,0.663,0.0,4.04,9474.6,6525.4,0.0,5617.48,5902.24,0.0,3907.1348940112125
1731070148.3,7.69,0.569,0.0,1.01,9474.7,6525.3,0.0,5617.61,5902.43,0.0,3907.0590352591307
1731070148.8,8.31,0.415,0.0,1.69,9474.8,6525.2,0.0,5617.74,5902.62,0.0,3906.983196790075
1731070149.3,7.68,0.543,0.0,0.77,9474.9,6525.1,0.0,5617.87,5902.81,0.0,3906.9073786052313
1731070149.8,7.68,0.57,0.0,0.801,9475.0,6525.0,0.0,5618.0,5903.0,0.0,3906.831580705777
1731070150.3,8.32,0.742,0.0,0.84,9475.1,6524.9,0.0,5618.13,5903.19,0.0,3906.755803092894
1731070150.8,8.32,0.664,0.0,0.82,9475.2,6524.8,0.0,5618.26,5903.38,0.0,3906.6800457677623
1731070151.3,7.68,0.529,0.0,1.16,9475.3,6524.7,0.0,5618.39,5903.57,0.0,3906.60430873156
1731070151.8,8.32,0.568,0.0,0.87,9475.4,6524.6,0.0,5618.52,5903.76,0.0,3906.5285919854723
1731070152.3,7.68,0.773,0.0,3.39,9475.5,6524.5,0.0,5618.65,5903.95,0.0,3906.452895530676
1731070152.8,8.32,0.711,0.0,1.46,9475.6,6524.4,0.0,5618.78,5904.14,0.0,3906.3772193683503
1731070153.3,7.68,0.719,0.0,2.59,9475.7,6524.3,0.0,5618.91,5904.33,0.0,3906.3015634996755
1731070153.8,7.68,0.407,0.0,1.04,9475.8,6524.2,0.0,5619.04,5904.52,0.0,3906.2259279258274
1731070154.3,8.33,0.628,0.0,0.888,9475.9,6524.1,0.0,5619.17,5904.71,0.0,3906.150312647991
1731070154.8,7.62,0.689,0.0,1.07,9476.0,6524.0,0.0,5619.3,5904.9,0.0,3906.0747176673412
1731070155.3,8.38,1.273,0.0,2.93,9476.1,6523.9,0.0,5619.43,5905.09,0.0,3905.999142985057
1731070155.8,8.3,0.973,0.0,0.853,9476.2,6523.8,0.0,5619.56,5905.28,0.0,3905.923588602317
1731070156.3,7.7,0.55,0.0,1.98,9476.3,6523.7,0.0,5619.69,5905.47,0.0,3905.848054520298
1731070156.8,8.32,0.687,0.0,0.986,9476.4,6523.6,0.0,5619.82,5905.66,0.0,3905.77254074018
1731070157.3,7.67,0.519,0.0,1.72,9476.5,6523.5,0.0,5619.95,5905.85,0.0,3905.6970472631388
1731070157.8,8.33,0.785,0.0,0.832,9476.6,6523.4,0.0,5620.08,5906.04,0.0,3905.6215740903526
1731070158.3,7.68,0.921,0.0,0.801,9476.7,6523.3,0.0,5620.21,5906.23,0.0,3905.546121222998
1731070158.8,8.31,0.605,0.0,0.771,9476.8,6523.2,0.0,5620.34,5906.42,0.0,3905.4706886622507
1731070159.3,7.68,0.959,0.0,0.883,9476.9,6523.1,0.0,5620.47,5906.61,0.0,3905.39527640929
1731070159.8,8.32,0.46,0.0,0.847,9477.0,6523.0,0.0,5620.6,5906.8,0.0,3905.3198844652916
1731070160.3,7.68,0.867,0.0,0.954,9477.1,6522.9,0.0,5620.73,5906.99,0.0,3905.2445128314316
1731070160.8,8.32,0.966,0.0,0.998,9477.2,6522.8,0.0,5620.86,5907.18,0.0,3905.1691615088853
1731070161.3,7.67,0.485,0.0,1.21,9477.3,6522.7,0.0,5620.99,5907.37,0.0,3905.0938304988263
1731070161.8,8.32,0.791,0.0,1.05,9477.4,6522.6,0.0,5621.12,5907.56,0.0,3905.0185198024346
1731070162.3,7.68,0.516,0.0,0.941,9477.5,6522.5,0.0,5621.25,5907.75,0.0,3904.9432294208837
1731070162.8,8.32,0.92,0.0,0.849,9477.6,6522.4,0.0,5621.38,5907.94,0.0,3904.8679593553484
1731070163.3,7.67,0.676,0.0,0.853,9477.7,6522.3,0.0,5621.51,5908.13,0.0,3904.7927096070034
1731070163.8,8.32,0.536,0.0,0.858,9477.8,6522.2,0.0,5621.64,5908.32,0.0,3904.717480177022
1731070164.3,7.68,1.023,0.0,0.918,9477.9,6522.1,0.0,5621.77,5908.51,0.0,3904.642271066582
1731070164.8,8.32,0.505,0.0,3.3,9478.0,6522.0,0.0,5621.9,5908.7,0.0,3904.5670822768566
1731070165.3,7.67,1.099,0.0,2.33,9478.1,6521.9,0.0,5622.03,5908.89,0.0,3904.4919138090177
1731070165.8,8.32,0.589,0.0,0.823,9478.2,6521.8,0.0,5622.16,5909.08,0.0,3904.4167656642403
1731070166.3,7.68,0.645,0.0,0.915,9478.3,6521.7,0.0,5622.29,5909.27,0.0,3904.341637843696
1731070166.8,7.68,0.429,0.0,1.01,9478.4,6521.6,0.0,5622.42,5909.46,0.0,3904.266530348562
1731070167.3,8.32,0.56,0.0,1.49,9478.5,6521.5,0.0,5622.55,5909.65,0.0,3904.1914431800087
1731070167.8,8.32,1.084,0.0,0.85,9478.6,6521.4,0.0,5622.68,5909.84,0.0,3904.1163763392096
1731070168.3,7.68,0.639,0.0,0.82,9478.7,6521.3,0.0,5622.81,5910.03,0.0,3904.0413298273374
1731070168.8,8.32,0.834,0.0,0.779,9478.8,6521.2,0.0,5622.94,5910.22,0.0,3903.9663036455627
1731070169.3,7.68,0.509,0.0,1.1,9478.9,6521.1,0.0,5623.07,5910.41,0.0,3903.8912977950604
1731070169.8,8.32,0.512,0.0,1.08,9479.0,6521.0,0.0,5623.2,5910.6,0.0,3903.8163122770006
1731070170.3,7.69,0.856,0.0,1.42,9479.1,6520.9,0.0,5623.33,5910.79,0.0,3903.7413470925558
1731070170.8,7.68,0.63,0.0,0.812,9479.2,6520.8,0.0,5623.46,5910.98,0.0,3903.666402242897
1731070171.3,8.31,0.616,0.0,1.29,9479.3,6520.7,0.0,5623.59,5911.17,0.0,3903.591477729194
1731070171.8,8.32,0.42,0.0,1.67,9479.4,6520.6,0.0,5623.72,5911.36,0.0,3903.516573552621
1731070172.3,7.68,0.556,0.0,8.24,9479.5,6520.5,0.0,5623.85,5911.55,0.0,3903.441689714347
1731070172.8,8.33,0.536,0.0,0.792,9479.6,6520.4,0.0,5623.98,5911.74,0.0,3903.3668262155434
1731070173.3,7.67,0.702,0.0,1.05,9479.7,6520.3,0.0,5624.11,5911.93,0.0,3903.291983057379
1731070173.8,8.32,0.793,0.0,0.799,9479.8,6520.2,0.0,5624.24,5912.12,0.0,3903.217160241023
1731070174.3,7.68,0.455,0.0,0.807,9479.9,6520.1,0.0,5624.37,5912.31,0.0,3903.1423577676487
1731070174.8,8.32,0.636,0.0,2.54,9480.0,6520.0,0.0,5624.5,5912.5,0.0,3903.0675756384235
1731070175.3,7.68,0.647,0.0,0.723,9480.1,6519.9,0.0,5624.63,5912.69,0.0,3902.9928138545174
1731070175.8,8.32,0.706,0.0,0.784,9480.2,6519.8,0.0,5624.76,5912.88,0.0,3902.9180724170988
1731070176.3,7.69,0.733,0.0,0.942,9480.3,6519.7,0.0,5624.89,5913.07,0.0,3902.843351327336
1731070176.8,8.31,0.355,0.0,1.41,9480.4,6519.6,0.0,5625.02,5913.26,0.0,3902.7686505864003
1731070177.3,7.68,0.633,0.0,3.81,9480.5,6519.5,0.0,5625.15,5913.45,0.0,3902.69397019546
1731070177.8,8.32,1.027,0.0,0.855,9480.6,6519.4,0.0,5625.28,5913.64,0.0,3902.619310155681
1731070178.3,7.68,0.997,0.0,0.846,9480.7,6519.3,0.0,5625.41,5913.83,0.0,3902.5446704682327
1731070178.8,8.32,0.901,0.0,1.21,9480.8,6519.2,0.0,5625.54,5914.02,0.0,3902.4700511342808
1731070179.3,7.68,0.682,0.0,0.829,9480.9,6519.1,0.0,5625.67,5914.21,0.0,3902.3954521549963
1731070179.8,8.32,0.802,0.0,1.31,9481.0,6519.0,0.0,5625.8,5914.4,0.0,3902.3208735315447
1731070180.3,7.68,0.478,0.0,0.952,9481.1,6518.9,0.0,5625.93,5914.59,0.0,3902.2463152650935
1731070180.8,8.32,0.82,0.0,2.52,9481.2,6518.8,0.0,5626.06,5914.78,0.0,3902.17177735681
1731070181.3,7.68,0.871,0.0,0.95,9481.3,6518.7,0.0,5626.19,5914.97,0.0,3902.0972598078583
1731070181.8,8.32,0.431,0.0,0.82,9481.4,6518.6,0.0,5626.32,5915.16,0.0,3902.0227626194087
1731070182.3,7.69,0.914,0.0,3.38,9481.5,6518.5,0.0,5626.45,5915.35,0.0,3901.9482857926246
1731070182.8,8.31,0.444,0.0,0.988,9481.6,6518.4,0.0,5626.58,5915.54,0.0,3901.8738293286733
1731070183.3,7.68,1.067,0.0,3.41,9481.7,6518.3,0.0,5626.71,5915.73,0.0,3901.79939322872
1731070183.8,7.67,0.644,0.0,1.59,9481.8,6518.2,0.0,5626.84,5915.92,0.0,3901.7249774939282
1731070184.3,8.33,0.487,0.0,2.23,9481.9,6518.1,0.0,5626.97,5916.11,0.0,3901.6505821254673
1731070184.8,8.31,0.833,0.0,1.89,9482.0,6518.0,0.0,5627.1,5916.3,0.0,3901.5762071245
1731070185.3,7.69,0.443,0.0,3.04,9482.1,6517.9,0.0,5627.23,5916.49,0.0,3901.501852492192
1731070185.8,8.31,0.912,0.0,2.66,9482.2,6517.8,0.0,5627.36,5916.68,0.0,3901.427518229707
1731070186.3,7.69,0.561,0.0,1.09,9482.3,6517.7,0.0,5627.49,5916.87,0.0,3901.353204338207
1731070186.8,8.31,0.521,0.0,1.26,9482.4,6517.6,0.0,5627.62,5917.06,0.0,3901.278910818861
1731070187.3,7.69,0.628,0.0,0.783,9482.5,6517.5,0.0,5627.75,5917.25,0.0,3901.2046376728304
1731070187.8,8.31,0.635,0.0,0.719,9482.6,6517.4,0.0,5627.88,5917.44,0.0,3901.130384901279
1731070188.3,7.69,1.254,0.0,0.771,9482.7,6517.3,0.0,5628.01,5917.63,0.0,3901.0561525053704
1731070188.8,8.32,0.732,0.0,1.26,9482.8,6517.2,0.0,5628.14,5917.82,0.0,3900.981940486266
1731070189.3,7.68,0.615,0.0,0.915,9482.9,6517.1,0.0,5628.27,5918.01,0.0,3900.9077488451317
1731070189.8,8.32,0.404,0.0,2.31,9483.0,6517.0,0.0,5628.4,5918.2,0.0,3900.83357758313
1731070190.3,7.68,0.519,0.0,5.19,9483.1,6516.9,0.0,5628.53,5918.39,0.0,3900.7594267014215
1731070190.8,8.32,1.099,0.0,0.957,9483.2,6516.8,0.0,5628.66,5918.58,0.0,3900.68529620117
1731070191.3,7.68,0.627,0.0,1.07,9483.3,6516.7,0.0,5628.79,5918.77,0.0,3900.611186083534
1731070191.8,8.32,0.618,0.0,0.769,9483.4,6516.6,0.0,5628.92,5918.96,0.0,3900.5370963496807
1731070192.3,7.69,0.566,0.0,1.25,9483.5,6516.5,0.0,5629.05,5919.15,0.0,3900.4630270007688
1731070192.8,8.31,0.598,0.0,0.822,9483.6,6516.4,0.0,5629.18,5919.34,0.0,3900.3889780379595
1731070193.3,7.69,0.586,0.0,0.858,9483.7,6516.3,0.0,5629.31,5919.53,0.0,3900.3149494624154
1731070193.8,8.32,0.705,0.0,2.41,9483.8,6516.2,0.0,5629.44,5919.72,0.0,3900.2409412752945
1731070194.3,7.68,0.75,0.0,0.82,9483.9,6516.1,0.0,5629.57,5919.91,0.0,3900.166953477761
1731070194.8,7.67,0.483,0.0,1.0,9484.0,6516.0,0.0,5629.7,5920.1,0.0,3900.0929860709734
1731070195.3,8.33,0.608,0.0,1.05,9484.1,6515.9,0.0,5629.83,5920.29,0.0,3900.019039056092
1731070195.8,8.31,0.579,0.0,1.72,9484.2,6515.8,0.0,5629.96,5920.48,0.0,3899.945112434277
1731070196.3,7.69,0.662,0.0,0.928,9484.3,6515.7,0.0,5630.09,5920.67,0.0,3899.871206206686
1731070196.8,7.68,0.771,0.0,0.868,9484.4,6515.6,0.0,5630.22,5920.86,0.0,3899.7973203744828
1731070197.3,8.32,0.496,0.0,0.816,9484.5,6515.5,0.0,5630.35,5921.05,0.0,3899.723454938824
1731070197.8,8.32,0.66,0.0,0.667,9484.6,6515.4,0.0,5630.48,5921.24,0.0,3899.6496099008696
1731070198.3,7.69,0.551,0.0,0.764,9484.7,6515.3,0.0,5630.61,5921.43,0.0,3899.575785261777
1731070198.8,8.31,0.68,0.0,0.71,9484.8,6515.2,0.0,5630.74,5921.62,0.0,3899.5019810227045
1731070199.3,7.68,0.742,0.0,1.29,9484.9,6515.1,0.0,5630.87,5921.81,0.0,3899.4281971848127
1731070199.8,7.68,0.499,0.0,0.814,9485.0,6515.0,0.0,5631.0,5922.0,0.0,3899.3544337492585
1731070200.3,8.32,0.762,0.0,0.999,9485.1,6514.9,0.0,5631.13,5922.19,0.0,3899.2806907171994
1731070200.8,7.68,0.394,0.0,0.933,9485.2,6514.8,0.0,5631.26,5922.38,0.0,3899.206968089794
1731070201.3,8.33,0.839,0.0,0.984,9485.3,6514.7,0.0,5631.39,5922.57,0.0,3899.133265868197
1731070201.8,8.32,0.897,0.0,2.03,9485.4,6514.6,0.0,5631.52,5922.76,0.0,3899.0595840535693
1731070202.3,7.68,0.531,0.0,0.967,9485.5,6514.5,0.0,5631.65,5922.95,0.0,3898.9859226470676
1731070202.8,8.32,0.862,0.0,1.28,9485.6,6514.4,0.0,5631.78,5923.14,0.0,3898.9122816498457
1731070203.3,7.68,0.472,0.0,2.375,9485.7,6514.3,0.0,5631.91,5923.33,0.0,3898.8386610630614
1731070203.8,8.32,0.869,0.0,3.47,9485.8,6514.2,0.0,5632.04,5923.52,0.0,3898.76506088787
1731070204.3,7.68,0.718,0.0,1.91,9485.9,6514.1,0.0,5632.17,5923.71,0.0,3898.6914811254296
1731070204.8,8.32,0.468,0.0,1.35,9486.0,6514.0,0.0,5632.3,5923.9,0.0,3898.6179217768954
1731070205.3,7.67,0.824,0.0,2.18,9486.1,6513.9,0.0,5632.43,5924.09,0.0,3898.544382843422
1731070205.8,8.33,0.523,0.0,2.8,9486.2,6513.8,0.0,5632.56,5924.28,0.0,3898.470864326166
1731070206.3,7.68,0.948,0.0,1.76,9486.3,6513.7,0.0,5632.69,5924.47,0.0,3898.39736622628
1731070206.8,8.31,0.55,0.0,2.53,9486.4,6513.6,0.0,5632.82,5924.66,0.0,3898.323888544922
1731070207.3,7.68,0.595,0.0,0.812,9486.5,6513.5,0.0,5632.95,5924.85,0.0,3898.2504312832443
1731070207.8,8.32,0.898,0.0,0.842,9486.6,6513.4,0.0,5633.08,5925.04,0.0,3898.1769944424027
1731070208.3,7.68,0.459,0.0,2.72,9486.7,6513.3,0.0,5633.21,5925.23,0.0,3898.1035780235507
1731070208.8,8.32,1.081,0.0,2.04,9486.8,6513.2,0.0,5633.34,5925.42,0.0,3898.0301820278396
1731070209.3,7.68,0.808,0.0,1.89,9486.9,6513.1,0.0,5633.47,5925.61,0.0,3897.9568064564282
1731070209.8,8.33,0.646,0.0,0.842,9487.0,6513.0,0.0,5633.6,5925.8,0.0,3897.883451310467
1731070210.3,7.68,0.78,0.0,0.755,9487.1,6512.9,0.0,5633.73,5925.99,0.0,3897.8101165911103
1731070210.8,8.31,0.748,0.0,1.09,9487.2,6512.8,0.0,5633.86,5926.18,0.0,3897.7368022995097
1731070211.3,7.68,1.22,0.0,1.14,9487.3,6512.7,0.0,5633.99,5926.37,0.0,3897.6635084368168
1731070211.8,8.32,0.684,0.0,1.71,9487.4,6512.6,0.0,5634.12,5926.56,0.0,3897.5902350041874
1731070212.3,7.68,0.593,0.0,0.97,9487.5,6512.5,0.0,5634.25,5926.75,0.0,3897.5169820027727
1731070212.8,8.31,0.473,0.0,0.81,9487.6,6512.4,0.0,5634.38,5926.94,0.0,3897.4437494337235
1731070213.3,7.68,0.577,0.0,0.765,9487.7,6512.3,0.0,5634.51,5927.13,0.0,3897.3705372981926
1731070213.8,7.67,0.554,0.0,0.801,9487.8,6512.2,0.0,5634.64,5927.32,0.0,3897.2973455973297
1731070214.3,8.32,0.587,0.0,0.948,9487.9,6512.1,0.0,5634.77,5927.51,0.0,3897.2241743322893
1731070214.8,8.32,0.628,0.0,1.02,9488.0,6512.0,0.0,5634.9,5927.7,0.0,3897.151023504222
1731070215.3,7.69,0.425,0.0,2.18,9488.1,6511.9,0.0,5635.03,5927.89,0.0,3897.077893114276
1731070215.8,8.31,0.549,0.0,0.766,9488.2,6511.8,0.0,5635.16,5928.08,0.0,3897.004783163604
1731070216.3,7.68,0.608,0.0,0.843,9488.3,6511.7,0.0,5635.29,5928.27,0.0,3896.9316936533537
1731070216.8,8.32,0.739,0.0,1.11,9488.4,6511.6,0.0,5635.42,5928.46,0.0,3896.858624584679
1731070217.3,7.68,0.774,0.0,0.985,9488.5,6511.5,0.0,5635.55,5928.65,0.0,3896.7855759587283
1731070217.8,7.69,0.446,0.0,7.95,9488.6,6511.4,0.0,5635.68,5928.84,0.0,3896.7125477766513
1731070218.3,8.31,0.652,0.0,1.07,9488.7,6511.3,0.0,5635.81,5929.03,0.0,3896.639540039597
1731070218.8,8.33,0.602,0.0,0.785,9488.8,6511.2,0.0,5635.94,5929.22,0.0,3896.566552748714
1731070219.3,7.68,0.713,0.0,0.841,9488.9,6511.1,0.0,5636.07,5929.41,0.0,3896.4935859051534
1731070219.8,8.32,0.831,0.0,0.956,9489.0,6511.0,0.0,5636.2,5929.6,0.0,3896.420639510062
1731070220.3,7.68,0.607,0.0,1.07,9489.1,6510.9,0.0,5636.33,5929.79,0.0,3896.3477135645894
1731070220.8,8.32,0.855,0.0,0.757,9489.2,6510.8,0.0,5636.46,5929.98,0.0,3896.2748080698834
1731070221.3,7.67,0.664,0.0,0.912,9489.3,6510.7,0.0,5636.59,5930.17,0.0,3896.20192302709
1731070221.8,8.32,1.109,0.0,0.83,9489.4,6510.6,0.0,5636.72,5930.36,0.0,3896.129058437361
1731070222.3,7.68,0.946,0.0,0.878,9489.5,6510.5,0.0,5636.85,5930.55,0.0,3896.0562143018415
1731070222.8,8.31,0.512,0.0,0.761,9489.6,6510.4,0.0,5636.98,5930.74,0.0,3895.983390621681
1731070223.3,7.68,0.789,0.0,0.725,9489.7,6510.3,0.0,5637.11,5930.93,0.0,3895.910587398023
1731070223.8,7.68,0.449,0.0,0.845,9489.8,6510.2,0.0,5637.24,5931.12,0.0,3895.8378046320145
1731070224.3,8.32,0.845,0.0,0.822,9489.9,6510.1,0.0,5637.37,5931.31,0.0,3895.765042324806
1731070224.8,8.33,0.83,0.0,0.809,9490.0,6510.0,0.0,5637.5,5931.5,0.0,3895.6923004775417
1731070225.3,7.67,0.46,0.0,1.06,9490.1,6509.9,0.0,5637.63,5931.69,0.0,3895.619579091367
1731070225.8,8.32,0.748,0.0,0.762,9490.2,6509.8,0.0,5637.76,5931.88,0.0,3895.5468781674294
1731070226.3,7.05,0.401,0.083,0.891,9490.3,6509.7,0.0,5637.89,5932.07,0.0,3895.474197706871
1731070226.8,8.31,0.865,0.0,0.862,9490.4,6509.6,0.0,5638.02,5932.26,0.0,3895.401537710842
1731070227.3,7.68,0.505,0.0,3.32,9490.5,6509.5,0.0,5638.15,5932.45,0.0,3895.3288981804867
1731070227.8,8.31,0.453,0.0,0.871,9490.6,6509.4,0.0,5638.28,5932.64,0.0,3895.256279116947
1731070228.3,7.68,0.892,0.0,1.5,9490.7,6509.3,0.0,5638.41,5932.83,0.0,3895.18368052137
1731070228.8,8.32,0.485,0.0,0.712,9490.8,6509.2,0.0,5638.54,5933.02,0.0,3895.1111023948974
1731070229.3,7.68,0.998,0.0,0.694,9490.9,6509.1,0.0,5638.67,5933.21,0.0,3895.038544738678
1731070229.8,8.32,0.644,0.0,1.39,9491.0,6509.0,0.0,5638.8,5933.4,0.0,3894.9660075538527
1731070230.3,7.68,0.54,0.0,0.902,9491.1,6508.9,0.0,5638.93,5933.59,0.0,3894.893490841566
1731070230.8,7.67,0.382,0.0,1.01,9491.2,6508.8,0.0,5639.06,5933.78,0.0,3894.8209946029615
1731070231.3,8.32,0.522,0.0,0.917,9491.3,6508.7,0.0,5639.19,5933.97,0.0,3894.748518839181
1731070231.8,8.32,1.037,0.0,4.07,9491.4,6508.6,0.0,5639.32,5934.16,0.0,3894.6760635513706
1731070232.3,7.67,0.623,0.0,1.07,9491.5,6508.5,0.0,5639.45,5934.35,0.0,3894.603628740671
1731070232.8,8.32,0.721,0.0,0.753,9491.6,6508.4,0.0,5639.58,5934.54,0.0,3894.531214408225
1731070233.3,7.68,0.709,0.0,0.784,9491.7,6508.3,0.0,5639.71,5934.73,0.0,3894.458820555175
1731070233.8,8.32,0.682,0.0,1.04,9491.8,6508.2,0.0,5639.84,5934.92,0.0,3894.3864471826614
1731070234.3,7.68,1.124,0.0,0.91,9491.9,6508.1,0.0,5639.97,5935.11,0.0,3894.31409429183
1731070234.8,7.68,0.726,0.0,1.3,9492.0,6508.0,0.0,5640.1,5935.3,0.0,3894.24176188382
1731070235.3,8.31,0.668,0.0,3.69,9492.1,6507.9,0.0,5640.23,5935.49,0.0,3894.1694499597734
1731070235.8,8.33,0.496,0.0,0.858,9492.2,6507.8,0.0,5640.36,5935.68,0.0,3894.097158520831
1731070236.3,7.67,0.662,0.0,0.744,9492.3,6507.7,0.0,5640.49,5935.87,0.0,3894.0248875681314
1731070236.8,8.33,0.584,0.0,0.979,9492.4,6507.6,0.0,5640.62,5936.06,0.0,3893.952637102819
1731070237.3,7.68,0.641,0.0,1.1,9492.5,6507.5,0.0,5640.75,5936.25,0.0,3893.880407126033
1731070237.8,8.31,0.656,0.0,1.46,9492.6,6507.4,0.0,5640.88,5936.44,0.0,3893.808197638913
1731070238.3,7.69,0.4,0.0,0.905,9492.7,6507.3,0.0,5641.01,5936.63,0.0,3893.7360086425997
1731070238.8,8.32,0.623,0.0,1.07,9492.8,6507.2,0.0,5641.14,5936.82,0.0,3893.6638401382306
1731070239.3,7.67,0.623,0.0,0.742,9492.9,6507.1,0.0,5641.27,5937.01,0.0,3893.5916921269486
1731070239.8,8.33,1.03,0.0,4.28,9493.0,6507.0,0.0,5641.4,5937.2,0.0,3893.519564609892
1731070240.3,7.67,0.891,0.0,0.974,9493.1,6506.9,0.0,5641.53,5937.39,0.0,3893.447457588198
1731070240.8,8.32,0.483,0.0,1.61,9493.2,6506.8,0.0,5641.66,5937.58,0.0,3893.375371063007
1731070241.3,7.68,0.646,0.0,0.877,9493.3,6506.7,0.0,5641.79,5937.77,0.0,3893.3033050354547
1731070241.8,8.32,0.605,0.0,0.812,9493.4,6506.6,0.0,5641.92,5937.96,0.0,3893.2312595066833
1731070242.3,7.63,0.74,0.0,0.827,9493.5,6506.5,0.0,5642.05,5938.15,0.0,3893.1592344778296
1731070242.8,8.37,0.772,0.0,0.842,9493.6,6506.4,0.0,5642.18,5938.34,0.0,3893.08722995003
1731070243.3,7.67,0.794,0.0,1.22,9493.7,6506.3,0.0,5642.31,5938.53,0.0,3893.0152459244237
1731070243.8,8.33,0.885,0.0,1.02,9493.8,6506.2,0.0,5642.44,5938.72,0.0,3892.9432824021465
1731070244.3,7.68,0.501,0.0,1.65,9493.9,6506.1,0.0,5642.57,5938.91,0.0,3892.871339384337
1731070244.8,8.32,0.857,0.0,1.02,9494.0,6506.0,0.0,5642.7,5939.1,0.0,3892.7994168721307
1731070245.3,7.67,0.893,0.0,0.903,9494.1,6505.9,0.0,5642.83,5939.29,0.0,3892.727514866665
1731070245.8,8.32,0.767,0.0,0.99,9494.2,6505.8,0.0,5642.96,5939.48,0.0,3892.6556333690764
1731070246.3,7.68,1.065,0.0,3.06,9494.3,6505.7,0.0,5643.09,5939.67,0.0,3892.5837723804984
1731070246.8,8.32,0.594,0.0,0.867,9494.4,6505.6,0.0,5643.22,5939.86,0.0,3892.5119319020714
1731070247.3,7.68,0.989,0.0,1.06,9494.5,6505.5,0.0,5643.35,5940.05,0.0,3892.4401119349286
1731070247.8,7.68,0.677,0.0,1.08,9494.6,6505.4,0.0,5643.48,5940.24,0.0,3892.368312480206
1731070248.3,8.32,0.659,0.0,2.34,9494.7,6505.3,0.0,5643.61,5940.43,0.0,3892.2965335390377
1731070248.8,7.68,1.036,0.0,0.868,9494.8,6505.2,0.0,5643.74,5940.62,0.0,3892.2247751125574
1731070249.3,8.32,0.653,0.0,0.799,9494.9,6505.1,0.0,5643.87,5940.81,0.0,3892.153037201903
1731070249.8,7.69,1.079,0.0,0.847,9495.0,6505.0,0.0,5644.0,5941.0,0.0,3892.081319808208
1731070250.3,8.31,0.781,0.0,0.948,9495.1,6504.9,0.0,5644.13,5941.19,0.0,3892.0096229326055
1731070250.8,8.32,0.595,0.0,1.04,9495.2,6504.8,0.0,5644.26,5941.38,0.0,3891.9379465762304
1731070251.3,7.68,0.685,0.0,1.48,9495.3,6504.7,0.0,5644.39,5941.57,0.0,3891.866290740214
1731070251.8,8.33,0.572,0.0,1.06,9495.4,6504.6,0.0,5644.52,5941.76,0.0,3891.7946554256937
1731070252.3,7.67,1.134,0.0,0.879,9495.5,6504.5,0.0,5644.65,5941.95,0.0,3891.7230406338017
1731070252.8,8.32,0.697,0.0,0.831,9495.6,6504.4,0.0,5644.78,5942.14,0.0,3891.651446365669
1731070253.3,7.68,0.685,0.0,1.1,9495.7,6504.3,0.0,5644.91,5942.33,0.0,3891.57987262243
1731070253.8,8.32,0.446,0.0,1.49,9495.8,6504.2,0.0,5645.04,5942.52,0.0,3891.508319405214
1731070254.3,7.68,0.695,0.0,2.48,9495.9,6504.1,0.0,5645.17,5942.71,0.0,3891.436786715158
1731070254.8,8.32,1.228,0.0,0.731,9496.0,6504.0,0.0,5645.3,5942.9,0.0,3891.3652745533923
1731070255.3,7.67,0.85,0.0,1.21,9496.1,6503.9,0.0,5645.43,5943.09,0.0,3891.2937829210478
1731070255.8,8.32,1.249,0.0,2.72,9496.2,6503.8,0.0,5645.56,5943.28,0.0,3891.222311819257
1731070256.3,7.68,0.998,0.0,2.32,9496.3,6503.7,0.0,5645.69,5943.47,0.0,3891.1508612491493
1731070256.8,8.32,0.953,0.0,0.612,9496.4,6503.6,0.0,5645.82,5943.66,0.0,3891.0794312118583
1731070257.3,7.68,0.729,0.0,0.792,9496.5,6503.5,0.0,5645.95,5943.85,0.0,3891.0080217085138
1731070257.8,8.31,0.774,0.0,1.06,9496.6,6503.4,0.0,5646.08,5944.04,0.0,3890.936632740246
1731070258.3,7.68,0.779,0.0,1.52,9496.7,6503.3,0.0,5646.21,5944.23,0.0,3890.8652643081855
1731070258.8,8.32,0.546,0.0,2.34,9496.8,6503.2,0.0,5646.34,5944.42,0.0,3890.79391641346
1731070259.3,7.68,0.903,0.0,0.882,9496.9,6503.1,0.0,5646.47,5944.61,0.0,3890.7225890572045
1731070259.8,8.32,0.732,0.0,0.855,9497.0,6503.0,0.0,5646.6,5944.8,0.0,3890.651282240545
1731070260.3,7.68,0.872,0.0,2.33,9497.1,6502.9,0.0,5646.73,5944.99,0.0,3890.579995964613
1731070260.8,8.32,1.075,0.0,0.951,9497.2,6502.8,0.0,5646.86,5945.18,0.0,3890.508730230535
1731070261.3,7.68,0.533,0.0,1.28,9497.3,6502.7,0.0,5646.99,5945.37,0.0,3890.4374850394393
1731070261.8,8.32,0.813,0.0,0.892,9497.4,6502.6,0.0,5647.12,5945.56,0.0,3890.3662603924577
1731070262.31,7.68,0.965,0.0,1.0,9497.5,6502.5,0.0,5647.25,5945.75,0.0,3890.295056290718
1731070262.8,8.31,0.852,0.0,2.81,9497.6,6502.4,0.0,5647.38,5945.94,0.0,3890.223872735347
1731070263.3,7.68,1.001,0.0,7.84,9497.7,6502.3,0.0,5647.51,5946.13,0.0,3890.1527097274734
1731070263.8,8.32,0.592,0.0,1.0,9497.8,6502.2,0.0,5647.64,5946.32,0.0,3890.081567268223
1731070264.3,7.68,0.767,0.0,1.21,9497.9,6502.1,0.0,5647.77,5946.51,0.0,3890.010445358726
1731070264.8,7.69,0.641,0.0,2.07,9498.0,6502.0,0.0,5647.9,5946.7,0.0,3889.9393440001095
1731070265.3,8.32,0.92,0.0,0.865,9498.1,6501.9,0.0,5648.03,5946.89,0.0,3889.8682631934985
1731070265.8,7.67,0.956,0.0,0.776,9498.2,6501.8,0.0,5648.16,5947.08,0.0,3889.7972029400203
1731070266.3,8.33,0.593,0.0,1.06,9498.3,6501.7,0.0,5648.29,5947.27,0.0,3889.7261632408
1731070266.8,8.32,0.776,0.0,1.19,9498.4,6501.6,0.0,5648.42,5947.46,0.0,3889.655144096967
1731070267.3,7.68,0.422,0.0,1.79,9498.5,6501.5,0.0,5648.55,5947.65,0.0,3889.5841455096456
1731070267.8,8.32,0.974,0.0,0.909,9498.6,6501.4,0.0,5648.68,5947.84,0.0,3889.513167479961
1731070268.3,7.68,0.857,0.0,0.807,9498.7,6501.3,0.0,5648.81,5948.03,0.0,3889.4422100090396
1731070268.8,8.32,0.718,0.0,0.812,9498.8,6501.2,0.0,5648.94,5948.22,0.0,3889.371273098005
1731070269.3,7.68,0.964,0.0,0.704,9498.9,6501.1,0.0,5649.07,5948.41,0.0,3889.3003567479846
1731070269.8,8.32,0.644,0.0,0.691,9499.0,6501.0,0.0,5649.2,5948.6,0.0,3889.2294609601013
1731070270.3,7.69,1.174,0.0,1.05,9499.1,6500.9,0.0,5649.33,5948.79,0.0,3889.1585857354803
1731070270.8,8.32,0.632,0.0,2.14,9499.2,6500.8,0.0,5649.46,5948.98,0.0,3889.087731075246
1731070271.3,7.68,0.537,0.0,2.92,9499.3,6500.7,0.0,5649.59,5949.17,0.0,3889.01689698052
1731070271.8,8.32,0.871,0.0,0.747,9499.4,6500.6,0.0,5649.72,5949.36,0.0,3888.9460834524302
1731070272.3,7.68,0.463,0.0,1.04,9499.5,6500.5,0.0,5649.85,5949.55,0.0,3888.8752904920975
1731070272.8,8.31,0.957,0.0,1.02,9499.6,6500.4,0.0,5649.98,5949.74,0.0,3888.804518100647
1731070273.3,7.69,0.651,0.0,1.71,9499.7,6500.3,0.0,5650.11,5949.93,0.0,3888.7337662791997
1731070273.8,8.31,0.536,0.0,0.763,9499.8,6500.2,0.0,5650.24,5950.12,0.0,3888.663035028877
1731070274.3,7.68,0.525,0.0,0.991,9499.9,6500.1,0.0,5650.37,5950.31,0.0,3888.592324350805
1731070274.8,8.32,0.529,0.0,1.15,9500.0,6500.0,0.0,5650.5,5950.5,0.0,3888.521634246105
1731070275.3,7.69,1.111,0.0,1.47,9500.1,6499.9,0.0,5650.63,5950.69,0.0,3888.4509647158984
1731070275.8,8.31,0.778,0.0,0.878,9500.2,6499.8,0.0,5650.76,5950.88,0.0,3888.3803157613074
1731070276.3,7.68,0.643,0.0,0.843,9500.3,6499.7,0.0,5650.89,5951.07,0.0,3888.309687383451
1731070276.8,8.32,0.547,0.0,0.87,9500.4,6499.6,0.0,5651.02,5951.26,0.0,3888.239079583455
1731070277.3,7.68,0.605,0.0,1.05,9500.5,6499.5,0.0,5651.15,5951.45,0.0,3888.1684923624393
1731070277.8,7.69,0.585,0.0,1.08,9500.6,6499.4,0.0,5651.28,5951.64,0.0,3888.097925721522
1731070278.3,8.32,0.641,0.0,0.764,9500.7,6499.3,0.0,5651.41,5951.83,0.0,3888.027379661826
1731070278.8,8.31,0.754,0.0,4.05,9500.8,6499.2,0.0,5651.54,5952.02,0.0,3887.956854184469
1731070279.3,7.69,0.812,0.0,0.997,9500.9,6499.1,0.0,5651.67,5952.21,0.0,3887.8863492905753
1731070279.8,8.32,0.875,0.0,0.815,9501.0,6499.0,0.0,5651.8,5952.4,0.0,3887.815864981262
1731070280.3,7.68,0.705,0.0,0.874,9501.1,6498.9,0.0,5651.93,5952.59,0.0,3887.7454012576495
1731070280.8,8.31,0.808,0.0,1.05,9501.2,6498.8,0.0,5652.06,5952.78,0.0,3887.6749581208564
1731070281.3,7.68,0.742,0.0,1.22,9501.3,6498.7,0.0,5652.19,5952.97,0.0,3887.604535572001
1731070281.8,7.69,0.444,0.0,1.76,9501.4,6498.6,0.0,5652.32,5953.16,0.0,3887.5341336122056
1731070282.3,8.31,0.71,0.0,0.985,9501.5,6498.5,0.0,5652.45,5953.35,0.0,3887.4637522425855
1731070282.8,8.32,0.64,0.0,1.14,9501.6,6498.4,0.0,5652.58,5953.54,0.0,3887.3933914642603
1731070283.3,7.68,0.725,0.0,1.26,9501.7,6498.3,0.0,5652.71,5953.73,0.0,3887.323051278348
1731070283.8,8.32,0.729,0.0,2.15,9501.8,6498.2,0.0,5652.84,5953.92,0.0,3887.2527316859646
1731070284.3,7.67,0.397,0.0,0.954,9501.9,6498.1,0.0,5652.97,5954.11,0.0,3887.1824326882315
1731070284.8,8.32,0.675,0.0,1.32,9502.0,6498.0,0.0,5653.1,5954.3,0.0,3887.1121542862634
1731070285.3,7.68,0.508,0.0,0.952,9502.1,6497.9,0.0,5653.23,5954.49,0.0,3887.0418964811797
1731070285.8,8.33,0.716,0.0,0.815,9502.2,6497.8,0.0,5653.36,5954.68,0.0,3886.9716592740947
1731070286.3,7.68,0.833,0.0,0.819,9502.3,6497.7,0.0,5653.49,5954.87,0.0,3886.901442666124
1731070286.8,8.32,0.506,0.0,1.75,9502.4,6497.6,0.0,5653.62,5955.06,0.0,3886.831246658388
1731070287.3,7.68,0.752,0.0,1.27,9502.5,6497.5,0.0,5653.75,5955.25,0.0,3886.761071252001
1731070287.8,8.32,0.37,0.0,1.53,9502.6,6497.4,0.0,5653.88,5955.44,0.0,3886.690916448078
1731070288.3,7.68,0.852,0.0,0.853,9502.7,6497.3,0.0,5654.01,5955.63,0.0,3886.6207822477363
1731070288.8,8.32,0.935,0.0,1.61,9502.8,6497.2,0.0,5654.14,5955.82,0.0,3886.550668652088
1731070289.3,7.68,0.57,0.0,1.48,9502.9,6497.1,0.0,5654.27,5956.01,0.0,3886.4805756622522
1731070289.8,8.32,0.972,0.0,2.47,9503.0,6497.0,0.0,5654.4,5956.2,0.0,3886.410503279344
1731070290.3,7.68,0.508,0.0,1.27,9503.1,6496.9,0.0,5654.53,5956.39,0.0,3886.340451504475
1731070290.8,7.68,0.954,0.0,4.69,9503.2,6496.8,0.0,5654.66,5956.58,0.0,3886.2704203387607
1731070291.3,8.32,0.609,0.0,2.28,9503.3,6496.7,0.0,5654.79,5956.77,0.0,3886.2004097833137
1731070291.8,8.32,0.523,0.0,0.817,9503.4,6496.6,0.0,5654.92,5956.96,0.0,3886.1304198392513
1731070292.3,7.68,0.882,0.0,1.2,9503.5,6496.5,0.0,5655.05,5957.15,0.0,3886.060450507686
1731070292.8,8.32,0.441,0.0,0.923,9503.6,6496.4,0.0,5655.18,5957.34,0.0,3885.9905017897304
1731070293.3,7.69,0.955,0.0,1.01,9503.7,6496.3,0.0,5655.31,5957.53,0.0,3885.920573686498
1731070293.8,8.31,0.538,0.0,1.12,9503.8,6496.2,0.0,5655.44,5957.72,0.0,3885.8506661991014
1731070294.3,7.68,0.506,0.0,0.876,9503.9,6496.1,0.0,5655.57,5957.91,0.0,3885.780779328654
1731070294.8,7.68,0.38,0.0,0.877,9504.0,6496.0,0.0,5655.7,5958.1,0.0,3885.7109130762674
1731070295.3,8.32,0.457,0.0,0.878,9504.1,6495.9,0.0,5655.83,5958.29,0.0,3885.641067443055
1731070295.8,8.32,1.02,0.0,0.938,9504.2,6495.8,0.0,5655.96,5958.48,0.0,3885.5712424301278
1731070296.3,7.68,0.608,0.0,0.793,9504.3,6495.7,0.0,5656.09,5958.67,0.0,3885.5014380385956
1731070296.8,8.32,0.538,0.0,1.26,9504.4,6495.6,0.0,5656.22,5958.86,0.0,3885.4316542695738
1731070297.3,7.68,0.39,0.0,0.763,9504.5,6495.5,0.0,5656.35,5959.05,0.0,3885.3618911241715
1731070297.8,8.32,0.582,0.0,1.13,9504.6,6495.4,0.0,5656.48,5959.24,0.0,3885.2921486035007
1731070298.3,7.67,0.92,0.0,1.53,9504.7,6495.3,0.0,5656.61,5959.43,0.0,3885.22242670867
1731070298.8,7.68,0.744,0.0,1.73,9504.8,6495.2,0.0,5656.74,5959.62,0.0,3885.1527254407897
1731070299.3,8.32,0.677,0.0,0.899,9504.9,6495.1,0.0,5656.87,5959.81,0.0,3885.083044800973
1731070299.8,8.32,0.711,0.0,2.81,9505.0,6495.0,0.0,5657.0,5960.0,0.0,3885.013384790328
1731070300.3,7.68,0.786,0.0,0.849,9505.1,6494.9,0.0,5657.13,5960.19,0.0,3884.9437454099643
1731070300.8,8.32,0.686,0.0,0.727,9505.2,6494.8,0.0,5657.26,5960.38,0.0,3884.874126660992
1731070301.3,7.67,0.7,0.0,0.973,9505.3,6494.7,0.0,5657.39,5960.57,0.0,3884.804528544518
1731070301.8,8.33,0.666,0.0,0.927,9505.4,6494.6,0.0,5657.52,5960.76,0.0,3884.7349510616546
1731070302.3,7.69,0.389,0.0,1.01,9505.5,6494.5,0.0,5657.65,5960.95,0.0,3884.66539421351
1731070302.8,8.31,0.55,0.0,1.02,9505.6,6494.4,0.0,5657.78,5961.14,0.0,3884.59585800119
1731070303.3,7.69,0.591,0.0,0.873,9505.7,6494.3,0.0,5657.91,5961.33,0.0,3884.5263424258055
1731070303.8,8.32,0.651,0.0,1.67,9505.8,6494.2,0.0,5658.04,5961.52,0.0,3884.4568474884613
1731070304.3,7.68,0.761,0.0,1.06,9505.9,6494.1,0.0,5658.17,5961.71,0.0,3884.387373190269
1731070304.8,8.31,0.379,0.0,2.22,9506.0,6494.0,0.0,5658.3,5961.9,0.0,3884.317919532334
1731070305.3,7.68,0.73,0.0,1.1,9506.1,6493.9,0.0,5658.43,5962.09,0.0,3884.2484865157635
1731070305.8,8.32,0.65,0.0,0.817,9506.2,6493.8,0.0,5658.56,5962.28,0.0,3884.1790741416653
1731070306.3,7.67,0.768,0.0,1.79,9506.3,6493.7,0.0,5658.69,5962.47,0.0,3884.1096824111437
1731070306.8,8.33,0.807,0.0,1.41,9506.4,6493.6,0.0,5658.82,5962.66,0.0,3884.0403113253087
1731070307.3,7.68,0.421,0.0,3.23,9506.5,6493.5,0.0,5658.95,5962.85,0.0,3883.970960885264
1731070307.8,8.32,0.694,0.0,0.872,9506.6,6493.4,0.0,5659.08,5963.04,0.0,3883.9016310921165
1731070308.3,7.68,0.377,0.0,6.39,9506.7,6493.3,0.0,5659.21,5963.23,0.0,3883.8323219469717
1731070308.8,8.32,0.89,0.0,1.12,9506.8,6493.2,0.0,5659.34,5963.42,0.0,3883.763033450933
1731070309.3,7.68,1.107,0.0,0.828,9506.9,6493.1,0.0,5659.47,5963.61,0.0,3883.6937656051095
1731070309.8,8.32,0.554,0.0,1.2,9507.0,6493.0,0.0,5659.6,5963.8,0.0,3883.624518410604
1731070310.3,7.68,0.846,0.0,1.06,9507.1,6492.9,0.0,5659.73,5963.99,0.0,3883.555291868523
1731070310.8,8.32,0.479,0.0,1.04,9507.2,6492.8,0.0,5659.86,5964.18,0.0,3883.4860859799674
1731070311.3,7.68,0.949,0.0,0.883,9507.3,6492.7,0.0,5659.99,5964.37,0.0,3883.4169007460423
1731070311.8,7.67,0.663,0.0,0.846,9507.4,6492.6,0.0,5660.12,5964.56,0.0,3883.3477361678542
1731070312.3,8.32,0.742,0.0,0.664,9507.5,6492.5,0.0,5660.25,5964.75,0.0,3883.2785922465055
1731070312.8,8.33,0.926,0.0,1.32,9507.6,6492.4,0.0,5660.38,5964.94,0.0,3883.2094689830988
1731070313.3,7.68,0.474,0.0,1.06,9507.7,6492.3,0.0,5660.51,5965.13,0.0,3883.1403663787387
1731070313.8,8.32,0.955,0.0,2.16,9507.8,6492.2,0.0,5660.64,5965.32,0.0,3883.071284434525
1731070314.3,7.68,0.592,0.0,0.826,9507.9,6492.1,0.0,5660.77,5965.51,0.0,3883.002223151565
1731070314.8,8.31,0.494,0.0,0.8,9508.0,6492.0,0.0,5660.9,5965.7,0.0,3882.933182530959
1731070315.3,7.68,0.636,0.0,1.01,9508.1,6491.9,0.0,5661.03,5965.89,0.0,3882.8641625738087
1731070315.8,8.32,0.444,0.0,1.17,9508.2,6491.8,0.0,5661.16,5966.08,0.0,3882.7951632812164
1731070316.3,7.68,1.083,0.0,1.45,9508.3,6491.7,0.0,5661.29,5966.27,0.0,3882.7261846542815
1731070316.8,8.32,0.783,0.0,6.39,9508.4,6491.6,0.0,5661.42,5966.46,0.0,3882.65722669411
1731070317.3,7.68,1.175,0.0,0.876,9508.5,6491.5,0.0,5661.55,5966.65,0.0,3882.5882894018005
1731070317.8,8.31,0.904,0.0,0.859,9508.6,6491.4,0.0,5661.68,5966.84,0.0,3882.519372778454
1731070318.3,7.68,0.751,0.0,0.819,9508.7,6491.3,0.0,5661.81,5967.03,0.0,3882.4504768251713
1731070318.8,8.32,1.235,0.0,0.894,9508.8,6491.2,0.0,5661.94,5967.22,0.0,3882.3816015430525
1731070319.3,7.68,0.822,0.0,1.52,9508.9,6491.1,0.0,5662.07,5967.41,0.0,3882.3127469331985
1731070319.8,8.32,0.66,0.0,0.865,9509.0,6491.0,0.0,5662.2,5967.6,0.0,3882.2439129967092
1731070320.3,7.68,0.499,0.0,0.934,9509.1,6490.9,0.0,5662.33,5967.79,0.0,3882.175099734684
1731070320.8,8.33,0.568,0.0,1.09,9509.2,6490.8,0.0,5662.46,5967.98,0.0,3882.106307148222
1731070321.3,7.67,0.681,0.0,1.5,9509.3,6490.7,0.0,5662.59,5968.17,0.0,3882.037535238421
1731070321.8,8.32,0.683,0.0,0.875,9509.4,6490.6,0.0,5662.72,5968.36,0.0,3881.968784006383
1731070322.3,7.68,0.721,0.0,0.887,9509.5,6490.5,0.0,5662.85,5968.55,0.0,3881.900053453205
1731070322.8,8.32,0.527,0.0,0.737,9509.6,6490.4,0.0,5662.98,5968.74,0.0,3881.831343579987
1731070323.3,7.68,0.637,0.0,1.44,9509.7,6490.3,0.0,5663.11,5968.93,0.0,3881.762654387824
1731070323.8,8.32,0.673,0.0,0.995,9509.8,6490.2,0.0,5663.24,5969.12,0.0,3881.6939858778146
1731070324.3,7.68,0.768,0.0,0.806,9509.9,6490.1,0.0,5663.37,5969.31,0.0,3881.625338051059
1731070324.8,8.32,0.717,0.0,0.804,9510.0,6490.0,0.0,5663.5,5969.5,0.0,3881.556710908653
1731070325.3,7.68,0.389,0.0,8.22,9510.1,6489.9,0.0,5663.63,5969.69,0.0,3881.4881044516937
1731070325.8,8.32,0.595,0.0,1.99,9510.2,6489.8,0.0,5663.76,5969.88,0.0,3881.4195186812776
1731070326.3,7.68,0.62,0.0,0.88,9510.3,6489.7,0.0,5663.89,5970.07,0.0,3881.350953598501
1731070326.8,8.32,0.719,0.0,0.92,9510.4,6489.6,0.0,5664.02,5970.26,0.0,3881.2824092044625
1731070327.3,7.68,0.815,0.0,0.758,9510.5,6489.5,0.0,5664.15,5970.45,0.0,3881.213885500257
1731070327.8,8.32,0.386,0.0,1.06,9510.6,6489.4,0.0,5664.28,5970.64,0.0,3881.1453824869795
1731070328.3,7.68,0.653,0.0,1.06,9510.7,6489.3,0.0,5664.41,5970.83,0.0,3881.076900165727
1731070328.8,7.68,0.416,0.0,1.56,9510.8,6489.2,0.0,5664.54,5971.02,0.0,3881.0084385375917
1731070329.3,8.32,0.786,0.0,1.04,9510.9,6489.1,0.0,5664.67,5971.21,0.0,3880.939997603673
1731070329.8,8.33,0.861,0.0,0.802,9511.0,6489.0,0.0,5664.8,5971.4,0.0,3880.871577365064
1731070330.3,7.68,0.461,0.0,0.834,9511.1,6488.9,0.0,5664.93,5971.59,0.0,3880.8031778228587
1731070330.8,8.32,0.706,0.0,0.992,9511.2,6488.8,0.0,5665.06,5971.78,0.0,3880.734798978153
1731070331.3,7.68,0.422,0.0,0.996,9511.3,6488.7,0.0,5665.19,5971.97,0.0,3880.666440832038
1731070331.8,8.32,0.925,0.0,0.732,9511.4,6488.6,0.0,5665.32,5972.16,0.0,3880.598103385611
1731070332.3,7.68,0.731,0.0,0.774,9511.5,6488.5,0.0,5665.45,5972.35,0.0,3880.5297866399637
1731070332.8,7.68,0.472,0.0,0.905,9511.6,6488.4,0.0,5665.58,5972.54,0.0,3880.46149059619
1731070333.3,8.32,0.785,0.0,0.823,9511.7,6488.3,0.0,5665.71,5972.73,0.0,3880.3932152553825
1731070333.8,8.32,0.432,0.0,0.996,9511.8,6488.2,0.0,5665.84,5972.92,0.0,3880.3249606186328
1731070334.3,7.68,0.928,0.0,1.17,9511.9,6488.1,0.0,5665.97,5973.11,0.0,3880.256726687037
1731070334.8,8.33,0.69,0.0,3.32,9512.0,6488.0,0.0,5666.1,5973.3,0.0,3880.1885134616846
1731070335.3,7.68,0.573,0.0,2.15,9512.1,6487.9,0.0,5666.23,5973.49,0.0,3880.1203209436694
1731070335.8,8.31,0.951,0.0,0.843,9512.2,6487.8,0.0,5666.36,5973.68,0.0,3880.052149134082
1731070336.3,7.69,0.519,0.0,1.07,9512.3,6487.7,0.0,5666.49,5973.87,0.0,3879.983998034012
1731070336.8,8.32,1.065,0.0,0.883,9512.4,6487.6,0.0,5666.62,5974.06,0.0,3879.9158676445545
1731070337.3,7.68,0.712,0.0,0.896,9512.5,6487.5,0.0,5666.75,5974.25,0.0,3879.8477579667992
1731070337.8,8.31,0.544,0.0,1.0,9512.6,6487.4,0.0,5666.88,5974.44,0.0,3879.7796690018367
1731070338.3,7.68,0.396,0.0,1.06,9512.7,6487.3,0.0,5667.01,5974.63,0.0,3879.7116007507575
1731070338.8,8.32,0.571,0.0,1.52,9512.8,6487.2,0.0,5667.14,5974.82,0.0,3879.6435532146497
1731070339.3,7.68,1.113,0.0,0.832,9512.9,6487.1,0.0,5667.27,5975.01,0.0,3879.575526394607
1731070339.8,8.32,0.719,0.0,0.768,9513.0,6487.0,0.0,5667.4,5975.2,0.0,3879.507520291719
1731070340.3,7.68,0.593,0.0,0.8,9513.1,6486.9,0.0,5667.53,5975.39,0.0,3879.4395349070724
1731070340.8,8.32,0.467,0.0,0.754,9513.2,6486.8,0.0,5667.66,5975.58,0.0,3879.3715702417585
1731070341.3,7.68,0.507,0.0,0.733,9513.3,6486.7,0.0,5667.79,5975.77,0.0,3879.3036262968635
1731070341.8,7.68,0.573,0.0,1.01,9513.4,6486.6,0.0,5667.92,5975.96,0.0,3879.23570307348
1731070342.3,8.33,0.722,0.0,1.11,9513.5,6486.5,0.0,5668.05,5976.15,0.0,3879.167800572695
1731070342.8,7.68,0.651,0.0,1.31,9513.6,6486.4,0.0,5668.18,5976.34,0.0,3879.099918795596
1731070343.3,8.32,0.487,0.0,0.921,9513.7,6486.3,0.0,5668.31,5976.53,0.0,3879.0320577432717
1731070343.8,8.31,0.621,0.0,0.767,9513.8,6486.2,0.0,5668.44,5976.72,0.0,3878.9642174168093
1731070344.3,7.69,0.562,0.0,0.752,9513.9,6486.1,0.0,5668.57,5976.91,0.0,3878.8963978172965
1731070344.8,8.32,0.702,0.0,0.882,9514.0,6486.0,0.0,5668.7,5977.1,0.0,3878.828598945821
1731070345.3,7.65,0.688,0.0,1.07,9514.1,6485.9,0.0,5668.83,5977.29,0.0,3878.7608208034694
1731070345.8,7.71,0.428,0.0,9.58,9514.2,6485.8,0.0,5668.96,5977.48,0.0,3878.6930633913285
1731070346.3,8.32,0.636,0.0,0.689,9514.3,6485.7,0.0,5669.09,5977.67,0.0,3878.6253267104817
1731070346.8,8.32,0.64,0.0,0.74,9514.4,6485.6,0.0,5669.22,5977.86,0.0,3878.557610762021
1731070347.3,7.68,0.705,0.0,0.874,9514.5,6485.5,0.0,5669.35,5978.05,0.0,3878.4899155470284
1731070347.8,8.32,0.714,0.0,1.53,9514.6,6485.4,0.0,5669.48,5978.24,0.0,3878.422241066592
1731070348.3,7.68,0.397,0.0,0.941,9514.7,6485.3,0.0,5669.61,5978.43,0.0,3878.354587321795
1731070348.8,8.33,0.64,0.0,2.89,9514.8,6485.2,0.0,5669.74,5978.62,0.0,3878.286954313721
1731070349.3,7.68,0.558,0.0,0.977,9514.9,6485.1,0.0,5669.87,5978.81,0.0,3878.2193420434587
1731070349.8,8.32,0.767,0.0,1.05,9515.0,6485.0,0.0,5670.0,5979.0,0.0,3878.1517505120914
1731070350.3,7.69,0.909,0.0,0.895,9515.1,6484.9,0.0,5670.13,5979.19,0.0,3878.0841797207036
1731070350.8,8.32,0.6,0.0,0.958,9515.2,6484.8,0.0,5670.26,5979.38,0.0,3878.0166296703787
1731070351.3,7.68,0.956,0.0,1.72,9515.3,6484.7,0.0,5670.39,5979.57,0.0,3877.9491003621993
1731070351.8,8.32,0.473,0.0,5.42,9515.4,6484.6,0.0,5670.52,5979.76,0.0,3877.8815917972524
1731070352.3,7.68,1.032,0.0,2.58,9515.5,6484.5,0.0,5670.65,5979.95,0.0,3877.814103976621
1731070352.8,8.33,1.13,0.0,0.994,9515.6,6484.4,0.0,5670.78,5980.14,0.0,3877.7466369013855
1731070353.3,7.68,0.547,0.0,0.869,9515.7,6484.3,0.0,5670.91,5980.33,0.0,3877.67919057263
1731070353.8,8.31,0.912,0.0,0.796,9515.8,6484.2,0.0,5671.04,5980.52,0.0,3877.611764991435
1731070354.3,7.67,0.77,0.0,0.82,9515.9,6484.1,0.0,5671.17,5980.71,0.0,3877.5443601588877
1731070354.8,8.33,1.062,0.0,1.14,9516.0,6484.0,0.0,5671.3,5980.9,0.0,3877.476976076067
1731070355.3,7.68,0.598,0.0,0.998,9516.1,6483.9,0.0,5671.43,5981.09,0.0,3877.409612744055
1731070355.8,8.32,0.49,0.0,1.49,9516.2,6483.8,0.0,5671.56,5981.28,0.0,3877.3422701639333
1731070356.3,7.68,0.906,0.0,1.01,9516.3,6483.7,0.0,5671.69,5981.47,0.0,3877.274948336782
1731070356.8,8.32,0.531,0.0,1.1,9516.4,6483.6,0.0,5671.82,5981.66,0.0,3877.207647263685
1731070357.3,7.68,1.019,0.0,0.761,9516.5,6483.5,0.0,5671.95,5981.85,0.0,3877.140366945721
1731070357.8,8.32,0.628,0.0,4.39,9516.6,6483.4,0.0,5672.08,5982.04,0.0,3877.0731073839715
1731070358.3,7.68,0.557,0.0,1.0,9516.7,6483.3,0.0,5672.21,5982.23,0.0,3877.0058685795157
1731070358.8,7.68,0.386,0.0,1.72,9516.8,6483.2,0.0,5672.34,5982.42,0.0,3876.938650533433
1731070359.3,8.31,0.558,0.0,0.782,9516.9,6483.1,0.0,5672.47,5982.61,0.0,3876.8714532468052
1731070359.8,8.32,1.123,0.0,1.13,9517.0,6483.0,0.0,5672.6,5982.8,0.0,3876.804276720711
1731070360.3,7.68,0.773,0.0,1.08,9517.1,6482.9,0.0,5672.73,5982.99,0.0,3876.7371209562307
1731070360.8,8.32,0.625,0.0,1.72,9517.2,6482.8,0.0,5672.86,5983.18,0.0,3876.6699859544415
1731070361.3,7.67,0.45,0.0,0.876,9517.3,6482.7,0.0,5672.99,5983.37,0.0,3876.60287171642
1731070361.8,8.33,0.487,0.0,0.887,9517.4,6482.6,0.0,5673.12,5983.56,0.0,3876.5357782432498
1731070362.3,7.67,0.88,0.0,0.816,9517.5,6482.5,0.0,5673.25,5983.75,0.0,3876.4687055360064
1731070362.8,7.69,0.634,0.0,1.37,9517.6,6482.4,0.0,5673.38,5983.94,0.0,3876.4016535957676
1731070363.3,8.31,0.633,0.0,0.826,9517.7,6482.3,0.0,5673.51,5984.13,0.0,3876.3346224236116
1731070363.8,8.32,0.645,0.0,1.28,9517.8,6482.2,0.0,5673.64,5984.32,0.0,3876.267612020614
1731070364.3,7.68,0.727,0.0,0.995,9517.9,6482.1,0.0,5673.77,5984.51,0.0,3876.2006223878548
1731070364.8,8.32,0.696,0.0,1.53,9518.0,6482.0,0.0,5673.9,5984.7,0.0,3876.133653526411
1731070365.3,7.68,0.709,0.0,1.5,9518.1,6481.9,0.0,5674.03,5984.89,0.0,3876.0667054373566
1731070365.8,8.32,0.709,0.0,0.819,9518.2,6481.8,0.0,5674.16,5985.08,0.0,3875.9997781217694
1731070366.3,7.68,0.431,0.0,0.642,9518.3,6481.7,0.0,5674.29,5985.27,0.0,3875.9328715807237
1731070366.8,8.32,0.615,0.0,1.09,9518.4,6481.6,0.0,5674.42,5985.46,0.0,3875.8659858152987
1731070367.3,7.68,0.635,0.0,0.926,9518.5,6481.5,0.0,5674.55,5985.65,0.0,3875.799120826568
1731070367.8,8.32,0.682,0.0,0.773,9518.6,6481.4,0.0,5674.68,5985.84,0.0,3875.7322766156076
1731070368.3,7.68,0.753,0.0,1.3,9518.7,6481.3,0.0,5674.81,5986.03,0.0,3875.665453183492
1731070368.8,8.32,0.378,0.0,1.1,9518.8,6481.2,0.0,5674.94,5986.22,0.0,3875.5986505312953
1731070369.3,7.69,0.663,0.0,1.28,9518.9,6481.1,0.0,5675.07,5986.41,0.0,3875.531868660094
1731070369.8,8.32,0.66,0.0,0.823,9519.0,6481.0,0.0,5675.2,5986.6,0.0,3875.465107570961
1731070370.3,7.67,0.732,0.0,1.29,9519.1,6480.9,0.0,5675.33,5986.79,0.0,3875.398367264971
1731070370.8,8.32,0.762,0.0,1.18,9519.2,6480.8,0.0,5675.46,5986.98,0.0,3875.3316477431977
1731070371.3,7.68,0.763,0.0,2.65,9519.3,6480.7,0.0,5675.59,5987.17,0.0,3875.264949006712
1731070371.8,8.32,0.835,0.0,1.06,9519.4,6480.6,0.0,5675.72,5987.36,0.0,3875.1982710565917
1731070372.3,7.68,0.603,0.0,3.46,9519.5,6480.5,0.0,5675.85,5987.55,0.0,3875.1316138939073
1731070372.8,8.32,0.83,0.0,1.3,9519.6,6480.4,0.0,5675.98,5987.74,0.0,3875.0649775197326
1731070373.3,7.69,1.279,0.0,0.803,9519.7,6480.3,0.0,5676.11,5987.93,0.0,3874.9983619351387
1731070373.8,8.32,0.607,0.0,0.861,9519.8,6480.2,0.0,5676.24,5988.12,0.0,3874.9317671411964
1731070374.3,7.68,0.88,0.0,1.21,9519.9,6480.1,0.0,5676.37,5988.31,0.0,3874.865193138982
1731070374.8,8.33,0.435,0.0,0.819,9520.0,6480.0,0.0,5676.5,5988.5,0.0,3874.798639929564
1731070375.3,7.68,1.009,0.0,1.27,9520.1,6479.9,0.0,5676.63,5988.69,0.0,3874.7321075140153
1731070375.8,7.68,0.699,0.0,0.796,9520.2,6479.8,0.0,5676.76,5988.88,0.0,3874.665595893406
1731070376.3,8.33,0.53,0.0,1.13,9520.3,6479.7,0.0,5676.89,5989.07,0.0,3874.599105068806
1731070376.8,8.31,0.932,0.0,0.812,9520.4,6479.6,0.0,5677.02,5989.26,0.0,3874.5326350412893
1731070377.3,7.69,0.472,0.0,0.846,9520.5,6479.5,0.0,5677.15,5989.45,0.0,3874.4661858119243
1731070377.8,8.32,0.943,0.0,1.01,9520.6,6479.4,0.0,5677.28,5989.64,0.0,3874.399757381781
1731070378.3,7.68,0.582,0.0,1.005,9520.7,6479.3,0.0,5677.41,5989.83,0.0,3874.3333497519297
1731070378.8,8.31,0.569,0.0,1.0,9520.8,6479.2,0.0,5677.54,5990.02,0.0,3874.2669629234374
1731070379.3,7.69,0.708,0.0,1.69,9520.9,6479.1,0.0,5677.67,5990.21,0.0,3874.2005968973776
1731070379.8,8.32,0.582,0.0,0.975,9521.0,6479.0,0.0,5677.8,5990.4,0.0,3874.1342516748177
1731070380.3,7.68,1.138,0.0,0.835,9521.1,6478.9,0.0,5677.93,5990.59,0.0,3874.067927256826
1731070380.8,8.32,0.689,0.0,0.757,9521.2,6478.8,0.0,5678.06,5990.78,0.0,3874.0016236444717
1731070381.3,7.68,0.594,0.0,0.753,9521.3,6478.7,0.0,5678.19,5990.97,0.0,3873.9353408388215
1731070381.8,8.32,0.399,0.0,0.751,9521.4,6478.6,0.0,5678.32,5991.16,0.0,3873.8690788409463
1731070382.3,7.68,0.478,0.0,0.792,9521.5,6478.5,0.0,5678.45,5991.35,0.0,3873.8028376519114
1731070382.8,8.32,1.085,0.0,1.3,9521.6,6478.4,0.0,5678.58,5991.54,0.0,3873.7366172727857
1731070383.3,7.68,0.645,0.0,0.78,9521.7,6478.3,0.0,5678.71,5991.73,0.0,3873.670417704636
1731070383.8,8.32,0.768,0.0,0.68,9521.8,6478.2,0.0,5678.84,5991.92,0.0,3873.6042389485265
1731070384.3,7.69,0.627,0.0,0.777,9521.9,6478.1,0.0,5678.97,5992.11,0.0,3873.538081005529
1731070384.8,8.31,0.609,0.0,1.29,9522.0,6478.0,0.0,5679.1,5992.3,0.0,3873.471943876707
1731070385.3,7.68,0.658,0.0,0.957,9522.1,6477.9,0.0,5679.23,5992.49,0.0,3873.4058275631287
1731070385.8,8.32,0.717,0.0,1.52,9522.2,6477.8,0.0,5679.36,5992.68,0.0,3873.3397320658573
1731070386.3,7.67,0.679,0.0,0.787,9522.3,6477.7,0.0,5679.49,5992.87,0.0,3873.2736573859584
1731070386.8,8.32,0.469,0.0,0.767,9522.4,6477.6,0.0,5679.62,5993.06,0.0,3873.2076035245
1731070387.3,7.68,0.572,0.0,0.756,9522.5,6477.5,0.0,5679.75,5993.25,0.0,3873.141570482546
1731070387.8,8.32,0.569,0.0,0.639,9522.6,6477.4,0.0,5679.88,5993.44,0.0,3873.075558261161
1731070388.3,7.68,0.672,0.0,1.13,9522.7,6477.3,0.0,5680.01,5993.63,0.0,3873.00956686141
1731070388.8,8.32,0.654,0.0,0.884,9522.8,6477.2,0.0,5680.14,5993.82,0.0,3872.943596284355
1731070389.3,7.68,0.351,0.0,1.06,9522.9,6477.1,0.0,5680.27,5994.01,0.0,3872.8776465310643
1731070389.8,8.32,0.597,0.0,0.806,9523.0,6477.0,0.0,5680.4,5994.2,0.0,3872.8117176026003
1731070390.3,7.68,0.66,0.0,1.12,9523.1,6476.9,0.0,5680.53,5994.39,0.0,3872.745809500025
1731070390.8,8.32,0.728,0.0,1.37,9523.2,6476.8,0.0,5680.66,5994.58,0.0,3872.6799222244026
1731070391.3,7.68,0.857,0.0,8.71,9523.3,6476.7,0.0,5680.79,5994.77,0.0,3872.6140557767944
1731070391.8,8.32,0.634,0.0,1.09,9523.4,6476.6,0.0,5680.92,5994.96,0.0,3872.548210158267
1731070392.3,7.68,0.809,0.0,0.97,9523.5,6476.5,0.0,5681.05,5995.15,0.0,3872.4823853698804
1731070392.8,7.68,0.46,0.0,0.876,9523.6,6476.4,0.0,5681.18,5995.34,0.0,3872.4165814126973
1731070393.3,8.32,0.853,0.0,0.866,9523.7,6476.3,0.0,5681.31,5995.53,0.0,3872.3507982877795
1731070393.8,8.32,0.852,0.0,1.17,9523.8,6476.2,0.0,5681.44,5995.72,0.0,3872.285035996188
1731070394.3,7.68,0.449,0.0,0.789,9523.9,6476.1,0.0,5681.57,5995.91,0.0,3872.2192945389857
1731070394.8,8.32,0.738,0.0,1.32,9524.0,6476.0,0.0,5681.7,5996.1,0.0,3872.153573917233
1731070395.3,7.68,0.423,0.0,0.918,9524.1,6475.9,0.0,5681.83,5996.29,0.0,3872.087874131991
1731070395.8,8.32,0.859,0.0,2.57,9524.2,6475.8,0.0,5681.96,5996.48,0.0,3872.0221951843205
1731070396.3,7.69,0.703,0.0,0.978,9524.3,6475.7,0.0,5682.09,5996.67,0.0,3871.95653707528
1731070396.8,8.31,0.481,0.0,0.818,9524.4,6475.6,0.0,5682.22,5996.86,0.0,3871.890899805933
1731070397.3,7.68,0.902,0.0,1.51,9524.5,6475.5,0.0,5682.35,5997.05,0.0,3871.825283377337
1731070397.8,8.32,0.457,0.0,1.11,9524.6,6475.4,0.0,5682.48,5997.24,0.0,3871.7596877905535
1731070398.3,7.68,0.959,0.0,3.53,9524.7,6475.3,0.0,5682.61,5997.43,0.0,3871.69411304664
1731070398.8,8.32,0.559,0.0,0.887,9524.8,6475.2,0.0,5682.74,5997.62,0.0,3871.628559146654
1731070399.3,7.68,0.565,0.0,1.31,9524.9,6475.1,0.0,5682.87,5997.81,0.0,3871.5630260916582
1731070399.8,8.32,0.922,0.0,1.42,9525.0,6475.0,0.0,5683.0,5998.0,0.0,3871.4975138827094
1731070400.3,7.68,0.536,0.0,0.98,9525.1,6474.9,0.0,5683.13,5998.19,0.0,3871.432022520866
1731070400.8,8.32,1.018,0.0,0.815,9525.2,6474.8,0.0,5683.26,5998.38,0.0,3871.3665520071854
1731070401.3,7.67,0.79,0.0,0.887,9525.3,6474.7,0.0,5683.39,5998.57,0.0,3871.3011023427243
1731070401.8,8.32,0.599,0.0,1.01,9525.4,6474.6,0.0,5683.52,5998.76,0.0,3871.2356735285434
1731070402.3,7.69,0.402,0.0,1.73,9525.5,6474.5,0.0,5683.65,5998.95,0.0,3871.1702655656986
1731070402.8,7.68,0.499,0.0,0.775,9525.6,6474.4,0.0,5683.78,5999.14,0.0,3871.104878455246
1731070403.3,8.31,1.217,0.0,0.762,9525.7,6474.3,0.0,5683.91,5999.33,0.0,3871.0395121982424
1731070403.8,8.33,0.726,0.0,0.979,9525.8,6474.2,0.0,5684.04,5999.52,0.0,3870.974166795743
1731070404.3,7.68,0.616,0.0,0.936,9525.9,6474.1,0.0,5684.17,5999.71,0.0,3870.908842248807
1731070404.8,8.31,0.689,0.0,1.49,9526.0,6474.0,0.0,5684.3,5999.9,0.0,3870.8435385584885
1731070405.3,7.68,0.635,0.0,5.48,9526.1,6473.9,0.0,5684.43,6000.09,0.0,3870.778255725843
1731070405.8,7.68,0.583,0.0,0.844,9526.2,6473.8,0.0,5684.56,6000.28,0.0,3870.7129937519267
1731070406.3,8.32,0.769,0.0,4.32,9526.3,6473.7,0.0,5684.69,6000.47,0.0,3870.647752637793
1731070406.8,8.32,0.684,0.0,0.792,9526.4,6473.6,0.0,5684.82,6000.66,0.0,3870.582532384499
1731070407.3,7.67,0.553,0.0,3.61,9526.5,6473.5,0.0,5684.95,6000.85,0.0,3870.5173329930976
1731070407.8,8.33,0.591,0.0,0.794,9526.6,6473.4,0.0,5685.08,6001.04,0.0,3870.4521544646436
1731070408.3,7.68,0.603,0.0,3.72,9526.7,6473.3,0.0,5685.21,6001.23,0.0,3870.386996800192
1731070408.8,8.32,0.634,0.0,0.904,9526.8,6473.2,0.0,5685.34,6001.42,0.0,3870.321860000792
1731070409.3,7.68,0.67,0.0,3.96,9526.9,6473.1,0.0,5685.47,6001.61,0.0,3870.256744067504
1731070409.8,7.68,0.436,0.0,0.961,9527.0,6473.0,0.0,5685.6,6001.8,0.0,3870.191649001377
1731070410.3,8.33,0.651,0.0,1.17,9527.1,6472.9,0.0,5685.73,6001.99,0.0,3870.1265748034657
1731070410.8,8.31,0.651,0.0,1.04,9527.2,6472.8,0.0,5685.86,6002.18,0.0,3870.061521474821
1731070411.3,7.68,0.823,0.0,0.843,9527.3,6472.7,0.0,5685.99,6002.37,0.0,3869.9964890164947
1731070411.8,7.67,0.871,0.0,0.909,9527.4,6472.6,0.0,5686.12,6002.56,0.0,3869.931477429542
1731070412.3,8.32,0.572,0.0,1.04,9527.5,6472.5,0.0,5686.25,6002.75,0.0,3869.8664867150133
1731070412.8,8.32,0.754,0.0,1.49,9527.6,6472.4,0.0,5686.38,6002.94,0.0,3869.8015168739603
1731070413.3,7.68,0.618,0.0,0.965,9527.7,6472.3,0.0,5686.51,6003.13,0.0,3869.7365679074337
1731070413.8,8.32,0.846,0.0,1.01,9527.8,6472.2,0.0,5686.64,6003.32,0.0,3869.671639816483
1731070414.3,7.67,0.882,0.0,0.856,9527.9,6472.1,0.0,5686.77,6003.51,0.0,3869.606732602164
1731070414.8,7.68,0.63,0.0,0.824,9528.0,6472.0,0.0,5686.9,6003.7,0.0,3869.5418462655243
1731070415.3,8.32,0.832,0.0,0.884,9528.1,6471.9,0.0,5687.03,6003.89,0.0,3869.4769808076135
1731070415.8,8.32,0.487,0.0,0.943,9528.2,6471.8,0.0,5687.16,6004.08,0.0,3869.4121362294823
1731070416.3,7.67,0.867,0.0,1.19,9528.3,6471.7,0.0,5687.29,6004.27,0.0,3869.347312532179
1731070416.8,8.33,0.89,0.0,0.759,9528.4,6471.6,0.0,5687.42,6004.46,0.0,3869.282509716756
1731070417.3,7.68,0.457,0.0,0.883,9528.5,6471.5,0.0,5687.55,6004.65,0.0,3869.217727784261
1731070417.8,8.32,0.778,0.0,2.37,9528.6,6471.4,0.0,5687.68,6004.84,0.0,3869.1529667357427
1731070418.3,7.68,0.528,0.0,0.813,9528.7,6471.3,0.0,5687.81,6005.03,0.0,3869.0882265722503
1731070418.8,8.32,0.953,0.0,0.899,9528.8,6471.2,0.0,5687.94,6005.22,0.0,3869.0235072948312
1731070419.3,7.67,0.609,0.0,0.987,9528.9,6471.1,0.0,5688.07,6005.41,0.0,3868.958808904535
1731070419.8,8.32,0.487,0.0,0.988,9529.0,6471.0,0.0,5688.2,6005.6,0.0,3868.894131402409
1731070420.3,7.69,0.9,0.0,1.76,9529.1,6470.9,0.0,5688.33,6005.79,0.0,3868.8294747895006
1731070420.8,8.31,0.447,0.0,0.861,9529.2,6470.8,0.0,5688.46,6005.98,0.0,3868.7648390668573
1731070421.3,7.68,0.986,0.0,0.869,9529.3,6470.7,0.0,5688.59,6006.17,0.0,3868.700224235524
1731070421.8,8.32,0.576,0.0,0.839,9529.4,6470.6,0.0,5688.72,6006.36,0.0,3868.6356302965514
1731070422.3,7.69,0.535,0.0,1.56,9529.5,6470.5,0.0,5688.85,6006.55,0.0,3868.5710572509843
1731070422.8,7.68,0.455,0.0,0.929,9529.6,6470.4,0.0,5688.98,6006.74,0.0,3868.506505099869
1731070423.3,8.32,0.492,0.0,2.63,9529.7,6470.3,0.0,5689.11,6006.93,0.0,3868.441973844251
1731070423.8,8.31,1.033,0.0,0.92,9529.8,6470.2,0.0,5689.24,6007.12,0.0,3868.377463485175
1731070424.3,7.68,0.677,0.0,4.7,9529.9,6470.1,0.0,5689.37,6007.31,0.0,3868.312974023689
1731070424.8,8.32,0.626,0.0,0.798,9530.0,6470.0,0.0,5689.5,6007.5,0.0,3868.248505460837
1731070425.3,7.68,0.606,0.0,0.976,9530.1,6469.9,0.0,5689.63,6007.69,0.0,3868.184057797664
1731070425.8,8.32,0.574,0.0,1.05,9530.2,6469.8,0.0,5689.76,6007.88,0.0,3868.1196310352148
1731070426.3,7.68,0.833,0.0,1.65,9530.3,6469.7,0.0,5689.89,6008.07,0.0,3868.055225174531
1731070426.8,7.68,0.773,0.0,0.802,9530.4,6469.6,0.0,5690.02,6008.26,0.0,3867.990840216661
1731070427.3,8.32,0.708,0.0,1.09,9530.5,6469.5,0.0,5690.15,6008.45,0.0,3867.9264761626487
1731070427.8,8.32,0.573,0.0,1.09,9530.6,6469.4,0.0,5690.28,6008.64,0.0,3867.862133013534
1731070428.3,7.68,0.655,0.0,1.51,9530.7,6469.3,0.0,5690.41,6008.83,0.0,3867.797810770362
1731070428.8,8.32,0.577,0.0,0.875,9530.8,6469.2,0.0,5690.54,6009.02,0.0,3867.7335094341743
1731070429.3,7.68,0.844,0.0,2.71,9530.9,6469.1,0.0,5690.67,6009.21,0.0,3867.669229006017
1731070429.8,8.32,0.956,0.0,3.16,9531.0,6469.0,0.0,5690.8,6009.4,0.0,3867.6049694869303
1731070430.3,7.68,0.705,0.0,12.3,9531.1,6468.9,0.0,5690.93,6009.59,0.0,3867.540730877957
1731070430.8,8.32,0.736,0.0,0.907,9531.2,6468.8,0.0,5691.06,6009.78,0.0,3867.4765131801387
1731070431.3,7.67,0.941,0.0,0.779,9531.3,6468.7,0.0,5691.19,6009.97,0.0,3867.412316394516
1731070431.8,8.32,0.781,0.0,1.19,9531.4,6468.6,0.0,5691.32,6010.16,0.0,3867.348140522133
1731070432.3,7.68,0.797,0.0,1.25,9531.5,6468.5,0.0,5691.45,6010.35,0.0,3867.283985564029
1731070432.8,8.31,0.402,0.0,2.08,9531.6,6468.4,0.0,5691.58,6010.54,0.0,3867.2198515212453
1731070433.3,7.68,0.665,0.0,0.845,9531.7,6468.3,0.0,5691.71,6010.73,0.0,3867.1557383948225
1731070433.8,8.32,0.634,0.0,0.743,9531.8,6468.2,0.0,5691.84,6010.92,0.0,3867.0916461857987
1731070434.3,7.68,0.763,0.0,0.78,9531.9,6468.1,0.0,5691.97,6011.11,0.0,3867.027574895219
1731070434.8,8.32,0.914,0.0,0.915,9532.0,6468.0,0.0,5692.1,6011.3,0.0,3866.9635245241193
1731070435.3,7.67,0.55,0.0,0.931,9532.1,6467.9,0.0,5692.23,6011.49,0.0,3866.899495073541
1731070435.8,8.33,0.73,0.0,0.807,9532.2,6467.8,0.0,5692.36,6011.68,0.0,3866.8354865445217
1731070436.3,7.68,0.398,0.0,0.788,9532.3,6467.7,0.0,5692.49,6011.87,0.0,3866.7714989380993
1731070436.8,8.32,0.78,0.0,1.04,9532.4,6467.6,0.0,5692.62,6012.06,0.0,3866.7075322553164
1731070437.3,7.68,0.903,0.0,1.08,9532.5,6467.5,0.0,5692.75,6012.25,0.0,3866.643586497209
1731070437.8,8.32,0.488,0.0,2.92,9532.6,6467.4,0.0,5692.88,6012.44,0.0,3866.579661664816
1731070438.3,7.68,0.8,0.0,1.07,9532.7,6467.3,0.0,5693.01,6012.63,0.0,3866.5157577591744
1731070438.8,8.32,0.38,0.0,0.799,9532.8,6467.2,0.0,5693.14,6012.82,0.0,3866.451874781321
1731070439.3,7.68,1.005,0.0,1.06,9532.9,6467.1,0.0,5693.27,6013.01,0.0,3866.388012732296
1731070439.8,7.68,0.949,0.0,1.11,9533.0,6467.0,0.0,5693.4,6013.2,0.0,3866.324171613136
1731070440.3,8.32,0.716,0.0,1.7,9533.1,6466.9,0.0,5693.53,6013.39,0.0,3866.260351424876
1731070440.8,8.31,0.864,0.0,3.53,9533.2,6466.8,0.0,5693.66,6013.58,0.0,3866.196552168553
1731070441.3,7.68,0.514,0.0,2.47,9533.3,6466.7,0.0,5693.79,6013.77,0.0,3866.132773845202
1731070441.8,8.32,1.005,0.0,0.898,9533.4,6466.6,0.0,5693.92,6013.96,0.0,3866.0690164558623
1731070442.3,7.69,0.605,0.0,0.967,9533.5,6466.5,0.0,5694.05,6014.15,0.0,3866.005280001568
1731070442.8,8.31,0.64,0.0,0.989,9533.6,6466.4,0.0,5694.18,6014.34,0.0,3865.9415644833534
1731070443.3,7.68,0.687,0.0,0.827,9533.7,6466.3,0.0,5694.31,6014.53,0.0,3865.8778699022555
1731070443.8,8.32,0.575,0.0,4.99,9533.8,6466.2,0.0,5694.44,6014.72,0.0,3865.8141962593077
1731070444.3,7.68,1.098,0.0,0.85,9533.9,6466.1,0.0,5694.57,6014.91,0.0,3865.7505435555463
1731070444.8,8.32,0.611,0.0,2.21,9534.0,6466.0,0.0,5694.7,6015.1,0.0,3865.686911792004
1731070445.3,7.68,0.555,0.0,0.845,9534.1,6465.9,0.0,5694.83,6015.29,0.0,3865.6233009697157
1731070445.8,8.32,0.385,0.0,0.98,9534.2,6465.8,0.0,5694.96,6015.48,0.0,3865.5597110897156
1731070446.3,7.68,0.501,0.0,0.875,9534.3,6465.7,0.0,5695.09,6015.67,0.0,3865.4961421530347
1731070446.8,8.31,1.141,0.0,0.818,9534.4,6465.6,0.0,5695.22,6015.86,0.0,3865.43259416071
1731070447.3,7.68,0.644,0.0,0.885,9534.5,6465.5,0.0,5695.35,6016.05,0.0,3865.3690671137724
1731070447.8,7.68,0.643,0.0,0.775,9534.6,6465.4,0.0,5695.48,6016.24,0.0,3865.3055610132565
1731070448.3,8.32,0.73,0.0,1.18,9534.7,6465.3,0.0,5695.61,6016.43,0.0,3865.242075860192
1731070448.8,8.32,0.68,0.0,1.0,9534.8,6465.2,0.0,5695.74,6016.62,0.0,3865.178611655611
1731070449.3,7.68,0.65,0.0,1.45,9534.9,6465.1,0.0,5695.87,6016.81,0.0,3865.115168400548
1731070449.8,8.33,0.638,0.0,0.849,9535.0,6465.0,0.0,5696.0,6017.0,0.0,3865.0517460960336
1731070450.3,7.67,0.874,0.0,0.851,9535.1,6464.9,0.0,5696.13,6017.19,0.0,3864.9883447430993
1731070450.8,8.33,0.553,0.0,0.817,9535.2,6464.8,0.0,5696.26,6017.38,0.0,3864.9249643427756
1731070451.3,7.68,0.626,0.0,1.01,9535.3,6464.7,0.0,5696.39,6017.57,0.0,3864.8616048960916
1731070451.8,8.32,0.744,0.0,0.981,9535.4,6464.6,0.0,5696.52,6017.76,0.0,3864.7982664040815
1731070452.3,7.68,0.824,0.0,1.7,9535.5,6464.5,0.0,5696.65,6017.95,0.0,3864.734948867775
1731070452.8,8.32,0.74,0.0,1.07,9535.6,6464.4,0.0,5696.78,6018.14,0.0,3864.6716522881998
1731070453.3,7.68,0.553,0.0,0.934,9535.7,6464.3,0.0,5696.91,6018.33,0.0,3864.608376666387
1731070453.8,8.32,0.707,0.0,1.08,9535.8,6464.2,0.0,5697.04,6018.52,0.0,3864.5451220033638
1731070454.3,7.68,0.643,0.0,0.857,9535.9,6464.1,0.0,5697.17,6018.71,0.0,3864.4818883001635
1731070454.8,8.32,0.705,0.0,0.931,9536.0,6464.0,0.0,5697.3,6018.9,0.0,3864.4186755578125
1731070455.3,7.67,1.02,0.0,0.907,9536.1,6463.9,0.0,5697.43,6019.09,0.0,3864.35548377734
1731070455.8,8.32,0.539,0.0,0.726,9536.2,6463.8,0.0,5697.56,6019.28,0.0,3864.2923129597743
1731070456.3,7.68,0.955,0.0,0.747,9536.3,6463.7,0.0,5697.69,6019.47,0.0,3864.229163106142
1731070456.8,7.68,0.501,0.0,0.811,9536.4,6463.6,0.0,5697.82,6019.66,0.0,3864.1660342174737
1731070457.3,8.32,0.818,0.0,0.972,9536.5,6463.5,0.0,5697.95,6019.85,0.0,3864.1029262947955
1731070457.8,8.32,0.826,0.0,1.06,9536.6,6463.4,0.0,5698.08,6020.04,0.0,3864.0398393391347
1731070458.3,7.68,0.428,0.0,1.57,9536.7,6463.3,0.0,5698.21,6020.23,0.0,3863.9767733515177
1731070458.8,8.32,0.753,0.0,0.822,9536.8,6463.2,0.0,5698.34,6020.42,0.0,3863.91372833297
1731070459.3,7.68,0.42,0.0,0.725,9536.9,6463.1,0.0,5698.47,6020.61,0.0,3863.8507042845217
1731070459.8,8.32,0.842,0.0,1.05,9537.0,6463.0,0.0,5698.6,6020.8,0.0,3863.787701207197
1731070460.3,7.68,0.701,0.0,0.911,9537.1,6462.9,0.0,5698.73,6020.99,0.0,3863.7247191020233
1731070460.8,8.32,0.59,0.0,0.911,9537.2,6462.8,0.0,5698.86,6021.18,0.0,3863.6617579700232
1731070461.3,7.68,0.893,0.0,0.861,9537.3,6462.7,0.0,5698.99,6021.37,0.0,3863.5988178122216
1731070461.8,8.31,0.458,0.0,1.486,9537.4,6462.6,0.0,5699.12,6021.56,0.0,3863.535898629648
1731070462.3,7.68,1.001,0.0,2.11,9537.5,6462.5,0.0,5699.25,6021.75,0.0,3863.473000423324
1731070462.8,8.32,0.623,0.0,5.17,9537.6,6462.4,0.0,5699.38,6021.94,0.0,3863.410123194275
1731070463.3,7.68,0.533,0.0,6.38,9537.7,6462.3,0.0,5699.51,6022.13,0.0,3863.347266943525
1731070463.8,8.32,0.915,0.0,3.42,9537.8,6462.2,0.0,5699.64,6022.32,0.0,3863.284431672096
1731070464.3,7.69,0.455,0.0,5.07,9537.9,6462.1,0.0,5699.77,6022.51,0.0,3863.221617381016
1731070464.8,8.32,0.99,0.0,2.65,9538.0,6462.0,0.0,5699.9,6022.7,0.0,3863.1588240713068
1731070465.3,7.68,0.737,0.0,1.4,9538.1,6461.9,0.0,5700.03,6022.89,0.0,3863.09605174399
1731070465.8,8.32,0.582,0.0,0.833,9538.2,6461.8,0.0,5700.16,6023.08,0.0,3863.0333004000895
1731070466.3,7.68,0.451,0.0,1.14,9538.3,6461.7,0.0,5700.29,6023.27,0.0,3862.9705700406253
1731070466.8,8.32,0.501,0.0,1.13,9538.4,6461.6,0.0,5700.42,6023.46,0.0,3862.9078606666244
1731070467.3,7.68,1.2,0.0,1.8,9538.5,6461.5,0.0,5700.55,6023.65,0.0,3862.8451722791065
1731070467.8,8.31,0.807,0.0,0.78,9538.6,6461.4,0.0,5700.68,6023.84,0.0,3862.782504879093
1731070468.3,7.68,0.897,0.0,1.24,9538.7,6461.3,0.0,5700.81,6024.03,0.0,3862.719858467606
1731070468.8,8.33,0.532,0.0,1.04,9538.8,6461.2,0.0,5700.94,6024.22,0.0,3862.6572330456656
1731070469.3,7.68,0.588,0.0,8.44,9538.9,6461.1,0.0,5701.07,6024.41,0.0,3862.594628614295
1731070469.8,7.68,0.811,0.0,0.845,9539.0,6461.0,0.0,5701.2,6024.6,0.0,3862.5320451745124
1731070470.3,8.32,0.681,0.0,0.875,9539.1,6460.9,0.0,5701.33,6024.79,0.0,3862.4694827273397
1731070470.8,8.32,0.733,0.0,2.98,9539.2,6460.8,0.0,5701.46,6024.98,0.0,3862.4069412737963
1731070471.3,7.68,0.471,0.0,1.14,9539.3,6460.7,0.0,5701.59,6025.17,0.0,3862.3444208149012
1731070471.8,8.32,0.565,0.0,1.68,9539.4,6460.6,0.0,5701.72,6025.36,0.0,3862.281921351676
1731070472.3,7.68,0.604,0.0,0.831,9539.5,6460.5,0.0,5701.85,6025.55,0.0,3862.2194428851394
1731070472.8,8.32,0.761,0.0,0.78,9539.6,6460.4,0.0,5701.98,6025.74,0.0,3862.156985416311
1731070473.3,7.69,0.761,0.0,0.871,9539.7,6460.3,0.0,5702.11,6025.93,0.0,3862.0945489462074
1731070473.8,7.68,0.41,0.0,1.17,9539.8,6460.2,0.0,5702.24,6026.12,0.0,3862.032133475846
1731070474.3,8.31,0.6,0.0,0.734,9539.9,6460.1,0.0,5702.37,6026.31,0.0,3861.9697390062493
1731070474.8,8.33,0.588,0.0,0.708,9540.0,6460.0,0.0,5702.5,6026.5,0.0,3861.907365538433
1731070475.3,7.67,1.734,0.0,1.17,9540.1,6459.9,0.0,5702.63,6026.69,0.0,3861.845013073415
1731070475.8,8.33,1.682,0.0,0.735,9540.2,6459.8,0.0,5702.76,6026.88,0.0,3861.7826816122115
1731070476.3,7.68,0.913,0.0,0.891,9540.3,6459.7,0.0,5702.89,6027.07,0.0,3861.720371155839
1731070476.8,8.32,0.835,0.0,1.3,9540.4,6459.6,0.0,5703.02,6027.26,0.0,3861.6580817053177
1731070477.3,7.68,0.606,0.0,2.19,9540.5,6459.5,0.0,5703.15,6027.45,0.0,3861.595813261663
1731070477.8,8.32,0.747,0.0,2.73,9540.6,6459.4,0.0,5703.28,6027.64,0.0,3861.5335658258887
1731070478.3,7.68,0.796,0.0,1.23,9540.7,6459.3,0.0,5703.41,6027.83,0.0,3861.471339399013
1731070478.8,8.32,0.546,0.0,2.12,9540.8,6459.2,0.0,5703.54,6028.02,0.0,3861.4091339820484
1731070479.3,7.68,0.747,0.0,3.94,9540.9,6459.1,0.0,5703.67,6028.21,0.0,3861.346949576015
1731070479.8,8.32,0.383,0.0,1.53,9541.0,6459.0,0.0,5703.8,6028.4,0.0,3861.2847861819255
1731070480.3,7.69,0.83,0.0,2.09,9541.1,6458.9,0.0,5703.93,6028.59,0.0,3861.222643800795
1731070480.8,8.31,0.895,0.0,1.15,9541.2,6458.8,0.0,5704.06,6028.78,0.0,3861.160522433638
1731070481.3,7.68,0.683,0.0,1.42,9541.3,6458.7,0.0,5704.19,6028.97,0.0,3861.098422081467
1731070481.8,8.32,0.936,0.0,1.42,9541.4,6458.6,0.0,5704.32,6029.16,0.0,3861.0363427453
1731070482.3,7.68,0.481,0.0,1.17,9541.5,6458.5,0.0,5704.45,6029.35,0.0,3860.9742844261473
1731070482.8,8.32,0.926,0.0,2.47,9541.6,6458.4,0.0,5704.58,6029.54,0.0,3860.912247125024
1731070483.3,7.68,0.816,0.0,1.67,9541.7,6458.3,0.0,5704.71,6029.73,0.0,3860.850230842943
1731070483.8,8.32,0.996,0.0,1.27,9541.8,6458.2,0.0,5704.84,6029.92,0.0,3860.7882355809147
1731070484.3,7.68,1.094,0.0,2.88,9541.9,6458.1,0.0,5704.97,6030.11,0.0,3860.726261339956
1731070484.8,8.33,0.516,0.0,4.47,9542.0,6458.0,0.0,5705.1,6030.3,0.0,3860.6643081210773
1731070485.3,7.68,1.018,0.0,4.17,9542.1,6457.9,0.0,5705.23,6030.49,0.0,3860.6023759252917
1731070485.8,8.33,0.6,0.0,1.03,9542.2,6457.8,0.0,5705.36,6030.68,0.0,3860.540464753609
1731070486.3,7.68,0.628,0.0,0.815,9542.3,6457.7,0.0,5705.49,6030.87,0.0,3860.478574607039
1731070486.8,7.67,0.546,0.0,0.727,9542.4,6457.6,0.0,5705.62,6031.06,0.0,3860.416705486598
1731070487.3,8.32,0.502,0.0,1.0,9542.5,6457.5,0.0,5705.75,6031.25,0.0,3860.354857393294
1731070487.8,8.32,1.064,0.0,0.957,9542.6,6457.4,0.0,5705.88,6031.44,0.0,3860.2930303281387
1731070488.3,7.68,0.845,0.0,1.8,9542.7,6457.3,0.0,5706.01,6031.63,0.0,3860.231224292141
1731070488.8,8.32,0.623,0.0,0.86,9542.8,6457.2,0.0,5706.14,6031.82,0.0,3860.169439286311
1731070489.3,7.68,0.456,0.0,1.09,9542.9,6457.1,0.0,5706.27,6032.01,0.0,3860.107675311661
1731070489.8,8.31,0.527,0.0,0.88,9543.0,6457.0,0.0,5706.4,6032.2,0.0,3860.0459323691994
1731070490.3,7.69,0.83,0.0,0.706,9543.1,6456.9,0.0,5706.53,6032.39,0.0,3859.9842104599347
1731070490.8,7.68,0.658,0.0,0.791,9543.2,6456.8,0.0,5706.66,6032.58,0.0,3859.922509584876
1731070491.3,8.32,0.739,0.0,0.785,9543.3,6456.7,0.0,5706.79,6032.77,0.0,3859.8608297450305
1731070491.8,8.31,0.447,0.0,1.0,9543.4,6456.6,0.0,5706.92,6032.96,0.0,3859.79917094141
1731070492.3,7.68,0.603,0.0,1.06,9543.5,6456.5,0.0,5707.05,6033.15,0.0,3859.7375331750213
1731070492.8,8.33,0.588,0.0,0.833,9543.6,6456.4,0.0,5707.18,6033.34,0.0,3859.6759164468717
1731070493.3,7.68,0.631,0.0,2.23,9543.7,6456.3,0.0,5707.31,6033.53,0.0,3859.6143207579694
1731070493.8,8.32,0.748,0.0,0.873,9543.8,6456.2,0.0,5707.44,6033.72,0.0,3859.5527461093207
1731070494.3,7.68,0.579,0.0,0.891,9543.9,6456.1,0.0,5707.57,6033.91,0.0,3859.4911925019337
1731070494.8,8.32,0.643,0.0,0.881,9544.0,6456.0,0.0,5707.7,6034.1,0.0,3859.4296599368154
1731070495.3,7.68,0.688,0.0,1.0,9544.1,6455.9,0.0,5707.83,6034.29,0.0,3859.3681484149715
1731070495.8,8.33,0.723,0.0,0.918,9544.2,6455.8,0.0,5707.96,6034.48,0.0,3859.306657937408
1731070496.3,7.68,0.729,0.0,0.743,9544.3,6455.7,0.0,5708.09,6034.67,0.0,3859.2451885051296
1731070496.8,8.32,0.346,0.0,0.827,9544.4,6455.6,0.0,5708.22,6034.86,0.0,3859.1837401191456
1731070497.3,7.68,0.636,0.0,0.821,9544.5,6455.5,0.0,5708.35,6035.05,0.0,3859.1223127804587
1731070497.8,8.31,0.653,0.0,1.37,9544.6,6455.4,0.0,5708.48,6035.24,0.0,3859.060906490076
1731070498.3,7.67,0.768,0.0,6.6,9544.7,6455.3,0.0,5708.61,6035.43,0.0,3858.9995212489994
1731070498.8,8.33,0.833,0.0,2.0,9544.8,6455.2,0.0,5708.74,6035.62,0.0,3858.9381570582336
1731070499.3,7.68,0.732,0.0,1.28,9544.9,6455.1,0.0,5708.87,6035.81,0.0,3858.8768139187855
1731070499.8,8.33,0.894,0.0,1.65,9545.0,6455.0,0.0,5709.0,6036.0,0.0,3858.8154918316577
1731070500.3,7.67,0.478,0.0,1.96,9545.1,6454.9,0.0,5709.13,6036.19,0.0,3858.754190797854
1731070500.8,8.32,0.969,0.0,1.05,9545.2,6454.8,0.0,5709.26,6036.38,0.0,3858.6929108183776
1731070501.3,7.68,0.959,0.0,0.766,9545.3,6454.7,0.0,5709.39,6036.57,0.0,3858.63165189423
1731070501.8,8.32,0.6,0.0,0.887,9545.4,6454.6,0.0,5709.52,6036.76,0.0,3858.5704140264165
1731070502.3,7.68,0.873,0.0,0.761,9545.5,6454.5,0.0,5709.65,6036.95,0.0,3858.5091972159403
1731070502.8,8.32,0.453,0.0,0.713,9545.6,6454.4,0.0,5709.78,6037.14,0.0,3858.4480014638016
1731070503.3,7.68,0.9,0.0,0.966,9545.7,6454.3,0.0,5709.91,6037.33,0.0,3858.3868267710027
1731070503.8,7.68,0.644,0.0,1.22,9545.8,6454.2,0.0,5710.04,6037.52,0.0,3858.3256731385436
1731070504.3,8.32,0.646,0.0,0.964,9545.9,6454.1,0.0,5710.17,6037.71,0.0,3858.2645405674293
1731070504.8,8.32,0.953,0.0,1.5,9546.0,6454.0,0.0,5710.3,6037.9,0.0,3858.2034290586594
1731070505.3,7.68,0.548,0.0,0.89,9546.1,6453.9,0.0,5710.43,6038.09,0.0,3858.1423386132346
1731070505.8,8.32,0.996,0.0,0.723,9546.2,6453.8,0.0,5710.56,6038.28,0.0,3858.081269232156
1731070506.3,7.68,0.8,0.0,0.76,9546.3,6453.7,0.0,5710.69,6038.47,0.0,3858.0202209164217
1731070506.8,8.32,0.722,0.0,0.775,9546.4,6453.6,0.0,5710.82,6038.66,0.0,3857.9591936670354
1731070507.3,7.68,0.749,0.0,0.99,9546.5,6453.5,0.0,5710.95,6038.85,0.0,3857.898187484994
1731070507.8,8.32,0.654,0.0,3.45,9546.6,6453.4,0.0,5711.08,6039.04,0.0,3857.8372023712977
1731070508.3,7.69,1.212,0.0,2.41,9546.7,6453.3,0.0,5711.21,6039.23,0.0,3857.7762383269464
1731070508.8,8.31,0.66,0.0,0.845,9546.8,6453.2,0.0,5711.34,6039.42,0.0,3857.715295352936
1731070509.3,7.69,0.554,0.0,0.964,9546.9,6453.1,0.0,5711.47,6039.61,0.0,3857.6543734502698
1731070509.8,8.32,0.391,0.0,2.34,9547.0,6453.0,0.0,5711.6,6039.8,0.0,3857.593472619944
1731070510.3,7.68,0.543,0.0,0.701,9547.1,6452.9,0.0,5711.73,6039.99,0.0,3857.532592862957
1731070510.8,8.32,1.118,0.0,1.3,9547.2,6452.8,0.0,5711.86,6040.18,0.0,3857.471734180305
1731070511.3,7.68,0.646,0.0,1.08,9547.3,6452.7,0.0,5711.99,6040.37,0.0,3857.4108965729843
1731070511.8,8.32,0.589,0.0,1.97,9547.4,6452.6,0.0,5712.12,6040.56,0.0,3857.3500800419965
1731070512.3,7.68,0.463,0.0,1.46,9547.5,6452.5,0.0,5712.25,6040.75,0.0,3857.2892845883366
1731070512.8,8.32,0.539,0.0,1.29,9547.6,6452.4,0.0,5712.38,6040.94,0.0,3857.2285102130004
1731070513.3,7.68,0.572,0.0,1.25,9547.7,6452.3,0.0,5712.51,6041.13,0.0,3857.1677569169847
1731070513.8,8.32,0.619,0.0,0.698,9547.8,6452.2,0.0,5712.64,6041.32,0.0,3857.107024701284
1731070514.3,7.68,0.72,0.0,1.25,9547.9,6452.1,0.0,5712.77,6041.51,0.0,3857.0463135668974
1731070514.8,8.32,0.546,0.0,0.914,9548.0,6452.0,0.0,5712.9,6041.7,0.0,3856.98562351482
1731070515.3,7.68,0.614,0.0,0.709,9548.1,6451.9,0.0,5713.03,6041.89,0.0,3856.924954546044
1731070515.8,8.32,0.548,0.0,0.835,9548.2,6451.8,0.0,5713.16,6042.08,0.0,3856.8643066615664
1731070516.3,7.68,0.699,0.0,0.741,9548.3,6451.7,0.0,5713.29,6042.27,0.0,3856.80367986238
1731070516.8,8.32,0.955,0.0,1.04,9548.4,6451.6,0.0,5713.42,6042.46,0.0,3856.743074149482
1731070517.3,7.68,0.473,0.0,1.05,9548.5,6451.5,0.0,5713.55,6042.65,0.0,3856.682489523865
1731070517.8,8.32,0.699,0.0,1.69,9548.6,6451.4,0.0,5713.68,6042.84,0.0,3856.6219259865234
1731070518.3,7.68,0.68,0.0,0.79,9548.7,6451.3,0.0,5713.81,6043.03,0.0,3856.56138353845
1731070518.8,8.32,0.719,0.0,2.28,9548.8,6451.2,0.0,5713.94,6043.22,0.0,3856.500862180637
1731070519.3,7.68,1.018,0.0,2.33,9548.9,6451.1,0.0,5714.07,6043.41,0.0,3856.44036191408
1731070519.8,8.32,0.573,0.0,8.16,9549.0,6451.0,0.0,5714.2,6043.6,0.0,3856.37988273977
1731070520.3,7.68,0.766,0.0,0.929,9549.1,6450.9,0.0,5714.33,6043.79,0.0,3856.3194246586995
1731070520.8,7.68,0.394,0.0,0.889,9549.2,6450.8,0.0,5714.46,6043.98,0.0,3856.258987671861
1731070521.3,8.32,0.931,0.0,0.782,9549.3,6450.7,0.0,5714.59,6044.17,0.0,3856.198571780244
1731070521.8,8.3,0.978,0.0,0.798,9549.4,6450.6,0.0,5714.72,6044.36,0.0,3856.138176984844
1731070522.3,7.7,0.726,0.0,1.09,9549.5,6450.5,0.0,5714.85,6044.55,0.0,3856.07780328665
1731070522.8,8.32,0.952,0.0,0.996,9549.6,6450.4,0.0,5714.98,6044.74,0.0,3856.0174506866547
1731070523.3,7.68,0.484,0.0,2.42,9549.7,6450.3,0.0,5715.11,6044.93,0.0,3855.957119185846
1731070523.8,8.32,0.861,0.0,0.808,9549.8,6450.2,0.0,5715.24,6045.12,0.0,3855.8968087852136
1731070524.3,7.68,0.875,0.0,0.846,9549.9,6450.1,0.0,5715.37,6045.31,0.0,3855.836519485752
1731070524.8,8.32,0.545,0.0,1.32,9550.0,6450.0,0.0,5715.5,6045.5,0.0,3855.7762512884483
1731070525.3,7.69,0.866,0.0,1.35,9550.1,6449.9,0.0,5715.63,6045.69,0.0,3855.7160041942925
1731070525.8,8.31,0.457,0.0,2.21,9550.2,6449.8,0.0,5715.76,6045.88,0.0,3855.6557782042737
1731070526.3,7.68,0.949,0.0,0.853,9550.3,6449.7,0.0,5715.89,6046.07,0.0,3855.595573319379
1731070526.8,8.31,0.703,0.0,0.693,9550.4,6449.6,0.0,5716.02,6046.26,0.0,3855.535389540601
1731070527.3,7.69,0.736,0.0,0.704,9550.5,6449.5,0.0,5716.15,6046.45,0.0,3855.4752268689267
1731070527.8,8.31,0.985,0.0,0.778,9550.6,6449.4,0.0,5716.28,6046.64,0.0,3855.415085305343
1731070528.3,7.68,0.488,0.0,0.872,9550.7,6449.3,0.0,5716.41,6046.83,0.0,3855.354964850838
1731070528.8,8.32,0.995,0.0,1.01,9550.8,6449.2,0.0,5716.54,6047.02,0.0,3855.294865506398
1731070529.3,7.69,0.593,0.0,0.828,9550.9,6449.1,0.0,5716.67,6047.21,0.0,3855.2347872730134
1731070529.8,8.32,0.642,0.0,0.756,9551.0,6449.0,0.0,5716.8,6047.4,0.0,3855.17473015167
1731070530.3,7.68,0.429,0.0,0.785,9551.1,6448.9,0.0,5716.93,6047.59,0.0,3855.114694143353
1731070530.8,8.32,0.551,0.0,1.1,9551.2,6448.8,0.0,5717.06,6047.78,0.0,3855.054679249051
1731070531.3,7.68,1.179,0.0,0.851,9551.3,6448.7,0.0,5717.19,6047.97,0.0,3854.9946854697473
1731070531.8,8.32,0.717,0.0,0.811,9551.4,6448.6,0.0,5717.32,6048.16,0.0,3854.934712806431
1731070532.3,7.68,0.616,0.0,1.02,9551.5,6448.5,0.0,5717.45,6048.35,0.0,3854.8747612600855
1731070532.8,8.32,0.667,0.0,1.11,9551.6,6448.4,0.0,5717.58,6048.54,0.0,3854.814830831697
1731070533.3,7.68,0.663,0.0,1.73,9551.7,6448.3,0.0,5717.71,6048.73,0.0,3854.75492152225
1731070533.8,7.68,0.676,0.0,0.783,9551.8,6448.2,0.0,5717.84,6048.92,0.0,3854.695033332727
1731070534.3,8.32,0.686,0.0,0.927,9551.9,6448.1,0.0,5717.97,6049.11,0.0,3854.635166264117
1731070534.8,8.31,0.656,0.0,1.08,9552.0,6448.0,0.0,5718.1,6049.3,0.0,3854.5753203174013
1731070535.3,7.68,0.466,0.0,1.88,9552.1,6447.9,0.0,5718.23,6049.49,0.0,3854.5154954935656
1731070535.8,8.32,0.591,0.0,5.08,9552.2,6447.8,0.0,5718.36,6049.68,0.0,3854.4556917935906
1731070536.3,7.68,0.573,0.0,0.869,9552.3,6447.7,0.0,5718.49,6049.87,0.0,3854.3959092184596
1731070536.8,8.33,0.737,0.0,4.0,9552.4,6447.6,0.0,5718.62,6050.06,0.0,3854.3361477691587
1731070537.3,7.68,0.721,0.0,0.832,9552.5,6447.5,0.0,5718.75,6050.25,0.0,3854.276407446669
1731070537.8,7.68,0.418,0.0,4.47,9552.6,6447.4,0.0,5718.88,6050.44,0.0,3854.2166882519723
1731070538.3,8.31,0.761,0.0,0.803,9552.7,6447.3,0.0,5719.01,6050.63,0.0,3854.1569901860516
1731070538.8,8.32,0.733,0.0,6.43,9552.8,6447.2,0.0,5719.14,6050.82,0.0,3854.097313249886
1731070539.3,7.68,0.756,0.0,0.825,9552.9,6447.1,0.0,5719.27,6051.01,0.0,3854.0376574444617
1731070539.8,8.32,0.728,0.0,2.322,9553.0,6447.0,0.0,5719.4,6051.2,0.0,3853.9780227707583
1731070540.3,7.69,0.393,0.0,3.82,9553.1,6446.9,0.0,5719.53,6051.39,0.0,3853.918409229755
1731070540.8,8.32,0.673,0.0,0.84,9553.2,6446.8,0.0,5719.66,6051.58,0.0,3853.8588168224333
1731070541.3,7.68,0.634,0.0,4.8,9553.3,6446.7,0.0,5719.79,6051.77,0.0,3853.7992455497724
1731070541.8,8.32,0.866,0.0,0.856,9553.4,6446.6,0.0,5719.92,6051.96,0.0,3853.7396954127553
1731070542.3,7.68,0.907,0.0,4.05,9553.5,6446.5,0.0,5720.05,6052.15,0.0,3853.6801664123604
1731070542.8,8.32,0.435,0.0,0.761,9553.6,6446.4,0.0,5720.18,6052.34,0.0,3853.620658549567
1731070543.3,7.68,0.813,0.0,3.7,9553.7,6446.3,0.0,5720.31,6052.53,0.0,3853.561171825355
1731070543.8,8.32,0.407,0.0,0.85,9553.8,6446.2,0.0,5720.44,6052.72,0.0,3853.5017062407014
1731070544.3,7.68,0.85,0.0,3.69,9553.9,6446.1,0.0,5720.57,6052.91,0.0,3853.4422617965874
1731070544.8,8.32,0.929,0.0,0.843,9554.0,6446.0,0.0,5720.7,6053.1,0.0,3853.38283849399
1731070545.3,7.68,0.47,0.0,3.83,9554.1,6445.9,0.0,5720.83,6053.29,0.0,3853.323436333888
1731070545.8,8.31,0.803,0.0,0.886,9554.2,6445.8,0.0,5720.96,6053.48,0.0,3853.2640553172587
1731070546.3,7.68,0.654,0.0,4.78,9554.3,6445.7,0.0,5721.09,6053.67,0.0,3853.2046954450775
1731070546.8,8.32,1.022,0.0,0.726,9554.4,6445.6,0.0,5721.22,6053.86,0.0,3853.145356718326
1731070547.3,7.68,0.637,0.0,4.75,9554.5,6445.5,0.0,5721.35,6054.05,0.0,3853.086039137979
1731070547.8,8.32,0.528,0.0,0.932,9554.6,6445.4,0.0,5721.48,6054.24,0.0,3853.0267427050135
1731070548.3,7.69,0.881,0.0,2.48,9554.7,6445.3,0.0,5721.61,6054.43,0.0,3852.967467420405
1731070548.8,8.32,0.434,0.0,0.857,9554.8,6445.2,0.0,5721.74,6054.62,0.0,3852.908213285128
1731070549.3,7.67,0.988,0.0,0.894,9554.9,6445.1,0.0,5721.87,6054.81,0.0,3852.848980300162
1731070549.8,8.32,0.685,0.0,0.915,9555.0,6445.0,0.0,5722.0,6055.0,0.0,3852.789768466481
1731070550.3,7.68,0.736,0.0,0.978,9555.1,6444.9,0.0,5722.13,6055.19,0.0,3852.7305777850597
1731070550.8,7.68,0.539,0.0,0.997,9555.2,6444.8,0.0,5722.26,6055.38,0.0,3852.6714082568737
1731070551.3,8.32,0.639,0.0,0.831,9555.3,6444.7,0.0,5722.39,6055.57,0.0,3852.6122598828956
1731070551.8,8.31,1.134,0.0,1.0,9555.4,6444.6,0.0,5722.52,6055.76,0.0,3852.553132664103
1731070552.3,7.69,0.669,0.0,0.945,9555.5,6444.5,0.0,5722.65,6055.95,0.0,3852.4940266014696
1731070552.8,8.31,0.984,0.0,1.47,9555.6,6444.4,0.0,5722.78,6056.14,0.0,3852.4349416959662
1731070553.3,7.68,0.81,0.0,0.842,9555.7,6444.3,0.0,5722.91,6056.33,0.0,3852.375877948569
1731070553.8,8.32,0.586,0.0,0.829,9555.8,6444.2,0.0,5723.04,6056.52,0.0,3852.3168353602478
1731070554.3,7.68,0.942,0.0,0.86,9555.9,6444.1,0.0,5723.17,6056.71,0.0,3852.25781393198
1731070554.8,7.68,0.702,0.0,0.861,9556.0,6444.0,0.0,5723.3,6056.9,0.0,3852.198813664736
1731070555.3,8.32,0.81,0.0,0.788,9556.1,6443.9,0.0,5723.43,6057.09,0.0,3852.139834559488
1731070555.8,8.32,0.635,0.0,0.879,9556.2,6443.8,0.0,5723.56,6057.28,0.0,3852.0808766172086
1731070556.3,7.68,0.66,0.0,0.802,9556.3,6443.7,0.0,5723.69,6057.47,0.0,3852.021939838868
1731070556.8,8.32,0.941,0.0,0.811,9556.4,6443.6,0.0,5723.82,6057.66,0.0,3851.96302422544
1731070557.3,7.68,0.803,0.0,1.0,9556.5,6443.5,0.0,5723.95,6057.85,0.0,3851.904129777895
1731070557.8,8.32,0.732,0.0,0.965,9556.6,6443.4,0.0,5724.08,6058.04,0.0,3851.845256497203
1731070558.3,7.68,0.457,0.0,1.51,9556.7,6443.3,0.0,5724.21,6058.23,0.0,3851.786404384335
1731070558.8,7.68,0.716,0.0,1.03,9556.8,6443.2,0.0,5724.34,6058.42,0.0,3851.72757344026
1731070559.3,8.32,0.828,0.0,0.833,9556.9,6443.1,0.0,5724.47,6058.61,0.0,3851.668763665951
1731070559.8,7.68,1.224,0.0,0.772,9557.0,6443.0,0.0,5724.6,6058.8,0.0,3851.609975062376
1731070560.3,8.32,1.018,0.0,1.69,9557.1,6442.9,0.0,5724.73,6058.99,0.0,3851.5512076305054
1731070560.8,8.32,0.488,0.0,2.71,9557.2,6442.8,0.0,5724.86,6059.18,0.0,3851.492461371307
1731070561.3,7.68,0.728,0.0,0.809,9557.3,6442.7,0.0,5724.99,6059.37,0.0,3851.433736285748
1731070561.8,8.32,0.671,0.0,0.903,9557.4,6442.6,0.0,5725.12,6059.56,0.0,3851.375032374801
1731070562.3,7.67,0.727,0.0,3.96,9557.5,6442.5,0.0,5725.25,6059.75,0.0,3851.3163496394322
1731070562.8,8.33,0.744,0.0,2.28,9557.6,6442.4,0.0,5725.38,6059.94,0.0,3851.2576880806096
1731070563.3,7.68,0.449,0.0,0.848,9557.7,6442.3,0.0,5725.51,6060.13,0.0,3851.199047699301
1731070563.8,8.31,0.766,0.0,0.899,9557.8,6442.2,0.0,5725.64,6060.32,0.0,3851.1404284964724
1731070564.3,7.69,0.412,0.0,0.868,9557.9,6442.1,0.0,5725.77,6060.51,0.0,3851.0818304730938
1731070564.8,8.32,0.793,0.0,0.78,9558.0,6442.0,0.0,5725.9,6060.7,0.0,3851.023253630131
1731070565.3,7.68,0.831,0.0,0.821,9558.1,6441.9,0.0,5726.03,6060.89,0.0,3850.96469796855
1731070565.8,8.32,0.437,0.0,0.809,9558.2,6441.8,0.0,5726.16,6061.08,0.0,3850.9061634893164
1731070566.3,7.67,0.79,0.0,0.894,9558.3,6441.7,0.0,5726.29,6061.27,0.0,3850.847650193395
1731070566.8,8.32,0.384,0.0,0.903,9558.4,6441.6,0.0,5726.42,6061.46,0.0,3850.789158081756
1731070567.3,7.69,0.866,0.0,0.817,9558.5,6441.5,0.0,5726.55,6061.65,0.0,3850.730687155361
1731070567.8,7.68,0.518,0.0,0.939,9558.6,6441.4,0.0,5726.68,6061.84,0.0,3850.6722374151764
1731070568.3,8.32,0.527,0.0,1.1,9558.7,6441.3,0.0,5726.81,6062.03,0.0,3850.613808862167
1731070568.8,8.31,0.985,0.0,2.0,9558.8,6441.2,0.0,5726.94,6062.22,0.0,3850.5554014972954
1731070569.3,7.69,0.59,0.0,1.25,9558.9,6441.1,0.0,5727.07,6062.41,0.0,3850.4970153215286
1731070569.8,8.32,0.999,0.0,0.829,9559.0,6441.0,0.0,5727.2,6062.6,0.0,3850.438650335829
1731070570.3,7.67,0.627,0.0,0.84,9559.1,6440.9,0.0,5727.33,6062.79,0.0,3850.3803065411607
1731070570.8,8.32,0.516,0.0,0.803,9559.2,6440.8,0.0,5727.46,6062.98,0.0,3850.321983938487
1731070571.3,7.67,0.622,0.0,0.788,9559.3,6440.7,0.0,5727.59,6063.17,0.0,3850.2636825287686
1731070571.8,8.33,0.421,0.0,0.774,9559.4,6440.6,0.0,5727.72,6063.36,0.0,3850.205402312972
1731070572.3,7.67,1.04,0.0,0.983,9559.5,6440.5,0.0,5727.85,6063.55,0.0,3850.147143292058
1731070572.8,8.33,0.669,0.0,1.09,9559.6,6440.4,0.0,5727.98,6063.74,0.0,3850.08890546699
1731070573.3,7.67,0.57,0.0,1.0,9559.7,6440.3,0.0,5728.11,6063.93,0.0,3850.0306888387277
1731070573.8,8.33,0.404,0.0,1.06,9559.8,6440.2,0.0,5728.24,6064.12,0.0,3849.972493408232
1731070574.3,7.68,0.518,0.0,1.42,9559.9,6440.1,0.0,5728.37,6064.31,0.0,3849.9143191764665
1731070574.8,8.32,1.102,0.0,0.879,9560.0,6440.0,0.0,5728.5,6064.5,0.0,3849.8561661443923
1731070575.3,7.68,0.601,0.0,0.941,9560.1,6439.9,0.0,5728.63,6064.69,0.0,3849.7980343129693
1731070575.8,8.32,3.207,0.0,0.883,9560.2,6439.8,0.0,5728.76,6064.88,0.0,3849.7399236831575
1731070576.3,7.68,1.854,0.0,0.892,9560.3,6439.7,0.0,5728.89,6065.07,0.0,3849.681834255916
1731070576.8,8.32,1.194,0.0,0.779,9560.4,6439.6,0.0,5729.02,6065.26,0.0,3849.623766032207
1731070577.3,7.68,0.911,0.0,1.28,9560.5,6439.5,0.0,5729.15,6065.45,0.0,3849.5657190129905
1731070577.8,8.33,0.88,0.0,0.874,9560.6,6439.4,0.0,5729.28,6065.64,0.0,3849.507693199223
1731070578.3,7.67,1.144,0.0,0.87,9560.7,6439.3,0.0,5729.41,6065.83,0.0,3849.449688591865
1731070578.8,8.32,0.719,0.0,1.01,9560.8,6439.2,0.0,5729.54,6066.02,0.0,3849.391705191873
1731070579.3,7.68,0.929,0.0,0.86,9560.9,6439.1,0.0,5729.67,6066.21,0.0,3849.333743000209
1731070579.8,8.33,0.702,0.0,0.84,9561.0,6439.0,0.0,5729.8,6066.4,0.0,3849.275802017829
1731070580.3,7.67,0.849,0.0,1.45,9561.1,6438.9,0.0,5729.93,6066.59,0.0,3849.217882245691
1731070580.8,8.32,0.874,0.0,1.07,9561.2,6438.8,0.0,5730.06,6066.78,0.0,3849.159983684752
1731070581.3,7.68,0.676,0.0,2.67,9561.3,6438.7,0.0,5730.19,6066.97,0.0,3849.10210633597
1731070581.8,8.32,0.773,0.0,1.06,9561.4,6438.6,0.0,5730.32,6067.16,0.0,3849.0442502003016
1731070582.3,7.68,0.693,0.0,1.36,9561.5,6438.5,0.0,5730.45,6067.35,0.0,3848.986415278703
1731070582.8,8.32,0.71,0.0,4.34,9561.6,6438.4,0.0,5730.58,6067.54,0.0,3848.9286015721314
1731070583.3,7.68,0.754,0.0,1.12,9561.7,6438.3,0.0,5730.71,6067.73,0.0,3848.870809081542
1731070583.8,8.32,0.406,0.0,1.58,9561.8,6438.2,0.0,5730.84,6067.92,0.0,3848.8130378078895
1731070584.3,7.67,0.769,0.0,1.58,9561.9,6438.1,0.0,5730.97,6068.11,0.0,3848.755287752132
1731070584.8,7.68,0.408,0.0,1.43,9562.0,6438.0,0.0,5731.1,6068.3,0.0,3848.697558915223
1731070585.3,8.33,0.784,0.0,3.31,9562.1,6437.9,0.0,5731.23,6068.49,0.0,3848.6398512981186
1731070585.8,8.32,0.795,0.0,1.12,9562.2,6437.8,0.0,5731.36,6068.68,0.0,3848.5821649017716
1731070586.3,7.68,0.41,0.0,1.78,9562.3,6437.7,0.0,5731.49,6068.87,0.0,3848.524499727135
1731070586.8,8.33,0.733,0.0,0.887,9562.4,6437.6,0.0,5731.62,6069.06,0.0,3848.4668557751666
1731070587.3,7.68,0.439,0.0,0.779,9562.5,6437.5,0.0,5731.75,6069.25,0.0,3848.4092330468184
1731070587.8,8.32,1.069,0.0,0.89,9562.6,6437.4,0.0,5731.88,6069.44,0.0,3848.351631543043
1731070588.3,7.68,0.865,0.0,0.932,9562.7,6437.3,0.0,5732.01,6069.63,0.0,3848.2940512647942
1731070588.8,8.31,0.658,0.0,0.993,9562.8,6437.2,0.0,5732.14,6069.82,0.0,3848.236492213023
1731070589.3,7.68,1.045,0.0,6.04,9562.9,6437.1,0.0,5732.27,6070.01,0.0,3848.178954388685
1731070589.8,8.32,0.667,0.0,1.07,9563.0,6437.0,0.0,5732.4,6070.2,0.0,3848.121437792732
1731070590.3,7.69,1.203,0.0,0.834,9563.1,6436.9,0.0,5732.53,6070.39,0.0,3848.0639424261135
1731070590.8,8.31,0.644,0.0,0.783,9563.2,6436.8,0.0,5732.66,6070.58,0.0,3848.006468289783
1731070591.3,7.68,0.548,0.0,0.795,9563.3,6436.7,0.0,5732.79,6070.77,0.0,3847.9490153846887
1731070591.8,8.32,0.879,0.0,0.915,9563.4,6436.6,0.0,5732.92,6070.96,0.0,3847.891583711786
1731070592.3,7.68,0.495,0.0,1.02,9563.5,6436.5,0.0,5733.05,6071.15,0.0,3847.8341732720237
1731070592.8,8.32,1.107,0.0,2.29,9563.6,6436.4,0.0,5733.18,6071.34,0.0,3847.7767840663523
1731070593.3,7.68,0.627,0.0,1.34,9563.7,6436.3,0.0,5733.31,6071.53,0.0,3847.719416095722
1731070593.8,8.32,0.525,0.0,1.21,9563.8,6436.2,0.0,5733.44,6071.72,0.0,3847.662069361081
1731070594.3,7.68,0.4,0.0,1.09,9563.9,6436.1,0.0,5733.57,6071.91,0.0,3847.604743863382
1731070594.8,8.32,0.517,0.0,3.88,9564.0,6436.0,0.0,5733.7,6072.1,0.0,3847.5474396035715
1731070595.3,7.68,1.105,0.0,0.868,9564.1,6435.9,0.0,5733.83,6072.29,0.0,3847.490156582601
1731070595.8,8.33,0.693,0.0,0.81,9564.2,6435.8,0.0,5733.96,6072.48,0.0,3847.4328948014163
1731070596.3,7.67,0.637,0.0,1.09,9564.3,6435.7,0.0,5734.09,6072.67,0.0,3847.375654260966
1731070596.8,8.32,0.611,0.0,0.904,9564.4,6435.6,0.0,5734.22,6072.86,0.0,3847.3184349622006
1731070597.3,7.68,0.867,0.0,1.91,9564.5,6435.5,0.0,5734.35,6073.05,0.0,3847.2612369060666
1731070597.8,7.68,0.718,0.0,0.837,9564.6,6435.4,0.0,5734.48,6073.24,0.0,3847.2040600935125
1731070598.3,8.32,0.642,0.0,1.0,9564.7,6435.3,0.0,5734.61,6073.43,0.0,3847.1469045254835
1731070598.8,8.32,0.615,0.0,1.05,9564.8,6435.2,0.0,5734.74,6073.62,0.0,3847.089770202925
1731070599.3,7.68,0.464,0.0,1.51,9564.9,6435.1,0.0,5734.87,6073.81,0.0,3847.0326571267883
1731070599.8,8.32,0.537,0.0,0.802,9565.0,6435.0,0.0,5735.0,6074.0,0.0,3846.9755652980175
1731070600.3,7.67,0.738,0.0,0.876,9565.1,6434.9,0.0,5735.13,6074.19,0.0,3846.9184947175577
1731070600.8,8.32,0.689,0.0,0.891,9565.2,6434.8,0.0,5735.26,6074.38,0.0,3846.861445386356
1731070601.3,7.68,0.874,0.0,0.864,9565.3,6434.7,0.0,5735.39,6074.57,0.0,3846.804417305355
1731070601.8,7.68,0.591,0.0,0.835,9565.4,6434.6,0.0,5735.52,6074.76,0.0,3846.747410475504
1731070602.3,8.32,0.861,0.0,0.82,9565.5,6434.5,0.0,5735.65,6074.95,0.0,3846.690424897746
1731070602.8,8.32,0.791,0.0,0.835,9565.6,6434.4,0.0,5735.78,6075.14,0.0,3846.633460573025
1731070603.3,7.68,0.778,0.0,0.913,9565.7,6434.3,0.0,5735.91,6075.33,0.0,3846.5765175022852
1731070603.8,8.33,0.789,0.0,0.859,9565.8,6434.2,0.0,5736.04,6075.52,0.0,3846.5195956864686
1731070604.3,7.68,0.393,0.0,1.06,9565.9,6434.1,0.0,5736.17,6075.71,0.0,3846.462695126523
1731070604.8,8.32,0.634,0.0,1.42,9566.0,6434.0,0.0,5736.3,6075.9,0.0,3846.4058158233897
1731070605.3,7.68,0.596,0.0,2.42,9566.1,6433.9,0.0,5736.43,6076.09,0.0,3846.348957778012
1731070605.8,8.32,0.785,0.0,1.1,9566.2,6433.8,0.0,5736.56,6076.28,0.0,3846.2921209913325
1731070606.3,7.68,0.858,0.0,5.21,9566.3,6433.7,0.0,5736.69,6076.47,0.0,3846.235305464292
1731070606.8,8.31,0.422,0.0,0.882,9566.4,6433.6,0.0,5736.82,6076.66,0.0,3846.1785111978356
1731070607.3,7.68,0.743,0.0,1.35,9566.5,6433.5,0.0,5736.95,6076.85,0.0,3846.1217381929036
1731070607.8,8.32,0.352,0.0,0.86,9566.6,6433.4,0.0,5737.08,6077.04,0.0,3846.064986450437
1731070608.3,7.69,0.849,0.0,1.13,9566.7,6433.3,0.0,5737.21,6077.23,0.0,3846.0082559713787
1731070608.8,7.67,0.707,0.0,1.55,9566.8,6433.2,0.0,5737.34,6077.42,0.0,3845.951546756666
1731070609.3,8.32,0.699,0.0,2.42,9566.9,6433.1,0.0,5737.47,6077.61,0.0,3845.8948588072444
1731070609.8,7.68,0.956,0.0,1.05,9567.0,6433.0,0.0,5737.6,6077.8,0.0,3845.838192124052
1731070610.3,8.32,0.589,0.0,1.12,9567.1,6432.9,0.0,5737.73,6077.99,0.0,3845.78154670803
1731070610.8,7.68,0.975,0.0,1.45,9567.2,6432.8,0.0,5737.86,6078.18,0.0,3845.724922560116
1731070611.3,8.32,0.715,0.0,1.09,9567.3,6432.7,0.0,5737.99,6078.37,0.0,3845.6683196812482
1731070611.8,8.32,0.612,0.0,2.93,9567.4,6432.6,0.0,5738.12,6078.56,0.0,3845.6117380723704
1731070612.3,7.68,0.984,0.0,0.775,9567.5,6432.5,0.0,5738.25,6078.75,0.0,3845.555177734419
1731070612.8,8.32,0.47,0.0,0.793,9567.6,6432.4,0.0,5738.38,6078.94,0.0,3845.4986386683327
1731070613.3,7.68,1.19,0.0,0.701,9567.7,6432.3,0.0,5738.51,6079.13,0.0,3845.44212087505
1731070613.8,8.33,0.688,0.0,1.61,9567.8,6432.2,0.0,5738.64,6079.32,0.0,3845.385624355507
1731070614.3,7.68,0.562,0.0,1.03,9567.9,6432.1,0.0,5738.77,6079.51,0.0,3845.3291491106447
1731070614.8,7.68,0.381,0.0,2.69,9568.0,6432.0,0.0,5738.9,6079.7,0.0,3845.2726951413997
1731070615.3,8.32,0.424,0.0,0.909,9568.1,6431.9,0.0,5739.03,6079.89,0.0,3845.216262448707
1731070615.8,8.32,1.033,0.0,1.01,9568.2,6431.8,0.0,5739.16,6080.08,0.0,3845.159851033505
1731070616.3,7.68,0.622,0.0,1.13,9568.3,6431.7,0.0,5739.29,6080.27,0.0,3845.103460896728
1731070616.8,8.32,0.516,0.0,0.799,9568.4,6431.6,0.0,5739.42,6080.46,0.0,3845.0470920393154
1731070617.3,7.68,0.349,0.0,1.06,9568.5,6431.5,0.0,5739.55,6080.65,0.0,3844.990744462202
1731070617.8,8.32,0.483,0.0,1.28,9568.6,6431.4,0.0,5739.68,6080.84,0.0,3844.9344181663228
1731070618.3,7.68,0.823,0.0,3.01,9568.7,6431.3,0.0,5739.81,6081.03,0.0,3844.878113152614
1731070618.8,7.68,0.669,0.0,1.21,9568.8,6431.2,0.0,5739.94,6081.22,0.0,3844.8218294220082
1731070619.3,8.32,0.644,0.0,1.22,9568.9,6431.1,0.0,5740.07,6081.41,0.0,3844.765566975443
1731070619.8,8.32,0.544,0.0,0.795,9569.0,6431.0,0.0,5740.2,6081.6,0.0,3844.7093258138516
1731070620.3,7.69,0.808,0.0,3.0,9569.1,6430.9,0.0,5740.33,6081.79,0.0,3844.653105938168
1731070620.8,8.31,0.764,0.0,0.896,9569.2,6430.8,0.0,5740.46,6081.98,0.0,3844.5969073493266
1731070621.3,7.69,0.882,0.0,0.767,9569.3,6430.7,0.0,5740.59,6082.17,0.0,3844.540730048258
1731070621.8,8.31,0.763,0.0,0.818,9569.4,6430.6,0.0,5740.72,6082.36,0.0,3844.4845740359
1731070622.3,7.68,0.652,0.0,0.789,9569.5,6430.5,0.0,5740.85,6082.55,0.0,3844.4284393131834
1731070622.8,8.32,0.677,0.0,0.76,9569.6,6430.4,0.0,5740.98,6082.74,0.0,3844.3723258810414
1731070623.3,7.68,0.667,0.0,1.02,9569.7,6430.3,0.0,5741.11,6082.93,0.0,3844.316233740404
1731070623.8,8.32,0.671,0.0,0.894,9569.8,6430.2,0.0,5741.24,6083.12,0.0,3844.260162892204
1731070624.3,7.68,0.725,0.0,0.968,9569.9,6430.1,0.0,5741.37,6083.31,0.0,3844.2041133373755
1731070624.8,8.29,0.365,0.0,1.08,9570.0,6430.0,0.0,5741.5,6083.5,0.0,3844.1480850768485
1731070625.3,7.71,0.685,0.0,1.9,9570.1,6429.9,0.0,5741.63,6083.69,0.0,3844.0920781115533
1731070625.8,8.32,0.656,0.0,1.04,9570.2,6429.8,0.0,5741.76,6083.88,0.0,3844.0360924424217
1731070626.3,7.68,0.729,0.0,1.19,9570.3,6429.7,0.0,5741.89,6084.07,0.0,3843.980128070382
1731070626.8,7.68,0.936,0.0,1.11,9570.4,6429.6,0.0,5742.02,6084.26,0.0,3843.9241849963682
1731070627.3,8.32,0.606,0.0,7.33,9570.5,6429.5,0.0,5742.15,6084.45,0.0,3843.868263221309
1731070627.8,8.33,0.782,0.0,1.04,9570.6,6429.4,0.0,5742.28,6084.64,0.0,3843.8123627461323
1731070628.3,7.67,0.534,0.0,0.828,9570.7,6429.3,0.0,5742.41,6084.83,0.0,3843.7564835717685
1731070628.8,8.32,0.866,0.0,0.826,9570.8,6429.2,0.0,5742.54,6085.02,0.0,3843.7006256991444
1731070629.3,7.68,0.899,0.0,0.796,9570.9,6429.1,0.0,5742.67,6085.21,0.0,3843.6447891291928
1731070629.8,8.32,0.469,0.0,0.81,9571.0,6429.0,0.0,5742.8,6085.4,0.0,3843.58897386284
1731070630.3,7.68,0.804,0.0,1.04,9571.1,6428.9,0.0,5742.93,6085.59,0.0,3843.5331799010137
1731070630.8,8.32,0.434,0.0,1.03,9571.2,6428.8,0.0,5743.06,6085.78,0.0,3843.477407244643
1731070631.3,7.69,1.015,0.0,1.66,9571.3,6428.7,0.0,5743.19,6085.97,0.0,3843.421655894653
1731070631.8,7.67,0.591,0.0,1.23,9571.4,6428.6,0.0,5743.32,6086.16,0.0,3843.3659258519738
1731070632.3,8.32,0.749,0.0,1.33,9571.5,6428.5,0.0,5743.45,6086.35,0.0,3843.310217117531
1731070632.8,8.32,0.93,0.0,1.09,9571.6,6428.4,0.0,5743.58,6086.54,0.0,3843.254529692251
1731070633.3,7.68,0.515,0.0,4.31,9571.7,6428.3,0.0,5743.71,6086.73,0.0,3843.19886357706
1731070633.8,8.32,1.028,0.0,0.959,9571.8,6428.2,0.0,5743.84,6086.92,0.0,3843.143218772883
1731070634.3,7.68,0.723,0.0,0.752,9571.9,6428.1,0.0,5743.97,6087.11,0.0,3843.087595280648
1731070634.8,8.32,0.626,0.0,0.723,9572.0,6428.0,0.0,5744.1,6087.3,0.0,3843.03199310128
1731070635.3,7.68,0.668,0.0,0.847,9572.1,6427.9,0.0,5744.23,6087.49,0.0,3842.976412235704
1731070635.8,8.32,0.471,0.0,0.715,9572.2,6427.8,0.0,5744.36,6087.68,0.0,3842.920852684844
1731070636.3,7.68,1.073,0.0,0.891,9572.3,6427.7,0.0,5744.49,6087.87,0.0,3842.8653144496225
1731070636.8,8.32,0.659,0.0,1.46,9572.4,6427.6,0.0,5744.62,6088.06,0.0,3842.809797530968
1731070637.3,7.68,0.612,0.0,1.05,9572.5,6427.5,0.0,5744.75,6088.25,0.0,3842.754301929802
1731070637.8,8.33,0.512,0.0,2.27,9572.6,6427.4,0.0,5744.88,6088.44,0.0,3842.6988276470483
1731070638.3,7.67,0.566,0.0,0.754,9572.7,6427.3,0.0,5745.01,6088.63,0.0,3842.6433746836306
1731070638.8,8.32,1.412,0.0,0.855,9572.8,6427.2,0.0,5745.14,6088.82,0.0,3842.5879430404702
1731070639.3,7.68,0.767,0.0,0.801,9572.9,6427.1,0.0,5745.27,6089.01,0.0,3842.532532718493
1731070639.8,8.31,0.663,0.0,1.13,9573.0,6427.0,0.0,5745.4,6089.2,0.0,3842.47714371862
1731070640.3,7.69,1.237,0.0,1.37,9573.1,6426.9,0.0,5745.53,6089.39,0.0,3842.421776041772
1731070640.8,8.31,1.001,0.0,2.44,9573.2,6426.8,0.0,5745.66,6089.58,0.0,3842.3664296888714
1731070641.3,7.68,0.759,0.0,1.86,9573.3,6426.7,0.0,5745.79,6089.77,0.0,3842.3111046608387
1731070641.8,8.33,0.67,0.0,8.05,9573.4,6426.6,0.0,5745.92,6089.96,0.0,3842.255800958598
1731070642.3,7.67,0.749,0.0,1.96,9573.5,6426.5,0.0,5746.05,6090.15,0.0,3842.2005185830685
1731070642.8,8.32,0.75,0.0,3.69,9573.6,6426.4,0.0,5746.18,6090.34,0.0,3842.1452575351705
1731070643.3,7.68,0.748,0.0,0.911,9573.7,6426.3,0.0,5746.31,6090.53,0.0,3842.0900178158245
1731070643.8,8.32,0.728,0.0,0.689,9573.8,6426.2,0.0,5746.44,6090.72,0.0,3842.0347994259496
1731070644.3,7.68,0.755,0.0,1.01,9573.9,6426.1,0.0,5746.57,6090.91,0.0,3841.9796023664676
1731070644.8,8.32,0.86,0.0,1.55,9574.0,6426.0,0.0,5746.7,6091.1,0.0,3841.924426638296
1731070645.3,7.68,0.465,0.0,2.44,9574.1,6425.9,0.0,5746.83,6091.29,0.0,3841.8692722423552
1731070645.8,8.31,0.631,0.0,1.46,9574.2,6425.8,0.0,5746.96,6091.48,0.0,3841.814139179563
1731070646.3,7.68,0.741,0.0,1.24,9574.3,6425.7,0.0,5747.09,6091.67,0.0,3841.759027450836
1731070646.8,8.33,0.789,0.0,0.881,9574.4,6425.6,0.0,5747.22,6091.86,0.0,3841.7039370570965
1731070647.3,7.68,0.818,0.0,1.45,9574.5,6425.5,0.0,5747.35,6092.05,0.0,3841.64886799926
1731070647.8,8.32,0.592,0.0,2.37,9574.6,6425.4,0.0,5747.48,6092.24,0.0,3841.5938202782454
1731070648.3,7.67,0.843,0.0,6.63,9574.7,6425.3,0.0,5747.61,6092.43,0.0,3841.5387938949684
1731070648.8,7.68,0.439,0.0,1.22,9574.8,6425.2,0.0,5747.74,6092.62,0.0,3841.4837888503444
1731070649.3,8.32,0.959,0.0,0.908,9574.9,6425.1,0.0,5747.87,6092.81,0.0,3841.4288051452936
1731070649.8,8.32,0.985,0.0,0.855,9575.0,6425.0,0.0,5748.0,6093.0,0.0,3841.373842780731
1731070650.3,7.67,0.595,0.0,0.88,9575.1,6424.9,0.0,5748.13,6093.19,0.0,3841.3189017575723
1731070650.8,7.68,0.848,0.0,0.772,9575.2,6424.8,0.0,5748.26,6093.38,0.0,3841.2639820767336
1731070651.3,8.32,0.767,0.0,0.8,9575.3,6424.7,0.0,5748.39,6093.57,0.0,3841.2090837391283
1731070651.8,8.32,0.978,0.0,3.02,9575.4,6424.6,0.0,5748.52,6093.76,0.0,3841.154206745675
1731070652.3,7.69,0.862,0.0,1.06,9575.5,6424.5,0.0,5748.65,6093.95,0.0,3841.0993510972876
1731070652.8,8.31,0.51,0.0,1.45,9575.6,6424.4,0.0,5748.78,6094.14,0.0,3841.0445167948787
1731070653.3,7.68,0.866,0.0,0.814,9575.7,6424.3,0.0,5748.91,6094.33,0.0,3840.989703839364
1731070653.8,8.32,0.421,0.0,0.823,9575.8,6424.2,0.0,5749.04,6094.52,0.0,3840.9349122316553
1731070654.3,7.68,0.914,0.0,0.847,9575.9,6424.1,0.0,5749.17,6094.71,0.0,3840.88014197267
1731070654.8,8.33,0.675,0.0,0.787,9576.0,6424.0,0.0,5749.3,6094.9,0.0,3840.825393063319
1731070655.3,7.67,0.546,0.0,0.798,9576.1,6423.9,0.0,5749.43,6095.09,0.0,3840.770665504516
1731070655.8,8.32,0.904,0.0,1.16,9576.2,6423.8,0.0,5749.56,6095.28,0.0,3840.715959297173
1731070656.3,7.68,0.462,0.0,0.993,9576.3,6423.7,0.0,5749.69,6095.47,0.0,3840.661274442202
1731070656.8,8.33,0.987,0.0,3.98,9576.4,6423.6,0.0,5749.82,6095.66,0.0,3840.6066109405165
1731070657.3,7.68,0.613,0.0,0.805,9576.5,6423.5,0.0,5749.95,6095.85,0.0,3840.5519687930278
1731070657.8,8.32,0.511,0.0,1.39,9576.6,6423.4,0.0,5750.08,6096.04,0.0,3840.497348000647
1731070658.3,7.68,0.339,0.0,1.04,9576.7,6423.3,0.0,5750.21,6096.23,0.0,3840.442748564286
1731070658.8,8.32,0.458,0.0,2.21,9576.8,6423.2,0.0,5750.34,6096.42,0.0,3840.3881704848523
1731070659.3,7.68,1.126,0.0,0.786,9576.9,6423.1,0.0,5750.47,6096.61,0.0,3840.333613763262
1731070659.8,8.32,0.62,0.0,0.709,9577.0,6423.0,0.0,5750.6,6096.8,0.0,3840.2790784004223
1731070660.3,7.67,0.552,0.0,0.878,9577.1,6422.9,0.0,5750.73,6096.99,0.0,3840.224564397244
1731070660.8,8.32,0.476,0.0,1.09,9577.2,6422.8,0.0,5750.86,6097.18,0.0,3840.1700717546364
1731070661.3,7.68,0.629,0.0,1.67,9577.3,6422.7,0.0,5750.99,6097.37,0.0,3840.115600473506
1731070661.8,7.68,0.67,0.0,0.815,9577.4,6422.6,0.0,5751.12,6097.56,0.0,3840.0611505547663
1731070662.3,8.33,0.624,0.0,1.49,9577.5,6422.5,0.0,5751.25,6097.75,0.0,3840.006721999325
1731070662.8,8.32,0.722,0.0,0.904,9577.6,6422.4,0.0,5751.38,6097.94,0.0,3839.952314808089
1731070663.3,7.67,0.954,0.0,0.849,9577.7,6422.3,0.0,5751.51,6098.13,0.0,3839.8979289819677
1731070663.8,8.33,0.846,0.0,1.01,9577.8,6422.2,0.0,5751.64,6098.32,0.0,3839.8435645218665
1731070664.3,7.67,0.801,0.0,1.13,9577.9,6422.1,0.0,5751.77,6098.51,0.0,3839.7892214286962
1731070664.8,8.32,0.743,0.0,1.7,9578.0,6422.0,0.0,5751.9,6098.7,0.0,3839.734899703364
1731070665.3,7.68,0.746,0.0,5.08,9578.1,6421.9,0.0,5752.03,6098.89,0.0,3839.680599346774
1731070665.8,7.68,0.383,0.0,0.861,9578.2,6421.8,0.0,5752.16,6099.08,0.0,3839.626320359835
1731070666.3,8.33,0.612,0.0,6.95,9578.3,6421.7,0.0,5752.29,6099.27,0.0,3839.5720627434503
1731070666.8,8.31,0.557,0.0,1.67,9578.4,6421.6,0.0,5752.42,6099.46,0.0,3839.51782649853
1731070667.3,7.68,0.684,0.0,2.57,9578.5,6421.5,0.0,5752.55,6099.65,0.0,3839.4636116259776
1731070667.8,8.32,0.697,0.0,0.804,9578.6,6421.4,0.0,5752.68,6099.84,0.0,3839.409418126699
1731070668.3,7.69,0.432,0.0,1.64,9578.7,6421.3,0.0,5752.81,6100.03,0.0,3839.3552460016
1731070668.8,8.31,0.684,0.0,0.802,9578.8,6421.2,0.0,5752.94,6100.22,0.0,3839.301095251582
1731070669.3,7.68,0.532,0.0,0.758,9578.9,6421.1,0.0,5753.07,6100.41,0.0,3839.2469658775535
1731070669.8,8.32,0.744,0.0,0.713,9579.0,6421.0,0.0,5753.2,6100.6,0.0,3839.192857880417
1731070670.3,7.68,0.804,0.0,0.726,9579.1,6420.9,0.0,5753.33,6100.79,0.0,3839.138771261076
1731070670.8,8.32,0.386,0.0,1.37,9579.2,6420.8,0.0,5753.46,6100.98,0.0,3839.084706020434
1731070671.3,7.68,0.958,0.0,1.3,9579.3,6420.7,0.0,5753.59,6101.17,0.0,3839.0306621593936
1731070671.8,8.32,0.513,0.0,2.49,9579.4,6420.6,0.0,5753.72,6101.36,0.0,3838.9766396788605
1731070672.3,7.68,0.854,0.0,0.747,9579.5,6420.5,0.0,5753.85,6101.55,0.0,3838.922638579735
1731070672.8,8.32,0.83,0.0,1.28,9579.6,6420.4,0.0,5753.98,6101.74,0.0,3838.8686588629216
1731070673.3,7.67,0.454,0.0,0.789,9579.7,6420.3,0.0,5754.11,6101.93,0.0,3838.8147005293195
1731070673.8,8.32,0.736,0.0,1.27,9579.8,6420.2,0.0,5754.24,6102.12,0.0,3838.7607635798295
1731070674.3,7.68,0.414,0.0,1.13,9579.9,6420.1,0.0,5754.37,6102.31,0.0,3838.706848015357
1731070674.8,8.32,0.892,0.0,3.0,9580.0,6420.0,0.0,5754.5,6102.5,0.0,3838.6529538368013
1731070675.3,7.67,1.522,0.0,3.05,9580.1,6419.9,0.0,5754.63,6102.69,0.0,3838.599081045063
1731070675.8,8.33,0.936,0.0,9.87,9580.2,6419.8,0.0,5754.76,6102.88,0.0,3838.5452296410426
1731070676.3,7.67,1.126,0.0,0.781,9580.3,6419.7,0.0,5754.89,6103.07,0.0,3838.491399625638
1731070676.8,8.32,0.697,0.0,1.34,9580.4,6419.6,0.0,5755.02,6103.26,0.0,3838.437590999754
1731070677.3,7.68,1.107,0.0,1.15,9580.5,6419.5,0.0,5755.15,6103.45,0.0,3838.3838037642877
1731070677.8,8.32,0.623,0.0,1.97,9580.6,6419.4,0.0,5755.28,6103.64,0.0,3838.3300379201373
1731070678.3,7.68,0.692,0.0,0.818,9580.7,6419.3,0.0,5755.41,6103.83,0.0,3838.276293468203
1731070678.8,7.69,0.434,0.0,0.842,9580.8,6419.2,0.0,5755.54,6104.02,0.0,3838.2225704093808
1731070679.3,8.32,0.789,0.0,1.22,9580.9,6419.1,0.0,5755.67,6104.21,0.0,3838.168868744573
1731070679.8,8.32,1.23,0.0,2.62,9581.0,6419.0,0.0,5755.8,6104.4,0.0,3838.1151884746764
1731070680.3,7.68,0.756,0.0,1.79,9581.1,6418.9,0.0,5755.93,6104.59,0.0,3838.0615296005876
1731070680.8,8.31,0.604,0.0,3.66,9581.2,6418.8,0.0,5756.06,6104.78,0.0,3838.0078921232043
1731070681.3,7.68,0.428,0.0,1.96,9581.3,6418.7,0.0,5756.19,6104.97,0.0,3837.9542760434233
1731070681.8,8.32,0.584,0.0,0.699,9581.4,6418.6,0.0,5756.32,6105.16,0.0,3837.9006813621427
1731070682.3,7.68,0.882,0.0,0.902,9581.5,6418.5,0.0,5756.45,6105.35,0.0,3837.8471080802583
1731070682.8,7.68,0.766,0.0,1.21,9581.6,6418.4,0.0,5756.58,6105.54,0.0,3837.793556198666
1731070683.3,8.32,0.845,0.0,1.07,9581.7,6418.3,0.0,5756.71,6105.73,0.0,3837.740025718262
1731070683.8,8.32,0.659,0.0,1.0,9581.8,6418.2,0.0,5756.84,6105.92,0.0,3837.68651663994
1731070684.3,7.68,0.64,0.0,1.03,9581.9,6418.1,0.0,5756.97,6106.11,0.0,3837.633028964598
1731070684.8,8.33,0.612,0.0,0.89,9582.0,6418.0,0.0,5757.1,6106.3,0.0,3837.5795626931304
1731070685.3,7.67,0.679,0.0,0.71,9582.1,6417.9,0.0,5757.23,6106.49,0.0,3837.526117826432
1731070685.8,8.32,0.678,0.0,0.794,9582.2,6417.8,0.0,5757.36,6106.68,0.0,3837.4726943653955
1731070686.3,7.68,0.424,0.0,0.855,9582.3,6417.7,0.0,5757.49,6106.87,0.0,3837.419292310914
1731070686.8,8.32,0.6,0.0,1.02,9582.4,6417.6,0.0,5757.62,6107.06,0.0,3837.365911663885
1731070687.3,7.68,0.704,0.0,1.89,9582.5,6417.5,0.0,5757.75,6107.25,0.0,3837.3125524251996
1731070687.8,8.32,0.733,0.0,8.1,9582.6,6417.4,0.0,5757.88,6107.44,0.0,3837.2592145957515
1731070688.3,7.68,0.803,0.0,1.9,9582.7,6417.3,0.0,5758.01,6107.63,0.0,3837.2058981764326
1731070688.8,8.32,0.433,0.0,1.91,9582.8,6417.2,0.0,5758.14,6107.82,0.0,3837.1526031681346
1731070689.3,7.69,0.658,0.0,2.79,9582.9,6417.1,0.0,5758.27,6108.01,0.0,3837.0993295717526
1731070689.8,8.32,0.656,0.0,1.02,9583.0,6417.0,0.0,5758.4,6108.2,0.0,3837.0460773881778
1731070690.3,7.68,0.828,0.0,1.78,9583.1,6416.9,0.0,5758.53,6108.39,0.0,3836.9928466183
1731070690.8,8.32,0.801,0.0,1.58,9583.2,6416.8,0.0,5758.66,6108.58,0.0,3836.9396372630113
1731070691.3,7.68,0.481,0.0,2.11,9583.3,6416.7,0.0,5758.79,6108.77,0.0,3836.8864493232004
1731070691.8,8.32,0.737,0.0,2.83,9583.4,6416.6,0.0,5758.92,6108.96,0.0,3836.833282799762
1731070692.3,7.67,0.469,0.0,4.96,9583.5,6416.5,0.0,5759.05,6109.15,0.0,3836.780137693584
1731070692.8,8.32,0.805,0.0,2.33,9583.6,6416.4,0.0,5759.18,6109.34,0.0,3836.727014005557
1731070693.3,7.68,0.917,0.0,0.834,9583.7,6416.3,0.0,5759.31,6109.53,0.0,3836.6739117365714
1731070693.8,8.32,0.557,0.0,1.1,9583.8,6416.2,0.0,5759.44,6109.72,0.0,3836.620830887514
1731070694.3,7.68,0.829,0.0,0.977,9583.9,6416.1,0.0,5759.57,6109.91,0.0,3836.5677714592766
1731070694.8,8.32,0.401,0.0,1.64,9584.0,6416.0,0.0,5759.7,6110.1,0.0,3836.514733452747
1731070695.3,7.68,0.868,0.0,0.834,9584.1,6415.9,0.0,5759.83,6110.29,0.0,3836.4617168688133
1731070695.8,7.67,0.551,0.0,0.753,9584.2,6415.8,0.0,5759.96,6110.48,0.0,3836.4087217083643
1731070696.3,8.32,0.539,0.0,0.755,9584.3,6415.7,0.0,5760.09,6110.67,0.0,3836.3557479722854
1731070696.8,8.32,0.891,0.0,0.935,9584.4,6415.6,0.0,5760.22,6110.86,0.0,3836.3027956614683
1731070697.3,7.68,0.508,0.0,1.07,9584.5,6415.5,0.0,5760.35,6111.05,0.0,3836.2498647767975
1731070697.8,8.32,0.985,0.0,1.44,9584.6,6415.4,0.0,5760.48,6111.24,0.0,3836.196955319162
1731070698.3,7.69,0.622,0.0,0.829,9584.7,6415.3,0.0,5760.61,6111.43,0.0,3836.1440672894455
1731070698.8,8.31,0.505,0.0,0.766,9584.8,6415.2,0.0,5760.74,6111.62,0.0,3836.0912006885337
1731070699.3,7.68,0.636,0.0,0.79,9584.9,6415.1,0.0,5760.87,6111.81,0.0,3836.0383555173166
1731070699.8,8.32,0.559,0.0,0.857,9585.0,6415.0,0.0,5761.0,6112.0,0.0,3835.985531776678
1731070700.3,7.68,1.089,0.0,1.08,9585.1,6414.9,0.0,5761.13,6112.19,0.0,3835.932729467502
1731070700.8,8.31,0.719,0.0,0.795,9585.2,6414.8,0.0,5761.26,6112.38,0.0,3835.8799485906757
1731070701.3,7.69,0.59,0.0,1.02,9585.3,6414.7,0.0,5761.39,6112.57,0.0,3835.8271891470804
1731070701.8,8.32,0.506,0.0,0.986,9585.4,6414.6,0.0,5761.52,6112.76,0.0,3835.774451137605
1731070702.3,7.68,0.612,0.0,1.54,9585.5,6414.5,0.0,5761.65,6112.95,0.0,3835.721734563132
1731070702.8,8.32,1.28,0.0,5.43,9585.6,6414.4,0.0,5761.78,6113.14,0.0,3835.669039424544
1731070703.3,7.68,0.866,0.0,0.831,9585.7,6414.3,0.0,5761.91,6113.33,0.0,3835.6163657227253
1731070703.8,8.32,0.678,0.0,3.92,9585.8,6414.2,0.0,5762.04,6113.52,0.0,3835.563713458557
1731070704.3,7.68,0.494,0.0,0.954,9585.9,6414.1,0.0,5762.17,6113.71,0.0,3835.5110826329255
1731070704.8,8.32,0.615,0.0,0.741,9586.0,6414.0,0.0,5762.3,6113.9,0.0,3835.458473246712
1731070705.3,7.68,0.573,0.0,0.865,9586.1,6413.9,0.0,5762.43,6114.09,0.0,3835.4058853007987
1731070705.8,8.33,0.618,0.0,0.82,9586.2,6413.8,0.0,5762.56,6114.28,0.0,3835.3533187960666
1731070706.3,7.68,0.668,0.0,0.842,9586.3,6413.7,0.0,5762.69,6114.47,0.0,3835.300773733398
1731070706.8,8.32,0.53,0.0,0.994,9586.4,6413.6,0.0,5762.82,6114.66,0.0,3835.248250113674
1731070707.3,7.68,0.631,0.0,0.945,9586.5,6413.5,0.0,5762.95,6114.85,0.0,3835.1957479377766
1731070707.8,8.32,0.63,0.0,1.37,9586.6,6413.4,0.0,5763.08,6115.04,0.0,3835.1432672065853
1731070708.3,7.67,0.909,0.0,0.841,9586.7,6413.3,0.0,5763.21,6115.23,0.0,3835.090807920981
1731070708.8,8.33,0.842,0.0,0.83,9586.8,6413.2,0.0,5763.34,6115.42,0.0,3835.0383700818425
1731070709.3,7.68,0.457,0.0,0.809,9586.9,6413.1,0.0,5763.47,6115.61,0.0,3834.9859536900517
1731070709.8,8.32,0.632,0.0,1.23,9587.0,6413.0,0.0,5763.6,6115.8,0.0,3834.933558746487
1731070710.3,7.68,0.798,0.0,0.758,9587.1,6412.9,0.0,5763.73,6115.99,0.0,3834.881185252029
1731070710.8,8.32,0.858,0.0,0.909,9587.2,6412.8,0.0,5763.86,6116.18,0.0,3834.8288332075535
1731070711.3,7.68,0.905,0.0,0.973,9587.3,6412.7,0.0,5763.99,6116.37,0.0,3834.7765026139396
1731070711.8,8.32,0.714,0.0,1.6,9587.4,6412.6,0.0,5764.12,6116.56,0.0,3834.7241934720673
1731070712.3,7.68,1.318,0.0,2.2,9587.5,6412.5,0.0,5764.25,6116.75,0.0,3834.671905782814
1731070712.8,7.68,0.724,0.0,0.879,9587.6,6412.4,0.0,5764.38,6116.94,0.0,3834.6196395470574
1731070713.3,8.31,1.031,0.0,0.897,9587.7,6412.3,0.0,5764.51,6117.13,0.0,3834.5673947656733
1731070713.8,8.32,0.885,0.0,0.894,9587.8,6412.2,0.0,5764.64,6117.32,0.0,3834.5151714395383
1731070714.3,7.68,0.446,0.0,0.891,9587.9,6412.1,0.0,5764.77,6117.51,0.0,3834.462969569532
1731070714.8,8.32,0.722,0.0,0.934,9588.0,6412.0,0.0,5764.9,6117.7,0.0,3834.41078915653
1731070715.3,7.68,0.414,0.0,1.13,9588.1,6411.9,0.0,5765.03,6117.89,0.0,3834.3586302014064
1731070715.8,8.33,0.886,0.0,1.48,9588.2,6411.8,0.0,5765.16,6118.08,0.0,3834.3064927050377
1731070716.3,7.67,0.72,0.0,0.742,9588.3,6411.7,0.0,5765.29,6118.27,0.0,3834.2543766682975
1731070716.8,8.32,0.478,0.0,0.911,9588.4,6411.6,0.0,5765.42,6118.46,0.0,3834.2022820920647
1731070717.3,7.68,0.852,0.0,0.999,9588.5,6411.5,0.0,5765.55,6118.65,0.0,3834.150208977212
1731070717.8,8.31,0.425,0.0,1.49,9588.6,6411.4,0.0,5765.68,6118.84,0.0,3834.098157324614
1731070718.3,7.68,1.348,0.0,0.777,9588.7,6411.3,0.0,5765.81,6119.03,0.0,3834.046127135145
1731070718.8,8.32,0.887,0.0,0.858,9588.8,6411.2,0.0,5765.94,6119.22,0.0,3833.994118409677
1731070719.3,7.68,0.692,0.0,1.18,9588.9,6411.1,0.0,5766.07,6119.41,0.0,3833.9421311490864
1731070719.8,8.32,1.091,0.0,0.786,9589.0,6411.0,0.0,5766.2,6119.6,0.0,3833.8901653542453
1731070720.3,7.69,0.665,0.0,1.19,9589.1,6410.9,0.0,5766.33,6119.79,0.0,3833.838221026026
1731070720.8,8.31,1.05,0.0,0.745,9589.2,6410.8,0.0,5766.46,6119.98,0.0,3833.7862981653016
1731070721.3,7.68,0.769,0.0,1.13,9589.3,6410.7,0.0,5766.59,6120.17,0.0,3833.734396772942
1731070721.8,8.33,0.67,0.0,1.09,9589.4,6410.6,0.0,5766.72,6120.36,0.0,3833.682516849823
1731070722.3,7.68,0.411,0.0,1.44,9589.5,6410.5,0.0,5766.85,6120.55,0.0,3833.630658396815
1731070722.8,8.32,0.539,0.0,0.804,9589.6,6410.4,0.0,5766.98,6120.74,0.0,3833.578821414789
1731070723.3,7.68,1.145,0.0,0.781,9589.7,6410.3,0.0,5767.11,6120.93,0.0,3833.5270059046156
1731070723.8,7.68,0.736,0.0,1.1,9589.8,6410.2,0.0,5767.24,6121.12,0.0,3833.475211867164
1731070724.3,8.32,0.649,0.0,2.8,9589.9,6410.1,0.0,5767.37,6121.31,0.0,3833.4234393033075
1731070724.8,7.69,0.596,0.0,1.99,9590.0,6410.0,0.0,5767.5,6121.5,0.0,3833.3716882139147
1731070725.3,8.31,0.659,0.0,0.844,9590.1,6409.9,0.0,5767.63,6121.69,0.0,3833.3199585998564
1731070725.8,7.68,0.592,0.0,0.851,9590.2,6409.8,0.0,5767.76,6121.88,0.0,3833.268250462
1731070726.3,8.33,0.592,0.0,1.08,9590.3,6409.7,0.0,5767.89,6122.07,0.0,3833.2165638012143
1731070726.8,8.32,0.628,0.0,1.64,9590.4,6409.6,0.0,5768.02,6122.26,0.0,3833.164898618372
1731070727.3,7.68,0.467,0.0,0.834,9590.5,6409.5,0.0,5768.15,6122.45,0.0,3833.1132549143394
1731070727.8,8.32,0.563,0.0,0.793,9590.6,6409.4,0.0,5768.28,6122.64,0.0,3833.061632689984
1731070728.3,7.68,0.567,0.0,0.859,9590.7,6409.3,0.0,5768.41,6122.83,0.0,3833.0100319461735
1731070728.8,8.32,0.604,0.0,1.13,9590.8,6409.2,0.0,5768.54,6123.02,0.0,3832.9584526837743
1731070729.3,7.68,0.655,0.0,0.832,9590.9,6409.1,0.0,5768.67,6123.21,0.0,3832.9068949036573
1731070729.8,7.69,0.566,0.0,1.06,9591.0,6409.0,0.0,5768.8,6123.4,0.0,3832.8553586066873
1731070730.3,8.32,0.702,0.0,0.951,9591.1,6408.9,0.0,5768.93,6123.59,0.0,3832.803843793731
1731070730.8,8.31,0.799,0.0,0.96,9591.2,6408.8,0.0,5769.06,6123.78,0.0,3832.7523504656547
1731070731.3,7.68,0.833,0.0,1.12,9591.3,6408.7,0.0,5769.19,6123.97,0.0,3832.7008786233237
1731070731.8,8.32,1.019,0.0,1.42,9591.4,6408.6,0.0,5769.32,6124.16,0.0,3832.6494282676053
1731070732.3,7.68,0.553,0.0,0.994,9591.5,6408.5,0.0,5769.45,6124.35,0.0,3832.5979993993633
1731070732.8,8.32,0.764,0.0,1.18,9591.6,6408.4,0.0,5769.58,6124.54,0.0,3832.546592019464
1731070733.3,7.68,0.553,0.0,1.2,9591.7,6408.3,0.0,5769.71,6124.73,0.0,3832.4952061287704
1731070733.8,8.31,0.881,0.0,0.726,9591.8,6408.2,0.0,5769.84,6124.92,0.0,3832.4438417281463
1731070734.3,7.68,0.872,0.0,1.27,9591.9,6408.1,0.0,5769.97,6125.11,0.0,3832.3924988184594
1731070734.8,8.32,0.408,0.0,1.77,9592.0,6408.0,0.0,5770.1,6125.3,0.0,3832.3411774005713
1731070735.3,7.68,0.726,0.0,2.7,9592.1,6407.9,0.0,5770.23,6125.49,0.0,3832.289877475346
1731070735.8,8.32,0.38,0.0,3.02,9592.2,6407.8,0.0,5770.36,6125.68,0.0,3832.238599043646
1731070736.3,7.68,0.914,0.0,2.4,9592.3,6407.7,0.0,5770.49,6125.87,0.0,3832.1873421063324
1731070736.8,8.32,0.923,0.0,5.54,9592.4,6407.6,0.0,5770.62,6126.06,0.0,3832.136106664271
1731070737.3,7.68,0.466,0.0,5.07,9592.5,6407.5,0.0,5770.75,6126.25,0.0,3832.084892718323
1731070737.8,8.31,0.761,0.0,3.99,9592.6,6407.4,0.0,5770.88,6126.44,0.0,3832.0337002693495
1731070738.3,7.69,0.39,0.0,3.23,9592.7,6407.3,0.0,5771.01,6126.63,0.0,3831.9825293182125
1731070738.8,8.32,0.901,0.0,1.34,9592.8,6407.2,0.0,5771.14,6126.82,0.0,3831.931379865771
1731070739.3,7.68,0.652,0.0,0.833,9592.9,6407.1,0.0,5771.27,6127.01,0.0,3831.88025191289
1731070739.8,8.33,1.017,0.0,1.13,9593.0,6407.0,0.0,5771.4,6127.2,0.0,3831.829145460429
1731070740.3,7.67,1.409,0.0,1.21,9593.1,6406.9,0.0,5771.53,6127.39,0.0,3831.7780605092466
1731070740.8,8.32,0.666,0.0,1.87,9593.2,6406.8,0.0,5771.66,6127.58,0.0,3831.7269970602038
1731070741.3,7.69,1.084,0.0,0.849,9593.3,6406.7,0.0,5771.79,6127.77,0.0,3831.675955114158
1731070741.8,8.31,0.673,0.0,0.879,9593.4,6406.6,0.0,5771.92,6127.96,0.0,3831.6249346719724
1731070742.3,7.68,0.793,0.0,0.661,9593.5,6406.5,0.0,5772.05,6128.15,0.0,3831.573935734504
1731070742.8,7.68,0.534,0.0,1.04,9593.6,6406.4,0.0,5772.18,6128.34,0.0,3831.522958302612
1731070743.3,8.32,0.544,0.0,1.0,9593.7,6406.3,0.0,5772.31,6128.53,0.0,3831.4720023771547
1731070743.8,8.33,1.154,0.0,0.866,9593.8,6406.2,0.0,5772.44,6128.72,0.0,3831.4210679589887
1731070744.3,7.68,0.715,0.0,4.25,9593.9,6406.1,0.0,5772.57,6128.91,0.0,3831.370155048974
1731070744.8,8.32,0.607,0.0,0.775,9594.0,6406.0,0.0,5772.7,6129.1,0.0,3831.319263647967
1731070745.3,7.67,0.416,0.0,2.06,9594.1,6405.9,0.0,5772.83,6129.29,0.0,3831.268393756825
1731070745.8,8.32,0.507,0.0,0.764,9594.2,6405.8,0.0,5772.96,6129.48,0.0,3831.217545376405
1731070746.3,7.68,0.83,0.0,0.825,9594.3,6405.7,0.0,5773.09,6129.67,0.0,3831.1667185075607
1731070746.8,7.69,0.842,0.0,2.67,9594.4,6405.6,0.0,5773.22,6129.86,0.0,3831.1159131511536
1731070747.3,8.31,0.738,0.0,0.838,9594.5,6405.5,0.0,5773.35,6130.05,0.0,3831.065129308036
1731070747.8,8.32,0.493,0.0,1.03,9594.6,6405.4,0.0,5773.48,6130.24,0.0,3831.014366979065
1731070748.3,7.68,0.593,0.0,0.874,9594.7,6405.3,0.0,5773.61,6130.43,0.0,3830.963626165094
1731070748.8,8.32,0.883,0.0,0.818,9594.8,6405.2,0.0,5773.74,6130.62,0.0,3830.9129068669777
1731070749.3,7.68,0.785,0.0,0.794,9594.9,6405.1,0.0,5773.87,6130.81,0.0,3830.8622090855733
1731070749.8,8.32,0.707,0.0,0.833,9595.0,6405.0,0.0,5774.0,6131.0,0.0,3830.8115328217336
1731070750.3,7.67,0.59,0.0,0.963,9595.1,6404.9,0.0,5774.13,6131.19,0.0,3830.760878076313
1731070750.8,8.32,0.749,0.0,1.06,9595.2,6404.8,0.0,5774.26,6131.38,0.0,3830.710244850164
1731070751.3,7.68,0.916,0.0,1.72,9595.3,6404.7,0.0,5774.39,6131.57,0.0,3830.659633144139
1731070751.8,8.33,0.835,0.0,1.05,9595.4,6404.6,0.0,5774.52,6131.76,0.0,3830.609042959095
1731070752.3,7.67,0.794,0.0,1.24,9595.5,6404.5,0.0,5774.65,6131.95,0.0,3830.5584742958827
1731070752.8,8.32,0.408,0.0,0.954,9595.6,6404.4,0.0,5774.78,6132.14,0.0,3830.5079271553536
1731070753.3,7.68,0.802,0.0,3.33,9595.7,6404.3,0.0,5774.91,6132.33,0.0,3830.45740153836
1731070753.8,8.32,0.705,0.0,1.09,9595.8,6404.2,0.0,5775.04,6132.52,0.0,3830.4068974457523
1731070754.3,7.68,1.004,0.0,0.827,9595.9,6404.1,0.0,5775.17,6132.71,0.0,3830.3564148783853
1731070754.8,8.32,0.882,0.0,1.07,9596.0,6404.0,0.0,5775.3,6132.9,0.0,3830.305953837108
1731070755.3,7.69,0.56,0.0,0.808,9596.1,6403.9,0.0,5775.43,6133.09,0.0,3830.2555143227714
1731070755.8,8.32,0.742,0.0,0.833,9596.2,6403.8,0.0,5775.56,6133.28,0.0,3830.2050963362267
1731070756.3,7.68,0.392,0.0,0.898,9596.3,6403.7,0.0,5775.69,6133.47,0.0,3830.154699878322
1731070756.8,8.31,0.883,0.0,0.942,9596.4,6403.6,0.0,5775.82,6133.66,0.0,3830.1043249499094
1731070757.3,7.68,0.916,0.0,0.954,9596.5,6403.5,0.0,5775.95,6133.85,0.0,3830.0539715518375
1731070757.8,8.32,0.544,0.0,1.63,9596.6,6403.4,0.0,5776.08,6134.04,0.0,3830.003639684955
1731070758.3,7.68,0.82,0.0,1.37,9596.7,6403.3,0.0,5776.21,6134.23,0.0,3829.9533293501117
1731070758.8,8.32,0.397,0.0,2.21,9596.8,6403.2,0.0,5776.34,6134.42,0.0,3829.903040548154
1731070759.3,7.68,1.01,0.0,0.827,9596.9,6403.1,0.0,5776.47,6134.61,0.0,3829.852773279933
1731070759.8,7.68,0.615,0.0,0.821,9597.0,6403.0,0.0,5776.6,6134.8,0.0,3829.802527546296
1731070760.3,8.33,0.494,0.0,0.957,9597.1,6402.9,0.0,5776.73,6134.99,0.0,3829.7523033480907
1731070760.8,8.31,0.844,0.0,3.29,9597.2,6402.8,0.0,5776.86,6135.18,0.0,3829.702100686163
1731070761.3,7.68,0.504,0.0,2.42,9597.3,6402.7,0.0,5776.99,6135.37,0.0,3829.651919561358
1731070761.8,8.32,0.955,0.0,0.859,9597.4,6402.6,0.0,5777.12,6135.56,0.0,3829.6017599745273
1731070762.3,7.68,0.577,0.0,0.879,9597.5,6402.5,0.0,5777.25,6135.75,0.0,3829.5516219265146
1731070762.8,8.32,0.496,0.0,0.899,9597.6,6402.4,0.0,5777.38,6135.94,0.0,3829.5015054181663
1731070763.3,7.68,0.62,0.0,1.03,9597.7,6402.3,0.0,5777.51,6136.13,0.0,3829.451410450328
1731070763.8,8.32,0.474,0.0,1.9,9597.8,6402.2,0.0,5777.64,6136.32,0.0,3829.4013370238426
1731070764.3,7.68,1.111,0.0,0.812,9597.9,6402.1,0.0,5777.77,6136.51,0.0,3829.3512851395594
1731070764.8,8.32,0.671,0.0,0.907,9598.0,6402.0,0.0,5777.9,6136.7,0.0,3829.301254798322
1731070765.3,7.68,0.564,0.0,1.07,9598.1,6401.9,0.0,5778.03,6136.89,0.0,3829.251246000973
1731070765.8,8.32,0.408,0.0,0.913,9598.2,6401.8,0.0,5778.16,6137.08,0.0,3829.2012587483578
1731070766.3,7.68,0.535,0.0,0.874,9598.3,6401.7,0.0,5778.29,6137.27,0.0,3829.151293041318
1731070766.8,8.32,1.159,0.0,0.809,9598.4,6401.6,0.0,5778.42,6137.46,0.0,3829.1013488807002
1731070767.3,7.69,0.613,0.0,0.976,9598.5,6401.5,0.0,5778.55,6137.65,0.0,3829.0514262673464
1731070767.8,8.32,0.563,0.0,1.04,9598.6,6401.4,0.0,5778.68,6137.84,0.0,3829.001525202099
1731070768.3,7.68,0.559,0.0,8.5,9598.7,6401.3,0.0,5778.81,6138.03,0.0,3828.951645685801
1731070768.8,8.32,0.624,0.0,1.05,9598.8,6401.2,0.0,5778.94,6138.22,0.0,3828.9017877192928
1731070769.3,7.68,0.578,0.0,0.898,9598.9,6401.1,0.0,5779.07,6138.41,0.0,3828.851951303419
1731070769.8,8.31,0.644,0.0,0.867,9599.0,6401.0,0.0,5779.2,6138.6,0.0,3828.8021364390197
1731070770.3,7.68,0.664,0.0,0.78,9599.1,6400.9,0.0,5779.33,6138.79,0.0,3828.7523431269365
1731070770.8,8.32,0.431,0.0,0.96,9599.2,6400.8,0.0,5779.46,6138.98,0.0,3828.702571368009
1731070771.3,7.68,0.558,0.0,1.01,9599.3,6400.7,0.0,5779.59,6139.17,0.0,3828.6528211630775
1731070771.8,8.32,0.567,0.0,1.71,9599.4,6400.6,0.0,5779.72,6139.36,0.0,3828.6030925129853
1731070772.3,7.68,0.639,0.0,0.809,9599.5,6400.5,0.0,5779.85,6139.55,0.0,3828.5533854185705
1731070772.8,8.32,0.654,0.0,0.831,9599.6,6400.4,0.0,5779.98,6139.74,0.0,3828.5036998806736
1731070773.3,7.68,0.373,0.0,0.775,9599.7,6400.3,0.0,5780.11,6139.93,0.0,3828.454035900132
