Time,C1F4Bitrate,C1F4Jitter,C1F4Datagrams,C1F4Delay,C1F4Distance,C1S1Bitrate,C1S1Jitter,C1S1Datagrams,C1S1Delay,C1S1Distance,C1F2Bitrate,C1F2Jitter,C1F2Datagrams,C1F2Delay,C1F2Distance,C1F1Bitrate,C1F1Jitter,C1F1Datagrams,C1F1Delay,C1F1Distance
1731067774.96,-0.482115029746528,0.272777677597157,-0.10539889631426844,-0.2539282972677711,2.3672095158949302,-0.4222467253601425,0.6145043063419279,-0.18097790867321242,0.047872253042029946,1.780905556979003,-0.37451332194942155,-0.5700371053460613,-0.09972105409848263,-0.30398721772052567,1.7341361796652321,-0.4501463163628999,-0.553975912608269,-0.13448561582809335,-0.14864014231633335,1.732121800159557
1731067775.46,-2.167160827759946,0.5158933040424373,4.74557083286513,-0.045207047153143144,2.366465217773294,0.6428705055521089,0.754868011288199,-0.18097790867321242,-0.18053372823747615,1.7758064279479409,-0.37451332194942155,-0.7100069595309842,-0.09972105409848263,-0.3112041987069592,1.7337875743911433,-0.4501463163628999,-0.1812935869446303,-0.13448561582809335,-0.22062671961366745,1.731774403778876
1731067775.96,-0.482115029746528,0.17106603796188655,-0.10539889631426844,-0.2962713377623371,2.365720984107295,-1.4873639562724066,0.3587304439953908,1.7125343850160237,-0.1032787639811726,1.7788746025981976,1.1939154669399505,-0.6777062239498481,-0.09972105409848263,1.803371230318069,1.733438969504711,-0.4501463163628999,-0.1584763016999177,-0.13448561582809335,-0.21056079990683685,1.7314270075472808
1731067776.46,1.4837717346024528,-0.22585743378550974,-0.10539889631426844,-0.0837007203300212,2.364976814903698,0.6428705055521089,0.7798215588342027,-0.18097790867321242,-0.3484793027077014,1.7861633642646602,-0.37451332194942155,-0.7250806361355144,-0.09972105409848263,-0.2751192937747915,1.7330903650059555,1.4261368036056759,-0.2548159505109264,-0.13448561582809335,-0.21178091138645266,1.7310796114647886
1731067776.96,-0.201274063410965,0.20579684173978377,-0.10539889631426844,-0.28386782084978746,2.3642327101692766,-0.4222467253601425,0.9700923588724806,-0.18097790867321242,-0.21412284313152122,1.786766077442965,-0.37451332194942155,-0.4042266626962293,-0.09972105409848263,-0.29195891607646973,1.7327417608948832,-0.4501463163628999,-0.15340579386775935,-0.13448561582809335,1.0074154846196672,1.730732215531399
1731067777.46,-0.482115029746528,-0.14647273943603065,-0.10539889631426844,-0.0879777951274521,2.363488669910784,0.6428705055521089,0.9077084900074713,-0.18097790867321242,-0.08312529504474556,1.7734597543103174,-0.37451332194942155,-0.44298754539359264,-0.09972105409848263,-0.18610986160877785,1.7323931571715212,-0.4501463163628999,0.013920964593466048,-0.13448561582809335,-0.20964571629712497,1.7303848197471225
1731067777.96,1.4837717346024528,-0.14399196773760942,-0.10539889631426844,-0.23981395043624917,2.3627446941350017,-0.4222467253601425,-0.4085911430442221,-0.18097790867321242,-0.3216080107924653,1.7753532597275046,1.1939154669399505,-0.2814838674879124,-0.09972105409848263,-0.22219476654094555,1.7320445538358558,1.4261368036056759,-0.0798834303014635,-0.13448561582809335,0.1350357766943475,1.7300374241119825
1731067778.46,-0.482115029746528,0.24548918891452345,-0.10539889631426844,-0.11791731870946845,2.362000782848691,0.6428705055521089,-0.40235275615772115,-0.18097790867321242,1.8381720768946304,1.773911158489435,-0.37451332194942155,0.039370105951372726,-0.09972105409848263,-0.3136098590357704,1.7316959508879137,-0.4501463163628999,0.10265485165623724,-0.13448561582809335,-0.24075855902732868,1.7296900286259786
1731067778.96,-0.201274063410965,-0.03731878470549651,-0.10539889631426844,-0.1521339170889157,2.361256936058612,-0.4222467253601425,-0.1684132479139369,-0.18097790867321242,-0.4089397095169824,1.777976628816563,-0.37451332194942155,-0.5614235758577584,-0.09972105409848263,-0.12837401371730947,1.7313473483277018,-0.4501463163628999,-0.0900244459657802,-0.13448561582809335,-0.02052843695667105,1.7293426332891182
1731067779.46,-2.167160827759946,0.3868931757245336,4.74557083286513,-0.34075291565561844,2.3605131537715436,0.6428705055521089,-0.10602937904892766,-0.18097790867321242,-0.3955040635593644,1.7774747163260292,-1.7188808552831736,-1.0437812272027238,3.573059006625274,-0.20294948391045609,1.7309987461552334,-0.4501463163628999,0.06716129683112876,-0.13448561582809335,1.4466556172813667,1.7289952381014142
1731067779.96,-0.482115029746528,0.23556610212083853,-0.10539889631426844,-0.0879777951274521,2.359769435994238,-0.4222467253601425,-0.24327389055194798,-0.18097790867321242,-0.16038025930104927,1.7726133390357202,1.1939154669399505,-0.6733994592056967,-0.09972105409848263,-0.17889288062234426,1.730650144370535,-0.4501463163628999,0.766891377668981,-0.13448561582809335,-0.07848373223842303,1.7286478430628636
1731067780.46,1.4837717346024528,0.456354783280328,-0.10539889631426844,2.264413343459544,2.359025782733481,0.6428705055521089,0.096718194762352,-0.18097790867321242,-0.35183821419710587,1.7735084184936831,-0.37451332194942155,-0.852130196087983,-0.09972105409848263,0.4802580494719192,1.730301542973594,-0.4501463163628999,0.3942090520053423,-0.13448561582809335,-0.1867686260543281,1.7283004481734998
1731067780.96,-0.201274063410965,0.42658552289927326,-0.10539889631426844,-0.015267523571126802,2.358282193996035,-0.4222467253601425,0.7330336571854454,-0.18097790867321242,-0.34512039121829685,1.7718416947023725,-0.37451332194942155,-0.6324851941362576,-0.09972105409848263,-0.1307796740461207,1.7299529419644295,-0.4501463163628999,0.17364196130645418,-0.13448561582809335,-0.22337197044280308,1.7279530534333163
1731067781.46,-0.482115029746528,0.4191432078040096,-0.10539889631426844,-0.06659242114029758,2.357538669788672,0.6428705055521089,0.43359108663340185,-0.18097790867321242,0.03107769559500749,1.7675624956504188,-0.37451332194942155,-0.7896821072977867,-0.09972105409848263,-0.17167589963591076,1.7296043413430553,-0.4501463163628999,0.31815143452296696,-0.13448561582809335,-0.06323233874322513,1.7276056588423299
1731067781.96,1.4837717346024528,0.6870665512335021,-0.10539889631426844,-0.2727474263764671,2.3567952101181455,-0.4222467253601425,0.5708355981364222,-0.18097790867321242,-0.3551971256865104,1.7775982580770096,1.1939154669399505,-0.8456700489717558,-0.09972105409848263,-0.308798538378148,1.7292557411094849,1.4261368036056759,0.913936104801573,-0.13448561582809335,-0.1925641555825033,1.7272582644005403
1731067782.46,-0.201274063410965,0.5927972266934954,-0.10539889631426844,-0.12219439350689935,2.356051814991237,0.6428705055521089,-0.7049145201530159,-0.18097790867321242,-0.3988629750487689,1.77629444751982,-0.37451332194942155,-0.6733994592056967,-0.09972105409848263,-0.10191175010038651,1.7289071412637447,-2.0583889906216846,-0.9190524765236702,-0.13448561582809335,-0.22703230488165055,1.7269108701079612
1731067782.96,-0.482115029746528,0.6300088021698139,-0.10539889631426844,-0.2885726031269614,2.355308484414721,-0.4222467253601425,-0.17465163480043783,-0.18097790867321242,-0.056254003129509664,1.7869605977438028,-0.37451332194942155,-0.34823872102226033,-0.09972105409848263,-0.2871475954188474,1.7285585418058083,1.4261368036056759,-0.9367992539362244,-0.13448561582809335,-0.1547406997144125,1.7265634759646027
1731067783.46,-0.201274063410965,0.9227398625835188,-0.10539889631426844,0.10449057075693846,2.3545652183953627,0.8203900440374883,-0.2807042118709535,-0.18097790867321242,-0.42909317845340944,1.7722736873196612,-0.37451332194942155,-0.5054356341837891,-0.09972105409848263,-0.2943645764052809,1.7282099427357156,-0.4501463163628999,-0.5108765960349231,-0.13448561582809335,-0.18341331948538458,1.7262160819704782
1731067783.96,1.4837717346024528,0.7664512455829815,-0.10539889631426844,-0.2526451748285418,2.3538220169399353,-0.4222467253601425,-0.27758501842770306,-0.18097790867321242,-0.40222188653817337,1.7749845795286097,1.1939154669399505,-0.3503921033943358,-0.09972105409848263,-0.03214760056486226,1.7278613440534734,1.4261368036056759,-0.6655270849157527,-0.13448561582809335,1.458856732077525,1.7258686881255978
1731067784.46,-2.167160827759946,-0.7145694583744917,-0.10539889631426844,-0.053761196748004954,2.3530788800552043,0.6428705055521089,0.40551834564414735,-0.18097790867321242,-0.2712243384513978,1.7720393081155281,-0.15045206639380151,-0.5441965168811524,-0.09972105409848263,-0.2943645764052809,1.7275127457590884,-0.4501463163628999,-0.7973602885518698,-0.13448561582809335,-0.22550716553213077,1.7255212944299583
1731067784.96,1.4837717346024528,-0.39454990927815325,-0.10539889631426844,-0.25734995710571584,2.352335807747939,-0.4222467253601425,-0.2619890512114507,-0.18097790867321242,-0.3216080107924653,1.7695656802135498,-0.37451332194942155,-0.33747180916188163,-0.09972105409848263,0.12903164146548682,1.7271641478525872,-0.18210587065310885,-0.4424247403007854,-0.13448561582809335,-0.11813735532593761,1.7251739008835794
1731067785.46,-0.482115029746528,-0.4267999413576292,-0.10539889631426844,0.9513513806482572,2.3515928000249264,0.6428705055521089,0.21212835216261908,-0.18097790867321242,-0.24435304653616183,1.7826707617886073,-0.37451332194942155,-0.3030176912086698,-0.09972105409848263,-0.2727136334459803,1.726815550333963,-0.4501463163628999,-0.5590464204404273,-0.13448561582809335,-0.2130010228660685,1.724826507486465
1731067785.96,1.4837717346024528,-0.4540884300402628,-0.10539889631426844,-0.19062759026579376,2.3508498568929315,-0.4222467253601425,0.0187383586810908,-0.18097790867321242,-0.4122986210063869,1.7777208958257147,1.1939154669399505,-0.414993574556608,-0.09972105409848263,-0.22941174752737903,1.7264669532032295,-0.4501463163628999,-0.6604565770835944,-0.13448561582809335,-0.017478158257631465,1.7244791142386384
1731067786.46,-0.482115029746528,-0.4491268866434203,-0.10539889631426844,-0.29840987516105255,2.3501069783587236,-0.4222467253601425,-1.5377391695008884,-0.18097790867321242,-0.2241995775997348,1.777731878278578,-0.37451332194942155,-0.15874107227959516,-0.09972105409848263,-0.214977785554512,1.7261183564604,1.4261368036056759,-0.7035558936569403,-0.13448561582809335,-0.2072054933378933,1.7241317211400928
1731067786.96,-0.201274063410965,-0.3722229639923623,-0.10539889631426844,-0.18635051546836284,2.349364164429072,0.6428705055521089,-1.1228864415485775,-0.18097790867321242,-0.1099965869599816,1.7705952457967815,-1.7188808552831736,0.08243775339288753,3.573059006625274,-0.18610986160877785,1.7257697601055009,-0.4501463163628999,-0.7035558936569403,-0.13448561582809335,-0.1672468423804748,1.7237843281908454
1731067787.46,-0.482115029746528,0.16858526626346532,-0.10539889631426844,-0.26547639922083455,2.348621415110747,-0.4222467253601425,-1.1665551497540836,1.7125343850160237,-0.3585560371759149,1.7753216862156957,-0.37451332194942155,-0.5097423989279406,-0.09972105409848263,-0.1379966550325542,1.725421164138526,-0.4501463163628999,-0.5032708342866856,-0.13448561582809335,-0.14558986361729379,1.7234369353908958
1731067787.96,1.4837717346024528,-0.22585743378550974,-0.10539889631426844,-0.3223614940266656,2.3478787304105393,-0.4222467253601425,0.03745351934059322,-0.18097790867321242,2.506595463286126,1.774629405732225,-0.37451332194942155,-1.297880347107661,-0.09972105409848263,-0.19092118226640023,1.725072568559495,1.4261368036056759,-0.5311586273635566,-0.13448561582809335,-0.19866471298058247,1.723089542740271
1731067788.46,-0.482115029746528,-0.34493447530972876,-0.10539889631426844,-0.11791731870946845,2.3471361103352137,0.6428705055521089,-0.9856419300455571,-0.18097790867321242,-0.2074050201527122,1.7704542629177344,1.1939154669399505,-1.0287075505981935,-0.09972105409848263,-0.32323250035101514,1.7247239733684214,-0.4501463163628999,-0.20664612610542205,-0.13448561582809335,-0.2014099638097181,1.722742150238971
1731067788.96,-0.201274063410965,-0.49626154891342367,-0.10539889631426844,-0.25350058978802803,2.346393554891544,-0.4222467253601425,-0.31189614630345813,-0.18097790867321242,-0.3719916831335329,1.7698882498527833,-0.37451332194942155,-1.0588549038072539,-0.09972105409848263,-0.02252495924961753,1.7243753785652987,-0.4501463163628999,-0.5945399752655358,-0.13448561582809335,-0.25265464595358306,1.7223947578870027
1731067789.46,-0.482115029746528,0.07679671342188009,-0.10539889631426844,-0.19490466506322465,2.3456510640863044,0.6428705055521089,-0.7672983890180248,-0.18097790867321242,-0.18389263972688075,1.7711208823530287,-0.37451332194942155,-1.196671375620101,-0.09972105409848263,-0.21738344588332317,1.7240267841501666,-0.4501463163628999,-0.6731328466639903,-0.13448561582809335,0.22044358026745572,1.7220473656843793
1731067789.96,1.4837717346024528,-0.3275690734207802,-0.10539889631426844,-0.29199426296490616,2.344908637926269,-1.664883494757786,-0.23391631022219658,1.7125343850160237,-0.3955040635593644,1.7706266523558083,1.1939154669399505,-1.1471435810623594,-0.09972105409848263,1.4401165206675803,1.7236781901230254,1.4261368036056759,-0.34862034540585596,-0.13448561582809335,-0.25478984104291075,1.7216999736310978
1731067790.46,-0.482115029746528,-0.34493447530972876,-0.10539889631426844,-0.1692422162786393,2.344166276418215,0.6428705055521089,-0.3929951758279698,-0.18097790867321242,-0.3652738601547239,1.7673860557204364,-0.37451332194942155,-0.8930444611574221,-0.09972105409848263,-0.11875137240206474,1.7233295964838748,-0.4501463163628999,-0.3131267905807475,-0.13448561582809335,-0.044930666548987704,1.721352581727188
1731067790.96,-0.201274063410965,-0.08693421867392111,-0.10539889631426844,-0.22569960360472718,2.3434239795689207,-1.4873639562724066,-0.3992335627144707,1.7125343850160237,-0.18053372823747615,1.7772977456509347,-0.37451332194942155,-1.0200940211098906,-0.09972105409848263,-0.2751192937747915,1.7229810032327353,-0.4501463163628999,-0.29284475925211406,-0.13448561582809335,-0.1608412571124917,1.7210051899726504
1731067791.46,-0.482115029746528,-0.2977998130397254,-0.10539889631426844,-0.2162900390503792,2.3426817473851607,0.6428705055521089,-0.32437292007645996,-0.18097790867321242,-0.3014545418560383,1.7690950979829492,-0.37451332194942155,-1.000713579761209,-0.09972105409848263,-0.28955325574765856,1.7226324103696267,-0.4501463163628999,0.18124772305469145,-0.13448561582809335,-0.16694181451057086,1.720657798367498
1731067791.96,1.4837717346024528,-0.44664611494499906,-0.10539889631426844,-0.2740305488156964,2.3419395798737077,-0.4222467253601425,-0.3462072741792132,-0.18097790867321242,-0.2544297810043753,1.7792357517008486,1.1939154669399505,-0.8822775492970434,-0.09972105409848263,-0.20294948391045609,1.722283817894549,-0.18210587065310885,-0.19904036435718453,-0.13448561582809335,-0.08153401093746263,1.7203104069117277
1731067792.46,-0.482115029746528,-0.05468418659444512,-0.10539889631426844,0.9513513806482572,2.341197477041332,0.6428705055521089,-0.2900617922007049,-0.18097790867321242,2.0665780581741364,1.773981347281852,-1.7188808552831736,-0.9662594618079972,3.573059006625274,-0.2847419350900362,1.721935225807529,1.4261368036056759,0.024061980257782757,-0.13448561582809335,-0.2203216917437635,1.719963015605353
1731067792.96,-2.167160827759946,-0.04724187149918143,4.74557083286513,-0.10936316911460664,2.3404554388948333,-0.4222467253601425,-0.4054719496009716,-0.18097790867321242,-0.21748175462092578,1.7740308842754888,-0.15045206639380151,-0.9576459323196942,-0.09972105409848263,-0.19332684259521135,1.7215866341085597,-0.4501463163628999,-0.16101155561599687,-0.13448561582809335,-0.15169042101537294,1.719615624448397
1731067793.46,-0.482115029746528,0.007335105866085636,-0.10539889631426844,-0.3317710585810136,2.339713465440976,0.6428705055521089,-0.42106791681722394,-0.18097790867321242,-0.2107639316421168,1.7572959767378333,-0.37451332194942155,-1.0028669621332846,-0.09972105409848263,-0.2727136334459803,1.7212380427976484,-0.18210587065310885,-0.3004505210003516,-0.13448561582809335,-0.1547406997144125,1.719268233440857
1731067793.96,-0.201274063410965,-0.027395697911811588,-0.10539889631426844,-0.19062759026579376,2.3389715566865346,-0.4222467253601425,-0.22767792333569567,-0.18097790867321242,0.047872253042029946,1.7783379087718405,1.1939154669399505,-1.1040759336208446,-0.09972105409848263,-0.17408155996472188,1.7208894518748348,1.4261368036056759,-0.22946341135013465,-0.13448561582809335,-0.21971163600395557,1.7189208425827496
1731067794.46,1.4837717346024528,0.1363352341839896,-0.10539889631426844,-0.2954159228028509,2.3382297126382916,0.6428705055521089,0.18717480461661537,-0.18097790867321242,1.0824169917786168,1.7687530079126008,-0.37451332194942155,-0.9554925499476185,-0.09972105409848263,0.6751165361056249,1.7205408613401054,-0.4501463163628999,-0.05453089114067172,-0.13448561582809335,-0.21056079990683685,1.7185734518740745
1731067794.96,-0.482115029746528,0.05446976813608901,-0.10539889631426844,-0.1983263249011694,2.337487933303016,-0.4222467253601425,0.07488384065959876,-0.18097790867321242,0.22589456198046867,1.7654603668150495,-0.15045206639380151,-0.703546812414757,-0.09972105409848263,-0.29195891607646973,1.7201922711935007,-0.18210587065310885,-0.24721018876268888,-0.13448561582809335,-0.21605130156510807,1.7182260613148452
1731067795.46,-0.482115029746528,0.029662051151876707,-0.10539889631426844,-0.10080901951974483,2.3367462186875034,0.6428705055521089,-0.5801467824229974,-0.18097790867321242,-0.21748175462092578,1.7677369037531778,-0.37451332194942155,-0.8392099018555286,-0.09972105409848263,-0.06582684516821882,1.719843681434987,-0.4501463163628999,-0.5336938812796357,-0.13448561582809335,0.0038737926356456087,1.7178786709050724
1731067795.96,1.4837717346024528,0.40177780591506096,-0.10539889631426844,-0.277024501173898,2.336004568798528,-0.4222467253601425,-0.30253856597370676,-0.18097790867321242,-0.2074050201527122,1.7716577998245506,1.1939154669399505,-0.7530746069724991,-0.09972105409848263,-0.07544948648346345,1.719495092064611,1.4261368036056759,-0.5286233734474773,-0.13448561582809335,-0.18737868179413603,1.7175312806447722
1731067796.46,-2.167160827759946,0.48116250026454005,-0.10539889631426844,-0.18635051546836284,2.335262983642863,0.6428705055521089,0.4990941489416612,-0.18097790867321242,-0.0025114192990375673,1.7605265245378854,-3.063248388616918,-0.6174115175317276,7.360613444246647,-0.27030797311716914,1.7191465030823798,-0.4501463163628999,-0.08748919204970103,-0.13448561582809335,0.03437657962604136,1.717183890533945
1731067796.96,-0.482115029746528,0.08920057191398624,4.593978028828273,-0.18635051546836284,2.3345214632272953,-0.4222467253601425,0.511570922714663,-0.18097790867321242,0.9984442045435042,1.7743830913205334,-1.7188808552831736,-0.6755528415777724,3.573059006625274,-0.14040231536136533,1.7187979144882863,-0.4501463163628999,-0.4500305020490229,-0.13448561582809335,-0.11813735532593761,1.7168365005725972
1731067797.46,-0.482115029746528,-0.3548575621034137,-0.10539889631426844,-0.2778799161333842,2.33378000755859,0.6428705055521089,0.29634657513038154,-0.18097790867321242,-0.28801889589842034,1.7621912385409437,-0.37451332194942155,-0.21042224920941294,-0.09972105409848263,-0.15483627733423241,1.7184493262823843,-0.4501463163628999,-0.39679016981136017,-0.13448561582809335,-0.16968706533970648,1.7164891107607458
1731067797.96,1.4837717346024528,-0.3027613564365679,-0.10539889631426844,-0.0879777951274521,2.3330386166435475,-0.599766263845522,0.37432641121164273,-0.18097790867321242,-0.026023799724869033,1.7668266086575168,1.1939154669399505,-0.531276222648698,-0.09972105409848263,-0.22460042686975668,1.7181007384646334,1.4261368036056759,-0.4601715177133396,-0.13448561582809335,-0.017478158257631465,1.7161417210983978
1731067798.46,-0.482115029746528,-0.20353048849971866,-0.10539889631426844,-0.09653194472231393,2.3322972904889494,0.8203900440374883,0.7080801096394418,-0.18097790867321242,0.10833265985131105,1.7608438018439998,-0.37451332194942155,-0.5205093107883193,-0.09972105409848263,0.13143730179429808,1.717752151035074,-0.4501463163628999,-0.234533919182293,-0.13448561582809335,-0.2187965523942437,1.7157943315855664
1731067798.96,-0.482115029746528,0.06439285492977394,-0.10539889631426844,-0.0837007203300212,2.3315560291015616,-0.599766263845522,0.41175673253064826,-0.18097790867321242,-0.1704569937692627,1.7680999342941408,-0.37451332194942155,-0.3310116620456544,-0.09972105409848263,0.7280410633394708,1.7174035639937124,-0.4501463163628999,-0.22439290351797628,-0.13448561582809335,-0.16389153581153126,1.7154469422222582
1731067799.46,-0.482115029746528,0.24300841721610222,-0.10539889631426844,-0.2954159228028509,2.3308148324881786,0.6428705055521089,-0.5863851693094984,-0.18097790867321242,0.16879306666059216,1.7667950872937999,-0.15045206639380151,-0.2556432790230035,-0.09972105409848263,-0.2775249541036027,1.7170549773405623,-0.4501463163628999,0.2066002622154832,-0.13448561582809335,-0.1394893062192146,1.71509955300848
1731067799.96,1.4837717346024528,-0.03483801300707528,-0.10539889631426844,-0.10080901951974483,2.330073700655562,-0.4222467253601425,-0.2495122774384489,-0.18097790867321242,-0.14022679036462224,1.7618696652217662,1.1939154669399505,-0.33316504441773015,-0.09972105409848263,0.03280522831303962,1.716706391075637,1.4261368036056759,-0.25988645834308477,-0.13448561582809335,1.8462421268555516,1.7147521639442356
1731067800.46,-0.482115029746528,0.014777420961349326,-0.10539889631426844,-0.2860063582485029,2.329332633610529,0.6428705055521089,-0.2682274380979517,-0.18097790867321242,-0.33840256823948783,1.7670442120333758,-0.37451332194942155,-0.7423076951121204,-0.09972105409848263,-0.17648722029353311,1.716357805198943,-0.4501463163628999,-0.1584763016999177,-0.13448561582809335,-0.18920884901355978,1.714404775029548
1731067800.96,-0.482115029746528,0.35216237194663635,-0.10539889631426844,-0.1692422162786393,2.328591631359831,-0.4222467253601425,-0.06547986428667166,-0.18097790867321242,-0.07304856057653211,1.7611070232864592,-0.37451332194942155,-0.9554925499476185,-0.09972105409848263,-0.25346835081549085,1.716009219710494,-0.4501463163628999,0.026597234173861933,-0.13448561582809335,-0.1577909784134521,1.714057386264424
1731067801.46,-0.482115029746528,1.3494325947119699,-0.10539889631426844,-0.1692422162786393,2.327850693910268,0.6428705055521089,0.7611063981746999,-0.18097790867321242,1.8549666343416527,1.761453059923511,-0.15045206639380151,-0.47959504571888023,-0.09972105409848263,-0.2823362747612251,1.7156606346102965,-0.4501463163628999,0.3840680363410256,-0.13448561582809335,-0.1394893062192146,1.713709997648867
1731067801.96,-0.201274063410965,0.6597780625508687,-0.10539889631426844,1.4902628051245508,2.3271098212686225,-0.4222467253601425,0.3899223784278954,-0.18097790867321242,-0.21748175462092578,1.7618262923175447,1.1939154669399505,-0.6647859297173937,-0.09972105409848263,-0.28955325574765856,1.7153120498983705,1.4261368036056759,0.1508246760617416,-0.13448561582809335,-0.13643902752017503,1.7133626091828908
1731067802.46,1.4837717346024528,0.49108558705822497,-0.10539889631426844,-0.3031146574382265,2.3263690134416644,0.6428705055521089,0.6113851128986778,-0.18097790867321242,-0.3316847452606788,1.7664887613766904,-0.37451332194942155,-0.5097423989279406,-0.09972105409848263,-0.05139288319535172,1.7149634655747361,-0.4501463163628999,0.404350067669659,-0.13448561582809335,-0.20751052120779725,1.713015220866495
1731067802.96,-0.482115029746528,0.6002395417887592,-0.10539889631426844,0.10021349595950756,2.3256282704361975,-0.4222467253601425,1.2040318671162649,-0.18097790867321242,-0.19732828568449876,1.7609560290222321,-0.37451332194942155,-0.5248160755324708,-0.09972105409848263,-0.2799306144324139,1.7146148816393798,-0.18210587065310885,0.8606957725639103,-0.13448561582809335,-0.1547406997144125,1.7126678326997067
1731067803.46,-0.201274063410965,0.7143550399161357,-0.10539889631426844,-0.092254869924883,2.3248875922589956,-0.4222467253601425,-0.8983045136345442,-0.18097790867321242,-0.13350896738581322,1.7620322239485975,-0.37451332194942155,-0.5441965168811524,-0.09972105409848263,-0.1524306170054213,1.714266298092322,-0.4501463163628999,-0.2827037435877974,-0.13448561582809335,-0.22550716553213077,1.7123204446825224
1731067803.96,1.4837717346024528,0.50100867385191,-0.10539889631426844,0.36111505860279264,2.3241469789168447,0.6428705055521089,-0.07483744461642305,-0.18097790867321242,-0.27794216143020684,1.7616558826296356,1.1939154669399505,-0.8176760781347713,-0.09972105409848263,1.5868618007250626,1.7139177149335891,-0.4501463163628999,-0.07734817638538431,-0.13448561582809335,-0.14589489148719775,1.7119730568149558
1731067804.46,-0.482115029746528,0.5407010210266496,-0.10539889631426844,0.24563403907215828,2.3234064304165374,0.6428705055521089,0.09047980787585107,-0.18097790867321242,-0.11671440993879062,1.7628445882731816,-0.37451332194942155,-0.5011288694396376,-0.09972105409848263,-0.255874011144302,1.7135691321631812,1.4261368036056759,-0.7821487650553948,-0.13448561582809335,-0.06628261744226471,1.7116256690970166
1731067804.96,-0.482115029746528,0.6324895738682351,-0.10539889631426844,0.1344300943389548,2.322665946764838,-0.4222467253601425,-0.38051840205496795,-0.18097790867321242,-0.43581100143221846,1.7538835682581282,-0.15045206639380151,-0.5075890165558649,-0.09972105409848263,-0.1596475979918548,1.7132205497811186,-0.4501463163628999,-0.8860941756146409,-0.13448561582809335,-0.2288624721010743,1.7112782815287053
1731067805.46,-2.167160827759946,0.369527773835585,4.74557083286513,0.22852573988243463,2.321925527968559,0.8203900440374883,1.5034744376683091,-0.18097790867321242,-0.4156575324957914,1.759735034346932,-0.37451332194942155,-0.589417546694743,-0.09972105409848263,-0.20294948391045609,1.712871967787401,-0.18210587065310885,-0.7010206397408612,-0.13448561582809335,-0.044930666548987704,1.710930894110045
1731067805.96,-0.482115029746528,-0.5756462432629029,-0.10539889631426844,-0.07942364553259029,2.3211851740344702,-0.599766263845522,-0.11226776593542859,-0.18097790867321242,-0.11335549844938618,1.7550152897471394,1.1939154669399505,-0.309477838324897,-0.09972105409848263,-0.3015815573917145,1.7125233861820284,1.4261368036056759,-0.5032708342866856,-0.13448561582809335,0.31195194123864306,1.7105835068410393
1731067806.46,1.4837717346024528,-0.662473252707646,-0.10539889631426844,-0.3347650109392152,2.3204448849693713,0.8203900440374883,0.4803789882821584,-0.18097790867321242,-0.40222188653817337,1.7574568885472859,-0.37451332194942155,-0.4946687223234104,-0.09972105409848263,0.020776926668983762,1.7121748049650476,-0.4501463163628999,-0.5996104830976942,-0.13448561582809335,-0.223982026182611,1.7102361197217015
1731067806.96,-0.482115029746528,-0.5359538960881634,-0.10539889631426844,-0.13074854310176118,2.3197046607800362,-0.4222467253601425,0.024976745567591375,-0.18097790867321242,-0.4122986210063869,1.7561905434339689,-0.37451332194942155,-0.23195607293017034,-0.09972105409848263,-0.24625136982905732,1.7118262241364453,-0.4501463163628999,-0.5843989596012191,-0.13448561582809335,0.7511920739003425,1.7098887327520285
1731067807.46,-0.482115029746528,-0.5483577545802694,-0.10539889631426844,-0.2860063582485029,2.3189645014732516,-0.4222467253601425,-0.44602146436322765,-0.18097790867321242,-0.2107639316421168,1.7512735501208634,-0.37451332194942155,-0.19104180786073127,-0.09972105409848263,-0.30398721772052567,1.711477643696255,-0.4501463163628999,-0.7542609719785238,-0.13448561582809335,-0.1547406997144125,1.7095413459320403
1731067807.96,-0.201274063410965,-0.3300498451192014,-0.10539889631426844,-0.0837007203300212,2.318224407055817,0.6428705055521089,-1.2663693399380984,-0.18097790867321242,-0.28801889589842034,1.7572979771997714,1.1939154669399505,-0.309477838324897,-0.09972105409848263,-0.07544948648346345,1.7111290636444432,-0.4501463163628999,-0.3790433923988059,-0.13448561582809335,0.21129274417033705,1.709193959261747
1731067808.46,1.4837717346024528,-0.3622998771986774,-0.10539889631426844,-0.2992652901205387,2.31748437753452,0.6428705055521089,-1.1478399890945812,-0.18097790867321242,-0.14358570185402666,1.7443604281098355,-0.37451332194942155,0.3386902556699002,-0.09972105409848263,0.8194561558342958,1.71078048398107,1.4261368036056759,-0.7922897807197115,-0.13448561582809335,0.1014827110049121,1.7088465727411588
1731067808.96,-0.482115029746528,-0.1911266300076125,-0.10539889631426844,-0.19490466506322465,2.316744412916142,-0.4222467253601425,-1.0230722513645627,-0.18097790867321242,-0.38542732909115085,1.7611512086826242,-0.37451332194942155,-0.7638415188328778,-0.09972105409848263,-0.2847419350900362,1.7104319047061223,-2.0583889906216846,-0.6148220065941692,4.471324869238586,-0.2541797853031028,1.7084991863702823
1731067809.46,-0.482115029746528,-0.17624199981708513,-0.10539889631426844,-0.3523010176086819,2.3160045132074707,0.6428705055521089,-0.9232580611805479,-0.18097790867321242,-0.13350896738581322,1.7544299396515806,-0.37451332194942155,-1.2117450522246316,-0.09972105409848263,-0.14761929634779894,1.7100833258196197,-0.4501463163628999,-0.4272132168043103,-0.13448561582809335,-0.1394893062192146,1.7081518001491207
1731067809.96,-0.201274063410965,-0.5185884941992147,-0.10539889631426844,-0.21201296425294827,2.315264678415292,-0.4222467253601425,-0.37428001516846704,-0.18097790867321242,-0.1637391707904537,1.7542354985629278,1.1939154669399505,-1.2095916698525555,-0.09972105409848263,-0.23181740785619023,1.7097347473215827,-0.18210587065310885,-0.6579213231675153,-0.13448561582809335,-0.20659543759808538,1.707804414077688
1731067810.46,1.4837717346024528,-0.5384346677865846,-0.10539889631426844,-0.2821569909308151,2.314524908546415,0.6428705055521089,-0.9700459628293048,-0.18097790867321242,-0.21748175462092578,1.7684891617001572,-0.15045206639380151,-1.0803887275280113,-0.09972105409848263,-0.34247778298150455,1.7093861692119976,1.4261368036056759,-0.6274982761745651,-0.13448561582809335,-0.1394893062192146,1.7074570281559938
1731067810.96,-0.482115029746528,-0.2382612922776159,-0.10539889631426844,-0.11791731870946845,2.313785203607613,-0.4222467253601425,-0.1341021200381818,-0.18097790867321242,3.1447886462729815,1.7526219188619678,-1.7188808552831736,-0.9145782848781795,3.573059006625274,-0.21016646489688964,1.709037591490898,-0.4501463163628999,-0.44495999421686455,-0.13448561582809335,-0.0845842896365022,1.7071096423840584
1731067811.46,-0.482115029746528,-0.25314592246814327,-0.10539889631426844,-0.3078194397154005,2.3130455636056864,0.6428705055521089,0.7423912375151972,-0.18097790867321242,-0.27794216143020684,1.7492175438566442,-0.37451332194942155,-0.9899466679008302,-0.09972105409848263,-0.2342230681850014,1.708689014158284,-0.4501463163628999,-0.30298577491643075,-0.13448561582809335,-0.0845842896365022,1.7067622567618752
1731067811.96,1.4837717346024528,-0.3647806488970986,-0.10539889631426844,-0.015267523571126802,2.3123059885474087,-0.4222467253601425,-0.5333588807742405,-0.18097790867321242,-0.38542732909115085,1.7598671411181994,1.1939154669399505,-0.8176760781347713,-0.09972105409848263,-0.3015815573917145,1.7083404372141686,-0.4501463163628999,-0.029178351979879957,-0.13448561582809335,-0.1394893062192146,1.7064148712894642
1731067812.46,-0.482115029746528,-0.3399729319128863,-0.10539889631426844,-0.3009761200395111,2.3115664784395795,0.6428705055521089,-0.15281728069768458,-0.18097790867321242,-0.21412284313152122,1.751725446910061,-0.37451332194942155,-0.7810685778094837,-0.09972105409848263,-0.08266646746989705,1.7079918606585787,1.4261368036056759,-0.5412996430278731,-0.13448561582809335,-0.2072054933378933,1.7060674859668221
1731067812.96,-0.482115029746528,-0.09189576207076357,-0.10539889631426844,-0.10936316911460664,2.3108270332889984,-0.4222467253601425,0.44606786040640367,-0.18097790867321242,-0.3887862405805554,1.7555068024878966,-0.37451332194942155,-1.0200940211098906,-0.09972105409848263,-0.07544948648346345,1.7076432844915013,-0.18210587065310885,-0.3689023767344894,-0.13448561582809335,-0.1425395849182542,1.7057201007939726
1731067813.46,-0.482115029746528,-0.17128045642024267,-0.10539889631426844,-0.26119932442340366,2.3100876531024523,0.6428705055521089,-0.21832034300594427,-0.18097790867321242,-0.39214515206995987,1.7531995504979847,-0.37451332194942155,-1.1040759336208446,-0.09972105409848263,1.300588221596532,1.7072947087129693,-0.4501463163628999,0.05955553508289123,-0.13448561582809335,-0.20446024250875766,1.7053727157709224
1731067813.96,-2.167160827759946,0.012296649262928096,4.74557083286513,-0.1692422162786393,2.3093483378867283,-0.4222467253601425,-0.5895043627527489,-0.18097790867321242,-0.23091740057854382,1.7573917956443663,1.1939154669399505,-0.9727196089242243,-0.09972105409848263,-0.23903438884262376,1.706946133322976,1.4261368036056759,-0.35876136107017265,-0.13448561582809335,-0.1394893062192146,1.7050253308976713
1731067814.46,1.4837717346024528,-0.10678039226129095,-0.10539889631426844,1.965018107639381,2.3086090876486307,0.6428705055521089,0.5770739850229231,-0.18097790867321242,-0.23427631206794824,1.7518531986562436,-1.7188808552831736,-0.7466144598562718,3.573059006625274,0.006342964696116665,1.706597558321542,-0.4501463163628999,-0.34862034540585596,-0.13448561582809335,-0.16694181451057086,1.7046779461742396
1731067814.96,-0.201274063410965,-0.13903042434076696,-0.10539889631426844,-0.3078194397154005,2.3078699023949323,-0.4222467253601425,-0.22767792333569567,-0.18097790867321242,-0.029382711214273615,1.7462944742905555,-0.37451332194942155,-0.8801241669249676,-0.09972105409848263,-0.02252495924961753,1.7062489837086936,-0.18210587065310885,-0.3689023767344894,-0.13448561582809335,-0.04798094524802728,1.7043305616006272
1731067815.46,-0.482115029746528,-0.10181884886444849,-0.10539889631426844,2.1745947727134953,2.3071307821324467,0.6428705055521089,1.2695349294245248,-0.18097790867321242,2.21101125221853,1.7495491813458606,-0.37451332194942155,-0.7444610774841961,-0.09972105409848263,-0.2654966524595468,1.7059004094844243,-0.4501463163628999,-0.2649569661752431,-0.13448561582809335,-0.2145261622155883,1.7039831771768545
1731067815.96,1.4837717346024528,0.22316224362873238,-0.10539889631426844,-0.12219439350689935,2.3063917268679517,-0.4222467253601425,-0.15593647414093506,-0.18097790867321242,-0.08648420653415013,1.7434820326551972,1.1939154669399505,0.5454149633891713,-0.09972105409848263,-0.11153439141563123,1.705551835648734,1.4261368036056759,-0.1331237625391262,-0.13448561582809335,-0.1394893062192146,1.7036357929029249
1731067816.46,-0.482115029746528,0.09664288700924993,-0.10539889631426844,0.6818956684101103,2.305652736608256,-0.4222467253601425,-0.34932646762246367,1.7125343850160237,-0.16038025930104927,1.7434741209563007,-0.37451332194942155,-0.7380009303679689,-0.09972105409848263,-0.15483627733423241,1.7052032622016629,-0.4501463163628999,-0.38918440806312266,-0.13448561582809335,0.29670054774344523,1.703288408778848
1731067816.96,-0.201274063410965,0.04702745304082532,-0.10539889631426844,-0.139302692696623,2.3049138113601373,-1.664883494757786,2.3198021588028742e-05,1.7125343850160237,-0.3686327716441284,1.7496553717146581,-0.15045206639380151,-0.8930444611574221,-0.09972105409848263,-0.29195891607646973,1.7048546891432108,-0.18210587065310885,-0.6198925144263275,-0.13448561582809335,-0.1394893062192146,1.7029410248046346
1731067817.46,-0.482115029746528,0.23804687381925976,-0.10539889631426844,-0.17779636587350103,2.304174951130391,0.46535096706674206,0.09983738820560245,-0.18097790867321242,-0.15366243632224025,1.7479939525956436,-0.37451332194942155,-0.5248160755324708,-0.09972105409848263,-0.13559099470374297,1.7045061164733912,-0.4501463163628999,-0.5387643891117939,-0.13448561582809335,-0.20476527037866163,1.7025936409802875
1731067817.96,1.4837717346024528,0.2802199926924207,-0.10539889631426844,-0.11791731870946845,2.3034361559258305,-0.2447271868747757,-0.20272437578969196,-0.18097790867321242,-0.37870950611234183,1.7367297165103999,1.1939154669399505,-0.8241362252509984,-0.09972105409848263,1.0840787920035253,1.7041575441922043,1.4261368036056759,-0.35876136107017265,-0.13448561582809335,-0.07238317484034387,1.702246257305827
1731067818.46,-0.482115029746528,0.004854334167664406,-0.10539889631426844,-0.25178975986905566,2.3026974257532373,0.6428705055521089,1.0823833228294972,-0.18097790867321242,-0.42909317845340944,1.7486019938038135,-0.37451332194942155,-0.84351666659968,-0.09972105409848263,-0.3376664623238822,1.7038089722996699,-0.4501463163628999,-0.48805931079021053,-0.13448561582809335,-0.22550716553213077,1.7018988737812568
1731067818.96,-0.482115029746528,-0.20849203189656113,-0.10539889631426844,-0.2590607870246882,2.3019587606194167,-0.4222467253601425,0.5365244702606667,-0.18097790867321242,-0.27794216143020684,1.7572243136135333,-0.37451332194942155,-0.40207328032415357,-0.09972105409848263,-0.11394005174444237,1.7034604007958147,-0.4501463163628999,-0.3283383140772225,-0.13448561582809335,0.028276022227962196,1.70155149040659
1731067819.46,-0.482115029746528,0.19339298324767762,-0.10539889631426844,-0.23724770555779062,2.30122016053115,0.6428705055521089,0.7205568834124436,-0.18097790867321242,-0.23427631206794824,1.7452007655317578,-0.37451332194942155,-0.5463498992532282,-0.09972105409848263,-0.24384570950024614,1.703111829680612,-0.4501463163628999,0.09758434382407888,-0.13448561582809335,-0.10593624052977928,1.70120410718183
1731067819.96,1.4837717346024528,-0.18368431491234882,-0.10539889631426844,1.1566509709249406,2.3004816254952334,-0.4222467253601425,0.7829407522774529,-0.18097790867321242,0.9077535943295828,1.7374181053234496,1.1939154669399505,-0.41714695692868375,-0.09972105409848263,-0.30639287804933685,1.7027632589541288,1.4261368036056759,-0.13819427037128457,-0.13448561582809335,-0.0022267647624335555,1.7008567241069836
1731067820.46,-0.482115029746528,0.024700507755034247,-0.10539889631426844,-0.1606880666837775,2.299743155518479,-1.4873639562724066,-0.5302396873309901,1.7125343850160237,-0.3719916831335329,1.7386449437826568,-0.37451332194942155,-0.6109513704155004,-0.09972105409848263,-0.2630909921307356,1.7024146886163116,-0.4501463163628999,-0.29538001316819323,-0.13448561582809335,-0.07543345353938345,1.700509341182071
1731067820.96,-0.482115029746528,0.34968160024821515,-0.10539889631426844,-0.17351929107607014,2.2990047506076783,-0.4222467253601425,-0.5395972676607415,1.7125343850160237,-0.18725155121628517,1.7473492688353895,-0.15045206639380151,-0.3891529860916991,-0.09972105409848263,-0.335260801995071,1.702066118667227,-0.4501463163628999,0.0037799489291493412,-0.13448561582809335,-0.18737868179413603,1.700161958407099
1731067821.46,-0.482115029746528,-0.1191842507533971,-0.10539889631426844,0.07455104717492213,2.2982664107696182,0.6428705055521089,-0.2807042118709535,-0.18097790867321242,-0.1267911444070042,1.7475751224017841,-0.37451332194942155,-0.7509212246004233,-0.09972105409848263,-0.2871475954188474,1.701717549106862,-0.4501463163628999,0.18885348480292896,-0.13448561582809335,-0.11203679792785844,1.6998145757820744
1731067821.96,1.4837717346024528,0.10160443040609239,-0.10539889631426844,-0.045207047153143144,2.2975281360111115,-0.4222467253601425,-0.20272437578969196,-0.18097790867321242,-0.37870950611234183,1.7460891673258048,-0.37451332194942155,-0.6475588707407878,-0.09972105409848263,-0.10912873108682,1.701368979935223,1.4261368036056759,0.06462604291504959,-0.13448561582809335,-0.20049488020000622,1.6994671933070036
1731067822.46,-0.201274063410965,0.272777677597157,-0.10539889631426844,-0.19062759026579376,2.2967899263389358,0.6428705055521089,-0.0623606708434212,-0.18097790867321242,-0.17717481674807173,1.7490208842217925,1.1939154669399505,-0.5786506348343643,-0.09972105409848263,0.7833712509021279,1.7010204111523501,-0.4501463163628999,0.3156161806068878,-0.13448561582809335,-0.023578715655710628,1.6991198109818968
1731067822.96,-0.482115029746528,0.7639704738845603,-0.10539889631426844,0.211417440692711,2.296051781759908,-0.4222467253601425,0.32130012267638525,-0.18097790867321242,-0.3216080107924653,1.7517509709161512,-0.37451332194942155,-0.8284429899951499,-0.09972105409848263,-0.17167589963591076,1.7006718427582168,-0.4501463163628999,0.29279889536217524,-0.13448561582809335,-0.11508707662689802,1.6987724288067676
1731067823.46,-0.201274063410965,0.5357394776298071,-0.10539889631426844,-0.2774522086536411,2.295313702280829,-0.4222467253601425,0.29946576857363166,1.7125343850160237,-0.4223753554746004,1.7509986365354708,-0.37451332194942155,-0.9167316672502552,-0.09972105409848263,-0.30398721772052567,1.700323274752863,-2.0583889906216846,0.2395585631245125,4.471324869238586,-0.06018206004418555,1.6984250467816326
1731067823.96,1.4837717346024528,0.12393137569188346,-0.10539889631426844,-0.19918173986065557,2.2945756879084853,-0.4222467253601425,0.8702781686884657,-0.18097790867321242,-0.16709808227985812,1.742529004601069,1.1939154669399505,-0.7466144598562718,-0.09972105409848263,-0.020119298920806293,1.699974707136282,1.4261368036056759,0.18124772305469145,-0.13448561582809335,0.10758326840299126,1.6980776649064853
1731067824.46,-0.482115029746528,0.6101626285824441,-0.10539889631426844,-0.18635051546836284,2.2938377386496756,0.6428705055521089,0.6706497883204362,-0.18097790867321242,0.649117409645436,1.752758800704934,-0.37451332194942155,-0.5032822518117134,-0.09972105409848263,0.1723335273840881,1.6996261399085006,-2.0583889906216846,0.5564653026344093,4.471324869238586,-0.24075855902732868,1.697730283181346
1731067824.96,-0.482115029746528,0.6870665512335021,-0.10539889631426844,-0.2783076236131273,2.2930998545112007,-0.4222467253601425,-0.6550074250610085,-0.18097790867321242,-0.3585560371759149,1.7425718226280762,-0.15045206639380151,-0.589417546694743,-0.09972105409848263,-0.08507212779870818,1.6992775730695324,-0.18210587065310885,-0.1660820634481552,-0.13448561582809335,0.0618290879173976,1.6973829016062143
1731067825.46,-0.482115029746528,0.8904898305040427,-0.10539889631426844,0.06599689758006032,2.2923620354998726,0.6428705055521089,-0.7485832283585224,-0.18097790867321242,-0.16709808227985812,1.7329732033955858,-0.37451332194942155,-0.365465779998866,-0.09972105409848263,0.13624862245192043,1.6989290066193636,-0.4501463163628999,-0.41200169330783526,-0.13448561582809335,-0.2462490606855999,1.6970355201811071
1731067825.96,1.4837717346024528,0.49604713045506743,-0.10539889631426844,0.4808731529308578,2.2916242816224788,-0.4222467253601425,-0.5645508152067452,-0.18097790867321242,-0.3048134533454428,1.7454057492813095,1.1939154669399505,-0.5549634287415312,-0.09972105409848263,-0.09710042944276415,1.6985804405580347,1.4261368036056759,-0.6579213231675153,-0.13448561582809335,0.09233187490779342,1.6966881389060382
1731067826.46,-0.482115029746528,0.7019511814240296,-0.10539889631426844,-0.053761196748004954,2.290886592885827,0.6428705055521089,-0.34308808073596275,-0.18097790867321242,-0.2678654269619933,1.7461859602579088,-0.37451332194942155,-0.4623679867422743,-0.09972105409848263,-0.27030797311716914,1.6982318748855385,-2.0583889906216846,-0.8353890972930574,4.471324869238586,-0.1889038211436558,1.6963407577810108
1731067826.96,-0.482115029746528,0.23556610212083853,-0.10539889631426844,-0.05803827154543586,2.290148969296718,-0.4222467253601425,-0.28382340531420397,-0.18097790867321242,-0.4055807980275779,1.7401896482535666,-0.15045206639380151,-0.47098151623057727,-0.09972105409848263,-0.07063816582584119,1.6978833096018957,-0.4501463163628999,-0.7162321632373362,-0.13448561582809335,0.0038737926356456087,1.6959933768060347
1731067827.46,-0.201274063410965,-0.48633846211973875,-0.10539889631426844,-0.3009761200395111,2.289411410861946,0.6428705055521089,0.6020275325689267,-0.18097790867321242,-0.21412284313152122,1.7413458063884713,-0.37451332194942155,-0.14366739567506498,-0.09972105409848263,1.524314632175972,1.6975347447071327,-0.4501463163628999,-0.6477803075031985,-0.13448561582809335,-0.1998848244601983,1.6956459959811137
1731067827.96,1.4837717346024528,-0.29531904134130416,-0.10539889631426844,0.018949074808320445,2.2886739175883206,-0.4222467253601425,0.3462536702223889,-0.18097790867321242,-0.04617726866129607,1.7433947809915638,1.1939154669399505,-0.33316504441773015,-0.09972105409848263,-0.23181740785619023,1.6971861802012227,-0.18210587065310885,-0.6072162448459317,-0.13448561582809335,-0.03883010915090854,1.695298615306271
1731067828.46,-0.482115029746528,-0.6153385904376426,-0.10539889631426844,-0.2428079027944508,2.2879364894826404,0.6428705055521089,0.5053325358281621,-0.18097790867321242,-0.3148901878136563,1.750224890953899,-0.15045206639380151,-0.4257604864169867,-0.09972105409848263,-0.10672307075800888,1.696837616084206,1.4261368036056759,-0.7669372415589197,-0.13448561582809335,-0.21574627369520413,1.6949512347815034
1731067828.96,-0.482115029746528,-0.15887659792813652,-0.10539889631426844,-0.29327738540413545,2.28719912655171,-0.4222467253601425,-0.1840092151301892,-0.18097790867321242,-0.1939693741950942,1.7453218264166983,-0.37451332194942155,0.3925248149717939,-0.09972105409848263,-0.11153439141563123,1.696489052356089,-0.4501463163628999,-0.5894694674333775,-0.13448561582809335,-0.1028859618307397,1.6946038544068314
1731067829.46,-0.482115029746528,-0.3250883017223589,-0.10539889631426844,-0.07514657073515939,2.2864618288023344,0.6428705055521089,-1.0012378972618095,-0.18097790867321242,1.5661002462528655,1.7365295208911602,-0.37451332194942155,-0.01661783572259653,-0.09972105409848263,-0.2967702367340921,1.6961404890168787,-0.4501463163628999,-0.5159471038670815,-0.13448561582809335,-0.1745675112581698,1.694256474182261
1731067829.96,1.4837717346024528,-0.21097280359498236,-0.10539889631426844,-0.2774522086536411,2.2857245962412986,-0.4222467253601425,-1.5439775563873892,-0.18097790867321242,-0.37870950611234183,1.7441087690879622,1.1939154669399505,-0.33962519153395737,-0.09972105409848263,-0.05379854352416285,1.6957919260666017,1.4261368036056759,-0.5412996430278731,-0.13448561582809335,-0.1547406997144125,1.6939090941077861
1731067830.46,-0.482115029746528,0.07927748512030132,-0.10539889631426844,0.07455104717492213,2.2849874288754344,0.6428705055521089,-1.2071046645163395,-0.18097790867321242,-0.10663767547057718,1.7346667197433705,-0.37451332194942155,-0.7659949012049535,-0.09972105409848263,-0.2751192937747915,1.6954433635052446,-0.18210587065310885,-0.5412996430278731,-0.13448561582809335,-0.19439432280192706,1.69356171418344
1731067830.96,-0.201274063410965,-0.42183839796078676,-0.10539889631426844,-0.2333983382401028,2.2842503267115273,-0.4222467253601425,-0.7485832283585224,-0.18097790867321242,-0.28465998440901585,1.74795815794603,-1.7188808552831736,-1.0200940211098906,3.573059006625274,-0.34247778298150455,1.6950948013328342,-0.4501463163628999,-0.4424247403007854,-0.13448561582809335,-0.2288624721010743,1.693214334409216
1731067831.46,-0.482115029746528,-0.20353048849971866,-0.10539889631426844,-0.10080901951974483,2.2835132897563906,0.6428705055521089,-1.0573833792403178,-0.18097790867321242,-0.4425288244110275,1.7496054490294044,-0.37451332194942155,-1.033014315342345,-0.09972105409848263,-0.18851552193758897,1.6947462395493837,-0.4501463163628999,-0.5818637056851399,-0.13448561582809335,-0.16389153581153126,1.692866954785138
1731067831.96,1.4837717346024528,-0.33253061681762264,-0.10539889631426844,-0.27616908621441183,2.2827763180168237,-0.4222467253601425,-0.5052861397849864,-0.18097790867321242,-0.17717481674807173,1.7456117790295065,1.1939154669399505,-1.1772909342714197,-0.09972105409848263,1.3703523711320562,1.6943976781549,-0.18210587065310885,-0.5412996430278731,-0.13448561582809335,-0.1724323161688421,1.692519575311199
1731067832.46,-0.482115029746528,-0.46897306023079016,-0.10539889631426844,-0.17351929107607014,2.282039411499623,0.6428705055521089,-0.4491406578064781,-0.18097790867321242,-0.3686327716441284,1.7370132821605613,-0.37451332194942155,-1.2655796115265248,-0.09972105409848263,-0.14761929634779894,1.6940491171494099,1.4261368036056759,-0.43228372463646864,-0.13448561582809335,0.08013076011163509,1.6921721959874123
1731067832.96,-0.482115029746528,-0.34245370361130756,-0.10539889631426844,-0.25692224962597277,2.2813025702116088,-0.4222467253601425,-0.910781287407546,-0.18097790867321242,-0.3887862405805554,1.7412404577211447,-0.37451332194942155,-1.0222474034819664,-0.09972105409848263,-0.22460042686975668,1.6937005565328862,-0.4501463163628999,-0.5565111665243482,-0.13448561582809335,-0.19896974085048644,1.6918248168137984
1731067833.46,-0.482115029746528,-0.21593434699182482,-0.10539889631426844,2.7049520475949267,2.280565794159581,0.6428705055521089,-0.876470159531791,-0.18097790867321242,-0.2712243384513978,1.7273733613593865,-0.37451332194942155,-1.009327109249512,-0.09972105409848263,-0.17889288062234426,1.693351996305383,-0.4501463163628999,-0.39679016981136017,-0.13448561582809335,-0.23130269506030596,1.6914774377903603
1731067833.96,1.4837717346024528,0.28518153608926317,-0.10539889631426844,-0.18207344067093195,2.2798290833503443,-0.4222467253601425,-1.0137146710348113,-0.18097790867321242,2.026271120301282,1.740136116716675,-0.37451332194942155,-0.9748729912963,-0.09972105409848263,0.05686183160115145,1.693003436466893,-0.4501463163628999,-0.4829888029580522,-0.13448561582809335,-0.044930666548987704,1.691130058917105
1731067834.46,-0.482115029746528,-0.3300498451192014,-0.10539889631426844,-0.3373312558176737,2.2790924377907067,0.6428705055521089,-0.6019811365257507,-0.18097790867321242,-0.2745832499408023,1.7352445115071564,1.1939154669399505,-1.0373210800864965,-0.09972105409848263,-0.19573250292402253,1.6926548770174237,1.4261368036056759,-0.508341342118844,-0.13448561582809335,-0.2361831409787693,1.6907826801940427
1731067834.96,-0.482115029746528,-0.25314592246814327,-0.10539889631426844,-0.07514657073515939,2.2783558574874685,-0.4222467253601425,-0.23391631022219658,-0.18097790867321242,-0.4223753554746004,1.747917669390495,-1.7188808552831736,-1.0631616685514054,3.573059006625274,0.19157881001457758,1.6923063179570077,-0.4501463163628999,-0.2877742514199557,-0.13448561582809335,-0.08763456833554178,1.6904353016211833
1731067835.46,-0.482115029746528,0.007335105866085636,-0.10539889631426844,-0.23083209336164426,2.277619342447446,0.6428705055521089,-0.5177629135579882,-0.18097790867321242,-0.18389263972688075,1.7433042652458668,-0.15045206639380151,-0.9296519614827097,-0.09972105409848263,-0.16445891864947715,1.6919577592856252,-0.4501463163628999,-0.3536908532380143,-0.13448561582809335,-0.21056079990683685,1.6900879231985368
1731067835.96,1.4837717346024528,0.19587375494609885,-0.10539889631426844,-0.2778799161333842,2.276882892677452,-0.4222467253601425,0.1622212570706117,-0.18097790867321242,-0.06297182610831867,1.7358161198976212,1.1939154669399505,-1.015787256365739,-0.09972105409848263,-0.2510626904866797,1.6916092010033166,-0.18210587065310885,-0.05453089114067172,4.327393291580252,-0.14864014231633335,1.689740544926117
1731067836.46,-0.482115029746528,0.09664288700924993,-0.10539889631426844,-0.036652897558281335,2.276146508184274,0.8203900440374883,0.27139302758437783,-0.18097790867321242,-0.38206841760174637,1.7375120717769736,-0.37451332194942155,-0.9296519614827097,-0.09972105409848263,0.6173806882141566,1.691260643110068,-0.4501463163628999,-0.2827037435877974,-0.13448561582809335,-0.23130269506030596,1.6893931668039268
1731067836.96,-0.482115029746528,0.10904674550135608,-0.10539889631426844,-0.29199426296490616,2.2754101889747327,-0.4222467253601425,0.028095939010841838,-0.18097790867321242,-0.026023799724869033,1.7332791118243254,-0.15045206639380151,-0.8693572550645889,-0.09972105409848263,-0.2871475954188474,1.6909120856059132,-0.4501463163628999,-0.11537698512657196,-0.13448561582809335,-0.1425395849182542,1.6890457888319799
1731067837.46,-2.167160827759946,0.014777420961349326,4.74557083286513,-0.19490466506322465,2.2746739350556284,-0.4222467253601425,-0.2963001790872058,-0.18097790867321242,-0.11671440993879062,1.7298838074752843,-0.37451332194942155,-0.8026024015302411,-0.09972105409848263,-0.2823362747612251,1.6905635284908658,-0.4501463163628999,-0.3131267905807475,-0.13448561582809335,-0.11508707662689802,1.6886984110102765
1731067837.96,1.4837717346024528,0.07679671342188009,-0.10539889631426844,-0.23125980084138736,2.273937746433782,-0.4222467253601425,-0.0467647036271689,1.7125343850160237,-0.32832583377127433,1.7341001266448386,1.1939154669399505,-0.8004490191581654,-0.09972105409848263,-0.09710042944276415,1.6902149717649118,-0.4501463163628999,-0.3765081384827269,-0.13448561582809335,-0.1577909784134521,1.6883510333388398
1731067838.46,-0.201274063410965,0.33479697005768777,-0.10539889631426844,-0.1564109918863466,2.2732016231159977,0.6428705055521089,-0.3056577594169572,-0.18097790867321242,0.7532436658169758,1.7418353245706522,-0.15045206639380151,-0.6260250470200304,-0.09972105409848263,-0.21978910621213435,1.689866415428085,1.4261368036056759,-0.4576362637972604,-0.13448561582809335,-0.14558986361729379,1.6880036558176734
1731067838.96,-0.482115029746528,0.31743156816873913,-0.10539889631426844,-0.1521339170889157,2.27246556510908,-0.4222467253601425,-0.14969808725443412,-0.18097790867321242,-0.3652738601547239,1.724992274919335,-0.37451332194942155,-0.6066446056713489,-0.09972105409848263,-0.29195891607646973,1.6895178594803788,-0.18210587065310885,-0.480453549041973,-0.13448561582809335,-0.23435297375934555,1.687656278446784
1731067839.46,-0.201274063410965,0.2653353625018933,-0.10539889631426844,-0.295843630282594,2.2717295724198454,0.6428705055521089,0.00314239146483849,-0.18097790867321242,-0.39214515206995987,1.7372283084119153,-0.37451332194942155,-0.5958776938109702,-0.09972105409848263,-0.09228910878514178,1.6891693039218263,-0.4501463163628999,-0.4829888029580522,-0.13448561582809335,-0.14864014231633335,1.6873089012261882
1731067839.96,-0.482115029746528,-0.16383814132497898,-0.10539889631426844,0.6134624716512158,2.2709936450550945,-0.4222467253601425,0.28386980135737966,-0.18097790867321242,-0.24099413504675726,1.7294199005031585,1.1939154669399505,-0.901657990645725,-0.09972105409848263,-0.1235626930596871,1.6888207487524345,1.4261368036056759,-0.4500305020490229,-0.13448561582809335,-0.18585354244461624,1.6869615241558829
1731067840.46,1.4837717346024528,-0.2903574979444617,-0.10539889631426844,-0.29712675272182326,2.2702577830216475,0.6428705055521089,0.5302860833741658,-0.18097790867321242,-0.3484793027077014,1.7334927269396505,-0.37451332194942155,-0.4365273982773654,-0.09972105409848263,-0.18370420127996662,1.6884721939722032,-0.4501463163628999,-0.1584763016999177,-0.13448561582809335,-0.1425395849182542,1.6866141472358915
1731067840.96,-0.482115029746528,-0.26058823756340693,-0.10539889631426844,-0.10508609431717574,2.2695219863263096,-0.4222467253601425,0.9014701031209704,-0.18097790867321242,-0.43581100143221846,1.7352257056711538,-0.37451332194942155,-0.25779666139507923,-0.09972105409848263,-0.23181740785619023,1.6881236395811459,-0.4501463163628999,0.3358982119355212,-0.13448561582809335,-0.21483119008549226,1.6862667704662175
1731067841.46,-0.482115029746528,-0.05716495829286635,-0.10539889631426844,-0.26975347401826544,2.2687862549758973,0.6428705055521089,1.3880642802680416,-0.18097790867321242,-0.2712243384513978,1.7253420698811397,-0.15045206639380151,-0.6604791649732422,-0.09972105409848263,-0.15002495667661006,1.6877750855792824,-0.4501463163628999,-0.14326477820344263,-0.13448561582809335,0.049627973121239274,1.6859193938468744
1731067841.96,1.4837717346024528,0.10408520210451362,-0.10539889631426844,-0.12219439350689935,2.268050588977219,-0.4222467253601425,-0.05300309051366982,-0.18097790867321242,-0.2813010729196113,1.7345647248273475,1.1939154669399505,-0.6281784293921061,-0.09972105409848263,-0.20776080456807844,1.6874265319666264,-0.4501463163628999,-0.25228069659484725,4.327393291580252,-0.19530940641163894,1.6855720173778619
1731067842.46,-0.482115029746528,0.019738964358191786,-0.10539889631426844,-0.30140382751925415,2.2673149883370707,0.6428705055521089,-0.1341021200381818,-0.18097790867321242,-0.14694461334343126,1.7424075648315964,-0.37451332194942155,-0.5915709290668187,-0.09972105409848263,-0.3136098590357704,1.6870779787431844,-2.0583889906216846,-0.1001654616300969,4.471324869238586,-0.03577983045186896,1.6852246410591902
1731067842.96,-0.482115029746528,0.09168134361240747,-0.10539889631426844,-0.14357976749405388,2.2665794530622945,-0.4222467253601425,-0.47721339879573227,-0.18097790867321242,-0.23091740057854382,1.730505749563207,-0.37451332194942155,-0.34393195627810885,-0.09972105409848263,-0.09228910878514178,1.6867294259089631,-0.4501463163628999,0.016456218509545224,-0.13448561582809335,1.2910914036303482,1.6848772648908832
1731067843.46,-0.482115029746528,0.1834698964539927,-0.10539889631426844,0.014672000010889539,2.2658439831596824,0.6428705055521089,1.023118647407738,-0.18097790867321242,-0.1099965869599816,1.7322787848011305,-0.15045206639380151,-0.09413960111732295,-0.09972105409848263,-0.3208268400222039,1.686380873463976,-0.4501463163628999,-0.04185462156027584,-0.13448561582809335,-0.21910158026414767,1.684529888872937
1731067843.96,1.4837717346024528,1.079028479584056,-0.10539889631426844,-0.3142350519115468,2.265108578636055,-0.4222467253601425,-0.028049542967666125,-0.18097790867321242,-0.19061046270568974,1.7254674110745396,-0.37451332194942155,-0.7143137242751357,3.4582846297276566,-0.31842117969339273,1.686032321408243,1.4261368036056759,0.39927955983750063,-0.13448561582809335,0.30707149532017974,1.684182513005372
1731067844.46,-0.482115029746528,0.35216237194663635,-0.10539889631426844,-0.07942364553259029,2.2643732394982217,0.6428705055521089,0.1123141619786043,-0.18097790867321242,-0.4324520899428139,1.7256650069564545,-0.37451332194942155,-0.9059647553898765,-0.09972105409848263,-0.1235626930596871,1.6856837697417641,-0.4501463163628999,0.2370233092084333,-0.13448561582809335,0.8335495987744113,1.6838351372881817
1731067844.96,-0.201274063410965,0.26037381910505086,-0.10539889631426844,-0.30268694995848344,2.26363796575299,-0.4222467253601425,0.8390862342559612,-0.18097790867321242,-0.13686787887521765,1.7382604588307509,-0.37451332194942155,-0.5743438700902128,-0.09972105409848263,-0.2751192937747915,1.685335218464573,-0.4501463163628999,0.0037799489291493412,-0.13448561582809335,-0.2203216917437635,1.683487761721386
1731067845.46,-0.482115029746528,0.6821050078366597,-0.10539889631426844,-0.04948412195057405,2.2629027574071907,0.6428705055521089,0.9888075195319833,-0.18097790867321242,-0.3551971256865104,1.7211483788053898,-0.37451332194942155,-0.5011288694396376,-0.09972105409848263,-0.14521363601898768,1.6849866675766558,-0.4501463163628999,0.6629459671097347,-0.13448561582809335,0.7877954182888175,1.6831403863049952
1731067845.96,-0.201274063410965,0.5878356832966529,-0.10539889631426844,-0.24580185515265243,2.2621676144676233,-0.4222467253601425,0.4866173751686593,-0.18097790867321242,-0.3719916831335329,1.7348063311310098,1.1939154669399505,-0.7100069595309842,-0.09972105409848263,2.1161070730635223,1.684638117078033,-0.18210587065310885,0.30040465711041275,-0.13448561582809335,-0.18097309652615293,1.6827930110390226
1731067846.46,1.4837717346024528,0.3596046870419001,-0.10539889631426844,-0.28900031060670456,2.2614325369411086,0.8203900440374883,-0.8109670972235313,-0.18097790867321242,-0.08648420653415013,1.7308408036939753,-0.37451332194942155,-0.6389453412524848,-0.09972105409848263,-0.1981381632528337,1.684289566968718,1.4261368036056759,-0.24974544267876805,-0.13448561582809335,-0.21483119008549226,1.682445635923468
1731067846.96,-0.482115029746528,0.5630279663124407,-0.10539889631426844,0.4038858065771017,2.2606975248344603,-1.664883494757786,-0.8296822578830341,1.7125343850160237,-0.3719916831335329,1.723828940825976,-0.37451332194942155,-0.6131047527875761,-0.09972105409848263,-0.10672307075800888,1.6839410172487168,-0.4501463163628999,-0.9697575548452537,-0.13448561582809335,-0.05713178134514597,1.6820982609583421
1731067847.46,-0.482115029746528,1.0046053286314192,-0.10539889631426844,0.31406723583105256,2.259962578154486,0.6428705055521089,-0.22767792333569567,-0.18097790867321242,-0.3585560371759149,1.7264946571385702,-1.7188808552831736,-0.5958776938109702,3.573059006625274,-0.26068533180192444,1.6835924679180705,-0.4501463163628999,-0.41200169330783526,-0.13448561582809335,-0.20598538185827747,1.6817508861436545
1731067847.96,1.20293076826688,0.8880090588056215,-0.10539889631426844,1.0454470261917368,2.259227696908012,-0.4222467253601425,-0.6830801660502627,-0.18097790867321242,3.615036254789612,1.7252739806688213,1.1939154669399505,-0.3137846030690485,-0.09972105409848263,-0.1163457120732536,1.6832439189767383,1.4261368036056759,-0.640174545754961,-0.13448561582809335,-0.09068484703458136,1.6814035114794221
1731067848.46,-2.167160827759946,-0.2655497809602494,-0.10539889631426844,2.876035039492163,2.258492881101855,0.8203900440374883,-0.12162534626517997,-0.18097790867321242,-0.3719916831335329,1.7258393651700523,-0.37451332194942155,0.26762863739140097,-0.09972105409848263,-0.1812985409511555,1.6828953704247738,-0.4501463163628999,-0.45256575596510207,-0.13448561582809335,-0.2108658277767408,1.6810561369656551
1731067848.96,1.4837717346024528,-0.5334731243897421,-0.10539889631426844,0.3996087317796707,2.257758130742824,-0.599766263845522,0.6644114014339353,-0.18097790867321242,-0.3115312763242518,1.7144946088405517,-0.37451332194942155,-0.37407930948716894,-0.09972105409848263,-0.255874011144302,1.6825468222621638,-0.18210587065310885,-0.4728477872937355,-0.13448561582809335,-0.09983568313170012,1.6807087626023534
1731067849.46,-0.482115029746528,-0.729454088565019,-0.10539889631426844,0.9684596798379808,2.25702344583774,0.6428705055521089,0.5053325358281621,-0.18097790867321242,-0.2074050201527122,1.7295253551762373,-0.37451332194942155,-0.4989754870675619,-0.09972105409848263,-0.09950608977157527,1.6821982744889417,-0.4501463163628999,-0.20411087218934287,-0.13448561582809335,-0.22489710979232283,1.6803613883895305
1731067849.96,1.4837717346024528,-0.6798386545965945,-0.10539889631426844,0.014672000010889539,2.2562888263934067,-0.4222467253601425,-0.1278637331516809,-0.18097790867321242,-0.3115312763242518,1.7195766831160961,1.1939154669399505,-0.42145372167283524,-0.09972105409848263,-0.21738344588332317,1.681849727105114,1.4261368036056759,-0.7466552102302862,-0.13448561582809335,0.03437657962604136,1.68001401432719
1731067850.46,-0.201274063410965,-0.4788961470244751,-0.10539889631426844,-0.04092997235571224,2.2555542724166586,-0.599766263845522,-0.957569189056303,-0.18097790867321242,-0.23427631206794824,1.7215668684814065,-0.15045206639380151,-0.2405696024184733,-0.09972105409848263,0.6775221964344361,1.6815011801106876,-0.4501463163628999,-0.7010206397408612,-0.13448561582809335,-0.2288624721010743,1.6796666404153549
1731067850.96,-0.482115029746528,-0.3895883658813109,-0.10539889631426844,-0.1692422162786393,2.2548197839143094,0.6428705055521089,-1.0948137005593233,-0.18097790867321242,-0.33504365675008335,1.7288034299949586,-0.37451332194942155,-0.1716613665120496,-0.09972105409848263,-0.12596835338849835,1.6811526335056557,-0.4501463163628999,-0.363831868902331,-0.13448561582809335,-0.16389153581153126,1.679319266654029
1731067851.46,-0.482115029746528,-0.4540884300402628,-0.10539889631426844,-0.023821673165988613,2.2540853608931752,0.6428705055521089,-1.0698601530133196,-0.18097790867321242,-0.3048134533454428,1.7307873953194304,-0.37451332194942155,-0.8456700489717558,-0.09972105409848263,-0.29917589706290326,1.6808040872900583,-0.18210587065310885,-0.6097514987620108,-0.13448561582809335,-0.23923341967780887,1.6789718930432123
1731067851.96,1.4837717346024528,-0.43672302815131414,-0.10539889631426844,0.44237947975397973,2.2533510033600734,-0.4222467253601425,-1.1852703104135864,-0.18097790867321242,-0.23427631206794824,1.7271439710981076,-0.37451332194942155,-1.0394744624585723,-0.09972105409848263,-0.2823362747612251,1.6804555414638955,-0.4501463163628999,-0.32580306016114335,-0.13448561582809335,-0.07543345353938345,1.6786245195829281
1731067852.46,-0.482115029746528,-0.09189576207076357,-0.10539889631426844,-0.34845165029099406,2.2526167113218127,0.6428705055521089,-1.1041712808890747,-0.18097790867321242,0.649117409645436,1.7240877874792213,1.1939154669399505,-0.5075890165558649,-0.09972105409848263,-0.1379966550325542,1.6801069960271944,1.4261368036056759,-0.46270677162941876,-0.13448561582809335,-0.19439432280192706,1.6782771462731765
1731067852.96,-0.482115029746528,-0.3995114526749957,-0.10539889631426844,-0.07514657073515939,2.2518824847852357,-0.4222467253601425,-1.1353632153215794,-0.18097790867321242,-0.13015005589640863,1.722367594871144,-0.15045206639380151,-0.9404188733430884,-0.09972105409848263,-0.25346835081549085,1.679758450979941,-0.4501463163628999,-0.5362291351957148,-0.13448561582809335,-0.24014850328752074,1.6779297731139746
1731067853.46,-0.482115029746528,-0.3027613564365679,-0.10539889631426844,2.0719449775751535,2.2511483237571377,0.6428705055521089,-0.9201388677372975,-0.18097790867321242,-0.22084066611033024,1.722641729742073,-0.37451332194942155,-1.1794443166434951,-0.09972105409848263,-0.13318533437493182,1.679409906322149,-0.4501463163628999,-0.480453549041973,-0.13448561582809335,-0.1608412571124917,1.6775824001053252
1731067853.96,1.4837717346024528,-0.3052421281349891,-0.10539889631426844,-0.12219439350689935,2.2504142282443538,-0.4222467253601425,-0.6238154906285039,-0.18097790867321242,-0.3686327716441284,1.722635078185302,1.1939154669399505,-1.1191496102253744,-0.09972105409848263,-0.2775249541036027,1.6790613620538517,-0.4501463163628999,-0.508341342118844,-0.13448561582809335,-0.16389153581153126,1.6772350272472456
1731067854.46,-0.482115029746528,-0.2729920960555131,-0.10539889631426844,-0.25136205238931264,2.2496801982537002,0.6428705055521089,-0.9949995103753085,-0.18097790867321242,-0.03610053419308262,1.7197054957245537,-0.37451332194942155,-1.1105360807370714,-0.09972105409848263,-0.1596475979918548,1.6787128181750426,1.4261368036056759,-0.597075229181615,-0.13448561582809335,-0.1788379014368252,1.6768876545397358
1731067854.96,-0.482115029746528,-0.2903574979444617,-0.10539889631426844,-0.32450003142538103,2.248946233791982,-0.4222467253601425,-1.0168338644780617,-0.18097790867321242,-0.25107086951497076,1.7302149109710054,-0.37451332194942155,-1.050241374318951,-0.09972105409848263,0.6630882344615688,1.6783642746857619,-0.4501463163628999,-0.47031253337765627,-0.13448561582809335,0.33025361343288057,1.6765402819828021
1731067855.46,-0.482115029746528,0.09912365870767116,-0.10539889631426844,-0.1564109918863466,2.2482123348660457,0.6428705055521089,-0.34932646762246367,-0.18097790867321242,-0.4055807980275779,1.7317212439077383,-0.37451332194942155,-1.231125493573313,-0.09972105409848263,-0.2775249541036027,1.6780157315859756,-0.4501463163628999,-0.1660820634481552,-0.13448561582809335,-0.20018985233010225,1.6761929095764718
1731067855.96,1.4837717346024528,-0.28539595454761923,-0.10539889631426844,-0.258205372065202,2.247478501482696,-0.4222467253601425,-0.10914857249217813,-0.18097790867321242,-0.032741622703678044,1.718168812550737,1.1939154669399505,-1.116996227853299,-0.09972105409848263,0.08091843488926329,1.6776671888757244,1.4261368036056759,-0.4677772794615771,-0.13448561582809335,-0.1028859618307397,1.6758455373207448
1731067856.46,-0.201274063410965,-0.16879968472182144,-0.10539889631426844,-0.02809874796341952,2.2467447336487623,0.6428705055521089,0.5458820505904185,-0.18097790867321242,-0.4122986210063869,1.7107668315910507,-0.37451332194942155,-1.114842845481223,-0.09972105409848263,-0.27030797311716914,1.6773186465550147,-0.4501463163628999,-0.42214270897215195,-0.13448561582809335,-0.24350380985646428,1.6754981652156344
1731067856.96,-2.167160827759946,0.27773922099399945,4.74557083286513,-0.2924219704446493,2.2460110313710575,-0.599766263845522,0.15910206362736123,-0.18097790867321242,0.25612476538510914,1.7119697871875932,-0.15045206639380151,-1.0846954922721628,-0.09972105409848263,-0.2871475954188474,1.6769701046238468,-0.18210587065310885,0.4398436224947675,-0.13448561582809335,-0.14558986361729379,1.6751507932611343
1731067857.46,-0.482115029746528,0.12641214739030468,-0.10539889631426844,-0.10080901951974483,2.2452773946563993,0.6428705055521089,0.09359900131910152,-0.18097790867321242,-0.24435304653616183,1.7205061140484712,-0.37451332194942155,-1.108382698364996,-0.09972105409848263,-0.14761929634779894,1.6766215630822736,-0.4501463163628999,-0.06974241463714678,-0.13448561582809335,-0.18310829161548065,1.6748034214572676
1731067857.96,1.4837717346024528,-0.18616508661077005,-0.10539889631426844,-0.1478568422914848,2.244543823511626,-0.4222467253601425,1.0449530015104915,-0.18097790867321242,-0.32832583377127433,1.7275374259844347,1.1939154669399505,-0.71216034190306,-0.09972105409848263,-0.2871475954188474,1.6762730219302489,-0.18210587065310885,-0.07734817638538431,-0.13448561582809335,-0.2026300752893339,1.674456049804041
1731067858.46,-0.201274063410965,0.05198899643766778,-0.10539889631426844,-0.25734995710571584,2.243810317943555,-0.4222467253601425,1.2009126736730147,1.7125343850160237,-0.1032787639811726,1.728616818634332,-0.37451332194942155,-0.5075890165558649,-0.09972105409848263,-0.2366287285138126,1.6759244811678258,1.4261368036056759,-0.12298274687480949,-0.13448561582809335,-0.05103122394706687,1.6741086783014718
1731067858.96,-0.482115029746528,0.6002395417887592,-0.10539889631426844,-0.18207344067093195,2.2430768779590022,-0.4222467253601425,-0.22767792333569567,-0.18097790867321242,-0.4626822933474544,1.713829949178657,-0.37451332194942155,-0.4042266626962293,-0.09972105409848263,-0.1812985409511555,1.675575940794998,-0.4501463163628999,-0.26242171225916394,-0.13448561582809335,-0.2331328622797297,1.6737613069495596
1731067859.46,-0.201274063410965,0.7143550399161357,-0.10539889631426844,-0.23125980084138736,2.242343503564799,-1.664883494757786,-0.28382340531420397,3.6060466787052596,-0.09991985249176816,1.7112168966359278,-0.37451332194942155,-0.3611590152547145,-0.09972105409848263,-0.2799306144324139,1.6752274008117782,-0.18210587065310885,0.018991472425624403,-0.13448561582809335,0.0618290879173976,1.6734139357483147
1731067859.96,1.4837717346024528,0.6101626285824441,-0.10539889631426844,-0.3065363172761712,2.241610194767758,-0.4222467253601425,0.24332028659512334,-0.18097790867321242,-0.11671440993879062,1.7198704028658593,1.1939154669399505,-0.852130196087983,-0.09972105409848263,0.9902580391798896,1.6748788612182006,1.4261368036056759,-0.22439290351797628,-0.13448561582809335,-0.1910390162329835,1.673066564697747
1731067860.46,-0.201274063410965,0.2901430794861056,-0.10539889631426844,-0.19490466506322465,2.240876951574713,0.8203900440374883,-0.2495122774384489,-0.18097790867321242,-0.34176147972889237,1.7210833405922379,-0.37451332194942155,-0.910271520134028,-0.09972105409848263,-0.2486570301578685,1.674530322014238,-0.4501463163628999,-0.5362291351957148,-0.13448561582809335,-0.1971395736310627,1.67271919379787
1731067860.96,-0.482115029746528,-0.05468418659444512,-0.10539889631426844,0.3354526098182072,2.2401437739924943,-0.4222467253601425,0.2526778669248751,-0.18097790867321242,-0.11671440993879062,1.7097272076268193,-0.37451332194942155,-0.4472943101377441,-0.09972105409848263,-0.23903438884262376,1.674181783199937,-0.4501463163628999,-0.5438348969439523,-0.13448561582809335,-0.07848373223842303,1.6723718230486941
1731067861.46,-0.201274063410965,-0.14895351113445188,-0.10539889631426844,-0.0837007203300212,2.23941066202791,0.6428705055521089,0.08112222754609968,-0.18097790867321242,-0.15030352483283568,1.7241434238376145,-0.37451332194942155,-0.48605519283510745,-0.09972105409848263,-0.25827967147311326,1.6738332447752782,-0.18210587065310885,-0.17115257128031358,-0.13448561582809335,0.3668569578213555,1.6720244524502257
1731067861.96,-0.482115029746528,0.009815877564506865,-0.10539889631426844,-0.10936316911460664,2.2386776156878,-0.4222467253601425,0.7361528506286963,-0.18097790867321242,3.0104321866968013,1.7178987844066873,1.1939154669399505,-0.5829573995785158,-0.09972105409848263,-0.10191175010038651,1.6734847067402945,-0.4501463163628999,-0.2548159505109264,-0.13448561582809335,-0.16389153581153126,1.6716770820024747
1731067862.46,1.4837717346024528,0.0371043662471404,-0.10539889631426844,-0.3334818884999859,2.237944634978967,0.6428705055521089,0.770463978504451,-0.18097790867321242,1.0857759032680212,1.7089583207220294,-0.37451332194942155,-0.4516010748818956,-0.09972105409848263,-0.2342230681850014,1.6731361690950062,-0.4501463163628999,-0.2015756182732637,4.327393291580252,-0.21147588351654872,1.6713297117054415
1731067862.96,-0.482115029746528,-0.08693421867392111,-0.10539889631426844,-0.01954459836855771,2.237211719908263,-0.4222467253601425,0.340015283335888,-0.18097790867321242,0.4173525168765253,1.707964295696162,-0.15045206639380151,-0.1285937190705348,-0.09972105409848263,-0.214977785554512,1.6727876318393997,-0.4501463163628999,-0.2015756182732637,-0.13448561582809335,0.11063354710203084,1.6709823415591532
1731067863.46,-0.482115029746528,0.007335105866085636,-0.10539889631426844,-0.22056711384781008,2.2364788704825016,0.6428705055521089,-0.4896901725687341,-0.18097790867321242,0.3602510215566488,1.7088466085063734,-0.37451332194942155,-0.4257604864169867,-0.09972105409848263,-0.2823362747612251,1.6724390949735022,-0.4501463163628999,-0.03171360589595913,-0.13448561582809335,-0.194699350671831,1.670634971563609
1731067863.96,1.4837717346024528,-0.005068752626020515,-0.10539889631426844,0.14298424393381662,2.2357460867085077,-0.4222467253601425,-0.16529405447068643,-0.18097790867321242,1.1731076019925386,1.7204941918110754,1.1939154669399505,-0.5183559284162436,-0.09972105409848263,-0.15002495667661006,1.6720905584973131,-0.4501463163628999,0.25477008662098755,-0.13448561582809335,0.09233187490779342,1.6702876017188197
1731067864.46,-0.482115029746528,-0.03979955640391774,-0.10539889631426844,-0.12647146830433026,2.235013368593116,-0.4222467253601425,-0.502166946341736,1.7125343850160237,0.5550678879421098,1.7178621183876672,-0.37451332194942155,-0.7229272537634387,-0.09972105409848263,0.7809655905733168,1.6717420224108595,1.4261368036056759,-0.12298274687480949,-0.13448561582809335,-0.14558986361729379,1.6699402320247987
1731067864.96,-0.482115029746528,0.019738964358191786,-0.10539889631426844,-0.26675952166006384,2.2342807161431386,-0.4222467253601425,0.680007368650188,-0.18097790867321242,0.6188872062407955,1.7098546283234173,-0.37451332194942155,-0.8564369608321345,-0.09972105409848263,-0.26790231278835797,1.6713934867141547,-0.4501463163628999,-0.04185462156027584,-0.13448561582809335,-0.23435297375934555,1.6695928624815424
1731067865.46,-0.482115029746528,0.2702969058987358,-0.10539889631426844,-0.0879777951274521,2.233548129365424,0.6428705055521089,1.0761449359429962,-0.18097790867321242,0.7062189049653125,1.705436676434438,-0.15045206639380151,-0.7961422544140139,-0.09972105409848263,0.04483352995709559,1.671044951407192,-0.4501463163628999,0.2826578796978585,-0.13448561582809335,0.06487936661643719,1.6692454930890777
1731067865.96,1.4837717346024528,0.44147015308980064,-0.10539889631426844,-0.30995797711411593,2.23281560826678,-0.4222467253601425,0.06864545377309783,-0.18097790867321242,0.749884754327571,1.7207724821014458,1.1939154669399505,-0.5291228402766223,-0.09972105409848263,-0.15483627733423241,1.6706964164899911,1.4261368036056759,0.3308277041033629,-0.13448561582809335,-0.12423791272401677,1.6688981238474045
1731067866.46,-0.201274063410965,0.26285459080347207,-0.10539889631426844,-0.0837007203300212,2.2320831528540497,0.6428705055521089,0.9482580047697277,-0.18097790867321242,1.7609171126383267,1.716441501123458,-0.37451332194942155,-0.23410945530224608,-0.09972105409848263,-0.26068533180192444,1.6703478819625728,-0.4501463163628999,0.12040162906879147,-0.13448561582809335,-0.044930666548987704,1.6685507547565368
1731067866.96,-0.482115029746528,0.5803933682013893,-0.10539889631426844,-0.27616908621441183,2.23135076313405,-0.4222467253601425,0.3431344767791381,-0.18097790867321242,0.24268911942749113,1.7104946451170988,-0.37451332194942155,-0.7164671066472115,-0.09972105409848263,-0.19573250292402253,1.66999934782493,-0.4501463163628999,1.0660513397663236,-0.13448561582809335,-0.017478158257631465,1.6682033858164806
1731067867.46,-0.482115029746528,0.6548165191540262,-0.10539889631426844,-0.16496514148120842,2.2306184391136075,-0.599766263845522,-0.8858277398615424,-0.18097790867321242,0.5852980913467506,1.715565341064963,-0.37451332194942155,-0.4946687223234104,-0.09972105409848263,-0.308798538378148,1.6696508140771094,-0.4501463163628999,0.5995646192077553,-0.13448561582809335,-0.20293510315923788,1.6678560170272365
1731067867.96,1.4837717346024528,0.3323161983592665,-0.10539889631426844,-0.338614378256903,2.229886180799564,0.8203900440374883,0.043691906227094145,-0.18097790867321242,0.8439342760308972,1.703159205038108,1.1939154669399505,-0.3869996037196234,-0.09972105409848263,-0.2799306144324139,1.6693022807190778,-0.4501463163628999,-0.8784884138664033,-0.13448561582809335,-0.0022267647624335555,1.6675086483888346
1731067868.46,-0.482115029746528,0.8582397984245668,-0.10539889631426844,-0.053761196748004954,2.229153988198741,0.6428705055521089,-0.9544499956130525,-0.18097790867321242,-0.33504365675008335,1.7116230688758047,-0.37451332194942155,-0.6927799005543783,-0.09972105409848263,-0.1981381632528337,1.6689537477508751,1.4261368036056759,-0.508341342118844,-0.13448561582809335,-0.22367699831270704,1.6671612799012714
1731067868.96,-0.201274063410965,0.8259897663450908,-0.10539889631426844,-0.26034390946391744,2.2284218613179743,-0.4222467253601425,-0.4491406578064781,-0.18097790867321242,0.9782907356070774,1.7078533939038065,-0.15045206639380151,-0.48605519283510745,-0.09972105409848263,0.9204938896443653,1.6686052151725081,-0.4501463163628999,-0.3866491541470435,-0.13448561582809335,-0.00832732216051272,1.6668139115645673
1731067869.46,-0.482115029746528,0.0941621153108287,-0.10539889631426844,2.6792895988103416,2.227689800164084,-0.4222467253601425,-0.22143953644919473,-0.18097790867321242,-0.22755848908913923,1.7119058294659464,-0.37451332194942155,-0.5635769582298341,-0.09972105409848263,-0.16445891864947715,1.6682566829839836,-2.0583889906216846,-0.7035558936569403,4.471324869238586,-0.2245920819224189,1.6664665433787085
1731067869.96,-0.482115029746528,-0.6451078508186974,-0.10539889631426844,-0.25991620198417437,2.2269578047439005,0.6428705055521089,0.12167174230835569,-0.18097790867321242,-0.37535059462293735,1.7071339919720512,1.1939154669399505,-0.46452136911435005,-0.09972105409848263,-0.27030797311716914,1.667908151185328,1.4261368036056759,-0.5920047213494567,-0.13448561582809335,-0.07848373223842303,1.6661191753437223
1731067870.46,-0.482115029746528,-0.6823194262950159,4.593978028828273,-0.3236446164658948,2.2262258750642627,-0.4222467253601425,0.059287873443346455,-0.18097790867321242,0.11169157134071549,1.7046982933120043,-0.37451332194942155,-0.43222063353321394,-0.09972105409848263,-0.1596475979918548,1.6675596197765283,-0.4501463163628999,-0.7086264014890986,-0.13448561582809335,0.45836531879254283,1.6657718074596186
1731067870.96,-0.201274063410965,0.6052010851856016,-0.10539889631426844,-0.06231534634286677,2.2254940111320045,0.6428705055521089,0.028095939010841838,-0.18097790867321242,1.1663897790137294,1.7064675741928241,-0.37451332194942155,0.317156431949143,-0.09972105409848263,3.342993840757224,1.6672110887576177,-0.4501463163628999,0.6071703809559928,-0.13448561582809335,2.791828523557821,1.6654244397264075
1731067871.46,-0.482115029746528,-0.6029347319455365,-0.10539889631426844,-0.2714643039372378,2.2247622129539435,0.8203900440374883,0.6924841424231898,-0.18097790867321242,-0.35183821419710587,1.7171275002930244,-0.37451332194942155,0.11689187134609938,-0.09972105409848263,-0.255874011144302,1.666862558128596,-2.0583889906216846,-0.44495999421686455,4.471324869238586,0.6596837129291552,1.6650770721440957
1731067871.96,1.4837717346024528,-0.5359538960881634,-0.10539889631426844,-0.10936316911460664,2.2240304805369226,-0.4222467253601425,-1.3505875629058608,-0.18097790867321242,-0.2813010729196113,1.7117240763523829,1.1939154669399505,0.22025422520573468,-0.09972105409848263,-0.1307796740461207,1.6665140278894706,1.4261368036056759,-0.5869342135172982,-0.13448561582809335,-0.07238317484034387,1.6647297047126866
1731067872.46,-0.482115029746528,-0.19608817340445497,-0.10539889631426844,-0.30995797711411593,2.223298813887763,0.6428705055521089,-0.24015469710869752,-0.18097790867321242,-0.3048134533454428,1.717115674046944,-0.37451332194942155,-0.02738474758297523,-0.09972105409848263,-0.024930619578428657,1.6661654980402876,-0.18210587065310885,-0.2548159505109264,-0.13448561582809335,0.595627860249324,1.6643823374321904
1731067872.96,-0.201274063410965,-0.3722229639923623,-0.10539889631426844,-0.11791731870946845,2.2225672130133085,-0.4222467253601425,-0.43354469059022577,-0.18097790867321242,-0.44588773590043196,1.7143350893645393,-0.37451332194942155,-0.6561724002290907,-0.09972105409848263,-0.23181740785619023,1.6658169685810071,-0.4501463163628999,-0.6528508153353569,-0.13448561582809335,-0.12423791272401677,1.6640349703026236
1731067873.46,-0.482115029746528,-0.33253061681762264,-0.10539889631426844,-0.3343373034594721,2.2218356779203923,0.6428705055521089,-1.2944420809273525,-0.18097790867321242,-0.2712243384513978,1.7014612809519225,-0.37451332194942155,-1.3344878474329485,-0.09972105409848263,-0.16445891864947715,1.665468439511676,-0.4501463163628999,-0.6072162448459317,-0.13448561582809335,-0.2608903984409899,1.6636876033240036
1731067873.96,-0.482115029746528,-0.35981910550025614,-0.10539889631426844,-0.10936316911460664,2.221104208615832,-0.4222467253601425,-0.8047287103370304,-0.18097790867321242,-0.2980956303666338,1.6968535697295242,1.1939154669399505,-0.8973512259015736,-0.09972105409848263,1.5050693495454825,1.6651199108322874,-0.4501463163628999,-0.7339789406498904,-0.13448561582809335,-0.06628261744226471,1.6633402364963197
1731067874.46,1.4837717346024528,-0.2878767262460405,-0.10539889631426844,-0.23938624295650607,2.22037280510648,0.6428705055521089,-0.5177629135579882,-0.18097790867321242,-0.24099413504675726,1.7042014420702127,-0.15045206639380151,-1.1923646108759496,-0.09972105409848263,-0.30639287804933685,1.664771382542875,1.4261368036056759,-0.3131267905807475,-0.13448561582809335,-0.209340688427221,1.6629928698195957
1731067874.96,-0.482115029746528,-0.46153074513552644,-0.10539889631426844,-0.12219439350689935,2.2196414673991476,-0.4222467253601425,-0.8608741923155386,-0.18097790867321242,-0.32832583377127433,1.7070738489735229,-0.37451332194942155,-0.9361121085989369,-0.09972105409848263,-0.07544948648346345,1.6644228546434385,-0.4501463163628999,0.8556252647317519,-0.13448561582809335,-0.07238317484034387,1.6626455032938317
1731067875.46,-0.482115029746528,-0.3052421281349891,-0.10539889631426844,-0.26034390946391744,2.2189101955006922,0.6428705055521089,-0.4803325922389827,-0.18097790867321242,-0.1939693741950942,1.7072593927738167,-0.37451332194942155,-0.720773871391363,-0.09972105409848263,-0.2823362747612251,1.6640743271339782,-0.4501463163628999,-0.22946341135013465,-0.13448561582809335,-0.21940660813405163,1.6622981369190477
1731067875.96,1.4837717346024528,-0.36726142059551986,-0.10539889631426844,-0.32578315386461026,2.2181789894179347,-0.4222467253601425,-0.698676133266515,-0.18097790867321242,2.506595463286126,1.701450512527196,1.1939154669399505,-0.8370565194834528,-0.09972105409848263,-0.24384570950024614,1.6637258000145205,-0.4501463163628999,-0.5717226900208232,4.327393291580252,-0.14558986361729379,1.6619507706952472
1731067876.46,-0.482115029746528,-0.05468418659444512,-0.10539889631426844,-0.07942364553259029,2.2174478491577134,0.6428705055521089,-0.957569189056303,-0.18097790867321242,-0.38542732909115085,1.7027444876524598,-0.37451332194942155,-1.1320699044578288,-0.09972105409848263,-0.17648722029353311,1.6633772732850725,-0.4501463163628999,-0.4905945647062897,-0.13448561582809335,-0.20781554907770122,1.6616034046224437
1731067876.96,-0.482115029746528,-0.250665150769722,-0.10539889631426844,-0.2885726031269614,2.216716774726868,-0.4222467253601425,-0.739225648028771,-0.18097790867321242,-0.11671440993879062,1.7079500621647035,-0.37451332194942155,-1.196671375620101,-0.09972105409848263,-0.2847419350900362,1.6630287469456406,-0.4501463163628999,-0.45510100988118124,-0.13448561582809335,-0.1394893062192146,1.661256038700637
1731067877.46,-0.482115029746528,-0.10926116395971218,-0.10539889631426844,-0.092254869924883,2.2159857661322144,0.6428705055521089,-0.5895043627527489,-0.18097790867321242,0.20910000453344607,1.71085114699107,-0.37451332194942155,-0.9770263736683757,-0.09972105409848263,-0.25346835081549085,1.6626802209962515,-0.4501463163628999,-0.3841139002309643,-0.13448561582809335,-0.16907700959989855,1.6609086729298472
1731067877.96,1.4837717346024528,0.1586621794697804,-0.10539889631426844,-0.3215060790671794,2.2152548233806137,-0.4222467253601425,-0.3929951758279698,-0.18097790867321242,-0.0277032554695714,1.7103285638332604,1.1939154669399505,-1.0739285804117842,-0.09972105409848263,-0.21738344588332317,1.6623316954369054,1.4261368036056759,0.06969655074720794,-0.13448561582809335,-0.17700773421740146,1.660561307310075
1731067878.46,-0.482115029746528,-0.07701113188023619,-0.10539889631426844,-0.01954459836855771,2.214523946478887,-0.4222467253601425,0.024976745567591375,1.7125343850160237,-0.2645065154725888,1.7087444357678006,-1.7188808552831736,-1.1579104929227377,3.573059006625274,1.4569561429692586,1.6619831702676087,-0.4501463163628999,-0.11791223904265115,-0.13448561582809335,-0.12728819142305636,1.6602139418413362
1731067878.96,-0.201274063410965,-0.09685730546760603,-0.10539889631426844,-0.26119932442340366,2.2137931354338733,-1.664883494757786,-0.12162534626517997,1.7125343850160237,-0.2712243384513978,1.7151481980633358,-0.37451332194942155,-0.8736640198087404,-0.09972105409848263,-0.14521363601898768,1.6616346454883886,-0.4501463163628999,-0.2446749348466097,-0.13448561582809335,-0.23130269506030596,1.659866576523645
1731067879.46,-0.201274063410965,0.1437775492792533,-0.10539889631426844,-0.1478568422914848,2.2130623902524156,0.8203900440374883,-0.10914857249217813,-0.18097790867321242,-0.18725155121628517,1.6978087065704952,-0.15045206639380151,-0.703546812414757,-0.09972105409848263,-0.2775249541036027,1.6612861210992447,-0.18210587065310885,-0.3460850914897768,-0.13448561582809335,-0.03577983045186896,1.6595192113570045
1731067879.96,-0.482115029746528,0.4687586417724339,-0.10539889631426844,-0.2543560047475142,2.2123317109413265,-0.599766263845522,0.43982947351990276,-0.18097790867321242,-0.11671440993879062,1.6936993741741486,1.1939154669399505,-0.8004490191581654,-0.09972105409848263,-0.18370420127996662,1.6609375971002036,1.4261368036056759,0.0950490899079997,-0.13448561582809335,-0.1977496293708706,1.659171846341415
1731067880.46,1.4837717346024528,0.27773922099399945,-0.10539889631426844,-0.286434065728246,2.2116010975074794,0.6428705055521089,-0.8109670972235313,-0.18097790867321242,0.23597129644868212,1.6973304551934303,-0.37451332194942155,-0.9813331384125272,-0.09972105409848263,-0.02252495924961753,1.6605890734912592,-5.542914784849045,-0.47538304120981467,9.508930087280266,0.15638772758762456,1.6588244814769062
1731067880.96,-0.482115029746528,0.3199123398671604,-0.10539889631426844,-0.21201296425294827,2.210870549957687,-1.664883494757786,0.39304157187114547,1.7125343850160237,2.1942166947715074,1.6991366509053694,-0.37451332194942155,-0.8155226957626955,-0.09972105409848263,-0.2847419350900362,1.6602405502724311,1.4261368036056759,-0.25988645834308477,-0.13448561582809335,-0.1028859618307397,1.6584771167634718
1731067881.46,-0.482115029746528,0.208277613438205,-0.10539889631426844,-0.2688980590587793,2.210140068298801,0.6428705055521089,-0.15593647414093506,-0.18097790867321242,-0.46940011632626344,1.690189781766328,-0.37451332194942155,-0.423607104044911,-0.09972105409848263,-0.11273722158003681,1.6598920274437194,-0.4501463163628999,-0.4196074550560728,-0.13448561582809335,-0.2252021376622268,1.6581297522011318
1731067881.96,1.4837717346024528,0.6920280946303446,-0.10539889631426844,0.3268984602233454,2.209409652537647,-0.4222467253601425,-0.1278637331516809,-0.18097790867321242,-0.41901644398519594,1.701295344503185,1.1939154669399505,-0.4451409277656684,-0.09972105409848263,0.05926749192996258,1.6595435050051441,-0.4501463163628999,-0.5666521821886649,-0.13448561582809335,-0.09068484703458136,1.6577823877898863
1731067882.46,-0.482115029746528,0.12641214739030468,-0.10539889631426844,-0.16496514148120842,2.2086793026810643,0.8203900440374883,0.3337768964493871,-0.18097790867321242,-0.24771195802556628,1.7011785159337067,-0.15045206639380151,-0.44944769250981986,-0.09972105409848263,0.184361829028144,1.6591949829567523,1.4261368036056759,-0.3917196619792018,-0.13448561582809335,-0.22428705405251492,1.6574350235297488
1731067882.96,-0.201274063410965,0.30006616627979055,-0.10539889631426844,0.5920770976640614,2.2079490187358997,-0.599766263845522,0.5334052768174166,-0.18097790867321242,-0.28801889589842034,1.7136824820630274,-0.37451332194942155,-0.7595347540887263,-0.09972105409848263,-0.25827967147311326,1.6588464612984901,-0.4501463163628999,-0.15340579386775935,-0.13448561582809335,-0.11173177005795444,1.6570876594207327
1731067883.46,-0.482115029746528,-0.18368431491234882,-0.10539889631426844,-0.006713373976264991,2.207218800708996,0.6428705055521089,0.6612922079906852,-0.18097790867321242,-0.20404610866330777,1.6970655478030245,-0.37451332194942155,-0.8004490191581654,-0.09972105409848263,0.5331825767057651,1.658497940030418,-0.18210587065310885,0.10011959774015806,-0.13448561582809335,0.001128541806509951,1.6567402954628445
1731067883.96,1.4837717346024528,-0.1340688809439245,-0.10539889631426844,-0.12219439350689935,2.2064886486071886,-1.664883494757786,0.8234902670397092,1.7125343850160237,-0.3551971256865104,1.6992709385239357,1.1939154669399505,-0.6410987236245606,-0.09972105409848263,-0.13318533437493182,1.6581494191525223,-0.4501463163628999,-0.2649569661752431,-0.13448561582809335,0.11368382580107042,1.6563929316560948
1731067884.46,-0.482115029746528,0.25293150400978714,-0.10539889631426844,0.6776185936126793,2.205758562437307,-0.4222467253601425,-0.28382340531420397,-0.18097790867321242,-0.12343223291759962,1.6878720595997885,-0.15045206639380151,-0.6087979880434247,-0.09972105409848263,-0.33044948133744867,1.6578008986648234,1.4261368036056759,-0.24213968093053054,-0.13448561582809335,-0.005277043461473137,1.6560455680004866
1731067884.96,-0.482115029746528,0.19587375494609885,-0.10539889631426844,-0.10508609431717574,2.2050285422061937,0.6428705055521089,-0.41482952993072303,-0.18097790867321242,0.6961421704970989,1.6876726786026217,-0.37451332194942155,-0.3719259271150932,-0.09972105409848263,0.16992786705527688,1.6574523785673545,-0.4501463163628999,-0.06213665288890925,-0.13448561582809335,0.47666699098678034,1.6556982044960367
1731067885.46,-0.482115029746528,0.18595066815241393,-0.10539889631426844,-0.2727474263764671,2.204298587920701,0.8203900440374883,0.16534045051386215,-0.18097790867321242,1.634957931785658,1.7027675951486452,-0.37451332194942155,-0.589417546694743,-0.09972105409848263,-0.1379966550325542,1.6571038588600822,-0.4501463163628999,-0.021572590231642427,-0.13448561582809335,-0.12423791272401677,1.6553508411427487
1731067885.96,-0.482115029746528,0.337277741756109,-0.10539889631426844,-0.11834502618921149,2.203568699587672,-0.4222467253601425,-0.1840092151301892,-0.18097790867321242,2.5737736930742163,1.697834887318985,-0.37451332194942155,-0.9662594618079972,-0.09972105409848263,-0.08747778812751941,1.6567553395430534,-0.4501463163628999,-0.1458000321195218,-0.13448561582809335,-0.20659543759808538,1.6550034779406493
1731067886.46,1.4837717346024528,0.18595066815241393,-0.10539889631426844,0.03605737399804407,2.202838877213941,0.6428705055521089,0.19653238494636677,-0.18097790867321242,1.5996893611469105,1.6982052999991322,1.1939154669399505,-0.9468790204593156,-0.09972105409848263,-0.2751192937747915,1.6564068206162612,1.4261368036056759,-0.05199563722459255,-0.13448561582809335,-0.0113776008595523,1.654656114889725
1731067886.96,-0.482115029746528,0.34968160024821515,-0.10539889631426844,-0.18207344067093195,2.202109120806338,-0.4222467253601425,0.43982947351990276,-0.18097790867321242,0.6256050292196044,1.6993481987351358,-0.37451332194942155,-0.8155226957626955,-0.09972105409848263,-0.23903438884262376,1.6560583020797326,-0.4501463163628999,0.5488595408861718,-0.13448561582809335,-0.16694181451057086,1.6543087519899995
1731067887.46,-0.482115029746528,0.3720085455340062,-0.10539889631426844,-0.12647146830433026,2.2013794303717105,0.6428705055521089,0.24955867348162425,-0.18097790867321242,0.6457584981560316,1.6978531442372522,-0.37451332194942155,-0.852130196087983,-0.09972105409848263,-0.09228910878514178,1.655709783933481,-0.4501463163628999,0.52350700172538,-0.13448561582809335,-0.07848373223842303,1.6539613892414695
1731067887.96,1.4837717346024528,0.4588355549787493,-0.10539889631426844,-0.1478568422914848,2.2006498059169144,-0.4222467253601425,0.9014701031209704,-0.18097790867321242,0.6659119670924585,1.6846897021227492,-0.15045206639380151,-0.84351666659968,-0.09972105409848263,-0.2751192937747915,1.6553612661774992,1.4261368036056759,0.31054567277472944,-0.13448561582809335,-0.16389153581153126,1.653614026644162
1731067888.46,-0.201274063410965,0.20579684173978377,-0.10539889631426844,-0.2552114197070004,2.1999202474487793,0.6428705055521089,1.353753152392287,-0.18097790867321242,0.4106346938977163,1.7062480152415611,1.1939154669399505,-0.7250806361355144,-0.09972105409848263,1.0576165283866026,1.6550127488118078,-0.18210587065310885,0.7060452836830807,-0.13448561582809335,-0.22764236062145846,1.6532666641980764
1731067888.96,-0.482115029746528,0.7366819852019267,-0.10539889631426844,-0.11364024391203754,2.1991907549741536,-0.4222467253601425,-0.8951853201912937,-0.18097790867321242,-0.14694461334343126,1.69065188920066,-0.37451332194942155,-0.6131047527875761,-0.09972105409848263,-0.12596835338849835,1.65466423183642,-0.4501463163628999,0.17617721522253335,-0.13448561582809335,-0.05713178134514597,1.6529193019032236
1731067889.46,-0.201274063410965,0.6300088021698139,-0.10539889631426844,2.093330351562308,2.1984613284998837,0.6428705055521089,-0.4584982381362295,-0.18097790867321242,-0.20404610866330777,1.7031213824495794,-0.37451332194942155,0.011376135114388097,-0.09972105409848263,-0.20535514423926726,1.654315715251349,-0.4501463163628999,-0.8100365581322657,-0.13448561582809335,-0.25265464595358306,1.6525719397596164
1731067889.96,1.4837717346024528,0.6126434002808653,-0.10539889631426844,-0.2714643039372378,2.1977319680327962,-0.4222467253601425,-0.42730630370372485,-0.18097790867321242,-0.1939693741950942,1.6895567398990714,1.1939154669399505,-0.6109513704155004,-0.09972105409848263,-0.05620420385297409,1.6539671990566085,1.4261368036056759,-0.624963022258486,-0.13448561582809335,-0.07848373223842303,1.6522245777672517
1731067890.46,-0.482115029746528,0.6448934323603412,-0.10539889631426844,1.1908675693043875,2.1970026735797594,0.6428705055521089,-0.30253856597370676,-0.18097790867321242,0.6827065245394809,1.7019178687812728,-0.37451332194942155,-0.6066446056713489,-0.09972105409848263,-0.20294948391045609,1.6536186832521982,-0.4501463163628999,-0.7517257180624446,-0.13448561582809335,-0.20232504741942997,1.6518772159261532
1731067890.96,-2.167160827759946,-0.07204958848339373,4.74557083286513,-0.34118062313536157,2.1962734451475994,-0.4222467253601425,0.13726770952460798,-0.18097790867321242,-0.35183821419710587,1.69302227603503,-0.37451332194942155,-0.3310116620456544,-0.09972105409848263,-0.33285514166625985,1.6532701678381383,-0.4501463163628999,-0.8075013042161865,-0.13448561582809335,-0.14864014231633335,1.6515298542363341
1731067891.46,-0.482115029746528,0.5679895097092831,-0.10539889631426844,1.8452600133113157,2.1955442827431635,0.6428705055521089,-0.0623606708434212,-0.18097790867321242,-0.35183821419710587,1.7026795331130185,-0.15045206639380151,-0.3310116620456544,-0.09972105409848263,-0.20294948391045609,1.652921652814449,-0.4501463163628999,-0.5286233734474773,-0.13448561582809335,-0.24655408855550387,1.6511824926977878
1731067891.96,-9.469025952484733,11.339500224254257,28.394048262614692,-0.21201296425294827,2.194815186373303,-1.3098444177870272,4.142312090658197,-0.18097790867321242,-0.2611476039831843,1.6973213469681667,-8.888841033063166,12.412705215898566,25.035867486479724,-0.32323250035101514,1.6525731381811233,-10.63568325333518,15.053047194775129,27.78824044988865,-0.08153401093746263,1.6508351313105347
1731067892.46,-0.482115029746528,1.2005862928066966,-0.10539889631426844,15.85695704969495,2.1940861560448486,-14.446290265704922,4.285794989047719,26.09150516626494,10.376525082960876,1.6903764496926985,-0.37451332194942155,1.535970854544011,-0.09972105409848263,24.58497454415995,1.6522246239381948,1.4261368036056759,1.5046502672480209,-0.13448561582809335,-0.14864014231633335,1.6504877700745744
1731067892.96,-0.482115029746528,0.17106603796188655,-0.10539889631426844,-0.2680426440992931,2.1933571917646693,-0.4222467253601425,0.006261584908088952,-0.18097790867321242,21.014197769904936,1.6910641252259304,-0.15045206639380151,0.9201034961303496,-0.09972105409848263,1.8514844368942924,1.6518761100856567,-0.4501463163628999,0.4550551459912425,-0.13448561582809335,-0.05408150264610638,1.6501404089899339
1731067893.46,-0.482115029746528,-0.26803055265867065,-0.10539889631426844,-0.10936316911460664,2.1926282935395904,0.6428705055521089,-0.4241871102604744,-0.18097790867321242,-0.07640747206593669,1.6908012899453515,-0.37451332194942155,-0.01661783572259653,-0.09972105409848263,1.634975007301286,1.6515275966235223,-2.0583889906216846,0.1635009456421375,4.471324869238586,1.1934824852610815,1.6497930480566065
1731067893.96,-0.482115029746528,0.03958513794556163,-0.10539889631426844,-0.3950717655829909,2.191899461376477,-0.4222467253601425,-0.12162534626517997,-0.18097790867321242,0.14528068623476054,1.697462544978567,1.1939154669399505,0.4442059919016117,-0.09972105409848263,0.13624862245192043,1.6511790835518187,-0.4501463163628999,0.17364196130645418,-0.13448561582809335,-0.28956301821196195,1.649445687274616
1731067894.46,1.4837717346024528,0.4042585776134822,-0.10539889631426844,-0.30568090231668504,2.1911706952821497,-0.4222467253601425,0.20277077183286768,1.7125343850160237,-0.16709808227985812,1.6878256090251975,-1.7188808552831736,0.48942702171520197,3.573059006625274,-0.26068533180192444,1.6508305708705324,1.4261368036056759,0.8378784873191977,-0.13448561582809335,1.0165663207167859,1.6490983266439554
1731067894.96,-0.482115029746528,0.33479697005768777,-0.10539889631426844,-0.21201296425294827,2.1904419952634697,-0.4222467253601425,-0.7329872611422701,-0.18097790867321242,0.561785710920919,1.693754204453602,-0.37451332194942155,-0.22549592581394312,-0.09972105409848263,-0.28955325574765856,1.6504820585797166,-0.18210587065310885,0.2370233092084333,-0.13448561582809335,-0.03577983045186896,1.6487509661646416
1731067895.46,-0.201274063410965,0.0693543983266164,-0.10539889631426844,-0.27189201141698094,2.1897133613272888,0.6428705055521089,0.7798215588342027,-0.18097790867321242,-0.21748175462092578,1.685216367162556,-4.6316771775062975,-0.16950798413997387,11.033393504970403,-0.1379966550325542,1.6501335466793317,-0.4501463163628999,-0.23706917309837217,-0.13448561582809335,-0.22062671961366745,1.648403605836688
1731067895.96,1.4837717346024528,-0.6351847640250124,-0.10539889631426844,-0.02809874796341952,2.1889847934804494,-0.599766263845522,-0.48657097912548364,-0.18097790867321242,-0.31824909930306083,1.692334961502623,1.1939154669399505,-1.1320699044578288,-0.09972105409848263,-0.29195891607646973,1.6497850351694239,-0.18210587065310885,-0.35115559932193513,-0.13448561582809335,0.08013076011163509,1.648056245660105
1731067896.46,-0.201274063410965,-0.012511067721284207,-0.10539889631426844,-0.2898557255661907,2.188256291729799,0.6428705055521089,-0.6518882316177581,-0.18097790867321242,-0.34176147972889237,1.6950178105622962,-0.37451332194942155,-1.304340494223888,-0.09972105409848263,-0.1235626930596871,1.6494365240499935,1.4261368036056759,-0.2750979818395598,-0.13448561582809335,0.009974350033724773,1.6477088856348987
1731067896.96,-0.482115029746528,-0.13903042434076696,-0.10539889631426844,-0.21201296425294827,2.18752785608219,-0.4222467253601425,-0.08419502494617444,-0.18097790867321242,-0.21412284313152122,1.6923505016612916,-0.37451332194942155,-1.1665240224110407,-0.09972105409848263,-0.1596475979918548,1.649088013321047,-0.4501463163628999,-0.27256272792348063,-0.13448561582809335,-0.11508707662689802,1.647361525761073
1731067897.46,-0.482115029746528,0.37697008893084866,-0.10539889631426844,-0.26034390946391744,2.1867994865444516,0.6428705055521089,-0.6706033922772608,-0.18097790867321242,-0.28801889589842034,1.6900562818399838,-0.37451332194942155,-1.09115563938839,-0.09972105409848263,0.6654938947903802,1.648739502982625,-0.4501463163628999,-0.3689023767344894,-0.13448561582809335,-0.2187965523942437,1.6470141660386446
1731067897.96,1.4837717346024528,-0.10429962056286972,-0.10539889631426844,-0.25863307954494513,2.186071183123462,-0.4222467253601425,-0.38675678894146887,-0.18097790867321242,-0.14358570185402666,1.7003384129075603,1.1939154669399505,-1.1299165220857534,-0.09972105409848263,-0.041770241880106994,1.6483909930347003,-0.4501463163628999,-0.3790433923988059,-0.13448561582809335,-0.05713178134514597,1.6466668064676202
1731067898.46,-0.482115029746528,-0.010030296022862976,-0.10539889631426844,-0.3450299904530494,2.1853429458260547,0.6428705055521089,-0.795371130007279,-0.18097790867321242,-0.17717481674807173,1.6831078432269775,-0.37451332194942155,-1.116996227853299,-0.09972105409848263,-0.16445891864947715,1.6480424834773064,1.4261368036056759,-0.32580306016114335,-0.13448561582809335,-0.19073398836307956,1.64631944704802
1731067898.96,-0.482115029746528,-0.07453036018181496,-0.10539889631426844,-0.01954459836855771,2.1846147746590785,-0.4222467253601425,-0.33684969384946184,-0.18097790867321242,-0.3048134533454428,1.696113976403344,-0.37451332194942155,-0.8930444611574221,-0.09972105409848263,-0.29917589706290326,1.6476939743104433,-0.18210587065310885,0.16603619955821666,-0.13448561582809335,0.3394044495299994,1.6459720877798372
1731067899.46,-0.482115029746528,-0.012511067721284207,-0.10539889631426844,-0.27616908621441183,2.183886669629384,0.6428705055521089,-0.5084053332282369,-0.18097790867321242,-0.056254003129509664,1.695193304111014,-0.15045206639380151,-1.0200940211098906,-0.09972105409848263,-0.2005438235816449,1.6473454655341313,-0.4501463163628999,-0.3765081384827269,-0.13448561582809335,1.0135160420177465,1.6456247286630918
1731067899.96,-0.201274063410965,0.30006616627979055,-0.10539889631426844,-0.10936316911460664,2.1831586307438102,-0.4222467253601425,-0.27758501842770306,-0.18097790867321242,-0.2947367188772293,1.6806068075613472,1.1939154669399505,-0.598031076183046,-0.09972105409848263,-0.2510626904866797,1.6469969571483967,-0.18210587065310885,-0.2903095053360349,-0.13448561582809335,-0.2187965523942437,1.645277369697781
1731067900.46,1.4837717346024528,0.10160443040609239,-0.10539889631426844,0.5150897513103051,2.1824306580092308,0.6428705055521089,0.5365244702606667,-0.18097790867321242,-0.3216080107924653,1.6947035503270085,-0.37451332194942155,-0.8413632842276043,-0.09972105409848263,-0.2342230681850014,1.6466484491532198,1.4261368036056759,0.34350397368375873,-0.13448561582809335,0.28449943294728686,1.6449300108839346
1731067900.96,-0.482115029746528,0.03958513794556163,-0.10539889631426844,-0.286434065728246,2.1817027514324843,-0.4222467253601425,-0.20272437578969196,-0.18097790867321242,-0.12343223291759962,1.6968828267786977,-0.37451332194942155,-0.8822775492970434,-0.09972105409848263,-0.214977785554512,1.646299941548634,-0.18210587065310885,-0.11030647729441362,-0.13448561582809335,2.0719627505844804,1.644582652221546
1731067901.46,-0.482115029746528,0.1586621794697804,-0.10539889631426844,-0.06231534634286677,2.1809749110204177,-0.4222467253601425,0.18093641773011446,-0.18097790867321242,0.081461367936075,1.6938790644962316,-0.37451332194942155,-0.778915195437408,-0.09972105409848263,-0.2727136334459803,1.645951434334639,-0.4501463163628999,-0.39679016981136017,-0.13448561582809335,-0.17609265060768958,1.6442352937106324
1731067901.96,-0.482115029746528,2.160644940095712,-0.10539889631426844,2.127546949941755,2.180247136779892,0.6428705055521089,-0.1684132479139369,-0.18097790867321242,-0.3048134533454428,1.6808538883490785,-0.37451332194942155,1.856824827983296,-0.09972105409848263,0.06648447291639618,1.6456029275112554,-0.7181867620727006,0.8911188195568603,-0.13448561582809335,-0.1608412571124917,1.643887935351203
1731067902.46,-2.167160827759946,13.34892529997545,9.293354953970814,2.093330351562308,2.1795194287177457,-0.4222467253601425,5.062474156417082,-0.18097790867321242,-0.17381590525866714,1.6914726324727973,-1.7188808552831736,10.431593433588887,7.016290313553795,-0.2005438235816449,1.6452544210785025,-1.790348544911884,14.429374731419653,8.789272198988597,0.5834267454531656,1.6435405771432587
1731067902.96,-0.482115029746528,2.232587319349927,-0.10539889631426844,-0.1521339170889157,2.1787917868408515,-1.664883494757786,4.809819487513796,3.6060466787052596,-0.3048134533454428,1.6864768675465323,-0.37451332194942155,0.614323199295595,-0.09972105409848263,18.42648410240333,1.6449059150363743,-0.18210587065310885,1.6111309317233458,-0.13448561582809335,-0.1394893062192146,1.6431932190868193
1731067903.46,-0.201274063410965,0.5878356832966529,-0.10539889631426844,-0.2774522086536411,2.178064211156036,0.6428705055521089,1.0199994539644879,-0.18097790867321242,13.456646918744806,1.690417007913913,-0.15045206639380151,-0.5162025460441678,-0.09972105409848263,-0.061015524510596456,1.6445574093848772,-0.4501463163628999,-0.09509495379793856,-0.13448561582809335,-0.2252021376622268,1.6428458611818912
1731067903.96,-0.482115029746528,-0.03483801300707528,-0.10539889631426844,-0.17779636587350103,2.177336701670168,-0.4222467253601425,1.0012842933049853,-0.18097790867321242,-0.09991985249176816,1.6872549691842311,1.1939154669399505,-0.8349031371113771,-0.09972105409848263,-0.2823362747612251,1.6442089041240513,-0.4501463163628999,-0.17115257128031358,-0.13448561582809335,-0.16694181451057086,1.6424985034284885
1731067904.46,1.4837717346024528,-0.33501138851604384,-0.10539889631426844,-0.23254292328061663,2.176609258390099,0.6428705055521089,0.29322738168713075,-0.18097790867321242,2.0464245892377093,1.6809604293641869,-0.37451332194942155,-0.6152581351596519,-0.09972105409848263,-0.15724193766304367,1.6438603992538898,1.4261368036056759,-0.3917196619792018,-0.13448561582809335,-0.2007999080699102,1.642151145826611
1731067904.96,-0.482115029746528,0.014777420961349326,-0.10539889631426844,-0.26547639922083455,2.1758818813226677,-0.4222467253601425,1.4473289556898008,-0.18097790867321242,-0.20068719717390318,1.6776732184332088,-0.37451332194942155,-0.6324851941362576,-0.09972105409848263,-0.09950608977157527,1.643511894774413,-0.4501463163628999,-0.16101155561599687,-0.13448561582809335,-0.09678540443266052,1.6418037883762684
1731067905.46,-0.482115029746528,-0.19608817340445497,-0.10539889631426844,-0.19918173986065557,2.1751545704747524,0.6428705055521089,0.8640397818019648,-0.18097790867321242,-0.34512039121829685,1.695838486333525,-0.15045206639380151,-0.40207328032415357,-0.09972105409848263,-0.2727136334459803,1.6431633906856142,-0.18210587065310885,0.10265485165623724,-0.13448561582809335,-0.1394893062192146,1.6414564310774815
1731067905.96,1.4837717346024528,0.1586621794697804,-0.10539889631426844,-0.286434065728246,2.174427325853195,-1.4873639562724066,-0.6893185529367636,1.7125343850160237,0.051231164531434524,1.6921883505712048,1.1939154669399505,-0.414993574556608,-0.09972105409848263,0.018371266340172526,1.6428148869875199,1.4261368036056759,-0.01143157456732572,-0.13448561582809335,-0.18737868179413603,1.6411090739302532
1731067906.46,-0.482115029746528,0.2008352983429413,-0.10539889631426844,0.7289434911818502,2.173700147464848,0.6428705055521089,-0.03428792985416705,-0.18097790867321242,-0.24771195802556628,1.6866933298399915,-0.37451332194942155,-0.5851107819505915,-0.09972105409848263,-0.0008740162903169369,1.6424663836801436,-0.4501463163628999,-0.09509495379793856,-0.13448561582809335,-0.2258121934020347,1.6407617169345936
1731067906.96,-0.482115029746528,0.14625832097767452,-0.10539889631426844,0.5193668261077361,2.172973035316563,-0.4222467253601425,-0.11538695937867904,-0.18097790867321242,-0.33840256823948783,1.6878328427686355,-0.37451332194942155,-0.41068680981245653,-0.09972105409848263,1.2452580340338748,1.6421178807634853,-2.0583889906216846,0.28519313361393767,4.471324869238586,-0.07238317484034387,1.6404143600905097
1731067907.46,-0.482115029746528,0.22316224362873238,-0.10539889631426844,0.7930996131433137,2.1722459894151958,0.6428705055521089,0.1934131915031163,-0.18097790867321242,0.4677361892175928,1.6794163445266586,-0.37451332194942155,-0.910271520134028,-0.09972105409848263,-0.08266646746989705,1.6417693782375853,-0.4501463163628999,0.049414519418574526,-0.13448561582809335,0.348555285627118,1.6400670033980116
1731067907.96,-2.167160827759946,0.4836432719629613,4.74557083286513,0.5150897513103051,2.171519009767607,-1.4873639562724066,0.5240476964876649,1.7125343850160237,0.014283138147984887,1.6770806612252833,1.1939154669399505,1.0923740858964088,-0.09972105409848263,-0.18370420127996662,1.6414208761024098,1.4261368036056759,0.013920964593466048,-0.13448561582809335,-0.11508707662689802,1.6397196468571158
1731067908.46,-0.482115029746528,19.086950238423753,4.593978028828273,1.5287564783014287,2.170792096380653,0.6428705055521089,1.790440234447351,-0.18097790867321242,-0.4660412048368589,1.6877007153964434,-3.2873096441725456,22.71017971916475,7.360613444246647,-0.2967702367340921,1.6410723743580125,-2.0583889906216846,21.946402592594403,4.471324869238586,-0.06475747809274496,1.6393722904678258
1731067908.96,-0.201274063410965,2.78331863639944,-0.10539889631426844,-0.224844188645241,2.1700652492611847,-5.037754725979945,11.868554249589582,7.51141578443931,0.7834738692216162,1.6820320814847918,-0.37451332194942155,2.8021596893245446,-0.09972105409848263,41.66516287871933,1.64072387300438,-0.4501463163628999,3.0562256638884757,-0.13448561582809335,-0.014427879558591884,1.6390249342301553
1731067909.46,-0.482115029746528,0.9401052644724671,-0.10539889631426844,-0.2847232358092736,2.1693384684160626,0.6428705055521089,0.6456962407744326,-0.18097790867321242,1.2957078713558028,1.6787094478106497,-0.37451332194942155,-0.2922507793482911,-0.09972105409848263,-0.2823362747612251,1.6403753720415324,-2.0583889906216846,-0.12551800079088868,4.471324869238586,-0.22367699831270704,1.6386775781441074
1731067909.96,1.4837717346024528,0.3596046870419001,-0.10539889631426844,-0.20773588945551738,2.1686117538521303,-0.4222467253601425,0.3712072177683926,-0.18097790867321242,1.8079418734899895,1.6867954600917872,1.1939154669399505,-0.38053945660339616,-0.09972105409848263,-0.15724193766304367,1.6400268714694965,-0.18210587065310885,-0.34862034540585596,-0.13448561582809335,-0.1394893062192146,1.6383302222096923
1731067910.46,-0.482115029746528,0.902893688996149,-0.10539889631426844,-0.2915665554851631,2.1678851055762607,0.8203900440374883,-0.7329872611422701,-0.18097790867321242,-0.34176147972889237,1.6830964156453245,-0.37451332194942155,-0.6863197534381511,-0.09972105409848263,-0.14521363601898768,1.6396783712882521,-0.4501463163628999,-0.2827037435877974,-0.13448561582809335,-0.20293510315923788,1.6379828664269267
1731067910.96,-0.201274063410965,0.6895473229319234,-0.10539889631426844,-0.10080901951974483,2.16715852359531,-0.599766263845522,0.3618496374386409,-0.18097790867321242,0.02771878410560291,1.6736828991245263,-0.37451332194942155,-0.2728703379996094,-0.09972105409848263,0.01355994568255016,1.6393298714978324,1.4261368036056759,-0.8303185894608991,-0.13448561582809335,-0.2361831409787693,1.6376355107958207
1731067911.46,-0.482115029746528,0.9152975474882551,-0.10539889631426844,-0.17351929107607014,2.166432007916125,0.6428705055521089,-0.31189614630345813,-0.18097790867321242,-0.1939693741950942,1.681069414814018,-0.37451332194942155,-0.43868078064944116,-0.09972105409848263,1.009503321810379,1.638981372098238,-0.4501463163628999,-0.713696909321257,-0.13448561582809335,-0.08153401093746263,1.6372881553163712
1731067911.96,1.4837717346024528,0.7763743323766662,-0.10539889631426844,-0.2872894806877322,2.1657055585455716,-0.4222467253601425,-0.23703550366544704,-0.18097790867321242,-0.3719916831335329,1.6743815996089135,1.1939154669399505,-0.522662693160395,-0.09972105409848263,-0.015307978263183928,1.6386328730894884,-0.18210587065310885,-0.8252480816287407,-0.13448561582809335,-0.1889038211436558,1.6369407999886014
1731067912.46,-2.167160827759946,-0.1266265658486608,-0.10539889631426844,-0.17779636587350103,2.1649791754904917,0.6428705055521089,0.6550538211041843,-0.18097790867321242,-0.019305976746060022,1.6768934703899598,-0.37451332194942155,0.0027626056260851356,-0.09972105409848263,-0.07544948648346345,1.6382843744716107,1.4261368036056759,-0.7263731789016529,-0.13448561582809335,-0.18463343096500043,1.6365934448125081
1731067912.96,1.4837717346024528,-0.48881923381816,-0.10539889631426844,-0.3035423649179696,2.164252858757768,-0.4222467253601425,0.22460512593562057,-0.18097790867321242,-0.3216080107924653,1.6876731109881453,-0.15045206639380151,-0.3783860742313204,-0.09972105409848263,-0.03695892122248463,1.6379358762445846,-0.4501463163628999,-0.5717226900208232,-0.13448561582809335,-0.23923341967780887,1.636246089788115
1731067913.46,-0.201274063410965,-0.14647273943603065,-0.10539889631426844,-0.18635051546836284,2.1635266083542475,0.6428705055521089,0.3961607653143963,-0.18097790867321242,-0.4492466473898365,1.673317572647006,-0.37451332194942155,0.05229040018382716,-0.09972105409848263,-0.2943645764052809,1.6375873784084436,-0.18210587065310885,-0.47031253337765627,-0.13448561582809335,-0.08763456833554178,1.6358987349154253
1731067913.96,1.4837717346024528,-0.250665150769722,-0.10539889631426844,-0.3065363172761712,2.162800424286791,-0.4222467253601425,0.6425770473311824,-0.18097790867321242,-0.24099413504675726,1.6781438704823157,1.1939154669399505,-0.11352004246600461,-0.09972105409848263,-0.17889288062234426,1.6372388809631877,1.1580963578958752,0.07223180466328712,-0.13448561582809335,-0.245639004945792,1.6355513801944457
1731067914.46,-0.482115029746528,-0.2977998130397254,-0.10539889631426844,0.018949074808320445,2.162074306562258,-1.664883494757786,-0.40235275615772115,1.7125343850160237,2.385674649667564,1.674521293788064,-0.37451332194942155,-0.22549592581394312,-0.09972105409848263,-0.23903438884262376,1.6368903839088302,-0.18210587065310885,-0.4829888029580522,-0.13448561582809335,-0.1425395849182542,1.635204025625193
1731067914.96,-0.201274063410965,-0.44416534324657786,-0.10539889631426844,-0.357433507365599,2.1613482551874967,0.6428705055521089,-1.079217733343071,-0.18097790867321242,-0.43916991292162294,1.6869053453249332,-3.063248388616918,-1.0459346095747994,-0.09972105409848263,-0.25827967147311326,1.6365418872454047,-2.0583889906216846,-0.46524202554549793,-0.13448561582809335,-0.21391610647578038,1.634856671207664
1731067915.46,-0.482115029746528,0.20331607004136254,-0.10539889631426844,-0.1692422162786393,2.1606222701693842,0.6428705055521089,-0.3836375954982184,-0.18097790867321242,-0.2107639316421168,1.6805624707119955,2.5382830002737027,0.6810780528299426,-0.09972105409848263,0.07129579357401855,1.6361933909728978,1.4261368036056759,-0.3105915366646683,-0.13448561582809335,2.065862193186401,1.634509316941882
1731067915.96,1.4837717346024528,-0.08693421867392111,-0.10539889631426844,-0.28900031060670456,2.159896351514773,-0.4222467253601425,-0.5177629135579882,-0.18097790867321242,-0.40222188653817337,1.6750349085627045,-0.37451332194942155,-1.0739285804117842,-0.09972105409848263,0.3455410710584932,1.6358448950913163,-0.4501463163628999,-0.5742579439369024,4.327393291580252,-0.22337197044280308,1.6341619628278474
1731067916.46,-0.482115029746528,-0.3002805847381466,-0.10539889631426844,-0.1692422162786393,2.1591704992305227,0.6428705055521089,-1.0230722513645627,-0.18097790867321242,-0.2577886924937798,1.6814874537184736,1.1939154669399505,-1.2612728467823733,-0.09972105409848263,-0.30398721772052567,1.635496399600693,-0.4501463163628999,-0.34101458365761844,-0.13448561582809335,-0.17853287356692127,1.6338146088655834
1731067916.96,-0.482115029746528,-0.5483577545802694,-0.10539889631426844,-0.30867485467488665,2.1584447133234983,-0.4222467253601425,-0.698676133266515,-0.18097790867321242,-0.3484793027077014,1.6680086998454517,-0.37451332194942155,-1.125609757341602,-0.09972105409848263,-0.12837401371730947,1.6351479045010286,-0.18210587065310885,-0.7339789406498904,-0.13448561582809335,-0.1394893062192146,1.6334672550550833
1731067917.46,-0.482115029746528,-0.19360740170603374,-0.10539889631426844,-0.10508609431717574,2.1577189938005468,0.6428705055521089,-0.8047287103370304,-0.18097790867321242,-0.1200733214281952,1.6757971552232551,-0.37451332194942155,-0.4989754870675619,-0.09972105409848263,-0.29195891607646973,1.634799409792343,-0.4501463163628999,-0.5311586273635566,-0.13448561582809335,-0.16389153581153126,1.6331199013963573
1731067917.96,1.4837717346024528,-0.3126844432302528,-0.10539889631426844,-0.286434065728246,2.1569933406685506,-0.4222467253601425,-0.1996051823464415,-0.18097790867321242,-0.1099965869599816,1.6875851567895235,1.1939154669399505,-1.1686774047831168,-0.09972105409848263,-0.2727136334459803,1.6344509154746427,1.4261368036056759,-0.3131267905807475,-0.13448561582809335,-0.07848373223842303,1.6327725478894255
1731067918.46,-0.482115029746528,-0.12414579415023956,-0.10539889631426844,-0.12647146830433026,2.1562677539343618,0.6428705055521089,-0.5863851693094984,-0.18097790867321242,-0.33840256823948783,1.6718904500450729,-0.37451332194942155,-0.8090625486464683,-0.09972105409848263,-0.16686457897828838,1.6341024215479278,-0.18210587065310885,0.3156161806068878,-0.13448561582809335,-0.08153401093746263,1.6324251945342947
1731067918.96,-0.482115029746528,-0.21345357529340359,-0.10539889631426844,-0.2821569909308151,2.1555422336048484,-0.4222467253601425,-0.6737225857205114,-0.18097790867321242,1.3645655568885948,1.6744620514595925,-0.37451332194942155,-0.9877932855287545,-0.09972105409848263,-0.24384570950024614,1.6337539280122249,-0.4501463163628999,-0.24974544267876805,-0.13448561582809335,-0.07848373223842303,1.6320778413309784
1731067919.46,-0.482115029746528,0.16858526626346532,-0.10539889631426844,0.0018407756185968207,2.154816779686863,-0.4222467253601425,-0.9388540283968002,1.7125343850160237,-0.042818357171891634,1.6736745562789748,-0.37451332194942155,-0.48605519283510745,-0.09972105409848263,-0.214977785554512,1.6334054348675409,-0.4501463163628999,-0.09763020771401773,-0.13448561582809335,-0.11508707662689802,1.631730488279473
1731067919.96,-0.482115029746528,0.004854334167664406,-0.10539889631426844,-0.2659041067005776,2.1540913921872655,-1.4873639562724066,-0.6674841988340104,1.7125343850160237,-0.37535059462293735,1.6766757856473724,1.1939154669399505,-0.8779707845528919,-0.09972105409848263,-0.19092118226640023,1.6330569421139025,-0.18210587065310885,-0.1812935869446303,-0.13448561582809335,1.873694635146908,1.6313831353797923
1731067920.46,1.4837717346024528,-0.005068752626020515,-0.10539889631426844,-0.13502561789919207,2.1533660711129334,0.6428705055521089,0.4772597948389083,-0.18097790867321242,-0.17717481674807173,1.676437575125836,-0.37451332194942155,-0.9770263736683757,-0.09972105409848263,-0.2366287285138126,1.6327084497512894,-0.4501463163628999,0.1863182308868498,4.327393291580252,-0.06628261744226471,1.631035782631953
1731067920.96,-0.482115029746528,-0.19608817340445497,-0.10539889631426844,-0.24494644019316625,2.1526408164707234,-0.4222467253601425,-0.0218111560811652,-0.18097790867321242,-0.3115312763242518,1.6810470623452411,-3.2873096441725456,-1.033014315342345,7.360613444246647,1.5267202925047831,1.632359957779742,-0.18210587065310885,-0.27002747400740146,-0.13448561582809335,-0.22123677535347538,1.630688430035965
1731067921.46,-0.482115029746528,0.18595066815241393,-0.10539889631426844,-0.343319160534077,2.151915628267499,0.6428705055521089,0.09359900131910152,-0.18097790867321242,-0.38542732909115085,1.6835407790007357,-0.37451332194942155,-0.8241362252509984,-0.09972105409848263,-0.2727136334459803,1.6320114661992602,-0.4501463163628999,0.18378297697077062,-0.13448561582809335,-0.1608412571124917,1.6303410775918352
1731067921.96,1.4837717346024528,0.456354783280328,-0.10539889631426844,-0.2753136712549256,2.151190506510122,-0.4222467253601425,0.22460512593562057,-0.18097790867321242,-0.15366243632224025,1.665080959676716,1.1939154669399505,-0.901657990645725,-0.09972105409848263,-0.13318533437493182,1.6316629750098441,-0.4501463163628999,0.5032249703967466,-0.13448561582809335,-0.13033847012209587,1.629993725299567
1731067922.46,-2.167160827759946,0.08920057191398624,-0.10539889631426844,-0.20773588945551738,2.150465451205452,0.6428705055521089,1.44420976224655,-0.18097790867321242,-0.4626822933474544,1.6830824316079656,-0.15045206639380151,-0.8392099018555286,-0.09972105409848263,-0.17167589963591076,1.631314484211547,1.4261368036056759,-0.11284173121049279,-0.13448561582809335,-0.2050702982485656,1.6296463731591737
1731067922.96,-0.482115029746528,0.64241266066192,4.593978028828273,-0.29712675272182326,2.1497404623603713,-0.4222467253601425,-0.17777082824368828,-0.18097790867321242,-0.42909317845340944,1.6747514186328325,-0.37451332194942155,-0.5162025460441678,-0.09972105409848263,-0.21016646489688964,1.6309659938043288,-0.4501463163628999,-0.23960442701445134,-0.13448561582809335,-0.14864014231633335,1.6292990211706655
1731067923.46,-0.482115029746528,0.49108558705822497,-0.10539889631426844,-0.19490466506322465,2.1490155399817357,0.6428705055521089,1.2445813818785212,-0.18097790867321242,0.36696884453545775,1.6673989529185742,-0.15045206639380151,-0.9124249025061038,-0.09972105409848263,-0.2654966524595468,1.6306175037882296,-0.4501463163628999,0.2573053405370667,-0.13448561582809335,-0.17365242764845792,1.6289516693340627
1731067923.96,1.4837717346024528,0.39929703421663976,-0.10539889631426844,-0.31808441922923464,2.148290684076405,-0.4222467253601425,-0.06547986428667166,-0.18097790867321242,-0.37535059462293735,1.67876040214938,1.1939154669399505,-0.9231918143664825,-0.09972105409848263,-0.13318533437493182,1.6302690141632563,1.4261368036056759,0.1609656917260583,-0.13448561582809335,-0.2007999080699102,1.6286043176493583
1731067924.46,-0.482115029746528,0.5382202493282283,-0.10539889631426844,2.7135061971897887,2.1475658946512537,0.6428705055521089,-0.21208195611944336,-0.18097790867321242,-0.3955040635593644,1.6719332131859037,-0.37451332194942155,-0.18888842548865553,-0.09972105409848263,-0.04898722286654049,1.6299205249294153,-0.4501463163628999,-0.01903733631556325,-0.13448561582809335,-0.06323233874322513,1.6282569661165727
1731067924.96,-0.482115029746528,0.027181279453455477,-0.10539889631426844,-0.0837007203300212,2.1468411717131284,-0.4222467253601425,1.2040318671162649,-0.18097790867321242,-0.2611476039831843,1.6646926358211493,-0.15045206639380151,-0.5549634287415312,-0.09972105409848263,-0.1235626930596871,1.6295720360867403,-2.0583889906216846,-0.10270071554617609,4.471324869238586,-0.21635632943501204,1.6279096147357026
1731067925.46,-0.482115029746528,-0.04724187149918143,-0.10539889631426844,-0.31337963695206067,2.1461165152689246,0.6428705055521089,0.6987225293096907,-0.18097790867321242,-0.29137780738782476,1.6629189851099426,-0.37451332194942155,-0.7767618130653322,-0.09972105409848263,-0.09228910878514178,1.629223547635211,-0.4501463163628999,-0.021572590231642427,-0.13448561582809335,0.17163912108282242,1.6275622635067746
1731067925.96,1.4837717346024528,-0.10181884886444849,-0.10539889631426844,-0.19918173986065557,2.145391925325489,-0.4222467253601425,0.6675305948771861,-0.18097790867321242,-0.24435304653616183,1.6629956047055339,1.1939154669399505,-0.45375445725397134,-0.09972105409848263,-0.06342118483940759,1.6288750595748611,-0.4501463163628999,-0.12044749295873032,-0.13448561582809335,-0.16907700959989855,1.627214912429789
1731067926.46,-0.201274063410965,0.10160443040609239,-0.10539889631426844,-0.2915665554851631,2.1446674018896954,0.6428705055521089,0.9981650998617343,-0.18097790867321242,-0.32832583377127433,1.6703619751930276,-1.7188808552831736,-0.10490651297770165,-0.09972105409848263,-0.2630909921307356,1.6285265719056903,1.4261368036056759,-0.25228069659484725,-0.13448561582809335,-0.07238317484034387,1.6268675615047556
1731067926.96,-0.482115029746528,0.15370063607293794,-0.10539889631426844,-0.3001207050800249,2.143942944968413,-0.4222467253601425,0.12479093575160614,-0.18097790867321242,0.06802572197845698,1.6580926372869638,-0.37451332194942155,-0.48174842809095597,3.4582846297276566,2.019880659911075,1.6281780846277187,-0.4501463163628999,0.15335992997782077,-0.13448561582809335,1.1233260751831713,1.626520210731688
1731067927.46,-0.482115029746528,0.004854334167664406,-0.10539889631426844,-0.2834401133700444,2.143218554568493,0.6428705055521089,-0.5957427496392498,-0.18097790867321242,0.10161483687250204,1.6755367002124253,-0.37451332194942155,-0.3977665155800021,-0.09972105409848263,-0.29917589706290326,1.6278295977409734,-0.4501463163628999,-0.14072952428736346,-0.13448561582809335,-0.22367699831270704,1.6261728601105832
1731067927.96,1.4837717346024528,-0.08197267527707865,-0.10539889631426844,-0.18635051546836284,2.1424942306968346,-0.4222467253601425,-0.34308808073596275,-0.18097790867321242,0.4946074811328289,1.664282749085386,-0.37451332194942155,-0.251336514278852,3.4582846297276566,-0.2630909921307356,1.6274811112454204,1.4261368036056759,-0.24974544267876805,-0.13448561582809335,0.6962870573176302,1.6258255096414709
1731067928.46,-0.201274063410965,0.2578930474066296,-0.10539889631426844,-0.09653194472231393,2.1417699733602733,0.6428705055521089,0.05616868000009599,-0.18097790867321242,1.6635086794455958,1.6684288096356357,-0.37451332194942155,-0.7982956367860896,-0.09972105409848263,0.05445617127234022,1.627132625141107,-0.18210587065310885,-0.07481292246930514,-0.13448561582809335,-0.18402337522519252,1.625478159324348
1731067928.96,-0.482115029746528,0.4836432719629613,-0.10539889631426844,1.1865904945069567,2.141045782565694,-0.4222467253601425,0.06240706688659691,-0.18097790867321242,-0.42909317845340944,1.6691273222343288,-0.37451332194942155,-0.9684128441800729,-0.09972105409848263,-0.24144004917143494,1.6267841394280462,-0.4501463163628999,0.30040465711041275,-0.13448561582809335,-0.22794738849136242,1.6251308091592278
1731067929.46,-0.482115029746528,0.08920057191398624,-0.10539889631426844,-0.23083209336164426,2.140321658319971,0.6428705055521089,1.0324762277374897,-0.18097790867321242,-0.3988629750487689,1.6588068882892222,-0.37451332194942155,-0.8499768137159073,-0.09972105409848263,-0.2823362747612251,1.6264356541062315,-0.18210587065310885,0.0012446950130701642,-0.13448561582809335,-0.06628261744226471,1.6247834591461174
1731067929.96,-0.482115029746528,0.22812378702557484,-0.10539889631426844,-0.2996929976002818,2.139597600629947,0.2878314285813626,0.14350609641110892,-0.18097790867321242,-0.029382711214273615,1.6659281434332622,1.1939154669399505,-0.7509212246004233,-0.09972105409848263,-0.10912873108682,1.6260871691756895,1.4261368036056759,0.31815143452296696,-0.13448561582809335,-0.22123677535347538,1.6244361092850232
1731067930.46,-0.482115029746528,0.3298354266608453,4.593978028828273,-0.0837007203300212,2.13887360950253,-0.2447271868747757,0.5302860833741658,-0.18097790867321242,-0.4156575324957914,1.6620926242080412,-0.37451332194942155,-0.7875287249257109,-0.09972105409848263,-0.3015815573917145,1.6257386846364272,-0.4501463163628999,0.21420602396372074,-0.13448561582809335,-0.11935746680555344,1.6240887595759654
1731067930.96,-0.482115029746528,0.8185474512498271,-0.10539889631426844,-0.28942801808644764,2.138149684944563,-0.4222467253601425,1.3849450868247917,-0.18097790867321242,-0.37535059462293735,1.6638208494446918,-0.37451332194942155,-0.7013934300426813,-0.09972105409848263,-0.15483627733423241,1.6253902004884444,-2.0583889906216846,-0.0063610667351673665,-0.13448561582809335,-0.017478158257631465,1.6237414100189442
1731067931.46,-0.482115029746528,0.47868172856611885,-0.10539889631426844,-0.1606880666837775,2.1374258269629283,-0.4222467253601425,-0.6799609726070123,-0.18097790867321242,-0.2577886924937798,1.6652628375005256,-0.37451332194942155,-0.5528100463694554,-0.09972105409848263,0.9589844549053442,1.6250417167317677,-0.4501463163628999,-0.22439290351797628,4.327393291580252,-0.23221777867001783,1.6233940606139798
1731067931.96,1.4837717346024528,0.6101626285824441,-0.10539889631426844,-0.1478568422914848,2.136702035564486,-0.4222467253601425,-0.09355260527592582,1.7125343850160237,-0.3551971256865104,1.6686248233627525,1.1939154669399505,0.1233520184623266,-0.09972105409848263,-0.24144004917143494,1.6246932333664106,-0.4501463163628999,-0.5489054047761106,-0.13448561582809335,0.04352741572316011,1.6230467113610685
1731067932.46,-0.482115029746528,0.6448934323603412,-0.10539889631426844,-0.28001845353209964,2.135978310756105,0.8203900440374883,-0.7485832283585224,-0.18097790867321242,-0.2611476039831843,1.6642674507633333,-0.37451332194942155,-0.1285937190705348,-0.09972105409848263,-0.21978910621213435,1.6243447503923865,1.4261368036056759,-0.8810236677824825,-0.13448561582809335,-0.20171499167962204,1.622699362260224
1731067932.96,-0.201274063410965,0.7912589625671935,-0.10539889631426844,-0.0837007203300212,2.1352546525446674,-1.664883494757786,-0.3555648545089646,1.7125343850160237,1.559382423274056,1.6711783722016802,-0.37451332194942155,-0.5011288694396376,-0.09972105409848263,-0.2967702367340921,1.623996267809682,-0.4501463163628999,-0.597075229181615,-0.13448561582809335,-0.08763456833554178,1.6223520133114597
1731067933.46,-0.482115029746528,0.11400828889819854,-0.10539889631426844,-0.2941328003636216,2.1345310609370425,0.6428705055521089,-0.47721339879573227,-0.18097790867321242,-0.1267911444070042,1.669436970783714,-0.15045206639380151,-0.47528828097472875,-0.09972105409848263,-0.16205325832066603,1.6236477856183371,-0.4501463163628999,-0.5134118499510023,-0.13448561582809335,-0.216661357304916,1.6220046645147892
1731067933.96,-0.482115029746528,-0.6327039923265912,-0.10539889631426844,-0.17779636587350103,2.133807535940099,0.2878314285813626,0.049930293113595065,-0.18097790867321242,-0.2241995775997348,1.651925134057284,1.1939154669399505,-0.5205093107883193,-0.09972105409848263,-0.10431741042919764,1.623299303818352,-0.4501463163628999,-0.3689023767344894,-0.13448561582809335,-0.06384239448303304,1.6216573158702157
1731067934.46,1.4837717346024528,-0.6649540244060672,-0.10539889631426844,0.03605737399804407,2.1330840775607145,-0.06720764838939627,0.2402010931518732,-0.18097790867321242,-0.1704569937692627,1.6650007516486272,-0.37451332194942155,-0.6131047527875761,-0.09972105409848263,-0.18851552193758897,1.6229508224097402,1.4261368036056759,-0.8201775737965824,-0.13448561582809335,0.08928159620875384,1.6213099673777458
1731067934.96,-0.482115029746528,-0.4069537677702594,-0.10539889631426844,-0.11364024391203754,2.1323606858057453,-0.4222467253601425,0.3587304439953908,-0.18097790867321242,0.19566435857582806,1.6592536595144276,-0.37451332194942155,-0.33962519153395737,-0.09972105409848263,-0.08266646746989705,1.6226023413925212,-0.4501463163628999,-0.6655270849157527,-0.13448561582809335,-0.22611722127193867,1.6209626190373931
1731067935.46,-0.482115029746528,-0.31020367153183154,-0.10539889631426844,-0.2872894806877322,2.1316373606820775,0.6428705055521089,0.2869889948006298,-0.18097790867321242,-0.13015005589640863,1.6541903345877056,-0.15045206639380151,-0.13074710144261054,-0.09972105409848263,-0.214977785554512,1.6222538607666888,-0.4501463163628999,-0.3765081384827269,-0.13448561582809335,-0.1547406997144125,1.6206152708491712
1731067935.96,1.4837717346024528,-0.10926116395971218,-0.10539889631426844,-0.31337963695206067,2.130914102196589,-1.664883494757786,-0.24015469710869752,1.7125343850160237,-0.39214515206995987,1.6657676343629455,1.1939154669399505,0.2848556963680069,-0.09972105409848263,0.08572975554688564,1.6219053805322696,-0.4501463163628999,-0.35876136107017265,-0.13448561582809335,-0.21361107860587641,1.6202679228130834
1731067936.46,-0.482115029746528,-0.4788961470244751,-0.10539889631426844,-0.2162900390503792,2.13019091035614,0.6428705055521089,-0.4397830774767267,-0.18097790867321242,-0.09320202951295915,1.668808701855695,-0.37451332194942155,-0.008004306234293566,-0.09972105409848263,-0.08988344845633055,1.6215569006892567,1.4261368036056759,-0.7365141945659696,-0.13448561582809335,-0.1028859618307397,1.6199205749291397
1731067936.96,-0.482115029746528,-0.22833820548393097,-0.10539889631426844,1.1951446441018188,2.1294677851676127,-0.4222467253601425,-0.3773992086117175,-0.18097790867321242,-0.38206841760174637,1.664676753044681,-0.37451332194942155,-0.6023378409271974,-0.09972105409848263,-0.3015815573917145,1.6212084212376907,-0.18210587065310885,-0.7466552102302862,-0.13448561582809335,-0.15169042101537294,1.619573227197357
1731067937.46,-0.482115029746528,-0.1340688809439245,-0.10539889631426844,-0.33904208573664607,2.1287447266378625,0.6428705055521089,-1.1478399890945812,-0.18097790867321242,0.709577816454717,1.65026112800747,-0.37451332194942155,-1.3323344650608728,-0.09972105409848263,-0.3208268400222039,1.6208599421775778,-0.4501463163628999,-0.31566204449682667,-0.13448561582809335,-0.20842560481750913,1.619225879617732
1731067937.96,-0.201274063410965,-0.530992352691321,-0.10539889631426844,-0.19490466506322465,2.128021734773794,-0.4222467253601425,-0.6487690381745076,-0.18097790867321242,-0.2107639316421168,1.6619701198548047,1.1939154669399505,-1.1126894631091475,-0.09972105409848263,-0.14280797569017656,1.6205114635088982,-0.4501463163628999,-0.6984853858247819,-0.13448561582809335,-0.07238317484034387,1.6188785321902879
1731067938.46,1.4837717346024528,-0.5111461791039511,-0.10539889631426844,-0.20773588945551738,2.1272988095822627,0.6428705055521089,-0.5240013004444891,-0.18097790867321242,-0.2813010729196113,1.6540176463859875,-0.37451332194942155,-1.1406834339461318,-0.09972105409848263,-0.24144004917143494,1.6201629852316985,1.4261368036056759,-0.5717226900208232,-0.13448561582809335,-0.21147588351654872,1.6185311849150317
1731067938.96,-0.482115029746528,0.0693543983266164,-0.10539889631426844,-0.3142350519115468,2.126575951070146,-0.4222467253601425,-0.6550074250610085,-0.18097790867321242,-0.3551971256865104,1.6570757729619987,-0.37451332194942155,-1.1794443166434951,-0.09972105409848263,-0.2005438235816449,1.6198145073459655,-0.4501463163628999,-0.17368782519639275,-0.13448561582809335,-0.09373512573362094,1.6181838377919668
1731067939.46,-0.482115029746528,-0.18368431491234882,-0.10539889631426844,-0.19490466506322465,2.125853159244327,0.6428705055521089,-0.36492243483871595,-0.18097790867321242,-0.37870950611234183,1.6511906602441786,-1.7188808552831736,-1.1686774047831168,3.573059006625274,0.07129579357401855,1.6194660298517325,-0.4501463163628999,-0.4246779628882311,-0.13448561582809335,-0.21147588351654872,1.6178364908211067
1731067939.96,1.4837717346024528,-0.16135736962655775,-0.10539889631426844,-0.30397007239771273,2.1251304341116555,-0.4222467253601425,-0.8546358054290377,-0.18097790867321242,-0.29137780738782476,1.6597047252566381,1.1939154669399505,-1.015787256365739,-0.09972105409848263,-0.16686457897828838,1.6191175527490131,1.4261368036056759,-0.32580306016114335,-0.13448561582809335,-0.0113776008595523,1.6174891440024546
1731067940.46,-0.482115029746528,0.23804687381925976,-0.10539889631426844,-0.300548412559768,2.124407775679041,0.6428705055521089,-0.7797751627910267,-0.18097790867321242,0.074743544957266,1.6548291917207685,-0.37451332194942155,-0.2814838674879124,-0.09972105409848263,0.2781825818517801,1.6187690760377937,-0.18210587065310885,-0.5286233734474773,-0.13448561582809335,-0.13033847012209587,1.6171417973360307
1731067940.96,-0.482115029746528,0.5853549115982317,-0.10539889631426844,-0.30140382751925415,2.1236851839533397,-0.4222467253601425,-0.14969808725443412,-0.18097790867321242,-0.24435304653616183,1.6576825767284395,-0.37451332194942155,-0.7875287249257109,-0.09972105409848263,-0.21978910621213435,1.6184205997180945,-0.4501463163628999,0.03420299592209946,-0.13448561582809335,0.052678251820278854,1.6167944508218417
1731067941.46,-0.482115029746528,-0.12166502245181833,-0.10539889631426844,1.443214982352811,2.1229626589414283,0.6428705055521089,-0.49904775289848546,-0.18097790867321242,0.16543415517118756,1.6579332384841188,-0.37451332194942155,-0.9274985791106339,-0.09972105409848263,0.09294673653331914,1.618072123789942,-0.4501463163628999,-0.25988645834308477,-0.13448561582809335,0.2783988755492077,1.6164471044598945
1731067941.96,1.4837717346024528,-0.0447610998007602,-0.10539889631426844,-0.12219439350689935,2.1222402006501935,-2.73000072567005,-0.16529405447068643,1.7125343850160237,0.6188872062407955,1.664179058852954,1.1939154669399505,-0.6949332829264541,-0.09972105409848263,-0.26068533180192444,1.6177236482533366,1.4261368036056759,0.05448502725073288,-0.13448561582809335,-0.18066806865624896,1.616099758250206
1731067942.46,-0.482115029746528,0.5059702172487524,-0.10539889631426844,-0.2680426440992931,2.1215178090864955,-0.4222467253601425,-0.6238154906285039,3.4877021603496825,0.22757401772517089,1.6572563231279314,-0.37451332194942155,-0.38484622134754765,-0.09972105409848263,-0.29195891607646973,1.6173751731083046,-0.4501463163628999,0.19899450046724568,-0.13448561582809335,-0.13643902752017503,1.6157524121927656
1731067942.96,-0.482115029746528,0.44891246818506436,-0.10539889631426844,-0.2162900390503792,2.1207954842572296,-0.4222467253601425,0.7735831719477018,-0.18097790867321242,-0.1637391707904537,1.6643246068912536,-0.37451332194942155,-0.8865843140411949,-0.09972105409848263,-0.1981381632528337,1.617026698354833,-0.4501463163628999,0.21420602396372074,-0.13448561582809335,-0.24716414429531178,1.6154050662876007
1731067943.46,-0.201274063410965,0.10160443040609239,-0.10539889631426844,-0.35101789516945264,2.1200732261692647,0.6428705055521089,0.2869889948006298,-0.18097790867321242,2.0128354743436643,1.6645205504108123,-0.37451332194942155,-0.9059647553898765,-0.09972105409848263,-0.2967702367340921,1.6166782239929482,-0.4501463163628999,-0.18636409477678864,-0.13448561582809335,-0.09373512573362094,1.6150577205347212
1731067943.96,1.4837717346024528,-0.08941499037234234,-0.10539889631426844,-0.23553687563881825,2.1193510348294873,-0.4222467253601425,-0.1341021200381818,-0.18097790867321242,-0.2544297810043753,1.6665442934702996,1.1939154669399505,-0.39561313320792635,-0.09972105409848263,-0.3136098590357704,1.6163297500226639,1.4261368036056759,-0.3105915366646683,-0.13448561582809335,-0.22062671961366745,1.6147103749341372
1731067944.46,-2.167160827759946,0.47868172856611885,4.74557083286513,-0.35786121484534206,2.1186289102447575,0.8203900440374883,-0.8047287103370304,-0.18097790867321242,-0.23427631206794824,1.6631803356542996,-0.37451332194942155,-0.7164671066472115,-0.09972105409848263,-0.20535514423926726,1.6159812764439798,-0.4501463163628999,-0.021572590231642427,-0.13448561582809335,-0.14864014231633335,1.6143630294858489
1731067944.96,-0.482115029746528,0.5109317606455949,-0.10539889631426844,-0.19490466506322465,2.1179068524219615,-0.4222467253601425,-0.0467647036271689,-0.18097790867321242,-0.4828357622838815,1.6491812423274426,-0.37451332194942155,-0.5485032816253039,-0.09972105409848263,-0.2342230681850014,1.6156328032569363,-0.4501463163628999,-0.3004505210003516,-0.13448561582809335,-0.2072054933378933,1.614015684189866
1731067945.46,-0.482115029746528,0.39185471912137604,-0.10539889631426844,-0.338614378256903,2.1171848613679862,0.6428705055521089,-0.22767792333569567,-0.18097790867321242,-0.11671440993879062,1.6540387570009942,-0.37451332194942155,-0.07691254214071726,-0.09972105409848263,1.1129467159492599,1.6152843304615063,-0.4501463163628999,-0.3105915366646683,-0.13448561582809335,-0.15169042101537294,1.6136683390462057
1731067945.96,-0.482115029746528,0.369527773835585,4.593978028828273,-0.17779636587350103,2.1164629370897083,-0.599766263845522,0.932662037553475,-0.18097790867321242,-0.47947685079447694,1.6515817314665187,1.1939154669399505,-0.7875287249257109,-0.09972105409848263,-0.19573250292402253,1.6149358580577236,1.4261368036056759,-0.4728477872937355,-0.13448561582809335,-0.08763456833554178,1.6133209940548814
1731067946.46,-0.482115029746528,0.14625832097767452,-0.10539889631426844,-0.3069640247559143,2.1157410795940024,0.8203900440374883,0.09047980787585107,-0.18097790867321242,-0.3887862405805554,1.649539902274102,-0.37451332194942155,-0.5463498992532282,-0.09972105409848263,-0.22700608719856785,1.6145873860456013,-0.18210587065310885,-0.19396985652502616,-0.13448561582809335,-0.19896974085048644,1.6129736492158961
1731067946.96,-0.482115029746528,-0.10181884886444849,-0.10539889631426844,-0.10508609431717574,2.1150192888877495,-0.4222467253601425,0.340015283335888,-0.18097790867321242,-0.06633073759772311,1.6512517847872683,-0.37451332194942155,-0.25348989665092775,-0.09972105409848263,-0.21738344588332317,1.614238914425133,-0.4501463163628999,-0.34862034540585596,-0.13448561582809335,-0.07848373223842303,1.6126263045292537
1731067947.46,-0.201274063410965,-0.0447610998007602,-0.10539889631426844,0.780268388751021,2.1142975649778193,0.6428705055521089,0.9420196178832267,-0.18097790867321242,-0.3955040635593644,1.6439273677793755,-0.37451332194942155,-0.7724550483211807,-0.09972105409848263,-0.26068533180192444,1.6138904431963716,-0.4501463163628999,-0.3689023767344894,-0.13448561582809335,-0.1940892949320231,1.6122789599949705
1731067947.96,1.4837717346024528,0.2554122757082084,-0.10539889631426844,-0.11364024391203754,2.1135759078711147,-0.4222467253601425,0.8983509096777202,-0.18097790867321242,1.9658107134920013,1.6518885014868172,1.1939154669399505,-0.6281784293921061,-0.09972105409848263,-0.06342118483940759,1.6135419723592779,1.4261368036056759,0.03927350375425782,-0.13448561582809335,-0.2099507441670289,1.611931615613057
1731067948.46,-0.482115029746528,0.23804687381925976,-0.10539889631426844,-0.17351929107607014,2.1128543175745054,-0.4222467253601425,0.7735831719477018,-0.18097790867321242,-0.28465998440901585,1.6603544325146258,-0.37451332194942155,-0.47098151623057727,-0.09972105409848263,-0.039364581551295755,1.6131935019138912,-0.4501463163628999,0.3358982119355212,-0.13448561582809335,-0.12728819142305636,1.61158427138353
1731067948.96,-0.482115029746528,0.0023735624692431756,-0.10539889631426844,-0.22997667840215807,2.1121327940948684,0.6428705055521089,-0.3773992086117175,-0.18097790867321242,-0.3014545418560383,1.6592783378976999,-0.37451332194942155,-0.02092460046674801,-0.09972105409848263,-0.2727136334459803,1.6128450318602183,-0.4501463163628999,-0.09509495379793856,-0.13448561582809335,0.37905807261751384,1.6112369273063825
1731067949.46,-0.482115029746528,-0.15639582622971557,-0.10539889631426844,-0.12647146830433026,2.111411337439091,-0.4222467253601425,-0.25886985776820026,1.7125343850160237,-0.1200733214281952,1.644315379037836,-0.37451332194942155,-0.6238716646479546,-0.09972105409848263,-0.1596475979918548,1.612496562198273,-0.4501463163628999,-0.24974544267876805,-0.13448561582809335,-0.06018206004418555,1.6108895833816315
1731067949.96,1.4837717346024528,0.36704700213716374,-0.10539889631426844,-0.2577776645854589,2.110689947614037,-0.4222467253601425,-0.21208195611944336,-0.18097790867321242,-0.4122986210063869,1.6415911946800013,-0.37451332194942155,-0.7336941656238174,-0.09972105409848263,0.6847391774208696,1.6121480929280751,1.4261368036056759,-0.0570661450567509,-0.13448561582809335,-0.1739574555183619,1.6105422396092868
1731067950.46,-0.482115029746528,0.07431594172345886,-0.10539889631426844,-0.3240723239456379,2.1099686246266143,-0.4222467253601425,1.1478863851377565,1.7125343850160237,-0.1267911444070042,1.6438218143872696,1.1939154669399505,-0.42791386878906246,-0.09972105409848263,-0.2342230681850014,1.6117996240496244,-0.4501463163628999,0.18124772305469145,-0.13448561582809335,-0.2108658277767408,1.6101948959893624
1731067950.96,-0.482115029746528,0.1437775492792533,-0.10539889631426844,-0.10936316911460664,2.1092473684836928,-0.4222467253601425,0.21524754560586953,-0.18097790867321242,-0.16038025930104927,1.6433581959995236,-0.37451332194942155,-0.7293874008796659,-0.09972105409848263,-0.06823250549702994,1.611451155562928,-0.4501463163628999,-0.04692512939243419,-0.13448561582809335,-0.1028859618307397,1.6098475525218647
1731067951.46,-0.482115029746528,0.35216237194663635,-0.10539889631426844,-0.28386782084978746,2.1085261791921583,0.6428705055521089,0.5552396309201695,-0.18097790867321242,-0.3955040635593644,1.6473578728919904,-0.37451332194942155,-0.8908910787853463,-0.09972105409848263,-0.10912873108682,1.6111026874680057,-0.18210587065310885,0.5843530957112802,-0.13448561582809335,-0.21910158026414767,1.6095002092068038
1731067951.96,-0.201274063410965,0.4315470662961157,-0.10539889631426844,-0.2714643039372378,2.1078050567588886,-0.4222467253601425,0.9638539719859797,-0.18097790867321242,-0.12343223291759962,1.6393198909566158,1.1939154669399505,-0.22549592581394312,-0.09972105409848263,-0.27030797311716914,1.6107542197648708,1.4261368036056759,0.18124772305469145,-0.13448561582809335,0.40041002351079086,1.6091528660441865
1731067952.46,1.4837717346024528,0.5109317606455949,-0.10539889631426844,-0.1606880666837775,2.107084001190765,0.6428705055521089,1.16972073924051,-0.18097790867321242,1.1059293722044485,1.6503732036623333,-0.37451332194942155,-0.58080401720644,-0.09972105409848263,-0.08507212779870818,1.6104057524535433,-2.0583889906216846,0.5868883496273595,4.471324869238586,-0.19744460150096663,1.6088055230340228
1731067952.96,-0.482115029746528,0.8383936248371969,-0.10539889631426844,-0.3749695140350657,2.1063630124946795,-0.4222467253601425,-0.583265975866248,-0.18097790867321242,-0.38206841760174637,1.6567374763478766,-1.7188808552831736,-0.6432521059966363,3.573059006625274,-0.22460042686975668,1.610057285534017,-0.4501463163628999,-0.0900244459657802,-0.13448561582809335,-0.15169042101537294,1.6084581801763296
1731067953.46,-0.201274063410965,0.6399318889634988,-0.10539889631426844,0.061719822782629406,2.105642090677513,0.6428705055521089,-0.2807042118709535,-0.18097790867321242,-0.18725155121628517,1.650568785368807,-0.37451332194942155,-0.6131047527875761,-0.09972105409848263,-0.2799306144324139,1.6097088190063047,-0.18210587065310885,-0.8252480816287407,-0.13448561582809335,-0.16816192599018667,1.6081108374711068
1731067953.96,-0.482115029746528,0.7515666153924542,-0.10539889631426844,-0.31936754166846393,2.104921235746148,-0.4222467253601425,-0.20272437578969196,-0.18097790867321242,-0.37535059462293735,1.655231855195899,1.1939154669399505,-0.22764930818601886,-0.09972105409848263,-0.12837401371730947,1.6093603528704337,-0.4501463163628999,-0.7491904641463655,-0.13448561582809335,-0.230997667190402,1.6077634949183748
1731067954.46,1.4837717346024528,2.0713371589525473,-0.10539889631426844,2.568085654077138,2.1042004477074703,0.6428705055521089,-0.6331730709582554,-0.18097790867321242,-0.3686327716441284,1.6490338949595398,-0.15045206639380151,0.9674779083160159,-0.09972105409848263,-0.1981381632528337,1.6090118871263965,1.4261368036056759,0.7643561237529019,-0.13448561582809335,-0.03883010915090854,1.6074161525181334
1731067954.96,-0.201274063410965,0.4315470662961157,-0.10539889631426844,-0.11364024391203754,2.1034797265683496,-0.4222467253601425,1.2258662212190183,-0.18097790867321242,-0.2745832499408023,1.6441084624878313,-0.37451332194942155,0.017836282230615317,-0.09972105409848263,2.525069328961423,1.6086634217742342,-0.4501463163628999,-0.3917196619792018,-0.13448561582809335,-0.19805465724077456,1.6070688102703894
1731067955.46,-0.482115029746528,-0.3250883017223589,-0.10539889631426844,-0.2949882153231078,2.1027590723356937,0.6428705055521089,-0.2963001790872058,-0.18097790867321242,-0.3585560371759149,1.6474549399395813,-0.37451332194942155,-0.19965533734903423,-0.09972105409848263,-0.08988344845633055,1.6083149568139259,-0.4501463163628999,-0.37143763065056856,-0.13448561582809335,-0.1394893062192146,1.6067214681751663
1731067955.96,1.4837717346024528,-0.565723156469218,-0.10539889631426844,-0.09653194472231393,2.102038485016376,-0.4222467253601425,1.257058155651523,-0.18097790867321242,-0.33840256823948783,1.652661887784834,-0.37451332194942155,-0.4925153399513347,3.4582846297276566,-0.2654966524595468,1.6079664922454988,1.4261368036056759,-0.7872192728875531,-0.13448561582809335,-0.19134404410288747,1.606374126232464
1731067956.46,-0.482115029746528,-0.4044729960718382,-0.10539889631426844,-0.30140382751925415,2.101317964617291,0.6428705055521089,0.14038690296785844,-0.18097790867321242,-0.06297182610831867,1.641608597187347,-0.37451332194942155,0.4442059919016117,-0.09972105409848263,-0.28955325574765856,1.607618028068966,-0.4501463163628999,-0.48552405687413136,-0.13448561582809335,-0.21849152452433976,1.6060267844422997
1731067956.96,-0.482115029746528,-0.4168768545639443,-0.10539889631426844,0.16009254312354015,2.1005975111453163,-0.4222467253601425,0.38680318498464455,-0.18097790867321242,-0.14694461334343126,1.6432266783153655,-0.37451332194942155,-0.1867350431165798,-0.09972105409848263,-0.05139288319535172,1.6072695642843278,-0.4501463163628999,-0.7720077493910781,-0.13448561582809335,-0.1547406997144125,1.605679442804673
1731067957.46,-0.482115029746528,-0.5409154394850059,-0.10539889631426844,-0.3223614940266656,2.0998771246073304,0.6428705055521089,-0.8608741923155386,-0.18097790867321242,-0.2645065154725888,1.651086637193269,-0.37451332194942155,-0.05968548316411134,-0.09972105409848263,-0.2727136334459803,1.6069211008916309,-0.4501463163628999,-0.40693118547567686,-0.13448561582809335,-0.20385018676894975,1.6053321013195978
1731067957.96,1.4837717346024528,-0.3523767904049925,-0.10539889631426844,0.22424866508500363,2.099156805010232,-0.4222467253601425,-1.0480257989105664,-0.18097790867321242,-0.37870950611234183,1.6379223299960886,1.1939154669399505,-0.16735460176789813,-0.09972105409848263,-0.2967702367340921,1.6065726378908283,1.4261368036056759,-0.34862034540585596,-0.13448561582809335,-0.15169042101537294,1.6049847599870837
1731067958.46,-0.201274063410965,-0.4640115168339477,-0.10539889631426844,0.09165934636464575,2.098436552360912,0.6428705055521089,-0.7205104873692683,-0.18097790867321242,-0.2544297810043753,1.6478818119817307,-0.37451332194942155,-0.7272340185075902,-0.09972105409848263,-0.1379966550325542,1.606224175281987,-0.4501463163628999,-0.7948250346357907,-0.13448561582809335,-0.05713178134514597,1.6046374188071444
1731067958.96,-0.482115029746528,-0.25810746586498573,-0.10539889631426844,-0.09653194472231393,2.0977163666662437,-0.4222467253601425,-0.2682274380979517,-0.18097790867321242,-0.04953618015070065,1.6540328365200505,-0.37451332194942155,-1.20743828748048,-0.09972105409848263,-0.29917589706290326,1.6058757130650871,-0.18210587065310885,-0.5489054047761106,-0.13448561582809335,2.2000744559441427,1.60429007777979
1731067959.46,-0.482115029746528,-0.5731654715644817,-0.10539889631426844,0.3482838342104998,2.0969962479331263,0.6428705055521089,-0.8328014513262845,-0.18097790867321242,-0.34176147972889237,1.6432738824470574,-0.37451332194942155,-1.1213029925974505,-0.09972105409848263,0.5139372940752759,1.6055272512401417,-0.4501463163628999,-0.2015756182732637,-0.13448561582809335,-0.17914292930672918,1.6039427369050203
1731067959.96,-0.482115029746528,-0.24322283567445835,-0.10539889631426844,0.11732179514923119,2.0962761961684335,-0.4222467253601425,-1.216462244846091,-0.18097790867321242,-0.05289509164010508,1.6482906207410644,1.1939154669399505,-1.2332788759453888,-0.09972105409848263,-0.1163457120732536,1.6051787898071976,1.4261368036056759,0.16603619955821666,-0.13448561582809335,-0.2517395623438712,1.6035953961828524
1731067960.46,1.4837717346024528,-0.4664922885323689,-0.10539889631426844,-0.2868617732079891,2.0955562113790642,0.6428705055521089,-0.5489548479904929,-0.18097790867321242,-0.17381590525866714,1.6341185881392735,-0.15045206639380151,-0.9791797560404515,-0.09972105409848263,-0.08266646746989705,1.604830328766215,-0.4501463163628999,-0.5742579439369024,-0.13448561582809335,-0.03577983045186896,1.6032480556132929
1731067960.96,-2.167160827759946,-0.3498960187065712,4.74557083286513,-0.023821673165988613,2.0948362935719134,-0.4222467253601425,-0.21832034300594427,-0.18097790867321242,-0.3115312763242518,1.6389292400494726,-0.37451332194942155,-0.7767618130653322,-0.09972105409848263,-0.08988344845633055,1.6044818681172337,-0.4501463163628999,-0.5362291351957148,-0.13448561582809335,-0.2224568868330912,1.6029007151963621
1731067961.46,-0.482115029746528,0.022219736056613017,-0.10539889631426844,-0.21201296425294827,2.0941164427538546,0.6428705055521089,-0.8827085464182919,-0.18097790867321242,-0.08312529504474556,1.6388472462427153,-0.37451332194942155,-0.8004490191581654,-0.09972105409848263,-0.07184099599024675,1.6041334078602605,-0.4501463163628999,-0.3435498375736976,-0.13448561582809335,0.095382153606833,1.6025533749320564
1731067961.96,-0.201274063410965,0.014777420961349326,-0.10539889631426844,-0.053761196748004954,2.0933966589317827,-0.4222467253601425,-0.0623606708434212,-0.18097790867321242,1.4418205211448987,1.6469042411673187,1.1939154669399505,-1.0868488746442386,-0.09972105409848263,-0.05379854352416285,1.6037849479953155,1.4261368036056759,-0.4905945647062897,-0.13448561582809335,-0.13033847012209587,1.6022060348203895
1731067962.46,1.20293076826688,0.31743156816873913,-0.10539889631426844,0.08738227156721484,2.09267694211258,-0.4222467253601425,-0.8296822578830341,1.7125343850160237,-0.38542732909115085,1.6528395057690277,-0.37451332194942155,-1.1277631397136774,-0.09972105409848263,-0.17648722029353311,1.603436488522405,-0.4501463163628999,-0.40946643939175603,-0.13448561582809335,-0.09373512573362094,1.601858694861368
1731067962.96,-0.201274063410965,-0.06212650168970881,-0.10539889631426844,-0.2684703515790362,2.0919572923031495,-0.4222467253601425,-0.46161743157947993,-0.18097790867321242,-0.16038025930104927,1.6392934123237655,-0.37451332194942155,0.34299702041405167,-0.09972105409848263,-0.005685336947939303,1.6030880294415364,-0.4501463163628999,-0.11284173121049279,-0.13448561582809335,-0.16389153581153126,1.6015113550550086
1731067963.46,-0.482115029746528,0.2554122757082084,-0.10539889631426844,0.0018407756185968207,2.0912377095103736,0.6428705055521089,-0.14657889381118366,-0.18097790867321242,-0.38206841760174637,1.6370078835486497,-0.37451332194942155,-0.7380009303679689,-0.09972105409848263,-0.04898722286654049,1.6027395707527292,-0.4501463163628999,0.084908074243683,-0.13448561582809335,-0.21178091138645266,1.6011640154013216
1731067963.96,1.4837717346024528,0.11152751719977731,-0.10539889631426844,-0.19490466506322465,2.0905181937411434,-1.4873639562724066,-0.006215188864912895,1.7125343850160237,-0.3988629750487689,1.643268169838169,1.1939154669399505,0.17933996013629586,-0.09972105409848263,-0.13559099470374297,1.6023911124559769,1.4261368036056759,-0.16354680953207604,-0.13448561582809335,-0.08763456833554178,1.6008166759003104
1731067964.46,-0.482115029746528,-0.019953382816547897,-0.10539889631426844,-0.35101789516945264,2.089798745002353,0.6428705055521089,-0.33684969384946184,-0.18097790867321242,-0.16038025930104927,1.6372775112389732,-0.37451332194942155,-0.770301665949105,-0.09972105409848263,0.018371266340172526,1.602042654551313,-2.0583889906216846,-0.31566204449682667,4.471324869238586,-0.230997667190402,1.6004693365519884
1731067964.96,-0.482115029746528,0.18843143985083516,-0.10539889631426844,-0.2162900390503792,2.089079363300881,-0.4222467253601425,0.5365244702606667,-0.18097790867321242,-0.4727590278156679,1.6373562781637596,-0.37451332194942155,-0.7487678422283476,-0.09972105409848263,0.13624862245192043,1.6016941970387504,-0.4501463163628999,-0.021572590231642427,-0.13448561582809335,-0.014427879558591884,1.6001219973563554
1731067965.46,-0.201274063410965,0.1288929190887259,-0.10539889631426844,2.5381461304951216,2.0883600486436342,-0.4222467253601425,-0.6768417791637618,-0.18097790867321242,-0.13015005589640863,1.6408366142943158,-0.37451332194942155,-0.8456700489717558,-0.09972105409848263,1.103324074634015,1.601345739918283,-0.4501463163628999,-0.01143157456732572,-0.13448561582809335,-0.22367699831270704,1.5997746583134385
1731067965.96,1.4837717346024528,0.22068147193031115,-0.10539889631426844,-0.3069640247559143,2.0876408010374874,0.6428705055521089,0.3680880243251418,-0.18097790867321242,-0.28801889589842034,1.64042169343726,1.1939154669399505,0.12765878320647808,-0.09972105409848263,-0.03695892122248463,1.6009972831899306,-0.4501463163628999,-0.3232678062450642,-0.13448561582809335,-0.1547406997144125,1.5994273194232411
1731067966.46,-0.482115029746528,0.36456623043874253,-0.10539889631426844,-0.0879777951274521,2.0869216204893473,0.6428705055521089,0.6862457555366889,-0.18097790867321242,1.0353922309269539,1.6381535395539215,-0.37451332194942155,-0.29655754409244256,-0.09972105409848263,-0.08747778812751941,1.6006488268537067,1.4261368036056759,-0.5311586273635566,-0.13448561582809335,-0.17121220468922627,1.5990799806857665
1731067966.96,-0.482115029746528,0.3447200568513727,-0.10539889631426844,-0.310385684593859,2.0862025070061008,-0.4222467253601425,-0.3274921135197104,-0.18097790867321242,-0.32496692228186985,1.627283699001258,-0.37451332194942155,-0.7832219601815594,-0.09972105409848263,-0.21257212522570082,1.6003003709096244,-0.18210587065310885,-0.5134118499510023,-0.13448561582809335,0.23569497376265358,1.5987326421010315
1731067967.46,-0.482115029746528,0.024700507755034247,-0.10539889631426844,-0.2671872291398069,2.0854834605946255,0.6428705055521089,1.2227470277757675,-0.18097790867321242,-0.23763522355735284,1.638188130653463,-0.15045206639380151,-0.5614235758577584,-0.09972105409848263,-0.08266646746989705,1.5999519153576973,-0.4501463163628999,-0.4500305020490229,-0.13448561582809335,-0.10593624052977928,1.5983853036690328
1731067967.96,-0.482115029746528,-0.3399729319128863,-0.10539889631426844,-0.2731751338562102,2.084764481261842,-0.4222467253601425,0.4834981817254092,-0.18097790867321242,-0.3316847452606788,1.6450790095427212,1.1939154669399505,-0.5743438700902128,-0.09972105409848263,-0.2847419350900362,1.5996034601979254,-0.4501463163628999,-0.3612966149862518,4.327393291580252,-0.17914292930672918,1.5980379653897971
1731067968.46,1.4837717346024528,-0.29531904134130416,-0.10539889631426844,-0.11791731870946845,2.084045569014625,0.6428705055521089,0.340015283335888,-0.18097790867321242,-0.13015005589640863,1.6350288955746457,-0.15045206639380151,-0.5678837229739856,-0.09972105409848263,-0.33285514166625985,1.5992550054303287,-0.18210587065310885,-0.42214270897215195,-0.13448561582809335,-0.18310829161548065,1.597690627263328
1731067968.96,-0.482115029746528,-0.17128045642024267,-0.10539889631426844,-0.23553687563881825,2.0833267238598765,-0.2447271868747757,0.6644114014339353,-0.18097790867321242,-0.4425288244110275,1.6322498092104682,-0.37451332194942155,-0.14366739567506498,-0.09972105409848263,-0.10912873108682,1.5989065510549205,-0.4501463163628999,-0.15594104778383852,-0.13448561582809335,-0.16694181451057086,1.5973432892896355
1731067969.46,-0.482115029746528,0.007335105866085636,-0.10539889631426844,-0.243663317753937,2.0826079458044746,0.6428705055521089,0.9420196178832267,-0.18097790867321242,-0.09991985249176816,1.6408606296886157,-0.37451332194942155,-0.3826928389754719,-0.09972105409848263,0.04002220929947323,1.598558097071701,-0.4501463163628999,-0.2548159505109264,-0.13448561582809335,-0.19652951789125475,1.596995951468723
1731067969.96,-0.482115029746528,-0.0447610998007602,-0.10539889631426844,1.977849332031674,2.081889234855319,-0.4222467253601425,-0.6331730709582554,-0.18097790867321242,-0.13015005589640863,1.6354190266688777,1.1939154669399505,-0.6647859297173937,-0.09972105409848263,1.4665787842845035,1.5982096434807167,-0.18210587065310885,-0.15087053995168015,-0.13448561582809335,-0.14192952917844628,1.5966486138006075
1731067970.46,1.4837717346024528,0.35216237194663635,-0.10539889631426844,-0.30397007239771273,2.0811705910193132,0.6428705055521089,-0.7361064545855206,-0.18097790867321242,-0.40222188653817337,1.63895762723295,-0.37451332194942155,-0.6733994592056967,-0.09972105409848263,-0.26068533180192444,1.5978611902819344,1.4261368036056759,0.05448502725073288,-0.13448561582809335,-0.08763456833554178,1.5963012762852922
1731067970.96,-2.167160827759946,0.04950822473924655,4.74557083286513,-0.03237582276085042,2.080452014303348,-0.4222467253601425,0.16534045051386215,-0.18097790867321242,-0.16038025930104927,1.6289368095385952,-0.37451332194942155,-0.6669393120894694,-0.09972105409848263,0.12422032080786446,1.5975127374753941,-0.4501463163628999,0.637593427948943,-0.13448561582809335,-0.17151723255913023,1.5959539389228004
1731067971.46,-0.482115029746528,0.09912365870767116,-0.10539889631426844,1.965018107639381,2.079733504714318,0.6428705055521089,0.12479093575160614,-0.18097790867321242,-0.2544297810043753,1.6241498474617186,-0.15045206639380151,-0.852130196087983,-0.09972105409848263,-0.09710042944276415,1.5971642850610959,-0.4501463163628999,0.0519497733346537,-0.13448561582809335,-0.19317421132231122,1.5956066017131292
1731067971.96,1.4837717346024528,0.5134125323440161,-0.10539889631426844,-0.10080901951974483,2.07901506225911,-0.4222467253601425,-0.08419502494617444,-0.18097790867321242,-0.4055807980275779,1.6315723649245584,1.1939154669399505,-0.8564369608321345,-0.09972105409848263,-0.22219476654094555,1.5968158330390463,1.4261368036056759,0.3815327824249464,-0.13448561582809335,-0.14558986361729379,1.5952592646562882
1731067972.46,-0.482115029746528,0.272777677597157,-0.10539889631426844,-0.17779636587350103,2.078296686944623,0.6428705055521089,0.24955867348162425,-0.18097790867321242,-0.24771195802556628,1.6333743469480346,-0.37451332194942155,-0.9425722557151641,-0.09972105409848263,-0.03214760056486226,1.5964673814092922,-0.4501463163628999,0.0950490899079997,-0.13448561582809335,-0.22611722127193867,1.5949119277522912
1731067972.96,-0.482115029746528,0.23060455872399607,-0.10539889631426844,-0.262910154342376,2.077578378777756,-0.4222467253601425,0.8453246211424621,-0.18097790867321242,-0.4122986210063869,1.6369942200043168,-0.37451332194942155,-0.7573813717166505,-0.09972105409848263,-0.17889288062234426,1.5961189301718002,-0.18210587065310885,0.1077253594883956,-0.13448561582809335,-0.14558986361729379,1.594564591001145
1731067973.46,-0.482115029746528,0.5704702814077044,-0.10539889631426844,-0.16496514148120842,2.0768601377654132,0.6428705055521089,0.7735831719477018,-0.18097790867321242,-0.37535059462293735,1.6411912244821314,-0.37451332194942155,-0.25348989665092775,-0.09972105409848263,-0.35210042429674926,1.5957704793266039,-0.4501463163628999,0.40688532158573815,-0.13448561582809335,-0.21788146878453182,1.5942172544028694
1731067973.96,1.4837717346024528,0.555585651217177,-0.10539889631426844,-0.3009761200395111,2.076141963914472,-0.4222467253601425,0.3368960898926372,-0.18097790867321242,-0.2544297810043753,1.6381362042506242,1.1939154669399505,-0.5118957813000163,-0.09972105409848263,-0.18370420127996662,1.5954220288737029,1.4261368036056759,0.361250751096313,-0.13448561582809335,-0.13643902752017503,1.5938699179574614
1731067974.46,-0.482115029746528,0.5134125323440161,-0.10539889631426844,0.11732179514923119,2.075423857231841,0.6428705055521089,0.09359900131910152,-0.18097790867321242,-0.2745832499408023,1.631798535127324,-0.15045206639380151,-0.6497122531128635,-0.09972105409848263,1.115352376278071,1.595073578813131,-0.4501463163628999,-0.14072952428736346,-0.13448561582809335,-0.1776177899572094,1.5935225816649343
1731067974.96,-0.482115029746528,0.5407010210266496,-0.10539889631426844,-0.2992652901205387,2.0747058177244053,-0.599766263845522,-0.5614316217634947,-0.18097790867321242,0.2729193228321316,1.62104100441055,-0.37451332194942155,-0.25779666139507923,-0.09972105409848263,-0.1379966550325542,1.5947251291448945,-0.4501463163628999,-0.5793284517690608,-0.13448561582809335,-0.044930666548987704,1.5931752455252948
1731067975.46,-0.482115029746528,0.8756052003135154,-0.10539889631426844,0.1301530195415239,2.073987845399078,0.8203900440374883,-0.38051840205496795,-0.18097790867321242,0.9581372666706502,1.6223028553903358,-0.37451332194942155,-0.17812151362827683,-0.09972105409848263,-0.06823250549702994,1.5943766798689802,-0.4501463163628999,-0.30298577491643075,-0.13448561582809335,1.111124960387013,1.5928279095385631
1731067975.96,1.4837717346024528,0.8259897663450908,-0.10539889631426844,-0.2633378618221191,2.0732699402627457,-0.4222467253601425,0.03745351934059322,-0.18097790867321242,2.342008800305306,1.634307201151052,1.1939154669399505,-0.4774416633468045,-0.09972105409848263,0.090541076204508,1.5940282309854286,1.4261368036056759,-0.5210176116992399,-0.13448561582809335,-0.223982026182611,1.5924805737047463
1731067976.46,-2.167160827759946,-0.5384346677865846,-0.10539889631426844,-0.20345881465808646,2.0725521023223115,0.6428705055521089,-0.23391631022219658,-0.18097790867321242,-0.05289509164010508,1.6286297856241325,-0.15045206639380151,-0.11567342483808035,-0.09972105409848263,0.15068258442478752,1.5936797824942324,-0.4501463163628999,-0.8759531599503242,-0.13448561582809335,0.7633931886965009,1.592133238023847
1731067976.96,1.4837717346024528,-0.5061846357071086,-0.10539889631426844,-0.2902834330459338,2.0718343315846703,-0.4222467253601425,0.24332028659512334,-0.18097790867321242,-0.33840256823948783,1.6286730433565968,-0.37451332194942155,0.1125851066019479,-0.09972105409848263,-0.17167589963591076,1.5933313343954187,-0.18210587065310885,-0.6021457370137734,-0.13448561582809335,-0.24319878198656034,1.591785902495876
1731067977.46,-0.482115029746528,-0.5285115809928996,-0.10539889631426844,-0.092254869924883,2.0711166280567177,0.6428705055521089,0.44606786040640367,-0.18097790867321242,-0.1267911444070042,1.628595540229639,-0.37451332194942155,-0.2298026905580946,-0.09972105409848263,0.02318258699779489,1.5929828866890008,-0.4501463163628999,-0.5565111665243482,-0.13448561582809335,0.8182982052792135,1.5914385671208429
1731067977.96,1.4837717346024528,-0.25810746586498573,-0.10539889631426844,-0.2860063582485029,2.0703989917453565,-0.4222467253601425,0.13102932263810707,-0.18097790867321242,-0.28465998440901585,1.6301964152500845,1.1939154669399505,-0.14366739567506498,-0.09972105409848263,-0.16686457897828838,1.5926344393749718,1.4261368036056759,-0.48805931079021053,-0.13448561582809335,-0.25112950660406325,1.591091231898765
1731067978.46,-0.201274063410965,0.38937394742295484,-0.10539889631426844,-0.24109707287547844,2.069681422657487,-0.4222467253601425,-1.1727935366405844,-0.18097790867321242,-0.2241995775997348,1.628282834733148,-0.37451332194942155,0.48942702171520197,-0.09972105409848263,-0.2943645764052809,1.5922859924533521,-0.18210587065310885,-0.3841139002309643,-0.13448561582809335,1.3093930758245855,1.5907438968296452
1731067978.96,-0.482115029746528,-0.4019922243734169,-0.10539889631426844,-0.18635051546836284,2.068963920800003,0.6428705055521089,-0.577027588979747,-0.18097790867321242,0.3300208181520083,1.6209531018814967,-0.37451332194942155,-0.22334254344186738,-0.09972105409848263,1.5748334990810064,1.591937545924155,-0.4501463163628999,-0.45256575596510207,-0.13448561582809335,-0.24350380985646428,1.5903965619135005
1731067979.46,-0.482115029746528,-0.38462682248446844,-0.10539889631426844,1.3705047107964858,2.0682464861798096,0.6428705055521089,-1.3100380481436047,-0.18097790867321242,-0.24099413504675726,1.6237586687218748,-0.37451332194942155,-0.6497122531128635,-0.09972105409848263,0.07129579357401855,1.5915890997874003,-0.4501463163628999,-0.6376392918388818,-0.13448561582809335,0.8060970904830551,1.5900492271503277
1731067979.96,1.4837717346024528,-0.3747037356907835,-0.10539889631426844,-0.19490466506322465,2.0675291188037916,-0.4222467253601425,-0.6331730709582554,-0.18097790867321242,-0.4492466473898365,1.6232331885150382,-0.37451332194942155,-1.3452547592933273,-0.09972105409848263,0.38643729664828325,1.5912406540430948,-0.4501463163628999,-0.7339789406498904,-0.13448561582809335,-0.09983568313170012,1.58970189254014
1731067980.46,-0.482115029746528,0.434027837994537,-0.10539889631426844,-0.27873533109287035,2.0668118186788713,0.6428705055521089,-0.3898759823847193,-0.18097790867321242,0.9581372666706502,1.6249945269220196,1.1939154669399505,-1.2397390230616159,-0.09972105409848263,0.5644561609803107,1.5908922086912387,1.1580963578958752,-0.4043959315595977,-0.13448561582809335,0.0069240713346851905,1.589354558082961
1731067980.96,-0.482115029746528,-0.23578052057919466,-0.10539889631426844,-0.07514657073515939,2.066094585811934,-0.4222467253601425,-0.8483974185425368,-0.18097790867321242,-0.42909317845340944,1.6310889779902724,-0.37451332194942155,-1.000713579761209,-0.09972105409848263,0.6943618187361145,1.5905437637318518,-0.18210587065310885,-0.30298577491643075,-0.13448561582809335,-0.06323233874322513,1.5890072237787878
1731067981.46,-0.201274063410965,-0.3747037356907835,-0.10539889631426844,-0.281729283451072,2.0653774202098925,0.6428705055521089,-0.835920644769535,-0.18097790867321242,-0.3316847452606788,1.626554224899133,-0.37451332194942155,-1.0846954922721628,-0.09972105409848263,-0.14280797569017656,1.5901953191649543,-0.4501463163628999,-0.2750979818395598,-0.13448561582809335,-0.1983596851106785,1.5886598896276365
1731067981.96,1.4837717346024528,-0.36974219229394106,-0.10539889631426844,-0.19490466506322465,2.064660321879633,-0.4222467253601425,-1.0230722513645627,-0.18097790867321242,0.5114020385798513,1.6301226731669434,1.1939154669399505,-1.1837510813876466,-0.09972105409848263,-0.2342230681850014,1.589846874990546,1.4261368036056759,-0.5590464204404273,-0.13448561582809335,-0.21208593925635663,1.5883125556295041
1731067982.46,-0.482115029746528,-0.16879968472182144,-0.10539889631426844,-0.224844188645241,2.0639432908280595,0.6428705055521089,-0.22143953644919473,-0.18097790867321242,0.5517089764527053,1.6247841295484358,-0.37451332194942155,-0.8887376964132706,-0.09972105409848263,-0.1235626930596871,1.5894984312086473,-0.4501463163628999,-0.43228372463646864,-0.13448561582809335,-0.04798094524802728,1.5879652217844107
1731067982.96,-0.482115029746528,-0.31020367153183154,-0.10539889631426844,-0.229548970922415,2.063226327062084,-0.4222467253601425,-0.7672983890180248,-0.18097790867321242,0.5214787730480649,1.6305946447935753,-0.37451332194942155,-0.8370565194834528,-0.09972105409848263,-0.11875137240206474,1.5891499878192514,-0.4501463163628999,-0.10270071554617609,-0.13448561582809335,-0.2087306326874131,1.5876178880923664
1731067983.46,-0.482115029746528,0.08175825681872255,-0.10539889631426844,-0.2590607870246882,2.062509430588601,0.6428705055521089,-0.7423448414720215,-0.18097790867321242,-0.22755848908913923,1.624977468861176,-0.37451332194942155,-1.1428368163182079,-0.09972105409848263,-0.1379966550325542,1.5888015448223982,-2.0583889906216846,-0.363831868902331,4.471324869238586,0.3729575152194347,1.587270554553385
1731067983.96,-0.482115029746528,-0.19360740170603374,-0.10539889631426844,-0.310385684593859,2.0617926014145107,-0.4222467253601425,-0.20272437578969196,-0.18097790867321242,-0.04617726866129607,1.6232186831381008,1.1939154669399505,-0.5075890165558649,-0.09972105409848263,-0.08988344845633055,1.5884531022180877,1.4261368036056759,-0.31819729841290584,-0.13448561582809335,-0.19927476872039038,1.5869232211674658
1731067984.46,1.4837717346024528,0.1661044945650441,-0.10539889631426844,-0.224844188645241,2.0610758395467204,-0.4222467253601425,-0.8047287103370304,1.7125343850160237,-0.09991985249176816,1.6140075578602107,-0.37451332194942155,-0.6561724002290907,-0.09972105409848263,-0.2654966524595468,1.5881046600063202,-0.4501463163628999,-0.17368782519639275,-0.13448561582809335,-0.0845842896365022,1.5865758879346228
1731067984.96,-0.482115029746528,-0.03483801300707528,-0.10539889631426844,-0.139302692696623,2.060359144992121,-0.599766263845522,0.06552626032984737,-0.18097790867321242,-0.33504365675008335,1.620457233724465,-0.37451332194942155,-0.9554925499476185,-0.09972105409848263,-0.32323250035101514,1.5877562181871356,-0.4501463163628999,-0.03678411372811749,-0.13448561582809335,-0.2419786705069445,1.5862285548548627
1731067985.46,-2.167160827759946,-0.022434154514969128,4.74557083286513,-0.2860063582485029,2.059642517757634,0.6428705055521089,-0.1372213134814323,-0.18097790867321242,-0.01258815376725101,1.6120869284226724,-0.37451332194942155,-0.8995046082736493,-0.09972105409848263,-0.20535514423926726,1.5874077767605073,-0.18210587065310885,-0.17368782519639275,-0.13448561582809335,0.03132630092700178,1.5858812219282021
1731067985.96,1.4837717346024528,-0.05716495829286635,-0.10539889631426844,-0.11364024391203754,2.0589259578501578,-0.4222467253601425,0.06552626032984737,-0.18097790867321242,-0.2107639316421168,1.6195059740333266,1.1939154669399505,-0.7250806361355144,-0.09972105409848263,-0.21738344588332317,1.5870593357264817,1.4261368036056759,-0.20411087218934287,-0.13448561582809335,-0.24106358689723262,1.585533889154651
1731067986.46,-0.482115029746528,0.3571239153434788,-0.10539889631426844,-0.2937050928838785,2.058209465276583,0.6428705055521089,0.21212835216261908,-0.18097790867321242,-0.38206841760174637,1.6285886305741495,-0.37451332194942155,-0.770301665949105,-0.09972105409848263,0.006342964696116665,1.5867108950850526,-0.18210587065310885,-0.12805325470696785,-0.13448561582809335,0.09233187490779342,1.58518655653421
1731067986.96,-0.482115029746528,0.24548918891452345,-0.10539889631426844,-0.0879777951274521,2.057493040043832,-0.4222467253601425,-0.5895043627527489,-0.18097790867321242,-0.039459445682487056,1.6147578971804464,-0.37451332194942155,-0.8004490191581654,-0.09972105409848263,-0.2654966524595468,1.5863624548362265,-0.4501463163628999,-0.36636712281841016,-0.13448561582809335,-0.21391610647578038,1.5848392240668987
1731067987.46,-0.482115029746528,0.4042585776134822,-0.10539889631426844,-0.2740305488156964,2.0567766821587807,0.6428705055521089,-0.49280936601198455,-0.18097790867321242,-0.38542732909115085,1.631985469163846,-0.37451332194942155,0.9976252615250762,-0.09972105409848263,-0.23181740785619023,1.5860140149800368,-0.4501463163628999,-0.3562261071540935,-0.13448561582809335,-0.03577983045186896,1.5844918917527138
1731067987.96,1.4837717346024528,0.5332587059313859,-0.10539889631426844,-0.20773588945551738,2.056060391628364,-0.4222467253601425,-0.21520114956269382,-0.18097790867321242,-0.37535059462293735,1.6240750446247463,1.1939154669399505,1.2086567339884988,-0.09972105409848263,-0.2486570301578685,1.5856655755164768,-0.4501463163628999,-0.22692815743405548,-0.13448561582809335,-0.22550716553213077,1.5841445595916792
1731067988.46,-0.201274063410965,0.305027709676633,-0.10539889631426844,2.709229122392358,2.055344168459477,0.6428705055521089,1.3787066999382906,-0.18097790867321242,0.07810245644667058,1.6198699786132948,-0.15045206639380151,-0.598031076183046,-0.09972105409848263,2.0920504697754105,1.5853171364455665,-0.4501463163628999,-0.5159471038670815,4.327393291580252,0.0069240713346851905,1.5837972275838013
1731067988.96,-0.482115029746528,0.2653353625018933,-0.10539889631426844,-0.12219439350689935,2.054628012659018,-0.4222467253601425,0.851563008028963,-0.18097790867321242,-0.41901644398519594,1.6313211864589823,-0.15045206639380151,-0.58080401720644,-0.09972105409848263,0.1554939050824099,1.584968697767306,-0.4501463163628999,-0.2801684896717182,-0.13448561582809335,-0.18280326374557668,1.5834498957290868
1731067989.46,-0.482115029746528,-0.26803055265867065,-0.10539889631426844,-0.2753136712549256,2.053911924233901,0.6428705055521089,0.5801931784661732,-0.18097790867321242,-0.3887862405805554,1.622669495485052,-0.37451332194942155,-0.2814838674879124,-0.09972105409848263,-0.06823250549702994,1.5846202594817287,-0.18210587065310885,-0.41453694722391443,-0.13448561582809335,-0.03883010915090854,1.583102564027546
1731067989.96,-0.201274063410965,-0.21593434699182482,-0.10539889631426844,-0.023821673165988613,2.0531959031910145,-0.4222467253601425,1.0355954211807399,-0.18097790867321242,2.5401845781801713,1.6319342816513247,1.1939154669399505,-0.7466144598562718,-0.09972105409848263,-0.29195891607646973,1.5842718215888347,-0.4501463163628999,-0.28523899750387655,4.327393291580252,-0.10898651922881886,1.5827552324791856
1731067990.46,1.4837717346024528,-0.1911266300076125,-0.10539889631426844,-0.3108133920736021,2.0524799495372856,0.6428705055521089,0.7080801096394418,-0.18097790867321242,-0.24099413504675726,1.6104893001637672,-0.37451332194942155,-0.7272340185075902,-0.09972105409848263,-0.12596835338849835,1.5839233840886306,-0.4501463163628999,0.05955553508289123,-0.13448561582809335,-0.22733733275155452,1.5824079010840189
1731067990.96,-0.482115029746528,-0.02987646961023282,-0.10539889631426844,-0.09653194472231393,2.051764063279613,-1.664883494757786,0.3680880243251418,1.7125343850160237,-0.21412284313152122,1.6204141290204892,-0.15045206639380151,-0.6174115175317276,-0.09972105409848263,-0.05139288319535172,1.5835749469811295,-0.4501463163628999,-0.27256272792348063,-0.13448561582809335,-0.04798094524802728,1.5820605698420596
1731067991.46,-0.482115029746528,0.23060455872399607,-0.10539889631426844,-0.27574137873466875,2.0510482444249005,0.6428705055521089,-0.6082195234122516,-0.18097790867321242,-0.3551971256865104,1.6165718879662463,-0.37451332194942155,0.058750547300054384,-0.09972105409848263,-0.12596835338849835,1.583226510266352,-0.4501463163628999,0.1863182308868498,-0.13448561582809335,1.443605338582327,1.5817132387533108
1731067991.96,1.4837717346024528,0.2256430153271536,-0.10539889631426844,-0.23125980084138736,2.05033249298006,-0.4222467253601425,-0.24015469710869752,-0.18097790867321242,-0.15030352483283568,1.619071580593416,1.1939154669399505,-0.531276222648698,-0.09972105409848263,0.027993907655417257,1.5828780739443045,1.4261368036056759,0.15335992997782077,-0.13448561582809335,-0.1028859618307397,1.5813659078177862
1731067992.46,-0.482115029746528,-0.024914926213390358,-0.10539889631426844,-0.19918173986065557,2.049616808951982,-0.4222467253601425,-0.4647366250227304,1.7125343850160237,-0.06633073759772311,1.6300910875246588,-0.15045206639380151,-0.4774416633468045,-0.09972105409848263,-0.2799306144324139,1.5825296380150067,-0.4501463163628999,-0.11030647729441362,-0.13448561582809335,-0.1824982358756727,1.5810185770354854
1731067992.96,-0.201274063410965,0.14625832097767452,-0.10539889631426844,-0.34118062313536157,2.048901192347597,-0.4222467253601425,-0.15281728069768458,-0.18097790867321242,-0.21412284313152122,1.6221874021748475,-0.37451332194942155,-0.6755528415777724,-0.09972105409848263,1.1851165258135954,1.5821812024784525,-0.4501463163628999,-0.024107844147721602,-0.13448561582809335,-0.21147588351654872,1.5806712464064359
1731067993.46,-0.482115029746528,0.1834698964539927,-0.10539889631426844,-0.11364024391203754,2.0481856431737993,0.6428705055521089,0.19653238494636677,-0.18097790867321242,-0.005870330788441998,1.623893418720981,-0.15045206639380151,-0.8133693133906198,-0.09972105409848263,-0.07304382615465231,1.5818327673346617,-0.18210587065310885,0.07223180466328712,-0.13448561582809335,-0.06018206004418555,1.5803239159306373
1731067993.96,1.4837717346024528,0.18098912475557147,-0.10539889631426844,-0.2979821676813094,2.0474701614375057,-0.4222467253601425,0.770463978504451,-0.18097790867321242,-0.15702134781164467,1.6127929630087658,-0.37451332194942155,-0.4042266626962293,3.4582846297276566,-0.20294948391045609,1.581484332583661,-2.0583889906216846,0.1863182308868498,4.471324869238586,-0.21940660813405163,1.5799765856080998
1731067994.46,-0.482115029746528,0.64241266066192,-0.10539889631426844,-0.10080901951974483,2.046754747145615,0.6428705055521089,0.7486296244016981,-0.18097790867321242,0.7700382232639982,1.6144255698553918,-0.37451332194942155,-0.6820129886939996,-0.09972105409848263,-0.21257212522570082,1.5811358982254304,1.4261368036056759,0.16857145347429583,-0.13448561582809335,-0.07543345353938345,1.5796292554388334
1731067994.96,-0.482115029746528,0.5431817927250708,-0.10539889631426844,-0.2684703515790362,2.046039400305032,-0.4222467253601425,1.584573467192821,-0.18097790867321242,-0.18725155121628517,1.614185885039189,-0.37451332194942155,-0.5463498992532282,-0.09972105409848263,-0.22460042686975668,1.5807874642600301,-0.4501463163628999,0.7947791707458519,-0.13448561582809335,-0.20812057694760516,1.5792819254228416
1731067995.46,-0.482115029746528,0.6647396059477111,-0.10539889631426844,0.0018407756185968207,2.045324120922681,-0.4222467253601425,-0.5551932348769938,-0.18097790867321242,-0.38206841760174637,1.625345325816107,-0.37451332194942155,-0.30086430883659404,-0.09972105409848263,-0.22700608719856785,1.5804390306874265,-0.4501463163628999,-0.13819427037128457,-0.13448561582809335,0.49191838448197833,1.578934595560148
1731067995.96,1.4837717346024528,0.48860481535980377,-0.10539889631426844,-0.3304879361417843,2.0446089090054618,0.6428705055521089,-0.3524456610657141,-0.18097790867321242,-0.35183821419710587,1.62284262300371,1.1939154669399505,-0.6927799005543783,-0.09972105409848263,-0.308798538378148,1.5800905975076467,-0.4501463163628999,-0.48552405687413136,-0.13448561582809335,0.443113925297345,1.5785872658507591
1731067996.46,-0.482115029746528,0.5307779342329647,-0.10539889631426844,-0.11364024391203754,2.0438937645602824,0.6428705055521089,-0.27134663154120214,-0.18097790867321242,-0.07640747206593669,1.6141280891886454,-0.37451332194942155,-0.5678837229739856,-0.09972105409848263,0.31667314711275896,1.579742164720697,1.4261368036056759,-0.7593314798106822,-0.13448561582809335,-0.029679273053789795,1.5782399362946717
1731067996.96,-0.201274063410965,0.7242781267098206,-0.10539889631426844,-0.3009761200395111,2.043178687594059,-0.4222467253601425,-0.14969808725443412,-0.18097790867321242,-0.3585560371759149,1.6136285845111331,-0.37451332194942155,-0.6238716646479546,-0.09972105409848263,-0.08507212779870818,1.5793937323265976,-0.4501463163628999,-0.7618667337267614,-0.13448561582809335,-0.12118763402497719,1.577892606891906
1731067997.46,-0.482115029746528,-0.005068752626020515,-0.10539889631426844,-0.0879777951274521,2.042463678113691,0.6428705055521089,-0.38051840205496795,-0.18097790867321242,-0.3585560371759149,1.6137432645219736,-0.37451332194942155,-0.3353184267898059,-0.09972105409848263,0.4802580494719192,1.5790453003253753,-0.4501463163628999,-0.8556711286216907,-0.13448561582809335,0.6596837129291552,1.5775452776424685
1731067997.96,-0.482115029746528,-0.2878767262460405,-0.10539889631426844,-0.2385308279970199,2.0417487361260998,-0.4222467253601425,0.3150617357898843,-0.18097790867321242,-0.3148901878136563,1.6186175403588376,1.1939154669399505,-0.33747180916188163,-0.09972105409848263,-0.2366287285138126,1.57869686871701,-0.4501463163628999,-0.5108765960349231,-0.13448561582809335,-0.06933289614130429,1.577197948546373
1731067998.46,1.4837717346024528,-0.7170502300729129,-0.10539889631426844,-0.31252422199257446,2.0410338616381973,0.6428705055521089,0.06240706688659691,-0.18097790867321242,-0.4089397095169824,1.605891614477714,-1.7188808552831736,-0.7078535771589085,3.573059006625274,-0.14761929634779894,1.5783484375015349,1.4261368036056759,-0.47031253337765627,-0.13448561582809335,-0.22916749997097827,1.5768506196036294
1731067998.96,-0.482115029746528,-0.3052421281349891,-0.10539889631426844,-0.18207344067093195,2.0403190546568872,-0.4222467253601425,0.35249205710888987,-0.18097790867321242,-0.33672311249478554,1.603985904682389,-0.37451332194942155,-0.31163122069697274,-0.09972105409848263,-0.17408155996472188,1.5780000066789504,-0.4501463163628999,-0.6452450535871194,-0.13448561582809335,-0.07238317484034387,1.5765032908142411
1731067999.46,-2.167160827759946,-0.3622998771986774,4.74557083286513,-0.33091564362152737,2.0396043151890777,0.6428705055521089,0.9950459064184842,-0.18097790867321242,-0.2645065154725888,1.611579271669437,-0.37451332194942155,0.0544437825559029,-0.09972105409848263,-0.3496947639679381,1.5776515762492764,-0.4501463163628999,-0.8303185894608991,-0.13448561582809335,-0.21940660813405163,1.5761559621782248
1731067999.96,1.4837717346024528,-0.5136269508023723,-0.10539889631426844,-0.20773588945551738,2.0388896432416765,-0.4222467253601425,-1.2975612743706029,-0.18097790867321242,-0.2678654269619933,1.6218482463295198,1.1939154669399505,-0.27933048511583664,-0.09972105409848263,0.003937304367305429,1.5773031462125329,1.4261368036056759,-0.4982003264545272,-0.13448561582809335,-0.04798094524802728,1.575808633695584
1731068000.46,-0.482115029746528,-0.24322283567445835,-0.10539889631426844,-0.27574137873466875,2.0381750388216173,0.6428705055521089,-1.494070461295382,-0.18097790867321242,2.674541037756351,1.6196088028031712,-0.37451332194942155,-0.044611806559581156,-0.09972105409848263,-0.1524306170054213,1.5769547165687132,-2.0583889906216846,-0.8607416364538492,4.471324869238586,-0.2813272657245551,1.5754613053663322
1731068000.96,-0.482115029746528,-0.3622998771986774,-0.10539889631426844,0.5150897513103051,2.0374605019357914,-0.4222467253601425,-0.4491406578064781,-0.18097790867321242,-0.20068719717390318,1.6133055574950073,-0.37451332194942155,-0.5183559284162436,-0.09972105409848263,-0.33044948133744867,1.5766062873178306,-0.4501463163628999,-0.5438348969439523,-0.13448561582809335,-0.1394893062192146,1.575113977190483
1731068001.46,-0.482115029746528,-0.1737612281186639,-0.10539889631426844,-0.19918173986065557,2.036746032591124,0.6428705055521089,-1.1041712808890747,-0.18097790867321242,-0.38542732909115085,1.617297362325668,-0.15045206639380151,-1.1579104929227377,-0.09972105409848263,0.06407881258758495,1.5762578584599054,-0.4501463163628999,-0.5260881195313982,-0.13448561582809335,-0.21391610647578038,1.5747666491680359
1731068001.96,-0.482115029746528,-0.5136269508023723,-0.10539889631426844,-0.2907111405256769,2.0360316307945183,-0.4222467253601425,-0.8858277398615424,-0.18097790867321242,0.13856286325595152,1.6227600036403618,-0.37451332194942155,-1.0890022570163143,-0.09972105409848263,-0.3015815573917145,1.575909429994944,1.4261368036056759,-0.5336938812796357,-0.13448561582809335,-0.12423791272401677,1.574419321299008
1731068002.46,1.4837717346024528,-0.1911266300076125,-0.10539889631426844,0.5321980505000287,2.0353172965528823,-0.4222467253601425,0.43047189319015106,1.7125343850160237,-0.3988629750487689,1.6132426130580235,1.1939154669399505,-0.5549634287415312,-0.09972105409848263,1.7793146270299567,1.5755610019229802,-0.4501463163628999,-0.5869342135172982,-0.13448561582809335,-0.1849384588349044,1.5740719935834062
1731068002.96,-0.482115029746528,0.32487388326400285,-0.10539889631426844,0.8102079123330372,2.0346030298731503,-0.4222467253601425,0.3368960898926372,-0.18097790867321242,-0.3887862405805554,1.6054473092256942,-0.37451332194942155,-0.9490324028313913,-0.09972105409848263,1.0263429441120575,1.5752125742439935,-0.4501463163628999,-0.20411087218934287,-0.13448561582809335,-0.21269599499616454,1.5737246660212436
1731068003.46,-0.482115029746528,-0.21345357529340359,-0.10539889631426844,0.9641826050405496,2.033888830762217,-0.4222467253601425,-0.23391631022219658,1.7125343850160237,-0.24435304653616183,1.6145732082986268,-0.37451332194942155,-0.9748729912963,-0.09972105409848263,0.6149750278853454,1.5748641469580043,-0.18210587065310885,-0.27002747400740146,-0.13448561582809335,-0.1547406997144125,1.5733773386125274
1731068003.96,-0.482115029746528,-0.4540884300402628,-0.10539889631426844,-0.2162900390503792,2.0331746992270037,-0.4222467253601425,0.2402010931518732,-0.18097790867321242,-0.31824909930306083,1.6174757163370823,1.1939154669399505,-1.2246653464570858,-0.09972105409848263,0.5909184245972335,1.574515720065039,1.4261368036056759,-0.6300335300906443,-0.13448561582809335,-0.10898651922881886,1.5730300113572706
1731068004.46,1.4837717346024528,0.08175825681872255,-0.10539889631426844,-0.22741043352369955,2.0324606352744223,0.6428705055521089,-0.23079711677894613,-0.18097790867321242,-0.32832583377127433,1.6089410199970184,-0.37451332194942155,-0.8219828428789226,-0.09972105409848263,0.7520976666275826,1.5741672935650912,-0.4501463163628999,-0.41453694722391443,-0.13448561582809335,-0.18951387688346372,1.5726826842554766
1731068004.96,-0.482115029746528,-0.21841511869024605,-0.10539889631426844,-0.0879777951274521,2.031746638911381,-1.664883494757786,-0.1434597003679332,1.7125343850160237,1.4854863705071575,1.6117904104102494,-0.37451332194942155,-1.015787256365739,-0.09972105409848263,0.7400693649835267,1.573818867458201,-0.18210587065310885,-0.27256272792348063,-0.13448561582809335,-0.2294725278408822,1.572335357307156
1731068005.46,-0.482115029746528,-0.03731878470549651,-0.10539889631426844,-0.28429552832953053,2.0310327101448094,0.6428705055521089,-0.3555648545089646,-0.18097790867321242,-0.3148901878136563,1.6072626390641347,-0.37451332194942155,-1.0674684332955569,-0.09972105409848263,0.5452108783498212,1.5734704417443415,-0.4501463163628999,0.06969655074720794,-0.13448561582809335,-0.151080365275565,1.571988030512325
1731068005.96,-0.482115029746528,0.09912365870767116,-0.10539889631426844,-0.19490466506322465,2.030318848981611,-0.4222467253601425,-0.25886985776820026,-0.18097790867321242,-0.09991985249176816,1.6046629200365312,1.1939154669399505,-1.09115563938839,-0.09972105409848263,0.02558824732660613,1.5731220164235395,-2.0583889906216846,0.15843043780997912,4.471324869238586,-0.07238317484034387,1.5716407038709908
1731068006.46,1.4837717346024528,-0.12166502245181833,-0.10539889631426844,-0.27616908621441183,2.029605055428711,0.6428705055521089,-0.0030959954216624327,-0.18097790867321242,-0.4324520899428139,1.614602572700452,-0.15045206639380151,-1.097615786504617,-0.09972105409848263,1.035965585427302,1.5727735914958285,1.4261368036056759,-0.2979152670842724,-0.13448561582809335,-0.2187965523942437,1.571293377383163
1731068006.96,-3.852206625773354,-0.4019922243734169,9.748133366081383,-0.16496514148120842,2.028891329493009,-0.4222467253601425,0.6363386604446815,-0.18097790867321242,-0.21412284313152122,1.6143077610315273,-0.37451332194942155,-0.8779707845528919,-0.09972105409848263,2.236390089504081,1.5724251669611817,-0.4501463163628999,-0.19904036435718453,-0.13448561582809335,-0.07238317484034387,1.5709460510488489
1731068007.46,-2.167160827759946,0.3323161983592665,4.74557083286513,-0.12647146830433026,2.0281776711814303,0.6428705055521089,-0.09355260527592582,-0.18097790867321242,-0.1939693741950942,1.5971597891551805,-0.37451332194942155,-0.761688136460802,-0.09972105409848263,0.39605993796352795,1.5720767428196594,-0.4501463163628999,-0.10270071554617609,-0.13448561582809335,-0.15169042101537294,1.5705987248680546
1731068007.96,1.4837717346024528,-0.12166502245181833,-0.10539889631426844,-0.10080901951974483,2.027464080500896,-0.4222467253601425,1.0012842933049853,-0.18097790867321242,-0.28465998440901585,1.5980161840164073,-0.37451332194942155,-0.7681482835770292,3.4582846297276566,0.9998806804951341,1.571728319071228,1.4261368036056759,-0.22692815743405548,-0.13448561582809335,1.9987560618075304,1.5702513988407976
1731068008.46,-0.482115029746528,0.1661044945650441,-0.10539889631426844,1.9906805564239662,2.026750557458313,0.6428705055521089,-0.6331730709582554,-0.18097790867321242,-0.11671440993879062,1.6037043904330262,-0.37451332194942155,-0.9210384319944067,-0.09972105409848263,0.5812957832819887,1.5713798957159206,-0.4501463163628999,-0.31819729841290584,-0.13448561582809335,-0.18524348670480834,1.5699040729670908
1731068008.96,-0.482115029746528,0.03958513794556163,-0.10539889631426844,-0.23040438588190118,2.0260371020606036,-0.599766263845522,-0.03428792985416705,-0.18097790867321242,-0.41901644398519594,1.6015692717112586,-0.15045206639380151,-0.9942534326449817,-0.09972105409848263,-0.03214760056486226,1.5710314727537513,-0.4501463163628999,-0.6072162448459317,-0.13448561582809335,-0.22855744423117033,1.569556747246938
1731068009.46,-0.482115029746528,0.22068147193031115,-0.10539889631426844,-0.20773588945551738,2.025323714314684,0.8203900440374883,0.5209285030444147,-0.18097790867321242,-0.019305976746060022,1.614550046876639,-0.37451332194942155,-0.40207328032415357,-0.09972105409848263,-0.23903438884262376,1.5706830501847129,-0.18210587065310885,-0.5920047213494567,-0.13448561582809335,-0.07238317484034387,1.5692094216803456
1731068009.96,1.4837717346024528,0.5208548474392798,-0.10539889631426844,-0.2992652901205387,2.0246103942274574,-0.4222467253601425,0.15910206362736123,-0.18097790867321242,-0.23091740057854382,1.6098338782753514,1.1939154669399505,-0.5485032816253039,-0.09972105409848263,-0.020119298920806293,1.5703346280088524,1.4261368036056759,-0.29538001316819323,-0.13448561582809335,-0.2282524163612664,1.5688620962673236
1731068010.46,-0.482115029746528,0.33479697005768777,-0.10539889631426844,0.0531656731877676,2.0238971418058713,0.6428705055521089,0.7330336571854454,-0.18097790867321242,-0.3048134533454428,1.6094440685406999,-0.15045206639380151,-0.2707169556275337,-0.09972105409848263,0.06648447291639618,1.5699862062261363,-0.18210587065310885,-0.10270071554617609,-0.13448561582809335,-0.014427879558591884,1.568514771007886
1731068010.96,-0.201274063410965,-0.392069137579732,-0.10539889631426844,-0.14357976749405388,2.0231839570568244,-0.4222467253601425,0.5334052768174166,-0.18097790867321242,-0.15030352483283568,1.6064671479209551,-0.37451332194942155,-0.4882085752071832,-0.09972105409848263,-0.15483627733423241,1.5696377848366247,-0.4501463163628999,-0.5032708342866856,-0.13448561582809335,-0.24899431151473553,1.5681674459020525
1731068011.46,-0.482115029746528,-0.022434154514969128,-0.10539889631426844,0.1344300943389548,2.022470839987234,0.6428705055521089,0.7267952702989445,-0.18097790867321242,-0.24099413504675726,1.605641059538395,-0.37451332194942155,-0.6949332829264541,-0.09972105409848263,1.7552580237418451,1.5692893638402843,-0.18210587065310885,-0.14326477820344263,-0.13448561582809335,0.29365026904440555,1.5678201209498133
1731068011.96,-0.201274063410965,-0.06460727338813003,-0.10539889631426844,0.3311755350207762,2.021757790604021,-0.4222467253601425,0.9576155850994786,-0.18097790867321242,0.0210009611267939,1.6001214334323988,1.1939154669399505,-0.5205093107883193,-0.09972105409848263,-0.3472891036391269,1.5689409432371553,1.4261368036056759,-0.37143763065056856,-0.13448561582809335,-0.1394893062192146,1.567472796151188
1731068012.46,1.4837717346024528,-0.14895351113445188,-0.10539889631426844,-0.1478568422914848,2.021044808914097,-0.4222467253601425,-0.7860135496775276,-0.18097790867321242,-0.056254003129509664,1.6140776639638756,-0.15045206639380151,-0.5764972524622886,-0.09972105409848263,-0.2654966524595468,1.5685925230272508,-0.18210587065310885,0.05448502725073288,-0.13448561582809335,0.03132630092700178,1.5671254715061775
1731068012.96,-0.201274063410965,-0.11422270735655464,-0.10539889631426844,-0.03237582276085042,2.0203318949243965,-0.4222467253601425,-0.07795663805967351,1.7125343850160237,-0.2241995775997348,1.6059285942774424,-1.7188808552831736,-0.21472901395356442,3.573059006625274,-0.10672307075800888,1.5682441032105643,-0.4501463163628999,-0.18382884086070947,-0.13448561582809335,-0.13643902752017503,1.5667781470148114
1731068013.46,-0.482115029746528,-0.05468418659444512,-0.10539889631426844,0.16436961792097105,2.0196190486418315,0.6428705055521089,-0.36492243483871595,-0.18097790867321242,0.007565315169175875,1.6076933505646502,-0.37451332194942155,0.10612495948572068,-0.09972105409848263,-0.19092118226640023,1.5678956837871223,-0.4501463163628999,0.07223180466328712,-0.13448561582809335,-0.18951387688346372,1.5664308226770867
1731068013.96,-0.482115029746528,0.10160443040609239,-0.10539889631426844,0.18147791711069466,2.018906270073319,-0.4222467253601425,0.006261584908088952,-0.18097790867321242,0.40391687091890727,1.5945556599957356,-0.37451332194942155,-0.654019017857015,-0.09972105409848263,-0.09950608977157527,1.5675472647569184,1.4261368036056759,-0.03678411372811749,-0.13448561582809335,-0.16694181451057086,1.5660834984930099
1731068014.46,1.4837717346024528,0.007335105866085636,-0.10539889631426844,0.15153839352867834,2.018193559225784,0.8203900440374883,-0.09979099216242675,-0.18097790867321242,0.13856286325595152,1.6096027244102216,1.1939154669399505,-0.6475588707407878,-0.09972105409848263,-0.2005438235816449,1.567198846119986,-0.4501463163628999,0.490548700816351,-0.13448561582809335,-0.21117085564664476,1.565736174462598
1731068014.96,-0.482115029746528,0.13881600588241083,-0.10539889631426844,-0.2727474263764671,2.017480916106135,-0.599766263845522,0.4866173751686593,-0.18097790867321242,0.24604803091689573,1.6069751258273781,-0.15045206639380151,-0.6755528415777724,-0.09972105409848263,-0.14040231536136533,1.5668504278763449,-0.4501463163628999,0.3713917667606297,-0.13448561582809335,-0.17426248338826583,1.5653888505858506
1731068015.46,-0.482115029746528,0.4042585776134822,-0.10539889631426844,-0.18635051546836284,2.016768340721305,-0.4222467253601425,0.20588996527611814,1.7125343850160237,-0.3955040635593644,1.602602416366372,-0.37451332194942155,-0.7939888720419381,-0.09972105409848263,-0.09710042944276415,1.5665020100259688,-0.4501463163628999,0.32322194235512536,-0.13448561582809335,-0.20903566055731704,1.565041526862792
1731068015.96,1.4837717346024528,0.1909122115492564,-0.10539889631426844,-0.2765967936941549,2.016055833078207,-0.4222467253601425,0.9700923588724806,-0.18097790867321242,-0.32496692228186985,1.610498267988927,1.1939154669399505,-0.852130196087983,-0.09972105409848263,0.5211542750617093,1.5661535925688974,-0.4501463163628999,0.48547819298419265,-0.13448561582809335,-0.16389153581153126,1.5646942032934215
1731068016.46,-0.482115029746528,0.18843143985083516,-0.10539889631426844,-0.18207344067093195,2.0153433931837705,0.8203900440374883,0.7049609161961916,-0.18097790867321242,0.24940694240630015,1.5988417204777947,-0.37451332194942155,-0.8176760781347713,-0.09972105409848263,-0.08747778812751941,1.5658051755051374,1.4261368036056759,0.4398436224947675,-0.13448561582809335,-0.2419786705069445,1.5643468798777562
1731068016.96,-2.167160827759946,0.2702969058987358,4.74557083286513,-0.3210783715874363,2.0146310210449077,-0.599766263845522,-1.0324298316943141,-0.18097790867321242,-0.3652738601547239,1.6100515398954285,-0.37451332194942155,-0.32885827967357867,-0.09972105409848263,-0.12115703273087597,1.5654567588346957,-0.4501463163628999,-0.1812935869446303,-0.13448561582809335,-0.11813735532593761,1.5639995566157994
1731068017.46,-0.482115029746528,0.46379709837559147,-0.10539889631426844,-0.09653194472231393,2.013918716668535,0.6428705055521089,-0.9357348349535497,-0.18097790867321242,-0.24435304653616183,1.5907242454587034,-0.37451332194942155,-0.23626283767432182,-0.09972105409848263,-0.22460042686975668,1.5651083425576056,-0.4501463163628999,-0.5514406586921898,-0.13448561582809335,-0.1739574555183619,1.5636522335075547
1731068017.96,-0.482115029746528,1.3667979966009187,4.593978028828273,-0.29840987516105255,2.013206480061595,-0.4222467253601425,-0.47721339879573227,-0.18097790867321242,-0.41901644398519594,1.592366220661807,1.1939154669399505,-0.720773871391363,-0.09972105409848263,-0.20535514423926726,1.5647599266738472,1.4261368036056759,0.24716432487275003,-0.13448561582809335,0.43396308920022636,1.5633049105530519
1731068018.46,-0.482115029746528,0.8111051361545634,-0.10539889631426844,-0.19918173986065557,2.0124943112309923,0.6428705055521089,-0.4491406578064781,-0.18097790867321242,-0.2241995775997348,1.593025015824863,-0.37451332194942155,-0.6174115175317276,-0.09972105409848263,-0.3015815573917145,1.5644115111834402,-0.4501463163628999,-0.6351040379228027,-0.13448561582809335,-0.223982026182611,1.5629575877522848
1731068018.96,-0.482115029746528,-0.024914926213390358,-0.10539889631426844,-0.3249277389051241,2.011782210183664,-0.4222467253601425,-0.3618032413954655,-0.18097790867321242,2.31513750839007,1.6012392927312977,-0.37451332194942155,-0.2771771027437609,-0.09972105409848263,-0.335260801995071,1.5640630960864186,-0.4501463163628999,-0.8024307963840281,-0.13448561582809335,-0.07238317484034387,1.5626102651052698
1731068019.46,-0.482115029746528,-0.4913000055165812,-0.10539889631426844,-0.015267523571126802,2.0110701769265145,0.6428705055521089,0.6207426932284288,-0.18097790867321242,-0.38206841760174637,1.598141575872505,-0.15045206639380151,-0.4193003393007595,-0.09972105409848263,-0.24384570950024614,1.5637146813827618,-0.18210587065310885,-0.7897545268036323,-0.13448561582809335,-0.1882937654038479,1.5622629426120105
1731068019.96,-0.482115029746528,-0.6128578187392214,4.593978028828273,-0.26119932442340366,2.0103582114664684,-1.4873639562724066,0.4710214079524074,1.7125343850160237,-0.19061046270568974,1.6012400212324833,1.1939154669399505,-0.3826928389754719,-0.09972105409848263,-0.21978910621213435,1.5633662670725235,-0.4501463163628999,-0.2674922200913223,-0.13448561582809335,-0.22916749997097827,1.5619156202725204
1731068020.46,-0.482115029746528,-0.08197267527707865,-0.10539889631426844,-0.10936316911460664,2.0096463138104688,0.6428705055521089,0.2526778669248751,-0.18097790867321242,-0.18389263972688075,1.590009927425241,-0.15045206639380151,0.2697820197634767,-0.09972105409848263,0.6871448377496808,1.5630178531556702,1.4261368036056759,-0.11030647729441362,-0.13448561582809335,-0.1547406997144125,1.5615682980868093
1731068020.96,-0.201274063410965,-0.3647806488970986,-0.10539889631426844,-0.18207344067093195,2.0089344839654237,-0.599766263845522,0.1840556111733649,-0.18097790867321242,-0.4727590278156679,1.600339642488826,-0.37451332194942155,0.1944136367408258,-0.09972105409848263,-0.2727136334459803,1.5626694396322354,-0.4501463163628999,-0.5489054047761106,-0.13448561582809335,-0.17731276208730543,1.5612209760548945
1731068021.46,-0.482115029746528,0.8086243644561422,-0.10539889631426844,-0.3129519294723176,2.0082227219382536,0.8203900440374883,-1.0480257989105664,-0.18097790867321242,-0.2645065154725888,1.6008750650499384,-0.37451332194942155,0.29777599060046134,-0.09972105409848263,-0.21257212522570082,1.562321026502239,-0.4501463163628999,-0.45256575596510207,-0.13448561582809335,-0.15169042101537294,1.5608736541767754
1731068021.96,-0.482115029746528,-0.03979955640391774,-0.10539889631426844,0.4124399561719635,2.007511027735893,-0.599766263845522,0.012499971794589875,-0.18097790867321242,-0.3081723648348473,1.5968673705224952,1.1939154669399505,0.007069370370236617,-0.09972105409848263,-0.05620420385297409,1.561972613765668,-0.18210587065310885,-0.03424885981203831,-0.13448561582809335,0.016074907431803936,1.5605263324524625
1731068022.46,1.4837717346024528,-0.4317614847544717,-0.10539889631426844,-0.023821673165988613,2.0067994013652495,0.6428705055521089,-0.7860135496775276,-0.18097790867321242,-0.38206841760174637,1.593455400749806,-0.37451332194942155,-0.5635769582298341,-0.09972105409848263,-0.2871475954188474,1.5616242014225754,1.4261368036056759,-0.6629918309996736,-0.13448561582809335,-0.16694181451057086,1.5601790108819626
1731068022.96,-0.482115029746528,0.07431594172345886,-0.10539889631426844,0.5963541724614921,2.0060878428332747,-0.4222467253601425,-0.043645510183918435,-0.18097790867321242,-0.3048134533454428,1.5942590785040567,-0.37451332194942155,-0.6669393120894694,-0.09972105409848263,0.0015316440384942993,1.5612757894729214,-0.18210587065310885,-0.22946341135013465,-0.13448561582809335,-0.16389153581153126,1.5598316894652957
1731068023.46,-2.167160827759946,0.05446976813608901,4.74557083286513,0.16009254312354015,2.00537635214688,0.6428705055521089,-0.9045429005210451,-0.18097790867321242,1.764276024127731,1.6045997604308557,-0.37451332194942155,-1.1729841695272683,-0.09972105409848263,-0.11394005174444237,1.560927377916766,-0.4501463163628999,-0.1787583330285511,-0.13448561582809335,2.010957176603689,1.559484368202475
1731068023.96,1.4837717346024528,-0.41191531116710184,-0.10539889631426844,1.3405651872144693,2.0046649293129835,-0.4222467253601425,-1.0137146710348113,-0.18097790867321242,-0.2947367188772293,1.5929043331156834,1.1939154669399505,-1.099769168876693,-0.09972105409848263,-0.2751192937747915,1.5605789667540761,1.4261368036056759,-0.5641169282725857,-0.13448561582809335,-0.19347923919221519,1.5591370470934944
1731068024.46,-0.482115029746528,-0.31020367153183154,-0.10539889631426844,0.5450292748923213,2.0039535743385177,0.6428705055521089,0.5677164046931713,-0.18097790867321242,-0.32832583377127433,1.5923181307075085,-0.37451332194942155,-1.0028669621332846,-0.09972105409848263,0.0688901332452073,1.5602305559848915,-0.4501463163628999,-0.30298577491643075,-0.13448561582809335,-0.20812057694760516,1.5587897261383736
1731068024.96,-0.482115029746528,0.2901430794861056,-0.10539889631426844,0.3482838342104998,2.0032422872304005,-0.4222467253601425,-0.8577549988722882,-0.18097790867321242,-0.21412284313152122,1.5957994957664046,-0.37451332194942155,-1.0760819627838598,-0.09972105409848263,-0.3208268400222039,1.5598821456092322,-0.4501463163628999,-0.07481292246930514,-0.13448561582809335,-0.1394893062192146,1.5584424053371126
1731068025.46,-0.482115029746528,-0.3126844432302528,-0.10539889631426844,-0.25991620198417437,2.002531067995569,-0.4222467253601425,-0.3773992086117175,1.7125343850160237,-0.22084066611033024,1.5933041705832505,-0.15045206639380151,-0.9791797560404515,-0.09972105409848263,1.4545504826404474,1.5595337356270917,-0.4501463163628999,-0.49566507253844805,-0.13448561582809335,-0.22123677535347538,1.5580950846897352
1731068025.96,1.4837717346024528,-0.2754728677539343,-0.10539889631426844,0.14298424393381662,2.0018199166409447,-0.4222467253601425,-0.8452782250992864,-0.18097790867321242,-0.4122986210063869,1.5868845677008723,1.1939154669399505,-0.5851107819505915,-0.09972105409848263,-0.17167589963591076,1.55918532603849,1.4261368036056759,-0.11030647729441362,-0.13448561582809335,-0.14864014231633335,1.5577477641962447
1731068026.46,-0.482115029746528,-0.10181884886444849,-0.10539889631426844,-0.26162703190314673,2.0011088331734577,0.6428705055521089,-0.17777082824368828,-0.18097790867321242,-0.14694461334343126,1.6019968142970327,-0.37451332194942155,-1.1406834339461318,-0.09972105409848263,-0.2799306144324139,1.5588369168434204,-0.4501463163628999,-0.24974544267876805,-0.13448561582809335,-0.16389153581153126,1.5574004438566544
1731068026.96,-0.201274063410965,-0.27795363945235557,-0.10539889631426844,-0.28130157597132893,2.0003978176000365,-0.4222467253601425,-0.6362922644015058,-0.18097790867321242,-0.00922924227784658,1.5859151990951732,-0.37451332194942155,-1.108382698364996,-0.09972105409848263,-0.1812985409511555,1.558488508041923,-0.4501463163628999,-0.4170722011399936,-0.13448561582809335,-0.14864014231633335,1.557053123670968
1731068027.46,-0.482115029746528,0.07183517002503763,-0.10539889631426844,-0.015695231050869847,1.9996868699275856,-0.4222467253601425,-0.30253856597370676,1.7125343850160237,-0.2745832499408023,1.5915993375763648,-0.37451332194942155,-0.9727196089242243,-0.09972105409848263,0.10016371751975274,1.5581400996340045,-0.4501463163628999,-0.2548159505109264,-0.13448561582809335,-0.18371834735528855,1.5567058036391916
1731068027.96,1.4837717346024528,-0.027395697911811588,-0.10539889631426844,0.24991111386958909,1.9989759901630646,-0.4222467253601425,-0.19024760201669014,-0.18097790867321242,0.8103451611368523,1.5960902855019692,1.1939154669399505,-0.8499768137159073,-0.09972105409848263,0.26374861987891296,1.5577916916196581,1.4261368036056759,-0.17368782519639275,-0.13448561582809335,-0.22550716553213077,1.5563584837613462
1731068028.46,-0.482115029746528,0.24300841721610222,-0.10539889631426844,-0.19490466506322465,1.9982651783133816,0.6428705055521089,0.059287873443346455,-0.18097790867321242,-0.4660412048368589,1.5939061296926742,-1.7188808552831736,-0.9684128441800729,3.573059006625274,-0.1812985409511555,1.557443283998904,-0.4501463163628999,-0.0063610667351673665,-0.13448561582809335,-0.12118763402497719,1.5560111640374379
1731068028.96,-0.201274063410965,0.118969832295041,-0.10539889631426844,-0.2162900390503792,1.9975544343854748,-0.4222467253601425,-0.03740712329741751,-0.18097790867321242,-0.3652738601547239,1.5893861049106872,-0.37451332194942155,-0.58080401720644,-0.09972105409848263,0.9662014358917779,1.5570948767717625,-0.4501463163628999,-0.13058850862304702,-0.13448561582809335,-0.16785689812028273,1.555663844467477
1731068029.46,-0.482115029746528,0.23804687381925976,-0.10539889631426844,-0.35957204476431437,1.996843758386265,0.6428705055521089,-0.20584356923294245,-0.18097790867321242,-0.2611476039831843,1.5942096184980006,-0.37451332194942155,-0.8715106374366647,-0.09972105409848263,-0.07785514681227468,1.5567464699382398,-0.18210587065310885,-0.07481292246930514,-0.13448561582809335,0.17773967848090158,1.5553165250514702
1731068029.96,-0.482115029746528,0.19339298324767762,-0.10539889631426844,0.061719822782629406,1.9961331503226778,-0.4222467253601425,-0.32437292007645996,-0.18097790867321242,-0.39214515206995987,1.583581218082265,1.1939154669399505,-0.7724550483211807,-0.09972105409848263,0.6727108757768137,1.556398063498356,-0.4501463163628999,-0.3790433923988059,-0.13448561582809335,1.2361863870476355,1.5549692057894244
1731068030.46,1.4837717346024528,0.4836432719629613,-0.10539889631426844,-0.1606880666837775,1.9954226102016512,0.6428705055521089,-0.30253856597370676,-0.18097790867321242,-0.3686327716441284,1.5945194060959502,-0.37451332194942155,-0.778915195437408,-0.09972105409848263,-0.14761929634779894,1.5560496574521114,1.4261368036056759,0.024061980257782757,-0.13448561582809335,0.1014827110049121,1.5546218866813564
1731068030.96,-0.482115029746528,0.11152751719977731,-0.10539889631426844,2.8460955159101466,1.994712138030115,-0.4222467253601425,0.6768881752069371,-0.18097790867321242,-0.23427631206794824,1.5879851290016336,-0.15045206639380151,-0.7229272537634387,-0.09972105409848263,-0.20294948391045609,1.5557012517995126,-0.18210587065310885,-0.47538304120981467,-0.13448561582809335,0.6078289750454823,1.5542745677272758
1731068031.46,-0.201274063410965,-0.014991839419705435,-0.10539889631426844,-0.17779636587350103,1.9940017338149945,-0.4222467253601425,0.7798215588342027,1.7125343850160237,-0.2947367188772293,1.5946409216903177,-0.37451332194942155,-0.7057001947868328,-0.09972105409848263,-0.039364581551295755,1.5553528465405795,-0.4501463163628999,-0.5615816743565065,-0.13448561582809335,-0.22001666387385954,1.5539272489271967
1731068031.96,-0.482115029746528,-0.38214605078604724,-0.10539889631426844,-0.07942364553259029,1.9932913975632147,-0.4222467253601425,0.43671028007665197,-0.18097790867321242,-0.41901644398519594,1.5876697283884667,1.1939154669399505,-0.365465779998866,-0.09972105409848263,-0.308798538378148,1.555004441675319,1.4261368036056759,-0.39679016981136017,-0.13448561582809335,0.09843243230587258,1.5535799302811053
1731068032.46,1.4837717346024528,-0.20104971680129743,-0.10539889631426844,-0.092254869924883,1.9925811292817097,0.6428705055521089,0.43982947351990276,-0.18097790867321242,-0.2577886924937798,1.5865655999630823,-0.37451332194942155,-0.5032822518117134,-0.09972105409848263,-0.1524306170054213,1.5546560372037777,-0.4501463163628999,-0.23706917309837217,-0.13448561582809335,-0.19439432280192706,1.5532326117890354
1731068032.96,-0.482115029746528,-0.2878767262460405,-0.10539889631426844,-0.36898160931866236,1.9918709289774092,-0.4222467253601425,1.1541247720242573,-0.18097790867321242,1.428384875187281,1.5912420202042434,-0.37451332194942155,-0.6863197534381511,-0.09972105409848263,-0.13559099470374297,1.5543076331259023,-0.4501463163628999,-0.3055210288325099,-0.13448561582809335,-0.09983568313170012,1.5528852934509936
1731068033.46,-0.482115029746528,-0.19608817340445497,-0.10539889631426844,0.24563403907215828,1.991160796657247,0.6428705055521089,1.2944884769705285,-0.18097790867321242,-0.13015005589640863,1.5882708669872503,-0.15045206639380151,-0.598031076183046,-0.09972105409848263,-0.2751192937747915,1.5539592294417592,-0.4501463163628999,-0.1356590164552054,-0.13448561582809335,-0.16785689812028273,1.5525379752669832
1731068033.96,1.4837717346024528,-0.10181884886444849,-0.10539889631426844,0.1301530195415239,1.9904507323281486,-0.4222467253601425,-0.5551932348769938,-0.18097790867321242,-0.3652738601547239,1.5882779782790326,1.1939154669399505,-0.14151401330298924,-0.09972105409848263,-0.08026080714108581,1.5536108261513424,1.4261368036056759,0.6502696975293388,-0.13448561582809335,-0.04798094524802728,1.552190657237018
1731068034.46,-0.201274063410965,-0.19360740170603374,-0.10539889631426844,0.344006759413069,1.989740735997052,0.6428705055521089,-0.6113387168555021,-0.18097790867321242,-0.12343223291759962,1.5754238152603264,-0.37451332194942155,-0.4472943101377441,-0.09972105409848263,0.2012014513298223,1.5532624232546512,-0.4501463163628999,0.4144910833339757,-0.13448561582809335,-0.20812057694760516,1.5518433393611044
1731068034.96,-0.482115029746528,0.07431594172345886,-0.10539889631426844,0.21569451549014182,1.9890308076708785,-0.4222467253601425,-0.01869196263791474,-0.18097790867321242,0.07810245644667058,1.5870872929438435,-0.37451332194942155,-0.539889752137001,-0.09972105409848263,-0.23181740785619023,1.5529140207517331,-0.4501463163628999,0.026597234173861933,-0.13448561582809335,-0.21788146878453182,1.5514960216392526
1731068035.46,-0.482115029746528,0.3794508606292699,-0.10539889631426844,0.7460517903715738,1.9883209473565704,0.6428705055521089,0.38368399154139443,-0.18097790867321242,-0.2947367188772293,1.595002638426227,-1.7188808552831736,-0.5097423989279406,3.573059006625274,-0.1235626930596871,1.552565618642554,-0.4501463163628999,0.2522348327049084,-0.13448561582809335,-0.07543345353938345,1.551148704071476
1731068035.96,1.4837717346024528,0.30006616627979055,-0.10539889631426844,0.994122128622566,1.9876111550610571,-0.4222467253601425,0.5552396309201695,-0.18097790867321242,-0.1939693741950942,1.5857954115449957,1.1939154669399505,-0.5786506348343643,-0.09972105409848263,-0.14280797569017656,1.5522172169271613,-0.18210587065310885,0.30040465711041275,-0.13448561582809335,-0.16755187025037876,1.550801386657788
1731068036.46,-0.201274063410965,0.5109317606455949,-0.10539889631426844,-0.07942364553259029,1.9869014307912645,0.6428705055521089,0.5302860833741658,-0.18097790867321242,-0.3081723648348473,1.5844604047247142,-0.37451332194942155,-0.7057001947868328,-0.09972105409848263,-0.308798538378148,1.5518688156055411,1.4261368036056759,0.13814840648134571,-0.13448561582809335,-0.19866471298058247,1.550454069398189
1731068036.96,-0.482115029746528,0.4042585776134822,-0.10539889631426844,-0.010990448773695897,1.9861917745541349,-0.4222467253601425,0.5521204374769194,-0.18097790867321242,-0.41901644398519594,1.5962196156200485,-0.37451332194942155,-0.8715106374366647,-0.09972105409848263,0.008748625024927794,1.5515204146777206,-0.4501463163628999,0.2522348327049084,-0.13448561582809335,-0.09068484703458136,1.5501067522926921
1731068037.46,-0.482115029746528,0.34968160024821515,-0.10539889631426844,-0.06659242114029758,1.9854821863565804,0.6428705055521089,0.7642255916179501,-0.18097790867321242,2.506595463286126,1.5897593705091058,-0.15045206639380151,-0.5700371053460613,-0.09972105409848263,-0.2967702367340921,1.5511720141437262,-0.4501463163628999,0.28519313361393767,-0.13448561582809335,0.2448458098597724,1.5497594353413007
1731068037.96,-0.201274063410965,0.8656821135198305,-0.10539889631426844,-0.03237582276085042,1.9847726662055611,-0.4222467253601425,-0.09355260527592582,-0.18097790867321242,-0.37535059462293735,1.5865392768750106,1.1939154669399505,-0.5183559284162436,-0.09972105409848263,-0.28955325574765856,1.550823614003538,1.4261368036056759,0.4347731146626091,-0.13448561582809335,-0.0845842896365022,1.5494121185440417
1731068038.46,-0.482115029746528,0.5407010210266496,4.593978028828273,-0.023821673165988613,1.984063214107998,0.6428705055521089,-0.9887611234888076,-0.18097790867321242,-0.3887862405805554,1.5843241281073333,-0.37451332194942155,-0.5829573995785158,-0.09972105409848263,-0.04417590220891812,1.5504752142571827,-2.0583889906216846,-0.10270071554617609,-0.13448561582809335,-0.13033847012209587,1.549064801900915
1731068038.96,-0.201274063410965,0.7466050719956117,-0.10539889631426844,-0.2753136712549256,1.9833538300708249,-1.4873639562724066,-0.23391631022219658,1.7125343850160237,-0.14694461334343126,1.5909671641914167,-0.15045206639380151,-0.5700371053460613,-0.09972105409848263,-0.3208268400222039,1.550126814904667,1.4261368036056759,-0.43228372463646864,-0.13448561582809335,-0.16938203746980252,1.5487174854119243
1731068039.46,-5.818093390122344,23.1132427049614,10.051318974155095,-0.092254869924883,1.9826445141009759,0.6428705055521089,-0.455379044692979,-0.18097790867321242,-0.3988629750487689,1.5816248787682994,-14.71443367750941,7.752785762726669,-0.09972105409848263,0.9204938896443653,1.5497784159460175,-12.511966373303757,4.843579674724294,-0.13448561582809335,-0.11508707662689802,1.548370169077093
1731068039.96,1.4837717346024528,4.026185257308475,-0.10539889631426844,-0.06659242114029758,1.9819352662053717,-16.399005189044072,20.680275726772127,18.517455991507994,-0.34176147972889237,1.5781510952802933,9.932304433609316,6.8914328138963725,10.803844751175168,15.635918120982359,1.549430017381241,6.5189052720918115,4.8232976433956605,14.69046688298028,-0.22428705405251492,1.5480228528964108
1731068040.46,-2.167160827759946,-0.03483801300707528,4.74557083286513,0.4081628813745325,1.9812260863909725,4.01574173677428,1.593931047522572,3.2510131236385282,6.234987216525124,1.5812016263644255,-0.15045206639380151,0.4614330508782176,-0.09972105409848263,-0.11875137240206474,1.5490816192103376,-0.18210587065310885,0.006315202845228518,-0.13448561582809335,-0.08153401093746263,1.5476755368699082
1731068040.96,1.4837717346024528,-0.34741524700815,-0.10539889631426844,0.018949074808320445,1.9805169746646993,-0.4222467253601425,0.5396436637039176,-0.18097790867321242,-0.2544297810043753,1.5777434462381323,-0.37451332194942155,-0.42145372167283524,-0.09972105409848263,0.16511654639765463,1.5487332214333205,-0.4501463163628999,-0.5007355803706064,-0.13448561582809335,-0.20171499167962204,1.5473282209975887
1731068041.46,-0.482115029746528,-0.662473252707646,-0.10539889631426844,-0.1606880666837775,1.9798079310334857,0.6428705055521089,0.4179951194171492,-0.18097790867321242,-0.2107639316421168,1.5751058155658422,-0.37451332194942155,-0.3460853386501846,-0.09972105409848263,-0.1981381632528337,1.5483848240502032,-0.4501463163628999,-0.47791829512589384,-0.13448561582809335,-0.21605130156510807,1.546980905279462
1731068041.96,1.4837717346024528,0.07431594172345886,-0.10539889631426844,-0.2924219704446493,1.9790989555042746,-0.4222467253601425,0.29322738168713075,-0.18097790867321242,0.5685035338997279,1.5873374141572745,1.1939154669399505,0.1491926069272355,-0.09972105409848263,0.3816259759906608,1.5480364270610059,1.4261368036056759,-0.4576362637972604,-0.13448561582809335,0.08928159620875384,1.546633589715535
1731068042.46,-0.482115029746528,-0.3548575621034137,-0.10539889631426844,-0.16496514148120842,1.9783900480839824,-0.4222467253601425,-0.6051003299690012,-0.18097790867321242,-0.14022679036462224,1.5791539586143455,-0.37451332194942155,-0.07260577739656578,-0.09972105409848263,-0.14761929634779894,1.547688030465748,-0.4501463163628999,-0.6072162448459317,-0.13448561582809335,-0.21391610647578038,1.546286274305808
1731068042.96,-0.482115029746528,-0.3300498451192014,-0.10539889631426844,-0.2607716169436606,1.9776812087795648,0.6428705055521089,-0.8265630644397836,-0.18097790867321242,-0.04953618015070065,1.5748051281166424,-0.37451332194942155,-0.1285937190705348,-0.09972105409848263,-0.2630909921307356,1.547339634264417,-0.18210587065310885,-0.7922897807197115,-0.13448561582809335,1.8950465860401848,1.5459389590503108
1731068043.46,-0.482115029746528,0.5307779342329647,-0.10539889631426844,0.006117850416027726,1.9769724375979558,0.6428705055521089,-1.2133430514028405,-0.18097790867321242,-0.2947367188772293,1.5820185644226363,-1.7188808552831736,0.1814933425083716,3.573059006625274,-0.10191175010038651,1.5469912384570457,-0.4501463163628999,-0.7263731789016529,-0.13448561582809335,-0.19927476872039038,1.5455916439490436
1731068043.96,-0.201274063410965,-0.2903574979444617,-0.10539889631426844,-0.3668430719199469,1.9762637345460892,-0.4222467253601425,0.043691906227094145,-0.18097790867321242,-0.12343223291759962,1.5748232285741157,-0.37451332194942155,-0.5915709290668187,-0.09972105409848263,0.4706354081566745,1.5466428430436276,1.4261368036056759,-0.4424247403007854,-0.13448561582809335,-0.24350380985646428,1.54524432900202
1731068044.46,1.4837717346024528,-0.14647273943603065,-0.10539889631426844,-0.19062759026579376,1.9755550996308946,0.6428705055521089,-1.2133430514028405,-0.18097790867321242,-0.042818357171891634,1.5911991304372286,1.1939154669399505,-1.108382698364996,-0.09972105409848263,-0.17167589963591076,1.5462944480241827,-0.4501463163628999,-0.5463701508600315,-0.13448561582809335,-0.1608412571124917,1.5448970142092395
1731068044.96,-0.482115029746528,-0.48385769042131754,-0.10539889631426844,-0.1692422162786393,1.9748465328593106,-0.4222467253601425,-0.7548216152450233,-0.18097790867321242,-0.34512039121829685,1.5817157511793523,-0.37451332194942155,-1.1859044637597227,-0.09972105409848263,0.09775805719094151,1.5459460533987448,-0.4501463163628999,-0.5362291351957148,-0.13448561582809335,-0.14864014231633335,1.5445496995707195
1731068045.46,-0.482115029746528,-0.40943453946868064,-0.10539889631426844,-0.3043977798774558,1.9741380342382793,0.6428705055521089,-0.3711608217252165,-0.18097790867321242,-0.14694461334343126,1.5740181141858374,-0.37451332194942155,-0.9662594618079972,-0.09972105409848263,-0.22219476654094555,1.5455976591672866,-0.4501463163628999,-0.47031253337765627,-0.13448561582809335,-0.15169042101537294,1.5442023850864701
1731068045.96,1.4837717346024528,0.08920057191398624,-0.10539889631426844,-0.053761196748004954,1.9734296037747436,-1.664883494757786,-0.9014237070777946,1.7125343850160237,0.5785802683679414,1.5879091107049361,1.1939154669399505,-1.1622172576668892,-0.09972105409848263,-0.308798538378148,1.5452492653298484,-0.4501463163628999,0.016456218509545224,-0.13448561582809335,-0.21788146878453182,1.5438550707565044
1731068046.46,-0.482115029746528,-0.3647806488970986,-0.10539889631426844,2.046282528790568,1.9727212414756288,0.6428705055521089,-0.9014237070777946,-0.18097790867321242,-0.4089397095169824,1.5900992572515376,-0.37451332194942155,-0.9619526970638457,-0.09972105409848263,-0.11153439141563123,1.5449008718864305,1.4261368036056759,-0.6274982761745651,-0.13448561582809335,-0.03272955175282938,1.543507756580829
1731068046.96,-0.482115029746528,-0.2754728677539343,-0.10539889631426844,-0.1564109918863466,1.9720129473478816,-0.4222467253601425,-0.8452782250992864,-0.18097790867321242,2.157268668388058,1.5705810053536582,-0.37451332194942155,-0.9791797560404515,-0.09972105409848263,-0.2630909921307356,1.5445524788370393,-0.4501463163628999,-0.508341342118844,-0.13448561582809335,-0.21574627369520413,1.5431604425594478
1731068047.46,-0.482115029746528,-0.21345357529340359,-0.10539889631426844,-0.31765671174949156,1.9713047213984318,0.6428705055521089,-0.9887611234888076,-0.18097790867321242,-0.4122986210063869,1.587382088011341,-0.37451332194942155,-1.125609757341602,-0.09972105409848263,-0.3015815573917145,1.5442040861817081,-0.4501463163628999,-0.3283383140772225,-0.13448561582809335,-0.03272955175282938,1.542813128692374
1731068047.96,-0.201274063410965,-0.07949190357865742,-0.10539889631426844,-0.015267523571126802,1.970596563634222,-0.4222467253601425,-0.3337305004062114,-0.18097790867321242,-0.3887862405805554,1.5874786595922168,1.1939154669399505,-1.0674684332955569,-0.09972105409848263,-0.11153439141563123,1.5438556939204238,1.4261368036056759,-0.34862034540585596,-0.13448561582809335,-0.24716414429531178,1.542465814979621
1731068048.46,1.4837717346024528,-0.15391505453129434,-0.10539889631426844,-0.23468146067933207,1.9698884740622036,-0.599766263845522,-0.46785581846598084,1.7125343850160237,-0.15030352483283568,1.5825503998844737,-0.37451332194942155,-0.8951978435294978,-0.09972105409848263,-0.34247778298150455,1.5435073020532197,-0.4501463163628999,-0.3308735679933017,-0.13448561582809335,-0.14558986361729379,1.542118501421199
1731068048.96,-0.482115029746528,-0.07204958848339373,-0.10539889631426844,-0.18635051546836284,1.969180452689297,-1.4873639562724066,-0.22767792333569567,1.7125343850160237,-0.4122986210063869,1.581340175761697,-0.37451332194942155,-0.9296519614827097,-0.09972105409848263,1.4569561429692586,1.5431589105800825,-0.4501463163628999,-0.37143763065056856,-0.13448561582809335,-0.14864014231633335,1.541771188017118
1731068049.46,-0.482115029746528,0.3571239153434788,-0.10539889631426844,-0.3078194397154005,1.9684724995224498,0.6428705055521089,-0.13098292659493135,-0.18097790867321242,-0.46940011632626344,1.5805097035362246,-0.37451332194942155,-0.8413632842276043,-0.09972105409848263,0.1771448480417105,1.5428105195010455,-0.4501463163628999,0.0037799489291493412,-0.13448561582809335,-0.15169042101537294,1.5414238747673814
1731068049.96,1.4837717346024528,-0.10429962056286972,-0.10539889631426844,0.08310519676978394,1.9677646145685912,-0.4222467253601425,-0.06859905772992213,-0.18097790867321242,-0.2577886924937798,1.579272509768679,1.1939154669399505,-0.9705662265521485,-0.09972105409848263,-0.2847419350900362,1.5424621288161222,-0.18210587065310885,-0.2750979818395598,-0.13448561582809335,-0.20232504741942997,1.5410765616719992
1731068050.46,-0.482115029746528,0.21323915683504746,-0.10539889631426844,-0.2740305488156964,1.9670567978346811,0.6428705055521089,-0.06547986428667166,-0.18097790867321242,-0.3048134533454428,1.57100160721508,-0.37451332194942155,-0.9597993146917699,-0.09972105409848263,-0.30639287804933685,1.5421137385253123,1.4261368036056759,0.024061980257782757,-0.13448561582809335,-0.1394893062192146,1.5407292487309885
1731068050.96,-0.482115029746528,0.1363352341839896,-0.10539889631426844,-0.006713373976264991,1.966349049327645,-0.4222467253601425,-0.2245587298924452,-0.18097790867321242,-0.2745832499408023,1.5641397077675154,-0.37451332194942155,-0.8133693133906198,-0.09972105409848263,-0.16445891864947715,1.5417653486286298,-0.4501463163628999,-0.14833528603560098,-0.13448561582809335,-0.21696638517481995,1.5403819359443591
1731068051.46,-0.482115029746528,0.4092201210103247,-0.10539889631426844,-0.04092997235571224,1.9656413690544299,0.6428705055521089,-0.5458356545472424,-0.18097790867321242,1.6164839185939326,1.5836675571367456,-0.37451332194942155,0.9739380554322433,-0.09972105409848263,-0.22219476654094555,1.5414169591260873,-0.4501463163628999,-0.35876136107017265,-0.13448561582809335,-0.1425395849182542,1.5400346233121178
1731068051.96,1.4837717346024528,0.32735465496242405,-0.10539889631426844,0.857255735104777,1.9649337570219736,-0.4222467253601425,-0.09355260527592582,-0.18097790867321242,-0.28801889589842034,1.5732506793203163,1.1939154669399505,-0.5011288694396376,-0.09972105409848263,-0.14761929634779894,1.541068570017699,1.4261368036056759,-0.6046809909298525,-0.13448561582809335,-0.1425395849182542,1.5396873108342712
1731068052.46,-0.482115029746528,0.5382202493282283,-0.10539889631426844,-0.16496514148120842,1.9642262132372106,0.6428705055521089,-0.38675678894146887,-0.18097790867321242,-0.35183821419710587,1.5789291744769234,-0.37451332194942155,-0.58080401720644,-0.09972105409848263,-0.2366287285138126,1.540720181303484,-0.18210587065310885,-0.2877742514199557,-0.13448561582809335,0.40956085960790967,1.5393399985108298
1731068052.96,-0.482115029746528,0.23804687381925976,-0.10539889631426844,-0.015267523571126802,1.9635187377071004,-0.4222467253601425,0.09983738820560245,-0.18097790867321242,-0.19061046270568974,1.5763280647088913,-0.15045206639380151,-0.26856357325545793,-0.09972105409848263,0.01355994568255016,1.5403717929834364,-0.4501463163628999,-0.22439290351797628,-0.13448561582809335,-0.16694181451057086,1.5389926863418069
1731068053.46,-0.482115029746528,0.22316224362873238,-0.10539889631426844,-0.25863307954494513,1.962811330438564,0.6428705055521089,0.27451222102762796,-0.18097790867321242,-0.20068719717390318,1.5761436870388714,-0.37451332194942155,-0.6174115175317276,-0.09972105409848263,0.7448806856411492,1.540023405057576,-0.4501463163628999,-0.3232678062450642,-0.13448561582809335,-0.21971163600395557,1.5386453743272157
1731068053.96,-0.201274063410965,-0.19360740170603374,-0.10539889631426844,-0.24195248783496462,1.9621039914385572,-0.4222467253601425,1.0012842933049853,-0.18097790867321242,-0.13686787887521765,1.5611483100406356,1.1939154669399505,-0.8305963723672256,-0.09972105409848263,-0.2943645764052809,1.5396750175259226,1.4261368036056759,-0.38918440806312266,-0.13448561582809335,-0.06506250596264888,1.538298062467063
1731068054.46,1.4837717346024528,-0.17624199981708513,-0.10539889631426844,-0.3587166298048282,1.9613967207140182,0.6428705055521089,0.4866173751686593,-0.18097790867321242,-0.32832583377127433,1.5688500357136363,-0.37451332194942155,-0.6647859297173937,-0.09972105409848263,-0.0946947691139529,1.5393266303884834,-0.18210587065310885,-0.13819427037128457,-0.13448561582809335,0.08928159620875384,1.537950750761349
1731068054.96,-0.482115029746528,-0.2060112601981399,-0.10539889631426844,-0.10080901951974483,1.9606895182718764,-0.4222467253601425,1.3069652507435303,-0.18097790867321242,-0.17381590525866714,1.567742371084693,-0.15045206639380151,-0.6367919588804091,-0.09972105409848263,-0.22219476654094555,1.5389782436452712,-0.4501463163628999,-0.35876136107017265,-0.13448561582809335,-0.2026300752893339,1.5376034392100906
1731068055.46,-0.482115029746528,0.4464316964866431,-0.10539889631426844,-0.17779636587350103,1.9599823841190964,0.6428705055521089,-0.698676133266515,-0.18097790867321242,-0.056254003129509664,1.5641868842185827,-0.37451332194942155,-0.1867350431165798,-0.09972105409848263,-0.26068533180192444,1.5386298572962864,-0.4501463163628999,0.05955553508289123,-0.13448561582809335,-0.03272955175282938,1.5372561278133041
1731068055.96,-0.201274063410965,0.18098912475557147,-0.10539889631426844,-0.12647146830433026,1.9592753182626117,-0.4222467253601425,0.0717646472163483,-0.18097790867321242,-0.32496692228186985,1.5724116921152087,1.1939154669399505,-0.5614235758577584,-0.09972105409848263,-0.15483627733423241,1.538281471341549,1.4261368036056759,0.538718525221855,-0.13448561582809335,-0.22093174748357142,1.5369088165709934
1731068056.46,1.4837717346024528,0.34223928515295143,-0.10539889631426844,-0.10936316911460664,1.9585683207093654,0.6428705055521089,0.4616638276226557,-0.18097790867321242,-0.08984311802355457,1.5707769335427977,-0.15045206639380151,-0.5118957813000163,-0.09972105409848263,-0.10912873108682,1.537933085781079,-0.18210587065310885,0.2623758483692251,-0.13448561582809335,-0.08153401093746263,1.5365615054831718
1731068056.96,-0.482115029746528,0.6895473229319234,-0.10539889631426844,-0.295843630282594,1.9578613914662952,-0.4222467253601425,-0.16529405447068643,-0.18097790867321242,-0.1939693741950942,1.5734059461005951,-0.37451332194942155,-0.8219828428789226,-0.09972105409848263,-0.24625136982905732,1.5375847006148695,-0.4501463163628999,0.25477008662098755,-0.13448561582809335,-0.19439432280192706,1.536214194549839
1731068057.46,-0.201274063410965,0.14129677758083206,-0.10539889631426844,-0.01954459836855771,1.9571545305403444,0.8203900440374883,0.42735269974690093,-0.18097790867321242,-0.3148901878136563,1.5606894298524265,-0.37451332194942155,-0.9425722557151641,-0.09972105409848263,-0.14280797569017656,1.5372363158429676,-0.4501463163628999,0.6020998731238345,-0.13448561582809335,-0.02662899435475021,1.5358668837710159
1731068057.96,1.4837717346024528,0.04950822473924655,-0.10539889631426844,-0.26633181418032076,1.956447737938468,-0.599766263845522,0.15598287018411075,-0.18097790867321242,-0.1099965869599816,1.5624161934884109,1.1939154669399505,-0.7336941656238174,-0.09972105409848263,0.8194561558342958,1.5368879314653396,-0.4501463163628999,0.5412537791379343,-0.13448561582809335,-0.13338874882113544,1.535519573146705
1731068058.46,-0.482115029746528,0.14873909267609575,-0.10539889631426844,-0.10936316911460664,1.9557410136676086,-0.4222467253601425,1.2165086408892667,1.7125343850160237,-0.2611476039831843,1.5699434850941318,-0.37451332194942155,-0.7681482835770292,-0.09972105409848263,-0.09228910878514178,1.536539547482026,1.4261368036056759,0.0037799489291493412,-0.13448561582809335,-0.22672727701174658,1.535172262676927
1731068058.96,-0.482115029746528,0.5282971625345434,-0.10539889631426844,-0.243663317753937,1.955034357734705,-0.4222467253601425,0.770463978504451,-0.18097790867321242,-0.33840256823948783,1.5715758242916225,-0.15045206639380151,-0.7164671066472115,-0.09972105409848263,-0.3136098590357704,1.5361911638930332,-0.4501463163628999,0.7618208698368226,-0.13448561582809335,-0.02052843695667105,1.5348249523616853
1731068059.46,-0.201274063410965,0.5803933682013893,-0.10539889631426844,2.7434457207718053,1.9543277701467034,-0.4222467253601425,-0.9450924152833011,-0.18097790867321242,-0.15366243632224025,1.565253599876121,-0.37451332194942155,-0.539889752137001,-0.09972105409848263,-0.11153439141563123,1.5358427806983679,-0.18210587065310885,-0.23706917309837217,-0.13448561582809335,-0.18768370966403997,1.5344776422009831
1731068059.96,1.4837717346024528,0.48116250026454005,-0.10539889631426844,-0.22826584848318573,1.9536212509105382,0.6428705055521089,0.4491870538496538,-0.18097790867321242,-0.4055807980275779,1.5693623389227194,1.1939154669399505,-0.6367919588804091,-0.09972105409848263,-0.039364581551295755,1.5354943978980635,-0.4501463163628999,-0.8303185894608991,-0.13448561582809335,0.013024628732764354,1.5341303321948339
1731068060.46,-0.482115029746528,0.9053744606945702,-0.10539889631426844,-0.26504869174109147,1.9529148000331737,0.6428705055521089,-0.9139004808507966,-0.18097790867321242,-0.2107639316421168,1.5785560138652397,-0.15045206639380151,-0.5248160755324708,-0.09972105409848263,-0.2727136334459803,1.5351460154920935,1.4261368036056759,-0.7618667337267614,-0.13448561582809335,-0.16389153581153126,1.533783022343251
1731068060.96,-0.201274063410965,0.8235089946466696,-0.10539889631426844,-0.2607716169436606,1.9522084175215524,-0.4222467253601425,0.11855254886510522,-0.18097790867321242,2.375597915199351,1.5653551441645674,-0.37451332194942155,-0.4343740159052897,-0.09972105409848263,-0.046581562537729354,1.5347976334804978,-0.4501463163628999,-0.7263731789016529,-0.13448561582809335,-0.13643902752017503,1.533435712646248
1731068061.46,-0.482115029746528,-0.03731878470549651,-0.10539889631426844,-0.29755446020156634,1.9515021033826123,-0.599766263845522,-0.09355260527592582,1.7125343850160237,-0.37535059462293735,1.5709264777200602,-0.37451332194942155,-0.49036195757925893,-0.09972105409848263,-0.1596475979918548,1.5344492518632762,-0.18210587065310885,-0.8658121442860075,-0.13448561582809335,-0.10593624052977928,1.5330884031038283
1731068061.96,-0.482115029746528,-0.424319169659208,-0.10539889631426844,0.0018407756185968207,1.9507958576233007,-0.4222467253601425,-0.012453575751413818,-0.18097790867321242,-0.44588773590043196,1.5676005686225112,1.1939154669399505,-0.0036975414901420857,-0.09972105409848263,-0.22941174752737903,1.534100870640449,-0.4501463163628999,-0.5108765960349231,-0.13448561582809335,-0.20964571629712497,1.532741093716002
1731068062.46,1.4837717346024528,0.03462359454871917,-0.10539889631426844,-0.243663317753937,1.9500896802505556,0.6428705055521089,0.32130012267638525,-0.18097790867321242,-0.14022679036462224,1.5675159864110024,-0.37451332194942155,-0.4559078396260471,-0.09972105409848263,-0.10431741042919764,1.5337524898120365,-0.4501463163628999,-0.27256272792348063,-0.13448561582809335,0.8304993200753715,1.5323937844827757
1731068062.96,-0.482115029746528,-0.3647806488970986,-0.10539889631426844,0.16436961792097105,1.9493835712713459,-0.4222467253601425,0.20900915871936862,-0.18097790867321242,-0.2577886924937798,1.5698614848851078,-0.37451332194942155,-0.35254548576641154,-0.09972105409848263,-0.24625136982905732,1.5334041093780182,-0.4501463163628999,-0.6148220065941692,-0.13448561582809335,-0.20415521463885372,1.5320464754041698
1731068063.46,-0.482115029746528,-0.5136269508023723,-0.10539889631426844,-0.13074854310176118,1.9486775306926052,-0.4222467253601425,0.024976745567591375,-0.18097790867321242,-0.21412284313152122,1.571023943937202,-0.15045206639380151,0.4765067274827475,-0.09972105409848263,-0.3136098590357704,1.5330557293384413,-0.4501463163628999,-0.7669372415589197,-0.13448561582809335,0.7816948608907385,1.5316991664801876
1731068063.96,1.4837717346024528,-0.08197267527707865,-0.10539889631426844,-0.3112410995533452,1.9479715585212805,0.6428705055521089,-1.250773372721846,-0.18097790867321242,-0.33504365675008335,1.5709806591886957,1.1939154669399505,-0.15443430753544368,-0.09972105409848263,-0.18610986160877785,1.532707349693292,-0.18210587065310885,0.13054264473310817,-0.13448561582809335,-0.21574627369520413,1.531351857710839
1731068064.46,-0.482115029746528,-0.6674347961044884,-0.10539889631426844,-0.0837007203300212,1.9472656547643188,0.6428705055521089,-0.8920661267480433,-0.18097790867321242,-0.12343223291759962,1.564758881368162,-0.37451332194942155,0.04583025306759994,-0.09972105409848263,0.2589372992212906,1.532358970442604,1.4261368036056759,-0.5286233734474773,-0.13448561582809335,0.8701529431628863,1.5310045490961341
1731068064.96,-0.482115029746528,-0.17128045642024267,-0.10539889631426844,-0.25649454214622963,1.9465598194286626,-0.4222467253601425,-1.250773372721846,-0.18097790867321242,-0.15030352483283568,1.5688539450805146,-0.37451332194942155,-0.12428695432638331,-0.09972105409848263,-0.28955325574765856,1.5320105915863838,-0.18210587065310885,-0.7618667337267614,-0.13448561582809335,-0.17639767847759355,1.5306572406360799
1731068065.46,-0.482115029746528,0.06439285492977394,-0.10539889631426844,0.5963541724614921,1.9458540525212806,0.6428705055521089,-1.1384824087648298,-0.18097790867321242,0.709577816454717,1.5731149701227316,-0.15045206639380151,-1.1708307871551922,-0.09972105409848263,-0.11394005174444237,1.5316622131246247,-0.4501463163628999,-0.31819729841290584,-0.13448561582809335,-0.17670270634749752,1.5303099323306897
1731068065.96,-0.482115029746528,-0.4292807130560505,-0.10539889631426844,-0.002436299178834085,1.9451483540490937,-0.4222467253601425,-0.009334382308163356,-0.18097790867321242,0.21245891602285066,1.565228679226539,1.1939154669399505,-1.2483525525499188,-0.09972105409848263,-0.2799306144324139,1.5313138350573472,-0.18210587065310885,-0.6503155614192777,-0.13448561582809335,-0.15169042101537294,1.5299626241799769
1731068066.46,1.4837717346024528,-0.25562669416656447,-0.10539889631426844,-0.2590607870246882,1.9444427240190705,0.6428705055521089,-1.0043570907050599,-0.18097790867321242,-0.4055807980275779,1.5631249212655736,-0.37451332194942155,-0.8047557839023168,-0.09972105409848263,-0.22219476654094555,1.5309654573845775,1.4261368036056759,-0.3917196619792018,-0.13448561582809335,-0.24960436725454346,1.5296153161839483
1731068066.96,-0.482115029746528,-0.22833820548393097,-0.10539889631426844,0.018949074808320445,1.9437371624381534,-0.4222467253601425,-0.7828943562342772,-0.18097790867321242,-0.3988629750487689,1.5645572951162574,-0.15045206639380151,-0.9554925499476185,-0.09972105409848263,0.21082409264506705,1.530617080106316,-0.4501463163628999,-0.45256575596510207,-0.13448561582809335,-0.14558986361729379,1.5292680083426107
1731068067.46,-0.482115029746528,-0.3275690734207802,-0.10539889631426844,-0.2907111405256769,1.943031669313281,0.6428705055521089,0.3774456046548935,-0.18097790867321242,-0.24099413504675726,1.5696608842956417,-0.37451332194942155,-0.9533391675755428,-0.09972105409848263,1.315022183569399,1.530268703222589,-0.4501463163628999,-0.14326477820344263,-0.13448561582809335,-0.20781554907770122,1.5289207006559706
1731068067.96,1.4837717346024528,-0.2382612922776159,-0.10539889631426844,0.16436961792097105,1.9423262446514258,-0.4222467253601425,-0.35868404795221503,-0.18097790867321242,-0.29137780738782476,1.5683530387737843,1.1939154669399505,-1.0373210800864965,-0.09972105409848263,-0.15483627733423241,1.529920326733377,1.4261368036056759,-0.35115559932193513,-0.13448561582809335,-0.08153401093746263,1.5285733931240486
1731068068.46,-2.167160827759946,-0.11670347905497587,4.74557083286513,-0.2774522086536411,1.9416208884595179,0.6428705055521089,-0.542716461103992,-0.18097790867321242,-0.34176147972889237,1.5639018868547647,-0.37451332194942155,-1.125609757341602,-0.09972105409848263,-0.255874011144302,1.5295719506387129,-0.4501463163628999,-0.2015756182732637,-0.13448561582809335,-0.20751052120779725,1.5282260857468508
1731068068.96,-0.482115029746528,-0.24322283567445835,-0.10539889631426844,-0.19918173986065557,1.9409156007445212,-0.4222467253601425,-0.7984903234505294,-0.18097790867321242,-0.2544297810043753,1.5649685808089635,-0.37451332194942155,-0.45375445725397134,-0.09972105409848263,-0.15724193766304367,1.529223574938617,-0.4501463163628999,-0.363831868902331,-0.13448561582809335,0.47971726968582,1.527878778524388
1731068069.46,-0.482115029746528,0.4613163266771705,-0.10539889631426844,-0.27873533109287035,1.9402103815133738,0.6428705055521089,-0.7080337135962664,-0.18097790867321242,-0.25107086951497076,1.561712643743076,-0.37451332194942155,-0.9425722557151641,-0.09972105409848263,-0.05139288319535172,1.5288751996330758,-0.4501463163628999,-0.1001654616300969,-0.13448561582809335,0.3333038921319202,1.527531471456663
1731068069.96,1.4837717346024528,-0.00010720922917805468,-0.10539889631426844,-0.19918173986065557,1.9395052307730187,-0.4222467253601425,0.043691906227094145,-0.18097790867321242,0.6188872062407955,1.5565856990703635,1.1939154669399505,-1.0523947566910268,-0.09972105409848263,-0.2871475954188474,1.5285268247221364,-0.18210587065310885,-0.31819729841290584,-0.13448561582809335,0.7267898443080258,1.5271841645436897
1731068070.46,-0.201274063410965,-0.2903574979444617,-0.10539889631426844,-0.1606880666837775,1.9388001485304287,0.6428705055521089,-0.26510824465470123,-0.18097790867321242,-0.24435304653616183,1.5598786033415564,-0.15045206639380151,-0.9985601973891332,-0.09972105409848263,-0.17648722029353311,1.5281784502057718,1.4261368036056759,-0.20664612610542205,-0.13448561582809335,0.13198549799530793,1.5268368577854778
1731068070.96,-0.482115029746528,-0.1191842507533971,-0.10539889631426844,-0.22741043352369955,1.9380951347925464,-0.4222467253601425,-0.04052631674066797,-0.18097790867321242,-0.13686787887521765,1.5632875965292812,-0.37451332194942155,-0.9533391675755428,-0.09972105409848263,-0.024930619578428657,1.5278300760840222,-0.18210587065310885,-0.20918138002150122,-0.13448561582809335,0.1197843831991496,1.5264895511820442
1731068071.46,-0.482115029746528,0.3298354266608453,-0.10539889631426844,-0.30140382751925415,1.9373901895663184,0.6428705055521089,0.1840556111733649,-0.18097790867321242,-0.11671440993879062,1.5490349435743567,-0.37451332194942155,-0.8241362252509984,-0.09972105409848263,-0.21257212522570082,1.5274817023568874,-0.4501463163628999,0.12040162906879147,-0.13448561582809335,0.9189574023475193,1.5261422447333926
1731068071.96,-0.482115029746528,0.13385446248556837,-0.10539889631426844,-0.0837007203300212,1.9366853128586963,-0.4222467253601425,0.04057271278384368,-0.18097790867321242,-0.33504365675008335,1.5521498299387226,1.1939154669399505,-0.9404188733430884,-0.09972105409848263,0.3238901280991926,1.5271333290243745,-0.4501463163628999,-0.40693118547567686,-0.13448561582809335,1.5656164865439102,1.525794938439526
1731068072.46,-0.482115029746528,0.09912365870767116,4.593978028828273,-0.23510916815907518,1.9359805046766314,0.8203900440374883,-0.577027588979747,-0.18097790867321242,-0.11671440993879062,1.5501787471533661,-0.37451332194942155,-0.8865843140411949,-0.09972105409848263,-0.25346835081549085,1.5267849560865232,1.4261368036056759,-0.14072952428736346,-0.13448561582809335,-0.2346580016292495,1.5254476323004613
1731068072.96,-0.201274063410965,0.6324895738682351,-0.10539889631426844,-0.10080901951974483,1.9352757650270833,-0.4222467253601425,-0.6019811365257507,-0.18097790867321242,-0.3652738601547239,1.5506839611742331,-0.37451332194942155,-0.4839018104630317,-0.09972105409848263,-0.3015815573917145,1.5264365835433003,-0.4501463163628999,-0.12044749295873032,-0.13448561582809335,-0.017478158257631465,1.525100326316212
1731068073.46,-0.482115029746528,0.3943354908197973,-0.10539889631426844,-0.139302692696623,1.9345710939170035,0.6428705055521089,0.3961607653143963,-0.18097790867321242,-0.2712243384513978,1.5546325337091857,-0.37451332194942155,-0.8693572550645889,-0.09972105409848263,-0.11394005174444237,1.5260882113947525,-0.4501463163628999,-0.49566507253844805,-0.13448561582809335,1.4253036663880896,1.5247530204867883
1731068073.96,1.4837717346024528,0.272777677597157,-0.10539889631426844,-0.2855786507687598,1.9338664913533345,-0.4222467253601425,0.3431344767791381,-0.18097790867321242,-0.00922924227784658,1.5559947411263864,1.1939154669399505,-0.7293874008796659,-0.09972105409848263,-0.25827967147311326,1.5257398396408797,-0.4501463163628999,-0.40693118547567686,-0.13448561582809335,-0.023578715655710628,1.52440571481219
1731068074.46,-0.482115029746528,0.10904674550135608,-0.10539889631426844,-0.0837007203300212,1.933161957343036,0.6428705055521089,0.05304948655684553,-0.18097790867321242,-0.3484793027077014,1.5610160896959915,-0.37451332194942155,-0.33316504441773015,-0.09972105409848263,-0.2871475954188474,1.5253914682816956,1.4261368036056759,-0.4500305020490229,-0.13448561582809335,-0.12118763402497719,1.5240584092924374
1731068074.96,-0.482115029746528,-0.03483801300707528,-0.10539889631426844,-0.26975347401826544,1.9324574918930513,-0.4222467253601425,0.7080801096394418,-0.18097790867321242,1.77099384710654,1.5593351889940623,-1.7188808552831736,-0.5592701934856826,3.573059006625274,-0.18370420127996662,1.5250430973172198,-0.4501463163628999,-0.25988645834308477,-0.13448561582809335,-0.18280326374557668,1.523711103927527
1731068075.46,-0.482115029746528,0.2554122757082084,-0.10539889631426844,-0.11364024391203754,1.9317530950103525,0.6428705055521089,0.9170660703372231,-0.18097790867321242,-0.3048134533454428,1.5550229427518736,-0.37451332194942155,-0.720773871391363,-0.09972105409848263,-0.26790231278835797,1.524694726747446,-0.4501463163628999,-0.013966828483404897,-0.13448561582809335,-0.22001666387385954,1.523363798717486
1731068075.96,1.4837717346024528,-0.07453036018181496,-0.10539889631426844,-0.31808441922923464,1.9310487667018783,-0.4222467253601425,0.754868011288199,-0.18097790867321242,-0.3484793027077014,1.5559378206397423,-0.37451332194942155,0.07597760627666031,3.4582846297276566,-0.16686457897828838,1.5243463565724007,-0.18210587065310885,-0.1888993486928678,-0.13448561582809335,-0.014427879558591884,1.5230164936623176
1731068076.46,-0.482115029746528,-0.14399196773760942,-0.10539889631426844,0.10021349595950756,1.9303445069745884,-0.599766263845522,0.07800303410284923,-0.18097790867321242,-0.2947367188772293,1.5519487547368902,-1.7188808552831736,-0.5506566639973797,3.573059006625274,-0.10672307075800888,1.523997986792084,1.4261368036056759,0.171106707390375,-0.13448561582809335,-0.22001666387385954,1.5226691887620252
1731068076.96,-0.482115029746528,0.2802199926924207,-0.10539889631426844,-0.27445825629543946,1.9296403158354385,0.8203900440374883,-0.5395972676607415,-0.18097790867321242,-0.24771195802556628,1.5554511594197378,-0.37451332194942155,-0.25995004376715497,-0.09972105409848263,-0.1379966550325542,1.5236496174065295,-0.4501463163628999,0.15335992997782077,-0.13448561582809335,-0.07238317484034387,1.5223218840166288
1731068077.46,-0.482115029746528,0.08175825681872255,-0.10539889631426844,-0.16496514148120842,1.9289361932913713,0.6428705055521089,-0.06859905772992213,-0.18097790867321242,-0.2947367188772293,1.5587180772456088,-0.37451332194942155,-0.5700371053460613,-0.09972105409848263,-0.14040231536136533,1.5233012484157302,-0.4501463163628999,-0.008896320651246544,-0.13448561582809335,-0.19073398836307956,1.5219745794261217
1731068077.96,1.4837717346024528,0.2157199285334687,-0.10539889631426844,1.4261066831630875,1.9282321393493596,-0.4222467253601425,-0.23391631022219658,-0.18097790867321242,-0.04617726866129607,1.5533144578357854,-0.37451332194942155,-0.9296519614827097,-0.09972105409848263,-0.1632560884850716,1.5229528798197132,-0.18210587065310885,0.2370233092084333,-0.13448561582809335,0.03742685832508094,1.5216272749905346
1731068078.46,-0.482115029746528,0.5134125323440161,-0.10539889631426844,-0.27916303857261343,1.9275281540163458,0.6428705055521089,0.11855254886510522,-0.18097790867321242,-0.2980956303666338,1.5529741432212694,1.1939154669399505,-0.8758174021808162,-0.09972105409848263,-0.18610986160877785,1.5226045116184512,1.4261368036056759,0.2395585631245125,-0.13448561582809335,-0.16694181451057086,1.5212799707098636
1731068078.96,-0.201274063410965,0.1586621794697804,-0.10539889631426844,0.4132953711314496,1.9268242372992856,-0.4222467253601425,0.9794499392022322,-0.18097790867321242,-0.2745832499408023,1.5531532334079703,-0.37451332194942155,-0.08983283637317147,-0.09972105409848263,-0.2847419350900362,1.5222561438119981,-0.18210587065310885,0.1077253594883956,-0.13448561582809335,0.9037060088523214,1.5209326665841292
1731068079.46,-0.482115029746528,1.0095668720282616,-0.10539889631426844,1.1053260733557697,1.9261203892051435,-0.4222467253601425,0.3712072177683926,1.7125343850160237,1.445179432634303,1.5576377599279414,-0.15045206639380151,-0.2922507793482911,-0.09972105409848263,-0.1235626930596871,1.5219077764003606,-0.4501463163628999,0.3688565128445505,-0.13448561582809335,-0.005277043461473137,1.5205853626133312
1731068079.96,1.4837717346024528,0.5382202493282283,-0.10539889631426844,-0.19918173986065557,1.9254166097408532,-0.4222467253601425,0.9638539719859797,-0.18097790867321242,-0.25107086951497076,1.550080200708055,1.1939154669399505,-0.6518656354849393,-0.09972105409848263,-0.11394005174444237,1.5215594093835454,-0.4501463163628999,0.5032249703967466,-0.13448561582809335,-0.18432840309509646,1.5202380587974766
1731068080.46,-0.482115029746528,0.25045073231136594,-0.10539889631426844,-0.1692422162786393,1.9247128989133961,0.6428705055521089,1.3693491196085397,-0.18097790867321242,-0.1267911444070042,1.5478604482194356,-0.37451332194942155,-0.4257604864169867,-0.09972105409848263,-0.20294948391045609,1.5212110427615455,1.4261368036056759,0.13814840648134571,-0.13448561582809335,-0.20812057694760516,1.519890755136592
1731068080.96,-0.201274063410965,0.9822783833456283,-0.10539889631426844,-0.11791731870946845,1.9240092567297151,-1.664883494757786,-1.1509591825378314,1.7125343850160237,-0.3484793027077014,1.544868255367729,-0.37451332194942155,-0.3159379854411242,-0.09972105409848263,-0.07544948648346345,1.5208626765343944,-0.4501463163628999,-0.3055210288325099,-0.13448561582809335,-0.12118763402497719,1.5195434516306712
1731068081.46,-0.482115029746528,0.5158933040424373,-0.10539889631426844,-0.30824714719514357,1.9233056831967787,0.6428705055521089,-0.1840092151301892,-0.18097790867321242,-0.4156575324957914,1.5406470489571604,-0.37451332194942155,-0.7250806361355144,-0.09972105409848263,0.28539956283821366,1.5205143107021057,-0.18210587065310885,-0.9013056991111159,-0.13448561582809335,-0.21391610647578038,1.5191961482797371
1731068081.96,1.4837717346024528,0.5952779983919166,-0.10539889631426844,-0.18292885563041814,1.9226021783215295,-1.4873639562724066,-0.6643650053907599,1.7125343850160237,-0.14022679036462224,1.5539521012238424,-0.37451332194942155,-0.37407930948716894,3.4582846297276566,-0.308798538378148,1.5201659452646727,1.4261368036056759,-0.7973602885518698,-0.13448561582809335,-0.2203216917437635,1.5188488450837865
1731068082.46,-0.482115029746528,0.706912724820872,-0.10539889631426844,-0.05803827154543586,1.9218987421109186,0.6428705055521089,-0.3337305004062114,-0.18097790867321242,-0.40222188653817337,1.5396986498534626,-0.37451332194942155,-0.3826928389754719,-0.09972105409848263,-0.10191175010038651,1.5198175802221419,-0.4501463163628999,-0.8049660503001074,-0.13448561582809335,-0.09373512573362094,1.5185015420428332
1731068082.96,-0.201274063410965,0.19587375494609885,-0.10539889631426844,-0.1692422162786393,1.9211953745719232,-0.599766263845522,-0.12162534626517997,-0.18097790867321242,-0.452605558879241,1.5487763848370697,-0.37451332194942155,-0.539889752137001,-0.09972105409848263,-0.3208268400222039,1.5194692155744736,-0.4501463163628999,-0.7162321632373362,-0.13448561582809335,-0.19347923919221519,1.5181542391568903
1731068083.46,-0.482115029746528,-0.4491268866434203,-0.10539889631426844,-0.29712675272182326,1.9204920757114947,0.6428705055521089,-0.1840092151301892,-0.18097790867321242,-0.029382711214273615,1.5371245080491502,-0.37451332194942155,-0.3030176912086698,-0.09972105409848263,-0.308798538378148,1.5191208513217276,-0.18210587065310885,-0.4728477872937355,-0.13448561582809335,-0.13643902752017503,1.5178069364259714
1731068083.96,-0.482115029746528,-0.14895351113445188,-0.10539889631426844,-0.1692422162786393,1.9197888455365846,-0.4222467253601425,0.14350609641110892,-0.18097790867321242,0.675988701560672,1.5480831185118782,1.1939154669399505,-0.43222063353321394,-0.09972105409848263,-0.04417590220891812,1.5187724874638906,-0.4501463163628999,-0.8252480816287407,-0.13448561582809335,-0.05408150264610638,1.5174596338500832
1731068084.46,1.4837717346024528,-0.565723156469218,-0.10539889631426844,-0.3073917322356574,1.9190856840541524,0.6428705055521089,0.8422054276992119,-0.18097790867321242,-0.3081723648348473,1.5599130572500224,-0.15045206639380151,-0.33316504441773015,-0.09972105409848263,-0.2943645764052809,1.5184241240009695,1.4261368036056759,-0.8125718120483448,-0.13448561582809335,-0.1855485145747123,1.5171123314292259
1731068084.96,-0.482115029746528,-0.6252616772313275,-0.10539889631426844,-0.06231534634286677,1.9183825912711536,-0.4222467253601425,-0.5208821070012387,-0.18097790867321242,-0.33840256823948783,1.5551120793376738,-0.37451332194942155,-0.29655754409244256,-0.09972105409848263,-0.3015815573917145,1.5180757609330109,-0.18210587065310885,-0.7415847023981279,-0.13448561582809335,0.07097992401451635,1.5167650291634194
1731068085.46,-0.482115029746528,-0.11174193565813341,-0.10539889631426844,-0.3048254873571989,1.9176795671945572,0.6428705055521089,-1.3537067563491112,-0.18097790867321242,-0.40222188653817337,1.547017439745405,-0.37451332194942155,0.5755623165982316,-0.09972105409848263,-0.06582684516821882,1.5177273982599815,-0.4501463163628999,-0.8049660503001074,-0.13448561582809335,-0.19347923919221519,1.5164177270526737
1731068085.96,-0.201274063410965,-0.3374921602144651,-0.10539889631426844,-0.006713373976264991,1.916976611831323,-0.599766263845522,-0.8608741923155386,-0.18097790867321242,-0.14694461334343126,1.5406002709847524,1.1939154669399505,-0.0015441591180663454,-0.09972105409848263,-0.335260801995071,1.5173790359819213,1.4261368036056759,-0.6198925144263275,-0.13448561582809335,-0.21635632943501204,1.5160704250970027
1731068086.46,1.4837717346024528,-0.20849203189656113,-0.10539889631426844,-0.24409102523368006,1.916273725188389,0.6428705055521089,-1.1946278907433376,-0.18097790867321242,-0.32832583377127433,1.5477383135108032,-0.15045206639380151,-0.6066446056713489,-0.09972105409848263,1.2187957704169516,1.5170306740988302,-0.4501463163628999,-0.597075229181615,-0.13448561582809335,-0.14864014231633335,1.5157231232964061
1731068086.96,-0.482115029746528,-0.4143960828655231,-0.10539889631426844,-0.04948412195057405,1.9155709072727456,-0.4222467253601425,-0.7797751627910267,-0.18097790867321242,-0.33840256823948783,1.5587662782953526,-0.37451332194942155,-1.1772909342714197,-0.09972105409848263,-0.17648722029353311,1.5166823126107352,-0.4501463163628999,-0.5489054047761106,-0.13448561582809335,-0.15169042101537294,1.5153758216508972
1731068087.46,-0.482115029746528,-0.07453036018181496,-0.10539889631426844,0.07455104717492213,1.9148681580913094,0.6428705055521089,-1.044906605467316,-0.18097790867321242,-0.4156575324957914,1.5407032631337854,-0.37451332194942155,-1.114842845481223,-0.09972105409848263,-0.21738344588332317,1.5163339515176428,-0.4501463163628999,-0.6984853858247819,-0.13448561582809335,-0.20842560481750913,1.5150285201604765
1731068087.96,-0.201274063410965,0.004854334167664406,-0.10539889631426844,-0.33519271841895826,1.9141654776510835,-0.4222467253601425,-0.7891327431207781,-0.18097790867321242,-0.2678654269619933,1.5487088114581096,1.1939154669399505,-1.2741931410148277,-0.09972105409848263,-0.20535514423926726,1.515985590819553,-0.4501463163628999,-0.6325687840067235,-0.13448561582809335,-0.13338874882113544,1.5146812188251773
1731068088.46,1.4837717346024528,-0.20104971680129743,-0.10539889631426844,-0.092254869924883,1.9134628659590063,0.6428705055521089,-0.3898759823847193,-0.18097790867321242,-0.2745832499408023,1.5582844601833965,-0.37451332194942155,-1.2289721112012373,-0.09972105409848263,-0.2847419350900362,1.515637230516486,1.4261368036056759,-0.5615816743565065,-0.13448561582809335,-0.2050702982485656,1.5143339176449961
1731068088.96,-0.482115029746528,-0.4664922885323689,-0.10539889631426844,2.046282528790568,1.9127603230220507,-0.4222467253601425,-0.4085911430442221,-0.18097790867321242,2.016194385833069,1.544598450915754,-0.15045206639380151,-0.9684128441800729,-0.09972105409848263,-0.10431741042919764,1.5152888706084484,-0.4501463163628999,-0.6325687840067235,-0.13448561582809335,-0.14864014231633335,1.5139866166199434
1731068089.46,-0.482115029746528,-0.18368431491234882,-0.10539889631426844,-0.29840987516105255,1.9120578488471593,0.6428705055521089,-1.026191444807813,-0.18097790867321242,-0.24771195802556628,1.5508233666427047,-0.37451332194942155,-1.0717751980397083,-0.09972105409848263,-0.07785514681227468,1.5149405110954535,-0.18210587065310885,-0.32580306016114335,-0.13448561582809335,-0.23404794588944158,1.5136393157500256
1731068089.96,1.4837717346024528,0.3844124040261124,-0.10539889631426844,-0.19062759026579376,1.9113554434412963,-0.4222467253601425,-0.9606883824995535,-0.18097790867321242,-0.056254003129509664,1.5410344358402273,1.1939154669399505,-0.9662594618079972,-0.09972105409848263,-0.20776080456807844,1.514592151977535,1.4261368036056759,0.39674430592142146,-0.13448561582809335,-0.07543345353938345,1.5132920150352496
1731068090.46,-0.482115029746528,-0.20353048849971866,-0.10539889631426844,-0.224844188645241,1.9106531068114432,-0.4222467253601425,2.3198021588028742e-05,1.7125343850160237,-0.3484793027077014,1.5478360967375535,-0.37451332194942155,-0.7100069595309842,-0.09972105409848263,0.11219201916380861,1.5142437932546724,-0.4501463163628999,-0.27256272792348063,-0.13448561582809335,-0.1608412571124917,1.5129447144756387
1731068090.96,-0.482115029746528,0.07183517002503763,-0.10539889631426844,-0.31808441922923464,1.9099508389645383,-2.73000072567005,-0.6206962971852534,3.6060466787052596,-0.42909317845340944,1.5383733905324497,-0.15045206639380151,-0.9533391675755428,-0.09972105409848263,0.8940316260274422,1.5138954349268858,-0.4501463163628999,-0.4500305020490229,-0.13448561582809335,0.16248828498570372,1.5125974140711933
1731068091.46,-0.201274063410965,-0.05468418659444512,-0.10539889631426844,-0.09653194472231393,1.909248639907559,0.6428705055521089,-0.6269346840717545,-0.18097790867321242,-0.14358570185402666,1.5437392906401903,-0.37451332194942155,-0.8779707845528919,-0.09972105409848263,-0.31842117969339273,1.5135470769942092,-2.0583889906216846,0.22688229354411663,4.471324869238586,-0.23221777867001783,1.5122501138219298
1731068091.96,-0.482115029746528,-0.03483801300707528,-0.10539889631426844,-0.29883758264079563,1.908546509647456,-0.4222467253601425,0.09359900131910152,-0.18097790867321242,-0.4626822933474544,1.540727026777557,-0.37451332194942155,-0.8456700489717558,3.4582846297276566,-0.17408155996472188,1.5131987194566219,1.4261368036056759,-0.2877742514199557,-0.13448561582809335,-0.22916749997097827,1.511902813727852
1731068092.46,-0.482115029746528,-0.13654965264234573,-0.10539889631426844,-0.17779636587350103,1.90784444819119,0.6428705055521089,-0.23391631022219658,-0.18097790867321242,-0.42573426696400496,1.5468761712400363,-0.37451332194942155,-0.8327497547393014,-0.09972105409848263,-0.3208268400222039,1.5128503623141645,-0.4501463163628999,-0.2903095053360349,-0.13448561582809335,0.616369755402793,1.5115555137889662
1731068092.96,-0.482115029746528,0.04454668134240409,-0.10539889631426844,-0.26119932442340366,1.9071424555457377,-0.4222467253601425,-0.04052631674066797,-0.18097790867321242,0.6659119670924585,1.5396725679576841,-0.15045206639380151,-0.9856399031566787,-0.09972105409848263,-0.2630909921307356,1.5125020055668432,-0.4501463163628999,-0.04185462156027584,-0.13448561582809335,1.4619070107765646,1.5112082140052963
1731068093.46,-0.482115029746528,0.04454668134240409,-0.10539889631426844,-0.18207344067093195,1.9064405317180504,-0.599766263845522,-0.6051003299690012,-0.18097790867321242,1.6064071841257193,1.5518606067226117,-0.37451332194942155,-0.9727196089242243,-0.09972105409848263,-0.15483627733423241,1.5121536492146381,-0.4501463163628999,0.31054567277472944,-0.13448561582809335,-0.14864014231633335,1.5108609143768355
1731068093.96,1.4837717346024528,0.13385446248556837,-0.10539889631426844,-0.27060888897775165,1.9057386767150968,0.6428705055521089,-0.49280936601198455,-0.18097790867321242,-0.36191494866531937,1.5473826102835317,1.1939154669399505,-0.7401543127400446,-0.09972105409848263,-0.214977785554512,1.5118052932575963,-0.18210587065310885,-0.5565111665243482,-0.13448561582809335,-0.15169042101537294,1.5105136149036138
1731068094.46,-0.201274063410965,0.272777677597157,-0.10539889631426844,-0.18635051546836284,1.9050368905438368,0.6428705055521089,-0.6051003299690012,-0.18097790867321242,-0.2980956303666338,1.5427587319693132,-0.37451332194942155,-0.6798596063219239,-0.09972105409848263,-0.17167589963591076,1.5114569376957243,1.4261368036056759,-0.4905945647062897,-0.13448561582809335,-0.12118763402497719,1.5101663155856146
1731068094.96,-0.482115029746528,0.796220505964036,-0.10539889631426844,-0.1521339170889157,1.904335173211226,-0.4222467253601425,-0.2245587298924452,-0.18097790867321242,-0.3115312763242518,1.5376760675916508,-0.15045206639380151,-0.3611590152547145,-0.09972105409848263,-0.3136098590357704,1.5111085825290353,-0.4501463163628999,-0.1458000321195218,-0.13448561582809335,-0.20232504741942997,1.5098190164228682
1731068095.46,-0.201274063410965,0.019738964358191786,-0.10539889631426844,1.182313419709526,1.9036335247242413,0.6428705055521089,0.20900915871936862,-0.18097790867321242,0.03107769559500749,1.540715509835282,-0.37451332194942155,-0.7659949012049535,-0.09972105409848263,0.03761654897066199,1.5107602277575227,-0.4501463163628999,-0.508341342118844,-0.13448561582809335,-0.06628261744226471,1.509471717415378
1731068095.96,-0.482115029746528,-0.3995114526749957,-0.10539889631426844,-0.2162900390503792,1.902931945089843,-0.4222467253601425,0.3057041554601326,-0.18097790867321242,-0.37535059462293735,1.5514704652517832,1.1939154669399505,-0.8370565194834528,-0.09972105409848263,-0.19573250292402253,1.51041187338122,1.4261368036056759,-0.4982003264545272,-0.13448561582809335,-0.19896974085048644,1.5091244185631574
1731068096.46,1.4837717346024528,-0.10429962056286972,-0.10539889631426844,-0.3300602286620412,1.902230434314991,0.6428705055521089,0.38056479809814364,-0.18097790867321242,-0.2241995775997348,1.5395625637151478,-0.37451332194942155,-0.49682210469548616,-0.09972105409848263,-0.33044948133744867,1.5100635194001273,-0.4501463163628999,0.1609656917260583,-0.13448561582809335,-0.023578715655710628,1.5087771198662163
1731068096.96,-0.482115029746528,-0.19608817340445497,-0.10539889631426844,-0.10080901951974483,1.9015289924066578,-0.4222467253601425,0.9389004244399759,-0.18097790867321242,-0.11671440993879062,1.5411181554700684,-0.37451332194942155,-0.6174115175317276,-0.09972105409848263,-0.020119298920806293,1.509715165814251,-0.18210587065310885,-0.12805325470696785,-0.13448561582809335,-0.223982026182611,1.5084298213245584
1731068097.46,-0.482115029746528,0.17850835305715024,-0.10539889631426844,-0.2659041067005776,1.9008276193717908,-0.4222467253601425,0.8328478473694603,1.7125343850160237,-0.36191494866531937,1.543286723015415,-0.15045206639380151,0.08674451813703901,-0.09972105409848263,-0.11153439141563123,1.5093668126236315,-0.4501463163628999,-0.07227766855322597,-0.13448561582809335,-0.09617534869285262,1.5080825229381936
1731068097.96,1.4837717346024528,0.1661044945650441,-0.10539889631426844,-0.19918173986065557,1.9001263152173757,-0.4222467253601425,0.06552626032984737,-0.18097790867321242,0.25948367687451357,1.550362261708099,1.1939154669399505,-0.35900563288263876,-0.09972105409848263,-0.2823362747612251,1.5090184598282417,1.4261368036056759,-0.394254915895281,-0.13448561582809335,0.03132630092700178,1.5077352247071354
1731068098.46,-0.482115029746528,0.019738964358191786,-0.10539889631426844,-0.25350058978802803,1.8994250799503725,0.6428705055521089,0.17469803084361354,-0.18097790867321242,-0.11671440993879062,1.5428093932299503,-0.37451332194942155,-0.6970866652985298,-0.09972105409848263,-0.16205325832066603,1.5086701074281221,-0.4501463163628999,-0.11284173121049279,-0.13448561582809335,-0.2514345344739672,1.5073879266314039
1731068098.96,-0.482115029746528,0.17106603796188655,-0.10539889631426844,-0.3266385688240965,1.8987239135777407,-0.4222467253601425,0.15598287018411075,-0.18097790867321242,-0.4156575324957914,1.5346901109926967,-0.37451332194942155,0.10397157711364494,-0.09972105409848263,-0.2967702367340921,1.5083217554232657,-0.4501463163628999,0.32575719627120453,-0.13448561582809335,-0.15169042101537294,1.5070406287109892
1731068099.46,-0.482115029746528,0.14625832097767452,-0.10539889631426844,-0.19918173986065557,1.898022816106445,0.6428705055521089,0.39304157187114547,-0.18097790867321242,-0.18053372823747615,1.537325369550874,-0.37451332194942155,-0.7638415188328778,-0.09972105409848263,-0.30398721772052567,1.5079734038136996,-0.4501463163628999,0.15843043780997912,-0.13448561582809335,-0.12728819142305636,1.5066933309459147
1731068099.96,1.4837717346024528,0.176027581358729,-0.10539889631426844,-0.2834401133700444,1.8973217875434494,-0.4222467253601425,0.6644114014339353,-0.18097790867321242,-0.1939693741950942,1.5474651831898782,-0.15045206639380151,-0.7380009303679689,-0.09972105409848263,-0.1981381632528337,1.5076250525994368,-2.0583889906216846,0.171106707390375,4.471324869238586,-0.029679273053789795,1.5063460333361802
1731068100.46,-0.482115029746528,0.8904898305040427,-0.10539889631426844,-0.053761196748004954,1.8966208278957357,0.6428705055521089,0.349372863665639,-0.18097790867321242,-0.38542732909115085,1.5387437170276979,1.1939154669399505,-0.71216034190306,-0.09972105409848263,1.3775693521184895,1.507276701780471,1.4261368036056759,0.3840680363410256,-0.13448561582809335,-0.1608412571124917,1.5059987358818063
1731068100.96,-0.482115029746528,0.33479697005768777,-0.10539889631426844,-0.3262108613443534,1.8959199371702549,-0.4222467253601425,1.4036602474842943,-0.18097790867321242,-0.1200733214281952,1.5467270881408703,-0.15045206639380151,-0.3417785739060331,-0.09972105409848263,-0.21978910621213435,1.506928351356835,-0.4501463163628999,0.7744971394172185,-0.13448561582809335,-0.23801330819819305,1.5056514385828064
1731068101.46,-0.482115029746528,0.32487388326400285,-0.10539889631426844,-0.10508609431717574,1.89521911537398,0.6428705055521089,0.6862457555366889,-0.18097790867321242,-0.45596447036864546,1.5456541642635495,-0.37451332194942155,-0.22334254344186738,-0.09972105409848263,-0.2751192937747915,1.5065800013285227,-0.18210587065310885,0.5894236035434386,-0.13448561582809335,-0.1608412571124917,1.5053041414391735
1731068101.96,1.4837717346024528,0.3968162625182185,-0.10539889631426844,-0.20773588945551738,1.8945183625138793,-0.4222467253601425,0.340015283335888,-0.18097790867321242,-0.3551971256865104,1.546696358820732,1.1939154669399505,-0.6303318117641818,-0.09972105409848263,-0.19573250292402253,1.5062316516955538,1.4261368036056759,0.4322378607465299,-0.13448561582809335,1.5930689948352663,1.504956844450928
1731068102.46,-0.482115029746528,0.49108558705822497,-0.10539889631426844,-0.13502561789919207,1.8938176785969132,0.8203900440374883,-0.22767792333569567,-0.18097790867321242,0.051231164531434524,1.5395866084163896,-0.37451332194942155,-0.2771771027437609,-0.09972105409848263,-0.12596835338849835,1.5058833024579554,-0.4501463163628999,-0.2142518878536596,-0.13448561582809335,-0.2108658277767408,1.5046095476180732
1731068102.96,-0.482115029746528,0.7366819852019267,-0.10539889631426844,-0.21201296425294827,1.8931170636300587,-0.4222467253601425,-0.6082195234122516,-0.18097790867321242,1.2352474645465217,1.5247847369955772,-0.37451332194942155,-0.5937243114388945,-0.09972105409848263,-0.255874011144302,1.5055349536157139,-0.18210587065310885,-0.7213026710694945,-0.13448561582809335,0.9494601893379153,1.5042622509406325
1731068103.46,-0.482115029746528,0.3844124040261124,-0.10539889631426844,-0.29456050784336474,1.8924165176202756,0.6428705055521089,-0.5208821070012387,-0.18097790867321242,2.419263764561609,1.5385712926715644,-0.37451332194942155,-0.39991989795207783,-0.09972105409848263,-0.1596475979918548,1.5051866051688494,-0.4501463163628999,-0.8353890972930574,-0.13448561582809335,-0.23557308523896137,1.5039149544186028
1731068103.96,-0.482115029746528,0.17850835305715024,-0.10539889631426844,-0.1478568422914848,1.8917160405745368,-1.4873639562724066,0.7049609161961916,1.7125343850160237,-0.4055807980275779,1.530019667621929,1.1939154669399505,-0.23410945530224608,-0.09972105409848263,-0.11033156125122556,1.5048382571173817,1.4261368036056759,-0.6198925144263275,-0.13448561582809335,0.7115384508128281,1.5035676580520043
1731068104.46,-0.482115029746528,-0.5285115809928996,-0.10539889631426844,-0.243663317753937,1.891015632499811,-0.4222467253601425,0.5334052768174166,1.7125343850160237,-0.11671440993879062,1.534061547455204,-0.37451332194942155,-0.35254548576641154,-0.09972105409848263,-0.061015524510596456,1.5044899094613113,-0.18210587065310885,-0.5134118499510023,-0.13448561582809335,-0.1998848244601983,1.50322036184084
1731068104.96,1.4837717346024528,-0.3747037356907835,-0.10539889631426844,-0.0995258970805156,1.8903152934030538,-0.4222467253601425,0.18093641773011446,-0.18097790867321242,0.074743544957266,1.547823234748372,-0.37451332194942155,-0.4365273982773654,-0.09972105409848263,-0.22460042686975668,1.504141562200671,-0.4501463163628999,-0.37143763065056856,-0.13448561582809335,0.7267898443080258,1.5028730657851137
1731068105.46,-0.482115029746528,-0.35981910550025614,-0.10539889631426844,0.04461152359290579,1.8896150232912554,0.6428705055521089,0.17469803084361354,-0.18097790867321242,-0.34176147972889237,1.5460133400091927,-0.15045206639380151,-0.08337268925694424,-0.09972105409848263,1.7552580237418451,1.5037932153354483,-0.4501463163628999,-0.21678714176973876,-0.13448561582809335,-0.1577909784134521,1.5025257698848484
1731068105.96,-0.482115029746528,-0.3300498451192014,-0.10539889631426844,-0.17779636587350103,1.888914822171367,-0.4222467253601425,0.511570922714663,-0.18097790867321242,0.09489701389369302,1.536928444100326,1.1939154669399505,-0.1608944546516709,-0.09972105409848263,-0.22219476654094555,1.5034448688656623,1.4261368036056759,-0.5767931978529816,-0.13448561582809335,-0.20354515889904579,1.5021784741400481
1731068106.46,1.4837717346024528,-0.5458769828818482,-0.10539889631426844,-0.06231534634286677,1.8882146900503742,-0.4222467253601425,-0.8608741923155386,-0.18097790867321242,-0.2544297810043753,1.5454051697027371,-0.37451332194942155,0.04798363543967568,-0.09972105409848263,-0.28955325574765856,1.5030965227913338,-0.4501463163628999,-0.7035558936569403,-0.13448561582809335,0.0038737926356456087,1.501831178550726
1731068106.96,-0.201274063410965,-0.34245370361130756,-0.10539889631426844,0.0531656731877676,1.8875146269352288,0.6428705055521089,-1.2663693399380984,-0.18097790867321242,-0.4425288244110275,1.5275817779481935,-0.37451332194942155,-0.20180871972110997,-0.09972105409848263,-0.14280797569017656,1.5027481771124622,-0.4501463163628999,-0.6021457370137734,-0.13448561582809335,-0.1812781243960569,1.5014838831168853
1731068107.46,-0.482115029746528,-0.6029347319455365,-0.10539889631426844,-0.20345881465808646,1.8868146328329076,0.6428705055521089,-1.425448205543872,-0.18097790867321242,0.9984442045435042,1.5280643669259188,-0.37451332194942155,-0.819829460506847,-0.09972105409848263,-0.2630909921307356,1.5023998318290812,-2.0583889906216846,-0.394254915895281,-0.13448561582809335,-0.23191275080011386,1.5011365878385363
1731068107.96,1.4837717346024528,-0.565723156469218,-0.10539889631426844,-0.12647146830433026,1.8861147077503837,-0.4222467253601425,-0.46785581846598084,-0.18097790867321242,2.439417233498036,1.5416261673671665,-0.15045206639380151,-1.3387946121771,-0.09972105409848263,-0.12596835338849835,1.5020514869411643,1.4261368036056759,-0.713696909321257,4.183461713921918,0.05877880921835802,1.5007892927156958
1731068108.46,-3.852206625773354,11.480904211064265,9.748133366081383,-0.2996929976002818,1.88541485169463,0.6428705055521089,-0.7454640349152719,-0.18097790867321242,-0.20404610866330777,1.5252771682279087,-1.7188808552831736,12.653884041571049,7.016290313553795,-0.29917589706290326,1.5017031424487646,-3.6666316648804598,12.586245134430092,9.221066931963598,-0.18981890475336768,1.5004419977483736
1731068108.96,-0.482115029746528,1.2502017267751206,-0.10539889631426844,-0.0837007203300212,1.8847150646726107,-5.037754725979945,4.179742411977203,7.51141578443931,15.10755191578712,1.5334229849846706,-0.37451332194942155,0.7370659945039119,-0.09972105409848263,-0.23542589834940703,1.501354798351869,-0.4501463163628999,1.3170414774581618,-0.13448561582809335,9.502441661444896,1.500094702936577
1731068109.46,-0.482115029746528,-0.2630690092618282,-0.10539889631426844,-0.2731751338562102,1.8840153466912986,0.6428705055521089,-0.6019811365257507,-0.18097790867321242,30.419149940237546,1.5310711897801477,-0.37451332194942155,-0.7336941656238174,-0.09972105409848263,-0.17167589963591076,1.5010064546504907,-0.4501463163628999,-0.3283383140772225,-0.13448561582809335,-0.08153401093746263,1.4997474082803122
1731068109.96,1.4837717346024528,-0.30772289983341033,-0.10539889631426844,0.43810240495654873,1.8833156977576537,-0.4222467253601425,0.06864545377309783,-0.18097790867321242,0.010924226658580456,1.536515865173319,1.1939154669399505,-1.0954624041325416,-0.09972105409848263,0.3359184297432484,1.5006581113446698,1.4261368036056759,-0.3866491541470435,-0.13448561582809335,-0.1849384588349044,1.499400113779593
1731068110.46,-0.201274063410965,-0.010030296022862976,-0.10539889631426844,-0.22056711384781008,1.8826161178786704,-0.4222467253601425,-0.3992335627144707,-0.18097790867321242,-0.08984311802355457,1.5375644188931723,-0.37451332194942155,-1.1105360807370714,-0.09972105409848263,-0.18370420127996662,1.500309768434373,-0.4501463163628999,-0.26242171225916394,-0.13448561582809335,-0.03272955175282938,1.4990528194344224
1731068110.96,-0.482115029746528,-0.35733833380183494,-0.10539889631426844,-0.1521339170889157,1.881916607061309,0.6428705055521089,-0.8016095168937799,-0.18097790867321242,-0.35183821419710587,1.5253714484977545,-0.37451332194942155,-0.852130196087983,-0.09972105409848263,-0.20294948391045609,1.4999614259196468,-0.18210587065310885,-0.4931298186223689,-0.13448561582809335,-0.04798094524802728,1.4987055252448243
1731068111.46,-0.482115029746528,-0.28539595454761923,-0.10539889631426844,-0.092254869924883,1.8812171653125376,0.6428705055521089,-0.20584356923294245,-0.18097790867321242,-0.00922924227784658,1.5244800017442108,-0.37451332194942155,-0.8133693133906198,-0.09972105409848263,-0.3208268400222039,1.4996130838004782,-0.4501463163628999,-0.5210176116992399,-0.13448561582809335,-0.19378426706211913,1.4983582312107986
1731068111.96,1.4837717346024528,-0.2804344111507768,-0.10539889631426844,-0.3300602286620412,1.8805177926393293,-0.4222467253601425,-0.15593647414093506,-0.18097790867321242,-0.2745832499408023,1.5308586188167408,1.1939154669399505,-1.0825421099000871,-0.09972105409848263,-0.03214760056486226,1.4992647420769005,1.4261368036056759,-0.2801684896717182,-0.13448561582809335,0.4126111383069492,1.498010937332362
1731068112.46,-0.482115029746528,-0.03235724130865405,-0.10539889631426844,-0.16496514148120842,1.8798184890486485,0.6428705055521089,-0.6456498447312572,-0.18097790867321242,1.2134145398653924,1.5369571646219073,-0.37451332194942155,-1.1665240224110407,-0.09972105409848263,-0.21257212522570082,1.498916400748927,-0.4501463163628999,0.32575719627120453,-0.13448561582809335,-0.1394893062192146,1.4976636436095079
1731068112.96,-0.482115029746528,-0.17624199981708513,-0.10539889631426844,-0.28900031060670456,1.8791192545474893,-0.4222467253601425,-0.39611436927122023,-0.18097790867321242,-0.28801889589842034,1.5350622507689278,-0.37451332194942155,-0.9145782848781795,-0.09972105409848263,-0.23903438884262376,1.4985680598165512,-0.4501463163628999,0.275052117949621,-0.13448561582809335,-0.21117085564664476,1.4973163500422664
1731068113.46,-0.482115029746528,0.0941621153108287,-0.10539889631426844,0.11304472035180028,1.878420089142812,0.6428705055521089,0.5521204374769194,-0.18097790867321242,-0.22755848908913923,1.5310281099685954,-0.37451332194942155,-0.8262896076230741,-0.09972105409848263,-0.08026080714108581,1.4982197192797928,-0.4501463163628999,0.09758434382407888,-0.13448561582809335,-0.07238317484034387,1.4969690566306413
1731068113.96,-0.482115029746528,0.024700507755034247,-0.10539889631426844,-0.2552114197070004,1.8777209928415894,-0.4222467253601425,-0.21208195611944336,-0.18097790867321242,-0.2577886924937798,1.518450560133254,1.1939154669399505,-0.7466144598562718,-0.09972105409848263,-0.2510626904866797,1.4978713791386589,1.4261368036056759,0.11279586732055394,-0.13448561582809335,-0.22154180322337932,1.4966217633746388
1731068114.46,1.4837717346024528,0.4042585776134822,-0.10539889631426844,-0.1521339170889157,1.8770219656507943,0.6428705055521089,0.03433432589734276,-0.18097790867321242,-0.3484793027077014,1.5345243420884693,-0.37451332194942155,-0.8585903432042102,-0.09972105409848263,-0.05139288319535172,1.497523039393176,-0.18210587065310885,0.084908074243683,-0.13448561582809335,-0.06323233874322513,1.4962744702742727
1731068114.96,-0.482115029746528,0.25293150400978714,-0.10539889631426844,-0.19062759026579376,1.8763230075773953,-0.4222467253601425,-0.6612458119475095,-0.18097790867321242,-0.19061046270568974,1.523573623993434,-0.37451332194942155,-0.6131047527875761,-0.09972105409848263,-0.24144004917143494,1.4971747000433573,-0.4501463163628999,-0.3536908532380143,-0.13448561582809335,-0.23191275080011386,1.4959271773295428
1731068115.46,-0.201274063410965,0.39185471912137604,-0.10539889631426844,-0.29199426296490616,1.8756241186283786,0.6428705055521089,0.46478302106590647,-0.18097790867321242,-0.06297182610831867,1.5296318251168697,-0.15045206639380151,-0.860743725576286,-0.09972105409848263,-0.19092118226640023,1.4968263610891965,-0.4501463163628999,-0.49566507253844805,-0.13448561582809335,0.08623131750971426,1.4955798845404729
1731068115.96,1.4837717346024528,0.30254693797821175,-0.10539889631426844,-0.0837007203300212,1.8749252988107121,-0.4222467253601425,-0.2994193725304563,-0.18097790867321242,-0.2813010729196113,1.534077008666092,1.1939154669399505,-0.8284429899951499,-0.09972105409848263,-0.11875137240206474,1.4964780225307066,1.4261368036056759,-0.5894694674333775,-0.13448561582809335,-0.2441138655962722,1.495232591907066
1731068116.46,-0.482115029746528,0.27525844929557824,-0.10539889631426844,-0.27916303857261343,1.8742265481313651,0.6428705055521089,-0.01869196263791474,-0.18097790867321242,-0.12343223291759962,1.5286017387739328,-0.37451332194942155,-0.7939888720419381,-0.09972105409848263,-0.30639287804933685,1.4961296843679148,-0.18210587065310885,-0.06974241463714678,-0.13448561582809335,-0.15169042101537294,1.4948852994293358
1731068116.96,-0.201274063410965,-0.00010720922917805468,-0.10539889631426844,-0.07086949593772848,1.873527866597323,-0.4222467253601425,-0.031168736410916588,-0.18097790867321242,1.0589046113527851,1.525812111579429,-0.37451332194942155,-0.3783860742313204,-0.09972105409848263,-0.10431741042919764,1.4957813466008205,-2.0583889906216846,-0.44495999421686455,4.471324869238586,-0.20598538185827747,1.4945380071072891
1731068117.46,-0.482115029746528,-0.16383814132497898,-0.10539889631426844,-0.2898557255661907,1.8728292542155414,0.6428705055521089,0.26827383414112704,-0.18097790867321242,-0.3551971256865104,1.5197195600764168,-0.37451332194942155,-0.6367919588804091,-0.09972105409848263,-0.10672307075800888,1.495433009229451,-0.4501463163628999,-0.37397288456664773,-0.13448561582809335,-0.07543345353938345,1.4941907149409293
1731068117.96,1.4837717346024528,-0.16879968472182144,-0.10539889631426844,-0.09653194472231393,1.8721307109930194,-0.4222467253601425,0.40863753908739814,-0.18097790867321242,0.06802572197845698,1.5241483469041537,1.1939154669399505,-0.48605519283510745,-0.09972105409848263,-0.1981381632528337,1.4950846722537994,1.4261368036056759,0.04687926550249535,-0.13448561582809335,-0.18402337522519252,1.4938434229302795
1731068118.46,-0.482115029746528,-0.1340688809439245,-0.10539889631426844,-0.22056711384781008,1.871432236936721,0.6428705055521089,0.6301002735581805,-0.18097790867321242,-0.41901644398519594,1.520094146060709,-0.37451332194942155,-0.16304783702374664,-0.09972105409848263,0.16511654639765463,1.4947363356738723,-0.4501463163628999,-0.33340882190938087,-0.13448561582809335,-0.07848373223842303,1.4934961310753434
1731068118.96,-0.482115029746528,-0.18616508661077005,-0.10539889631426844,0.04461152359290579,1.8707338320536235,-0.4222467253601425,0.18717480461661537,-0.18097790867321242,-0.3316847452606788,1.5219473664730367,-0.15045206639380151,-0.4472943101377441,-0.09972105409848263,-0.2751192937747915,1.4943879994897165,-0.18210587065310885,-0.20664612610542205,-0.13448561582809335,-0.2062904097281814,1.4931488393761345
1731068119.46,-0.201274063410965,0.14873909267609575,-0.10539889631426844,1.8794766116907629,1.8700354963506958,0.6428705055521089,0.043691906227094145,-0.18097790867321242,-0.23427631206794824,1.5303257620631316,-0.37451332194942155,0.17503319539214438,-0.09972105409848263,1.565210857765762,1.4940396637013187,-0.4501463163628999,-0.21171663393758042,-0.13448561582809335,0.4553150400935033,1.4928015478326562
1731068119.96,-0.482115029746528,-0.002587980927599285,-0.10539889631426844,-0.26975347401826544,1.8693372298349145,-0.4222467253601425,0.27139302758437783,-0.18097790867321242,-0.34512039121829685,1.524994434194672,1.1939154669399505,0.28270231399593115,-0.09972105409848263,-0.09710042944276415,1.4936913283086988,1.4261368036056759,-0.09763020771401773,-0.13448561582809335,-0.08153401093746263,1.4924542564449184
1731068120.46,1.4837717346024528,0.5059702172487524,-0.10539889631426844,1.4261066831630875,1.868639032513266,-0.4222467253601425,-0.27758501842770306,1.7125343850160237,-0.21748175462092578,1.5199079215521256,-0.37451332194942155,-0.46882813385850153,-0.09972105409848263,-0.29195891607646973,1.4933429933118438,-0.4501463163628999,0.8961893273890187,-0.13448561582809335,-0.20598538185827747,1.4921069652129346
1731068120.96,-2.167160827759946,0.7664512455829815,4.74557083286513,-0.29712675272182326,1.8679409043927186,-0.4222467253601425,0.14662528985435938,-0.18097790867321242,-0.40222188653817337,1.5107383423687186,-0.37451332194942155,-0.8779707845528919,-0.09972105409848263,-0.3015815573917145,1.4929946587108,-0.4501463163628999,0.5184364938932217,-0.13448561582809335,-0.22672727701174658,1.4917596741367218
1731068121.46,-0.201274063410965,0.37697008893084866,-0.10539889631426844,1.1908675693043875,1.8672428454802539,0.6428705055521089,0.30258496201688245,-0.18097790867321242,0.09489701389369302,1.5196759981842565,-1.7188808552831736,-0.4451409277656684,3.573059006625274,-0.10431741042919764,1.492646324505568,-0.4501463163628999,0.10265485165623724,-0.13448561582809335,-0.03577983045186896,1.4914123832162798
1731068121.96,1.4837717346024528,0.0941621153108287,-0.10539889631426844,-0.18207344067093195,1.8665448557828492,-0.4222467253601425,0.6612922079906852,-0.18097790867321242,-0.14022679036462224,1.5130320083263877,1.1939154669399505,-0.13290048381468628,-0.09972105409848263,-0.24144004917143494,1.492297990696147,-0.18210587065310885,0.13054264473310817,-0.13448561582809335,-0.044930666548987704,1.4910650924516187
1731068122.46,-0.482115029746528,0.3844124040261124,-0.10539889631426844,-0.18635051546836284,1.8658469353074687,0.6428705055521089,0.7111993030826925,-0.18097790867321242,-0.4055807980275779,1.5299211219004025,-0.37451332194942155,-0.5162025460441678,-0.09972105409848263,-0.28955325574765856,1.4919496572825848,1.4261368036056759,0.7947791707458519,-0.13448561582809335,-0.08763456833554178,1.4907178018427487
1731068122.96,-0.482115029746528,0.3223931115655816,-0.10539889631426844,-0.04092997235571224,1.865149084061107,-0.4222467253601425,0.7579872047314492,-0.18097790867321242,-0.12343223291759962,1.5110047002684222,-0.37451332194942155,-0.08983283637317147,-0.09972105409848263,-0.19573250292402253,1.491601324264847,-0.4501463163628999,0.29279889536217524,-0.13448561582809335,-0.1812781243960569,1.4903705113896832
1731068123.46,-0.201274063410965,0.33975851345453023,-0.10539889631426844,-0.26761493661955,1.8644513020507454,-1.664883494757786,-1.1010520874458243,1.7125343850160237,-0.23427631206794824,1.5158310168549167,-0.15045206639380151,-0.5786506348343643,-0.09972105409848263,-0.23181740785619023,1.4912529916429675,-0.18210587065310885,-0.25988645834308477,-0.13448561582809335,-0.2398434754176168,1.490023221092439
1731068123.96,1.4837717346024528,0.5208548474392798,-0.10539889631426844,-0.238958535476763,1.8637535892833352,-0.4222467253601425,-0.7860135496775276,1.7125343850160237,-0.3887862405805554,1.5125674434547882,1.1939154669399505,-0.4925153399513347,-0.09972105409848263,0.46341842717024107,1.4909046594169597,-0.4501463163628999,-0.8303185894608991,-0.13448561582809335,-0.06323233874322513,1.4896759309510128
1731068124.46,-2.167160827759946,0.7862974191703511,4.74557083286513,-0.2949882153231078,1.86305594576588,0.6428705055521089,-0.13098292659493135,-0.18097790867321242,-0.2107639316421168,1.509532503822935,-0.37451332194942155,-0.5571168111136069,-0.09972105409848263,-0.11875137240206474,1.490556327586837,1.4261368036056759,-0.6908796240765446,-0.13448561582809335,-0.1608412571124917,1.4893286409654214
1731068124.96,-0.482115029746528,0.7143550399161357,-0.10539889631426844,0.10021349595950756,1.8623583715053393,-1.664883494757786,-0.1372213134814323,1.7125343850160237,-0.14358570185402666,1.5233313122665433,-0.37451332194942155,-0.18458166074450405,-0.09972105409848263,-0.21257212522570082,1.4902079961526125,-0.4501463163628999,-0.33340882190938087,-0.13448561582809335,-0.08153401093746263,1.488981351135668
1731068125.46,-0.482115029746528,0.25293150400978714,-0.10539889631426844,-0.224844188645241,1.861660866508708,0.6428705055521089,-0.4834517856822332,-0.18097790867321242,-0.18725155121628517,1.5074838368549637,-1.7188808552831736,-0.5032822518117134,3.573059006625274,-0.13318533437493182,1.4898596651142864,-0.18210587065310885,-0.5463701508600315,-0.13448561582809335,-0.1394893062192146,1.488634061461773
1731068125.96,-0.482115029746528,-0.6277424489297487,-0.10539889631426844,-0.139302692696623,1.8609634307829586,-0.4222467253601425,0.1840556111733649,-0.18097790867321242,-0.1099965869599816,1.5210854618393352,1.1939154669399505,0.09751142999741771,-0.09972105409848263,-0.25827967147311326,1.4895113344718787,1.4261368036056759,-0.8987704451950368,-0.13448561582809335,-0.24014850328752074,1.4882867719437431
1731068126.46,1.4837717346024528,-0.46153074513552644,-0.10539889631426844,0.29695893664132916,1.8602660643350684,-0.4222467253601425,-0.01869196263791474,1.7125343850160237,-0.18725155121628517,1.5140306523565845,-0.15045206639380151,0.18580010725252308,-0.09972105409848263,-0.21016646489688964,1.489163004225396,-0.4501463163628999,-0.5184823577831607,-0.13448561582809335,-0.16389153581153126,1.4879394825815817
1731068126.96,-0.482115029746528,0.6647396059477111,-0.10539889631426844,-0.18635051546836284,1.8595687671720234,-0.4222467253601425,-0.01869196263791474,-0.18097790867321242,-0.3148901878136563,1.5215532747259923,-0.37451332194942155,-0.251336514278852,-0.09972105409848263,-0.15483627733423241,1.4888146743748518,-0.18210587065310885,0.19138873871900813,-0.13448561582809335,-0.20751052120779725,1.487592193375309
1731068127.46,-0.482115029746528,-0.21345357529340359,-0.10539889631426844,-0.10936316911460664,1.8588715393007922,0.8203900440374883,0.5490012440336686,-0.18097790867321242,-0.29137780738782476,1.5223725188890933,-0.37451332194942155,-0.12428695432638331,-0.09972105409848263,-0.308798538378148,1.4884663449202729,-0.4501463163628999,-0.31566204449682667,-0.13448561582809335,-0.0022267647624335555,1.4872449043249178
1731068127.96,1.4837717346024528,-0.5061846357071086,-0.10539889631426844,-0.18635051546836284,1.8581743807283648,-0.4222467253601425,-1.1228864415485775,-0.18097790867321242,-0.1267911444070042,1.5249666093090124,1.1939154669399505,-0.042458424187505416,-0.09972105409848263,-0.08507212779870818,1.4881180158616591,-0.4501463163628999,-0.7213026710694945,-0.13448561582809335,-0.21727141304472392,1.4868976154304425
1731068128.46,-0.482115029746528,0.08175825681872255,-0.10539889631426844,-0.3236446164658948,1.8574772914617188,0.6428705055521089,-1.3599451432356122,-0.18097790867321242,-0.2947367188772293,1.5185721606815716,-0.37451332194942155,-0.1867350431165798,-0.09972105409848263,0.451390125526185,1.4877696871990171,1.4261368036056759,-0.45256575596510207,-0.13448561582809335,-0.1425395849182542,1.4865503266918758
1731068128.96,-0.482115029746528,-0.20104971680129743,-0.10539889631426844,-0.2526451748285418,1.8567802715078354,-0.4222467253601425,-1.1603167628675826,-0.18097790867321242,-0.27794216143020684,1.5235674244852324,-0.37451332194942155,-0.09629298348939869,-0.09972105409848263,-0.33044948133744867,1.4874213589323537,-0.4501463163628999,-0.7035558936569403,-0.13448561582809335,-0.17914292930672918,1.4862030381092348
1731068129.46,-0.201274063410965,-0.1340688809439245,-0.10539889631426844,-0.18207344067093195,1.856083320873692,0.6428705055521089,-0.5988619430825003,-0.18097790867321242,-0.45932338185804994,1.5259295925134708,-0.37451332194942155,-1.0523947566910268,-0.09972105409848263,-0.21016646489688964,1.4870730310617024,-0.4501463163628999,-0.5920047213494567,-0.13448561582809335,1.9560521600209764,1.4858557496825262
1731068129.96,-0.482115029746528,-0.3399729319128863,-0.10539889631426844,-0.3061086097964281,1.8553864395662614,-0.4222467253601425,-0.10914857249217813,-0.18097790867321242,-0.24435304653616183,1.509652619871571,1.1939154669399505,-1.20743828748048,-0.09972105409848263,-0.2630909921307356,1.4867247035870699,1.4261368036056759,-0.6655270849157527,-0.13448561582809335,-0.20842560481750913,1.4855084614117533
1731068130.46,1.4837717346024528,-0.2308189771823522,-0.10539889631426844,0.07882812197235303,1.8546896275925424,0.6428705055521089,-1.0542641857970674,-0.18097790867321242,0.18222871261821003,1.5133243799491876,-0.37451332194942155,-1.1471435810623594,-0.09972105409848263,-0.27030797311716914,1.4863763765084557,-0.4501463163628999,-0.5615816743565065,-0.13448561582809335,-0.2062904097281814,1.4851611732969396
1731068130.96,-0.482115029746528,-0.4267999413576292,-0.10539889631426844,-0.31893983418872085,1.8539928849595082,-0.4222467253601425,-0.9076620939642956,-0.18097790867321242,-0.34512039121829685,1.5180958685011667,-0.37451332194942155,-1.1492969634344348,-0.09972105409848263,-0.21257212522570082,1.4860280498258738,-0.4501463163628999,-0.6579213231675153,-0.13448561582809335,-0.09068484703458136,1.4848138853380886
1731068131.46,-0.482115029746528,-0.3374921602144651,-0.10539889631426844,0.4209941057668251,1.8532962116741443,-0.4222467253601425,-0.8016095168937799,1.7125343850160237,0.3770455790036712,1.5233878016963678,-0.37451332194942155,-1.1772909342714197,-0.09972105409848263,-0.15002495667661006,1.4856797235393506,-0.4501463163628999,-0.5514406586921898,-0.13448561582809335,-0.22428705405251492,1.4844665975352136
1731068131.96,1.4837717346024528,-0.2878767262460405,-0.10539889631426844,-0.19062759026579376,1.8525996077434237,-0.4222467253601425,-1.2195814382893415,-0.18097790867321242,-0.1267911444070042,1.5117134924415845,1.1939154669399505,-0.9641060794359214,-0.09972105409848263,-0.11394005174444237,1.4853313976488796,1.4261368036056759,-0.37143763065056856,-0.13448561582809335,-0.15169042101537294,1.484119309888318
1731068132.46,-0.201274063410965,-0.4069537677702594,-0.10539889631426844,0.2670194130593127,1.8519030731743282,-0.4222467253601425,-0.5739083955364965,1.7125343850160237,-0.19061046270568974,1.5178337202823875,-0.37451332194942155,-1.0717751980397083,-0.09972105409848263,-0.19092118226640023,1.4849830721545005,-0.4501463163628999,-0.5032708342866856,-0.13448561582809335,-0.20293510315923788,1.483772022397412
1731068132.96,-0.482115029746528,-0.24322283567445835,-0.10539889631426844,-0.286434065728246,1.851206607973852,-0.4222467253601425,-0.876470159531791,-0.18097790867321242,0.1251272172983335,1.5165204758751885,-0.15045206639380151,-0.9511857852034671,-0.09972105409848263,-0.05379854352416285,1.4846347470561736,-0.4501463163628999,-0.24974544267876805,-0.13448561582809335,-0.041880387849948124,1.4834247350625125
1731068133.46,-0.482115029746528,-0.4664922885323689,-0.10539889631426844,-0.0837007203300212,1.8505102121489685,0.6428705055521089,-0.7860135496775276,-0.18097790867321242,-0.40222188653817337,1.5159455947513747,-0.37451332194942155,-1.0523947566910268,-0.09972105409848263,1.0648335093730363,1.4842864223539591,-0.18210587065310885,-0.05960139897283008,-0.13448561582809335,-0.1983596851106785,1.483077447883626
1731068133.96,1.4837717346024528,-0.30772289983341033,-0.10539889631426844,-0.34545769793279246,1.8498138857066673,-0.4222467253601425,-0.32437292007645996,-0.18097790867321242,-0.33504365675008335,1.5168362027382323,1.1939154669399505,-0.9576459323196942,-0.09972105409848263,-0.29195891607646973,1.4839380980478567,1.4261368036056759,-0.32580306016114335,-0.13448561582809335,-0.08153401093746263,1.482730160860766
1731068134.46,-0.482115029746528,-0.0447610998007602,-0.10539889631426844,-0.0879777951274521,1.849117628653926,0.8203900440374883,-0.3462072741792132,-0.18097790867321242,0.10833265985131105,1.5141747728914665,-0.37451332194942155,-1.0351676977144209,-0.09972105409848263,-0.14521363601898768,1.4835897741378667,-0.4501463163628999,-0.38918440806312266,-0.13448561582809335,-0.09068484703458136,1.4823828739939326
1731068134.96,-2.167160827759946,0.4464316964866431,4.74557083286513,-0.30824714719514357,1.848421440997717,-0.599766263845522,-0.17465163480043783,-0.18097790867321242,-0.16038025930104927,1.514203712247306,-0.37451332194942155,-0.7530746069724991,-0.09972105409848263,-0.3015815573917145,1.4832414506240224,-0.4501463163628999,-0.024107844147721602,-0.13448561582809335,-0.21971163600395557,1.4820355872831426
1731068135.46,-0.482115029746528,0.4439509247882219,-0.10539889631426844,-0.10508609431717574,1.8477253227450485,-0.4222467253601425,-0.1996051823464415,1.7125343850160237,1.9120681296615292,1.5158977600222276,-0.37451332194942155,-0.9490324028313913,-0.09972105409848263,-0.27030797311716914,1.4828931275063169,-0.4501463163628999,0.32575719627120453,-0.13448561582809335,0.29670054774344523,1.481688300728406
1731068135.96,1.4837717346024528,0.09168134361240747,-0.10539889631426844,-0.2915665554851631,1.8470292739028975,-0.4222467253601425,0.2869889948006298,-0.18097790867321242,-0.23763522355735284,1.5113005008230735,1.1939154669399505,-0.8499768137159073,-0.09972105409848263,-0.13559099470374297,1.4825448047847638,1.4261368036056759,-0.13058850862304702,-0.13448561582809335,-0.22093174748357142,1.4813410143297363
1731068136.46,-0.482115029746528,0.10408520210451362,-0.10539889631426844,-0.21201296425294827,1.8463332944782325,0.6428705055521089,-0.5863851693094984,-0.18097790867321242,0.007565315169175875,1.5123188270438401,-1.7188808552831736,-0.6410987236245606,3.573059006625274,0.10738069850618624,1.4821964824593832,-0.4501463163628999,0.06462604291504959,-0.13448561582809335,-0.07238317484034387,1.480993728087137
1731068136.96,-0.482115029746528,0.26285459080347207,-0.10539889631426844,-0.2898557255661907,1.8456373844780523,-0.4222467253601425,0.09047980787585107,-0.18097790867321242,-0.24435304653616183,1.5077690409809394,-0.37451332194942155,-0.8456700489717558,-0.09972105409848263,-0.07544948648346345,1.481848160530175,-0.4501463163628999,-0.4170722011399936,-0.13448561582809335,-0.19134404410288747,1.4806464420006213
1731068137.46,-0.201274063410965,0.2554122757082084,-0.10539889631426844,-0.07086949593772848,1.8449415439093255,0.6428705055521089,-0.28382340531420397,-0.18097790867321242,-0.2544297810043753,1.5098008016930158,-0.37451332194942155,-0.8736640198087404,-0.09972105409848263,-0.2486570301578685,1.4814998389971792,-0.18210587065310885,-0.43228372463646864,-0.13448561582809335,0.40041002351079086,1.4802991560701895
1731068137.96,1.4837717346024528,0.5630279663124407,-0.10539889631426844,-0.29712675272182326,1.8442457727790595,-0.4222467253601425,0.4741406013956575,-0.18097790867321242,-0.1637391707904537,1.5133156709068607,1.1939154669399505,-0.6066446056713489,-0.09972105409848263,1.5050693495454825,1.4811515178603625,-0.4501463163628999,-0.3232678062450642,-0.13448561582809335,-0.1824982358756727,1.4799518702958716
1731068138.46,-0.201274063410965,0.40177780591506096,-0.10539889631426844,0.04461152359290579,1.8435500710942276,-0.4222467253601425,0.4023991522008972,1.7125343850160237,-0.34512039121829685,1.5077042901407498,-0.37451332194942155,-0.8413632842276043,-0.09972105409848263,-0.04417590220891812,1.4808031971197784,1.4261368036056759,-0.20918138002150122,-0.13448561582809335,-0.22916749997097827,1.4796045846776644
1731068138.96,-0.482115029746528,-0.13903042434076696,-0.10539889631426844,-0.30995797711411593,1.8428544388618109,-0.4222467253601425,0.4741406013956575,-0.18097790867321242,-0.4156575324957914,1.498747920150181,-0.37451332194942155,-0.6733994592056967,-0.09972105409848263,-0.2751192937747915,1.4804548767754135,-0.4501463163628999,-0.22692815743405548,-0.13448561582809335,-0.12484796846382469,1.4792572992155781
1731068139.46,-0.201274063410965,-0.3548575621034137,-0.10539889631426844,-0.1521339170889157,1.8421588760888041,-0.4222467253601425,1.097979290045749,1.7125343850160237,-0.1032787639811726,1.5114920484664887,-0.37451332194942155,-0.1975019549769585,-0.09972105409848263,-0.008090997276750432,1.4801065568272946,-0.4501463163628999,-0.4018606776435185,-0.13448561582809335,-0.02052843695667105,1.4789100139096258
1731068139.96,-0.482115029746528,-0.11670347905497587,-0.10539889631426844,-0.25991620198417437,1.8414633827821802,-1.664883494757786,1.0605489687267435,1.7125343850160237,1.629919564551551,1.4979215226289349,1.1939154669399505,-0.31809136781319997,-0.09972105409848263,-0.21257212522570082,1.479758237275435,1.4261368036056759,-0.2218576496018971,-0.13448561582809335,-0.21727141304472392,1.478562728759811
1731068140.46,1.4837717346024528,-0.019953382816547897,-0.10539889631426844,-0.16496514148120842,1.8407679589489425,-0.4222467253601425,-0.07795663805967351,-0.18097790867321242,-0.4626822933474544,1.5055971082116424,-0.37451332194942155,-0.6561724002290907,-0.09972105409848263,-0.26068533180192444,1.479409918119828,-0.4501463163628999,-0.16101155561599687,-0.13448561582809335,0.19604135067513906,1.4782154437661543
1731068140.96,-0.482115029746528,0.11648906059661977,-0.10539889631426844,-0.14357976749405388,1.8400726045960636,0.6428705055521089,-0.8078479037802808,-0.18097790867321242,-0.2241995775997348,1.5043570874722725,-0.37451332194942155,-0.43868078064944116,-0.09972105409848263,-0.061015524510596456,1.4790615993605003,-0.18210587065310885,0.0012446950130701642,-0.13448561582809335,-0.19591946215144684,1.4778681589286584
1731068141.46,-0.482115029746528,0.07431594172345886,-0.10539889631426844,-0.17779636587350103,1.8393773197305336,-1.664883494757786,-0.3992335627144707,3.6060466787052596,-0.2947367188772293,1.50289098523101,-0.37451332194942155,-0.2448763671626248,-0.09972105409848263,-0.214977785554512,1.4787132809974586,-2.0583889906216846,0.049414519418574526,4.471324869238586,-0.2325228065399218,1.4775208742473407
1731068141.96,1.4837717346024528,0.08423902851714378,-0.10539889631426844,-0.29327738540413545,1.8386821043593433,-0.4222467253601425,-0.3337305004062114,-0.18097790867321242,-0.21748175462092578,1.5006759908600014,-0.37451332194942155,-0.8865843140411949,-0.09972105409848263,-0.29195891607646973,1.4783649630307165,-2.0583889906216846,0.18124772305469145,4.471324869238586,0.07097992401451635,1.477173589722201
1731068142.46,-0.482115029746528,0.18098912475557147,-0.10539889631426844,-0.20345881465808646,1.837986958489465,0.6428705055521089,-0.22143953644919473,-0.18097790867321242,-0.38542732909115085,1.4940636783449137,1.1939154669399505,-0.8069091662743926,-0.09972105409848263,0.6630882344615688,1.4780166454603003,1.4261368036056759,0.0519497733346537,-0.13448561582809335,-0.2056803539883735,1.4768263053532455
1731068142.96,-0.482115029746528,0.24300841721610222,-0.10539889631426844,-0.158549529285062,1.8372918821279065,-1.664883494757786,1.1884358999000129,1.7125343850160237,-0.19061046270568974,1.5060100998409882,-0.37451332194942155,-0.778915195437408,-0.09972105409848263,-0.255874011144302,1.477668328286197,-0.4501463163628999,0.0519497733346537,-0.13448561582809335,-0.09068484703458136,1.4764790211405054
1731068143.46,-0.201274063410965,0.2802199926924207,-0.10539889631426844,-0.11364024391203754,1.8365968752816406,0.6428705055521089,0.4491870538496538,-0.18097790867321242,-0.2544297810043753,1.5144897545143265,-0.37451332194942155,-0.356852250510563,-0.09972105409848263,-0.28955325574765856,1.4773200115084266,-0.18210587065310885,0.19138873871900813,-0.13448561582809335,-0.1577909784134521,1.4761317370839733
1731068143.96,1.4837717346024528,0.456354783280328,-0.10539889631426844,0.604908322056354,1.8359019379576662,-0.4222467253601425,0.8484438145857128,-0.18097790867321242,-0.37870950611234183,1.500748724250871,1.1939154669399505,-0.7896821072977867,-0.09972105409848263,0.48506937012954165,1.476971695127009,-0.4501463163628999,0.665481221025814,-0.13448561582809335,-0.23557308523896137,1.4757844531836664
1731068144.46,-0.482115029746528,0.45139323988348556,-0.10539889631426844,-0.18635051546836284,1.8352070701629648,0.6428705055521089,0.8141326867099574,-0.18097790867321242,0.602092648793773,1.5092145305237588,-0.37451332194942155,-0.8564369608321345,-0.09972105409848263,-0.2751192937747915,1.4766233791419376,1.4261368036056759,0.3282924501872837,-0.13448561582809335,0.18078995717994123,1.4754371694395878
1731068144.96,-0.482115029746528,0.6027203134871804,-0.10539889631426844,-0.3061086097964281,1.8345122719045137,-0.4222467253601425,-0.7454640349152719,-0.18097790867321242,-0.35183821419710587,1.5089459291972147,-0.37451332194942155,-0.6906265181823026,-0.09972105409848263,-0.20294948391045609,1.476275063553266,-0.4501463163628999,-0.31819729841290584,-0.13448561582809335,-0.1547406997144125,1.4750898858517512
1731068145.46,-0.201274063410965,0.8359128531387757,-0.10539889631426844,0.2841277122490363,1.8338175431893162,-0.4222467253601425,-0.7704175824612753,1.7125343850160237,-0.4055807980275779,1.5048382448831192,-0.37451332194942155,-0.33962519153395737,-0.09972105409848263,-0.2847419350900362,1.475926748360954,-0.4501463163628999,-0.7872192728875531,-0.13448561582809335,-0.06323233874322513,1.4747426024201664
1731068145.96,-0.482115029746528,0.9326629493772037,-0.10539889631426844,-0.2855786507687598,1.8331228840243623,-0.4222467253601425,-0.5707892020932461,-0.18097790867321242,-0.11335549844938618,1.4984445678405924,1.1939154669399505,-0.43222063353321394,-0.09972105409848263,-0.07544948648346345,1.4755784335650481,-0.18210587065310885,-0.6629918309996736,-0.13448561582809335,1.3154936332226648,1.4743953191448504
1731068146.46,1.4837717346024528,0.9822783833456283,-0.10539889631426844,-0.20345881465808646,1.8324282944166337,0.6428705055521089,-0.35868404795221503,-0.18097790867321242,-0.2947367188772293,1.5119506315777143,-0.37451332194942155,-0.3762326918592447,-0.09972105409848263,-0.21016646489688964,1.4752301191655486,1.4261368036056759,-0.6148220065941692,-0.13448561582809335,-0.20690046546798935,1.4740480360258066
1731068146.96,-0.482115029746528,0.07431594172345886,-0.10539889631426844,-0.19918173986065557,1.8317337743731206,-1.664883494757786,-0.043645510183918435,1.7125343850160237,-0.37870950611234183,1.5063474918388549,-0.37451332194942155,-0.6410987236245606,-0.09972105409848263,0.5115316337464645,1.4748818051624624,-0.4501463163628999,-0.9393345078523035,-0.13448561582809335,1.3032925184265065,1.4737007530630415
1731068147.46,-0.201274063410965,-0.5285115809928996,-0.10539889631426844,-0.23211521580087355,1.8310393239008043,0.6428705055521089,0.2651546406978769,-0.18097790867321242,-0.056254003129509664,1.4992549632165655,-0.37451332194942155,0.1341189303227053,-0.09972105409848263,-0.05139288319535172,1.474533491555829,-0.18210587065310885,-0.7796135111393155,-0.13448561582809335,-0.12118763402497719,1.4733534702565656
1731068147.96,1.4837717346024528,-0.13903042434076696,-0.10539889631426844,-0.31509046687103304,1.8303449430066883,-0.4222467253601425,0.3680880243251418,-0.18097790867321242,-0.44588773590043196,1.5085498849643948,1.1939154669399505,-0.26425680851130645,-0.09972105409848263,-0.3376664623238822,1.4741851783456223,1.4261368036056759,-0.6376392918388818,-0.13448561582809335,-0.1394893062192146,1.473006187606399
1731068148.46,-0.482115029746528,-0.5632423847707968,-0.10539889631426844,-0.07086949593772848,1.829650631697767,0.6428705055521089,0.13102932263810707,-0.18097790867321242,-0.3719916831335329,1.4953391687644544,-0.37451332194942155,-0.3030176912086698,-0.09972105409848263,-0.3112041987069592,1.4738368655318685,-0.4501463163628999,-0.7289084328177321,-0.13448561582809335,-0.24746917216521575,1.4726589051125445
1731068148.96,-0.482115029746528,0.34968160024821515,-0.10539889631426844,-0.26932576653852236,1.8289563899810088,-1.664883494757786,0.29634657513038154,1.7125343850160237,-0.3048134533454428,1.4965650498481033,-0.15045206639380151,0.22025422520573468,-0.09972105409848263,0.01355994568255016,1.4734885531145883,-0.4501463163628999,0.32322194235512536,-0.13448561582809335,-0.16755187025037876,1.4723116227750095
1731068149.46,-0.482115029746528,0.2008352983429413,-0.10539889631426844,-0.18207344067093195,1.8282622178634174,0.8203900440374883,-1.126005634991828,-0.18097790867321242,2.439417233498036,1.497755832754015,-0.37451332194942155,0.36668422650688504,-0.09972105409848263,-0.23903438884262376,1.4731402410937877,-0.4501463163628999,-0.6427097996710401,-0.13448561582809335,-0.18341331948538458,1.4719643405938105
1731068149.96,1.4837717346024528,0.18595066815241393,-0.10539889631426844,-0.19490466506322465,1.8275681153519738,-1.664883494757786,-0.45225985124972856,1.7125343850160237,-0.1704569937692627,1.4951856292415646,1.1939154669399505,-0.05968548316411134,-0.09972105409848263,-0.2654966524595468,1.472791929469487,-0.18210587065310885,-0.5843989596012191,-0.13448561582809335,-0.20903566055731704,1.4716170585689474
1731068150.46,-0.482115029746528,-0.28539595454761923,-0.10539889631426844,-0.0837007203300212,1.826874082453686,0.6428705055521089,-0.542716461103992,-0.18097790867321242,-0.3955040635593644,1.501367872473502,-0.37451332194942155,-0.16735460176789813,-0.09972105409848263,-0.10672307075800888,1.4724436182416796,1.4261368036056759,-0.1458000321195218,-0.13448561582809335,-0.23526805736905743,1.4712697767004441
1731068150.96,-0.482115029746528,-0.5061846357071086,-0.10539889631426844,-0.23553687563881825,1.8261801191755307,-0.4222467253601425,-0.6674841988340104,-0.18097790867321242,-0.18053372823747615,1.4983580232868,-0.37451332194942155,-0.8801241669249676,-0.09972105409848263,-0.2823362747612251,1.4720953074103855,-0.4501463163628999,-0.6325687840067235,-0.13448561582809335,0.04657769442219969,1.470922494988304
1731068151.46,-0.482115029746528,-0.06708804508655127,-0.10539889631426844,-0.2740305488156964,1.8254862255245028,0.8203900440374883,-0.8795893529750415,-0.18097790867321242,-0.17381590525866714,1.5110950481508367,-0.37451332194942155,-1.297880347107661,-0.09972105409848263,-0.32323250035101514,1.471746996975618,-0.18210587065310885,-0.2218576496018971,-0.13448561582809335,-0.17365242764845792,1.4705752134325332
1731068151.96,1.4837717346024528,-0.1266265658486608,-0.10539889631426844,2.0976074263597386,1.824792401507597,-0.4222467253601425,-0.9794035431590562,-0.18097790867321242,-0.3719916831335329,1.5034995496828174,1.1939154669399505,-1.188057846131798,-0.09972105409848263,1.5796448197386288,1.4713986869373974,1.4261368036056759,-0.33340882190938087,-0.13448561582809335,-0.03272955175282938,1.4702279320331457
1731068152.46,-0.482115029746528,-0.3548575621034137,-0.10539889631426844,-0.3514456026491957,1.8240986471317986,0.6428705055521089,-0.7641791955747743,-0.18097790867321242,0.16543415517118756,1.504055360634277,-0.37451332194942155,-1.0825421099000871,-0.09972105409848263,-0.29917589706290326,1.4710503772957435,-0.18210587065310885,-0.6604565770835944,-0.13448561582809335,-0.02662899435475021,1.4698806507901483
1731068152.96,-0.201274063410965,1.3568749098072337,-0.10539889631426844,-0.12219439350689935,1.8234049624041027,-0.4222467253601425,-0.49280936601198455,-0.18097790867321242,-0.4425288244110275,1.4989172332069187,-0.37451332194942155,1.6457933555198738,-0.09972105409848263,-0.31601551936458155,1.470702068050623,-0.4501463163628999,0.3384334658516004,-0.13448561582809335,-0.17151723255913023,1.4695333697035575
1731068153.46,-0.482115029746528,0.6250472587729714,-0.10539889631426844,-0.20345881465808646,1.8227113473315035,0.6428705055521089,1.3132036376300313,-0.18097790867321242,-0.4492466473898365,1.496104560048234,-0.37451332194942155,-0.778915195437408,-0.09972105409848263,-0.09950608977157527,1.4703537592020894,-0.4501463163628999,0.6528049514454181,-0.13448561582809335,-0.05408150264610638,1.4691860887733768
1731068153.96,1.4837717346024528,-0.2754728677539343,-0.10539889631426844,-0.27488596377518254,1.8220178019209914,-0.4222467253601425,-0.4834517856822332,-0.18097790867321242,2.6409519228623064,1.50936043839874,1.1939154669399505,-0.8478234313438315,-0.09972105409848263,-0.23181740785619023,1.4700054507501426,1.4261368036056759,-0.4982003264545272,-0.13448561582809335,-0.2294725278408822,1.4688388079996229
1731068154.46,-0.482115029746528,-0.28291518284919803,-0.10539889631426844,-0.20773588945551738,1.821324326179565,0.6428705055521089,-0.32437292007645996,-0.18097790867321242,-0.34176147972889237,1.5003616877523585,-0.37451332194942155,-0.4580612219981228,-0.09972105409848263,-0.2005438235816449,1.469657142694796,-0.4501463163628999,-0.48552405687413136,-0.13448561582809335,-0.07543345353938345,1.4684915273823027
1731068154.96,-0.482115029746528,0.6126434002808653,-0.10539889631426844,-0.2753136712549256,1.8206309201141933,-0.4222467253601425,-0.46785581846598084,-0.18097790867321242,-0.3148901878136563,1.5072088119507276,-0.37451332194942155,-0.6152581351596519,-0.09972105409848263,-0.2847419350900362,1.4693088350360695,-0.18210587065310885,0.6832279984383681,-0.13448561582809335,-0.19652951789125475,1.4681442469214128
1731068155.46,-0.482115029746528,0.16858526626346532,-0.10539889631426844,-0.092254869924883,1.8199375837319005,0.6428705055521089,0.69560333586644,-0.18097790867321242,-0.34176147972889237,1.5028848579271517,-0.37451332194942155,0.42482555055292975,-0.09972105409848263,-0.10912873108682,1.4689605277739568,-0.4501463163628999,-0.06974241463714678,-0.13448561582809335,-0.1425395849182542,1.4677969666169832
1731068155.96,-0.482115029746528,0.12641214739030468,-0.10539889631426844,-0.25863307954494513,1.8192443170396646,-0.4222467253601425,-0.3929951758279698,-0.18097790867321242,-0.2611476039831843,1.5042283121800275,1.1939154669399505,-0.3934597508358506,-0.09972105409848263,-0.06342118483940759,1.4686122209084775,1.4261368036056759,-0.28523899750387655,-0.13448561582809335,-0.14864014231633335,1.4674496864690212
1731068156.46,1.4837717346024528,0.1834698964539927,-0.10539889631426844,-0.2710365964574947,1.8185511200444837,0.6428705055521089,-0.12474453970843044,-0.18097790867321242,-0.36191494866531937,1.4911768894280129,-0.37451332194942155,-1.009327109249512,-0.09972105409848263,0.9108712483291206,1.468263914439652,-0.4501463163628999,-0.06213665288890925,-0.13448561582809335,-0.23191275080011386,1.4671024064775298
1731068156.96,-0.482115029746528,0.21075838513662623,-0.10539889631426844,-0.006713373976264991,1.8178579927533445,-0.4222467253601425,0.031215132454092298,-0.18097790867321242,-0.3887862405805554,1.4981868890703103,-0.37451332194942155,-0.901657990645725,-0.09972105409848263,-0.03455326089367339,1.4679156083674803,-0.4501463163628999,0.05955553508289123,-0.13448561582809335,-0.06323233874322513,1.466755126642519
1731068157.46,-0.201274063410965,0.11152751719977731,-0.10539889631426844,-0.2637655693018622,1.8171649351732406,-0.4222467253601425,-0.23703550366544704,-0.18097790867321242,-0.32496692228186985,1.496167348528989,-0.15045206639380151,-0.6410987236245606,-0.09972105409848263,-0.14761929634779894,1.4675673026919955,-0.18210587065310885,-0.4043959315595977,-0.13448561582809335,-0.16694181451057086,1.466407846963999
1731068157.96,1.4837717346024528,0.6672203776461323,-0.10539889631426844,-0.10080901951974483,1.8164719473111761,0.6428705055521089,-0.6144579102987525,-0.18097790867321242,-0.2241995775997348,1.4920917418347424,-0.37451332194942155,-0.6131047527875761,3.4582846297276566,-0.33044948133744867,1.4672189974131777,-2.0583889906216846,-0.23960442701445134,4.471324869238586,-0.16694181451057086,1.4660605674419833
1731068158.46,-0.201274063410965,0.5431817927250708,-0.10539889631426844,-0.2966990452420802,1.8157790291741405,-0.4222467253601425,0.06552626032984737,1.7125343850160237,0.2762782343215362,1.5020822525051507,-0.37451332194942155,-0.7939888720419381,-0.09972105409848263,0.15308824475359867,1.4668706925310606,1.4261368036056759,0.08237282032760382,-0.13448561582809335,-0.17304237190865002,1.465713288076482
1731068158.96,-0.482115029746528,0.14873909267609575,-0.10539889631426844,0.7588830147638664,1.8150861807691288,-0.4222467253601425,0.10295658164885292,-0.18097790867321242,-0.14358570185402666,1.495711573069413,-0.37451332194942155,-0.8262896076230741,-0.09972105409848263,-0.09228910878514178,1.4665223880456573,-0.4501463163628999,-0.480453549041973,-0.13448561582809335,0.9342087958427174,1.4653660088675053
1731068159.46,-0.482115029746528,0.4737201851692764,-0.10539889631426844,0.4894273025257196,1.8143934021031352,-0.4222467253601425,0.1934131915031163,-0.18097790867321242,-0.1200733214281952,1.4855930389333754,-0.37451332194942155,0.8081276127824116,-0.09972105409848263,-0.22460042686975668,1.4661740839569544,-2.0583889906216846,0.0950490899079997,4.471324869238586,-0.12728819142305636,1.4650187298150597
1731068159.96,-0.201274063410965,0.31743156816873913,-0.10539889631426844,1.2036987936966803,1.8137006931831503,-0.4222467253601425,1.0511913883969926,1.7125343850160237,-0.35183821419710587,1.4929798264239382,1.1939154669399505,-0.7164671066472115,-0.09972105409848263,1.156248601867861,1.4658257802650054,-0.4501463163628999,0.057020281166812056,-0.13448561582809335,-0.21910158026414767,1.464671450919152
1731068160.46,1.4837717346024528,0.0693543983266164,-0.10539889631426844,-0.05803827154543586,1.8130080540161768,0.6428705055521089,0.19029399805986583,-0.18097790867321242,-0.11335549844938618,1.5023607930518614,-0.37451332194942155,-0.25779666139507923,-0.09972105409848263,-0.308798538378148,1.465477476969777,1.4261368036056759,0.041808757670336996,-0.13448561582809335,-0.02662899435475021,1.4643241721798024
1731068160.96,-0.482115029746528,-0.21097280359498236,-0.10539889631426844,-0.2594884945044313,1.8123154846092095,-0.4222467253601425,1.3568723458355378,-0.18097790867321242,0.051231164531434524,1.4909325752349898,-0.37451332194942155,-0.2664101908833822,-0.09972105409848263,-0.255874011144302,1.4651291740713224,-2.0583889906216846,0.07730231249544547,4.471324869238586,-0.2224568868330912,1.4639768935970212
1731068161.46,-0.482115029746528,0.14873909267609575,-0.10539889631426844,-0.272319718896724,1.8116229849692431,0.6428705055521089,0.8952317162344695,-0.18097790867321242,-0.23091740057854382,1.4849346452554275,-0.37451332194942155,-0.4472943101377441,-0.09972105409848263,1.0912957729899593,1.464780871569622,-0.4501463163628999,-0.029178351979879957,-0.13448561582809335,-0.15169042101537294,1.4636296151708046
1731068161.96,1.4837717346024528,0.23804687381925976,-0.10539889631426844,-0.224844188645241,1.810930555103272,-0.4222467253601425,0.4866173751686593,-0.18097790867321242,0.22925347346987313,1.4899329481923533,1.1939154669399505,-0.5700371053460613,-0.09972105409848263,-0.25827967147311326,1.4644325694647022,1.4261368036056759,-0.06720716072106761,-0.13448561582809335,-0.19683454576115872,1.4632823369011732
1731068162.46,-0.482115029746528,-0.017472611118126667,-0.10539889631426844,-0.272319718896724,1.810238195018282,0.6428705055521089,-0.38675678894146887,-0.18097790867321242,-0.17381590525866714,1.4994820002494507,-0.37451332194942155,-0.770301665949105,-0.09972105409848263,-0.29195891607646973,1.4640842677565897,-0.4501463163628999,0.26744635620138346,-0.13448561582809335,0.4248122531031075,1.46293505878813
1731068162.96,-0.201274063410965,0.15618140777135917,-0.10539889631426844,-0.045207047153143144,1.8095459047212936,-0.599766263845522,-0.3150153397467086,-0.18097790867321242,-0.2241995775997348,1.490960128929186,-0.37451332194942155,-0.5592701934856826,-0.09972105409848263,-0.16686457897828838,1.4637359664452647,-0.4501463163628999,0.4018148137535798,-0.13448561582809335,-0.19225912771259934,1.4625877808316956
1731068163.46,-0.482115029746528,0.30006616627979055,-0.10539889631426844,0.18147791711069466,1.8088536842192842,0.6428705055521089,-0.10602937904892766,-0.18097790867321242,-0.23763522355735284,1.4787741495360665,-0.37451332194942155,-0.703546812414757,-0.09972105409848263,-0.2486570301578685,1.4633876655307605,-0.4501463163628999,0.33336295801944205,-0.13448561582809335,-0.23191275080011386,1.4622405030318797
1731068163.96,1.4837717346024528,0.13385446248556837,-0.10539889631426844,-0.19062759026579376,1.8081615335192611,-0.4222467253601425,0.4897365686119102,-0.18097790867321242,-0.2813010729196113,1.487419115286931,-0.37451332194942155,-0.7336941656238174,3.4582846297276566,-0.2871475954188474,1.463039365013077,-0.18210587065310885,0.5590005565504885,-0.13448561582809335,-0.14864014231633335,1.4618932253886792
1731068164.46,-0.482115029746528,0.5034894455503311,-0.10539889631426844,0.2755735626541745,1.807469452628219,0.6428705055521089,0.4429486669631529,-0.18097790867321242,-0.24771195802556628,1.4949147796267679,-0.37451332194942155,-0.5958776938109702,-0.09972105409848263,-0.22219476654094555,1.4626910648922344,1.4261368036056759,0.3511097354319963,-0.13448561582809335,-0.19012393262327162,1.461545947902114
1731068164.96,-0.201274063410965,0.22812378702557484,-0.10539889631426844,-0.30953026963437286,1.806777441553148,-0.4222467253601425,0.8390862342559612,-0.18097790867321242,-0.2813010729196113,1.4907497256984212,-0.15045206639380151,-0.71216034190306,-0.09972105409848263,-0.18370420127996662,1.4623427651682592,-0.18210587065310885,0.22688229354411663,-0.13448561582809335,-0.1983596851106785,1.4611986705721878
1731068165.46,-0.482115029746528,0.37448931723242745,-0.10539889631426844,0.45948777894370335,1.8060855003010556,0.6428705055521089,0.5926699522391751,-0.18097790867321242,-0.17717481674807173,1.499029491657686,-0.37451332194942155,-0.40638004506830505,-0.09972105409848263,-0.08266646746989705,1.4619944658411383,-0.4501463163628999,0.73900358459211,-0.13448561582809335,0.052678251820278854,1.4608513933989207
1731068165.96,1.4837717346024528,0.5679895097092831,-0.10539889631426844,-0.1478568422914848,1.8053936288789365,-0.4222467253601425,0.754868011288199,-0.18097790867321242,-0.2645065154725888,1.4917786544105143,1.1939154669399505,-0.6863197534381511,-0.09972105409848263,1.4641731239556923,1.4616461669108785,-0.4501463163628999,0.06209078899897041,-0.13448561582809335,0.03742685832508094,1.460504116382316
1731068166.46,-0.482115029746528,0.48116250026454005,-0.10539889631426844,0.6562332196255248,1.804701827293785,0.8203900440374883,-0.7672983890180248,-0.18097790867321242,-0.3316847452606788,1.4896582555810893,-0.37451332194942155,-0.41068680981245653,-0.09972105409848263,-0.029741940236051024,1.4612978683775195,1.4261368036056759,-0.31566204449682667,-0.13448561582809335,1.879795192544987,1.460156839522387
1731068166.96,-0.482115029746528,0.9376244927740461,-0.10539889631426844,2.499652457318244,1.8040100955526088,-0.4222467253601425,-0.5271204938877396,-0.18097790867321242,-0.13015005589640863,1.4949177365661772,-0.37451332194942155,-0.32885827967357867,-0.09972105409848263,-0.1812985409511555,1.4609495702410549,-0.4501463163628999,-0.6579213231675153,-0.13448561582809335,-0.023578715655710628,1.4598095628191374
1731068167.46,-0.482115029746528,0.9847591550440492,-0.10539889631426844,0.5621375740820449,1.8033184336623853,0.6428705055521089,-0.3087769528602077,-0.18097790867321242,-0.3316847452606788,1.4821279780112524,-0.37451332194942155,-0.6712460768336209,-0.09972105409848263,-0.24384570950024614,1.4606012725015114,-0.4501463163628999,-0.47791829512589384,-0.13448561582809335,-0.22123677535347538,1.4594622862725737
1731068167.96,1.4837717346024528,0.7515666153924542,-0.10539889631426844,0.908580632673948,1.8026268416301432,-0.4222467253601425,0.835967040812711,-0.18097790867321242,2.5737736930742163,1.4833814686399724,1.1939154669399505,-0.6001844585551217,-0.09972105409848263,0.13624862245192043,1.4602529751588753,-0.18210587065310885,-0.668062338831832,-0.13448561582809335,-0.044930666548987704,1.4591150098827261
1731068168.46,-2.167160827759946,-0.17872277151550636,-0.10539889631426844,1.2036987936966803,1.8019353194628602,0.6428705055521089,0.049930293113595065,-0.18097790867321242,-0.15366243632224025,1.4938378676956707,-0.37451332194942155,-0.21472901395356442,-0.09972105409848263,-0.29195891607646973,1.4599046782131806,-0.4501463163628999,-0.35876136107017265,-0.13448561582809335,-0.2145261622155883,1.4587677336495848
1731068168.96,1.4837717346024528,-0.6153385904376426,-0.10539889631426844,0.31406723583105256,1.8012438671675477,-0.4222467253601425,0.24643948003837415,-0.18097790867321242,-0.36191494866531937,1.4859153910689253,-0.37451332194942155,-0.07260577739656578,-0.09972105409848263,-0.2943645764052809,1.4595563816644335,-0.4501463163628999,-0.8607416364538492,-0.13448561582809335,-0.0845842896365022,1.4584204575731732
1731068169.46,-0.482115029746528,-0.5954924168502728,-0.10539889631426844,0.45093362934884157,1.8005524847511962,0.6428705055521089,0.7517488178449482,-0.18097790867321242,-0.3115312763242518,1.4816391518677479,-0.37451332194942155,0.039370105951372726,-0.09972105409848263,-0.2005438235816449,1.459208085512641,-0.4501463163628999,-0.5641169282725857,-0.13448561582809335,-0.18798873753394393,1.4580731816534913
1731068169.96,1.4837717346024528,-0.6575117093108035,-0.10539889631426844,0.6391249204358013,1.7998611722208002,-0.4222467253601425,0.22148593249237045,-0.18097790867321242,-0.19732828568449876,1.4889109877790043,1.1939154669399505,-0.39561313320792635,-0.09972105409848263,-0.30639287804933685,1.4588597897578364,1.4261368036056759,-0.40946643939175603,-0.13448561582809335,-0.09983568313170012,1.4577259058905492
1731068170.46,-0.482115029746528,-0.2754728677539343,-0.10539889631426844,-0.30953026963437286,1.799169929583376,-0.599766263845522,-1.5346199760576378,-0.18097790867321242,-0.2645065154725888,1.4913061183282417,-0.37451332194942155,-0.15658768990751942,-0.09972105409848263,0.30945616612632537,1.4585114943999995,-0.4501463163628999,-0.5565111665243482,-0.13448561582809335,-0.18920884901355978,1.4573786302843637
1731068170.96,-0.482115029746528,-0.3548575621034137,-0.10539889631426844,-0.22056711384781008,1.7984787568459135,0.6428705055521089,-0.9263772546237984,-0.18097790867321242,0.08817919091488402,1.4904314843888005,-1.7188808552831736,-0.2448763671626248,3.573059006625274,-0.28955325574765856,1.458163199439164,-0.4501463163628999,-0.5843989596012191,-0.13448561582809335,-0.2404535311574247,1.4570313548349447
1731068171.46,-0.482115029746528,-0.4764153753260538,-0.10539889631426844,-0.24109707287547844,1.7977876540154203,0.6428705055521089,-1.3973754645546177,-0.18097790867321242,-0.3048134533454428,1.4819394650453832,-0.37451332194942155,-0.41068680981245653,-0.09972105409848263,-0.255874011144302,1.4578149048753297,-0.4501463163628999,-0.5286233734474773,-0.13448561582809335,-0.1394893062192146,1.4566840795422993
1731068171.96,1.4837717346024528,-0.4317614847544717,-0.10539889631426844,-0.10936316911460664,1.7970966210988868,-0.4222467253601425,0.15910206362736123,-0.18097790867321242,-0.21748175462092578,1.4861554035807525,-0.15045206639380151,-1.1923646108759496,-0.09972105409848263,0.05205051094352908,1.4574666107085101,-0.18210587065310885,-0.39932542372743934,-0.13448561582809335,-0.09068484703458136,1.456336804406434
1731068172.46,-0.201274063410965,-0.15887659792813652,-0.10539889631426844,0.5878000228666304,1.796405658103316,0.6428705055521089,-0.8140862906667817,-0.18097790867321242,1.8348131654052253,1.47521430454125,1.1939154669399505,-0.7681482835770292,-0.09972105409848263,0.0833240952180744,1.4571183169387452,1.4261368036056759,-0.47031253337765627,-0.13448561582809335,-0.07848373223842303,1.4559895294273624
1731068172.96,-0.482115029746528,-0.03235724130865405,-0.10539889631426844,-0.1692422162786393,1.7957147650357157,-0.4222467253601425,-1.0355490251375645,-0.18097790867321242,-0.32496692228186985,1.4870259374714032,-0.37451332194942155,-1.2871134352472822,-0.09972105409848263,0.03521088864185086,1.4567700235659948,-0.4501463163628999,-0.33340882190938087,-0.13448561582809335,-0.17975298504653708,1.4556422546050944
1731068173.46,-0.482115029746528,-0.08693421867392111,-0.10539889631426844,-0.2778799161333842,1.7950239419030887,0.6428705055521089,-0.8172054841100322,-0.18097790867321242,0.13184504027714253,1.4934704997671455,-0.37451332194942155,-0.6497122531128635,-0.09972105409848263,-0.10431741042919764,1.4564217305903193,-0.4501463163628999,-0.39679016981136017,-0.13448561582809335,-0.19317421132231122,1.455294979939647
1731068173.96,1.4837717346024528,-0.4267999413576292,-0.10539889631426844,-0.10936316911460664,1.7943331887124254,-0.4222467253601425,0.10607577509210338,-0.18097790867321242,-0.3686327716441284,1.4937483961385989,1.1939154669399505,-1.0373210800864965,-0.09972105409848263,-0.24625136982905732,1.4560734380117053,1.4261368036056759,-0.21171663393758042,-0.13448561582809335,0.5254714501714136,1.4549477054310167
1731068174.46,-0.201274063410965,-0.4267999413576292,-0.10539889631426844,-0.29883758264079563,1.7936425054707377,0.6428705055521089,-1.0012378972618095,-0.18097790867321242,-0.3216080107924653,1.4782082771903557,-0.37451332194942155,-1.1794443166434951,-0.09972105409848263,0.16992786705527688,1.4557251458301594,-0.4501463163628999,-0.6097514987620108,-0.13448561582809335,-0.245639004945792,1.4546004310792238
1731068174.96,-0.482115029746528,0.14873909267609575,-0.10539889631426844,0.018949074808320445,1.7929518921850114,-0.4222467253601425,-0.7423448414720215,-0.18097790867321242,-0.3048134533454428,1.4812054825662484,-0.37451332194942155,-1.1105360807370714,-0.09972105409848263,0.5788901229531777,1.4553768540457217,-0.4501463163628999,-0.18636409477678864,-0.13448561582809335,-0.1394893062192146,1.4542531568842683
1731068175.46,-0.482115029746528,-0.20353048849971866,-0.10539889631426844,-0.23724770555779062,1.7922613488622714,0.6428705055521089,-0.7579408086882737,-0.18097790867321242,-0.39214515206995987,1.4757943589960318,-0.37451332194942155,-1.2526593172940703,-0.09972105409848263,-0.16927023930709953,1.4550285626583788,-0.4501463163628999,-0.06974241463714678,-0.13448561582809335,-0.12118763402497719,1.4539058828461735
1731068175.96,1.4837717346024528,0.24548918891452345,-0.10539889631426844,-0.2885726031269614,1.791570875509512,-0.4222467253601425,-0.5302396873309901,-0.18097790867321242,-0.3955040635593644,1.4856575348646592,-0.37451332194942155,-1.1019225512487685,3.4582846297276566,0.15789956541122102,1.4546802716681506,1.4261368036056759,0.04434401158641617,-0.13448561582809335,-0.18798873753394393,1.4535586089649433
1731068176.46,-0.482115029746528,-0.14399196773760942,-0.10539889631426844,-0.0879777951274521,1.7908804721337281,0.6428705055521089,-0.7111529070395168,-0.18097790867321242,-0.14694461334343126,1.4803561048114764,-0.37451332194942155,-0.9705662265521485,-0.09972105409848263,-0.1596475979918548,1.454331981075051,-0.18210587065310885,-0.31566204449682667,-0.13448561582809335,-0.20537532611846954,1.453211335240587
1731068176.96,-0.482115029746528,-0.07949190357865742,-0.10539889631426844,-0.27189201141698094,1.7901901387419314,-0.4222467253601425,-0.18089002168693874,-0.18097790867321242,1.3007462385899096,1.4855303023022484,-0.37451332194942155,-0.6174115175317276,-0.09972105409848263,-0.13559099470374297,1.4539836908790862,-0.4501463163628999,-0.3562261071540935,-0.13448561582809335,-0.0845842896365022,1.4528640616731157
1731068177.46,-0.482115029746528,0.4092201210103247,-0.10539889631426844,-0.0837007203300212,1.7894998753411167,0.6428705055521089,-0.3524456610657141,-0.18097790867321242,-0.2577886924937798,1.4749812344489146,-0.15045206639380151,-0.9468790204593156,-0.09972105409848263,-0.041770241880106994,1.453635401080283,-0.4501463163628999,-0.07481292246930514,-0.13448561582809335,-0.2099507441670289,1.4525167882625285
1731068177.96,1.4837717346024528,0.5109317606455949,-0.10539889631426844,-0.2808738684915858,1.7888096819382908,-0.4222467253601425,0.46478302106590647,-0.18097790867321242,-0.2544297810043753,1.4836724343180054,1.1939154669399505,-0.9727196089242243,-0.09972105409848263,-0.061015524510596456,1.453287111678635,1.4261368036056759,-0.17115257128031358,-0.13448561582809335,-0.14558986361729379,1.452169515008856
1731068178.46,-0.482115029746528,0.1586621794697804,-0.10539889631426844,-0.07942364553259029,1.788119558540462,0.6428705055521089,0.08112222754609968,-0.18097790867321242,-0.13350896738581322,1.486057757891325,-0.37451332194942155,0.6703111409695642,-0.09972105409848263,0.21082409264506705,1.4529388226741617,-0.4501463163628999,-0.06974241463714678,-0.13448561582809335,-0.14558986361729379,1.451822241912095
1731068178.96,-0.482115029746528,0.3447200568513727,-0.10539889631426844,-0.2954159228028509,1.7874295051546285,-0.4222467253601425,-0.617577103742003,-0.18097790867321242,-0.23763522355735284,1.4781666217356257,-0.37451332194942155,-0.6841663710660754,-0.09972105409848263,-0.003279676619128066,1.4525905340668772,-0.4501463163628999,-0.11791223904265115,-0.13448561582809335,-0.16389153581153126,1.4514749689722621
1731068179.46,-0.201274063410965,0.21075838513662623,-0.10539889631426844,-0.010990448773695897,1.7867395217877984,0.6428705055521089,-0.09043341183267535,-0.18097790867321242,-0.3887862405805554,1.4724114090895593,-0.37451332194942155,-0.6346385765083333,-0.09972105409848263,0.03521088864185086,1.4522422458567876,-0.18210587065310885,-0.4424247403007854,-0.13448561582809335,-0.18310829161548065,1.4511276961893609
1731068179.96,-0.482115029746528,0.6895473229319234,-0.10539889631426844,-0.3334818884999859,1.786049608446966,-0.4222467253601425,0.5521204374769194,-0.18097790867321242,-0.14358570185402666,1.4796052346965953,1.1939154669399505,-0.7681482835770292,-0.09972105409848263,1.7552580237418451,1.45189395804392,1.4261368036056759,-0.0900244459657802,-0.13448561582809335,-0.2288624721010743,1.4507804235633976
1731068180.46,1.4837717346024528,0.34968160024821515,-0.10539889631426844,-0.18635051546836284,1.7853597651391515,0.6428705055521089,-0.059241477400170744,-0.18097790867321242,-0.32496692228186985,1.4771024546608786,-0.37451332194942155,-0.5420431345090767,-0.09972105409848263,-0.16927023930709953,1.4515456706282674,-0.4501463163628999,-0.394254915895281,-0.13448561582809335,-0.06323233874322513,1.4504331510943966
1731068180.96,-0.482115029746528,0.27525844929557824,-0.10539889631426844,-0.2808738684915858,1.78466999187135,-0.4222467253601425,0.6675305948771861,-0.18097790867321242,-0.4223753554746004,1.4788302332693044,-0.15045206639380151,-0.720773871391363,-0.09972105409848263,0.1194090001502421,1.4511973836098435,-0.4501463163628999,-0.3004505210003516,-0.13448561582809335,-0.21422113434568432,1.4500858787823572
1731068181.46,-0.482115029746528,-0.07949190357865742,-0.10539889631426844,-0.2740305488156964,1.7839802886505731,0.6428705055521089,0.45854463417940555,-0.18097790867321242,0.010924226658580456,1.4700026810009608,-0.37451332194942155,-0.7509212246004233,-0.09972105409848263,-0.214977785554512,1.4508490969886814,-0.4501463163628999,0.25477008662098755,-0.13448561582809335,-0.09068484703458136,1.4497386066273
1731068181.96,-0.482115029746528,-0.2977998130397254,-0.10539889631426844,-0.19490466506322465,1.7832906554838153,-0.4222467253601425,1.1634823523540092,-0.18097790867321242,-0.44588773590043196,1.4867706480374923,1.1939154669399505,-0.7336941656238174,-0.09972105409848263,-0.2847419350900362,1.450500810764768,-0.4501463163628999,-0.19904036435718453,4.327393291580252,-0.2258121934020347,1.4493913346292178
1731068182.46,1.4837717346024528,-0.14647273943603065,-0.10539889631426844,0.5963541724614921,1.7826010923780797,0.8203900440374883,0.7423912375151972,-0.18097790867321242,-0.34176147972889237,1.4840140678544032,-0.37451332194942155,-0.2728703379996094,-0.09972105409848263,-0.15724193766304367,1.4501525249381366,-0.18210587065310885,-0.37143763065056856,-0.13448561582809335,-0.1547406997144125,1.4490440627881311
1731068182.96,-0.201274063410965,0.1661044945650441,-0.10539889631426844,-0.22056711384781008,1.781911599340387,-1.664883494757786,-0.5614316217634947,-0.18097790867321242,-0.23427631206794824,1.470609157195477,-0.15045206639380151,-0.39130636846377487,-0.09972105409848263,-0.2654966524595468,1.4498042395087805,-0.4501463163628999,-0.07481292246930514,-0.13448561582809335,-0.22977755571078617,1.44869679110405
1731068183.46,-0.482115029746528,0.26037381910505086,-0.10539889631426844,-0.20345881465808646,1.7812221763777358,1.8855072749497523,-0.35868404795221503,-0.18097790867321242,-0.1939693741950942,1.4698677965243525,-0.37451332194942155,-0.2190357786977159,-0.09972105409848263,-0.2654966524595468,1.449455954476713,-0.18210587065310885,0.22688229354411663,-0.13448561582809335,-0.07848373223842303,1.4483495195769915
1731068183.96,1.4837717346024528,-0.08197267527707865,-0.10539889631426844,-0.3373312558176737,1.7805328234971296,-0.4222467253601425,-0.33061130696296087,-0.18097790867321242,0.2158178275122551,1.4640816342708791,1.1939154669399505,-0.3417785739060331,-0.09972105409848263,-0.11153439141563123,1.449107669841961,-0.4501463163628999,-0.029178351979879957,-0.13448561582809335,-0.14864014231633335,1.4480022482069552
1731068184.46,-0.482115029746528,-0.024914926213390358,-0.10539889631426844,-0.05803827154543586,1.7798435407055802,0.6428705055521089,0.05616868000009599,-0.18097790867321242,-0.4223753554746004,1.4728699249484662,-0.37451332194942155,-0.5506566639973797,-0.09972105409848263,1.1947391671288399,1.4487593856045242,1.4261368036056759,-0.15087053995168015,-0.13448561582809335,-0.17121220468922627,1.447654976993948
1731068184.96,-0.482115029746528,0.240527645517681,-0.10539889631426844,-0.2736028413359533,1.779154328010082,-0.4222467253601425,-0.028049542967666125,-0.18097790867321242,-0.15702134781164467,1.4847730020371637,-0.37451332194942155,-0.3977665155800021,-0.09972105409848263,-0.2967702367340921,1.4484111017644299,-0.4501463163628999,0.22181178571195825,-0.13448561582809335,0.5934926651599962,1.4473077059379869
1731068185.46,-0.201274063410965,0.48860481535980377,-0.10539889631426844,-0.19918173986065557,1.7784651854176556,-0.4222467253601425,0.28386980135737966,1.7125343850160237,-0.04953618015070065,1.4683417674242678,-0.37451332194942155,-0.6281784293921061,-0.09972105409848263,-0.16445891864947715,1.4480628183216642,-0.4501463163628999,0.49308395473243016,-0.13448561582809335,1.3581975350092188,1.4469604350390817
1731068185.96,1.4837717346024528,0.38937394742295484,-0.10539889631426844,-0.25991620198417437,1.7777761129353085,-0.4222467253601425,0.8827549424614676,-0.18097790867321242,-0.3551971256865104,1.4780207762237112,1.1939154669399505,-0.5786506348343643,-0.09972105409848263,-0.21738344588332317,1.4477145352762608,-0.18210587065310885,0.26998161011746263,-0.13448561582809335,1.066895919250939,1.4466131642972493
1731068186.46,-0.482115029746528,0.5307779342329647,-0.10539889631426844,-0.3428914530543339,1.7770871105700352,0.6428705055521089,0.7143184965259427,-0.18097790867321242,2.5737736930742163,1.477834105504305,-0.37451332194942155,-0.8155226957626955,-0.09972105409848263,-0.2967702367340921,1.4473662526282196,1.4261368036056759,0.19899450046724568,-0.13448561582809335,0.7755943034926592,1.446265893712483
1731068186.96,-0.482115029746528,0.46627787007401267,-0.10539889631426844,-0.10080901951974483,1.7763981783288563,-0.4222467253601425,1.4130178278140453,-0.18097790867321242,-0.16709808227985812,1.4714316459470633,-0.37451332194942155,-0.8456700489717558,-0.09972105409848263,-0.214977785554512,1.4470179703775607,-0.4501463163628999,0.1635009456421375,-0.13448561582809335,-0.22001666387385954,1.44591862328481
1731068187.46,-0.482115029746528,0.7093934965192933,-0.10539889631426844,-0.2731751338562102,1.7757093162187576,-0.4222467253601425,-1.0199530579213123,-0.18097790867321242,-0.3585560371759149,1.4777860361761959,-1.7188808552831736,-0.0575321007920356,3.573059006625274,-0.19573250292402253,1.446669688524304,-2.0583889906216846,-0.11284173121049279,4.471324869238586,-0.1577909784134521,1.4455713530142231
1731068187.96,1.4837717346024528,0.3472008285497939,-0.10539889631426844,-0.09653194472231393,1.775020524246777,0.6428705055521089,-0.18712840857343965,-0.18097790867321242,-0.04953618015070065,1.4702647386021999,1.1939154669399505,-0.6733994592056967,-0.09972105409848263,0.4562014461838075,1.4463214070684365,-0.4501463163628999,-0.655386069251436,-0.13448561582809335,-0.21056079990683685,1.445224082900746
1731068188.46,-0.482115029746528,0.6622588342492899,-0.10539889631426844,-0.2641932767816053,1.7743318024199,-1.4873639562724066,-0.8733509660885406,3.6060466787052596,-0.3316847452606788,1.4728186637226437,-0.15045206639380151,-0.309477838324897,-0.09972105409848263,-0.24144004917143494,1.445973126009991,1.4261368036056759,-0.3917196619792018,-0.13448561582809335,-0.2007999080699102,1.444876812944389
1731068188.96,-0.482115029746528,0.7862974191703511,-0.10539889631426844,-0.0837007203300212,1.7736431507451478,-0.4222467253601425,-0.502166946341736,-0.18097790867321242,-0.3652738601547239,1.4666112780578944,-0.37451332194942155,-0.5054356341837891,-0.09972105409848263,0.1939844703433887,1.4456248453489682,-0.4501463163628999,-0.8987704451950368,-0.13448561582809335,0.07097992401451635,1.444529543145152
1731068189.46,-0.482115029746528,0.3968162625182185,-0.10539889631426844,-0.11364024391203754,1.772954569229523,0.8203900440374883,-0.42730630370372485,-0.18097790867321242,-0.15702134781164467,1.4713760049460893,-0.37451332194942155,-0.6260250470200304,-0.09972105409848263,-0.12596835338849835,1.445276565085381,-0.4501463163628999,-0.6325687840067235,-0.13448561582809335,-0.1849384588349044,1.444182273503055
1731068189.96,-0.482115029746528,0.04206590964398286,-0.10539889631426844,-0.18635051546836284,1.7722660578800247,-0.599766263845522,-0.13098292659493135,-0.18097790867321242,-0.41901644398519594,1.4704170504610135,1.1939154669399505,-0.414993574556608,-0.09972105409848263,-0.27030797311716914,1.4449282852192562,-0.18210587065310885,0.1863182308868498,-0.13448561582809335,-0.21117085564664476,1.443835004018098
1731068190.46,1.4837717346024528,-0.5781270149613241,-0.10539889631426844,-0.28515094328901675,1.7715776167036776,0.6428705055521089,0.6051467260121769,-0.18097790867321242,-0.4089397095169824,1.4695086671978144,-0.37451332194942155,-0.5183559284162436,-0.09972105409848263,-0.10912873108682,1.4445800057505873,1.4261368036056759,-0.5134118499510023,-0.13448561582809335,-0.13033847012209587,1.4434877346903017
1731068190.96,-0.482115029746528,-0.4788961470244751,-0.10539889631426844,-0.16496514148120842,1.7708892457074896,-0.4222467253601425,0.6394578538879316,-0.18097790867321242,1.2302090973124151,1.4755757881402454,-0.37451332194942155,-0.29655754409244256,-0.09972105409848263,-0.10912873108682,1.4442317266793943,-0.4501463163628999,-0.6503155614192777,-0.13448561582809335,0.5712256306570073,1.443140465519669
1731068191.46,-0.482115029746528,-0.13903042434076696,-0.10539889631426844,-0.28001845353209964,1.770200944898459,0.6428705055521089,0.35561125055213993,-0.18097790867321242,-0.2980956303666338,1.4644353333311457,-0.37451332194942155,-0.14366739567506498,-0.09972105409848263,-0.255874011144302,1.4438834480056906,-0.4501463163628999,-0.3815786463148851,-0.13448561582809335,-0.16389153581153126,1.4427931965062166
1731068191.96,1.4837717346024528,-0.3995114526749957,-0.10539889631426844,-0.053761196748004954,1.769512714283607,-0.4222467253601425,-1.2694885333813488,-0.18097790867321242,-0.25107086951497076,1.4691684993809315,1.1939154669399505,-0.30086430883659404,-0.09972105409848263,-0.005685336947939303,1.4435351697294825,1.4261368036056759,-0.5767931978529816,-0.13448561582809335,-0.023578715655710628,1.4424459276499515
1731068192.46,-0.482115029746528,-0.5855693300565878,-0.10539889631426844,-0.30953026963437286,1.7688245538699188,0.6428705055521089,-1.1509591825378314,-0.18097790867321242,-0.42909317845340944,1.4757378769873455,-0.37451332194942155,-0.2728703379996094,-0.09972105409848263,-0.214977785554512,1.4431868918507973,-0.4501463163628999,-0.683273862328307,-0.13448561582809335,-0.16938203746980252,1.4420986589508702
1731068192.96,-0.201274063410965,-0.42183839796078676,-0.10539889631426844,0.4894273025257196,1.7681364636644412,-0.4222467253601425,-1.0916945071160729,-0.18097790867321242,-0.19061046270568974,1.4686680283156308,-0.15045206639380151,-0.6669393120894694,-0.09972105409848263,-0.30398721772052567,1.442838614369628,-0.4501463163628999,-0.6579213231675153,-0.13448561582809335,-0.1608412571124917,1.4417513904090067
1731068193.46,-0.482115029746528,-0.3771845073892048,-0.10539889631426844,0.6818956684101103,1.7674484436741642,0.6428705055521089,-1.1665551497540836,-0.18097790867321242,-0.1032787639811726,1.467996520326384,-0.37451332194942155,-1.2009781403642525,-0.09972105409848263,-0.12596835338849835,1.4424903372859879,-0.18210587065310885,-0.6122867526780901,-0.13448561582809335,-0.10898651922881886,1.441404122024357
1731068193.96,-0.482115029746528,-0.44664611494499906,-0.10539889631426844,-0.20345881465808646,1.7667604939061043,-0.4222467253601425,-0.4054719496009716,-0.18097790867321242,-0.33504365675008335,1.4717549253667124,1.1939154669399505,-1.0825421099000871,-0.09972105409848263,1.5074750098742935,1.4421420605999107,1.4261368036056759,-0.6858091162443862,-0.13448561582809335,-0.005277043461473137,1.441056853796935
1731068194.46,1.4837717346024528,-0.07949190357865742,-0.10539889631426844,0.1344300943389548,1.7660726143672647,0.6428705055521089,-0.9887611234888076,-0.18097790867321242,-0.1704569937692627,1.4598434114253007,-0.37451332194942155,-1.289266817619358,-0.09972105409848263,-0.2727136334459803,1.4417937843113626,-0.4501463163628999,-0.024107844147721602,-0.13448561582809335,-0.14864014231633335,1.4407095857267476
1731068194.96,-0.482115029746528,-0.4392037998497354,-0.10539889631426844,0.07027397237749122,1.7653848050646483,-0.4222467253601425,-0.9482116087265516,-0.18097790867321242,0.4173525168765253,1.4605208024879852,-0.37451332194942155,-0.8951978435294978,-0.09972105409848263,-0.24625136982905732,1.4414455084204243,-0.4501463163628999,-0.5362291351957148,-0.13448561582809335,-0.21422113434568432,1.4403623178138045
1731068195.46,-0.482115029746528,0.10160443040609239,-0.10539889631426844,-0.21201296425294827,1.7646970660052888,0.6428705055521089,-0.5863851693094984,-0.18097790867321242,-0.33840256823948783,1.4636404139333685,-0.15045206639380151,-0.8047557839023168,-0.09972105409848263,-0.214977785554512,1.441097232927042,-2.0583889906216846,-0.3790433923988059,4.471324869238586,0.0038737926356456087,1.4400150500581193
1731068195.96,1.4837717346024528,-0.33501138851604384,-0.10539889631426844,-0.25649454214622963,1.7640093971961892,-0.4222467253601425,-0.5395972676607415,-0.18097790867321242,-0.22084066611033024,1.4668540587842847,1.1939154669399505,-1.1234563749695259,-0.09972105409848263,-0.12596835338849835,1.4407489578312624,1.4261368036056759,-0.5818637056851399,-0.13448561582809335,0.30890166253960355,1.4396677824597053
1731068196.46,-0.482115029746528,-0.31020367153183154,-0.10539889631426844,-0.2740305488156964,1.7633217986443528,0.6428705055521089,-0.9669267693860544,-0.18097790867321242,-0.13015005589640863,1.4756582120971116,-1.7188808552831736,-0.8349031371113771,3.573059006625274,-0.28955325574765856,1.440400683133099,-0.4501463163628999,-0.5489054047761106,-0.13448561582809335,-0.09068484703458136,1.4393205150185695
1731068196.96,-0.482115029746528,-0.11174193565813341,-0.10539889631426844,0.04033444879547497,1.7626342703567959,-0.4222467253601425,-0.6394114578447563,-0.18097790867321242,-0.2712243384513978,1.4611982990027121,-0.37451332194942155,0.08243775339288753,-0.09972105409848263,-0.14761929634779894,1.4400524088325386,-0.4501463163628999,-0.2649569661752431,-0.13448561582809335,-0.13033847012209587,1.438973247734715
1731068197.46,-0.482115029746528,-0.23578052057919466,-0.10539889631426844,-0.224844188645241,1.7619468123405257,0.8203900440374883,-0.6768417791637618,-0.18097790867321242,-0.08312529504474556,1.460938449763209,-0.37451332194942155,-0.9921000502729059,-0.09972105409848263,-0.08507212779870818,1.4397041349296347,-0.4501463163628999,-0.29284475925211406,-0.13448561582809335,-0.19317421132231122,1.4386259806081556
1731068197.96,1.4837717346024528,0.12393137569188346,-0.10539889631426844,0.3354526098182072,1.7612594246025675,-0.4222467253601425,-0.4647366250227304,-0.18097790867321242,-0.3551971256865104,1.4684725764512445,-0.37451332194942155,-0.983486520784603,3.4582846297276566,-0.24144004917143494,1.4393558614243467,1.4261368036056759,0.08744332815976218,-0.13448561582809335,-0.0845842896365022,1.4382787136389044
1731068198.46,-0.482115029746528,-0.002587980927599285,-0.10539889631426844,0.07455104717492213,1.760572107149933,-0.599766263845522,-0.4709750119092313,1.7125343850160237,-0.46940011632626344,1.4642642986725436,-0.37451332194942155,-1.0674684332955569,-0.09972105409848263,1.4665787842845035,1.4390075883167286,-0.18210587065310885,-0.13058850862304702,-0.13448561582809335,-0.1394893062192146,1.4379314468269784
1731068198.96,-0.482115029746528,0.31247002477189667,-0.10539889631426844,-0.25307288230828495,1.7598848599896162,-0.4222467253601425,-0.10602937904892766,-0.18097790867321242,-0.2611476039831843,1.4628811069406542,-0.37451332194942155,-0.8908910787853463,-0.09972105409848263,-0.2799306144324139,1.4386593156067733,-0.4501463163628999,-0.13058850862304702,-0.13448561582809335,-0.23069263932049805,1.4375841801723743
1731068199.46,-0.482115029746528,0.3868931757245336,-0.10539889631426844,0.07027397237749122,1.759197683128647,0.6428705055521089,0.39304157187114547,-0.18097790867321242,-0.32496692228186985,1.4721333741746652,-0.37451332194942155,-0.9921000502729059,-0.09972105409848263,-0.3496947639679381,1.4383110432945012,-0.4501463163628999,0.049414519418574526,-0.13448561582809335,-0.1425395849182542,1.4372369136751086
1731068199.96,1.4837717346024528,0.3447200568513727,-0.10539889631426844,-0.2847232358092736,1.7585105765740197,-0.4222467253601425,-0.1840092151301892,-0.18097790867321242,-0.14694461334343126,1.4648846225207932,1.1939154669399505,-0.5118957813000163,-0.09972105409848263,-0.21016646489688964,1.4379627713799255,-0.4501463163628999,-0.3917196619792018,-0.13448561582809335,-0.21391610647578038,1.4368896473351818
1731068200.46,-0.482115029746528,0.5158933040424373,-0.10539889631426844,0.07882812197235303,1.7578235403327718,0.6428705055521089,-0.1996051823464415,-0.18097790867321242,2.0732958811529456,1.4590199610089651,-0.37451332194942155,-0.9597993146917699,-0.09972105409848263,-0.2366287285138126,1.437614499863053,1.4261368036056759,-0.008896320651246544,-0.13448561582809335,-0.02052843695667105,1.436542381152624
1731068200.96,-0.482115029746528,0.14625832097767452,-0.10539889631426844,-0.24494644019316625,1.757136574411907,-1.4873639562724066,0.031215132454092298,1.7125343850160237,-0.18053372823747615,1.4668960377755855,-0.15045206639380151,-0.778915195437408,-0.09972105409848263,-0.2751192937747915,1.4372662287438902,-0.18210587065310885,-0.3308735679933017,-0.13448561582809335,-0.2187965523942437,1.4361951151274313
1731068201.46,-0.482115029746528,0.34223928515295143,-0.10539889631426844,0.0574427479851985,1.7564496788184323,0.6428705055521089,-0.2682274380979517,-0.18097790867321242,-0.04617726866129607,1.4707070134354052,-0.37451332194942155,0.11904525371817512,-0.09972105409848263,-0.14040231536136533,1.4369179580224505,-0.4501463163628999,-0.33847932974153927,-0.13448561582809335,0.0008235139366060267,1.4358478492596145
1731068201.96,1.4837717346024528,0.5059702172487524,-0.10539889631426844,-0.25991620198417437,1.755762853559373,-0.599766263845522,-0.11538695937867904,-0.18097790867321242,-0.28465998440901585,1.4633746758826467,1.1939154669399505,-0.6841663710660754,-0.09972105409848263,-0.23181740785619023,1.4365696876987541,-0.18210587065310885,-0.06213665288890925,-0.13448561582809335,-0.2557049246526226,1.43550058354919
1731068202.46,-0.482115029746528,0.19587375494609885,-0.10539889631426844,-0.26162703190314673,1.7550760986417275,0.6428705055521089,0.6238618866716796,-0.18097790867321242,-0.05289509164010508,1.4704309378029738,-1.7188808552831736,-0.7401543127400446,3.573059006625274,-0.17408155996472188,1.436221417772821,1.4261368036056759,-0.23199866526621382,-0.13448561582809335,0.04657769442219969,1.4351533179961549
1731068202.96,-0.482115029746528,-0.20849203189656113,-0.10539889631426844,-0.17351929107607014,1.7543894140725211,-1.664883494757786,0.5271668899309156,1.7125343850160237,-0.2544297810043753,1.4637480752609946,-0.15045206639380151,-0.598031076183046,-0.09972105409848263,0.4297391825668844,1.4358731482446379,-0.4501463163628999,0.08237282032760382,-0.13448561582809335,-0.1394893062192146,1.4348060526005324
1731068203.46,-0.482115029746528,-0.29531904134130416,-0.10539889631426844,-0.28814489564721835,1.7537027998587698,0.6428705055521089,0.6176234997851787,-0.18097790867321242,-0.34512039121829685,1.4623510012738985,-0.37451332194942155,-0.25995004376715497,-0.09972105409848263,-0.22700608719856785,1.4355248791142312,-2.0583889906216846,-0.3055210288325099,4.471324869238586,-0.16999209320961042,1.4344587873623291
1731068203.96,-2.167160827759946,0.4588355549787493,-0.10539889631426844,-0.11364024391203754,1.7530162560074856,-0.4222467253601425,1.4192562147005463,-0.18097790867321242,0.22925347346987313,1.4674768014163826,-0.8226358330606696,0.6530840819929583,-0.09972105409848263,-0.12596835338849835,1.4351766103816215,1.4261368036056759,1.0685865936824024,-0.13448561582809335,-0.17700773421740146,1.4341115222815553
1731068204.46,-7.503139188135752,14.3362724359471,27.484491438393555,25.920914048049863,1.7523297825256798,-7.52302826477522,1.0823833228294972,-0.18097790867321242,-0.3955040635593644,1.4606383284720286,-11.353514844175038,15.222869211457404,32.15187885413201,-0.25346835081549085,1.4348283420468082,-10.63568325333518,18.419864395328272,27.78824044988865,-0.21361107860587641,1.4337642573582179
1731068204.96,-0.482115029746528,2.088702560841496,-0.10539889631426844,51.95546834001177,1.7516433794203647,-10.540860419026632,4.42927788743724,27.274950349820713,2.9096648420146667,1.468861850616686,-0.37451332194942155,2.061396153330491,-0.09972105409848263,-0.10912873108682,1.4344800741098118,-0.4501463163628999,2.594809451162066,-0.13448561582809335,-0.023578715655710628,1.4334169925923266
1731068205.46,-0.482115029746528,0.5754318248045468,-0.10539889631426844,-0.17779636587350103,1.7509570466985696,0.6428705055521089,-0.34308808073596275,-0.18097790867321242,-0.1032787639811726,1.4625580695853675,-0.37451332194942155,-0.06399224790826281,-0.09972105409848263,-0.18610986160877785,1.434131806570632,-0.4501463163628999,0.5260422556414592,-0.13448561582809335,-0.16389153581153126,1.4330697279838984
1731068205.96,1.4837717346024528,0.1363352341839896,-0.10539889631426844,-0.2753136712549256,1.7502707843672973,-0.4222467253601425,0.2277243193788714,-0.18097790867321242,-0.4055807980275779,1.4681919915492068,-0.15045206639380151,-0.8822775492970434,-0.09972105409848263,-0.2654966524595468,1.4337835394292826,-0.4501463163628999,0.1863182308868498,-0.13448561582809335,1.907247700836343,1.4327224635329368
1731068206.46,-0.482115029746528,0.07927748512030132,-0.10539889631426844,-0.286434065728246,1.7495845924335773,0.6428705055521089,-0.15905566758418552,-0.18097790867321242,-0.3652738601547239,1.4581761117512035,1.1939154669399505,-0.770301665949105,-0.09972105409848263,0.07370145390282967,1.4334352726857897,1.4261368036056759,-0.06213665288890925,-0.13448561582809335,-0.16389153581153126,1.4323751992394582
1731068206.96,-0.201274063410965,0.4687586417724339,-0.10539889631426844,1.4004442343785017,1.7488984709044126,-0.4222467253601425,0.20900915871936862,-0.18097790867321242,-0.1267911444070042,1.4521935817198366,-0.15045206639380151,-0.8349031371113771,-0.09972105409848263,0.03521088864185086,1.4330870063401473,-0.4501463163628999,0.2801226257817793,-0.13448561582809335,-0.1925641555825033,1.4320279351034597
1731068207.46,-0.482115029746528,0.5431817927250708,-0.10539889631426844,-0.21201296425294827,1.748212419786815,0.6428705055521089,1.191555093343263,-0.18097790867321242,-0.3148901878136563,1.4583961056482992,-0.37451332194942155,-0.7853753425536352,-0.09972105409848263,0.2685599405365353,1.432738740392395,-0.4501463163628999,0.3054751649425711,-0.13448561582809335,-0.017478158257631465,1.4316806711249648
1731068207.96,1.4837717346024528,0.23060455872399607,-0.10539889631426844,-0.04948412195057405,1.7475264390878138,-0.4222467253601425,1.3568723458355378,-0.18097790867321242,-0.3887862405805554,1.4453925347824874,1.1939154669399505,-0.7466144598562718,-0.09972105409848263,-0.2847419350900362,1.432390474842513,1.4261368036056759,0.07983756641152465,-0.13448561582809335,-0.20903566055731704,1.4313334073039767
1731068208.46,-0.482115029746528,0.24548918891452345,-0.10539889631426844,-0.24238019531470772,1.7468405288144209,-2.73000072567005,0.6269810801149298,3.6060466787052596,-0.18725155121628517,1.4673675124020087,-0.37451332194942155,-0.6324851941362576,-0.09972105409848263,-0.10912873108682,1.4320422096905279,-3.9346721105902605,0.42970260683045075,9.221066931963598,0.3455050069280785,1.4309861436405122
1731068208.96,-0.482115029746528,0.64241266066192,-0.10539889631426844,-0.3202229566279501,1.7461546889736566,0.6428705055521089,-0.6019811365257507,-0.18097790867321242,-0.22755848908913923,1.4499927281710245,-0.15045206639380151,-0.3977665155800021,-0.09972105409848263,-0.19573250292402253,1.4316939449364599,-0.4501463163628999,0.2978694031943336,-0.13448561582809335,-0.25265464595358306,1.4306388801345782
1731068209.46,-0.482115029746528,0.7788551040750874,-0.10539889631426844,-0.15298933204840187,1.7454689195725328,0.6428705055521089,-0.33684969384946184,-0.18097790867321242,0.1419217747453561,1.4521456065372873,-0.37451332194942155,-0.5420431345090767,-0.09972105409848263,-0.2823362747612251,1.4313456805802953,-0.4501463163628999,-0.8759531599503242,-0.13448561582809335,-0.041880387849948124,1.4302916167861779
1731068209.96,1.4837717346024528,0.6275280304713926,-0.10539889631426844,0.014672000010889539,1.7447832206180574,-0.4222467253601425,-0.5988619430825003,-0.18097790867321242,-0.4055807980275779,1.4465657029816672,1.1939154669399505,-0.654019017857015,-0.09972105409848263,0.04723919028590672,1.4309974166220882,1.4261368036056759,-0.7441199563142071,-0.13448561582809335,-0.22977755571078617,1.4299443535953282
1731068210.46,-0.482115029746528,0.8780859720119366,-0.10539889631426844,-0.28386782084978746,1.7440975921172719,0.6428705055521089,-0.4366638840334762,-0.18097790867321242,-0.24099413504675726,1.4467829052854468,-0.37451332194942155,-0.15228092516336794,-0.09972105409848263,-0.2967702367340921,1.4306491530618046,-0.4501463163628999,-0.82778333554482,-0.13448561582809335,-0.09373512573362094,1.4295970905620357
1731068210.96,-0.482115029746528,0.11648906059661977,-0.10539889631426844,-0.09653194472231393,1.7434120340771841,-0.4222467253601425,-0.38675678894146887,-0.18097790867321242,-0.04617726866129607,1.453803650309131,-0.37451332194942155,-0.5140491636720921,-0.09972105409848263,-0.308798538378148,1.4303008898994847,-0.4501463163628999,-0.6021457370137734,-0.13448561582809335,-0.20964571629712497,1.4292498276863241
1731068211.46,-0.482115029746528,-0.4788961470244751,-0.10539889631426844,-0.343319160534077,1.7427265465047974,0.6428705055521089,-0.20272437578969196,-0.18097790867321242,-0.31824909930306083,1.4560615993383905,-0.37451332194942155,-0.2707169556275337,-0.09972105409848263,-0.10912873108682,1.4299526271351288,-0.4501463163628999,-0.16101155561599687,-0.13448561582809335,-0.13643902752017503,1.4289025649681868
1731068211.96,1.4837717346024528,-0.2382612922776159,-0.10539889631426844,-0.10508609431717574,1.7420411294071496,-0.4222467253601425,0.8609205883587148,-0.18097790867321242,-0.15702134781164467,1.449920399952766,1.1939154669399505,-0.26856357325545793,-0.09972105409848263,-0.2799306144324139,1.42960436476875,1.4261368036056759,-0.2877742514199557,-0.13448561582809335,-0.23648816884867324,1.428555302407637
1731068212.46,-0.482115029746528,-0.4317614847544717,-0.10539889631426844,-0.17779636587350103,1.7413557827912391,0.6428705055521089,0.7891791391639538,-0.18097790867321242,-0.09991985249176816,1.4521093170441464,-0.37451332194942155,-0.34823872102226033,-0.09972105409848263,1.7312014204537334,1.4292561028003816,-0.4501463163628999,-0.6756681005800694,-0.13448561582809335,-0.07543345353938345,1.4282080400046815
1731068212.96,-0.201274063410965,-0.46897306023079016,-0.10539889631426844,-0.06659242114029758,1.7406705066641044,-0.4222467253601425,-0.24015469710869752,-0.18097790867321242,-0.18725155121628517,1.451098890836896,-0.37451332194942155,-0.10275313060562591,-0.09972105409848263,0.6654938947903802,1.428907841230004,-0.4501463163628999,-0.437354232468627,-0.13448561582809335,-0.19805465724077456,1.4278607777593437
1731068213.46,-0.482115029746528,-0.30772289983341033,-0.10539889631426844,0.08738227156721484,1.7399853010327568,0.6428705055521089,-0.7704175824612753,-0.18097790867321242,0.0377955185738165,1.4510637121400605,-0.37451332194942155,-0.04891857130373264,-0.09972105409848263,-0.22941174752737903,1.4285595800576436,-0.18210587065310885,-0.5843989596012191,-0.13448561582809335,-0.17914292930672918,1.4275135156716274
1731068213.96,-0.482115029746528,-0.379665279087626,4.593978028828273,-0.3073917322356574,1.7393001659042127,-0.4222467253601425,-1.2601309530515974,-0.18097790867321242,-0.22755848908913923,1.4568424229078558,1.1939154669399505,0.2051805486012045,-0.09972105409848263,0.15308824475359867,1.428211319283314,1.4261368036056759,-0.7973602885518698,-0.13448561582809335,-0.12728819142305636,1.427166253741539
1731068214.46,-2.167160827759946,-0.28539595454761923,4.74557083286513,-0.19918173986065557,1.7386151012854925,0.6428705055521089,-1.2538925661650966,-0.18097790867321242,2.1807810488138895,1.4450221834841168,-0.37451332194942155,-0.6260250470200304,-0.09972105409848263,-0.19573250292402253,1.4278630589070147,-0.4501463163628999,-0.7390494484820488,-0.13448561582809335,-0.23221777867001783,1.426818991969092
1731068214.96,-0.482115029746528,-0.424319169659208,-0.10539889631426844,-0.26547639922083455,1.7379301071836126,-0.4222467253601425,-0.957569189056303,-0.18097790867321242,-0.14022679036462224,1.4564796243706128,-1.7188808552831736,-0.9813331384125272,3.573059006625274,-0.23903438884262376,1.4275147989287997,-0.4501463163628999,-0.3815786463148851,-0.13448561582809335,-0.09068484703458136,1.426471730354293
1731068215.46,-0.482115029746528,-0.5483577545802694,-0.10539889631426844,-0.2162900390503792,1.737245183605602,0.6428705055521089,-1.0105954775915609,-0.18097790867321242,-0.42909317845340944,1.4475143269204722,-0.37451332194942155,-1.0523947566910268,-0.09972105409848263,-0.21016646489688964,1.4271665393486153,-2.0583889906216846,-0.553975912608269,4.471324869238586,-0.21727141304472392,1.426124468897156
1731068215.96,-0.201274063410965,-0.23578052057919466,-0.10539889631426844,-0.015267523571126802,1.7365603305584725,-1.4873639562724066,-0.6643650053907599,1.7125343850160237,-0.3887862405805554,1.4432034680168702,1.1939154669399505,-1.0653150509234812,-0.09972105409848263,-0.2823362747612251,1.426818280166515,-2.0583889906216846,0.3130809266908086,4.471324869238586,-0.06933289614130429,1.4257772075976936
1731068216.46,1.4837717346024528,-0.3747037356907835,-0.10539889631426844,-0.2868617732079891,1.7358755480492403,0.6428705055521089,-0.8421590316560359,-0.18097790867321242,-0.23091740057854382,1.4539515915117425,-0.37451332194942155,-0.8779707845528919,-0.09972105409848263,0.2300693752755564,1.4264700213825057,1.4261368036056759,-0.5108765960349231,-0.13448561582809335,-0.2325228065399218,1.42542994645591
1731068216.96,-0.482115029746528,-0.17872277151550636,-0.10539889631426844,-0.10508609431717574,1.735190836084939,-0.4222467253601425,0.3431344767791381,-0.18097790867321242,-0.2745832499408023,1.4473457378086523,-0.15045206639380151,-0.6152581351596519,-0.09972105409848263,1.2572863356779305,1.4261217629966005,-0.18210587065310885,-0.4728477872937355,-0.13448561582809335,-0.03577983045186896,1.425082685471818
1731068217.46,-0.201274063410965,0.37697008893084866,-0.10539889631426844,-0.29284967792439237,1.7345061946725675,0.6428705055521089,-1.07297934645657,-0.18097790867321242,-0.022664888235464604,1.4580721959745522,-0.37451332194942155,-0.9404188733430884,-0.09972105409848263,0.2685599405365353,1.4257735050088194,-0.4501463163628999,0.03927350375425782,-0.13448561582809335,0.22044358026745572,1.4247354246454214
1731068217.96,1.4837717346024528,0.15618140777135917,-0.10539889631426844,-0.0837007203300212,1.7338216238191722,-0.4222467253601425,-0.7485832283585224,-0.18097790867321242,-0.3148901878136563,1.4387222800553303,1.1939154669399505,-0.910271520134028,-0.09972105409848263,0.46822974782786336,1.4254252474191424,1.4261368036056759,-0.19650511044110536,-0.13448561582809335,0.8091473691820946,1.4243881639767435
1731068218.46,-0.482115029746528,-0.06212650168970881,-0.10539889631426844,-0.2954159228028509,1.733137123531756,0.6428705055521089,-0.7704175824612753,-0.18097790867321242,-0.1939693741950942,1.4474176047692893,-0.15045206639380151,-0.9318053438547854,-0.09972105409848263,-0.21738344588332317,1.42507699022761,-0.4501463163628999,-0.40946643939175603,-0.13448561582809335,-0.20110493593981413,1.4240409034657844
1731068218.96,-0.482115029746528,0.05446976813608901,-0.10539889631426844,-0.07514657073515939,1.732452693817353,-0.4222467253601425,0.43359108663340185,-0.18097790867321242,1.3477709994415727,1.4439837624302507,-0.37451332194942155,-1.1191496102253744,-0.09972105409848263,-0.29917589706290326,1.4247287334342285,-0.4501463163628999,-0.3435498375736976,-0.13448561582809335,-0.2492993393846395,1.4236936431125577
1731068219.46,-0.201274063410965,-0.13903042434076696,-0.10539889631426844,-0.3078194397154005,1.7317683346829744,0.6428705055521089,-0.3524456610657141,-0.18097790867321242,-0.18053372823747615,1.457126720057514,-0.37451332194942155,-0.8112159310185441,-0.09972105409848263,-0.20776080456807844,1.4243804770389978,-0.4501463163628999,0.5159012399771425,-0.13448561582809335,-0.1547406997144125,1.4233463829170732
1731068219.96,-0.482115029746528,0.1661044945650441,-0.10539889631426844,-0.12219439350689935,1.7310840461356325,-0.4222467253601425,0.03745351934059322,-0.18097790867321242,-0.16709808227985812,1.452950877970751,1.1939154669399505,-0.9167316672502552,-0.09972105409848263,-0.2727136334459803,1.424032221041965,1.4261368036056759,-0.016502082399484072,-0.13448561582809335,-0.23130269506030596,1.422999122879338
1731068220.46,1.4837717346024528,-0.04228032810233897,-0.10539889631426844,-0.3240723239456379,1.7303998281823738,0.6428705055521089,0.21524754560586953,-0.18097790867321242,-0.1939693741950942,1.4567128053182576,-0.15045206639380151,-1.099769168876693,-0.09972105409848263,-0.17167589963591076,1.4236839654430895,-0.4501463163628999,-0.06467190680498844,-0.13448561582809335,-0.09678540443266052,1.4226518629993616
1731068220.96,-0.482115029746528,0.13881600588241083,-0.10539889631426844,-0.272319718896724,1.7297156808302012,-0.4222467253601425,0.349372863665639,-0.18097790867321242,-0.2712243384513978,1.4441324848109247,-0.37451332194942155,-0.44298754539359264,-0.09972105409848263,-0.2943645764052809,1.4233357102424256,-2.0583889906216846,0.6046351270399137,4.471324869238586,-0.2486892836448316,1.422304603277165
1731068221.46,-0.482115029746528,0.21075838513662623,-0.10539889631426844,-0.21201296425294827,1.7290316040861484,-0.4222467253601425,-0.17153244135718737,-0.18097790867321242,0.04451334155262551,1.458932027462016,-0.37451332194942155,-0.910271520134028,-0.09972105409848263,1.144220300223805,1.4229874554399657,-0.4501463163628999,-0.2573512044270056,-0.13448561582809335,-0.005277043461473137,1.4219573437127506
1731068221.96,-0.201274063410965,0.47868172856611885,-0.10539889631426844,-0.26504869174109147,1.7283475979572271,0.6428705055521089,-0.6113387168555021,-0.18097790867321242,-0.4055807980275779,1.4457158136555202,1.1939154669399505,-0.8241362252509984,-0.09972105409848263,-0.13318533437493182,1.4226392010357238,-0.4501463163628999,0.0519497733346537,-0.13448561582809335,-0.21696638517481995,1.4216100843061261
1731068222.46,1.4837717346024528,0.3323161983592665,-0.10539889631426844,-0.10936316911460664,1.7276636624504578,0.8203900440374883,0.38368399154139443,-0.18097790867321242,-0.37535059462293735,1.4582035927402326,-0.37451332194942155,-0.901657990645725,-0.09972105409848263,-0.2751192937747915,1.4222909470297334,-0.4501463163628999,-0.30298577491643075,4.327393291580252,-0.14864014231633335,1.421262825057301
1731068222.96,-0.482115029746528,0.272777677597157,-0.10539889631426844,-0.2778799161333842,1.7269797975728787,-2.73000072567005,0.08112222754609968,3.6060466787052596,-0.24771195802556628,1.4433950611890525,-0.37451332194942155,-0.4257604864169867,-0.09972105409848263,-0.1596475979918548,1.4219426934219672,-2.0583889906216846,-0.4982003264545272,4.471324869238586,-0.2014099638097181,1.4209155659662889
1731068223.46,-0.201274063410965,0.41666243610558834,-0.10539889631426844,-0.05803827154543586,1.7262960033315098,0.6428705055521089,0.13414851608135753,-0.18097790867321242,1.3208997075263365,1.4484606018580548,-0.37451332194942155,-0.7229272537634387,-0.09972105409848263,-0.16445891864947715,1.4215944402124656,-0.4501463163628999,-0.48805931079021053,-0.13448561582809335,-0.1028859618307397,1.4205683070331065
1731068223.96,-0.482115029746528,-0.09685730546760603,-0.10539889631426844,-0.2847232358092736,1.7256122797333586,-0.4222467253601425,0.5490012440336686,-0.18097790867321242,-0.21748175462092578,1.4452210440179525,1.1939154669399505,-0.9296519614827097,-0.09972105409848263,-0.30398721772052567,1.4212461874012352,1.4261368036056759,0.049414519418574526,-0.13448561582809335,-0.19378426706211913,1.420221048257754
1731068224.46,1.4837717346024528,-0.3300498451192014,-0.10539889631426844,-0.07514657073515939,1.7249286267854635,0.6428705055521089,0.23084351282212148,-0.18097790867321242,-0.39214515206995987,1.4429419768431324,-0.37451332194942155,-0.6755528415777724,-0.09972105409848263,-0.11153439141563123,1.420897934988283,-0.4501463163628999,-0.31566204449682667,-0.13448561582809335,-0.23130269506030596,1.4198737896402447
1731068224.96,-0.482115029746528,-0.25810746586498573,-0.10539889631426844,-0.24580185515265243,1.7242450444948316,-0.4222467253601425,0.8858741359047184,-0.18097790867321242,-0.2712243384513978,1.440674267020592,-0.37451332194942155,-0.6260250470200304,-0.09972105409848263,-0.2871475954188474,1.4205496829736355,-0.4501463163628999,-0.11791223904265115,-0.13448561582809335,-0.1425395849182542,1.419526531180579
1731068225.46,-0.482115029746528,-0.12910733754708204,-0.10539889631426844,-0.23981395043624917,1.7235615328685094,0.6428705055521089,1.0449530015104915,-0.18097790867321242,-0.1099965869599816,1.4406187155284513,-0.37451332194942155,-0.4042266626962293,-0.09972105409848263,-0.3280438210086375,1.4202014313572857,-0.4501463163628999,-0.11284173121049279,-0.13448561582809335,-0.18585354244461624,1.4191792728787864
1731068225.96,1.4837717346024528,-0.1663189130234002,-0.10539889631426844,-0.22698272604395645,1.7228780919135045,-0.4222467253601425,-0.34308808073596275,-0.18097790867321242,-0.32496692228186985,1.4401434131992004,1.1939154669399505,-0.5592701934856826,-0.09972105409848263,-0.07785514681227468,1.4198531801392476,1.4261368036056759,0.06969655074720794,-0.13448561582809335,-0.13643902752017503,1.4188320147348676
1731068226.46,-0.482115029746528,-0.15887659792813652,-0.10539889631426844,-0.27916303857261343,1.722194721636846,0.6428705055521089,-0.059241477400170744,-0.18097790867321242,-0.026023799724869033,1.4433016924196527,-0.15045206639380151,-0.5743438700902128,-0.09972105409848263,-0.30639287804933685,1.419504929319541,-0.18210587065310885,-0.04946038330851337,-0.13448561582809335,-0.24960436725454346,1.4184847567488292
1731068226.96,-0.482115029746528,0.33479697005768777,-0.10539889631426844,-0.295843630282594,1.7215114220455587,-0.4222467253601425,0.598908339125676,-0.18097790867321242,-0.09320202951295915,1.4308414357366814,-0.37451332194942155,-0.46882813385850153,-0.09972105409848263,-0.11875137240206474,1.4191566788981722,-0.4501463163628999,-0.13819427037128457,-0.13448561582809335,-0.202020019549526,1.4181374989206876
1731068227.46,-0.201274063410965,0.7838166474719299,-0.10539889631426844,-0.22056711384781008,1.7208281931466591,0.6428705055521089,0.39304157187114547,-0.18097790867321242,-0.24771195802556628,1.434011963013765,-0.37451332194942155,-0.6712460768336209,-0.09972105409848263,0.5500221990074434,1.4188084288751686,-0.18210587065310885,0.2649111022853043,-0.13448561582809335,-0.1547406997144125,1.4177902412504433
1731068227.96,-0.482115029746528,0.545662564423492,-0.10539889631426844,0.7674371643587282,1.720145034947189,-0.4222467253601425,0.3680880243251418,-0.18097790867321242,0.5147609500692557,1.4401014427702483,1.1939154669399505,-0.9533391675755428,-0.09972105409848263,0.5019089924312198,1.4184601792505296,-2.0583889906216846,0.23195280137627497,4.471324869238586,-0.1608412571124917,1.4174429837381197
1731068228.46,-0.482115029746528,0.240527645517681,4.593978028828273,-0.3061086097964281,1.719461947454156,0.6428705055521089,0.8110134932667074,-0.18097790867321242,1.6769443254032141,1.4486060336931907,-0.37451332194942155,-0.5118957813000163,-0.09972105409848263,0.49950333210240866,1.4181119300242555,1.4261368036056759,0.07223180466328712,-0.13448561582809335,-0.21025577203693288,1.4170957263837167
1731068228.96,-0.482115029746528,1.059182305996686,-0.10539889631426844,0.08310519676978394,1.7187789306745977,-0.4222467253601425,0.8484438145857128,-0.18097790867321242,-0.40222188653817337,1.4392149460598573,-0.15045206639380151,-0.3310116620456544,-0.09972105409848263,-0.1981381632528337,1.4177636811963799,-0.4501463163628999,0.28772838753001684,-0.13448561582809335,0.8518512709686487,1.4167484691872545
1731068229.46,-0.482115029746528,0.4464316964866431,-0.10539889631426844,-0.2907111405256769,1.718095984615535,0.6428705055521089,1.0761449359429962,-0.18097790867321242,-0.09656094100236358,1.431800142608541,-0.37451332194942155,-0.5162025460441678,-0.09972105409848263,-0.22219476654094555,1.417415432766909,-0.4501463163628999,0.13307789864918737,-0.13448561582809335,-0.223982026182611,1.41640121214873
1731068229.96,1.4837717346024528,0.456354783280328,-0.10539889631426844,-0.18635051546836284,1.7174131092839797,-0.4222467253601425,0.22148593249237045,-0.18097790867321242,-0.029382711214273615,1.4408830909505699,1.1939154669399505,-0.3159379854411242,-0.09972105409848263,-0.25827967147311326,1.4170671847358565,-0.4501463163628999,-0.41200169330783526,-0.13448561582809335,0.7328904017061052,1.4160539552681561
1731068230.46,-0.482115029746528,0.4191432078040096,-0.10539889631426844,-0.23767541303753373,1.7167303046869824,0.6428705055521089,-0.7828943562342772,-0.18097790867321242,-0.4156575324957914,1.4424083253068392,-0.37451332194942155,-0.05968548316411134,-0.09972105409848263,0.07129579357401855,1.4167189371032223,1.4261368036056759,-0.4272132168043103,-0.13448561582809335,-0.18707365392423206,1.4157066985455535
1731068230.96,-0.482115029746528,0.5034894455503311,-0.10539889631426844,-0.19490466506322465,1.716047570831555,-0.4222467253601425,-0.8203246775532826,-0.18097790867321242,0.000847492190367013,1.431859746336801,-0.37451332194942155,-0.5786506348343643,-0.09972105409848263,1.6109184040131743,1.41637068986902,-0.18210587065310885,-0.6351040379228027,-0.13448561582809335,1.3948008793976938,1.4153594419809254
1731068231.46,-0.201274063410965,0.7763743323766662,-0.10539889631426844,-0.3061086097964281,1.7153649077247268,0.6428705055521089,-0.27134663154120214,-0.18097790867321242,-0.3955040635593644,1.4292682036048174,-0.37451332194942155,-0.38053945660339616,-0.09972105409848263,-0.18610986160877785,1.416022443033276,-0.4501463163628999,-0.24974544267876805,-0.13448561582809335,-0.20232504741942997,1.4150121855742852
1731068231.96,1.4837717346024528,0.8557590267261456,-0.10539889631426844,0.061719822782629406,1.7146823153735224,-0.4222467253601425,-0.49904775289848546,-0.18097790867321242,-0.4089397095169824,1.4418902940754394,1.1939154669399505,-0.34823872102226033,-0.09972105409848263,-0.30639287804933685,1.4156741965959905,-2.0583889906216846,-0.5894694674333775,4.471324869238586,-0.07848373223842303,1.4146649293256364
1731068232.46,-2.167160827759946,-0.5334731243897421,-0.10539889631426844,-0.3052531948369419,1.7139997937849625,0.6428705055521089,0.7517488178449482,-0.18097790867321242,0.07810245644667058,1.4416327032596048,-0.15045206639380151,-0.19104180786073127,-0.09972105409848263,-0.039364581551295755,1.41532595055719,1.4261368036056759,0.1077253594883956,-0.13448561582809335,-0.2056803539883735,1.414317673234989
1731068232.96,1.4837717346024528,-0.2382612922776159,-0.10539889631426844,-0.10936316911460664,1.713317342966085,-1.4873639562724066,0.177817224286864,1.7125343850160237,1.7945062275323715,1.4380634235061978,-0.37451332194942155,-0.43222063353321394,-0.09972105409848263,-0.21738344588332317,1.4149777049168615,-0.4501463163628999,-0.5032708342866856,-0.13448561582809335,-0.07543345353938345,1.4139704173023595
1731068233.46,-0.482115029746528,-0.6475886225171186,-0.10539889631426844,-0.25178975986905566,1.7126349629239146,0.6428705055521089,0.41175673253064826,-0.18097790867321242,0.2695604113427272,1.448580794147457,-0.15045206639380151,-0.22334254344186738,-0.09972105409848263,-0.29195891607646973,1.4146294596750382,-0.4501463163628999,-0.7441199563142071,-0.13448561582809335,0.124359801247709,1.413623161527762
1731068233.96,1.4837717346024528,-0.38462682248446844,-0.10539889631426844,-0.2924219704446493,1.7119526536654759,-0.4222467253601425,-0.05612228395692028,-0.18097790867321242,-0.11335549844938618,1.4409011505738438,1.1939154669399505,-0.3245515149294272,-0.09972105409848263,-0.19092118226640023,1.414281214831727,1.4261368036056759,-0.09509495379793856,-0.13448561582809335,0.3241530560348014,1.4132759059111961
1731068234.46,-0.482115029746528,-0.22585743378550974,-0.10539889631426844,0.5749687984743377,1.7112704151977984,-0.4222467253601425,-1.4098522383276195,-0.18097790867321242,0.19230544708642364,1.438770444082296,-0.15045206639380151,-0.25779666139507923,-0.09972105409848263,-0.24144004917143494,1.4139329703869274,-0.4501463163628999,0.09758434382407888,-0.13448561582809335,-0.21117085564664476,1.4129286504526752
1731068234.96,-0.482115029746528,-0.32012675832551646,-0.10539889631426844,-0.3206506641076932,1.710588247527894,0.6428705055521089,-1.0605025726835682,-0.18097790867321242,0.2796371458109406,1.4372188942695918,-0.37451332194942155,-0.038151659443353934,-0.09972105409848263,-0.308798538378148,1.41358472634068,-0.18210587065310885,-0.4246779628882311,-0.13448561582809335,-0.1425395849182542,1.4125813951522064
1731068235.46,-0.482115029746528,-0.41191531116710184,-0.10539889631426844,0.061719822782629406,1.7099061506628177,0.6428705055521089,0.06552626032984737,-0.18097790867321242,-0.3148901878136563,1.4330403544931143,-0.37451332194942155,-0.7423076951121204,-0.09972105409848263,1.0985127539763926,1.4132364826929644,-0.4501463163628999,-0.5565111665243482,-0.13448561582809335,-0.24533397707588803,1.4122341400098062
1731068235.96,1.4837717346024528,0.06439285492977394,-0.10539889631426844,-0.20773588945551738,1.7092241246095812,-1.664883494757786,-1.0667409595700692,1.7125343850160237,0.14863959772416513,1.42672762729309,-0.37451332194942155,-1.1988247579921771,-0.09972105409848263,-0.22700608719856785,1.4128882394438145,-0.4501463163628999,-0.5920047213494567,-0.13448561582809335,-0.15169042101537294,1.4118868850254882
1731068236.46,-0.482115029746528,-0.392069137579732,-0.10539889631426844,3.7528353729654977,1.708542169375218,0.6428705055521089,-0.5739083955364965,-0.18097790867321242,-0.21412284313152122,1.438876967115845,1.1939154669399505,-0.6561724002290907,-0.09972105409848263,0.23247503560436764,1.4125399965932297,1.4261368036056759,-0.5007355803706064,-0.13448561582809335,-0.07238317484034387,1.4115396301992522
1731068236.96,-0.482115029746528,-0.14895351113445188,-0.10539889631426844,0.08310519676978394,1.7078602849667532,-0.4222467253601425,-0.6706033922772608,-0.18097790867321242,-0.39214515206995987,1.4254121480194801,-0.15045206639380151,-0.5571168111136069,-0.09972105409848263,0.1771448480417105,1.4121917541412237,-0.4501463163628999,-0.640174545754961,-0.13448561582809335,-0.21696638517481995,1.4111923755311153
1731068237.46,-0.201274063410965,-0.03235724130865405,-0.10539889631426844,-0.224844188645241,1.707178471391203,0.6428705055521089,-0.8795893529750415,-0.18097790867321242,0.7733971347534027,1.435126332983557,-0.37451332194942155,-1.0760819627838598,-0.09972105409848263,0.018371266340172526,1.4118435120878299,-0.4501463163628999,-0.43988948638470615,-0.13448561582809335,-0.0845842896365022,1.4108451210210806
1731068237.96,1.4837717346024528,-0.4019922243734169,-0.10539889631426844,0.23707988947729644,1.7064967286556223,-0.4222467253601425,-0.9419732218400507,-0.18097790867321242,-0.38206841760174637,1.4388339032238406,1.1939154669399505,-1.099769168876693,-0.09972105409848263,-0.25346835081549085,1.411495270433035,1.4261368036056759,-0.17368782519639275,-0.13448561582809335,-0.24746917216521575,1.410497866669165
1731068238.46,-0.201274063410965,-0.49626154891342367,-0.10539889631426844,-0.2774522086536411,1.705815056767023,0.6428705055521089,-0.6518882316177581,-0.18097790867321242,-0.4727590278156679,1.4405846752691913,-0.37451332194942155,-1.0222474034819664,-0.09972105409848263,-0.18370420127996662,1.4111470291768522,-0.4501463163628999,-0.5184823577831607,-0.13448561582809335,-0.06018206004418555,1.4101506124753789
1731068238.96,-0.482115029746528,-0.0943765337691848,-0.10539889631426844,-0.18635051546836284,1.7051334557324385,-0.4222467253601425,-0.8858277398615424,-0.18097790867321242,-0.19061046270568974,1.4240378503748892,-0.15045206639380151,-1.09115563938839,-0.09972105409848263,-0.20294948391045609,1.4107987883193018,-0.4501463163628999,-0.5286233734474773,-0.13448561582809335,-0.21208593925635663,1.4098033584397287
1731068239.46,-0.482115029746528,-0.34493447530972876,-0.10539889631426844,-0.23468146067933207,1.7044519255589023,0.6428705055521089,-0.5302396873309901,-0.18097790867321242,-0.3081723648348473,1.4378811475395308,-0.37451332194942155,-0.901657990645725,-0.09972105409848263,-0.18851552193758897,1.4104505478603968,-0.18210587065310885,-0.4982003264545272,-0.13448561582809335,-0.06018206004418555,1.4094561045622278
1731068239.96,-0.482115029746528,-0.017472611118126667,-0.10539889631426844,0.9513513806482572,1.7037704662534265,-0.4222467253601425,0.2526778669248751,-0.18097790867321242,-0.29137780738782476,1.4472651742767273,1.1939154669399505,-0.9597993146917699,-0.09972105409848263,0.2781825818517801,1.410102307800151,1.4261368036056759,-0.19650511044110536,-0.13448561582809335,-0.20232504741942997,1.4091088508428764
1731068240.46,1.4837717346024528,-0.05964572999128758,-0.10539889631426844,-0.07514657073515939,1.703089077823066,0.6428705055521089,-0.6051003299690012,-0.18097790867321242,-0.36191494866531937,1.4372407928144788,-0.37451332194942155,-1.041627844830648,-0.09972105409848263,0.13624862245192043,1.4097540681385705,-0.4501463163628999,-0.1660820634481552,-0.13448561582809335,-0.13643902752017503,1.4087615972817014
1731068240.96,-0.482115029746528,-0.007549524324441745,-0.10539889631426844,-0.224844188645241,1.7024077602748373,-0.4222467253601425,0.754868011288199,-0.18097790867321242,-0.06297182610831867,1.4309580728951428,-0.37451332194942155,-1.0028669621332846,-0.09972105409848263,-0.2654966524595468,1.4094058288756626,-0.4501463163628999,-0.2801684896717182,-0.13448561582809335,-0.2419786705069445,1.4084143438787027
1731068241.46,-0.201274063410965,0.04702745304082532,-0.10539889631426844,0.3953316569822399,1.7017265136157735,0.6428705055521089,0.4897365686119102,-0.18097790867321242,0.19230544708642364,1.435049169260731,-0.37451332194942155,-0.9318053438547854,-0.09972105409848263,-0.31601551936458155,1.4090575900114537,-0.4501463163628999,-0.2218576496018971,-0.13448561582809335,-0.11203679792785844,1.4080670906338904
1731068241.96,1.4837717346024528,0.21820070023188992,-0.10539889631426844,-0.3065363172761712,1.7010453378528954,-1.4873639562724066,0.21212835216261908,1.7125343850160237,0.04451334155262551,1.4288247754020467,1.1939154669399505,-1.0674684332955569,-0.09972105409848263,-0.1307796740461207,1.408709351545944,-0.4501463163628999,-0.17115257128031358,-0.13448561582809335,-0.10898651922881886,1.407719837547278
1731068242.46,-2.167160827759946,0.8359128531387757,4.74557083286513,-0.10080901951974483,1.700364232993236,0.6428705055521089,0.9420196178832267,-0.18097790867321242,2.325214242858283,1.4204071821966593,-1.7188808552831736,-0.770301665949105,-0.09972105409848263,-0.21978910621213435,1.40836111347916,1.4261368036056759,0.5615358104665676,-0.13448561582809335,-0.18280326374557668,1.4073725846188687
1731068242.96,-0.201274063410965,0.3075084813750542,-0.10539889631426844,-0.30225924247874036,1.6996831990438426,-0.4222467253601425,0.19653238494636677,-0.18097790867321242,-0.1200733214281952,1.438526004390137,-0.37451332194942155,-0.6389453412524848,3.4582846297276566,-0.2654966524595468,1.408012875811095,-0.4501463163628999,-0.23199866526621382,-0.13448561582809335,1.2514377805428336,1.4070253318486865
1731068243.46,-0.482115029746528,0.3794508606292699,-0.10539889631426844,-0.036652897558281335,1.699002236011735,0.6428705055521089,-0.1434597003679332,-0.18097790867321242,-0.3216080107924653,1.43339901617298,-0.37451332194942155,-0.6647859297173937,-0.09972105409848263,-0.22219476654094555,1.407664638541756,-0.18210587065310885,0.4398436224947675,-0.13448561582809335,-0.2099507441670289,1.4066780792367242
1731068243.96,-0.482115029746528,0.3546431436450576,-0.10539889631426844,-0.3561503849263697,1.6983213439039468,-0.4222467253601425,-0.3773992086117175,-0.18097790867321242,-0.3048134533454428,1.431936658483134,1.1939154669399505,-0.7293874008796659,-0.09972105409848263,-0.26068533180192444,1.407316401671183,1.4261368036056759,-0.16101155561599687,-0.13448561582809335,-0.14558986361729379,1.406330826783009
1731068244.46,1.4837717346024528,0.3596046870419001,-0.10539889631426844,0.010394925213458632,1.6976405227274987,0.6428705055521089,-0.049883897070419354,-0.18097790867321242,-0.18389263972688075,1.4259809255785505,-0.37451332194942155,-0.84351666659968,-0.09972105409848263,-0.12596835338849835,1.406968165199369,-0.4501463163628999,-0.3131267905807475,-0.13448561582809335,-0.20476527037866163,1.4059835744875373
1731068244.96,-0.201274063410965,0.05198899643766778,-0.10539889631426844,-0.32278920150640866,1.6969597724894285,-0.4222467253601425,0.06864545377309783,-0.18097790867321242,-0.3686327716441284,1.4364265732793178,-0.37451332194942155,-0.7487678422283476,-0.09972105409848263,1.8514844368942924,1.4066199291263477,-0.4501463163628999,-0.021572590231642427,-0.13448561582809335,-0.18920884901355978,1.4056363223503263
1731068245.46,-0.482115029746528,-0.3126844432302528,-0.10539889631426844,-0.092254869924883,1.696279093196774,0.6428705055521089,0.30258496201688245,-0.18097790867321242,-0.2544297810043753,1.4307131175554182,-0.37451332194942155,-0.7057001947868328,-0.09972105409848263,-0.2005438235816449,1.4062716934520925,-0.4501463163628999,-0.4348189785525478,-0.13448561582809335,-0.19866471298058247,1.4052890703713823
1731068245.96,1.4837717346024528,-0.3771845073892048,-0.10539889631426844,-0.20773588945551738,1.6955984848565644,-1.664883494757786,0.4866173751686593,1.7125343850160237,-0.14022679036462224,1.4332590178719573,1.1939154669399505,-0.5506566639973797,-0.09972105409848263,-0.2486570301578685,1.40592345817665,-0.18210587065310885,-0.19650511044110536,-0.13448561582809335,-0.22703230488165055,1.4049418185507256
1731068246.46,-0.482115029746528,-0.010030296022862976,-0.10539889631426844,0.006117850416027726,1.694917947475833,0.6428705055521089,1.3350379917327841,-0.18097790867321242,-0.3652738601547239,1.442124397553875,-0.15045206639380151,-0.6324851941362576,-0.09972105409848263,-0.255874011144302,1.4055752233000067,1.4261368036056759,-0.2979152670842724,-0.13448561582809335,-0.0845842896365022,1.4045945668883564
1731068246.96,-0.482115029746528,-0.28291518284919803,-0.10539889631426844,-0.12647146830433026,1.6942374810616048,-0.4222467253601425,0.8266094604829594,-0.18097790867321242,2.9432539569087117,1.4279137493196405,-0.37451332194942155,-0.6970866652985298,-0.09972105409848263,-0.11875137240206474,1.4052269888221895,-0.18210587065310885,-0.24213968093053054,-0.13448561582809335,-0.21178091138645266,1.4042473153842812
1731068247.46,-0.482115029746528,-0.1812035432139276,-0.10539889631426844,-0.12647146830433026,1.6935570856209132,0.6428705055521089,0.00314239146483849,-0.18097790867321242,0.21245891602285066,1.4201500683505077,-0.37451332194942155,-0.4472943101377441,-0.09972105409848263,0.0688901332452073,1.404878754743225,-0.4501463163628999,-0.1686173173642344,-0.13448561582809335,-0.12728819142305636,1.403900064038517
1731068247.96,1.4837717346024528,0.17850835305715024,-0.10539889631426844,0.04888859839033669,1.692876761160796,-0.4222467253601425,0.009380778351339413,-0.18097790867321242,0.2326123849592777,1.4364298128621882,-0.37451332194942155,-0.7250806361355144,-0.09972105409848263,-0.22460042686975668,1.4045305210631003,1.4261368036056759,-0.2218576496018971,-0.13448561582809335,-0.10593624052977928,1.403552812851074
1731068248.46,-0.482115029746528,0.652335747455605,-0.10539889631426844,-0.18207344067093195,1.6921965076882957,0.6428705055521089,0.3899223784278954,-0.18097790867321242,-0.2241995775997348,1.4205059690769546,1.1939154669399505,-0.7659949012049535,-0.09972105409848263,0.4345505032245069,1.4041822877818282,-0.4501463163628999,-0.02664309806380078,-0.13448561582809335,-0.13338874882113544,1.4032055618219683
1731068248.96,-0.482115029746528,0.39929703421663976,-0.10539889631426844,-0.2949882153231078,1.6915163252104237,-0.4222467253601425,0.015619165237840337,-0.18097790867321242,-0.22755848908913923,1.427945182351713,-0.37451332194942155,-0.8478234313438315,-0.09972105409848263,0.48506937012954165,1.4038340548994288,-0.18210587065310885,0.01138571067738687,-0.13448561582809335,-0.18066806865624896,1.4028583109511974
1731068249.46,-0.201274063410965,0.1909122115492564,-0.10539889631426844,-0.15085079464968637,1.690836213734231,0.6428705055521089,1.1010984834889999,-0.18097790867321242,-0.2074050201527122,1.429925814955524,-0.37451332194942155,-0.5851107819505915,-0.09972105409848263,2.236390089504081,1.4034858224159292,-0.4501463163628999,0.0037799489291493412,-0.13448561582809335,-0.23740325245838512,1.4025110602387778
1731068249.96,1.4837717346024528,0.7168358116145569,-0.10539889631426844,-0.006713373976264991,1.6901561732667294,-0.4222467253601425,0.7829407522774529,-0.18097790867321242,-0.37870950611234183,1.4181651651544778,1.1939154669399505,-0.7164671066472115,-0.09972105409848263,0.6775221964344361,1.4031375903313092,1.4261368036056759,0.566606318298726,-0.13448561582809335,-0.12118763402497719,1.4021638096847162
1731068250.46,-0.482115029746528,0.41666243610558834,-0.10539889631426844,-0.2736028413359533,1.6894762038149826,0.6428705055521089,0.8172518801532083,-0.18097790867321242,-0.2107639316421168,1.425799163438788,-0.37451332194942155,-0.7078535771589085,-0.09972105409848263,-0.2823362747612251,1.4027893586456022,-0.18210587065310885,0.5792825878791219,-0.13448561582809335,-0.21025577203693288,1.4018165592890295
1731068250.96,-0.482115029746528,0.38937394742295484,-0.10539889631426844,-0.002436299178834085,1.6887963053860027,-0.4222467253601425,1.3849450868247917,-0.18097790867321242,-0.16038025930104927,1.42283934705424,-0.37451332194942155,-0.6044912232992732,-0.09972105409848263,-0.2799306144324139,1.4024411273588213,-0.4501463163628999,0.1863182308868498,-0.13448561582809335,-0.005277043461473137,1.4014693090517276
1731068251.46,-0.482115029746528,0.6895473229319234,-0.10539889631426844,-0.281729283451072,1.6881164779868316,-0.4222467253601425,-0.21208195611944336,-0.18097790867321242,0.9547783551812458,1.4174099023349491,-0.37451332194942155,-0.6604791649732422,-0.09972105409848263,-0.14040231536136533,1.4020928964709602,-0.4501463163628999,1.59845466214295,-0.13448561582809335,-0.22703230488165055,1.4011220589728106
1731068251.96,1.4837717346024528,0.6994704097256084,-0.10539889631426844,-0.21201296425294827,1.6874367216245074,0.6428705055521089,-0.16217486102743597,-0.18097790867321242,0.010924226658580456,1.4213927075671884,1.1939154669399505,-0.6927799005543783,-0.09972105409848263,-0.3376664623238822,1.401744665982059,-0.4501463163628999,-0.26242171225916394,-0.13448561582809335,-0.03577983045186896,1.400774809052299
1731068252.46,-0.482115029746528,0.8855282871072003,-0.10539889631426844,-0.19918173986065557,1.6867570363060505,0.6428705055521089,-0.4803325922389827,-0.18097790867321242,-0.1939693741950942,1.4299536204404533,-0.15045206639380151,-0.7250806361355144,-0.09972105409848263,-0.25346835081549085,1.4013964358921107,-0.18210587065310885,-0.4982003264545272,4.327393291580252,-0.22062671961366745,1.4004275592901956
1731068252.96,-0.482115029746528,0.8259897663450908,-0.10539889631426844,0.3482838342104998,1.686077422038507,-0.4222467253601425,0.05616868000009599,-0.18097790867321242,-0.38542732909115085,1.4226625610981782,-0.37451332194942155,-0.3417785739060331,-0.09972105409848263,-0.24625136982905732,1.401048206201129,-0.4501463163628999,-0.7441199563142071,-0.13448561582809335,0.06487936661643719,1.4000803096865175
1731068253.46,-0.201274063410965,0.773893560678245,-0.10539889631426844,2.7691081695563904,1.6853978788289108,0.6428705055521089,-0.09667179871917628,-0.18097790867321242,0.02771878410560291,1.430647094824197,-1.7188808552831736,-0.23626283767432182,3.573059006625274,-0.2847419350900362,1.4006999769091204,-0.4501463163628999,-0.33340882190938087,-0.13448561582809335,-0.17182226042903417,1.3997330602412716
1731068253.96,-0.482115029746528,-0.6004539602471152,-0.10539889631426844,-0.2475126850716248,1.6847184066842955,-0.4222467253601425,0.3119425423466335,-0.18097790867321242,-0.2544297810043753,1.432172608699924,1.1939154669399505,-0.2448763671626248,-0.09972105409848263,-0.1812985409511555,1.4003517480161116,-0.4501463163628999,-0.5717226900208232,-0.13448561582809335,0.0770804814125955,1.399385810954471
1731068254.46,1.4837717346024528,-0.6376655357234337,-0.10539889631426844,-0.2671872291398069,1.6840390056116985,0.6428705055521089,0.04057271278384368,-0.18097790867321242,-0.47947685079447694,1.4162411463426432,-0.37451332194942155,-0.20180871972110997,-0.09972105409848263,-0.08988344845633055,1.4000035195221092,1.4261368036056759,-0.6858091162443862,-0.13448561582809335,-0.03883010915090854,1.3990385618261194
1731068254.96,-0.482115029746528,0.05943131153293147,-0.10539889631426844,-0.11364024391203754,1.683359675618145,-0.4222467253601425,0.05616868000009599,-0.18097790867321242,-0.24771195802556628,1.427887257405945,-1.7188808552831736,-0.8219828428789226,3.573059006625274,-0.2871475954188474,1.3996552914271336,-0.18210587065310885,-0.31819729841290584,-0.13448561582809335,0.522421171472374,1.3986913128562268
1731068255.46,-0.482115029746528,-0.12910733754708204,-0.10539889631426844,-0.3159458818305192,1.6826804167106812,-1.664883494757786,-0.27758501842770306,1.7125343850160237,-0.3719916831335329,1.412701639256945,-0.37451332194942155,-0.2707169556275337,-0.09972105409848263,-0.36172306561199397,1.3993070637311713,-0.4501463163628999,-0.46524202554549793,-0.13448561582809335,-0.04798094524802728,1.3983440640448133
1731068255.96,1.4837717346024528,-0.5508385262786906,-0.10539889631426844,-0.07086949593772848,1.6820012288963408,0.6428705055521089,-1.1634359563108332,-0.18097790867321242,0.6524763211348404,1.422616227784904,1.1939154669399505,-0.22334254344186738,-0.09972105409848263,-0.1379966550325542,1.398958836434249,1.4261368036056759,-0.6934148779926237,-0.13448561582809335,-0.08763456833554178,1.3979968153918787
1731068256.46,-0.482115029746528,-0.3722229639923623,-0.10539889631426844,-0.32834939874306884,1.6813221121821658,0.6428705055521089,-1.4847128809656305,-0.18097790867321242,-0.23427631206794824,1.4205302776608038,-0.37451332194942155,0.11473848897402364,-0.09972105409848263,-0.20294948391045609,1.3986106095363866,-0.4501463163628999,-0.7263731789016529,-0.13448561582809335,-0.18463343096500043,1.3976495668974438
1731068256.96,-0.482115029746528,-0.25810746586498573,-0.10539889631426844,-0.10080901951974483,1.6806430665751813,-0.4222467253601425,-1.216462244846091,-0.18097790867321242,-0.29137780738782476,1.429895271655137,-0.37451332194942155,-0.654019017857015,-0.09972105409848263,-0.06582684516821882,1.3982623830375842,-0.4501463163628999,-0.7289084328177321,-0.13448561582809335,0.12893521929626833,1.3973023185615079
1731068257.46,-0.482115029746528,-0.1737612281186639,-0.10539889631426844,-0.3304879361417843,1.6799640920824246,0.6428705055521089,-1.107290474332325,-0.18097790867321242,-0.1939693741950942,1.4240462659998472,-0.37451332194942155,-1.1428368163182079,-0.09972105409848263,-0.3208268400222039,1.397914156937882,-0.4501463163628999,-0.6959501319087028,-0.13448561582809335,-0.17853287356692127,1.396955070384085
1731068257.96,-0.201274063410965,-0.2729920960555131,-0.10539889631426844,-0.10508609431717574,1.6792851887109383,-0.4222467253601425,-0.9450924152833011,-0.18097790867321242,-0.2611476039831843,1.4222847694880454,1.1939154669399505,-0.9813331384125272,-0.09972105409848263,-0.15002495667661006,1.3975659312372466,1.4261368036056759,-0.5260881195313982,-0.13448561582809335,0.04352741572316011,1.3966078223651848
1731068258.46,1.4837717346024528,-0.08693421867392111,-0.10539889631426844,-0.3091025621546298,1.6786063564677558,0.6428705055521089,-0.48657097912548364,-0.18097790867321242,-0.17717481674807173,1.423132461969365,-0.37451332194942155,-1.315107406084267,-0.09972105409848263,-0.07304382615465231,1.3972177059357178,-0.4501463163628999,-0.22692815743405548,-0.13448561582809335,-0.13033847012209587,1.3962605745048242
1731068258.96,-0.482115029746528,-0.4044729960718382,-0.10539889631426844,-0.20773588945551738,1.6779275953599193,-0.4222467253601425,-0.3992335627144707,-0.18097790867321242,0.5987337373043683,1.419398215427345,-0.37451332194942155,-0.770301665949105,-0.09972105409848263,1.1947391671288399,1.3968694810333027,-0.4501463163628999,-0.6274982761745651,-0.13448561582809335,-0.14864014231633335,1.3959133268030068
1731068259.46,-0.201274063410965,-0.4416845715481566,-0.10539889631426844,-0.17779636587350103,1.6772489053944577,0.6428705055521089,-0.42730630370372485,-0.18097790867321242,-0.27794216143020684,1.4253804283727263,-0.37451332194942155,-1.0071737268774361,-0.09972105409848263,-0.13318533437493182,1.3965212565300078,-0.18210587065310885,-0.6173572605102484,-0.13448561582809335,0.5773261880550865,1.3955660792597426
1731068259.96,1.4837717346024528,-0.3895883658813109,-0.10539889631426844,-0.29199426296490616,1.6765702865784047,-0.4222467253601425,-0.910781287407546,-0.18097790867321242,0.8708055679461332,1.4285070410376663,1.1939154669399505,-1.0610082861793297,-0.09972105409848263,-0.024930619578428657,1.3961730324258663,-0.18210587065310885,-0.5945399752655358,-0.13448561582809335,-0.20598538185827747,1.3952188318750383
1731068260.46,-0.482115029746528,-0.1663189130234002,-0.10539889631426844,-0.23639229059830444,1.6758917389188155,0.6428705055521089,-0.9949995103753085,-0.18097790867321242,0.35353319857783977,1.4204299322564542,-0.37451332194942155,-1.0222474034819664,-0.09972105409848263,-0.2366287285138126,1.3958248087208585,1.4261368036056759,-0.4601715177133396,-0.13448561582809335,-0.20903566055731704,1.3948715846489106
1731068260.96,-0.201274063410965,0.0619120832313527,-0.10539889631426844,-0.23211521580087355,1.6752132624227192,-1.664883494757786,-0.9014237070777946,1.7125343850160237,2.31513750839007,1.4153849473695064,-0.37451332194942155,-1.1815976990155712,-0.09972105409848263,-0.046581562537729354,1.3954765854150244,-0.4501463163628999,-0.11284173121049279,-0.13448561582809335,0.05877880921835802,1.3945243375813765
1731068261.46,-0.482115029746528,-0.11670347905497587,-0.10539889631426844,0.006117850416027726,1.674534857097149,0.6428705055521089,0.1528636767408603,-0.18097790867321242,1.068981345820999,1.410719942945909,-0.37451332194942155,-0.8887376964132706,-0.09972105409848263,-0.1596475979918548,1.3951283625083506,-0.4501463163628999,-0.26242171225916394,-0.13448561582809335,-0.20293510315923788,1.3941770906724325
1731068261.96,1.4837717346024528,-0.09685730546760603,-0.10539889631426844,0.2884047870464673,1.6738565229491473,-0.4222467253601425,-0.3150153397467086,-0.18097790867321242,1.1731076019925386,1.4111698767299163,1.1939154669399505,-0.8930444611574221,-0.09972105409848263,-0.2630909921307356,1.3947801400008704,1.4261368036056759,-0.23960442701445134,-0.13448561582809335,-0.0845842896365022,1.393829843922092
1731068262.46,-0.482115029746528,-0.08941499037234234,-0.10539889631426844,-0.29284967792439237,1.6731782599857392,0.6428705055521089,0.32130012267638525,-0.18097790867321242,0.29643170325796325,1.4186432848850705,-0.37451332194942155,-0.8392099018555286,-0.09972105409848263,-0.12115703273087597,1.3944319178925975,-0.4501463163628999,-0.35876136107017265,-0.13448561582809335,-0.12423791272401677,1.3934825973303653
1731068262.96,-0.482115029746528,0.2578930474066296,-0.10539889631426844,0.07455104717492213,1.6725000682139881,-0.4222467253601425,0.1622212570706117,-0.18097790867321242,-0.34176147972889237,1.4230935486801377,-0.15045206639380151,-0.9684128441800729,-0.09972105409848263,-0.29917589706290326,1.3940836961835315,-0.4501463163628999,0.30801041885865027,-0.13448561582809335,-0.19561443428154288,1.3931353508972693
1731068263.46,-0.482115029746528,0.3943354908197973,-0.10539889631426844,2.046282528790568,1.6718219476409188,0.6428705055521089,0.3961607653143963,-0.18097790867321242,-0.2980956303666338,1.406182886112444,-0.37451332194942155,-0.778915195437408,-0.09972105409848263,0.1482769240959763,1.3937354748736859,-0.4501463163628999,0.7542151080885852,-0.13448561582809335,-0.23069263932049805,1.3927881046228103
1731068263.96,1.4837717346024528,0.07679671342188009,-0.10539889631426844,-0.14357976749405388,1.6711438982735694,-0.4222467253601425,0.40863753908739814,-0.18097790867321242,-0.09991985249176816,1.4225211600287189,1.1939154669399505,-1.0028669621332846,-0.09972105409848263,-0.08747778812751941,1.3933872539630676,1.4261368036056759,-0.08241868421754267,-0.13448561582809335,-0.12118763402497719,1.3924408585069954
1731068264.46,-0.482115029746528,0.3794508606292699,-0.10539889631426844,-0.19062759026579376,1.6704659201189862,0.8203900440374883,-0.7080337135962664,-0.18097790867321242,-0.4089397095169824,1.409804792986564,-0.37451332194942155,-0.8779707845528919,-0.09972105409848263,-0.30639287804933685,1.3930390334516964,-0.18210587065310885,0.4804076851520343,-0.13448561582809335,-0.07543345353938345,1.3920936125498378
1731068264.96,-0.482115029746528,0.29262385118452683,-0.10539889631426844,-0.23639229059830444,1.66978801318419,-0.4222467253601425,0.3150617357898843,-0.18097790867321242,-0.21748175462092578,1.4214535246749422,-0.37451332194942155,-1.017940638737815,-0.09972105409848263,-0.28955325574765856,1.3926908133395992,-0.4501463163628999,-0.39932542372743934,-0.13448561582809335,0.10758326840299126,1.3917463667513412
1731068265.46,-0.482115029746528,0.5382202493282283,-0.10539889631426844,-0.26162703190314673,1.669110177476244,0.6428705055521089,-0.24327389055194798,-0.18097790867321242,1.1865432479501563,1.4183737719695813,-0.15045206639380151,-0.8155226957626955,-0.09972105409848263,-0.18610986160877785,1.3923425936267624,-0.4501463163628999,-0.3460850914897768,-0.13448561582809335,-0.20690046546798935,1.3913991211115289
1731068265.96,-0.482115029746528,0.017258192659770556,-0.10539889631426844,-0.12647146830433026,1.6684324130021737,-0.4222467253601425,-0.19024760201669014,-0.18097790867321242,-0.40222188653817337,1.4144391811505999,1.1939154669399505,-0.7509212246004233,-0.09972105409848263,-0.20535514423926726,1.3919943743131997,-0.4501463163628999,-0.45256575596510207,-0.13448561582809335,-0.21635632943501204,1.391051875630401
1731068266.46,1.4837717346024528,0.21820070023188992,-0.10539889631426844,-0.2924219704446493,1.6677547197690206,0.6428705055521089,1.600169434409073,-0.18097790867321242,-0.11671440993879062,1.4175378294752834,-0.37451332194942155,-0.7853753425536352,-0.09972105409848263,-0.06823250549702994,1.3916461553989443,1.4261368036056759,0.06969655074720794,-0.13448561582809335,-0.1855485145747123,1.390704630307974
1731068266.96,-0.482115029746528,0.019738964358191786,-0.10539889631426844,-0.06659242114029758,1.6670770977838318,-0.4222467253601425,0.3680880243251418,-0.18097790867321242,-0.2611476039831843,1.415971348092396,-0.37451332194942155,0.011376135114388097,-0.09972105409848263,-0.3376664623238822,1.3912979368839895,-0.4501463163628999,0.016456218509545224,-0.13448561582809335,-0.1547406997144125,1.390357385144252
1731068267.46,-0.201274063410965,0.17850835305715024,-0.10539889631426844,-0.1521339170889157,1.6663995470536273,0.6428705055521089,1.1198136441485027,-0.18097790867321242,-0.4660412048368589,1.4159985542331897,-0.37451332194942155,0.18795348962459882,-0.09972105409848263,-0.17167589963591076,1.3909497187683688,-0.4501463163628999,0.10519010557231641,-0.13448561582809335,-0.23526805736905743,1.3900101401392408
1731068267.96,1.4837717346024528,0.15618140777135917,-0.10539889631426844,-0.2731751338562102,1.6657220675854756,-0.4222467253601425,0.8796357490182175,-0.18097790867321242,-0.2745832499408023,1.4218824400805365,1.1939154669399505,-0.5528100463694554,-0.09972105409848263,0.17473918771289926,1.3906015010520623,1.4261368036056759,0.5590005565504885,-0.13448561582809335,-0.08153401093746263,1.389662895292968
1731068268.46,-0.201274063410965,-0.1191842507533971,-0.10539889631426844,-0.10508609431717574,1.6650446593863968,-0.4222467253601425,-0.6456498447312572,-0.18097790867321242,-0.19061046270568974,1.4060796992156814,-0.37451332194942155,-0.49682210469548616,-0.09972105409848263,-0.2799306144324139,1.3902532837351032,-0.18210587065310885,-0.1660820634481552,-0.13448561582809335,-0.21757644091462788,1.38931565060543
1731068268.96,-0.482115029746528,-0.0447610998007602,-0.10539889631426844,0.6262936960435086,1.6643673224634508,0.6428705055521089,-0.15281728069768458,-0.18097790867321242,-0.18725155121628517,1.414470422444502,-0.37451332194942155,-0.414993574556608,-0.09972105409848263,0.1554939050824099,1.3899050668175048,-0.4501463163628999,0.21927653179587908,-0.13448561582809335,-0.09373512573362094,1.3889684060766403
1731068269.46,-0.482115029746528,0.37448931723242745,-0.10539889631426844,-0.2753136712549256,1.663690056823658,-0.4222467253601425,-0.17153244135718737,1.7125343850160237,-0.37535059462293735,1.4135889702753628,-0.37451332194942155,-0.46882813385850153,-0.09972105409848263,-0.22700608719856785,1.3895568502992606,-0.4501463163628999,0.0012446950130701642,-0.13448561582809335,-0.21635632943501204,1.388621161706609
1731068269.96,1.4837717346024528,0.18843143985083516,-0.10539889631426844,0.03605737399804407,1.66301286247406,-0.4222467253601425,0.5302860833741658,-0.18097790867321242,1.270516035185269,1.4095082137655734,-0.37451332194942155,-0.9511857852034671,-0.09972105409848263,-0.23903438884262376,1.3892086341804173,1.4261368036056759,0.0037799489291493412,-0.13448561582809335,-0.1608412571124917,1.388273917495343
1731068270.46,-0.482115029746528,1.2923748456482818,-0.10539889631426844,-0.3035423649179696,1.6623357394217129,0.6428705055521089,-0.1840092151301892,-0.18097790867321242,-0.1939693741950942,1.41588502177953,1.1939154669399505,-0.6109513704155004,-0.09972105409848263,0.14105994310954278,1.3888604184609483,-0.4501463163628999,1.7962044675971258,-0.13448561582809335,-0.14864014231633335,1.387926673442855
1731068270.96,-0.482115029746528,0.50100867385191,-0.10539889631426844,-0.20345881465808646,1.6616586876736537,-0.4222467253601425,0.8453246211424621,-0.18097790867321242,-0.3686327716441284,1.4086599037922247,-0.37451332194942155,-0.71216034190306,-0.09972105409848263,-0.26790231278835797,1.3885122031408867,-0.18210587065310885,0.5209717478093009,-0.13448561582809335,-0.19195409984269537,1.3875794295491628
1731068271.46,-0.482115029746528,0.20331607004136254,-0.10539889631426844,-0.26761493661955,1.6609817072369206,0.6428705055521089,0.511570922714663,-0.18097790867321242,-0.13350896738581322,1.4053935472937644,-0.37451332194942155,-0.5463498992532282,-0.09972105409848263,-0.2486570301578685,1.3881639882202463,-0.4501463163628999,0.14575416822958323,-0.13448561582809335,-0.03577983045186896,1.3872321858142727
1731068271.96,1.4837717346024528,0.3620854587403213,-0.10539889631426844,-0.27018118149800857,1.6603047981185557,-0.599766263845522,0.7018417227529409,-0.18097790867321242,-0.04617726866129607,1.4094469363222863,1.1939154669399505,-0.6992400476706055,-0.09972105409848263,-0.029741940236051024,1.38781577369902,1.4261368036056759,0.2066002622154832,-0.13448561582809335,-0.23221777867001783,1.3868849422381846
1731068272.46,-0.482115029746528,1.0492592192030012,-0.10539889631426844,-0.0837007203300212,1.6596279603255923,0.6428705055521089,0.7642255916179501,-0.18097790867321242,-0.35183821419710587,1.4100353196339015,-0.37451332194942155,-0.6432521059966363,-0.09972105409848263,0.2805882421805913,1.3874675595772616,-0.4501463163628999,0.5336480173896967,-0.13448561582809335,-0.06933289614130429,1.3865376988209188
1731068272.96,-0.201274063410965,0.555585651217177,-0.10539889631426844,-0.2547837122272573,1.6589511938650947,-0.4222467253601425,-0.24639308399519844,-0.18097790867321242,-0.09320202951295915,1.4076234264558782,-0.37451332194942155,-0.4365273982773654,-0.09972105409848263,1.0287486044408685,1.387119345854931,-0.4501463163628999,-0.33594407582546004,-0.13448561582809335,-0.2486892836448316,1.3861904555624787
1731068273.46,-0.201274063410965,0.5084509889471736,-0.10539889631426844,-0.04092997235571224,1.6582744987440914,0.6428705055521089,-0.3898759823847193,-0.18097790867321242,-0.01258815376725101,1.4045613899429055,-0.37451332194942155,-0.5140491636720921,-0.09972105409848263,-0.23181740785619023,1.386771132532068,-0.4501463163628999,-1.015392125334679,-0.13448561582809335,-0.029679273053789795,1.3858432124628877
1731068273.96,-0.482115029746528,1.2973363890451242,-0.10539889631426844,-0.277024501173898,1.6575978749696207,-0.4222467253601425,-0.6144579102987525,-0.18097790867321242,-0.31824909930306083,1.4106472027181713,-0.37451332194942155,-0.48174842809095597,-0.09972105409848263,-0.29917589706290326,1.3864229196086795,1.4261368036056759,-0.9697575548452537,-0.13448561582809335,-0.19652951789125475,1.3854959695221425
1731068274.46,1.4837717346024528,0.8532782550277244,-0.10539889631426844,0.4081628813745325,1.6569213225487374,0.6428705055521089,0.1684596439571126,-0.18097790867321242,0.7969095151792343,1.3965751636012,1.1939154669399505,-0.5140491636720921,-0.09972105409848263,-0.30639287804933685,1.3860747070847854,-0.4501463163628999,-0.6782033544961487,-0.13448561582809335,-0.0845842896365022,1.3851487267402602
1731068274.96,-0.482115029746528,0.0693543983266164,-0.10539889631426844,2.953022385845919,1.6562448414884623,-0.4222467253601425,0.3680880243251418,-0.18097790867321242,1.5560235117846517,1.3998319943861242,-0.15045206639380151,-0.522662693160395,-0.09972105409848263,-0.04417590220891812,1.3857264949603993,-0.18210587065310885,-0.8582063825377699,-0.13448561582809335,-0.18798873753394393,1.3848014841172405
1731068275.46,-0.482115029746528,-0.26803055265867065,-0.10539889631426844,-0.26162703190314673,1.655568431795872,0.6428705055521089,-0.31813453318995905,-0.18097790867321242,-0.3988629750487689,1.4072580624926774,-0.37451332194942155,-0.10921327772185313,-0.09972105409848263,-0.14761929634779894,1.385378283235521,-0.4501463163628999,-0.640174545754961,-0.13448561582809335,-0.16694181451057086,1.3844542416531103
1731068275.96,1.4837717346024528,-0.6500693942155398,-0.10539889631426844,-0.28001845353209964,1.6548920934779827,-0.4222467253601425,1.4005410540410435,-0.18097790867321242,-0.24099413504675726,1.3978354488860598,1.1939154669399505,-0.3977665155800021,-0.09972105409848263,-0.25827967147311326,1.385030071910164,-0.4501463163628999,-0.4272132168043103,-0.13448561582809335,0.3058513838405639,1.384106999347873
1731068276.46,-0.482115029746528,-0.5285115809928996,-0.10539889631426844,-0.07942364553259029,1.6542158265418498,0.8203900440374883,0.4741406013956575,-0.18097790867321242,-0.42573426696400496,1.4092798914606757,-0.37451332194942155,-0.3503921033943358,-0.09972105409848263,-0.17648722029353311,1.384681860984335,1.4261368036056759,-0.5920047213494567,-0.13448561582809335,-0.1751775669979777,1.3837597572015354
1731068276.96,-0.201274063410965,-0.456569201738684,-0.10539889631426844,-0.2714643039372378,1.653539630994515,-0.4222467253601425,0.6020275325689267,-0.18097790867321242,-0.3955040635593644,1.4007691965502678,-0.37451332194942155,1.0040854086413038,-0.09972105409848263,-0.11875137240206474,1.3843336504580606,-0.4501463163628999,-0.3866491541470435,-0.13448561582809335,0.5254714501714136,1.3834125152141077
1731068277.46,-0.482115029746528,-0.4392037998497354,-0.10539889631426844,-0.10508609431717574,1.6528635068430162,0.6428705055521089,-1.0636217661268186,-0.18097790867321242,-0.19732828568449876,1.4062359372134343,-0.37451332194942155,0.039370105951372726,-0.09972105409848263,0.5043146527600312,1.383985440331361,-0.4501463163628999,-0.5843989596012191,-0.13448561582809335,1.7516834871853246,1.3830652733855997
1731068277.96,-0.482115029746528,-0.3027613564365679,-0.10539889631426844,-0.3001207050800249,1.6521874540944088,-0.4222467253601425,-1.3225148219166067,-0.18097790867321242,-0.2980956303666338,1.4041150242023546,1.1939154669399505,0.1901068719966743,-0.09972105409848263,-0.2847419350900362,1.3836372306042226,1.4261368036056759,-0.5641169282725857,-0.13448561582809335,0.10758326840299126,1.3827180317160284
1731068278.46,1.4837717346024528,-0.04972264319760266,-0.10539889631426844,-0.10508609431717574,1.6515114727557305,0.6428705055521089,-1.21022385795959,-0.18097790867321242,-0.36191494866531937,1.4089840410746561,-0.37451332194942155,-0.45375445725397134,-0.09972105409848263,-0.04898722286654049,1.3832890212766658,-0.18210587065310885,-0.5032708342866856,-0.13448561582809335,0.28754971164632653,1.3823707902054005
1731068278.96,-0.201274063410965,-0.565723156469218,-0.10539889631426844,-0.18207344067093195,1.6508355628340234,-0.4222467253601425,-0.6612458119475095,-0.18097790867321242,-0.31824909930306083,1.4045683242269484,-0.37451332194942155,-1.196671375620101,-0.09972105409848263,0.18676748935695522,1.3829408123487104,-0.4501463163628999,-0.7035558936569403,-0.13448561582809335,0.15638772758762456,1.3820235488537227
1731068279.46,-0.482115029746528,1.4064903437756584,-0.10539889631426844,-0.2646209842613484,1.6501597243363384,0.6428705055521089,-0.8546358054290377,-0.18097790867321242,1.7575582011489217,1.4097568323690592,-0.37451332194942155,0.5131142278080354,-0.09972105409848263,-0.2751192937747915,1.3825926038203764,-0.4501463163628999,1.9204319094850053,-0.13448561582809335,0.32110277733576187,1.381676307661012
1731068279.96,1.4837717346024528,-0.017472611118126667,-0.10539889631426844,-0.13502561789919207,1.6494839572697046,-0.4222467253601425,-0.34932646762246367,-0.18097790867321242,-0.2813010729196113,1.4022628092455511,1.1939154669399505,-1.0717751980397083,-0.09972105409848263,-0.1307796740461207,1.3822443956916506,-0.4501463163628999,0.05955553508289123,-0.13448561582809335,0.2448458098597724,1.3813290666272648
1731068280.46,-0.482115029746528,-0.43672302815131414,-0.10539889631426844,-0.2949882153231078,1.6488082616411943,0.6428705055521089,-0.20584356923294245,-0.18097790867321242,-0.34176147972889237,1.4040747063245882,-0.15045206639380151,-1.1557571105506623,-0.09972105409848263,-0.09228910878514178,1.3818961879625529,-0.18210587065310885,-0.5641169282725857,4.327393291580252,0.6932367786185903,1.3809818257525082
1731068280.96,-0.482115029746528,-0.315165214928674,-0.10539889631426844,0.16009254312354015,1.6481326374578327,-0.4222467253601425,-0.9450924152833011,-0.18097790867321242,-0.13350896738581322,1.407012859096098,-0.15045206639380151,-0.9468790204593156,-0.09972105409848263,-0.2847419350900362,1.3815479806331104,-0.4501463163628999,-0.09509495379793856,-0.13448561582809335,0.08623131750971426,1.3806345850367454
1731068281.46,-0.201274063410965,0.18595066815241393,-0.10539889631426844,-0.31765671174949156,1.6474570847266745,0.6428705055521089,-0.991880316932058,-0.18097790867321242,0.08482027942547958,1.4123675091280037,-0.37451332194942155,-1.1406834339461318,-0.09972105409848263,-0.14521363601898768,1.3811997737033226,-0.18210587065310885,0.09251383599192053,-0.13448561582809335,-0.20781554907770122,1.38028734447999
1731068281.96,1.4837717346024528,-0.3995114526749957,-0.10539889631426844,-0.01954459836855771,1.6467816034547533,-0.4222467253601425,-0.6924377463800141,-0.18097790867321242,-0.3148901878136563,1.4114659933536982,1.1939154669399505,-0.6798596063219239,-0.09972105409848263,-0.14280797569017656,1.3808515671731965,1.4261368036056759,-0.47031253337765627,-0.13448561582809335,0.5437731223656511,1.3799401040822417
1731068282.46,-0.201274063410965,0.15618140777135917,-0.10539889631426844,-0.3069640247559143,1.6461061936491201,0.6428705055521089,-0.9856419300455571,-0.18097790867321242,-0.08312529504474556,1.4096366002884764,-0.37451332194942155,-1.0050203445053605,-0.09972105409848263,-0.14761929634779894,1.3805033610427788,-0.4501463163628999,-0.13058850862304702,-0.13448561582809335,-0.2203216917437635,1.3795928638435178
1731068282.96,-0.482115029746528,0.16114295116820163,-0.10539889631426844,-0.036652897558281335,1.6454308553168258,-0.4222467253601425,-0.5583124283202442,-0.18097790867321242,-0.22755848908913923,1.4022939694785246,-0.37451332194942155,-1.1299165220857534,-0.09972105409848263,0.3479467313873043,1.3801551553120293,-0.18210587065310885,-0.17115257128031358,-0.13448561582809335,-0.03883010915090854,1.3792456237638313
1731068283.46,-0.482115029746528,-0.06708804508655127,-0.10539889631426844,-0.2162900390503792,1.6447555884649165,0.6428705055521089,-0.4366638840334762,-0.18097790867321242,-0.40222188653817337,1.4052477704593642,-0.37451332194942155,-0.7746084306932565,-0.09972105409848263,-0.19573250292402253,1.379806949980995,-0.4501463163628999,0.024061980257782757,-0.13448561582809335,1.4466556172813667,1.3788983838431927
1731068283.96,1.4837717346024528,0.22316224362873238,-0.10539889631426844,-0.2509343449095695,1.6440803931004346,-0.4222467253601425,-0.455379044692979,-0.18097790867321242,1.0421100539057628,1.4015642747747794,1.1939154669399505,-1.0610082861793297,-0.09972105409848263,-0.3136098590357704,1.3794587450496825,-0.4501463163628999,-0.008896320651246544,-0.13448561582809335,-0.2056803539883735,1.3785511440816083
1731068284.46,-0.201274063410965,0.009815877564506865,-0.10539889631426844,-0.26675952166006384,1.6434052692304308,0.6428705055521089,0.19965157838961722,-0.18097790867321242,-0.40222188653817337,1.4013156700218576,-0.37451332194942155,-0.9404188733430884,-0.09972105409848263,-0.1235626930596871,1.3791105405180917,1.4261368036056759,-0.2827037435877974,-0.13448561582809335,-0.023578715655710628,1.3782039044790853
1731068284.96,-0.482115029746528,0.07679671342188009,-0.10539889631426844,-0.29456050784336474,1.6427302168619344,-0.4222467253601425,0.20277077183286768,-0.18097790867321242,-0.35183821419710587,1.3950413508297914,-0.37451332194942155,-0.9253451967385582,-0.09972105409848263,-0.2823362747612251,1.3787623363862562,-2.0583889906216846,-0.1584763016999177,4.471324869238586,-0.24167364263704055,1.3778566650356368
1731068285.46,-0.482115029746528,0.5704702814077044,-0.10539889631426844,-0.1478568422914848,1.6420552360020175,-0.4222467253601425,-0.5177629135579882,-0.18097790867321242,-0.19732828568449876,1.403518776304123,-0.37451332194942155,-1.0717751980397083,-0.09972105409848263,-0.28955325574765856,1.3784141326541626,-0.4501463163628999,-0.12805325470696785,-0.13448561582809335,0.022175464829883102,1.377509425751273
1731068285.96,-0.201274063410965,0.23060455872399607,-0.10539889631426844,-0.3347650109392152,1.6413803266577185,0.6428705055521089,-0.7267488742557692,-0.18097790867321242,0.15199850921356955,1.4032230328476203,1.1939154669399505,-0.918885049622331,-0.09972105409848263,-0.027336279907239896,1.378065929321844,-0.4501463163628999,0.16603619955821666,-0.13448561582809335,-0.2181864966544358,1.3771621866260175
1731068286.46,-0.482115029746528,0.3199123398671604,4.593978028828273,-0.0879777951274521,1.6407054888360746,0.6428705055521089,-0.07171825117317258,-0.18097790867321242,-0.2577886924937798,1.39340088835242,-0.37451332194942155,-0.7659949012049535,-0.09972105409848263,-0.2823362747612251,1.3777177263892941,1.4261368036056759,-0.5007355803706064,-0.13448561582809335,-0.08153401093746263,1.3768149476598568
1731068286.96,-0.482115029746528,0.6027203134871804,-0.10539889631426844,-0.3091025621546298,1.6400307225441457,-0.4222467253601425,0.05616868000009599,-0.18097790867321242,-0.38206841760174637,1.3948697658177636,-0.37451332194942155,-0.8865843140411949,-0.09972105409848263,-0.29917589706290326,1.3773695238565462,-0.4501463163628999,-0.2649569661752431,-0.13448561582809335,-0.20537532611846954,1.3764677088528212
1731068287.46,-0.201274063410965,0.31247002477189667,-0.10539889631426844,0.006117850416027726,1.6393560277889607,0.6428705055521089,0.09983738820560245,-0.18097790867321242,-0.15702134781164467,1.3910534169828974,-0.37451332194942155,-0.8133693133906198,-0.09972105409848263,-0.214977785554512,1.3770213217236003,-0.18210587065310885,-0.04692512939243419,-0.13448561582809335,-0.1547406997144125,1.376120470204897
1731068287.96,-0.482115029746528,-0.05964572999128758,-0.10539889631426844,-0.3266385688240965,1.6386814045775924,-0.4222467253601425,0.20588996527611814,-0.18097790867321242,-0.2611476039831843,1.4099078836153387,1.1939154669399505,-0.7832219601815594,-0.09972105409848263,1.3511070885015668,1.376673119990463,-0.4501463163628999,-0.3841139002309643,-0.13448561582809335,-0.1818881801358648,1.3757732317161218
1731068288.46,1.4837717346024528,-0.1191842507533971,-0.10539889631426844,-0.19233842018476613,1.6380068529170737,0.6428705055521089,0.9763307457589815,-0.18097790867321242,-0.042818357171891634,1.3895392315367983,-0.37451332194942155,-0.5614235758577584,-0.09972105409848263,-0.07785514681227468,1.3763249186571611,1.4261368036056759,-0.3612966149862518,-0.13448561582809335,-0.07848373223842303,1.375425993386495
1731068288.96,-0.482115029746528,0.3720085455340062,-0.10539889631426844,-0.05803827154543586,1.6373323728144518,-0.4222467253601425,1.1291712244782537,-0.18097790867321242,-0.05289509164010508,1.4024467552721005,-0.37451332194942155,-0.6066446056713489,-0.09972105409848263,-0.2486570301578685,1.3759767177236881,-0.4501463163628999,0.05955553508289123,-0.13448561582809335,-0.1925641555825033,1.3750787552160235
1731068289.46,-0.482115029746528,0.03462359454871917,-0.10539889631426844,-0.28771718816747527,1.6366579642767853,0.6428705055521089,0.9108276834507221,-0.18097790867321242,-0.2645065154725888,1.396816788783367,-0.37451332194942155,-0.6583257826011665,-0.09972105409848263,-0.2871475954188474,1.3756285171900704,-0.18210587065310885,-0.03171360589595913,-0.13448561582809335,-0.24685911642540784,1.374731517204721
1731068289.96,1.4837717346024528,-0.19608817340445497,-0.10539889631426844,-0.1692422162786393,1.6359836273111086,-0.4222467253601425,-0.577027588979747,-0.18097790867321242,-0.40222188653817337,1.3925243111423045,1.1939154669399505,-0.4193003393007595,-0.09972105409848263,-0.16445891864947715,1.3752803170563215,-0.4501463163628999,-0.06467190680498844,-0.13448561582809335,0.14418661279146625,1.3743842793525873
1731068290.46,-2.167160827759946,-0.5086654074055298,4.74557083286513,-0.18635051546836284,1.6353093619244805,0.6428705055521089,-0.577027588979747,-0.18097790867321242,-0.24099413504675726,1.391822253556273,-0.37451332194942155,-0.3934597508358506,-0.09972105409848263,-0.3400721226526934,1.3749321173224482,1.4261368036056759,-0.05960139897283008,-0.13448561582809335,-0.18005801291644105,1.3740370416596526
1731068290.96,-0.201274063410965,0.21075838513662623,-0.10539889631426844,0.37822335779251626,1.634635168123948,-1.4873639562724066,-0.3898759823847193,1.7125343850160237,-0.4492466473898365,1.4011056605591505,-0.37451332194942155,-0.5506566639973797,-0.09972105409848263,-0.1524306170054213,1.3745839179884505,-0.4501463163628999,0.15335992997782077,-0.13448561582809335,-0.1547406997144125,1.3736898041259102
1731068291.46,-0.482115029746528,0.07431594172345886,-0.10539889631426844,-0.23083209336164426,1.633961045916557,0.6428705055521089,0.059287873443346455,-0.18097790867321242,-0.38542732909115085,1.3927049496530728,-0.15045206639380151,-0.910271520134028,-0.09972105409848263,-0.1596475979918548,1.3742357190543684,-0.4501463163628999,-0.05960139897283008,-0.13448561582809335,-0.2499093951244474,1.3733425667513839
1731068291.96,1.4837717346024528,-0.12910733754708204,-0.10539889631426844,-0.3253554463848672,1.633286995309363,-1.664883494757786,-0.03740712329741751,1.7125343850160237,-0.21412284313152122,1.393234532471268,1.1939154669399505,-0.901657990645725,-0.09972105409848263,-0.24144004917143494,1.3738875205201884,-0.18210587065310885,0.018991472425624403,-0.13448561582809335,-0.06018206004418555,1.3729953295360735
1731068292.46,-0.482115029746528,0.13385446248556837,-0.10539889631426844,0.2755735626541745,1.6326130163093993,0.8203900440374883,0.3431344767791381,-0.18097790867321242,-0.29137780738782476,1.3931660494710205,-0.37451332194942155,-0.5032822518117134,-0.09972105409848263,1.206767468772896,1.373539322385944,1.4261368036056759,0.4651961616555592,-0.13448561582809335,0.2570469246559307,1.3726480924799889
1731068292.96,-0.482115029746528,0.16362372286662286,-0.10539889631426844,-0.09653194472231393,1.6319391089237343,-0.4222467253601425,0.7143184965259427,-0.18097790867321242,0.03443660708441192,1.3977884638458642,-0.15045206639380151,-0.7724550483211807,-0.09972105409848263,-0.11153439141563123,1.3731911246516222,-0.4501463163628999,0.4575903999073217,-0.13448561582809335,-0.22093174748357142,1.372300855583144
1731068293.46,-0.482115029746528,0.2554122757082084,-0.10539889631426844,0.2884047870464673,1.63126527315941,0.6428705055521089,0.4523062472929046,-0.18097790867321242,2.5401845781801713,1.399569909865019,-0.37451332194942155,-0.5485032816253039,-0.09972105409848263,-0.2823362747612251,1.3728429273172493,-0.4501463163628999,0.07223180466328712,-0.13448561582809335,-0.0845842896365022,1.371953618845552
1731068293.96,1.4837717346024528,0.4464316964866431,-0.10539889631426844,0.07455104717492213,1.630591509023477,-0.4222467253601425,0.18717480461661537,-0.18097790867321242,-0.37870950611234183,1.3945478346600013,1.1939154669399505,-0.19965533734903423,-0.09972105409848263,-0.0946947691139529,1.3724947303828454,-0.18210587065310885,0.30040465711041275,-0.13448561582809335,-0.21605130156510807,1.3716063822672229
1731068294.46,-0.201274063410965,0.49108558705822497,-0.10539889631426844,-0.13502561789919207,1.6299178165229822,0.6428705055521089,-0.617577103742003,-0.18097790867321242,-0.07304856057653211,1.390833108971478,-0.37451332194942155,-0.654019017857015,-0.09972105409848263,-0.25827967147311326,1.372146533848404,-0.4501463163628999,-0.5742579439369024,-0.13448561582809335,0.0038737926356456087,1.3712591458481567
1731068294.96,-0.482115029746528,0.6027203134871804,-0.10539889631426844,0.6262936960435086,1.6292441956649715,-0.4222467253601425,-0.739225648028771,-0.18097790867321242,-0.29137780738782476,1.3988469694149976,-0.15045206639380151,-0.39561313320792635,-0.09972105409848263,-0.29917589706290326,1.3717983377139653,1.4261368036056759,-0.9342640000201452,-0.13448561582809335,-0.22916749997097827,1.3709119095883706
1731068295.46,-0.482115029746528,1.0393361324093162,-0.10539889631426844,-0.1478568422914848,1.6285706464565093,0.6428705055521089,-0.4709750119092313,-0.18097790867321242,-0.18389263972688075,1.3923192077256787,-0.37451332194942155,-0.4580612219981228,-0.09972105409848263,-0.14040231536136533,1.3714501419795022,-0.4501463163628999,-0.4246779628882311,-0.13448561582809335,-0.07848373223842303,1.3705646734878776
1731068295.96,-0.482115029746528,0.3794508606292699,-0.10539889631426844,-0.16496514148120842,1.6278971689046373,-0.4222467253601425,-0.06859905772992213,-0.18097790867321242,-0.23427631206794824,1.399278097024674,1.1939154669399505,-0.3762326918592447,-0.09972105409848263,-0.2823362747612251,1.3711019466450616,1.4261368036056759,-0.11284173121049279,-0.13448561582809335,-0.1962244900213508,1.3702174375466916
1731068296.46,-0.482115029746528,-0.38462682248446844,-0.10539889631426844,0.07882812197235303,1.6272237630164066,0.6428705055521089,-0.2619890512114507,-0.18097790867321242,-0.34512039121829685,1.3859583917260252,-0.37451332194942155,-0.42145372167283524,-0.09972105409848263,-0.2486570301578685,1.370753751710637,-0.4501463163628999,-0.6046809909298525,-0.13448561582809335,-0.0845842896365022,1.3698702017648121
1731068296.96,1.4837717346024528,-0.6227809055329063,-0.10539889631426844,2.8460955159101466,1.6265504287988723,-0.4222467253601425,0.6706497883204362,-0.18097790867321242,-0.1099965869599816,1.3958712073021255,-0.37451332194942155,-0.47098151623057727,-0.09972105409848263,-0.03214760056486226,1.3704055571762417,-0.18210587065310885,-0.7796135111393155,-0.13448561582809335,-0.223982026182611,1.369522966142253
1731068297.46,-0.482115029746528,-0.4540884300402628,-0.10539889631426844,-0.06659242114029758,1.6258771662590719,0.6428705055521089,0.5365244702606667,-0.18097790867321242,-0.2678654269619933,1.3961121944755623,-0.37451332194942155,-0.31809136781319997,-0.09972105409848263,-0.2751192937747915,1.370057363041909,-0.4501463163628999,-0.5438348969439523,-0.13448561582809335,-0.07543345353938345,1.369175730679024
1731068297.96,1.4837717346024528,0.04950822473924655,-0.10539889631426844,-0.1606880666837775,1.625203975404074,-0.4222467253601425,0.16534045051386215,-0.18097790867321242,1.4250259636978764,1.3832383764907623,1.1939154669399505,-0.4193003393007595,-0.09972105409848263,-0.29195891607646973,1.3697091693076122,-0.4501463163628999,-0.42974847072038946,-0.13448561582809335,-0.21788146878453182,1.3688284953751422
1731068298.46,-0.482115029746528,-0.3399729319128863,-0.10539889631426844,0.08310519676978394,1.6245308562409246,-0.4222467253601425,-0.9762843497158058,-0.18097790867321242,-0.2745832499408023,1.3901540961073093,-0.37451332194942155,-0.17381474888412535,-0.09972105409848263,-0.04898722286654049,1.3693609759733982,1.4261368036056759,-0.7162321632373362,-0.13448561582809335,-0.03577983045186896,1.368481260230611
1731068298.96,-0.482115029746528,-0.5930116451518516,-0.10539889631426844,0.20714036589528,1.6238578087766704,0.6428705055521089,-1.1228864415485775,-0.18097790867321242,0.45094163177057034,1.395010659641527,-0.37451332194942155,0.004915987998160876,-0.09972105409848263,-0.3136098590357704,1.3690127830392536,-0.4501463163628999,-0.5514406586921898,-0.13448561582809335,-0.20812057694760516,1.3681340252454437
1731068299.46,-0.482115029746528,-0.6649540244060672,-0.10539889631426844,-0.0837007203300212,1.6231848330183667,-0.4222467253601425,-0.5614316217634947,1.7125343850160237,-0.2813010729196113,1.3850869073940748,-0.37451332194942155,-0.7552279893445748,-0.09972105409848263,-0.2871475954188474,1.368664590505205,-0.4501463163628999,-0.5463701508600315,-0.13448561582809335,-0.1394893062192146,1.3677867904196503
1731068299.96,1.4837717346024528,-0.014991839419705435,-0.10539889631426844,0.1344300943389548,1.6225119289730554,-0.4222467253601425,-1.3474683694626104,-0.18097790867321242,-0.2813010729196113,1.398521051075528,-0.37451332194942155,-1.033014315342345,-0.09972105409848263,-0.15002495667661006,1.3683163983712792,-0.4501463163628999,0.0012446950130701642,-0.13448561582809335,-0.18219320800576877,1.367439555753231
1731068300.46,-0.482115029746528,0.22316224362873238,-0.10539889631426844,-0.1692422162786393,1.621839096647809,0.6428705055521089,-0.5614316217634947,-0.18097790867321242,0.15199850921356955,1.3923997813631392,1.1939154669399505,-1.09115563938839,-0.09972105409848263,-0.21016646489688964,1.3679682066374563,1.4261368036056759,-0.20411087218934287,-0.13448561582809335,-0.16389153581153126,1.3670923212462127
1731068300.96,-0.482115029746528,-0.3622998771986774,-0.10539889631426844,-0.006713373976264991,1.6211663360496653,-0.4222467253601425,-0.4709750119092313,-0.18097790867321242,0.4375059858129523,1.392154545968151,-0.37451332194942155,-1.3387946121771,-0.09972105409848263,-0.14761929634779894,1.3676200153037696,-0.4501463163628999,-0.3435498375736976,-0.13448561582809335,-0.18097309652615293,1.3667450868985989
1731068301.46,-0.482115029746528,-0.4788961470244751,-0.10539889631426844,2.2387508946749586,1.6204936471856797,0.6428705055521089,-0.6238154906285039,-0.18097790867321242,0.3065084377261767,1.3827508895654546,-0.37451332194942155,-1.2375856406895402,-0.09972105409848263,-0.1812985409511555,1.3672718243702122,-0.4501463163628999,-0.5489054047761106,-0.13448561582809335,-0.23221777867001783,1.3663978527103993
1731068301.96,1.4837717346024528,-0.3771845073892048,-0.10539889631426844,-0.1521339170889157,1.6198210300629068,-0.4222467253601425,-0.6924377463800141,-0.18097790867321242,0.5584267994315145,1.3830071521681722,1.1939154669399505,-0.8133693133906198,-0.09972105409848263,2.597239138825758,1.3669236338368247,-0.4501463163628999,-0.4601715177133396,-0.13448561582809335,-0.07238317484034387,1.3660506186816208
1731068302.46,-0.201274063410965,0.19587375494609885,-0.10539889631426844,-0.2539282972677711,1.6191484846883848,0.6428705055521089,-0.7735367759045257,-0.18097790867321242,1.9322215985979563,1.3866225462110378,-0.37451332194942155,-0.9490324028313913,-0.09972105409848263,-0.16445891864947715,1.3665754437036068,1.4261368036056759,-0.17115257128031358,-0.13448561582809335,-0.26973620666820464,1.3657033848122735
1731068302.96,-0.482115029746528,-0.1266265658486608,-0.10539889631426844,-0.1606880666837775,1.618476011069195,-0.4222467253601425,-0.8390398382127855,-0.18097790867321242,1.095852637736235,1.3873794469459906,-0.15045206639380151,-1.1449901986902833,-0.09972105409848263,-0.32323250035101514,1.366227253970565,-0.4501463163628999,-0.5286233734474773,-0.13448561582809335,-0.029679273053789795,1.3653561511023777
1731068303.46,-0.482115029746528,-0.23578052057919466,-0.10539889631426844,-0.2937050928838785,1.617803609212366,0.6428705055521089,-0.8172054841100322,-0.18097790867321242,0.8036273381580431,1.3958955904132848,-0.37451332194942155,-0.761688136460802,-0.09972105409848263,-0.1163457120732536,1.365879064637693,-0.4501463163628999,-0.38918440806312266,-0.13448561582809335,-0.21361107860587641,1.3650089175519333
1731068303.96,1.4837717346024528,0.22316224362873238,-0.10539889631426844,0.07455104717492213,1.6171312791249663,-0.4222467253601425,-1.0074762841483105,-0.18097790867321242,0.9346248862448185,1.3916232319233137,1.1939154669399505,-0.7939888720419381,-0.09972105409848263,-0.2751192937747915,1.3655308757050375,-0.4501463163628999,-0.46524202554549793,-0.13448561582809335,-0.12484796846382469,1.3646616841609573
1731068304.46,-0.482115029746528,0.21820070023188992,-0.10539889631426844,-0.22056711384781008,1.6164590208140424,0.6428705055521089,-0.6394114578447563,-0.18097790867321242,0.2662014998533226,1.3975774440637183,-0.37451332194942155,-1.108382698364996,-0.09972105409848263,-0.2943645764052809,1.3651826871725983,1.4261368036056759,0.42970260683045075,-0.13448561582809335,-0.03577983045186896,1.364314450929456
1731068304.96,-0.482115029746528,-0.007549524324441745,-0.10539889631426844,-0.06659242114029758,1.6157868342866362,-0.4222467253601425,0.0187383586810908,-0.18097790867321242,0.749884754327571,1.3785691801846796,-0.15045206639380151,-1.134223286829905,-0.09972105409848263,-0.10431741042919764,1.3648344990403956,-0.4501463163628999,0.4144910833339757,-0.13448561582809335,-0.23770828032828908,1.3639672178574334
1731068305.46,-2.167160827759946,-0.024914926213390358,4.74557083286513,0.03178029920061316,1.6151147195498246,-0.4222467253601425,0.32753850956288616,1.7125343850160237,0.175510889639401,1.3769981180743656,-0.37451332194942155,-0.9641060794359214,-0.09972105409848263,-0.2799306144324139,1.3644863113084225,-0.4501463163628999,-0.22692815743405548,-0.13448561582809335,-0.08763456833554178,1.3636199849449158
1731068305.96,1.4837717346024528,-0.03483801300707528,-0.10539889631426844,-0.21201296425294827,1.6144426766106499,-0.4222467253601425,0.059287873443346455,-0.18097790867321242,0.000847492190367013,1.3850145588156835,1.1939154669399505,-0.662632547345318,-0.09972105409848263,-0.34488344331031573,1.3641381239766928,-0.4501463163628999,-0.2142518878536596,-0.13448561582809335,-0.15169042101537294,1.3632727521919032
1731068306.46,-0.201274063410965,0.8160666795514059,-0.10539889631426844,-0.18635051546836284,1.613770705476167,0.6428705055521089,-0.34308808073596275,-0.18097790867321242,-0.4492466473898365,1.3941464241260737,-0.37451332194942155,-0.7810685778094837,-0.09972105409848263,0.9541731342477218,1.3637899370452395,1.4261368036056759,0.6426639357811014,-0.13448561582809335,2.0536610783902427,1.3629255195984062
1731068306.96,-0.482115029746528,0.6622588342492899,-0.10539889631426844,-0.09653194472231393,1.613098806153431,-0.4222467253601425,0.015619165237840337,-0.18097790867321242,0.4710951007069972,1.3804120283574162,-0.37451332194942155,-0.7659949012049535,-0.09972105409848263,-0.21978910621213435,1.3634417505140428,-0.4501463163628999,-0.11791223904265115,-0.13448561582809335,-0.13338874882113544,1.3625782871644347
1731068307.46,-0.201274063410965,0.22812378702557484,-0.10539889631426844,1.173759270114664,1.6124269786494845,-0.4222467253601425,-0.7610600021315239,1.7125343850160237,-0.18053372823747615,1.3767860771125358,-0.37451332194942155,-0.9597993146917699,-0.09972105409848263,-0.2486570301578685,1.3630935643831628,-0.4501463163628999,-0.394254915895281,-0.13448561582809335,-0.1425395849182542,1.3622310548899987
1731068307.96,1.4837717346024528,0.7044319531224508,-0.10539889631426844,-0.0837007203300212,1.611755222971408,-0.599766263845522,-0.5271204938877396,-0.18097790867321242,-0.3216080107924653,1.3837043827691322,1.1939154669399505,-0.589417546694743,-0.09972105409848263,-0.10431741042919764,1.3627453786525594,-0.4501463163628999,-0.2877742514199557,-0.13448561582809335,-0.1739574555183619,1.3618838227751118
1731068308.46,-0.201274063410965,0.5605471946140195,-0.10539889631426844,-0.2607716169436606,1.611083539126231,0.8203900440374883,0.37432641121164273,-0.18097790867321242,-0.019305976746060022,1.388045350417798,-0.37451332194942155,-0.7767618130653322,-0.09972105409848263,-0.26068533180192444,1.3623971933222794,1.4261368036056759,-0.30298577491643075,-0.13448561582809335,-0.23130269506030596,1.361536590819787
1731068308.96,-0.482115029746528,-0.007549524324441745,-0.10539889631426844,-0.20345881465808646,1.6104119271210218,-1.664883494757786,0.689364948979939,1.7125343850160237,-0.1704569937692627,1.3916372913198956,-0.37451332194942155,-0.7229272537634387,-0.09972105409848263,-0.21016646489688964,1.3620490083923293,-0.4501463163628999,-0.5311586273635566,-0.13448561582809335,-0.20781554907770122,1.3611893590240316
1731068309.46,-0.482115029746528,-0.14399196773760942,-0.10539889631426844,-0.30225924247874036,1.609740386962835,0.6428705055521089,0.3587304439953908,-0.18097790867321242,-0.3551971256865104,1.3776581215565198,-0.15045206639380151,-0.3891529860916991,-0.09972105409848263,-0.2823362747612251,1.3617008238626893,-0.4501463163628999,-0.3055210288325099,-0.13448561582809335,-0.06933289614130429,1.3608421273878453
1731068309.96,-0.482115029746528,-0.014991839419705435,-0.10539889631426844,-0.19062759026579376,1.609068918658713,-0.4222467253601425,0.39927995875764644,-0.18097790867321242,-0.22084066611033024,1.3692295454366783,1.1939154669399505,-0.33962519153395737,-0.09972105409848263,-0.15483627733423241,1.3613526397334261,-0.4501463163628999,-0.30298577491643075,-0.13448561582809335,-0.2108658277767408,1.3604948959112517
1731068310.46,1.4837717346024528,-0.10926116395971218,-0.10539889631426844,-0.28130157597132893,1.6083975222157327,0.6428705055521089,1.930803939393622,-0.18097790867321242,-0.34512039121829685,1.37849555228462,-0.37451332194942155,-0.3869996037196234,-0.09972105409848263,-0.17408155996472188,1.3610044560045063,1.4261368036056759,-0.4196074550560728,-0.13448561582809335,-0.0113776008595523,1.3601476645942543
1731068310.96,-0.201274063410965,-0.06708804508655127,-0.10539889631426844,-0.3018315349989973,1.6077261976409407,-1.664883494757786,0.583312371909424,1.7125343850160237,-0.34512039121829685,1.3823729007460583,-0.37451332194942155,-0.3137846030690485,-0.09972105409848263,-0.15002495667661006,1.3606562726759635,-0.4501463163628999,-0.2903095053360349,-0.13448561582809335,-0.20964571629712497,1.3598004334368765
1731068311.46,-0.482115029746528,-0.07701113188023619,-0.10539889631426844,-0.01954459836855771,1.6070549449413873,0.6428705055521089,-0.3711608217252165,-0.18097790867321242,-0.22084066611033024,1.3901621526676409,-0.37451332194942155,-0.13720724855883776,-0.09972105409848263,-0.10431741042919764,1.360308089747804,-0.4501463163628999,-0.10777122337833443,-0.13448561582809335,0.06792964531547677,1.3594532024391082
1731068311.96,1.4837717346024528,-0.18864585830919128,-0.10539889631426844,-0.2924219704446493,1.6063837641241323,-0.4222467253601425,0.4990941489416612,-0.18097790867321242,2.1337562879622265,1.3798158800060436,1.1939154669399505,-0.15228092516336794,-0.09972105409848263,-0.28955325574765856,1.3599599072200415,-2.0583889906216846,0.03420299592209946,4.471324869238586,-0.1812781243960569,1.3591059716009763
1731068312.46,-0.482115029746528,0.6349703455666563,-0.10539889631426844,-0.0837007203300212,1.6057126551962222,0.6428705055521089,-0.3898759823847193,-0.18097790867321242,-0.28801889589842034,1.3777790901240436,-0.37451332194942155,-0.6087979880434247,-0.09972105409848263,-0.28955325574765856,1.3596117250926958,-0.4501463163628999,-0.07227766855322597,4.327393291580252,-0.1425395849182542,1.3587587409224742
1731068312.96,-0.482115029746528,0.1834698964539927,-0.10539889631426844,-0.35016248020996643,1.6050416181647338,-0.4222467253601425,0.0187383586810908,-0.18097790867321242,-0.2577886924937798,1.3726340678088922,-0.37451332194942155,-0.9533391675755428,-0.09972105409848263,-0.23181740785619023,1.3592635433657672,-0.4501463163628999,-0.13058850862304702,-0.13448561582809335,-0.17670270634749752,1.3584115104036287
1731068313.46,-0.482115029746528,0.16362372286662286,-0.10539889631426844,-0.17351929107607014,1.6043706530367134,0.6428705055521089,1.4192562147005463,-0.18097790867321242,-0.1200733214281952,1.3844941029701714,-0.37451332194942155,-0.539889752137001,-0.09972105409848263,-0.22460042686975668,1.3589153620392689,-2.0583889906216846,0.057020281166812056,4.471324869238586,-0.216661357304916,1.3580642800444498
1731068313.96,1.4837717346024528,1.1063169682666898,-0.10539889631426844,-0.19918173986065557,1.6036997598192118,-0.4222467253601425,0.17469803084361354,-0.18097790867321242,0.081461367936075,1.3826882913522465,1.1939154669399505,-0.6195648999038031,-0.09972105409848263,-0.16205325832066603,1.3585671811132143,-0.4501463163628999,0.7161862993473974,-0.13448561582809335,0.08318103881067468,1.3577170498449345
1731068314.46,-0.482115029746528,0.39929703421663976,-0.10539889631426844,-0.036652897558281335,1.6030289385192928,0.6428705055521089,1.8247513623231064,-0.18097790867321242,-0.31824909930306083,1.3772936740116337,-0.37451332194942155,-0.4365273982773654,-0.09972105409848263,-0.2751192937747915,1.35821900058761,1.4261368036056759,0.39674430592142146,-0.13448561582809335,-0.2325228065399218,1.3573698198051027
1731068314.96,-0.482115029746528,0.3075084813750542,-0.10539889631426844,-0.21201296425294827,1.6023581891440075,-0.4222467253601425,1.0605489687267435,-0.18097790867321242,-0.12343223291759962,1.3762227036247001,-0.37451332194942155,-0.3460853386501846,-0.09972105409848263,-0.16686457897828838,1.3578708204624963,-2.0583889906216846,0.4170263372500549,4.471324869238586,-0.06323233874322513,1.3570225899249577
1731068315.46,-0.482115029746528,0.7540473870908754,-0.10539889631426844,-0.2727474263764671,1.601687511700424,-0.4222467253601425,-0.4803325922389827,-0.18097790867321242,-0.3887862405805554,1.3834418595494162,-0.37451332194942155,0.7521396711084424,-0.09972105409848263,-0.041770241880106994,1.357522640737853,-0.4501463163628999,0.06462604291504959,-0.13448561582809335,-0.1983596851106785,1.3566753602045198
1731068315.96,1.4837717346024528,0.5655087380108619,-0.10539889631426844,-0.0837007203300212,1.6010169061955881,0.6428705055521089,-0.1434597003679332,-0.18097790867321242,-0.29137780738782476,1.3755235585125656,1.1939154669399505,-0.5248160755324708,-0.09972105409848263,-0.26068533180192444,1.3571744614137,-0.4501463163628999,-0.7162321632373362,-0.13448561582809335,-0.0113776008595523,1.3563281306437927
1731068316.46,-0.482115029746528,0.6151241719792865,-0.10539889631426844,-0.30824714719514357,1.6003463726365599,0.8203900440374883,-0.617577103742003,-0.18097790867321242,3.279145105849162,1.3700207238466722,-0.37451332194942155,-0.4882085752071832,-0.09972105409848263,-0.09710042944276415,1.3568262824900577,1.4261368036056759,-0.7111616554051778,-0.13448561582809335,-0.22276191470299517,1.3559809012427926
1731068316.96,-0.201274063410965,0.6945088663287659,-0.10539889631426844,0.43382533015911795,1.5996759110304073,-1.664883494757786,0.7922983326072046,1.7125343850160237,0.8372164530520882,1.3757753436051399,-0.37451332194942155,-0.4516010748818956,-0.09972105409848263,-0.0946947691139529,1.3564781039669325,-0.4501463163628999,-0.6528508153353569,-0.13448561582809335,-0.1425395849182542,1.3556336720015199
1731068317.46,-0.482115029746528,-0.07453036018181496,-0.10539889631426844,-0.053761196748004954,1.599005521384164,0.6428705055521089,0.028095939010841838,-0.18097790867321242,0.1251272172983335,1.3830596681359384,-0.37451332194942155,-0.3051710735807455,-0.09972105409848263,-0.308798538378148,1.3561299258443444,-0.4501463163628999,-0.8759531599503242,-0.13448561582809335,-0.22001666387385954,1.3552864429199845
1731068317.96,-0.482115029746528,-0.6674347961044884,-0.10539889631426844,3.1625990509200337,1.5983352037049152,-0.4222467253601425,-0.1684132479139369,-0.18097790867321242,1.277233858164078,1.3847874503791755,1.1939154669399505,-0.3030176912086698,-0.09972105409848263,0.13624862245192043,1.3557817481222871,-0.4501463163628999,-0.655386069251436,-0.13448561582809335,-0.09068484703458136,1.35493921399821
1731068318.46,1.4837717346024528,-0.6674347961044884,-0.10539889631426844,-0.224844188645241,1.597664957999703,0.8203900440374883,0.0187383586810908,-0.18097790867321242,-0.4055807980275779,1.386366529076273,-0.37451332194942155,-0.5506566639973797,-0.09972105409848263,-0.2847419350900362,1.3554335708007872,1.4261368036056759,-0.7339789406498904,-0.13448561582809335,-0.17639767847759355,1.3545919852361998
1731068318.96,-0.482115029746528,-0.34493447530972876,-0.10539889631426844,-0.3262108613443534,1.5969947842756003,-0.599766263845522,0.4554254407361547,-0.18097790867321242,-0.37870950611234183,1.37428184995848,-0.37451332194942155,-0.029538129955050972,-0.09972105409848263,-0.2823362747612251,1.355085393879858,-0.4501463163628999,-0.30805628274858915,-0.13448561582809335,0.08928159620875384,1.3542447566339642
1731068319.46,-0.482115029746528,-0.521069265897636,-0.10539889631426844,-0.06659242114029758,1.5963246825396487,0.6428705055521089,0.8765165555749667,-0.18097790867321242,-0.21412284313152122,1.3738465319638828,-0.37451332194942155,-0.1501275427912922,-0.09972105409848263,-0.1235626930596871,1.3547372173594994,-0.4501463163628999,-0.713696909321257,-0.13448561582809335,-0.1577909784134521,1.3538975281915095
1731068319.96,1.4837717346024528,-0.10429962056286972,-0.10539889631426844,-0.2765967936941549,1.5956546527989077,-0.4222467253601425,-0.8483974185425368,-0.18097790867321242,-0.3148901878136563,1.3753204963891623,1.1939154669399505,-0.3503921033943358,-0.09972105409848263,-0.308798538378148,1.3543890412397448,-0.4501463163628999,-0.3562261071540935,-0.13448561582809335,-0.2026300752893339,1.353550299908846
1731068320.46,-0.482115029746528,-0.4764153753260538,-0.10539889631426844,0.09165934636464575,1.5949846950604458,-0.4222467253601425,-1.3069188547003543,1.7125343850160237,-0.2611476039831843,1.369874898086716,-0.37451332194942155,-0.10921327772185313,-0.09972105409848263,1.27653161830842,1.354040865520581,1.4261368036056759,-0.15087053995168015,-0.13448561582809335,-0.21605130156510807,1.3532030717859873
1731068320.96,-0.482115029746528,-0.5706846998660604,-0.10539889631426844,-0.25050663742982643,1.5943148093313222,-0.4222467253601425,-1.1353632153215794,-0.18097790867321242,0.8103451611368523,1.373120775877914,-0.37451332194942155,-0.7358475479958931,-0.09972105409848263,-0.20776080456807844,1.3536926902020414,-0.4501463163628999,0.2395585631245125,-0.13448561582809335,-0.08153401093746263,1.3528558438229534
1731068321.46,-0.482115029746528,-0.3747037356907835,-0.10539889631426844,-0.19062759026579376,1.5936449956185879,0.6428705055521089,-1.5408583629441388,-0.18097790867321242,-0.13015005589640863,1.3761982831104562,-0.37451332194942155,-0.8284429899951499,-0.09972105409848263,-0.255874011144302,1.353344515284126,-0.4501463163628999,-0.5210176116992399,-0.13448561582809335,-0.18463343096500043,1.352508616019741
1731068321.96,-0.482115029746528,-0.4739346036276326,-0.10539889631426844,-0.19490466506322465,1.5929752539293107,-0.4222467253601425,-1.0948137005593233,-0.18097790867321242,-0.15702134781164467,1.368738701105214,-0.37451332194942155,-0.918885049622331,3.4582846297276566,-0.214977785554512,1.3529963407668413,-0.4501463163628999,-0.6604565770835944,-0.13448561582809335,0.03437657962604136,1.3521613883763601
1731068322.46,-0.482115029746528,-0.4540884300402628,4.593978028828273,-0.28130157597132893,1.592305584270533,0.6428705055521089,-0.23703550366544704,-0.18097790867321242,-0.4156575324957914,1.3668954066206198,-0.37451332194942155,-1.196671375620101,-0.09972105409848263,-0.29195891607646973,1.3526481666502275,1.4261368036056759,-0.553975912608269,-0.13448561582809335,-0.05713178134514597,1.3518141608928245
1731068322.96,-0.482115029746528,-0.48385769042131754,-0.10539889631426844,0.02322614960575135,1.5916359866493401,-0.4222467253601425,-0.9482116087265516,-0.18097790867321242,0.007565315169175875,1.3785371446628232,-0.37451332194942155,-1.0437812272027238,-0.09972105409848263,-0.21738344588332317,1.352299992934258,-0.4501463163628999,-0.5666521821886649,-0.13448561582809335,-0.22062671961366745,1.3514669335691472
1731068323.46,-0.482115029746528,-0.21345357529340359,-0.10539889631426844,-0.29113884800542,1.590966461072783,0.6428705055521089,-0.6362922644015058,-0.18097790867321242,-0.23763522355735284,1.3717103460089601,-1.7188808552831736,-0.589417546694743,3.573059006625274,-0.20294948391045609,1.3519518196189797,-0.4501463163628999,-0.4500305020490229,-0.13448561582809335,-0.00832732216051272,1.351119706405342
1731068323.96,-0.201274063410965,-0.2233766620870885,-0.10539889631426844,0.11304472035180028,1.590297007547908,-0.4222467253601425,-0.957569189056303,-0.18097790867321242,-0.38542732909115085,1.3775994671166636,1.1939154669399505,-1.0739285804117842,-0.09972105409848263,-0.2823362747612251,1.3516036467043788,-0.4501463163628999,-0.10777122337833443,-0.13448561582809335,-0.18798873753394393,1.3507724794014084
1731068324.46,1.4837717346024528,-0.3399729319128863,-0.10539889631426844,-0.31252422199257446,1.5896276260817874,0.6428705055521089,-0.6924377463800141,-0.18097790867321242,-0.08648420653415013,1.371413605790731,-0.37451332194942155,-1.033014315342345,-0.09972105409848263,-0.19332684259521135,1.3512554741904823,1.4261368036056759,-0.24213968093053054,-0.13448561582809335,0.0038737926356456087,1.350425252557364
1731068324.96,-0.482115029746528,-0.250665150769722,-0.10539889631426844,-0.0837007203300212,1.5889583166814722,-0.4222467253601425,-0.46161743157947993,-0.18097790867321242,-0.3551971256865104,1.3723027772574707,-0.37451332194942155,-0.8262896076230741,-0.09972105409848263,0.610163707227723,1.3509073020773035,-0.4501463163628999,-0.39932542372743934,-0.13448561582809335,1.1019741242898942,1.3500780258732081
1731068325.46,-2.167160827759946,-0.6351847640250124,4.74557083286513,-0.18207344067093195,1.588289079354035,0.6428705055521089,-0.4366638840334762,-0.18097790867321242,0.4207114283659299,1.3798863074699936,-0.37451332194942155,-1.1299165220857534,-0.09972105409848263,-0.2630909921307356,1.3505591303648425,-0.4501463163628999,-0.4170722011399936,-0.13448561582809335,-0.12423791272401677,1.349730799348968
1731068325.96,-0.482115029746528,-0.010030296022862976,-0.10539889631426844,0.08738227156721484,1.587619914106535,-0.4222467253601425,-0.3337305004062114,-0.18097790867321242,1.596330449657506,1.3581351597805524,1.1939154669399505,-1.0567015214351783,-0.09972105409848263,-0.041770241880106994,1.3502109590531195,-0.4501463163628999,-0.20664612610542205,-0.13448561582809335,0.0038737926356456087,1.349383572984647
1731068326.46,1.4837717346024528,-0.1415111960391882,-0.10539889631426844,-0.1606880666837775,1.5869508209460232,0.6428705055521089,-0.4117103364874726,-0.18097790867321242,0.9850085585858862,1.3575709438814052,-0.37451332194942155,-1.0394744624585723,-0.09972105409848263,-0.11394005174444237,1.349862788142134,1.4261368036056759,-0.23199866526621382,-0.13448561582809335,-0.09983568313170012,1.349036346780255
1731068326.96,-0.201274063410965,0.0693543983266164,-0.10539889631426844,-0.09653194472231393,1.586281799879572,-0.599766263845522,0.024976745567591375,-0.18097790867321242,-0.4089397095169824,1.3735256208146647,-0.37451332194942155,-0.8478234313438315,-0.09972105409848263,-0.3376664623238822,1.3495146176319197,-0.4501463163628999,-0.12298274687480949,-0.13448561582809335,-0.1998848244601983,1.348689120735799
1731068327.46,-0.482115029746528,0.16114295116820163,-0.10539889631426844,0.5835229480691996,1.5856128509142233,0.6428705055521089,0.30258496201688245,-0.18097790867321242,-0.27794216143020684,1.371898008845204,-0.15045206639380151,-0.42791386878906246,-0.09972105409848263,0.09294673653331914,1.3491664475224903,-0.4501463163628999,-0.1356590164552054,-0.13448561582809335,0.08623131750971426,1.348341894851289
1731068327.96,1.4837717346024528,0.8904898305040427,-0.10539889631426844,-0.3317710585810136,1.5849439740570628,-0.4222467253601425,-0.08419502494617444,-0.18097790867321242,-0.3988629750487689,1.369464848984465,1.1939154669399505,-0.9361121085989369,-0.09972105409848263,-0.2847419350900362,1.3488182778138318,-2.0583889906216846,-0.5336938812796357,-0.13448561582809335,-0.1394893062192146,1.347994669126745
1731068328.46,-0.482115029746528,0.30006616627979055,-0.10539889631426844,-0.036652897558281335,1.5842751693151413,0.6428705055521089,0.021857552124340915,-0.18097790867321242,-0.4055807980275779,1.3590396435658614,-0.37451332194942155,-0.9727196089242243,-0.09972105409848263,-0.33285514166625985,1.3484701085059714,1.4261368036056759,-0.18636409477678864,4.183461713921918,-0.041880387849948124,1.347647443562164
1731068328.96,-0.482115029746528,0.10408520210451362,-0.10539889631426844,-0.28130157597132893,1.5836064366955138,-0.599766263845522,-0.3274921135197104,-0.18097790867321242,-0.27794216143020684,1.3721836724150882,-0.15045206639380151,-0.5441965168811524,-0.09972105409848263,-0.16445891864947715,1.3481219395989223,-0.4501463163628999,-0.5260881195313982,-0.13448561582809335,-0.22367699831270704,1.3473002181575726
1731068329.46,-0.482115029746528,0.3199123398671604,-0.10539889631426844,-0.10936316911460664,1.5829377762052528,0.6428705055521089,0.006261584908088952,-0.18097790867321242,-0.38542732909115085,1.3698635637348018,-0.37451332194942155,0.015682899858539576,-0.09972105409848263,-0.23181740785619023,1.3477737710926911,-0.4501463163628999,0.05448502725073288,-0.13448561582809335,-0.06628261744226471,1.3469529929129642
1731068329.96,1.4837717346024528,1.1261631418540596,-0.10539889631426844,-0.3091025621546298,1.5822691878514048,-0.4222467253601425,0.5146901161579138,-0.18097790867321242,-0.3652738601547239,1.3542715178757057,1.1939154669399505,-0.21472901395356442,-0.09972105409848263,1.358324069488,1.3474256029873048,-3.6666316648804598,0.6401286818650221,9.221066931963598,-0.209340688427221,1.346605767828352
1731068330.46,-0.201274063410965,0.04454668134240409,-0.10539889631426844,-0.05803827154543586,1.5816006716410596,0.6428705055521089,0.6394578538879316,-0.18097790867321242,1.8045829620005849,1.3656096821494013,-0.37451332194942155,-0.5011288694396376,-0.09972105409848263,-0.15483627733423241,1.3470774352827632,1.4261368036056759,-0.4018606776435185,-0.13448561582809335,-0.06628261744226471,1.3462585429037601
1731068330.96,-0.482115029746528,-0.2060112601981399,-0.10539889631426844,-0.30568090231668504,1.580932227581246,-0.4222467253601425,0.9014701031209704,-0.18097790867321242,-0.2645065154725888,1.3605969095304866,-0.15045206639380151,-0.11136666009392887,-0.09972105409848263,-0.2342230681850014,1.3467292679790663,-0.4501463163628999,-0.39679016981136017,-0.13448561582809335,-0.2258121934020347,1.3459113181391849
1731068331.46,-0.201274063410965,0.027181279453455477,-0.10539889631426844,-0.0879777951274521,1.5802638556790587,0.6428705055521089,0.4803789882821584,-0.18097790867321242,-0.18389263972688075,1.3631476920812107,-0.37451332194942155,-0.58080401720644,-0.09972105409848263,-0.2510626904866797,1.3463811010762476,-0.4501463163628999,-0.18636409477678864,-0.13448561582809335,-0.0113776008595523,1.3455640935346496
1731068331.96,1.4837717346024528,-0.05220341489602389,-0.10539889631426844,-0.3381866707771599,1.5795955559415351,-0.4222467253601425,1.1291712244782537,-0.18097790867321242,-0.29137780738782476,1.3688552264427691,1.1939154669399505,-0.07260577739656578,-0.09972105409848263,-0.29917589706290326,1.346032934574307,-0.4501463163628999,-0.26242171225916394,-0.13448561582809335,-0.23587811310886533,1.3452168690901478
1731068332.46,-0.482115029746528,-0.14895351113445188,-0.10539889631426844,-0.26633181418032076,1.5789273283757392,-0.4222467253601425,0.41175673253064826,-0.18097790867321242,-0.06968964908712769,1.3672111699841916,-0.15045206639380151,-0.5334296050207737,-0.09972105409848263,-0.22219476654094555,1.345684768473278,1.4261368036056759,-0.06467190680498844,-0.13448561582809335,-0.04798094524802728,1.344869644805693
1731068332.96,-0.482115029746528,0.2802199926924207,-0.10539889631426844,-0.19490466506322465,1.5782591729887563,0.6428705055521089,-0.5208821070012387,-0.18097790867321242,-0.05289509164010508,1.370980110968704,-0.37451332194942155,0.6552374643650337,-0.09972105409848263,-0.23181740785619023,1.345336602773134,-0.4501463163628999,0.12547213690094983,-0.13448561582809335,-0.2441138655962722,1.3445224206813051
1731068333.46,-0.482115029746528,0.0023735624692431756,-0.10539889631426844,-0.3279216912633257,1.5775910897876286,0.6428705055521089,0.4679022145091566,-0.18097790867321242,-0.45932338185804994,1.364983486665986,-0.37451332194942155,-0.39130636846377487,-0.09972105409848263,-0.24384570950024614,1.3449884374739147,-0.4501463163628999,0.17617721522253335,-0.13448561582809335,-0.07238317484034387,1.344175196716998
1731068333.96,-0.201274063410965,0.11152751719977731,-0.10539889631426844,-0.11791731870946845,1.5769230787794197,-0.4222467253601425,-0.009334382308163356,-0.18097790867321242,0.074743544957266,1.3553003723945412,-0.37451332194942155,-0.8542835784600588,-0.09972105409848263,-0.14521363601898768,1.344640272575634,-0.4501463163628999,0.006315202845228518,-0.13448561582809335,-0.14864014231633335,1.3438279729127713
1731068334.46,1.20293076826688,0.337277741756109,-0.10539889631426844,-0.20345881465808646,1.5762551399712024,0.6428705055521089,-0.07483744461642305,-0.18097790867321242,-0.2712243384513978,1.3633781562839784,1.1939154669399505,-0.6174115175317276,-0.09972105409848263,1.1538429415390499,1.3442921080782846,1.4261368036056759,0.08744332815976218,-0.13448561582809335,-0.0845842896365022,1.3434807492686318
1731068334.96,-0.201274063410965,0.3968162625182185,-0.10539889631426844,0.5321980505000287,1.5755872733700316,-0.4222467253601425,0.7954175260504547,-0.18097790867321242,1.7105334402972592,1.370929776574378,-0.37451332194942155,-0.6906265181823026,-0.09972105409848263,-0.34247778298150455,1.3439439439819072,-0.4501463163628999,0.17871246913861225,-0.13448561582809335,0.32110277733576187,1.3431335257845964
1731068335.46,-0.201274063410965,0.23060455872399607,-0.10539889631426844,-0.21201296425294827,1.57491947898298,0.6428705055521089,0.517809309601164,-0.18097790867321242,1.06226352284219,1.3586046930521418,-0.37451332194942155,-0.9038113730178008,-0.09972105409848263,0.003937304367305429,1.3435957802864813,-0.4501463163628999,0.22688229354411663,-0.13448561582809335,-0.23770828032828908,1.3427863024606788
1731068335.96,1.4837717346024528,0.13881600588241083,-0.10539889631426844,-0.3514456026491957,1.5742517568171153,-0.4222467253601425,0.689364948979939,-0.18097790867321242,0.6524763211348404,1.3728135299038644,-0.37451332194942155,-0.6518656354849393,-0.09972105409848263,0.5500221990074434,1.3432476169920406,-0.4501463163628999,0.10519010557231641,-0.13448561582809335,-0.11203679792785844,1.3424390792968885
1731068336.46,-2.167160827759946,0.6225664870745502,4.74557083286513,-0.10936316911460664,1.573584106879484,0.6428705055521089,1.0449530015104915,-0.18097790867321242,0.8036273381580431,1.3694943639147403,1.1939154669399505,-0.71216034190306,-0.09972105409848263,-0.05139288319535172,1.3428994540985917,1.4261368036056759,0.5209717478093009,-0.13448561582809335,1.5290131421554352,1.3420918562932296
1731068336.96,-0.482115029746528,0.6473742040587624,-0.10539889631426844,-0.27060888897775165,1.5729165291771634,-0.599766263845522,-0.8795893529750415,-0.18097790867321242,-0.12343223291759962,1.3506201318260678,-0.37451332194942155,-0.0812193068848685,-0.09972105409848263,0.33110710908562596,1.3425512916061413,-0.4501463163628999,-0.029178351979879957,-0.13448561582809335,-0.03883010915090854,1.3417446334497183
1731068337.46,-0.482115029746528,0.6349703455666563,-0.10539889631426844,-0.18635051546836284,1.5722490237172038,0.6428705055521089,0.26203544725462613,-0.18097790867321242,0.37032775602486223,1.3652032084550203,-1.7188808552831736,-0.39991989795207783,3.573059006625274,-0.09950608977157527,1.342203129514723,-0.4501463163628999,-0.6756681005800694,-0.13448561582809335,-0.20049488020000622,1.3413974107663547
1731068337.96,1.4837717346024528,0.7143550399161357,-0.10539889631426844,-0.10080901951974483,1.5715815905066866,-0.4222467253601425,0.03745351934059322,-0.18097790867321242,0.15871633219237857,1.364478799261082,1.1939154669399505,-0.5635769582298341,-0.09972105409848263,-0.25827967147311326,1.3418549678243297,-0.4501463163628999,-0.6452450535871194,-0.13448561582809335,-0.1425395849182542,1.3410501882431627
1731068338.46,-0.201274063410965,0.674662692741396,-0.10539889631426844,-0.28001845353209964,1.570914229552671,0.6428705055521089,0.598908339125676,-0.18097790867321242,-0.27794216143020684,1.3664917864492354,-0.37451332194942155,-0.40207328032415357,-0.09972105409848263,0.04964485061471785,1.3415068065349616,1.4261368036056759,-0.8962351912789576,-0.13448561582809335,-0.18951387688346372,1.3407029658801486
1731068338.96,-0.482115029746528,0.24548918891452345,-0.10539889631426844,-0.139302692696623,1.5702469408622166,-0.4222467253601425,0.7517488178449482,-0.18097790867321242,0.25612476538510914,1.362600249239433,-0.37451332194942155,-0.40207328032415357,-0.09972105409848263,0.7809655905733168,1.3411586456466522,-0.4501463163628999,-0.6705975927479111,-0.13448561582809335,-0.06323233874322513,1.3403557436773195
1731068339.46,-0.482115029746528,-0.3895883658813109,-0.10539889631426844,-0.2774522086536411,1.5695797244424001,-0.4222467253601425,-0.24327389055194798,1.7125343850160237,0.7599614887957846,1.3629735499822,-0.37451332194942155,-0.38484622134754765,-0.09972105409848263,-0.2871475954188474,1.340810485159408,-0.4501463163628999,-0.12551800079088868,-0.13448561582809335,-0.1882937654038479,1.3400085216346886
1731068339.96,1.4837717346024528,-0.6227809055329063,-0.10539889631426844,-0.18635051546836284,1.568912580300264,-0.4222467253601425,0.06552626032984737,-0.18097790867321242,-0.23427631206794824,1.3656708335991419,1.1939154669399505,-0.5118957813000163,-0.09972105409848263,-0.17648722029353311,1.3404623250732493,-0.4501463163628999,-0.6984853858247819,-0.13448561582809335,-0.22062671961366745,1.3396612997522628
1731068340.46,-0.482115029746528,-0.6972040564855432,-0.10539889631426844,-0.19062759026579376,1.5682455084428975,0.6428705055521089,0.40551834564414735,-0.18097790867321242,0.32330299517319927,1.3625082931792505,-0.37451332194942155,-0.079065924512793,-0.09972105409848263,-0.19573250292402253,1.3401141653881827,1.4261368036056759,-0.9241229843558285,-0.13448561582809335,-0.0113776008595523,1.339314078030052
1731068340.96,-0.482115029746528,-0.21841511869024605,-0.10539889631426844,-0.20345881465808646,1.5675785088773517,-0.599766263845522,-0.6362922644015058,-0.18097790867321242,-0.3551971256865104,1.3448540174755135,-0.37451332194942155,-0.05107195367580838,-0.09972105409848263,-0.12596835338849835,1.339766006104188,-0.4501463163628999,-0.2142518878536596,-0.13448561582809335,-0.19378426706211913,1.3389668564680735
1731068341.46,-0.201274063410965,-0.49378077721500246,-0.10539889631426844,2.568085654077138,1.566911581610699,-0.4222467253601425,-1.0137146710348113,1.7125343850160237,-0.34512039121829685,1.350166069098094,-0.15045206639380151,-0.2814838674879124,-0.09972105409848263,-0.12596835338849835,1.3394178472213254,-2.0583889906216846,-0.22946341135013465,4.471324869238586,-0.09983568313170012,1.3386196350663333
1731068341.96,1.4837717346024528,-0.392069137579732,-0.10539889631426844,-0.28001845353209964,1.5662447266500035,-0.4222467253601425,-1.4410441727601242,-0.18097790867321242,-0.022664888235464604,1.3542735314724155,1.1939154669399505,0.8382749659914719,-0.09972105409848263,-0.08266646746989705,1.3390696887395885,-0.4501463163628999,-0.6198925144263275,-0.13448561582809335,-0.15169042101537294,1.3382724138248419
1731068342.46,-0.201274063410965,-0.1985689451028762,-0.10539889631426844,2.020620080005983,1.565577944002324,0.6428705055521089,-0.9482116087265516,-0.18097790867321242,-0.3988629750487689,1.3559937229684333,-0.37451332194942155,-0.46452136911435005,-0.09972105409848263,-0.05379854352416285,1.338721530658997,1.4261368036056759,-0.5058060882027647,-0.13448561582809335,0.8091473691820946,1.3379251927435993
1731068342.96,-0.482115029746528,-0.5061846357071086,-0.10539889631426844,-0.2684703515790362,1.564911233674738,-0.4222467253601425,-1.0979328940025737,-0.18097790867321242,-0.3081723648348473,1.350003003013916,-0.37451332194942155,-1.2526593172940703,-0.09972105409848263,-0.2510626904866797,1.338373372979551,-0.4501463163628999,-0.7466552102302862,-0.13448561582809335,-0.1889038211436558,1.3375779718226357
1731068343.46,-0.482115029746528,-0.3374921602144651,-0.10539889631426844,1.2892402896452984,1.5642445956743045,0.6428705055521089,-0.9544499956130525,-0.18097790867321242,-0.04953618015070065,1.3632740239456036,-0.37451332194942155,-1.2612728467823733,-0.09972105409848263,0.10016371751975274,1.3380252157012573,-0.4501463163628999,-0.23199866526621382,-0.13448561582809335,-0.23282783440982574,1.3372307510619512
1731068343.96,1.4837717346024528,-0.38462682248446844,-0.10539889631426844,-0.3202229566279501,1.563578030008096,-0.4222467253601425,-0.9700459628293048,-0.18097790867321242,0.014283138147984887,1.3526235995314186,1.1939154669399505,-1.1643706400389653,-0.09972105409848263,0.451390125526185,1.3376770588241427,-0.4501463163628999,-0.4931298186223689,-0.13448561582809335,-0.151080365275565,1.3368835304615592
1731068344.46,-0.482115029746528,-0.21345357529340359,-0.10539889631426844,1.1566509709249406,1.5629115366831718,0.6428705055521089,-0.910781287407546,-0.18097790867321242,2.0900904385999683,1.3631446138997654,-0.37451332194942155,-1.0610082861793297,-0.09972105409848263,2.043937263199187,1.337328902348207,1.4261368036056759,-0.04185462156027584,-0.13448561582809335,-0.06933289614130429,1.3365363100214598
1731068344.96,-0.482115029746528,-0.2754728677539343,-0.10539889631426844,-0.23981395043624917,1.562245115706592,-0.4222467253601425,-0.8172054841100322,-0.18097790867321242,-0.18053372823747615,1.3530831483820778,-0.37451332194942155,-1.0287075505981935,-0.09972105409848263,1.0058948313171623,1.3369807462734902,-0.4501463163628999,-0.2649569661752431,-0.13448561582809335,-0.20964571629712497,1.3361890897416764
1731068345.46,-0.482115029746528,-0.26058823756340693,-0.10539889631426844,-0.27445825629543946,1.5615787670854413,-0.4222467253601425,-0.8795893529750415,1.7125343850160237,-0.3048134533454428,1.353547315120853,-0.37451332194942155,-1.1040759336208446,-0.09972105409848263,-0.03214760056486226,1.3366325905999656,-0.4501463163628999,-0.4424247403007854,-0.13448561582809335,0.016074907431803936,1.3358418696222087
1731068345.96,1.4837717346024528,-0.26803055265867065,-0.10539889631426844,-0.20773588945551738,1.5609124908267753,-0.4222467253601425,-0.8671125792020395,-0.18097790867321242,-0.1032787639811726,1.3546536424047575,1.1939154669399505,-1.2117450522246316,-0.09972105409848263,-0.2775249541036027,1.3362844353276737,-0.4501463163628999,0.016456218509545224,-0.13448561582809335,-0.19012393262327162,1.3354946496630777
1731068346.46,-0.482115029746528,0.17106603796188655,-0.10539889631426844,-0.1606880666837775,1.5602462869376663,0.6428705055521089,-0.36804162828196646,-0.18097790867321242,-0.43916991292162294,1.3507218126650327,-0.37451332194942155,-0.8887376964132706,-0.09972105409848263,-0.3015815573917145,1.3359362804566142,-0.4501463163628999,-0.41453694722391443,-0.13448561582809335,-0.00832732216051272,1.3351474298642894
1731068346.96,-0.482115029746528,1.0095668720282616,-0.10539889631426844,-0.19490466506322465,1.559580155425178,-0.4222467253601425,-0.6362922644015058,-0.18097790867321242,-0.032741622703678044,1.3617957690061206,-0.37451332194942155,-1.026554168226118,-0.09972105409848263,-0.12115703273087597,1.3355881259867937,-0.4501463163628999,-0.33594407582546004,-0.13448561582809335,-0.19896974085048644,1.3348002102258474
1731068347.46,-0.482115029746528,0.1661044945650441,-0.10539889631426844,-0.29199426296490616,1.5589140962963657,0.6428705055521089,-0.5739083955364965,-0.18097790867321242,-0.19732828568449876,1.3534941695129692,-0.37451332194942155,-1.0222474034819664,-0.09972105409848263,-0.29917589706290326,1.3352399719182524,-0.4501463163628999,-0.18636409477678864,-0.13448561582809335,0.05877880921835802,1.3344529907477687
1731068347.96,1.4837717346024528,-0.014991839419705435,-0.10539889631426844,-0.17779636587350103,1.5582481095583232,-0.4222467253601425,0.07800303410284923,-0.18097790867321242,-0.32832583377127433,1.3500749217592705,1.1939154669399505,-1.000713579761209,-0.09972105409848263,-0.31601551936458155,1.334891818250957,-0.4501463163628999,-0.1660820634481552,-0.13448561582809335,-0.14558986361729379,1.33410577143006
1731068348.46,-0.482115029746528,-0.13158810924550327,-0.10539889631426844,-0.23767541303753373,1.5575821952181104,0.6428705055521089,0.03433432589734276,-0.18097790867321242,-0.13350896738581322,1.3510818437144851,-0.37451332194942155,-1.0674684332955569,-0.09972105409848263,-0.22460042686975668,1.334543664984961,1.4261368036056759,-0.320732552328985,-0.13448561582809335,0.14418661279146625,1.3337585522727444
1731068348.96,-0.482115029746528,0.05695053983451024,-0.10539889631426844,-0.13502561789919207,1.5569163532827734,-0.4222467253601425,0.9108276834507221,-0.18097790867321242,1.0118798505011224,1.3546824550714456,-0.37451332194942155,-0.7982956367860896,-0.09972105409848263,1.5844561403962514,1.3341955121202573,-0.4501463163628999,0.2801226257817793,-0.13448561582809335,-0.029679273053789795,1.3334113332758188
1731068349.46,-0.201274063410965,0.31743156816873913,-0.10539889631426844,0.5022585269180124,1.5562505837594107,-0.4222467253601425,0.08736061443260061,-0.18097790867321242,-0.2544297810043753,1.3600253180372888,-0.37451332194942155,-1.0523947566910268,-0.09972105409848263,-0.14040231536136533,1.3338473596568532,-0.4501463163628999,-0.4018606776435185,-0.13448561582809335,-0.23038761145059408,1.3330641144392936
1731068349.96,1.4837717346024528,0.14873909267609575,-0.10539889631426844,-0.31509046687103304,1.555584886655056,0.6428705055521089,0.19029399805986583,-0.18097790867321242,-0.19732828568449876,1.3535762872224502,1.1939154669399505,-0.8758174021808162,-0.09972105409848263,-0.2943645764052809,1.3334992075947882,-0.4501463163628999,-0.5565111665243482,-0.13448561582809335,-0.005277043461473137,1.3327168957631788
1731068350.46,-0.482115029746528,0.27525844929557824,-0.10539889631426844,-0.05803827154543586,1.5549192619768117,0.6428705055521089,-0.36492243483871595,-0.18097790867321242,-0.3988629750487689,1.3559104844802528,-0.37451332194942155,-0.5097423989279406,-0.09972105409848263,-0.15483627733423241,1.3331510559340427,1.4261368036056759,-0.45510100988118124,-0.13448561582809335,0.0770804814125955,1.332369677247494
1731068350.96,-0.482115029746528,0.9351437210756246,-0.10539889631426844,-0.3488793577707372,1.554253709731729,-0.4222467253601425,0.03433432589734276,-0.18097790867321242,-0.43581100143221846,1.3452010839612685,-0.37451332194942155,-0.8456700489717558,-0.09972105409848263,-0.12115703273087597,1.332802904674643,-0.4501463163628999,-0.2218576496018971,-0.13448561582809335,2.0201080127008075,1.3320224588922467
1731068351.46,-0.482115029746528,0.25045073231136594,-0.10539889631426844,1.267854915658144,1.5535882299268802,0.6428705055521089,0.683126562093438,-0.18097790867321242,0.08482027942547958,1.3399676114543762,-0.37451332194942155,-0.5140491636720921,-0.09972105409848263,-0.2751192937747915,1.3324547538165963,-0.4501463163628999,-0.33340882190938087,-0.13448561582809335,0.363806679122316,1.3316752406974397
1731068351.96,-0.482115029746528,-0.27051132435709185,-0.10539889631426844,1.9864034816265355,1.5529228225693374,-0.4222467253601425,0.35249205710888987,-0.18097790867321242,-0.3887862405805554,1.351929562267409,1.1939154669399505,-0.8478234313438315,-0.09972105409848263,0.03761654897066199,1.3321066033599225,-0.4501463163628999,-0.35876136107017265,-0.13448561582809335,0.17773967848090158,1.3313280226630901
1731068352.46,1.4837717346024528,-0.13158810924550327,-0.10539889631426844,-0.19062759026579376,1.552257487666152,0.6428705055521089,0.30258496201688245,-0.18097790867321242,-0.3887862405805554,1.3565293229145547,-0.37451332194942155,-0.6647859297173937,-0.09972105409848263,-0.2775249541036027,1.3317584533046347,1.4261368036056759,-0.42214270897215195,-0.13448561582809335,0.3729575152194347,1.3309808047892013
1731068352.96,-0.482115029746528,0.13385446248556837,-0.10539889631426844,-0.1521339170889157,1.5515922252244174,-0.4222467253601425,0.8858741359047184,-0.18097790867321242,-0.1200733214281952,1.3528749091441736,-0.37451332194942155,-0.6583257826011665,-0.09972105409848263,-0.2967702367340921,1.331410303650733,-0.4501463163628999,-0.20411087218934287,-0.13448561582809335,-0.14864014231633335,1.3306335870757935
1731068353.46,-0.482115029746528,-0.21097280359498236,-0.10539889631426844,-0.2641932767816053,1.550927035251185,-0.599766263845522,1.0449530015104915,1.7125343850160237,-0.1099965869599816,1.3545364231098187,-0.37451332194942155,-0.41714695692868375,-0.09972105409848263,0.9397391722748547,1.331062154398231,-0.4501463163628999,-0.20411087218934287,-0.13448561582809335,-0.12118763402497719,1.330286369522873
1731068353.96,1.4837717346024528,-0.23578052057919466,-0.10539889631426844,-0.21201296425294827,1.5502619177535357,-0.4222467253601425,0.26827383414112704,-0.18097790867321242,1.8818379262568887,1.3399358641712833,-0.37451332194942155,-0.4882085752071832,3.4582846297276566,-0.2342230681850014,1.3307140055471551,1.4261368036056759,-0.20918138002150122,-0.13448561582809335,0.028276022227962196,1.3299391521304504
1731068354.46,-0.482115029746528,0.5531048795187558,-0.10539889631426844,-0.28001845353209964,1.5495968727385332,0.6428705055521089,-0.42106791681722394,-0.18097790867321242,-0.06297182610831867,1.3453081630399892,-0.37451332194942155,-0.46882813385850153,-0.09972105409848263,-0.28955325574765856,1.3303658570975057,-0.4501463163628999,-0.1356590164552054,-0.13448561582809335,-0.1577909784134521,1.3295919348985357
1731068354.96,-0.482115029746528,0.1661044945650441,-0.10539889631426844,-0.19918173986065557,1.5489319002132371,-0.4222467253601425,0.03745351934059322,-0.18097790867321242,-0.3887862405805554,1.3483315396174773,-0.37451332194942155,-0.49682210469548616,-0.09972105409848263,-0.10912873108682,1.330017709049309,-0.4501463163628999,0.29279889536217524,-0.13448561582809335,-0.04798094524802728,1.3292447178271287
1731068355.46,-0.201274063410965,0.23804687381925976,-0.10539889631426844,-0.2937050928838785,1.548267000184737,0.6428705055521089,0.5614780178066704,-0.18097790867321242,-0.34176147972889237,1.3367988987593584,-0.37451332194942155,-1.0028669621332846,-0.09972105409848263,-0.21016646489688964,1.3296695614025522,-0.4501463163628999,-0.0038258128190881893,-0.13448561582809335,1.2544880592418732,1.3288975009162565
1731068355.96,-0.482115029746528,0.5853549115982317,-0.10539889631426844,-0.02809874796341952,1.5476021726600968,-0.4222467253601425,0.6644114014339353,-0.18097790867321242,-0.18053372823747615,1.3429859058068223,1.1939154669399505,-0.6690926944615452,-0.09972105409848263,-0.16445891864947715,1.3293214141572618,-0.4501463163628999,0.290263641446096,-0.13448561582809335,-0.08763456833554178,1.3285502841659256
1731068356.46,1.4837717346024528,0.1437775492792533,-0.10539889631426844,-0.24238019531470772,1.5469374176463804,0.6428705055521089,0.41487592597389905,-0.18097790867321242,-0.2947367188772293,1.3511666283908468,-0.37451332194942155,-0.9554925499476185,-0.09972105409848263,-0.3015815573917145,1.3289732673134578,1.4261368036056759,0.28519313361393767,-0.13448561582809335,0.20214190807321825,1.328203067576143
1731068356.96,-0.482115029746528,0.18843143985083516,-0.10539889631426844,-0.2162900390503792,1.5462727351506642,-0.4222467253601425,0.9420196178832267,-0.18097790867321242,-0.4122986210063869,1.3484613452099103,-0.37451332194942155,-0.8715106374366647,-0.09972105409848263,-0.13318533437493182,1.3286251208711335,-0.4501463163628999,0.21167077004764157,-0.13448561582809335,0.009974350033724773,1.3278558511469154
1731068357.46,-0.482115029746528,0.34968160024821515,-0.10539889631426844,-0.19490466506322465,1.5456081251799996,0.6428705055521089,0.9888075195319833,-0.18097790867321242,-0.2980956303666338,1.345378921283532,-0.37451332194942155,-0.6970866652985298,-0.09972105409848263,-0.07063816582584119,1.328276974830329,-0.4501463163628999,0.7922439168297728,-0.13448561582809335,0.0618290879173976,1.3275086348782559
1731068357.96,-0.201274063410965,0.42658552289927326,-0.10539889631426844,1.0882177741660461,1.5449435877414843,-0.4222467253601425,0.03433432589734276,-0.18097790867321242,-0.36191494866531937,1.3515255990463684,1.1939154669399505,-0.48174842809095597,-0.09972105409848263,-0.25827967147311326,1.3279288291910243,-0.4501463163628999,-0.21678714176973876,-0.13448561582809335,-0.07848373223842303,1.3271614187701783
1731068358.46,1.4837717346024528,0.5158933040424373,-0.10539889631426844,-0.3172290042697485,1.5442791228421784,0.6428705055521089,-0.9139004808507966,-0.18097790867321242,1.4754096360389435,1.3538120611462732,-0.37451332194942155,-0.6604791649732422,-0.09972105409848263,-0.1235626930596871,1.3275806839532462,-0.4501463163628999,-0.9291934921879869,-0.13448561582809335,-0.16816192599018667,1.3268142028226961
1731068358.96,-0.482115029746528,0.47123941347085513,-0.10539889631426844,-0.01954459836855771,1.5436147304891497,-0.4222467253601425,0.19029399805986583,-0.18097790867321242,-0.3551971256865104,1.3443023163300185,-0.37451332194942155,-0.6238716646479546,-0.09972105409848263,-0.11153439141563123,1.3272325391170214,1.4261368036056759,-0.9063762069432743,-0.13448561582809335,-0.23069263932049805,1.3264669870358126
1731068359.46,-0.482115029746528,0.4191432078040096,-0.10539889631426844,-0.19490466506322465,1.542950410689475,0.6428705055521089,-0.4709750119092313,-0.18097790867321242,0.051231164531434524,1.344519873286214,-0.37451332194942155,-0.46021460437019857,-0.09972105409848263,-0.2823362747612251,1.3268843946823365,-0.4501463163628999,-0.48805931079021053,-0.13448561582809335,-0.1394893062192146,1.3261197714095379
1731068359.96,1.4837717346024528,0.8557590267261456,-0.10539889631426844,0.5706917236769067,1.5422861634502136,-0.4222467253601425,-0.049883897070419354,-0.18097790867321242,-0.1099965869599816,1.3410113706609395,1.1939154669399505,-0.4989754870675619,-0.09972105409848263,-0.11394005174444237,1.3265362506492184,1.4261368036056759,-0.7491904641463655,-0.13448561582809335,-0.1910390162329835,1.3257725559438784
1731068360.46,-2.167160827759946,0.029662051151876707,-0.10539889631426844,0.8743640342945007,1.541621988778447,0.6428705055521089,-0.14034050692468275,-0.18097790867321242,-0.2947367188772293,1.3382741430642426,-1.7188808552831736,0.007069370370236617,3.573059006625274,-0.31601551936458155,1.3261881070176667,-0.4501463163628999,-0.12551800079088868,-0.13448561582809335,-0.09983568313170012,1.325425340638858
1731068360.96,1.4837717346024528,-0.25810746586498573,-0.10539889631426844,0.03178029920061316,1.5409578866812474,-0.4222467253601425,0.7111993030826925,-0.18097790867321242,-0.1099965869599816,1.3510254608611276,-0.37451332194942155,0.2051805486012045,-0.09972105409848263,-0.32323250035101514,1.3258399637877152,-0.4501463163628999,-0.48805931079021053,-0.13448561582809335,1.3673483711063377,1.3250781254944801
1731068361.46,-0.482115029746528,-0.48633846211973875,-0.10539889631426844,0.9727367546354116,1.5402938571656828,0.6428705055521089,0.8952317162344695,-0.18097790867321242,-0.23091740057854382,1.3400861370295722,-0.15045206639380151,-0.10059974823355017,-0.09972105409848263,-0.17408155996472188,1.3254918209593503,-0.4501463163628999,-0.5032708342866856,-0.13448561582809335,-0.20293510315923788,1.3247309105107545
1731068361.96,1.4837717346024528,-0.43424225645289294,-0.10539889631426844,-0.1478568422914848,1.539629900238826,-0.4222467253601425,1.4660441163493036,-0.18097790867321242,-0.41901644398519594,1.3439122144560998,1.1939154669399505,-0.28579063223206386,-0.09972105409848263,-0.26068533180192444,1.3251436785326056,1.4261368036056759,-0.5869342135172982,-0.13448561582809335,-0.16389153581153126,1.3243836956876915
1731068362.46,-0.482115029746528,-0.27051132435709185,-0.10539889631426844,0.8230391367253301,1.5389660159077405,-0.4222467253601425,-1.419209818657371,-0.18097790867321242,-0.03610053419308262,1.342850495721219,-0.37451332194942155,-0.13074710144261054,-0.09972105409848263,-0.2871475954188474,1.3247955365074944,-0.4501463163628999,-0.6604565770835944,-0.13448561582809335,-0.18097309652615293,1.3240364810252947
1731068362.96,-0.482115029746528,-0.4292807130560505,-0.10539889631426844,-0.1521339170889157,1.5383022041795118,0.6428705055521089,-1.3193956284733561,-0.18097790867321242,1.3746422913568088,1.3537210431805369,-0.37451332194942155,-0.06399224790826281,-0.09972105409848263,1.875541040182404,1.3244473948840099,-0.4501463163628999,-0.6629918309996736,-0.13448561582809335,-0.13643902752017503,1.323689266523587
1731068363.46,-0.482115029746528,-0.5855693300565878,-0.10539889631426844,-0.22056711384781008,1.5376384650612036,0.6428705055521089,-1.1946278907433376,-0.18097790867321242,-0.08648420653415013,1.3475055299269412,-0.37451332194942155,-0.1867350431165798,-0.09972105409848263,-0.2630909921307356,1.3240992536621792,-0.4501463163628999,-0.5159471038670815,-0.13448561582809335,-0.19866471298058247,1.3233420521825758
1731068363.96,1.4837717346024528,-0.5806077866597453,-0.10539889631426844,-0.25734995710571584,1.536974798559893,-0.4222467253601425,-1.2133430514028405,-0.18097790867321242,-0.20068719717390318,1.3429359858255463,-0.15045206639380151,-0.9662594618079972,-0.09972105409848263,-0.15724193766304367,1.3237511128420016,-0.4501463163628999,-0.31819729841290584,-0.13448561582809335,-0.06323233874322513,1.3229948380022674
1731068364.46,-0.482115029746528,-0.5433962111834271,-0.10539889631426844,-0.37154785419712094,1.5363112046826521,0.6428705055521089,-1.1166480546620765,-0.18097790867321242,-0.3652738601547239,1.337432162384872,1.1939154669399505,-1.2483525525499188,-0.09972105409848263,-0.21978910621213435,1.323402972423498,1.4261368036056759,-0.6731328466639903,-0.13448561582809335,-0.22703230488165055,1.322647623982672
1731068364.96,-0.482115029746528,-0.3027613564365679,-0.10539889631426844,-0.2162900390503792,1.5356476834365405,-0.4222467253601425,-1.0355490251375645,-0.18097790867321242,-0.07976638355534113,1.3395008939676498,-0.37451332194942155,-0.8779707845528919,-0.09972105409848263,-0.11394005174444237,1.3230548324066946,-0.4501463163628999,-0.33847932974153927,-0.13448561582809335,-0.02052843695667105,1.3223004101237998
1731068365.46,-0.482115029746528,-0.02987646961023282,-0.10539889631426844,-0.3493070652504803,1.5349842348286522,0.6428705055521089,-0.36804162828196646,-0.18097790867321242,-0.14358570185402666,1.3374860932591306,-0.15045206639380151,-1.1040759336208446,-0.09972105409848263,-0.041770241880106994,1.3227066927915714,-0.4501463163628999,-0.1686173173642344,-0.13448561582809335,-0.24685911642540784,1.3219531964256643
1731068365.96,-0.482115029746528,-0.28291518284919803,4.593978028828273,0.211417440692711,1.5343208588660469,-0.4222467253601425,-0.6144579102987525,-0.18097790867321242,-0.20404610866330777,1.3408694491777067,1.1939154669399505,-1.1794443166434951,-0.09972105409848263,-0.2510626904866797,1.3223585535781552,-0.18210587065310885,-0.3435498375736976,-0.13448561582809335,-0.06628261744226471,1.3216059828882787
1731068366.46,-0.482115029746528,-0.10429962056286972,-0.10539889631426844,-0.17779636587350103,1.533657555555801,-0.4222467253601425,-0.12474453970843044,1.7125343850160237,-0.12343223291759962,1.3382684360870234,-0.37451332194942155,-1.1234563749695259,-0.09972105409848263,-0.14761929634779894,1.322010414766473,1.4261368036056759,-0.18382884086070947,-0.13448561582809335,-0.21361107860587641,1.3212587695116464
1731068366.96,-0.482115029746528,-0.10678039226129095,-0.10539889631426844,-0.1564109918863466,1.5329943249049873,-0.4222467253601425,-0.34308808073596275,-0.18097790867321242,-0.37535059462293735,1.3400928835662695,-0.37451332194942155,-0.7918354896698624,-0.09972105409848263,-0.14040231536136533,1.3216622763565178,-0.4501463163628999,-0.01143157456732572,-0.13448561582809335,-0.07543345353938345,1.3209115562957845
1731068367.46,-0.482115029746528,0.39929703421663976,-0.10539889631426844,-0.2855786507687598,1.5323311669206694,-1.664883494757786,-0.6487690381745076,3.6060466787052596,0.29643170325796325,1.3448486416299164,-0.37451332194942155,0.0652106944162816,-0.09972105409848263,1.5748334990810064,1.3213141383483162,-0.4501463163628999,0.361250751096313,-0.13448561582809335,-0.18615857031452018,1.3205643432406895
1731068367.96,1.4837717346024528,-0.13158810924550327,-0.10539889631426844,0.15581546832610924,1.531668081609937,-1.664883494757786,-0.2245587298924452,1.7125343850160237,0.9682140011388638,1.3343451086163172,1.1939154669399505,-0.9791797560404515,-0.09972105409848263,0.7761542699156946,1.3209660007418684,1.4261368036056759,-0.32580306016114335,-0.13448561582809335,-0.11203679792785844,1.320217130346388
1731068368.46,-0.482115029746528,-0.14647273943603065,-0.10539889631426844,-0.29199426296490616,1.5310050689798542,0.8203900440374883,-0.7984903234505294,-0.18097790867321242,1.559382423274056,1.3401225670648822,-0.37451332194942155,-0.9038113730178008,-0.09972105409848263,-0.3208268400222039,1.3206178635371812,-0.4501463163628999,-0.25228069659484725,-0.13448561582809335,0.03437657962604136,1.319869917612884
1731068368.96,-0.482115029746528,2.11599104952413,-0.10539889631426844,0.16009254312354015,1.5303421290375017,-0.4222467253601425,-0.08107583150292397,-0.18097790867321242,-0.38206841760174637,1.3326598490989927,-0.15045206639380151,2.0441690943538853,-0.09972105409848263,-0.255874011144302,1.3202697267343015,-0.4501463163628999,2.42748269270084,-0.13448561582809335,-0.18158315226596083,1.3195227050401939
1731068369.46,-0.482115029746528,0.12145060399346223,-0.10539889631426844,-0.14357976749405388,1.529679261789948,0.6428705055521089,2.333179893572931,-0.18097790867321242,-0.20404610866330777,1.3363117389685317,-0.37451332194942155,-0.4946687223234104,-0.09972105409848263,-0.17408155996472188,1.319921590333182,-0.4501463163628999,0.08237282032760382,-0.13448561582809335,-0.12118763402497719,1.3191754926283141
1731068369.96,-0.201274063410965,0.5158933040424373,-0.10539889631426844,0.10021349595950756,1.5290164672442565,-0.4222467253601425,-0.1434597003679332,-0.18097790867321242,-0.3148901878136563,1.3278577210552587,1.1939154669399505,-0.35254548576641154,-0.09972105409848263,-0.3376664623238822,1.3195734543339033,-0.18210587065310885,-0.07734817638538431,-0.13448561582809335,-0.21269599499616454,1.3188282803772653
1731068370.46,1.4837717346024528,0.4762009568676976,-0.10539889631426844,-0.18207344067093195,1.5283537454075216,0.6428705055521089,0.16534045051386215,-0.18097790867321242,-0.45932338185804994,1.3456608542234023,-0.37451332194942155,-0.7423076951121204,-0.09972105409848263,-0.25827967147311326,1.3192253187364251,1.4261368036056759,0.17364196130645418,-0.13448561582809335,-0.12423791272401677,1.318481068287054
1731068370.96,-0.482115029746528,0.13881600588241083,-0.10539889631426844,-0.26761493661955,1.5276910962868069,-0.4222467253601425,-0.5115245266714873,-0.18097790867321242,-0.24435304653616183,1.3271629383776617,-0.37451332194942155,-0.7229272537634387,-0.09972105409848263,-0.19332684259521135,1.318877183540781,-0.18210587065310885,-0.2573512044270056,-0.13448561582809335,-0.1782278456970173,1.318133856357697
1731068371.46,-0.482115029746528,0.6076818568840228,-0.10539889631426844,-0.13502561789919207,1.5270285198891893,0.6428705055521089,-0.5489548479904929,-0.18097790867321242,-0.41901644398519594,1.333210925351095,-0.37451332194942155,-0.778915195437408,-0.09972105409848263,-0.18610986160877785,1.3185290487469845,-2.0583889906216846,-0.4424247403007854,4.471324869238586,-0.17975298504653708,1.3177866445892013
1731068371.96,-0.201274063410965,0.555585651217177,-0.10539889631426844,-0.30824714719514357,1.5263660162217414,-0.4222467253601425,0.012499971794589875,-0.18097790867321242,-0.19732828568449876,1.3422365169871127,1.1939154669399505,-0.8844309316691191,-0.09972105409848263,0.3840316363194721,1.3181809143550351,1.4261368036056759,-0.3232678062450642,-0.13448561582809335,-0.15169042101537294,1.317439432981573
1731068372.46,1.4837717346024528,0.37448931723242745,-0.10539889631426844,0.1943091415029874,1.5257035852915353,0.6428705055521089,0.4491870538496538,-0.18097790867321242,-0.21748175462092578,1.3348447167155142,-0.37451332194942155,-0.8112159310185441,-0.09972105409848263,-0.18851552193758897,1.3178327803649734,-0.4501463163628999,-0.43988948638470615,-0.13448561582809335,-0.041880387849948124,1.3170922215348229
1731068372.96,-0.482115029746528,0.20579684173978377,-0.10539889631426844,-0.14357976749405388,1.5250412271056477,-0.4222467253601425,0.4242335063036501,-0.18097790867321242,2.261394924559598,1.345414215963437,-0.37451332194942155,-0.7853753425536352,-0.09972105409848263,-0.14521363601898768,1.3174846467767722,-0.4501463163628999,-0.3689023767344894,-0.13448561582809335,-0.2282524163612664,1.316745010248964
1731068373.46,-0.201274063410965,0.09664288700924993,-0.10539889631426844,0.30123601143875994,1.5243789416711644,0.6428705055521089,0.4897365686119102,-0.18097790867321242,-0.08312529504474556,1.330177732606177,-0.37451332194942155,-0.7918354896698624,-0.09972105409848263,-0.24144004917143494,1.317136513590472,-0.18210587065310885,-0.11030647729441362,-0.13448561582809335,-0.06323233874322513,1.3163977991240132
1731068373.96,-0.482115029746528,-0.18616508661077005,-0.10539889631426844,-0.3599997522440575,1.5237167289951492,-0.4222467253601425,0.7423912375151972,-0.18097790867321242,-0.34512039121829685,1.3293268620409284,1.1939154669399505,-0.7724550483211807,-0.09972105409848263,-0.3376664623238822,1.316788380806066,1.4261368036056759,-0.523552865615319,-0.13448561582809335,0.40956085960790967,1.3160505881599707
1731068374.46,1.4837717346024528,-0.17128045642024267,-0.10539889631426844,0.10449057075693846,1.5230545890846785,0.6428705055521089,0.851563008028963,-0.18097790867321242,-0.23763522355735284,1.3304413460823703,-0.15045206639380151,-0.3546988681384873,-0.09972105409848263,-0.17889288062234426,1.3164402484235809,-0.18210587065310885,0.2496995787888292,-0.13448561582809335,-0.21056079990683685,1.3157033773568496
1731068374.96,-0.482115029746528,-0.00010720922917805468,-0.10539889631426844,-0.224844188645241,1.5223925219468164,-0.4222467253601425,0.7392720440719464,-0.18097790867321242,-0.2645065154725888,1.338697072306022,-0.37451332194942155,0.482966874598975,-0.09972105409848263,-0.29917589706290326,1.3160921164430435,-0.4501463163628999,0.03420299592209946,-0.13448561582809335,-0.014427879558591884,1.3153561667146572
1731068375.46,-0.482115029746528,0.03958513794556163,-0.10539889631426844,-0.11364024391203754,1.5217305275886612,0.6428705055521089,-0.09667179871917628,-0.18097790867321242,-0.40222188653817337,1.3288203660391391,-0.37451332194942155,-0.2664101908833822,-0.09972105409848263,-0.2823362747612251,1.315743984864427,-0.4501463163628999,-0.016502082399484072,-0.13448561582809335,-0.1998848244601983,1.3150089562334164
1731068375.96,1.4837717346024528,-0.012511067721284207,-0.10539889631426844,-0.2924219704446493,1.521068606017281,-0.4222467253601425,-0.0873142183894249,-0.18097790867321242,-0.11671440993879062,1.3345930991220218,1.1939154669399505,-0.4128401921845323,-0.09972105409848263,0.7905882318885615,1.3153958536877715,1.4261368036056759,-0.021572590231642427,-0.13448561582809335,-0.1394893062192146,1.3146617459131276
1731068376.46,-0.482115029746528,0.07183517002503763,-0.10539889631426844,-0.18635051546836284,1.520406757239744,-0.4222467253601425,0.3587304439953908,1.7125343850160237,-0.16709808227985812,1.3340408787584292,-0.15045206639380151,-0.5851107819505915,-0.09972105409848263,0.23969201659080114,1.3150477229130701,-0.4501463163628999,0.3206866884390462,-0.13448561582809335,-0.14864014231633335,1.3143145357538006
1731068376.96,-0.482115029746528,0.029662051151876707,-0.10539889631426844,-0.26761493661955,1.5197449812631314,-0.4222467253601425,0.16534045051386215,-0.18097790867321242,-0.3081723648348473,1.3292083027711397,-0.37451332194942155,-0.8844309316691191,-0.09972105409848263,1.278937278637231,1.3146995925403568,-0.4501463163628999,0.11026061340447477,-0.13448561582809335,-0.23435297375934555,1.3139673257554494
1731068377.46,-0.201274063410965,0.1586621794697804,-0.10539889631426844,-0.2162900390503792,1.5190832780945152,0.6428705055521089,0.6644114014339353,-0.18097790867321242,1.3309764419945502,1.3286237073983556,-0.37451332194942155,-0.9942534326449817,-0.09972105409848263,-0.16686457897828838,1.3143514625696444,-0.4501463163628999,0.4271673529143716,-0.13448561582809335,0.052678251820278854,1.3136201159180803
1731068377.96,1.4837717346024528,0.7342012135035055,-0.10539889631426844,2.0334513043982754,1.518421647740977,-0.4222467253601425,0.6519346276609335,-0.18097790867321242,-0.3081723648348473,1.322953876251905,1.1939154669399505,-0.9145782848781795,-0.09972105409848263,-0.2486570301578685,1.3140033330009133,1.4261368036056759,0.38913854417318394,-0.13448561582809335,-0.07848373223842303,1.3132729062417101
1731068378.46,-0.482115029746528,0.3794508606292699,-0.10539889631426844,-0.28771718816747527,1.5177600902095933,0.6428705055521089,1.5752158868630695,-0.18097790867321242,-0.38542732909115085,1.3297627665415797,-0.37451332194942155,-0.8155226957626955,-0.09972105409848263,-0.12837401371730947,1.3136552038342033,-0.18210587065310885,0.1609656917260583,-0.13448561582809335,-0.041880387849948124,1.3129256967263387
1731068378.96,-0.482115029746528,0.22068147193031115,-0.10539889631426844,0.44537343211218144,1.5170986055074367,-0.4222467253601425,0.9357812309967258,-0.18097790867321242,-0.3955040635593644,1.317594573479682,-0.37451332194942155,-0.7509212246004233,-0.09972105409848263,-0.23181740785619023,1.313307075069521,-0.4501463163628999,0.9722469448713937,-0.13448561582809335,-0.13643902752017503,1.3125784873719937
1731068379.46,-0.482115029746528,0.8309513097419332,-0.10539889631426844,1.1780363449120952,1.5164371936415881,-0.4222467253601425,-0.23703550366544704,-0.18097790867321242,-0.14022679036462224,1.329322118748759,-0.37451332194942155,-0.6367919588804091,-0.09972105409848263,-0.20776080456807844,1.31295894670688,-0.18210587065310885,-0.2801684896717182,-0.13448561582809335,-0.005277043461473137,1.312231278178671
1731068379.96,1.4837717346024528,0.369527773835585,-0.10539889631426844,-0.3146627593912899,1.5157758546191116,0.6428705055521089,-0.1278637331516809,-0.18097790867321242,-0.1939693741950942,1.3357878016840266,1.1939154669399505,-0.19104180786073127,-0.09972105409848263,-0.11875137240206474,1.3126108187462937,-2.0583889906216846,-0.8860941756146409,4.471324869238586,2.102465537574876,1.3118840691463773
1731068380.46,-0.482115029746528,1.1212015984572172,-0.10539889631426844,1.0155075026097204,1.5151145884471011,0.6428705055521089,-0.7205104873692683,-0.18097790867321242,-0.2611476039831843,1.328155556884209,-0.37451332194942155,-0.41068680981245653,-0.09972105409848263,-0.2486570301578685,1.312262691187762,1.4261368036056759,-0.37143763065056856,-0.13448561582809335,-0.20751052120779725,1.3115368602751403
1731068380.96,-0.201274063410965,0.5506241078203346,-0.10539889631426844,-0.27873533109287035,1.5144533951326247,-0.599766263845522,-0.29318098564395534,-0.18097790867321242,-0.0025114192990375673,1.3260573988522992,-0.15045206639380151,-0.35254548576641154,-0.09972105409848263,-0.058609864181785216,1.311914564031305,-2.0583889906216846,-0.6274982761745651,4.471324869238586,-0.041880387849948124,1.311189651564959
1731068381.46,-0.482115029746528,-0.11174193565813341,-0.10539889631426844,1.3149027384298837,1.5137922746827677,0.6428705055521089,0.1684596439571126,-0.18097790867321242,-0.03610053419308262,1.3355378557731141,-0.37451332194942155,-0.6023378409271974,-0.09972105409848263,1.2163901100881405,1.311566437276936,-0.4501463163628999,-0.8455301129573742,-0.13448561582809335,-0.06628261744226471,1.3108424430158476
1731068381.96,-0.482115029746528,-0.6178193621360638,-0.10539889631426844,-0.1521339170889157,1.5131312271045985,-0.4222467253601425,0.511570922714663,-0.18097790867321242,0.39719904794009825,1.3263824234960782,1.1939154669399505,-0.5485032816253039,-0.09972105409848263,-0.13318533437493182,1.3112183109246682,1.4261368036056759,-0.9291934921879869,-0.13448561582809335,0.055728530519318434,1.3104952346278094
1731068382.46,1.4837717346024528,-0.18368431491234882,-0.10539889631426844,0.027503224403182255,1.5124702524051894,0.6428705055521089,0.9482580047697277,-0.18097790867321242,-0.03610053419308262,1.321639233228861,-0.15045206639380151,0.04583025306759994,-0.09972105409848263,-0.10912873108682,1.3108701849745221,-0.4501463163628999,-0.3841139002309643,-0.13448561582809335,0.095382153606833,1.3101480264008607
1731068382.96,-0.482115029746528,0.029662051151876707,-0.10539889631426844,-0.19062759026579376,1.5118093505916301,-2.73000072567005,1.2757733163110259,3.6060466787052596,-0.43916991292162294,1.3190712803661826,-0.37451332194942155,-0.2707169556275337,-0.09972105409848263,-0.2775249541036027,1.310522059426484,-0.4501463163628999,-0.5260881195313982,-0.13448561582809335,-0.1028859618307397,1.309800818335012
1731068383.46,-0.482115029746528,-0.5706846998660604,-0.10539889631426844,-0.29883758264079563,1.5111485216709974,0.6428705055521089,0.41175673253064826,-0.18097790867321242,-0.4156575324957914,1.3192055057956686,-0.37451332194942155,-0.22334254344186738,-0.09972105409848263,-0.3256381606798263,1.3101739342805871,-0.18210587065310885,-0.523552865615319,-0.13448561582809335,-0.07238317484034387,1.309453610430277
1731068383.96,1.4837717346024528,0.05446976813608901,-0.10539889631426844,-0.06659242114029758,1.510487765650364,-0.4222467253601425,-0.8390398382127855,-0.18097790867321242,0.14528068623476054,1.3296410827255842,1.1939154669399505,0.8167411422707146,-0.09972105409848263,-0.09228910878514178,1.3098258095368454,-0.4501463163628999,-0.4677772794615771,-0.13448561582809335,-0.2181864966544358,1.3091064026866652
1731068384.46,-0.201274063410965,0.03958513794556163,-0.10539889631426844,-0.2872894806877322,1.5098270825368107,0.6428705055521089,-0.20272437578969196,-0.18097790867321242,-0.2241995775997348,1.3328279029180323,-0.37451332194942155,-0.0036975414901420857,-0.09972105409848263,-0.22460042686975668,1.3094776851952519,1.4261368036056759,-0.48552405687413136,-0.13448561582809335,-0.13643902752017503,1.3087591951041802
1731068384.96,-0.482115029746528,0.08671980021556501,-0.10539889631426844,-0.12219439350689935,1.5091664723374056,-0.4222467253601425,-0.9606883824995535,-0.18097790867321242,-0.21412284313152122,1.326491130251975,-0.37451332194942155,-0.5355829873928495,-0.09972105409848263,-0.1163457120732536,1.3091295612558531,-0.4501463163628999,0.13307789864918737,-0.13448561582809335,-0.16389153581153126,1.3084119876828255
1731068385.46,-0.201274063410965,-0.07949190357865742,-0.10539889631426844,-0.25991620198417437,1.5085059350592431,0.6428705055521089,-1.0573833792403178,-0.18097790867321242,-0.38542732909115085,1.3250690055055496,-1.7188808552831736,-0.9145782848781795,3.573059006625274,-0.3015815573917145,1.3087814377186162,-0.18210587065310885,0.03927350375425782,-0.13448561582809335,0.17163912108282242,1.3080647804226313
1731068385.96,-2.167160827759946,-0.15391505453129434,4.74557083286513,-0.28900031060670456,1.5078454707093998,-0.4222467253601425,-0.36804162828196646,-0.18097790867321242,-0.2074050201527122,1.3318228164805168,1.1939154669399505,-1.280653288131055,-0.09972105409848263,2.0920504697754105,1.3084333145835874,-0.4501463163628999,-0.5920047213494567,-0.13448561582809335,-0.2187965523942437,1.3077175733236077
1731068386.46,1.4837717346024528,-0.21097280359498236,-0.10539889631426844,-0.19918173986065557,1.5071850792949437,0.6428705055521089,-0.6394114578447563,-0.18097790867321242,1.2873105926322916,1.3217749963838532,-0.37451332194942155,-0.8715106374366647,-0.09972105409848263,-0.3280438210086375,1.3080851918507603,1.4261368036056759,-0.4348189785525478,-0.13448561582809335,-0.16389153581153126,1.3073703663857412
1731068386.96,-0.201274063410965,0.06439285492977394,-0.10539889631426844,-0.2727474263764671,1.5065247608229604,-0.4222467253601425,-0.8858277398615424,-0.18097790867321242,-0.3719916831335329,1.3336606114221632,-0.37451332194942155,-1.2375856406895402,-0.09972105409848263,-0.2943645764052809,1.3077370695201616,-0.4501463163628999,0.34096871976767956,-0.13448561582809335,-0.19957979659029434,1.3070231596090653
1731068387.46,-0.482115029746528,-0.3895883658813109,-0.10539889631426844,-0.31252422199257446,1.5058645153005177,-0.4222467253601425,-0.8109670972235313,1.7125343850160237,0.16879306666059216,1.3374894909700457,-0.37451332194942155,-1.1859044637597227,-0.09972105409848263,-0.29195891607646973,1.307388947591798,-0.4501463163628999,-0.38918440806312266,-0.13448561582809335,-0.16694181451057086,1.3066759529935736
1731068387.96,1.4837717346024528,-0.43424225645289294,-0.10539889631426844,0.2841277122490363,1.5052043427347146,-0.599766263845522,-0.7672983890180248,-0.18097790867321242,-0.1267911444070042,1.333521552400015,1.1939154669399505,-0.6712460768336209,-0.09972105409848263,-0.20535514423926726,1.3070408260656827,1.4261368036056759,-0.48805931079021053,-0.13448561582809335,-0.1394893062192146,1.3063287465392963
1731068388.46,-0.201274063410965,-0.13654965264234573,-0.10539889631426844,-0.139302692696623,1.5045442431326144,0.6428705055521089,-0.7984903234505294,-0.18097790867321242,-0.2544297810043753,1.3250663547436106,-1.7188808552831736,-0.6733994592056967,3.573059006625274,-0.04898722286654049,1.3066927049418229,-0.4501463163628999,-0.2218576496018971,-0.13448561582809335,0.03437657962604136,1.3059815402462298
1731068388.96,-0.482115029746528,0.019738964358191786,-0.10539889631426844,-0.300548412559768,1.5038842165013027,-0.4222467253601425,-0.495928559455235,-0.18097790867321242,-0.19732828568449876,1.3180443286969972,-0.37451332194942155,-0.8672038726925132,-0.09972105409848263,-0.24625136982905732,1.3063445842202246,-0.4501463163628999,-0.2548159505109264,-0.13448561582809335,-0.18463343096500043,1.3056343341143912
1731068389.46,-0.482115029746528,-0.27795363945235557,-0.10539889631426844,-0.13502561789919207,1.503224262847856,-0.599766263845522,-0.5333588807742405,1.7125343850160237,-0.03610053419308262,1.3223404248257713,-0.37451332194942155,-0.9877932855287545,-0.09972105409848263,-0.1524306170054213,1.305996463900915,-0.4501463163628999,-0.4576362637972604,-0.13448561582809335,-0.2218468310932833,1.3052871281437803
1731068389.96,1.4837717346024528,0.08671980021556501,-0.10539889631426844,-0.2740305488156964,1.5025643821793517,-0.4222467253601425,-0.5707892020932461,-0.18097790867321242,0.06466681048905255,1.3219347836202626,1.1939154669399505,-0.7509212246004233,-0.09972105409848263,-0.16927023930709953,1.305648343983907,-0.4501463163628999,-0.17368782519639275,-0.13448561582809335,-0.0845842896365022,1.304939922334414
1731068390.46,-0.482115029746528,0.6275280304713926,-0.10539889631426844,-0.1606880666837775,1.5019045745028834,0.6428705055521089,-0.3150153397467086,-0.18097790867321242,0.5181198615586605,1.3192080908846968,-0.37451332194942155,-1.0480879919468753,-0.09972105409848263,0.8435127591224074,1.3053002244692014,1.4261368036056759,-0.3790433923988059,-0.13448561582809335,-0.21056079990683685,1.3045927166863092
1731068390.96,-0.482115029746528,0.06439285492977394,-0.10539889631426844,-0.29456050784336474,1.5012448398255105,-0.4222467253601425,0.4523062472929046,-0.18097790867321242,0.6289639407090091,1.3221325179445838,-0.37451332194942155,-0.9145782848781795,-0.09972105409848263,0.14105994310954278,1.304952105356804,-0.18210587065310885,0.30801041885865027,-0.13448561582809335,-0.09983568313170012,1.3042455111994655
1731068391.46,-0.201274063410965,0.04702745304082532,-0.10539889631426844,-0.023821673165988613,1.5005851781543276,0.6428705055521089,-0.07483744461642305,-0.18097790867321242,1.9758874479602144,1.3315123276244414,-0.37451332194942155,-0.910271520134028,-0.09972105409848263,-0.2967702367340921,1.304603986646749,-0.4501463163628999,0.12547213690094983,-0.13448561582809335,-0.2099507441670289,1.3038983058739038
1731068391.96,-0.482115029746528,0.5282971625345434,-0.10539889631426844,-0.30824714719514357,1.499925589496411,-0.4222467253601425,-0.25886985776820026,-0.18097790867321242,-0.18053372823747615,1.3273543798433305,1.1939154669399505,-0.5614235758577584,-0.09972105409848263,-0.29917589706290326,1.3042558683390424,1.4261368036056759,0.013920964593466048,-0.13448561582809335,-0.11813735532593761,1.3035511007096268
1731068392.46,-0.482115029746528,0.44891246818506436,4.593978028828273,-0.18635051546836284,1.4992660738588288,0.6428705055521089,-0.455379044692979,-0.18097790867321242,0.588657002836155,1.3199344057573714,-0.15045206639380151,-0.8413632842276043,-0.09972105409848263,-0.18370420127996662,1.303907750433698,-0.4501463163628999,-0.234533919182293,-0.13448561582809335,-0.21940660813405163,1.3032038957066416
1731068392.96,-0.201274063410965,0.6275280304713926,-0.10539889631426844,-0.2783076236131273,1.4986066312486797,-1.664883494757786,-0.4241871102604744,1.7125343850160237,0.40055795942950284,1.3221890206897011,-0.37451332194942155,-0.910271520134028,-0.09972105409848263,-0.30398721772052567,1.3035596329307022,-0.18210587065310885,-0.1356590164552054,-0.13448561582809335,-0.09068484703458136,1.3028566908649681
1731068393.46,-0.482115029746528,0.4464316964866431,-0.10539889631426844,-0.1478568422914848,1.4979472616730316,0.8203900440374883,-0.3087769528602077,-0.18097790867321242,-0.16709808227985812,1.320797702376929,-0.37451332194942155,-0.20611548446526146,-0.09972105409848263,-0.2342230681850014,1.3032115158300888,-0.4501463163628999,-0.4043959315595977,-0.13448561582809335,-0.1867686260543281,1.3025094861846136
1731068393.96,-0.482115029746528,0.009815877564506865,-0.10539889631426844,-0.18635051546836284,1.4972879651389832,-0.599766263845522,0.21212835216261908,-0.18097790867321242,1.0421100539057628,1.3109961634336176,1.1939154669399505,-0.6798596063219239,-0.09972105409848263,-0.17408155996472188,1.3028633991318708,-0.4501463163628999,-0.5007355803706064,-0.13448561582809335,-0.2026300752893339,1.302162281665591
1731068394.46,1.4837717346024528,0.08423902851714378,-0.10539889631426844,-0.2162900390503792,1.4966287416535893,0.6428705055521089,0.10919496853535383,-0.18097790867321242,0.5718624453891326,1.3154370874937957,-0.37451332194942155,-0.3676191623709417,-0.09972105409848263,-0.214977785554512,1.3025152828360549,1.4261368036056759,-0.4829888029580522,-0.13448561582809335,-0.1547406997144125,1.3018150773079036
1731068394.96,-0.482115029746528,-0.15887659792813652,-0.10539889631426844,-0.26975347401826544,1.49596959122394,-0.599766263845522,0.5739547915796722,-0.18097790867321242,0.18894653559701904,1.312789647423846,-0.37451332194942155,-0.24918313190677627,-0.09972105409848263,0.21804107363150055,1.3021671669426746,-0.4501463163628999,-0.33594407582546004,-0.13448561582809335,-0.24167364263704055,1.3014678731115652
1731068395.46,-0.482115029746528,0.009815877564506865,-0.10539889631426844,-0.11364024391203754,1.4953105138571245,0.6428705055521089,0.8609205883587148,-0.18097790867321242,1.0656224343315943,1.3129202779658522,-0.37451332194942155,-0.6561724002290907,-0.09972105409848263,-0.214977785554512,1.3018190514517032,-0.18210587065310885,-0.27256272792348063,-0.13448561582809335,-0.19225912771259934,1.3011206690765826
1731068395.96,1.4837717346024528,-0.21345357529340359,-0.10539889631426844,-0.2860063582485029,1.4946515095602246,-1.4873639562724066,1.8341089426528574,1.7125343850160237,2.6073628079682614,1.3210218994913185,1.1939154669399505,-0.14797416041921646,-0.09972105409848263,-0.22219476654094555,1.3014709363631807,-0.4501463163628999,-0.21932239568581793,-0.13448561582809335,1.873694635146908,1.300773465202979
1731068396.46,-0.482115029746528,0.07679671342188009,-0.10539889631426844,0.6134624716512158,1.4939925783403079,-0.4222467253601425,-0.15905566758418552,-0.18097790867321242,0.39719904794009825,1.3182455800003925,-0.37451332194942155,-0.3934597508358506,-0.09972105409848263,-0.21257212522570082,1.3011228216771074,1.4261368036056759,0.018991472425624403,-0.13448561582809335,-0.2187965523942437,1.3004262614907547
1731068396.96,-0.482115029746528,0.2330853304224173,-0.10539889631426844,0.16009254312354015,1.4933337202044688,0.6428705055521089,-0.35868404795221503,-0.18097790867321242,0.4576594547493792,1.3147162035604536,-0.37451332194942155,-0.38053945660339616,-0.09972105409848263,-0.2005438235816449,1.300774707393496,-0.4501463163628999,-0.24721018876268888,-0.13448561582809335,1.2910914036303482,1.3000790579399162
1731068397.46,-0.482115029746528,-0.005068752626020515,-0.10539889631426844,1.1096031481532005,1.4926749351597708,0.8203900440374883,1.023118647407738,-0.18097790867321242,0.5315555075162784,1.3218637376992939,-0.37451332194942155,-0.7057001947868328,-0.09972105409848263,-0.09710042944276415,1.3004265935123875,-0.4501463163628999,-0.06213665288890925,-0.13448561582809335,-0.22916749997097827,1.2997318545504803
1731068397.96,1.4837717346024528,0.6473742040587624,-0.10539889631426844,0.5450292748923213,1.4920162232133167,-0.599766263845522,0.340015283335888,-0.18097790867321242,0.8002684266686386,1.3172877082203485,-0.37451332194942155,-0.910271520134028,-0.09972105409848263,-0.20535514423926726,1.3000784800337413,-0.4501463163628999,-0.07734817638538431,-0.13448561582809335,0.7023876147157092,1.2993846513224574
1731068398.46,-0.482115029746528,0.44147015308980064,-0.10539889631426844,2.52959198090026,1.491357584372188,-0.4222467253601425,0.8141326867099574,1.7125343850160237,-0.37870950611234183,1.3061209721954394,1.1939154669399505,-0.7423076951121204,-0.09972105409848263,-0.24144004917143494,1.2997303669576108,1.4261368036056759,0.03927350375425782,-0.13448561582809335,-0.21849152452433976,1.299037448255864
1731068398.96,-0.482115029746528,0.3868931757245336,-0.10539889631426844,0.7417747155741428,1.4906990186434481,-0.599766263845522,0.3431344767791381,-0.18097790867321242,0.08817919091488402,1.318848365451304,-0.37451332194942155,-0.5937243114388945,-0.09972105409848263,-0.10672307075800888,1.2993822542839828,-0.4501463163628999,0.2522348327049084,-0.13448561582809335,0.24362569838015655,1.298690245350697
1731068399.46,-0.201274063410965,0.42658552289927326,-0.10539889631426844,-0.1564109918863466,1.4900405260341953,-0.4222467253601425,0.17157883740036306,1.7125343850160237,-0.40222188653817337,1.3257127064941314,-0.37451332194942155,-0.7229272537634387,-0.09972105409848263,-0.26068533180192444,1.2990341420128906,-0.4501463163628999,0.6097056348720721,-0.13448561582809335,0.7054378934147487,1.2983430426069764
1731068399.96,-0.482115029746528,0.4216239795024308,-0.10539889631426844,0.4252711805642561,1.4893821065514852,-0.4222467253601425,1.7186987852525906,-0.18097790867321242,-0.31824909930306083,1.3159761437686275,1.1939154669399505,-0.01661783572259653,-0.09972105409848263,1.7312014204537334,1.2986860301443477,-0.4501463163628999,0.3384334658516004,-0.13448561582809335,-0.23343789014963368,1.2979958400247023
1731068400.46,1.4837717346024528,0.5134125323440161,-0.10539889631426844,0.44665655455141057,1.4887237602024375,0.6428705055521089,1.3007268638570295,-0.18097790867321242,1.0152387619905268,1.3130044760240964,-0.37451332194942155,-0.71216034190306,-0.09972105409848263,-0.10672307075800888,1.2983379186783472,1.4261368036056759,0.34350397368375873,-0.13448561582809335,1.2697394527370711,1.2976486376038947
1731068400.96,-0.482115029746528,0.47868172856611885,-0.10539889631426844,-0.2907111405256769,1.488065486994112,-0.4222467253601425,-0.5395972676607415,-0.18097790867321242,-0.4055807980275779,1.3221558102998021,-0.37451332194942155,-0.6152581351596519,-0.09972105409848263,-0.2510626904866797,1.2979898076149028,-0.4501463163628999,0.27758737186570015,-0.13448561582809335,-0.2587552033516622,1.2973014353445707
1731068401.46,-0.201274063410965,0.7565281587892966,-0.10539889631426844,-0.036652897558281335,1.4874072869335977,-1.664883494757786,-0.5583124283202442,3.6060466787052596,-0.3955040635593644,1.3034909296116972,-0.15045206639380151,-0.22334254344186738,-0.09972105409848263,-0.308798538378148,1.297641696954041,-0.18210587065310885,-0.6528508153353569,-0.13448561582809335,0.9860635337263902,1.2969542332467265
1731068401.96,-0.482115029746528,0.850797483329303,-0.10539889631426844,-0.22056711384781008,1.4867491600279765,-0.4222467253601425,-0.25886985776820026,-0.18097790867321242,-0.21748175462092578,1.3160431731282136,1.1939154669399505,-0.6949332829264541,-0.09972105409848263,-0.1163457120732536,1.297293586695762,1.4261368036056759,-0.5514406586921898,-0.13448561582809335,-0.06323233874322513,1.2966070313103761
1731068402.46,1.4837717346024528,0.7193165833129782,-0.10539889631426844,-0.01954459836855771,1.486091106284325,0.6428705055521089,-0.4366638840334762,-0.18097790867321242,-0.2241995775997348,1.3076122972077509,-0.37451332194942155,-0.6475588707407878,-0.09972105409848263,-0.3400721226526934,1.2969454768400923,-0.4501463163628999,-0.7517257180624446,-0.13448561582809335,0.23569497376265358,1.2962598295355294
1731068402.96,-0.482115029746528,0.04206590964398286,-0.10539889631426844,-0.12219439350689935,1.485433125709737,-0.4222467253601425,-0.08107583150292397,-0.18097790867321242,-0.34512039121829685,1.3051060345021406,-0.15045206639380151,-0.39130636846377487,-0.09972105409848263,-0.2751192937747915,1.296597367387032,-0.18210587065310885,-0.9215877304397494,-0.13448561582809335,0.17163912108282242,1.295912627922203
1731068403.46,-0.201274063410965,-0.29283826964288295,-0.10539889631426844,-0.12647146830433026,1.4847752183112852,0.6428705055521089,-0.1372213134814323,-0.18097790867321242,-0.3887862405805554,1.3162998857940607,-0.37451332194942155,-0.35254548576641154,-0.09972105409848263,-0.22700608719856785,1.2962492583365877,-0.4501463163628999,-0.6705975927479111,-0.13448561582809335,-0.06323233874322513,1.295565426470404
1731068403.96,1.4837717346024528,-0.7170502300729129,-0.10539889631426844,2.0847762019674465,1.4841173840960595,-0.4222467253601425,1.3974218605977935,-0.18097790867321242,-0.2678654269619933,1.313326573367007,1.1939154669399505,-0.4925153399513347,-0.09972105409848263,-0.2775249541036027,1.2959011496887862,1.4261368036056759,-0.8860941756146409,-0.13448561582809335,0.08928159620875384,1.2952182251801454
1731068404.46,-0.482115029746528,-0.739377175358704,-0.10539889631426844,-0.23510916815907518,1.4834596230711405,0.6428705055521089,0.22148593249237045,-0.18097790867321242,-0.24435304653616183,1.3118480821260372,-0.15045206639380151,-0.43868078064944116,-0.09972105409848263,0.3262957884280037,1.2955530414436276,-0.18210587065310885,-0.6655270849157527,-0.13448561582809335,-0.06933289614130429,1.294871024051431
1731068404.96,-2.167160827759946,-0.5433962111834271,4.74557083286513,-0.24409102523368006,1.4828019352436055,-0.4222467253601425,-0.22143953644919473,-0.18097790867321242,-0.33504365675008335,1.3176994695409154,-0.37451332194942155,0.2697820197634767,-0.09972105409848263,-0.32323250035101514,1.2952049336011453,-0.4501463163628999,-0.82778333554482,-0.13448561582809335,-0.1394893062192146,1.2945238230842708
1731068405.46,-0.482115029746528,0.27525844929557824,-0.10539889631426844,0.061719822782629406,1.4821443206205525,0.6428705055521089,-1.1104096677755757,-0.18097790867321242,1.7038156173184495,1.3201706603871122,-0.37451332194942155,-0.14582077804714072,-0.09972105409848263,-0.17408155996472188,1.2948568261613325,-0.4501463163628999,0.041808757670336996,-0.13448561582809335,0.13198549799530793,1.2941766222786848
1731068405.96,1.4837717346024528,-0.24570360737287958,-0.10539889631426844,-0.19062759026579376,1.481486779209054,-0.4222467253601425,-0.7454640349152719,-0.18097790867321242,-0.14358570185402666,1.3204719684484085,1.1939154669399505,0.1341189303227053,-0.09972105409848263,-0.09710042944276415,1.2945087191241893,1.4261368036056759,-0.19396985652502616,-0.13448561582809335,0.6017284176474031,1.2938294216346764
1731068406.46,-0.201274063410965,-0.4044729960718382,-0.10539889631426844,0.15153839352867834,1.4808293110162003,0.8203900440374883,-0.7173912939260177,-0.18097790867321242,-0.34512039121829685,1.3169317722770386,-0.15045206639380151,-0.3310116620456544,-0.09972105409848263,-0.22941174752737903,1.2941606124897558,-0.4501463163628999,-0.7491904641463655,-0.13448561582809335,-0.11813735532593761,1.2934822211522625
1731068406.96,-0.482115029746528,-0.3399729319128863,-0.10539889631426844,-0.1521339170889157,1.4801719160490674,-0.4222467253601425,-0.7735367759045257,-0.18097790867321242,-0.11335549844938618,1.3098511237687664,-0.37451332194942155,-1.0373210800864965,-0.09972105409848263,-0.17648722029353311,1.293812506258025,-0.18210587065310885,-0.5818637056851399,-0.13448561582809335,0.04657769442219969,1.2931350208314396
1731068407.46,-0.482115029746528,-0.4416845715481566,-0.10539889631426844,-0.1521339170889157,1.479514594314737,0.8203900440374883,-1.2195814382893415,-0.18097790867321242,-0.05961291461891409,1.3089180184122453,-0.37451332194942155,-0.6346385765083333,-0.09972105409848263,-0.20535514423926726,1.2934644004290377,-0.4501463163628999,-0.23199866526621382,-0.13448561582809335,-0.05713178134514597,1.2927878206722316
1731068407.96,1.4837717346024528,-0.34245370361130756,-0.10539889631426844,-0.3369035483379306,1.4788573458203071,-0.599766263845522,-0.7080337135962664,-0.18097790867321242,-0.35183821419710587,1.3144089429045103,1.1939154669399505,-1.0890022570163143,-0.09972105409848263,-0.30639287804933685,1.2931162950027597,1.4261368036056759,-0.553975912608269,-0.13448561582809335,-0.05103122394706687,1.2924406206746415
1731068408.46,-0.482115029746528,-0.3622998771986774,-0.10539889631426844,-0.010990448773695897,1.4782001705728547,0.8203900440374883,-0.5052861397849864,-0.18097790867321242,-0.1099965869599816,1.3056004837817756,-0.15045206639380151,-1.1665240224110407,-0.09972105409848263,-0.06582684516821882,1.2927681899792451,-0.4501463163628999,-0.2674922200913223,-0.13448561582809335,-0.05408150264610638,1.2920934208386896
1731068408.96,-0.482115029746528,0.16362372286662286,-0.10539889631426844,-0.24109707287547844,1.4775430685794608,-1.664883494757786,-0.4491406578064781,1.7125343850160237,-0.16038025930104927,1.3025402613448704,-0.37451332194942155,-1.2440457878057674,-0.09972105409848263,0.5764844626243665,1.2924200853584802,-0.18210587065310885,-0.30298577491643075,-0.13448561582809335,-0.1547406997144125,1.2917462211643793
1731068409.46,-0.482115029746528,-0.10181884886444849,-0.10539889631426844,0.24991111386958909,1.4768860398472197,-0.4222467253601425,-0.8577549988722882,1.7125343850160237,-0.08648420653415013,1.3025530975830177,-0.15045206639380151,-1.0653150509234812,-0.09972105409848263,-0.29195891607646973,1.292071981140485,-0.4501463163628999,-0.394254915895281,-0.13448561582809335,-0.14864014231633335,1.2913990216517175
1731068409.96,1.4837717346024528,-0.32012675832551646,-0.10539889631426844,-0.17779636587350103,1.476229084383195,-0.4222467253601425,-0.5333588807742405,-0.18097790867321242,2.0464245892377093,1.3111632069260764,1.1939154669399505,-1.280653288131055,-0.09972105409848263,-0.21738344588332317,1.291723877325293,1.4261368036056759,-0.03931936764419666,-0.13448561582809335,-0.1971395736310627,1.2910518223007172
1731068410.46,-0.482115029746528,-0.07949190357865742,-0.10539889631426844,-0.23254292328061663,1.4755722021944937,0.6428705055521089,-0.43354469059022577,-0.18097790867321242,-0.25107086951497076,1.3094966277141349,-0.37451332194942155,-1.050241374318951,-0.09972105409848263,-0.12837401371730947,1.291375773912871,-0.4501463163628999,0.1077253594883956,-0.13448561582809335,-0.017478158257631465,1.2907046231113923
1731068410.96,-0.482115029746528,0.0693543983266164,-0.10539889631426844,-0.02809874796341952,1.474915393288197,-0.4222467253601425,-0.26510824465470123,-0.18097790867321242,-0.41901644398519594,1.3146994558478673,-0.37451332194942155,-1.017940638737815,-0.09972105409848263,-0.05139288319535172,1.2910276709032658,-0.4501463163628999,0.33336295801944205,-0.13448561582809335,0.40651058090887005,1.290357424083756
1731068411.46,-0.482115029746528,0.44147015308980064,-0.10539889631426844,-0.2680426440992931,1.4742586576713819,0.6428705055521089,-0.5988619430825003,-0.18097790867321242,-0.18053372823747615,1.3038360152263127,-0.37451332194942155,-0.8370565194834528,-0.09972105409848263,-0.24625136982905732,1.2906795682964836,-0.18210587065310885,0.37392702067670885,-0.13448561582809335,0.03437657962604136,1.2900102252178083
1731068411.96,1.4837717346024528,0.11648906059661977,-0.10539889631426844,-0.35059018768970956,1.4736019953511377,-0.4222467253601425,-0.2682274380979517,-0.18097790867321242,-0.3148901878136563,1.3076533111649162,1.1939154669399505,-0.8585903432042102,-0.09972105409848263,-0.10431741042919764,1.2903314660925314,1.4261368036056759,-0.07227766855322597,-0.13448561582809335,-0.15169042101537294,1.2896630265135662
1731068412.46,-0.482115029746528,0.029662051151876707,-0.10539889631426844,-0.07086949593772848,1.4729454063345373,0.6428705055521089,-0.2994193725304563,-0.18097790867321242,-0.20068719717390318,1.3131867859911315,-0.37451332194942155,-0.761688136460802,-0.09972105409848263,-0.08507212779870818,1.2899833642914293,-0.4501463163628999,-0.14326477820344263,-0.13448561582809335,-0.22062671961366745,1.289315827971033
1731068412.96,-0.482115029746528,0.15370063607293794,-0.10539889631426844,-0.3048254873571989,1.4722888906286917,-0.4222467253601425,0.3961607653143963,-0.18097790867321242,-0.2611476039831843,1.3033512868181547,-0.15045206639380151,-0.9382654909710126,-0.09972105409848263,-0.21978910621213435,1.289635262893177,-0.4501463163628999,-0.17622307911247193,-0.13448561582809335,0.11368382580107042,1.2889686295902356
1731068413.46,-0.482115029746528,0.2678161342003145,-0.10539889631426844,-0.19490466506322465,1.4716324482406693,-0.4222467253601425,-0.455379044692979,-0.18097790867321242,-0.25107086951497076,1.301876609547707,-0.37451332194942155,-0.8133693133906198,-0.09972105409848263,-0.10431741042919764,1.2892871618977952,-0.4501463163628999,-0.26242171225916394,-0.13448561582809335,-0.19164907197279143,1.288621431371174
1731068413.96,1.4837717346024528,0.2157199285334687,-0.10539889631426844,-0.18207344067093195,1.4709760791775555,0.6428705055521089,-0.39611436927122023,-0.18097790867321242,-0.032741622703678044,1.3039293030103107,1.1939154669399505,-0.8822775492970434,-0.09972105409848263,-0.24625136982905732,1.28893906130529,-0.4501463163628999,-0.15594104778383852,-0.13448561582809335,0.2478960885588119,1.2882742333138548
1731068414.46,-0.482115029746528,0.2653353625018933,-0.10539889631426844,-0.2590607870246882,1.4703197834464399,0.6428705055521089,0.28386980135737966,-0.18097790867321242,0.8439342760308972,1.303611844365895,-0.37451332194942155,-0.819829460506847,-0.09972105409848263,-0.30639287804933685,1.2885909611156816,1.4261368036056759,-0.31819729841290584,-0.13448561582809335,0.11368382580107042,1.287927035418295
1731068414.96,-0.482115029746528,0.176027581358729,-0.10539889631426844,-0.319795249148207,1.469663561054408,-0.4222467253601425,-0.06859905772992213,-0.18097790867321242,-0.0025114192990375673,1.3103227509431876,-0.15045206639380151,-0.703546812414757,-0.09972105409848263,-0.15483627733423241,1.28824286132899,-0.4501463163628999,-0.4474952481329437,-0.13448561582809335,-0.023578715655710628,1.2875798376844945
1731068415.46,-0.201274063410965,-0.03483801300707528,-0.10539889631426844,-0.19062759026579376,1.4690074120085452,0.6428705055521089,0.14350609641110892,-0.18097790867321242,0.30986734921558123,1.3002327175090775,-0.37451332194942155,-0.522662693160395,-0.09972105409848263,-0.24384570950024614,1.287894761945202,-0.4501463163628999,-0.4170722011399936,-0.13448561582809335,-0.15169042101537294,1.2872326401124803
1731068415.96,-0.482115029746528,-0.2233766620870885,-0.10539889631426844,-0.29883758264079563,1.4683513363159415,-0.4222467253601425,0.7611063981746999,-0.18097790867321242,-0.2678654269619933,1.3017473994687971,1.1939154669399505,-0.8004490191581654,-0.09972105409848263,-0.29195891607646973,1.2875466629643442,1.4261368036056759,-0.39932542372743934,-0.13448561582809335,-0.202020019549526,1.2868854427022522
1731068416.46,1.4837717346024528,-0.18864585830919128,-0.10539889631426844,-0.05803827154543586,1.4676953339836691,0.6428705055521089,0.9045892965642212,-0.18097790867321242,-0.04953618015070065,1.3074215984062154,-0.37451332194942155,-0.4365273982773654,-0.09972105409848263,-0.2005438235816449,1.2871985643864368,-0.18210587065310885,-0.234533919182293,-0.13448561582809335,-0.041880387849948124,1.2865382454538308
1731068416.96,-0.482115029746528,0.03958513794556163,-0.10539889631426844,-0.2162900390503792,1.4670394050188307,-0.4222467253601425,1.1977934802297638,-0.18097790867321242,-0.4089397095169824,1.3122794232506614,-0.37451332194942155,-0.32670489730150293,-0.09972105409848263,-0.2510626904866797,1.2868504662114797,-0.4501463163628999,0.0950490899079997,-0.13448561582809335,-0.20415521463885372,1.2861910483672123
1731068417.46,-0.482115029746528,0.3075084813750542,-0.10539889631426844,-0.10080901951974483,1.466383549428499,0.6428705055521089,0.9513771982129777,-0.18097790867321242,-0.42573426696400496,1.303022518834863,-0.37451332194942155,-0.5355829873928495,-0.09972105409848263,-0.26790231278835797,1.2865023684394994,-0.4501463163628999,-0.15087053995168015,-0.13448561582809335,-0.1577909784134521,1.2858438514424069
1731068417.96,1.4837717346024528,0.014777420961349326,-0.10539889631426844,1.751164367767836,1.4657277672197766,-0.4222467253601425,-0.6861993594935132,-0.18097790867321242,-0.14358570185402666,1.302662725203402,1.1939154669399505,-0.36331239762679024,-0.09972105409848263,-0.08747778812751941,1.286154271070483,-0.18210587065310885,-0.13819427037128457,-0.13448561582809335,-0.18402337522519252,1.2854966546794384
1731068418.46,-0.482115029746528,0.8904898305040427,-0.10539889631426844,-0.2671872291398069,1.46507205839974,0.6428705055521089,-0.33684969384946184,-0.18097790867321242,-0.38542732909115085,1.2959392318458898,-0.15045206639380151,-0.5829573995785158,-0.09972105409848263,1.6253523659860414,1.2858061741044635,-0.4501463163628999,-0.1686173173642344,-0.13448561582809335,2.1207672097691135,1.2851494580783132
1731068418.96,-0.482115029746528,0.11400828889819854,-0.10539889631426844,-0.30268694995848344,1.4644164229754797,-0.4222467253601425,-0.4491406578064781,-0.18097790867321242,0.8540110104991108,1.3014083520744064,-0.15045206639380151,-0.5764972524622886,-0.09972105409848263,-0.06823250549702994,1.285458077541448,-0.4501463163628999,-0.08748919204970103,-0.13448561582809335,-0.23648816884867324,1.2848022616390382
1731068419.46,-0.482115029746528,0.4216239795024308,-0.10539889631426844,-0.18635051546836284,1.463760860954076,0.6428705055521089,-0.012453575751413818,-0.18097790867321242,-0.3955040635593644,1.2936322986209476,-0.37451332194942155,-0.5011288694396376,-0.09972105409848263,-0.30639287804933685,1.2851099813814428,-0.18210587065310885,0.1964592465511665,-0.13448561582809335,-0.08763456833554178,1.2844550653616236
1731068419.96,1.4837717346024528,0.32735465496242405,-0.10539889631426844,-0.2539282972677711,1.4631053723426104,-0.599766263845522,0.8016559129369556,-0.18097790867321242,-0.28801889589842034,1.3040835766181982,1.1939154669399505,-0.910271520134028,-0.09972105409848263,-0.19092118226640023,1.2847618856244816,1.4261368036056759,0.13307789864918737,-0.13448561582809335,-0.10898651922881886,1.2841078692460757
1731068420.46,-0.201274063410965,0.26037381910505086,-0.10539889631426844,-0.23981395043624917,1.46244995714819,-0.4222467253601425,0.32130012267638525,1.7125343850160237,-0.24771195802556628,1.3020621486263706,-0.15045206639380151,-0.5657303406019099,-0.09972105409848263,-0.07544948648346345,1.2844137902705375,-0.4501463163628999,0.1178663751527123,-0.13448561582809335,-0.10593624052977928,1.2837606732924185
1731068420.96,-0.482115029746528,0.3199123398671604,-0.10539889631426844,-0.27189201141698094,1.4617946153778956,-0.4222467253601425,0.9732115523157313,-0.18097790867321242,-0.37535059462293735,1.2982982591878909,-0.37451332194942155,-0.5054356341837891,-0.09972105409848263,-0.1307796740461207,1.2840656953196707,-0.4501463163628999,0.2953341492782544,-0.13448561582809335,-0.209340688427221,1.2834134775006518
1731068421.46,-0.482115029746528,0.36704700213716374,-0.10539889631426844,-0.092254869924883,1.4611393470388043,0.6428705055521089,1.0730257424997454,-0.18097790867321242,-0.1939693741950942,1.3052158575684099,-0.37451332194942155,-0.44944769250981986,-0.09972105409848263,0.17473918771289926,1.2837176007718478,-0.18210587065310885,1.1015448945914321,-0.13448561582809335,-0.06323233874322513,1.2830662818707925
1731068421.96,-0.201274063410965,0.6176049436777077,-0.10539889631426844,-0.272319718896724,1.4604841521380145,-2.73000072567005,0.043691906227094145,3.6060466787052596,-0.18053372823747615,1.3088719181557913,1.1939154669399505,-0.3310116620456544,-0.09972105409848263,-0.005685336947939303,1.2833695066271087,1.4261368036056759,0.5995646192077553,-0.13448561582809335,-0.18219320800576877,1.2827190864028406
1731068422.46,1.4837717346024528,0.6250472587729714,-0.10539889631426844,-0.10936316911460664,1.4598290306825985,0.6428705055521089,0.932662037553475,-0.18097790867321242,-0.33840256823948783,1.3006312474263022,-0.15045206639380151,-0.5420431345090767,-0.09972105409848263,-0.19573250292402253,1.2830214128854671,-2.0583889906216846,-0.683273862328307,-0.13448561582809335,-0.23160772293020992,1.282371891096813
1731068422.96,-0.482115029746528,0.9128167757898339,-0.10539889631426844,-0.27060888897775165,1.4591739826796635,-0.4222467253601425,0.1934131915031163,-0.18097790867321242,-0.01258815376725101,1.3025377639262568,-0.37451332194942155,-0.2707169556275337,-0.09972105409848263,0.46341842717024107,1.2826733195469162,1.4261368036056759,-0.6072162448459317,-0.13448561582809335,0.3943094661127117,1.2820246959527228
1731068423.46,-0.482115029746528,0.7366819852019267,-0.10539889631426844,-0.11364024391203754,1.4585190081362946,0.6428705055521089,-0.25886985776820026,-0.18097790867321242,-0.15366243632224025,1.2987427872797879,-0.37451332194942155,0.060903929672130125,-0.09972105409848263,-0.32323250035101514,1.2823252266114826,-0.4501463163628999,-0.36636712281841016,-0.13448561582809335,-0.1608412571124917,1.2816775009705839
1731068423.96,1.4837717346024528,0.7168358116145569,-0.10539889631426844,-0.281729283451072,1.457864107059569,-0.4222467253601425,-0.2994193725304563,-0.18097790867321242,2.0397067662589006,1.3039920466369386,1.1939154669399505,-0.4408341630215169,-0.09972105409848263,-0.29917589706290326,1.2819771340791732,-0.4501463163628999,-0.6731328466639903,-0.13448561582809335,0.2783988755492077,1.2813303061503993
1731068424.46,-2.167160827759946,-0.5161077225007935,-0.10539889631426844,-0.139730400176366,1.4572092794565805,0.6428705055521089,0.08112222754609968,-0.18097790867321242,-0.22084066611033024,1.2890997771203851,-0.37451332194942155,-0.193195190232807,-0.09972105409848263,-0.13318533437493182,1.281629041950008,1.4261368036056759,-0.5869342135172982,-0.13448561582809335,-0.13033847012209587,1.2809831114921792
1731068424.96,1.4837717346024528,-0.5533192979771119,-0.10539889631426844,0.0018407756185968207,1.4565545253344019,-0.599766263845522,0.7954175260504547,-0.18097790867321242,-0.17717481674807173,1.300462243764104,-0.15045206639380151,0.04583025306759994,-0.09972105409848263,-0.2967702367340921,1.2812809502239868,-0.4501463163628999,-0.6883443701604653,-0.13448561582809335,-0.1867686260543281,1.2806359169959305
1731068425.46,-0.201274063410965,-0.32012675832551646,-0.10539889631426844,-0.27916303857261343,1.4558998447001485,0.6428705055521089,0.20277077183286768,-0.18097790867321242,-0.31824909930306083,1.287501562601878,-0.37451332194942155,-0.33747180916188163,-0.09972105409848263,-0.24384570950024614,1.28093285890113,-0.18210587065310885,-0.6452450535871194,-0.13448561582809335,-0.17944795717663314,1.2802887226616768
1731068425.96,1.4837717346024528,-0.2878767262460405,-0.10539889631426844,0.6605102944229556,1.4552452375608973,-0.4222467253601425,-0.043645510183918435,-0.18097790867321242,-0.022664888235464604,1.2882996329207637,1.1939154669399505,-0.2944041617203668,-0.09972105409848263,-0.14280797569017656,1.2805847679814437,1.4261368036056759,-0.4170722011399936,-0.13448561582809335,-0.24014850328752074,1.279941528489421
1731068426.46,-0.482115029746528,-0.4143960828655231,-0.10539889631426844,1.130988522140355,1.4545907039237336,-0.4222467253601425,-0.4429022709199772,-0.18097790867321242,-0.3719916831335329,1.2884621978450232,-0.15045206639380151,0.022143046974766798,-0.09972105409848263,-0.2630909921307356,1.280236677464942,-0.4501463163628999,-0.48805931079021053,-0.13448561582809335,-0.14558986361729379,1.2795943344791703
1731068426.96,-0.482115029746528,0.3075084813750542,-0.10539889631426844,-0.2915665554851631,1.4539362437957517,0.6428705055521089,-0.9887611234888076,-0.18097790867321242,-0.3652738601547239,1.2852046174457716,-0.37451332194942155,0.33653687329782467,-0.09972105409848263,-0.2871475954188474,1.2798885873516446,-0.4501463163628999,-0.8151070659644241,-0.13448561582809335,-0.12728819142305636,1.2792471406309414
1731068427.46,-0.482115029746528,-0.35981910550025614,-0.10539889631426844,-0.1521339170889157,1.4532818571840282,0.6428705055521089,-0.5520740414337433,-0.18097790867321242,-0.3148901878136563,1.3052534679138492,-0.37451332194942155,-0.19534857260488275,-0.09972105409848263,-0.29195891607646973,1.2795404976415714,-0.4501463163628999,-0.4424247403007854,-0.13448561582809335,-0.1577909784134521,1.2788999469447375
1731068427.96,1.4837717346024528,-0.5582808413739543,-0.10539889631426844,-0.2868617732079891,1.452627544095666,-0.4222467253601425,0.14662528985435938,-0.18097790867321242,-0.4089397095169824,1.29021028677117,-0.37451332194942155,-1.0351676977144209,-0.09972105409848263,1.0696448300306587,1.279192408334716,1.4261368036056759,-0.5489054047761106,-0.13448561582809335,-0.21208593925635663,1.278552753420579
1731068428.46,-0.482115029746528,0.04454668134240409,-0.10539889631426844,-0.19918173986065557,1.4519733045377503,0.6428705055521089,-0.9856419300455571,-0.18097790867321242,0.7062189049653125,1.3017182398654077,1.1939154669399505,-1.1622172576668892,-0.09972105409848263,-0.09710042944276415,1.2788443194310781,-0.4501463163628999,-0.6300335300906443,-0.13448561582809335,-0.09678540443266052,1.278205560058469
1731068428.96,-0.482115029746528,-0.4392037998497354,-0.10539889631426844,-0.29712675272182326,1.4513191385173712,-0.599766263845522,-0.33684969384946184,-0.18097790867321242,-0.2947367188772293,1.2928353522312441,-0.37451332194942155,-1.0545481390631024,-0.09972105409848263,-0.25827967147311326,1.2784962309307046,-0.4501463163628999,-0.5286233734474773,-0.13448561582809335,-0.16694181451057086,1.2778583668584211
1731068429.46,-0.201274063410965,-0.30772289983341033,-0.10539889631426844,-0.19490466506322465,1.4506650460416093,0.6428705055521089,-0.5739083955364965,-0.18097790867321242,-0.3652738601547239,1.2984250954443088,-0.37451332194942155,-0.9447256380872399,-0.09972105409848263,0.0833240952180744,1.278148142833589,-0.4501463163628999,-0.5058060882027647,-0.13448561582809335,-0.06018206004418555,1.2775111738204457
1731068429.96,1.4837717346024528,-0.23329974888077343,-0.10539889631426844,-0.2714643039372378,1.4500110271175504,-0.4222467253601425,-0.7329872611422701,-0.18097790867321242,-0.35183821419710587,1.2841148029773921,1.1939154669399505,-0.983486520784603,-0.09972105409848263,0.15789956541122102,1.2778000551397513,-0.18210587065310885,-0.42974847072038946,-0.13448561582809335,1.0531696651052609,1.2771639809445423
1731068430.46,-0.482115029746528,-0.28539595454761923,-0.10539889631426844,-0.092254869924883,1.449357081752306,0.6428705055521089,-0.583265975866248,-0.18097790867321242,-0.28465998440901585,1.2907299086955937,-0.15045206639380151,-0.9490324028313913,-0.09972105409848263,-0.26068533180192444,1.2774519678491913,1.4261368036056759,-0.3105915366646683,-0.13448561582809335,-0.14864014231633335,1.2768167882307413
1731068430.96,-0.201274063410965,-0.08445344697549988,-0.10539889631426844,-0.24879580751085406,1.4487032099529524,-0.4222467253601425,-0.8795893529750415,-0.18097790867321242,-0.3551971256865104,1.2797311002244367,-0.37451332194942155,-0.7100069595309842,-0.09972105409848263,0.3383240900720596,1.2771038809619226,-0.4501463163628999,-0.320732552328985,-0.13448561582809335,-0.11508707662689802,1.276469595679043
1731068431.46,-0.482115029746528,-0.22585743378550974,-0.10539889631426844,-0.1692422162786393,1.4480494117265799,0.6428705055521089,-0.7672983890180248,-0.18097790867321242,-0.2678654269619933,1.2889805907969027,-0.15045206639380151,-1.0890022570163143,-0.09972105409848263,-0.14521363601898768,1.2767557944779786,-2.0583889906216846,-0.0570661450567509,4.471324869238586,-0.2050702982485656,1.2761224032894605
1731068431.96,1.20293076826688,-0.1514342828328731,-0.10539889631426844,-0.24836810003111098,1.447395687080278,-0.4222467253601425,-0.6331730709582554,-0.18097790867321242,-0.3115312763242518,1.295713670222961,1.1939154669399505,-0.9145782848781795,-0.09972105409848263,-0.2799306144324139,1.276407708397339,1.4261368036056759,0.2370233092084333,-0.13448561582809335,-0.22916749997097827,1.275775211061994
1731068432.46,-0.201274063410965,-0.06708804508655127,-0.10539889631426844,-0.20773588945551738,1.4467420360211278,0.6428705055521089,-0.502166946341736,-0.18097790867321242,-0.21748175462092578,1.2980835005561076,-0.37451332194942155,-1.0868488746442386,-0.09972105409848263,1.353512748830378,1.2760596227200576,-0.18210587065310885,-0.1331237625391262,-0.13448561582809335,-0.06933289614130429,1.2754280189966638
1731068432.96,-0.201274063410965,-0.1737612281186639,-0.10539889631426844,-0.24494644019316625,1.4460884585562408,-0.4222467253601425,0.3244193161196353,-0.18097790867321242,0.3837634019824802,1.2880092807426717,-0.37451332194942155,-0.9597993146917699,-0.09972105409848263,-0.2775249541036027,1.2757115374461008,-0.4501463163628999,-0.38918440806312266,-0.13448561582809335,-0.19805465724077456,1.2750808270934797
1731068433.46,-0.482115029746528,0.17354680966030778,-0.10539889631426844,-0.34160833061510465,1.4454349546926892,0.6428705055521089,-0.25886985776820026,-0.18097790867321242,2.086731527110563,1.2892723510907274,-0.37451332194942155,-0.9576459323196942,-0.09972105409848263,-0.3112041987069592,1.2753634525755086,-0.4501463163628999,-0.21932239568581793,-0.13448561582809335,-0.06628261744226471,1.2747336353524552
1731068433.96,-0.482115029746528,0.6027203134871804,4.593978028828273,-0.18635051546836284,1.444781524437576,-0.4222467253601425,0.19029399805986583,-0.18097790867321242,-0.14358570185402666,1.2919420765665475,1.1939154669399505,-0.5269694579045465,-0.09972105409848263,-0.17408155996472188,1.2750153681082879,-0.4501463163628999,0.4728019234037968,-0.13448561582809335,-0.09678540443266052,1.2743864437735972
1731068434.46,-0.482115029746528,-0.012511067721284207,-0.10539889631426844,-0.2646209842613484,1.4441281677979778,0.6428705055521089,0.9295428441102249,-0.18097790867321242,-0.04617726866129607,1.2934520032019838,-0.37451332194942155,-0.8262896076230741,-0.09972105409848263,-0.2823362747612251,1.2746672840444453,1.4261368036056759,-0.06467190680498844,-0.13448561582809335,-0.19530940641163894,1.274039252356909
1731068434.96,-0.482115029746528,0.2827007643908419,-0.10539889631426844,-0.20773588945551738,1.4434748847809802,-0.4222467253601425,-0.22143953644919473,-0.18097790867321242,-0.3585560371759149,1.2908047614396552,-0.37451332194942155,-0.7918354896698624,-0.09972105409848263,-0.30398721772052567,1.274319200384014,-0.4501463163628999,-0.22692815743405548,-0.13448561582809335,0.14723689149050576,1.2736920611024074
1731068435.46,-0.482115029746528,0.674662692741396,-0.10539889631426844,-0.348023942811251,1.4428216753936989,-0.4222467253601425,-0.33684969384946184,1.7125343850160237,0.10161483687250204,1.2998872802691688,-0.37451332194942155,1.0126989381296068,-0.09972105409848263,-0.2366287285138126,1.2739711171269745,-0.4501463163628999,-0.5260881195313982,-0.13448561582809335,-0.2441138655962722,1.2733448700101058
1731068435.96,-0.482115029746528,0.38937394742295484,-0.10539889631426844,-0.010990448773695897,1.4421685396432147,-0.4222467253601425,0.08736061443260061,-0.18097790867321242,-0.4324520899428139,1.2864036630713183,1.1939154669399505,-0.6733994592056967,-0.09972105409848263,-0.25827967147311326,1.2736230342733597,-0.18210587065310885,-0.5767931978529816,-0.13448561582809335,-0.07543345353938345,1.2729976790800177
1731068436.46,1.4837717346024528,0.42658552289927326,-0.10539889631426844,0.37822335779251626,1.4415154775366135,0.6428705055521089,-0.059241477400170744,-0.18097790867321242,-0.3719916831335329,1.287607658785081,-0.37451332194942155,-0.8413632842276043,-0.09972105409848263,-0.30639287804933685,1.2732749518231699,1.4261368036056759,-0.31819729841290584,-0.13448561582809335,-0.16694181451057086,1.2726504883121432
1731068436.96,-0.482115029746528,0.620085715376129,-0.10539889631426844,-0.13502561789919207,1.4408624890809847,-0.4222467253601425,0.5521204374769194,-0.18097790867321242,-0.14022679036462224,1.2933413720705087,-0.37451332194942155,-0.5592701934856826,-0.09972105409848263,-0.061015524510596456,1.2729268697764249,-0.4501463163628999,-0.23199866526621382,-0.13448561582809335,-0.07238317484034387,1.272303297706499
1731068437.46,-0.482115029746528,-0.34493447530972876,-0.10539889631426844,-0.19490466506322465,1.4402095742834098,0.6428705055521089,0.16534045051386215,-0.18097790867321242,-0.37870950611234183,1.2885333401209003,-0.37451332194942155,-0.7057001947868328,-0.09972105409848263,-0.214977785554512,1.2725787881331516,-0.4501463163628999,-0.05199563722459255,-0.13448561582809335,-0.005277043461473137,1.2719561072630885
1731068437.96,-0.201274063410965,-0.002587980927599285,-0.10539889631426844,-0.27189201141698094,1.439556733151004,-0.4222467253601425,0.7330336571854454,-0.18097790867321242,1.7239690862548769,1.2799894878269311,1.1939154669399505,-0.8219828428789226,-0.09972105409848263,-0.12837401371730947,1.2722307068933367,1.4261368036056759,-0.22946341135013465,-0.13448561582809335,-0.18524348670480834,1.2716089169819351
1731068438.46,1.4837717346024528,-0.19360740170603374,-0.10539889631426844,-0.09653194472231393,1.4389039656908487,-0.599766263845522,1.2165086408892667,-0.18097790867321242,-0.24435304653616183,1.2801584022994084,-0.37451332194942155,-0.531276222648698,-0.09972105409848263,-0.26790231278835797,1.271882626057,-0.4501463163628999,-0.2903095053360349,-0.13448561582809335,-0.13643902752017503,1.271261726863046
1731068438.96,-0.201274063410965,-0.1985689451028762,-0.10539889631426844,-0.32278920150640866,1.4382512719100293,0.8203900440374883,0.2402010931518732,-0.18097790867321242,-0.32496692228186985,1.2902911972247835,-0.37451332194942155,-0.5657303406019099,-0.09972105409848263,-0.14040231536136533,1.2715345456241551,-0.4501463163628999,-0.18636409477678864,-0.13448561582809335,-0.20842560481750913,1.2709145369064208
1731068439.46,-0.482115029746528,-0.09933807716602726,-0.10539889631426844,0.23280281467986547,1.43759865181564,0.6428705055521089,-0.5863851693094984,-0.18097790867321242,-0.28465998440901585,1.2870735705049352,-0.37451332194942155,-0.3869996037196234,-0.09972105409848263,-0.0946947691139529,1.271186465594822,-0.18210587065310885,0.03166774200602029,-0.13448561582809335,-0.06933289614130429,1.2705673471120795
1731068439.96,1.4837717346024528,0.24300841721610222,-0.10539889631426844,-0.10080901951974483,1.4369461054147747,-0.4222467253601425,-0.4241871102604744,-0.18097790867321242,-0.33504365675008335,1.2880855894719825,1.1939154669399505,-0.3503921033943358,-0.09972105409848263,-0.2775249541036027,1.2708383859690073,-0.4501463163628999,0.5285775095575383,-0.13448561582809335,-0.2361831409787693,1.2702201574800225
1731068440.46,-0.201274063410965,0.2802199926924207,-0.10539889631426844,0.4637648537411342,1.4362936327145235,0.6428705055521089,-0.12162534626517997,-0.18097790867321242,-0.1939693741950942,1.27731777099102,-0.15045206639380151,-0.4343740159052897,-0.09972105409848263,0.2685599405365353,1.2704903067467246,1.4261368036056759,0.05448502725073288,-0.13448561582809335,-0.07543345353938345,1.26987296801028
1731068440.96,-0.482115029746528,0.118969832295041,-0.10539889631426844,0.04888859839033669,1.43564123372198,-0.4222467253601425,-0.22143953644919473,-0.18097790867321242,-0.19061046270568974,1.2936269880018298,-0.37451332194942155,-0.6841663710660754,-0.09972105409848263,-0.24625136982905732,1.2701422279279737,-0.4501463163628999,-0.0038258128190881893,-0.13448561582809335,-0.2462490606855999,1.2695257787028453
1731068441.46,-0.482115029746528,0.37448931723242745,-0.10539889631426844,-0.21201296425294827,1.434988908444234,0.6428705055521089,-0.03740712329741751,-0.18097790867321242,-0.25107086951497076,1.2761172880677374,-0.37451332194942155,-0.7767618130653322,-0.09972105409848263,-0.19573250292402253,1.2697941495127814,-0.4501463163628999,0.6578754592775764,-0.13448561582809335,-0.13338874882113544,1.2691785895577417
1731068441.96,1.4837717346024528,0.4464316964866431,-0.10539889631426844,2.0762220523725845,1.43433665688838,-0.4222467253601425,0.21524754560586953,-0.18097790867321242,0.000847492190367013,1.2721125687722858,1.1939154669399505,-0.5851107819505915,-0.09972105409848263,1.156248601867861,1.2694460715011542,-0.18210587065310885,0.23448805529235414,-0.13448561582809335,-0.18402337522519252,1.2688314005749628
1731068442.46,-0.201274063410965,0.42410475120085206,-0.10539889631426844,-0.25692224962597277,1.4336844790614989,0.6428705055521089,1.2227470277757675,-0.18097790867321242,1.6702265024244047,1.2906178010038656,-0.37451332194942155,-0.7832219601815594,-0.09972105409848263,-0.2799306144324139,1.269097993893119,1.4261368036056759,0.4271673529143716,-0.13448561582809335,-0.18463343096500043,1.268484211754525
1731068442.96,-0.482115029746528,0.8904898305040427,-0.10539889631426844,-0.2714643039372378,1.4330323749706977,0.46535096706674206,0.6987225293096907,-0.18097790867321242,-0.44588773590043196,1.2857652607655765,-0.37451332194942155,-0.6647859297173937,-0.09972105409848263,-0.22700608719856785,1.2687499166886624,-0.18210587065310885,0.5159012399771425,-0.13448561582809335,0.11368382580107042,1.268137023096449
1731068443.46,-0.201274063410965,0.48116250026454005,-0.10539889631426844,-0.07086949593772848,1.432380344623066,-1.3098444177870272,-0.7517024218017728,-0.18097790867321242,-0.1939693741950942,1.2817633087046854,-0.37451332194942155,-0.6841663710660754,-0.09972105409848263,-0.07304382615465231,1.2684018398878047,-0.4501463163628999,-0.37143763065056856,-0.13448561582809335,-0.06933289614130429,1.267789834600738
1731068443.96,1.4837717346024528,0.5481433361219132,-0.10539889631426844,-0.3300602286620412,1.4317283880256984,0.6428705055521089,-0.17153244135718737,-0.18097790867321242,-0.3988629750487689,1.2879455336681633,1.1939154669399505,-0.5872641643226673,-0.09972105409848263,-0.20776080456807844,1.2680537634905722,-0.4501463163628999,-0.6503155614192777,-0.13448561582809335,0.38210835131655335,1.2674426462674084
1731068444.46,-0.482115029746528,0.6821050078366597,-0.10539889631426844,-0.11364024391203754,1.4310765051856755,0.6428705055521089,-0.6487690381745076,-0.18097790867321242,-0.20404610866330777,1.282227754562303,-0.37451332194942155,-0.4085334274403808,-0.09972105409848263,-0.2727136334459803,1.2677056874969586,1.4261368036056759,-0.7111616554051778,-0.13448561582809335,-0.24899431151473553,1.2670954580964606
1731068444.96,-0.201274063410965,0.6870665512335021,-0.10539889631426844,-0.26248244686263295,1.4304246961100917,-0.4222467253601425,0.20588996527611814,-0.18097790867321242,0.10161483687250204,1.2797514444093276,-0.37451332194942155,-0.29009739697621534,-0.09972105409848263,-0.14280797569017656,1.2673576119070036,-0.4501463163628999,-0.7872192728875531,-0.13448561582809335,0.04047713702412053,1.2667482700879047
1731068445.46,-0.482115029746528,-0.07949190357865742,-0.10539889631426844,-0.1692422162786393,1.4297729608060494,0.6428705055521089,-0.14657889381118366,-0.18097790867321242,-0.2577886924937798,1.2726481973728647,-0.15045206639380151,-0.4580612219981228,-0.09972105409848263,-0.21738344588332317,1.2670095367206808,-0.4501463163628999,-0.756796225894603,-0.13448561582809335,0.32110277733576187,1.2664010822417642
1731068445.96,-0.201274063410965,-0.38462682248446844,-0.10539889631426844,-0.29113884800542,1.4291212992806388,-0.4222467253601425,0.028095939010841838,-0.18097790867321242,-0.08984311802355457,1.2852488263273114,1.1939154669399505,-0.30732445595282126,-0.09972105409848263,-0.21738344588332317,1.266661461938037,1.4261368036056759,-0.2979152670842724,-0.13448561582809335,-0.07543345353938345,1.266053894558039
1731068446.46,1.4837717346024528,-0.5806077866597453,-0.10539889631426844,-0.09653194472231393,1.428469711540954,0.6428705055521089,0.21836673904911966,-0.18097790867321242,-0.2074050201527122,1.276294382420894,-0.37451332194942155,-0.32239813255735145,-0.09972105409848263,1.2091731291017072,1.2663133875590653,-0.4501463163628999,-0.6908796240765446,-0.13448561582809335,0.17773967848090158,1.2657067070367494
1731068446.96,-0.201274063410965,-0.05964572999128758,-0.10539889631426844,-0.30225924247874036,1.427818197594084,-0.4222467253601425,0.7330336571854454,-0.18097790867321242,0.7801149577322115,1.2872716447735908,-0.37451332194942155,-0.1824282783724283,-0.09972105409848263,-0.19573250292402253,1.2659653135837725,-2.0583889906216846,-0.8049660503001074,4.471324869238586,-0.0845842896365022,1.265359519677892
1731068447.46,-0.482115029746528,-0.3126844432302528,-0.10539889631426844,0.08310519676978394,1.4271667574471107,0.6428705055521089,0.6644114014339353,-0.18097790867321242,-0.24435304653616183,1.278657985397811,-0.37451332194942155,-0.2836372498599881,-0.09972105409848263,-0.08266646746989705,1.2656172400121988,-0.4501463163628999,-0.7821487650553948,-0.13448561582809335,0.3668569578213555,1.2650123324814804
1731068447.96,1.4837717346024528,-0.40943453946868064,-0.10539889631426844,-0.31765671174949156,1.426515391107154,-0.4222467253601425,-1.257011759608347,-0.18097790867321242,-0.39214515206995987,1.2805958388772316,1.1939154669399505,0.058750547300054384,-0.09972105409848263,-0.2799306144324139,1.2652691668443306,-0.4501463163628999,-0.33340882190938087,-0.13448561582809335,0.028276022227962196,1.2646651454475344
1731068448.46,-0.482115029746528,-0.588050101755009,-0.10539889631426844,-0.20773588945551738,1.4258640985812947,0.6428705055521089,-0.6425306512880067,-0.18097790867321242,0.18894653559701904,1.277302081408697,-0.37451332194942155,-0.2664101908833822,-0.09972105409848263,-0.13318533437493182,1.2649210940801883,1.4261368036056759,-0.18636409477678864,-0.13448561582809335,-0.12118763402497719,1.2643179585760644
1731068448.96,-0.482115029746528,-0.3995114526749957,-0.10539889631426844,-0.29840987516105255,1.4252128798766186,-0.4222467253601425,-1.1384824087648298,-0.18097790867321242,-0.3686327716441284,1.2804117543237852,-0.15045206639380151,-0.7530746069724991,-0.09972105409848263,-0.027336279907239896,1.2645730217197781,-0.4501463163628999,-0.43228372463646864,-0.13448561582809335,-0.06018206004418555,1.2639707718670703
1731068449.46,-0.482115029746528,-0.45904997343710524,-0.10539889631426844,-0.07942364553259029,1.4245617350002324,-0.4222467253601425,-1.0854561202295718,1.7125343850160237,-0.2544297810043753,1.2806133753636362,-0.37451332194942155,-0.7767618130653322,-0.09972105409848263,-0.2727136334459803,1.2642249497631204,-0.4501463163628999,-0.34101458365761844,-0.13448561582809335,-0.1547406997144125,1.2636235853205724
1731068449.96,-0.201274063410965,-0.20849203189656113,-0.10539889631426844,-0.30953026963437286,1.4239106639592047,-0.4222467253601425,-0.44602146436322765,-0.18097790867321242,-0.24771195802556628,1.2764871150674029,1.1939154669399505,-1.1363766692019803,-0.09972105409848263,0.10256937784856388,1.2638768782102419,-0.18210587065310885,-0.3460850914897768,-0.13448561582809335,-0.1882937654038479,1.2632763989365707
1731068450.46,1.4837717346024528,-0.25314592246814327,-0.10539889631426844,0.0018407756185968207,1.4232596667606636,0.6428705055521089,-0.44602146436322765,-0.18097790867321242,0.057948987510243535,1.2798633758614113,-0.37451332194942155,-0.48174842809095597,-0.09972105409848263,-0.1524306170054213,1.2635288070611224,1.4261368036056759,-0.27763323575563903,-0.13448561582809335,-0.09373512573362094,1.2629292127150817
1731068450.96,-0.482115029746528,0.07927748512030132,-0.10539889631426844,-0.3112410995533452,1.422608743411682,-0.4222467253601425,-0.46161743157947993,-0.18097790867321242,-0.042818357171891634,1.2772225200316594,-0.37451332194942155,-1.1449901986902833,-0.09972105409848263,1.358324069488,1.2631807363157954,-0.18210587065310885,0.1635009456421375,-0.13448561582809335,-0.10898651922881886,1.262582026656126
1731068451.46,-0.201274063410965,-0.35733833380183494,-0.10539889631426844,-0.11791731870946845,1.4219578939193627,0.6428705055521089,-0.6737225857205114,-0.18097790867321242,1.4250259636978764,1.2779800797101495,-0.15045206639380151,-1.1622172576668892,-0.09972105409848263,-0.046581562537729354,1.262832665974261,-0.4501463163628999,-0.2573512044270056,-0.13448561582809335,-0.05713178134514597,1.2622348407596966
1731068451.96,-0.482115029746528,-0.35733833380183494,4.593978028828273,-0.3146627593912899,1.4213071182907953,-0.4222467253601425,-0.7205104873692683,-0.18097790867321242,2.3688800922205413,1.2697597802997544,1.1939154669399505,-1.1557571105506623,-0.09972105409848263,-0.05379854352416285,1.2624845960365458,1.4261368036056759,-0.6122867526780901,-0.13448561582809335,-0.18097309652615293,1.2618876550258173
1731068452.46,-0.201274063410965,-0.4069537677702594,-0.10539889631426844,-0.20345881465808646,1.4206564165330648,0.8203900440374883,-0.7610600021315239,-0.18097790867321242,-0.00922924227784658,1.280023062636915,-0.37451332194942155,-1.009327109249512,-0.09972105409848263,-0.3136098590357704,1.2621365265026634,-0.18210587065310885,-0.4196074550560728,-0.13448561582809335,-0.16389153581153126,1.2615404694544845
1731068452.96,-0.482115029746528,0.03214282285029794,-0.10539889631426844,-0.092254869924883,1.4200057886532877,-0.4222467253601425,-0.6737225857205114,-0.18097790867321242,-0.33504365675008335,1.277228104509949,-0.15045206639380151,-1.1772909342714197,-0.09972105409848263,-0.10431741042919764,1.2617884573726001,-0.4501463163628999,0.11026061340447477,-0.13448561582809335,-0.18463343096500043,1.2611932840457252
1731068453.46,-0.482115029746528,-0.2308189771823522,-0.10539889631426844,-0.2847232358092736,1.4193552346585403,0.6428705055521089,-0.5271204938877396,-0.18097790867321242,-0.17381590525866714,1.2852986154768289,-0.37451332194942155,-1.216051816968783,-0.09972105409848263,-0.2751192937747915,1.2614403886463896,-0.18210587065310885,-0.20918138002150122,-0.13448561582809335,-0.2050702982485656,1.2608460987995393
1731068453.96,1.4837717346024528,-0.15639582622971557,-0.10539889631426844,-0.092254869924883,1.4187047545559255,-0.4222467253601425,-0.46785581846598084,-0.18097790867321242,-0.19061046270568974,1.267319751194663,1.1939154669399505,-0.6475588707407878,-0.09972105409848263,-0.28955325574765856,1.2610923203240452,1.4261368036056759,-0.28523899750387655,-0.13448561582809335,0.09843243230587258,1.2604989137159437
1731068454.46,-0.201274063410965,-0.022434154514969128,-0.10539889631426844,-0.2736028413359533,1.4180543483525374,0.6428705055521089,0.031215132454092298,-0.18097790867321242,-0.2980956303666338,1.2804670324588414,-0.37451332194942155,-0.9274985791106339,-0.09972105409848263,-0.10431741042919764,1.2607442524055665,-0.18210587065310885,0.03420299592209946,-0.13448561582809335,-0.22642224914184264,1.2601517287949453
1731068454.96,-0.482115029746528,0.12393137569188346,-0.10539889631426844,0.08310519676978394,1.4174040160554569,-0.4222467253601425,-0.049883897070419354,-0.18097790867321242,-0.13015005589640863,1.2747904732564737,-0.37451332194942155,-1.026554168226118,-0.09972105409848263,-0.3208268400222039,1.2603961848909877,-0.4501463163628999,-0.17368782519639275,-0.13448561582809335,0.23264469506361404,1.259804544036544
1731068455.46,-0.482115029746528,0.07183517002503763,-0.10539889631426844,-0.31337963695206067,1.4167537576718,0.8203900440374883,-0.33061130696296087,-0.18097790867321242,-0.14694461334343126,1.2697939986820441,-0.15045206639380151,-0.9641060794359214,-0.09972105409848263,-0.25346835081549085,1.2600481177802947,-0.4501463163628999,0.04434401158641617,-0.13448561582809335,-0.19134404410288747,1.2594573594407732
1731068455.96,-0.201274063410965,0.21820070023188992,-0.10539889631426844,-0.19062759026579376,1.4161035732086475,-0.599766263845522,0.340015283335888,-0.18097790867321242,-0.2980956303666338,1.2693416075372674,1.1939154669399505,-0.7466144598562718,-0.09972105409848263,1.8274278336061807,1.259700051073508,-0.4501463163628999,-0.29284475925211406,-0.13448561582809335,0.08623131750971426,1.2591101750076297
1731068456.46,1.4837717346024528,0.3844124040261124,-0.10539889631426844,-0.11364024391203754,1.4154534626731112,0.6428705055521089,-0.3711608217252165,-0.18097790867321242,2.244600367112575,1.2736490055159537,-0.37451332194942155,-0.5377363697649252,-0.09972105409848263,-0.18610986160877785,1.259351984770654,1.4261368036056759,-0.2446749348466097,-0.13448561582809335,-0.1425395849182542,1.2587629907371238
1731068456.96,-0.201274063410965,0.176027581358729,-0.10539889631426844,0.23280281467986547,1.414803426072263,-0.4222467253601425,-0.22143953644919473,-0.18097790867321242,-0.18725155121628517,1.2671283180206465,-0.37451332194942155,-0.5528100463694554,-0.09972105409848263,-0.10912873108682,1.2590039188717197,-0.4501463163628999,-0.5666521821886649,-0.13448561582809335,-0.19683454576115872,1.2584158066292686
1731068457.46,-0.482115029746528,0.5828741398998105,-0.10539889631426844,-0.23297063076035973,1.4141534634132062,0.6428705055521089,0.0717646472163483,-0.18097790867321242,-0.3316847452606788,1.2832904283596869,-0.37451332194942155,-0.414993574556608,-0.09972105409848263,-0.25827967147311326,1.2586558533767584,-0.4501463163628999,-0.320732552328985,-0.13448561582809335,-0.1425395849182542,1.2580686226840678
1731068457.96,-0.201274063410965,0.37697008893084866,-0.10539889631426844,-0.30397007239771273,1.4135035747030478,-0.4222467253601425,0.30882334890338337,-0.18097790867321242,0.09153810240428845,1.27314370984775,1.1939154669399505,-0.8865843140411949,-0.09972105409848263,-0.1812985409511555,1.25830778828573,1.4261368036056759,-0.20411087218934287,-0.13448561582809335,-0.20781554907770122,1.2577214389015414
1731068458.46,1.4837717346024528,0.24548918891452345,-0.10539889631426844,-0.036652897558281335,1.4128537599488729,0.6428705055521089,0.13102932263810707,-0.18097790867321242,-0.24435304653616183,1.2702439478693734,-0.15045206639380151,-0.6281784293921061,-0.09972105409848263,-0.08266646746989705,1.257959723598688,-0.4501463163628999,-0.0038258128190881893,-0.13448561582809335,-0.11813735532593761,1.2573742552817029
1731068458.96,-0.201274063410965,-0.03731878470549651,-0.10539889631426844,-0.3475962353315079,1.41220401915778,-0.4222467253601425,1.0044034867482352,-0.18097790867321242,-0.2947367188772293,1.2618275429243058,-0.37451332194942155,-0.8026024015302411,-0.09972105409848263,-0.2366287285138126,1.257611659315619,-0.4501463163628999,-0.23199866526621382,-0.13448561582809335,-0.2187965523942437,1.2570270718245555
1731068459.46,-0.482115029746528,-0.09685730546760603,-0.10539889631426844,-0.10936316911460664,1.4115543523368592,-0.4222467253601425,0.770463978504451,1.7125343850160237,-0.24099413504675726,1.266324657842117,-0.37451332194942155,1.1935830573839683,-0.09972105409848263,-0.061015524510596456,1.2572635954365496,-0.18210587065310885,0.28519313361393767,-0.13448561582809335,-0.14558986361729379,1.256679888530106
1731068459.96,1.4837717346024528,0.20579684173978377,-0.10539889631426844,-0.25863307954494513,1.4109047594932085,-0.4222467253601425,1.0761449359429962,-0.18097790867321242,-0.40222188653817337,1.2737402358759784,1.1939154669399505,-0.23841622004639756,-0.09972105409848263,-0.17889288062234426,1.2569155319615135,-0.4501463163628999,0.3308277041033629,4.327393291580252,-0.20476527037866163,1.2563327053983715
1731068460.46,-0.482115029746528,-0.07701113188023619,-0.10539889631426844,-0.20345881465808646,1.4102552406339308,-0.4222467253601425,-0.44602146436322765,-0.18097790867321242,-0.41901644398519594,1.2634290628587823,-0.37451332194942155,-0.37407930948716894,-0.09972105409848263,0.8868146450410088,1.256567468890457,-0.4501463163628999,0.52350700172538,-0.13448561582809335,0.196956434284851,1.255985522429362
1731068460.96,-0.482115029746528,-0.005068752626020515,-0.10539889631426844,-0.11364024391203754,1.4096057957661245,0.6428705055521089,-0.617577103742003,-0.18097790867321242,0.723013462412335,1.2688208796238019,-0.37451332194942155,-0.3460853386501846,-0.09972105409848263,-0.08266646746989705,1.2562194062234537,-2.0583889906216846,-0.05960139897283008,4.471324869238586,0.5986781389483635,1.2556383396230906
1731068461.46,-0.482115029746528,0.21323915683504746,-0.10539889631426844,-0.3266385688240965,1.4089564248968665,0.6428705055521089,-0.2557506643249498,-0.18097790867321242,-0.3585560371759149,1.2738928056365675,-0.15045206639380151,-0.7853753425536352,-0.09972105409848263,-0.17167589963591076,1.2558713439604903,-0.18210587065310885,0.05448502725073288,-0.13448561582809335,0.28449943294728686,1.2552911569795577
1731068461.96,1.4837717346024528,0.20579684173978377,-0.10539889631426844,-0.111073999033579,1.4083071280332724,-0.4222467253601425,0.021857552124340915,-0.18097790867321242,-0.37535059462293735,1.2711060314034552,-0.37451332194942155,-0.8650504903204375,-0.09972105409848263,-0.2871475954188474,1.2555232821015867,-0.4501463163628999,0.4322378607465299,-0.13448561582809335,0.5346222862685324,1.2549439744987867
1731068462.46,-0.482115029746528,0.029662051151876707,-0.10539889631426844,0.10449057075693846,1.407657905182419,0.6428705055521089,-0.012453575751413818,-0.18097790867321242,-0.24435304653616183,1.2571578626782067,1.1939154669399505,-0.6906265181823026,-0.09972105409848263,-0.029741940236051024,1.2551752206467564,1.4261368036056759,-0.0038258128190881893,-0.13448561582809335,0.4553150400935033,1.2545967921807741
1731068462.96,-0.482115029746528,0.176027581358729,-0.10539889631426844,-0.19062759026579376,1.4070087563514264,-0.4222467253601425,0.5739547915796722,-0.18097790867321242,-0.3148901878136563,1.27371224143078,-0.37451332194942155,-0.7358475479958931,-0.09972105409848263,-0.214977785554512,1.254827159596006,-0.4501463163628999,0.07730231249544547,-0.13448561582809335,0.6261306472397197,1.2542496100255436
1731068463.46,-0.482115029746528,0.34968160024821515,-0.10539889631426844,-0.22056711384781008,1.4063596815473756,0.6428705055521089,0.23084351282212148,-0.18097790867321242,-0.2813010729196113,1.261145705124598,-0.37451332194942155,-0.7250806361355144,-0.09972105409848263,-0.335260801995071,1.2544790989493424,-0.18210587065310885,0.5843530957112802,-0.13448561582809335,0.7176390082109071,1.253902428033102
1731068463.96,-0.201274063410965,0.31247002477189667,-0.10539889631426844,-0.338614378256903,1.4057106807773652,-0.4222467253601425,0.8203710735964583,-0.18097790867321242,-0.4492466473898365,1.2739486596145941,1.1939154669399505,-0.8413632842276043,-0.09972105409848263,-0.21016646489688964,1.2541310387067854,1.4261368036056759,-0.0012905589030090126,-0.13448561582809335,2.1055158162739156,1.2535552462034525
1731068464.46,1.4837717346024528,0.42658552289927326,-0.10539889631426844,0.09593642116207665,1.4050617540484933,0.6428705055521089,0.8047751063802064,-0.18097790867321242,-0.20404610866330777,1.2638134373435808,-0.37451332194942155,-0.5743438700902128,-0.09972105409848263,-0.2510626904866797,1.253782978868355,-0.4501463163628999,0.18124772305469145,-0.13448561582809335,-0.20903566055731704,1.2532080645366188
1731068464.96,-0.482115029746528,0.9996437852345766,-0.10539889631426844,-0.26633181418032076,1.4044129013678586,-0.4222467253601425,-0.8390398382127855,-0.18097790867321242,-0.026023799724869033,1.25790953558961,-0.37451332194942155,-0.6152581351596519,-0.09972105409848263,0.30945616612632537,1.2534349194340582,-0.4501463163628999,0.23195280137627497,-0.13448561582809335,0.7420412378032237,1.252860883032594
1731068465.46,-0.482115029746528,0.8086243644561422,-0.10539889631426844,-0.12647146830433026,1.403764122742555,0.6428705055521089,-0.6425306512880067,-0.18097790867321242,-0.23427631206794824,1.27013984044944,-0.37451332194942155,-0.414993574556608,-0.09972105409848263,-0.2799306144324139,1.2530868604038947,-0.18210587065310885,-0.5767931978529816,-0.13448561582809335,-0.19378426706211913,1.2525137016914052
1731068465.96,1.4837717346024528,0.6821050078366597,-0.10539889631426844,-0.2162900390503792,1.4031154181796768,-0.4222467253601425,-0.15905566758418552,-0.18097790867321242,2.1438330224304396,1.2668551224362443,1.1939154669399505,-0.6281784293921061,-0.09972105409848263,-0.04417590220891812,1.2527388017778849,1.4261368036056759,-0.5641169282725857,-0.13448561582809335,-0.11813735532593761,1.252166520513059
1731068466.46,-0.482115029746528,0.6498549757571838,-0.10539889631426844,-0.2992652901205387,1.402466787686331,0.6428705055521089,-0.27134663154120214,-0.18097790867321242,-0.31824909930306083,1.2630116384359222,-0.37451332194942155,-0.20180871972110997,-0.09972105409848263,-0.017713638591995165,1.252390743556055,-0.18210587065310885,-0.9089114608593535,-0.13448561582809335,-0.19927476872039038,1.2518193394975623
1731068466.96,-0.482115029746528,0.22812378702557484,-0.10539889631426844,1.3833359351887782,1.4018182312696073,-0.4222467253601425,-0.2682274380979517,-0.18097790867321242,-0.32832583377127433,1.263619836626432,-0.37451332194942155,-0.27502372037168515,-0.09972105409848263,-0.2775249541036027,1.2520426857383922,-0.4501463163628999,-0.8658121442860075,-0.13448561582809335,-0.06018206004418555,1.251472158644925
1731068467.46,-0.482115029746528,-0.22833820548393097,-0.10539889631426844,-0.20345881465808646,1.401169748936591,0.6428705055521089,-0.3898759823847193,-0.18097790867321242,-0.19732828568449876,1.263054025958459,-0.37451332194942155,-0.3460853386501846,-0.09972105409848263,-0.18610986160877785,1.2516946283249428,-0.4501463163628999,-0.42214270897215195,-0.13448561582809335,-0.2590602312215662,1.2511249779551536
1731068467.96,1.4837717346024528,-0.5706846998660604,-0.10539889631426844,0.0018407756185968207,1.4005213406944068,-0.4222467253601425,0.5365244702606667,-0.18097790867321242,-0.42573426696400496,1.2669890685696947,1.1939154669399505,0.04152348832344846,-0.09972105409848263,-0.20535514423926726,1.2513465713156737,1.4261368036056759,-0.82778333554482,-0.13448561582809335,-0.14864014231633335,1.250777797428269
1731068468.46,-0.482115029746528,0.6920280946303446,-0.10539889631426844,-0.25734995710571584,1.3998730065501312,0.6428705055521089,0.43671028007665197,-0.18097790867321242,-0.2980956303666338,1.2637861066245493,-0.37451332194942155,-0.2944041617203668,-0.09972105409848263,-0.3472891036391269,1.2509985147106317,-0.18210587065310885,0.5944941113755969,-0.13448561582809335,-0.2252021376622268,1.2504306170642807
1731068468.96,-0.201274063410965,-0.3771845073892048,-0.10539889631426844,0.1985862163004183,1.3992247465108758,-0.4222467253601425,-0.059241477400170744,-0.18097790867321242,-0.2745832499408023,1.270367841202357,-0.37451332194942155,-0.2556432790230035,-0.09972105409848263,-0.06823250549702994,1.2506504585098168,-0.4501463163628999,-0.6173572605102484,-0.13448561582809335,0.08623131750971426,1.250083436863199
1731068469.46,-0.482115029746528,-0.3052421281349891,-0.10539889631426844,-0.11791731870946845,1.398576560583726,0.6428705055521089,-1.216462244846091,-0.18097790867321242,-0.3081723648348473,1.2626048239301424,-0.37451332194942155,0.0652106944162816,-0.09972105409848263,-0.335260801995071,1.2503024027132355,-0.4501463163628999,-0.7897545268036323,-0.13448561582809335,0.022175464829883102,1.2497362568250237
1731068469.96,1.4837717346024528,1.1857016626161692,-0.10539889631426844,-0.310385684593859,1.3979284487757757,-1.664883494757786,-0.9638075759428039,1.7125343850160237,-0.27794216143020684,1.2533744917514822,1.1939154669399505,0.12981216557855382,-0.09972105409848263,1.3102108629117768,1.2499543473209345,-0.4501463163628999,1.4133811262691705,-0.13448561582809335,0.055728530519318434,1.249389076949772
1731068470.46,-0.482115029746528,-0.15639582622971557,-0.10539889631426844,0.16864669271840196,1.3972804110941364,0.6428705055521089,-0.3399688872927123,-0.18097790867321242,1.868402280299271,1.257749471072607,-0.15045206639380151,-0.5786506348343643,-0.09972105409848263,-0.19332684259521135,1.249606292332874,1.4261368036056759,-0.4601715177133396,-0.13448561582809335,-0.1394893062192146,1.249041897237457
1731068470.96,-0.482115029746528,-0.4913000055165812,-0.10539889631426844,-0.07514657073515939,1.3966324475459022,-0.4222467253601425,-1.126005634991828,-0.18097790867321242,-0.14358570185402666,1.258561225252158,-0.37451332194942155,-1.2655796115265248,-0.09972105409848263,-0.17408155996472188,1.2492582377491006,-0.4501463163628999,-0.6782033544961487,-0.13448561582809335,-0.22001666387385954,1.2486947176880923
1731068471.46,-2.167160827759946,0.014777420961349326,4.74557083286513,-0.06659242114029758,1.395984558138176,0.6428705055521089,-0.5739083955364965,-0.18097790867321242,-0.21748175462092578,1.2574361663773006,-0.37451332194942155,-1.026554168226118,-0.09972105409848263,-0.10431741042919764,1.2489101835696144,-0.4501463163628999,-0.18382884086070947,-0.13448561582809335,-0.12118763402497719,1.2483475383016847
1731068471.96,1.4837717346024528,-0.46153074513552644,-0.10539889631426844,0.7032810423972647,1.3953367428780388,-0.4222467253601425,-0.21832034300594427,-0.18097790867321242,-0.3686327716441284,1.2674019298450758,1.1939154669399505,-1.2095916698525555,-0.09972105409848263,-0.2751192937747915,1.2485621297944287,-0.4501463163628999,-0.437354232468627,-0.13448561582809335,-0.19896974085048644,1.2480003590782374
1731068472.46,-0.482115029746528,-0.4292807130560505,-0.10539889631426844,-0.30867485467488665,1.394689001772593,0.6428705055521089,0.04057271278384368,-0.18097790867321242,-0.14358570185402666,1.2636866258536272,-0.37451332194942155,-1.2914201999914336,-0.09972105409848263,-0.17648722029353311,1.248214076423577,1.4261368036056759,-0.45256575596510207,-0.13448561582809335,-0.1724323161688421,1.2476531800177675
1731068472.96,-0.482115029746528,0.0619120832313527,-0.10539889631426844,0.9855679790277044,1.3940413348289507,-0.599766263845522,-0.9201388677372975,-0.18097790867321242,-0.3484793027077014,1.2595741010655213,-0.15045206639380151,-1.1751375518993437,-0.09972105409848263,-0.13318533437493182,1.2478660234570258,-0.18210587065310885,0.37392702067670885,-0.13448561582809335,0.22349385896649523,1.247306001120288
1731068473.46,-0.482115029746528,-0.08693421867392111,-0.10539889631426844,3.795606120939807,1.3933937420542097,-0.4222467253601425,-0.8483974185425368,1.7125343850160237,-0.42909317845340944,1.267054199235915,-0.37451332194942155,-1.1643706400389653,-0.09972105409848263,-0.09950608977157527,1.2475179708948287,-0.4501463163628999,-0.16101155561599687,-0.13448561582809335,-0.2056803539883735,1.2469588223858128
1731068473.96,-0.201274063410965,0.42658552289927326,-0.10539889631426844,0.6776185936126793,1.3927462234554557,-0.4222467253601425,-0.07795663805967351,-0.18097790867321242,-0.13686787887521765,1.264548008020119,1.1939154669399505,-0.819829460506847,-0.09972105409848263,0.018371266340172526,1.247169918736979,1.4261368036056759,0.2370233092084333,-0.13448561582809335,-0.07238317484034387,1.2466116438143418
1731068474.46,1.4837717346024528,0.14129677758083206,-0.10539889631426844,-0.03237582276085042,1.3920987790397956,0.6428705055521089,0.13414851608135753,-0.18097790867321242,-0.40222188653817337,1.2595107363241025,-0.37451332194942155,-0.8822775492970434,-0.09972105409848263,1.3029938819253433,1.2468218669834896,-0.4501463163628999,-0.0900244459657802,-0.13448561582809335,-0.2611954263108939,1.2462644654058916
1731068474.96,-0.201274063410965,0.44147015308980064,-0.10539889631426844,-0.19918173986065557,1.3914514088143108,-0.4222467253601425,-0.2089627626761929,-0.18097790867321242,0.8909590368825601,1.2522501090041345,-1.7188808552831736,-0.8585903432042102,3.573059006625274,-0.29917589706290326,1.2464738156343946,-2.0583889906216846,-0.1686173173642344,4.471324869238586,0.12893521929626833,1.2459172871604625
1731068475.46,-0.482115029746528,0.05446976813608901,-0.10539889631426844,-0.10080901951974483,1.3908041127861297,0.8203900440374883,-0.5489548479904929,-0.18097790867321242,-0.27794216143020684,1.2582564383988304,-0.37451332194942155,-0.9554925499476185,-0.09972105409848263,0.06407881258758495,1.2461257646896802,-0.4501463163628999,-0.11537698512657196,-0.13448561582809335,-0.00832732216051272,1.2455701090780844
1731068475.96,1.4837717346024528,0.24796996061294468,-0.10539889631426844,-0.1564109918863466,1.3901568909623336,-0.599766263845522,0.3337768964493871,-0.18097790867321242,-0.06633073759772311,1.2510422075565557,1.1939154669399505,-1.024400785854042,-0.09972105409848263,-0.16686457897828838,1.24577771414936,1.4261368036056759,0.06716129683112876,-0.13448561582809335,0.11063354710203084,1.245222931158761
1731068476.46,-0.201274063410965,-0.017472611118126667,-0.10539889631426844,-0.29327738540413545,1.389509743350021,0.6428705055521089,0.8266094604829594,-0.18097790867321242,-0.05289509164010508,1.256054686554429,-0.37451332194942155,-1.1040759336208446,-0.09972105409848263,-0.2005438235816449,1.2454296640134472,-0.4501463163628999,-0.25988645834308477,-0.13448561582809335,-0.16389153581153126,1.2448757534024921
1731068476.96,-0.482115029746528,0.22068147193031115,-0.10539889631426844,-0.20345881465808646,1.3888626699562943,-0.4222467253601425,0.3680880243251418,-0.18097790867321242,-0.37535059462293735,1.2610521863141861,-0.15045206639380151,-0.9597993146917699,-0.09972105409848263,-0.25346835081549085,1.2450816142819687,-0.4501463163628999,0.05448502725073288,-0.13448561582809335,-0.25845017548175825,1.2445285758093017
1731068477.46,-0.482115029746528,0.029662051151876707,-0.10539889631426844,-0.25307288230828495,1.388215670788248,-0.4222467253601425,-0.43354469059022577,-0.18097790867321242,-0.20404610866330777,1.2522104162948058,-0.37451332194942155,-0.6906265181823026,-0.09972105409848263,-0.29195891607646973,1.2447335649549445,-0.18210587065310885,-0.37143763065056856,-0.13448561582809335,-0.1608412571124917,1.2441813983791856
1731068477.96,-0.201274063410965,0.13137369078714714,-0.10539889631426844,-0.139302692696623,1.3875687458529888,0.6428705055521089,-0.18089002168693874,-0.18097790867321242,-0.026023799724869033,1.2480755557660137,1.1939154669399505,-0.8779707845528919,-0.09972105409848263,-0.28955325574765856,1.2443855160323545,-0.18210587065310885,-0.6198925144263275,-0.13448561582809335,-0.21910158026414767,1.2438342211121716
1731068478.46,1.4837717346024528,0.2901430794861056,-0.10539889631426844,-0.28942801808644764,1.3869218951576154,0.6428705055521089,-0.1933667954599406,-0.18097790867321242,-0.20404610866330777,1.2624012070722217,-0.37451332194942155,-0.7530746069724991,-0.09972105409848263,-0.17889288062234426,1.2440374675142187,1.4261368036056759,-0.5843989596012191,-0.13448561582809335,-0.0845842896365022,1.243487044008259
1731068478.96,-0.482115029746528,0.37697008893084866,-0.10539889631426844,-0.09653194472231393,1.3862751187092173,-0.4222467253601425,0.5521204374769194,-0.18097790867321242,0.06466681048905255,1.2582456985865584,-0.37451332194942155,-0.38053945660339616,-0.09972105409848263,1.124975017593316,1.243689419400564,-0.4501463163628999,-0.18382884086070947,-0.13448561582809335,-0.19652951789125475,1.2431398670674652
1731068479.46,-0.201274063410965,-0.024914926213390358,-0.10539889631426844,0.5920770976640614,1.3856284165149062,0.8203900440374883,-0.14657889381118366,-0.18097790867321242,0.5416322419844918,1.2525955706861724,-1.7188808552831736,-0.38484622134754765,3.573059006625274,-0.058609864181785216,1.243341371691397,-0.4501463163628999,-0.2903095053360349,-0.13448561582809335,-0.07238317484034387,1.242792690289793
1731068479.96,-0.482115029746528,-0.2233766620870885,-0.10539889631426844,-0.09653194472231393,1.3849817885817672,-0.4222467253601425,0.43671028007665197,-0.18097790867321242,-0.3686327716441284,1.2625204527539007,1.1939154669399505,-0.8155226957626955,-0.09972105409848263,-0.26790231278835797,1.2429933243867377,-0.18210587065310885,-0.480453549041973,-0.13448561582809335,-0.23923341967780887,1.2424455136752528
1731068480.46,1.4837717346024528,-0.07949190357865742,-0.10539889631426844,-0.10936316911460664,1.3843352349169207,0.6428705055521089,0.7517488178449482,-0.18097790867321242,-0.17381590525866714,1.2554496175707568,-0.37451332194942155,-0.33747180916188163,-0.09972105409848263,0.18676748935695522,1.2426452774865862,1.4261368036056759,0.07223180466328712,-0.13448561582809335,-0.1394893062192146,1.242098337223865
1731068480.96,-0.201274063410965,-0.24074206397603712,-0.10539889631426844,-0.30397007239771273,1.383688755527443,-1.664883494757786,0.583312371909424,1.7125343850160237,-0.43581100143221846,1.2572498701500392,-0.37451332194942155,-0.6927799005543783,-0.09972105409848263,0.008748625024927794,1.242297230990949,-2.0583889906216846,-0.36636712281841016,4.471324869238586,-0.18646359818442415,1.2417511609356358
1731068481.46,-0.482115029746528,-0.10429962056286972,-0.10539889631426844,-0.03237582276085042,1.3830423504204548,0.6428705055521089,1.5565007262035666,-0.18097790867321242,-0.42573426696400496,1.259196731302889,-0.37451332194942155,-0.7380009303679689,-0.09972105409848263,-0.24625136982905732,1.2419491848998596,-0.4501463163628999,-0.1686173173642344,-0.13448561582809335,-0.12728819142305636,1.2414039848105758
1731068481.96,1.4837717346024528,-0.09189576207076357,-0.10539889631426844,-0.3035423649179696,1.3823960196030498,-0.4222467253601425,-0.8546358054290377,-0.18097790867321242,-0.24099413504675726,1.244154754638662,1.1939154669399505,-0.309477838324897,-0.09972105409848263,-0.15483627733423241,1.2416011392133048,1.4261368036056759,-0.08241868421754267,-0.13448561582809335,-0.08763456833554178,1.241056808848688
1731068482.46,-0.482115029746528,-0.25314592246814327,-0.10539889631426844,-0.09653194472231393,1.3817497630823048,0.6428705055521089,-0.4896901725687341,-0.18097790867321242,-0.3148901878136563,1.2522522391106825,-0.15045206639380151,-0.39991989795207783,-0.09972105409848263,-0.10672307075800888,1.2412530939313313,-0.4501463163628999,-0.28523899750387655,-0.13448561582809335,-0.22428705405251492,1.2407096330499894
1731068482.96,-0.482115029746528,0.04454668134240409,-0.10539889631426844,-0.1564109918863466,1.3811035808653527,-0.4222467253601425,-0.5208821070012387,-0.18097790867321242,-0.4156575324957914,1.2654670282705895,-0.37451332194942155,-0.6217182822758789,-0.09972105409848263,-0.29195891607646973,1.2409050490539122,-0.4501463163628999,-0.17115257128031358,-0.13448561582809335,-0.06933289614130429,1.24036245741449
1731068483.46,-0.482115029746528,0.22316224362873238,-0.10539889631426844,-0.3155181743507761,1.3804574729592836,0.6428705055521089,-0.33061130696296087,-0.18097790867321242,-0.2712243384513978,1.254984054971688,-0.37451332194942155,-0.3460853386501846,-0.09972105409848263,-0.10672307075800888,1.2405570045810879,-0.4501463163628999,0.12293688298487065,-0.13448561582809335,-0.22672727701174658,1.2400152819422068
1731068483.96,1.4837717346024528,0.39929703421663976,-0.10539889631426844,-0.13074854310176118,1.3798114393711958,-0.4222467253601425,0.2651546406978769,-0.18097790867321242,-0.3115312763242518,1.249976534401103,1.1939154669399505,-0.8951978435294978,-0.09972105409848263,-0.2366287285138126,1.2402089605128581,1.4261368036056759,-0.03678411372811749,-0.13448561582809335,0.016074907431803936,1.2396681066331463
1731068484.46,-0.201274063410965,0.305027709676633,-0.10539889631426844,-0.28258469841055817,1.3791654801081832,0.8203900440374883,0.3431344767791381,-0.18097790867321242,1.8280953424264166,1.2430628840793132,-0.37451332194942155,-0.8112159310185441,-0.09972105409848263,-0.2871475954188474,1.2398609168492432,-2.0583889906216846,0.05955553508289123,4.471324869238586,-0.21727141304472392,1.2393209314873121
1731068484.96,-0.482115029746528,0.15121986437451698,-0.10539889631426844,-0.04435163219365696,1.3785195951773443,-0.4222467253601425,0.7579872047314492,-0.18097790867321242,-0.3316847452606788,1.2428950629613231,-0.15045206639380151,-0.8930444611574221,-0.09972105409848263,-0.1235626930596871,1.239512873590256,-0.4501463163628999,0.12293688298487065,-0.13448561582809335,-0.1394893062192146,1.2389737565047174
1731068485.46,-0.482115029746528,0.21323915683504746,-0.10539889631426844,0.1943091415029874,1.377873784585795,0.6428705055521089,0.754868011288199,-0.18097790867321242,-0.23427631206794824,1.2497998870216416,-0.37451332194942155,-0.6044912232992732,-0.09972105409848263,-0.30398721772052567,1.2391648307358838,-0.4501463163628999,0.5818178417952011,-0.13448561582809335,-0.19073398836307956,1.2386265816853759
1731068485.96,1.4837717346024528,0.49356635875664623,-0.10539889631426844,-0.10080901951974483,1.3772280483406334,-0.4222467253601425,-0.006215188864912895,-0.18097790867321242,-0.05289509164010508,1.2409309198392748,1.1939154669399505,-0.7638415188328778,-0.09972105409848263,-0.2775249541036027,1.2388167882861731,1.4261368036056759,0.404350067669659,-0.13448561582809335,-0.14864014231633335,1.2382794070293042
1731068486.46,-0.201274063410965,0.6473742040587624,-0.10539889631426844,-0.07514657073515939,1.3765823864489497,0.6428705055521089,-0.5208821070012387,-0.18097790867321242,-0.39214515206995987,1.252531345036167,-0.15045206639380151,-0.2448763671626248,-0.09972105409848263,-0.058609864181785216,1.2384687462411104,-0.18210587065310885,-0.20411087218934287,-0.13448561582809335,-0.1577909784134521,1.2379322325365025
1731068486.96,-0.482115029746528,0.8036628210592998,-0.10539889631426844,-0.20345881465808646,1.3759367989178548,-0.4222467253601425,-0.6113387168555021,-0.18097790867321242,-0.21412284313152122,1.2524158863001984,-0.37451332194942155,-0.40207328032415357,-0.09972105409848263,-0.335260801995071,1.2381207046007292,-0.4501463163628999,-0.5869342135172982,-0.13448561582809335,0.7389909591041842,1.2375850582069874
1731068487.46,-0.482115029746528,0.806143592757721,-0.10539889631426844,-0.20345881465808646,1.3752912857544302,0.6428705055521089,-0.577027588979747,-0.18097790867321242,-0.22755848908913923,1.252583491259461,-0.15045206639380151,-0.5032822518117134,-0.09972105409848263,-0.2943645764052809,1.2377726633650363,-0.4501463163628999,-0.8100365581322657,-0.13448561582809335,-0.19683454576115872,1.2372378840407592
1731068487.96,-0.201274063410965,0.34968160024821515,-0.10539889631426844,-0.27873533109287035,1.3746458469658,-0.4222467253601425,-0.1996051823464415,-0.18097790867321242,-0.38206841760174637,1.2500915805055468,1.1939154669399505,0.4334390800412327,-0.09972105409848263,-0.17889288062234426,1.2374246225340315,1.4261368036056759,-0.4424247403007854,-0.13448561582809335,-0.07238317484034387,1.2368907100378446
1731068488.46,-0.482115029746528,-0.017472611118126667,-0.10539889631426844,-0.053761196748004954,1.3740004825590586,0.6428705055521089,0.3462536702223889,-0.18097790867321242,0.20910000453344607,1.2448608256151876,-0.37451332194942155,0.1491926069272355,-0.09972105409848263,1.6614372709182093,1.2370765821077352,-0.4501463163628999,-0.6908796240765446,-0.13448561582809335,-0.2367931967185772,1.2365435361982469
1731068488.96,1.4837717346024528,-0.4317614847544717,-0.10539889631426844,-0.2924219704446493,1.3733551925413041,-0.4222467253601425,-0.12474453970843044,-0.18097790867321242,1.4250259636978764,1.237909693215157,-0.15045206639380151,-0.2556432790230035,-0.09972105409848263,0.11219201916380861,1.2367285420861602,-0.18210587065310885,-0.4500305020490229,-0.13448561582809335,-0.06018206004418555,1.2361963625219765
1731068489.46,-0.482115029746528,-0.5359538960881634,-0.10539889631426844,-0.11364024391203754,1.3727099769196351,0.6428705055521089,0.09047980787585107,-0.18097790867321242,0.081461367936075,1.2430955574444156,-0.37451332194942155,-0.37407930948716894,-0.09972105409848263,-0.2366287285138126,1.2363805024693137,-0.4501463163628999,-0.7466552102302862,-0.13448561582809335,-0.23069263932049805,1.2358491890090397
1731068489.96,1.4837717346024528,-0.5756462432629029,-0.10539889631426844,-0.2937050928838785,1.3720648357011545,-0.4222467253601425,0.5146901161579138,-0.18097790867321242,-0.20068719717390318,1.2360577913265736,1.1939154669399505,-0.23626283767432182,-0.09972105409848263,-0.027336279907239896,1.2360324632572224,1.4261368036056759,-0.6984853858247819,-0.13448561582809335,-0.07543345353938345,1.235502015659447
1731068490.46,-0.201274063410965,-0.6054155036439577,-0.10539889631426844,-0.06659242114029758,1.371419768892969,-0.599766263845522,-1.41297143177087,-0.18097790867321242,-0.19732828568449876,1.2480600054773712,-0.37451332194942155,0.04152348832344846,-0.09972105409848263,0.008748625024927794,1.2356844244498861,-0.18210587065310885,-0.7263731789016529,-0.13448561582809335,-0.22672727701174658,1.2351548424732184
1731068490.96,-0.482115029746528,-0.022434154514969128,-0.10539889631426844,-0.2847232358092736,1.3707747765021772,0.6428705055521089,-1.038668218580815,-0.18097790867321242,-0.015947065256655592,1.2539271991684782,-0.37451332194942155,0.30423613771668856,-0.09972105409848263,-0.28955325574765856,1.2353363860473114,-2.0583889906216846,-0.3841139002309643,4.471324869238586,-0.12118763402497719,1.2348076694503605
1731068491.46,-0.482115029746528,0.009815877564506865,-0.10539889631426844,-0.18207344067093195,1.3701298585358774,0.6428705055521089,-1.391137077668117,-0.18097790867321242,0.09153810240428845,1.2404587172293493,-0.37451332194942155,-0.6389453412524848,-0.09972105409848263,-0.12596835338849835,1.2349883480495254,-0.18210587065310885,-0.27002747400740146,-0.13448561582809335,-0.20354515889904579,1.2344604965908836
1731068491.96,1.4837717346024528,-0.5061846357071086,-0.10539889631426844,-0.21201296425294827,1.3694850150011768,-0.4222467253601425,-0.6456498447312572,-0.18097790867321242,-0.032741622703678044,1.2372139838567044,-0.37451332194942155,-1.2871134352472822,-0.09972105409848263,0.027993907655417257,1.2346403104565278,-0.4501463163628999,-0.7010206397408612,-0.13448561582809335,0.6291809259387593,1.2341133238947943
1731068492.46,-0.482115029746528,-0.19608817340445497,-0.10539889631426844,-0.2937050928838785,1.3688402459051654,0.6428705055521089,-1.107290474332325,-0.18097790867321242,0.11840939431952449,1.2408772115031506,1.1939154669399505,-1.2031315227363286,-0.09972105409848263,-0.04417590220891812,1.2342922732683521,1.4261368036056759,-0.5463701508600315,-0.13448561582809335,-0.2508244787341593,1.2337661513620994
1731068492.96,-0.482115029746528,-0.1415111960391882,-0.10539889631426844,-0.1692422162786393,1.3681955512549626,-0.4222467253601425,-0.9700459628293048,-0.18097790867321242,-0.11671440993879062,1.2390549308557386,-0.15045206639380151,-1.2569660820382218,-0.09972105409848263,0.3383240900720596,1.2339442364849849,-0.4501463163628999,-0.5412996430278731,-0.13448561582809335,0.0008235139366060267,1.2334189789928258
1731068493.46,-0.201274063410965,-0.4044729960718382,-0.10539889631426844,-0.23468146067933207,1.3675509310576546,0.6428705055521089,-0.15593647414093506,-0.18097790867321242,0.716295639433526,1.2378590964866818,-0.37451332194942155,-0.9167316672502552,-0.09972105409848263,0.2060127719874447,1.2335962001064396,-0.4501463163628999,-0.5032708342866856,-0.13448561582809335,-0.18219320800576877,1.2330718067869737
1731068493.96,-0.482115029746528,-0.2060112601981399,-0.10539889631426844,-0.03237582276085042,1.366906385320361,-0.4222467253601425,-0.18089002168693874,-0.18097790867321242,0.16207524368178314,1.2390752651368473,1.1939154669399505,-1.1126894631091475,-0.09972105409848263,-0.22941174752737903,1.2332481641327562,1.4261368036056759,-0.01143157456732572,-0.13448561582809335,-0.08763456833554178,1.2327246347445562
1731068494.46,1.4837717346024528,-0.12414579415023956,-0.10539889631426844,1.4175525335682255,1.3662619140501626,-0.4222467253601425,-0.6612458119475095,-0.18097790867321242,-0.37870950611234183,1.24753274008872,-0.15045206639380151,-0.9404188733430884,-0.09972105409848263,0.23969201659080114,1.232900128563915,-0.18210587065310885,-0.45510100988118124,-0.13448561582809335,-0.2050702982485656,1.2323774628655768
1731068494.96,-0.482115029746528,-0.22585743378550974,-0.10539889631426844,-0.17779636587350103,1.3656175172541674,0.6428705055521089,0.10607577509210338,-0.18097790867321242,0.2729193228321316,1.2441228949479635,-0.37451332194942155,-1.0308609329702694,-0.09972105409848263,0.03521088864185086,1.2325520933999623,-2.0583889906216846,0.809990694242327,4.471324869238586,-0.16755187025037876,1.2320302911500491
1731068495.46,-0.482115029746528,-0.2754728677539343,-0.10539889631426844,-0.19918173986065557,1.36497319493949,0.6428705055521089,-0.7423448414720215,-0.18097790867321242,-0.005870330788441998,1.238883312433759,-0.37451332194942155,-1.1105360807370714,-0.09972105409848263,-0.22460042686975668,1.2322040586408651,-0.4501463163628999,-0.3232678062450642,-0.13448561582809335,-0.13033847012209587,1.2316831195979896
1731068495.96,-0.201274063410965,-0.16383814132497898,-0.10539889631426844,-0.24622956263239554,1.3643289471132214,-0.4222467253601425,-0.6487690381745076,-0.18097790867321242,-0.3148901878136563,1.253866613143425,1.1939154669399505,-0.7315407832517417,-0.09972105409848263,0.06648447291639618,1.2318560242866767,-0.18210587065310885,0.013920964593466048,-0.13448561582809335,0.27229831815112854,1.2313359482094088
1731068496.46,1.4837717346024528,0.27525844929557824,-0.10539889631426844,-0.16496514148120842,1.3636847737824762,0.6428705055521089,-0.7205104873692683,-0.18097790867321242,0.24268911942749113,1.245664601724484,-0.37451332194942155,-1.0114804916215876,-0.09972105409848263,-0.214977785554512,1.2315079903373838,1.4261368036056759,0.2066002622154832,-0.13448561582809335,0.6108792537445219,1.2309887769843164
1731068496.96,-0.482115029746528,-0.05716495829286635,-0.10539889631426844,-0.286434065728246,1.3630406749543362,-0.4222467253601425,0.05304948655684553,-0.18097790867321242,-0.37535059462293735,1.253110192165482,-0.37451332194942155,-0.9877932855287545,-0.09972105409848263,-0.17167589963591076,1.2311599567930063,-0.4501463163628999,-0.3055210288325099,-0.13448561582809335,0.2600972033549702,1.2306416059227128
1731068497.46,-0.482115029746528,0.1288929190887259,-0.10539889631426844,-0.1521339170889157,1.3623966506359124,0.6428705055521089,-0.21520114956269382,-0.18097790867321242,-0.3887862405805554,1.2426784407458322,-0.37451332194942155,-0.9231918143664825,-0.09972105409848263,-0.22700608719856785,1.2308119236535844,-0.4501463163628999,0.2725168640335418,-0.13448561582809335,-0.19957979659029434,1.2302944350246179
1731068497.96,-0.201274063410965,0.15618140777135917,-0.10539889631426844,-0.40234279273862344,1.3617527008343167,-0.4222467253601425,-0.0873142183894249,-0.18097790867321242,-0.04617726866129607,1.2514326958356004,1.1939154669399505,-0.9856399031566787,-0.09972105409848263,1.1225693572645044,1.2304638909190713,1.4261368036056759,-0.23706917309837217,-0.13448561582809335,-0.13338874882113544,1.2299472642900384
1731068498.46,1.4837717346024528,0.20331607004136254,-0.10539889631426844,-0.10508609431717574,1.3611088255566512,0.6428705055521089,0.9139468768939722,-0.18097790867321242,2.0900904385999683,1.2359868128792566,-0.15045206639380151,-0.7918354896698624,-0.09972105409848263,0.0015316440384942993,1.2301158585895338,-0.4501463163628999,-0.14072952428736346,-0.13448561582809335,-0.2062904097281814,1.229600093718998
1731068498.96,-0.482115029746528,0.23556610212083853,-0.10539889631426844,-0.2954159228028509,1.360465024810006,-0.4222467253601425,-0.6518882316177581,-0.18097790867321242,0.03107769559500749,1.2447445838261766,-0.37451332194942155,-0.8822775492970434,-0.09972105409848263,-0.22460042686975668,1.2297678266649519,-0.4501463163628999,-0.2979152670842724,-0.13448561582809335,-0.08153401093746263,1.22925292331149
1731068499.46,-0.482115029746528,0.2951046228829481,-0.10539889631426844,-0.20345881465808646,1.3598212986014926,0.6428705055521089,-0.24015469710869752,-0.18097790867321242,-0.28801889589842034,1.2413576098914154,-0.37451332194942155,-0.8951978435294978,-0.09972105409848263,-0.008090997276750432,1.2294197951453523,-0.18210587065310885,-0.40946643939175603,-0.13448561582809335,-0.14558986361729379,1.2289057530675311
1731068499.96,1.4837717346024528,0.5729510531061256,-0.10539889631426844,-0.2937050928838785,1.3591776469382049,-0.599766263845522,-0.23703550366544704,-0.18097790867321242,-0.07640747206593669,1.2464240314770831,1.1939154669399505,-0.6238716646479546,-0.09972105409848263,-0.10431741042919764,1.2290717640307485,-0.4501463163628999,-0.3460850914897768,-0.13448561582809335,1.9682532748171346,1.228558582987128
1731068500.46,-0.201274063410965,0.28766230778768437,-0.10539889631426844,-0.21201296425294827,1.3585340698272632,0.6428705055521089,-0.15281728069768458,-0.18097790867321242,-0.019305976746060022,1.2394484762984121,-0.37451332194942155,-0.8693572550645889,-0.09972105409848263,-0.16445891864947715,1.228723733321147,1.4261368036056759,-0.5362291351957148,-0.13448561582809335,-0.2331328622797297,1.2282114130703043
1731068500.96,-0.482115029746528,0.2554122757082084,-0.10539889631426844,-0.28001845353209964,1.3578905672757569,-0.4222467253601425,-0.043645510183918435,-0.18097790867321242,-0.2645065154725888,1.2432615490448273,-0.37451332194942155,-0.8176760781347713,-0.09972105409848263,0.06648447291639618,1.2283757030165612,-0.18210587065310885,-0.1888993486928678,-0.13448561582809335,-0.00832732216051272,1.2278642433170637
1731068501.46,-0.201274063410965,-0.32012675832551646,-0.10539889631426844,-0.1478568422914848,1.3572471392907932,0.6428705055521089,0.1934131915031163,-0.18097790867321242,0.22925347346987313,1.2292045378619598,-0.37451332194942155,-0.7250806361355144,-0.09972105409848263,-0.21016646489688964,1.228027673116998,-0.4501463163628999,-0.0038258128190881893,-0.13448561582809335,-0.21635632943501204,1.2275170737274088
1731068501.96,1.4837717346024528,-0.07701113188023619,-0.10539889631426844,-0.2898557255661907,1.3566037858794795,-0.4222467253601425,0.5895507587959249,-0.18097790867321242,0.20238218155463705,1.238077005350115,1.1939154669399505,-0.6432521059966363,-0.09972105409848263,-0.05139288319535172,1.227679643622477,-0.18210587065310885,-0.2801684896717182,-0.13448561582809335,0.1197843831991496,1.2271699043013606
1731068502.46,-0.482115029746528,-0.2481843790713008,-0.10539889631426844,-0.0837007203300212,1.3559605070489007,0.6428705055521089,0.8578013949154639,-0.18097790867321242,-0.2745832499408023,1.2354098762802272,-0.15045206639380151,-0.7810685778094837,-0.09972105409848263,2.236390089504081,1.2273316145330189,1.4261368036056759,-0.3460850914897768,-0.13448561582809335,-0.1608412571124917,1.226822735038922
1731068502.96,-0.482115029746528,-0.28539595454761923,-0.10539889631426844,-0.25692224962597277,1.3553173028061902,-1.664883494757786,0.4179951194171492,1.7125343850160237,2.7753083824384865,1.238771411386781,-1.7188808552831736,-0.3460853386501846,-0.09972105409848263,-0.06823250549702994,1.2269835858486164,-0.4501463163628999,-0.4043959315595977,-0.13448561582809335,-0.02662899435475021,1.2264755659401099
1731068503.46,-0.482115029746528,0.03958513794556163,-0.10539889631426844,-0.2428079027944508,1.354674173158429,0.6428705055521089,-0.795371130007279,-0.18097790867321242,-0.14022679036462224,1.242459058137094,-0.15045206639380151,-0.4623679867422743,3.4582846297276566,-0.005685336947939303,1.22663555756929,-0.4501463163628999,0.28519313361393767,-0.13448561582809335,-0.194699350671831,1.2261283970049344
1731068503.96,1.4837717346024528,-0.10926116395971218,-0.10539889631426844,-0.2432356102741939,1.3540311181127243,-0.4222467253601425,-0.5302396873309901,-0.18097790867321242,-0.2712243384513978,1.229332872977974,1.1939154669399505,-0.30732445595282126,-0.09972105409848263,-0.19092118226640023,1.2262875296950595,-0.18210587065310885,-0.13819427037128457,-0.13448561582809335,-0.24594403281569596,1.2257812282334022
1731068504.46,-0.482115029746528,0.24300841721610222,-0.10539889631426844,-0.3420360380948477,1.3533881376761872,0.6428705055521089,-0.4117103364874726,-0.18097790867321242,-0.07304856057653211,1.243665741632999,-0.37451332194942155,-0.531276222648698,-0.09972105409848263,-0.024930619578428657,1.2259395022259316,1.4261368036056759,-0.04438987547635502,-0.13448561582809335,0.04352741572316011,1.2254340596255269
1731068504.96,-0.201274063410965,0.3323161983592665,-0.10539889631426844,-0.14357976749405388,1.3527452318559077,-0.4222467253601425,0.21524754560586953,-0.18097790867321242,-0.2241995775997348,1.2306118910894484,-0.37451332194942155,-0.8392099018555286,-0.09972105409848263,-0.05379854352416285,1.2255914751619197,-0.4501463163628999,0.05955553508289123,-0.13448561582809335,-0.18646359818442415,1.2250868911813118
1731068505.46,-0.482115029746528,0.39929703421663976,-0.10539889631426844,-0.25606683466648655,1.35210240065901,0.6428705055521089,-0.059241477400170744,-0.18097790867321242,0.014283138147984887,1.2333069841390851,-0.15045206639380151,-0.9856399031566787,-0.09972105409848263,-0.25827967147311326,1.2252434485030306,-0.4501463163628999,-0.03171360589595913,-0.13448561582809335,0.11063354710203084,1.2247397229007804
1731068505.96,-0.482115029746528,0.4538740115819068,-0.10539889631426844,-0.28429552832953053,1.35145964409258,-0.4222467253601425,0.835967040812711,-0.18097790867321242,-0.2745832499408023,1.239333186394991,1.1939154669399505,-0.7573813717166505,-0.09972105409848263,0.06648447291639618,1.2248954222492774,-0.18210587065310885,0.29279889536217524,-0.13448561582809335,0.0069240713346851905,1.2243925547839358
1731068506.46,1.4837717346024528,0.6002395417887592,-0.10539889631426844,1.2764090652530056,1.350816962163733,0.6428705055521089,1.600169434409073,-0.18097790867321242,0.17215197814999658,1.244543171853935,-0.37451332194942155,-0.5291228402766223,-0.09972105409848263,0.20841843231625581,1.2245473964006806,1.4261368036056759,0.7440740924242684,-0.13448561582809335,-0.1425395849182542,1.2240453868307954
1731068506.96,-0.201274063410965,0.4191432078040096,-0.10539889631426844,-0.139302692696623,1.3501743548795673,-1.664883494757786,0.6394578538879316,1.7125343850160237,0.29307279176855866,1.23823325400206,-0.37451332194942155,-0.6992400476706055,-0.09972105409848263,0.8675693624105194,1.224199370957233,-0.4501463163628999,0.37392702067670885,-0.13448561582809335,0.464465876190622,1.2236982190413555
1731068507.46,-0.482115029746528,0.523335619137701,-0.10539889631426844,-0.14357976749405388,1.3495318222471815,-0.4222467253601425,-0.5489548479904929,-0.18097790867321242,1.1999788939077742,1.239086375402169,-0.37451332194942155,-0.6669393120894694,-0.09972105409848263,0.18195616869933284,1.223851345918995,-0.4501463163628999,-0.17622307911247193,-0.13448561582809335,-0.22367699831270704,1.2233510514156398
1731068507.96,1.4837717346024528,0.28766230778768437,-0.10539889631426844,-0.2162900390503792,1.3488893642736914,0.6428705055521089,-0.33684969384946184,-0.18097790867321242,0.19902327006523263,1.2314617931526912,1.1939154669399505,-0.7853753425536352,-0.09972105409848263,-0.03695892122248463,1.2235033212859132,-0.18210587065310885,-0.3765081384827269,-0.13448561582809335,-0.06933289614130429,1.2230038839536512
1731068508.46,-0.482115029746528,0.7193165833129782,-0.10539889631426844,-0.2381031205172768,1.3482469809661954,0.6428705055521089,-0.7704175824612753,-0.18097790867321242,0.09825592538309746,1.2367152496107245,-0.37451332194942155,-0.38053945660339616,-0.09972105409848263,-0.22219476654094555,1.2231552970580477,1.4261368036056759,-0.5869342135172982,-0.13448561582809335,-0.16389153581153126,1.2226567166554072
1731068508.96,-0.201274063410965,0.7515666153924542,-0.10539889631426844,-0.20345881465808646,1.3476046723318007,-0.4222467253601425,0.07488384065959876,-0.18097790867321242,-0.32496692228186985,1.2390741562828864,-0.37451332194942155,-0.36331239762679024,-0.09972105409848263,0.4153052205940174,1.2228072732353918,-0.4501463163628999,-0.34101458365761844,-0.13448561582809335,-0.08153401093746263,1.2223095495209175
1731068509.46,-0.482115029746528,0.37697008893084866,-0.10539889631426844,-0.32321690898615174,1.3469624383776053,0.6428705055521089,-0.15593647414093506,-0.18097790867321242,0.4475827202811659,1.2378431123439813,-0.37451332194942155,-0.11136666009392887,-0.09972105409848263,-0.15724193766304367,1.222459249817952,-0.4501463163628999,-0.38918440806312266,-0.13448561582809335,-0.19500437854173497,1.2219623825501855
1731068509.96,-0.482115029746528,-0.07701113188023619,-0.10539889631426844,-0.28814489564721835,1.3463202791107123,-0.4222467253601425,0.21836673904911966,-0.18097790867321242,-0.44588773590043196,1.2421062671419802,1.1939154669399505,-0.30086430883659404,-0.09972105409848263,-0.255874011144302,1.2221112268057754,-0.4501463163628999,-0.3283383140772225,-0.13448561582809335,-0.13643902752017503,1.2216152157432247
1731068510.46,1.4837717346024528,-0.5409154394850059,-0.10539889631426844,-0.2526451748285418,1.3456781945382417,0.6428705055521089,-0.13098292659493135,-0.18097790867321242,-0.28801889589842034,1.2279533750732206,-0.37451332194942155,-0.3934597508358506,-0.09972105409848263,-0.027336279907239896,1.221763204198822,1.4261368036056759,-0.28523899750387655,-0.13448561582809335,-0.2087306326874131,1.2212680491000485
1731068510.96,-0.482115029746528,-0.5533192979771119,-0.10539889631426844,-0.10936316911460664,1.3450361846672918,-1.4873639562724066,0.21836673904911966,1.7125343850160237,-0.27794216143020684,1.2327949385716728,-0.37451332194942155,-0.0015441591180663454,-0.09972105409848263,-0.2751192937747915,1.2214151819971446,-0.4501463163628999,-0.4982003264545272,-0.13448561582809335,-0.09068484703458136,1.2209208826206739
1731068511.46,-0.482115029746528,2.041567898571493,-0.10539889631426844,-0.28130157597132893,1.3443942495049568,0.6428705055521089,0.4242335063036501,-0.18097790867321242,-0.36191494866531937,1.2412752279278634,-0.37451332194942155,0.17287981302006863,-0.09972105409848263,-0.1812985409511555,1.2210671602007306,-0.4501463163628999,-0.508341342118844,-0.13448561582809335,-0.09983568313170012,1.2205737163050971
1731068511.96,1.4837717346024528,0.05446976813608901,-0.10539889631426844,-0.11364024391203754,1.3437523890583523,-0.4222467253601425,-1.3193956284733561,-0.18097790867321242,-0.0025114192990375673,1.2347062542953968,-0.37451332194942155,-0.17812151362827683,3.4582846297276566,1.2019561481152734,1.220719138809613,-0.18210587065310885,-0.7390494484820488,-0.13448561582809335,0.0008235139366060267,1.220226550153339
1731068512.46,-0.482115029746528,0.08423902851714378,-0.10539889631426844,-0.28429552832953053,1.343110603334568,0.6428705055521089,-0.7329872611422701,-0.18097790867321242,-0.11335549844938618,1.2352061941804986,-0.37451332194942155,-0.25995004376715497,-0.09972105409848263,-0.2005438235816449,1.2203711178237986,1.4261368036056759,-0.1787583330285511,-0.13448561582809335,0.11368382580107042,1.219879384165399
1731068512.96,-0.482115029746528,-0.521069265897636,-0.10539889631426844,-0.16496514148120842,1.3424688923407286,-0.4222467253601425,-0.9014237070777946,-0.18097790867321242,-0.24099413504675726,1.2293772509890915,-0.37451332194942155,-0.5097423989279406,-0.09972105409848263,-0.19092118226640023,1.220023097243294,-2.0583889906216846,-0.3765081384827269,4.471324869238586,-0.16846695386009064,1.2195322183413075
1731068513.46,-0.201274063410965,-0.13903042434076696,-0.10539889631426844,-0.26975347401826544,1.3418272560839324,0.6428705055521089,-1.2882036940408517,-0.18097790867321242,-0.11335549844938618,1.2293544456189405,-0.37451332194942155,-0.7358475479958931,-0.09972105409848263,-0.041770241880106994,1.219675077068106,-0.18210587065310885,-0.4931298186223689,-0.13448561582809335,-0.18859879327375184,1.219185052681058
1731068513.96,-0.482115029746528,-0.11422270735655464,-0.10539889631426844,-0.33519271841895826,1.3411856945712777,-0.4222467253601425,-0.5988619430825003,-0.18097790867321242,-0.1704569937692627,1.227758330316599,1.1939154669399505,-1.1019225512487685,-0.09972105409848263,-0.09228910878514178,1.2193270572982544,1.4261368036056759,-0.363831868902331,-0.13448561582809335,1.654074568816058,1.2188378871846703
1731068514.46,1.4837717346024528,-0.379665279087626,-0.10539889631426844,-0.07086949593772848,1.3405442078098804,0.6428705055521089,-0.8452782250992864,-0.18097790867321242,-0.00922924227784658,1.2383521970134934,-0.37451332194942155,-0.8693572550645889,-0.09972105409848263,0.10497503817737511,1.218979037933753,-0.18210587065310885,-0.48805931079021053,-0.13448561582809335,-0.19927476872039038,1.2184907218521481
1731068514.96,-0.201274063410965,-0.46153074513552644,-0.10539889631426844,1.969295182436812,1.3399027958068344,-0.4222467253601425,-0.44602146436322765,-0.18097790867321242,0.13184504027714253,1.2203471543337654,-0.37451332194942155,-1.2332788759453888,-0.09972105409848263,-0.12837401371730947,1.2186310189746283,-0.4501463163628999,-0.6908796240765446,-0.13448561582809335,0.9677618615321526,1.2181435566835015
1731068515.46,-0.482115029746528,-0.12910733754708204,-0.10539889631426844,-0.17351929107607014,1.339261458569251,0.6428705055521089,-0.9949995103753085,-0.18097790867321242,-0.18389263972688075,1.2181946491811568,-0.37451332194942155,-0.8069091662743926,-0.09972105409848263,0.26374861987891296,1.21828300042086,-0.4501463163628999,-0.27763323575563903,-0.13448561582809335,-0.2056803539883735,1.2177963916787504
1731068515.96,1.4837717346024528,-0.3995114526749957,-0.10539889631426844,-0.2607716169436606,1.3386201961042377,-0.4222467253601425,-1.1416016022080802,-0.18097790867321242,0.2326123849592777,1.2231925922665094,1.1939154669399505,-1.20743828748048,-0.09972105409848263,0.22525805461793413,1.2179349822724754,-0.4501463163628999,-0.4272132168043103,-0.13448561582809335,-0.12728819142305636,1.2174492268378985
1731068516.46,-0.482115029746528,-0.31020367153183154,-0.10539889631426844,-0.25734995710571584,1.337979008418897,0.6428705055521089,-1.2071046645163395,-0.18097790867321242,0.014283138147984887,1.2280826834240697,-0.37451332194942155,-0.7336941656238174,-0.09972105409848263,1.875541040182404,1.217586964529494,1.4261368036056759,-0.14833528603560098,-0.13448561582809335,-0.1425395849182542,1.2171020621609623
1731068516.96,-0.482115029746528,-0.08445344697549988,-0.10539889631426844,-0.21201296425294827,1.3373378955203359,-0.4222467253601425,-0.8172054841100322,-0.18097790867321242,2.6073628079682614,1.2334719501768265,-0.37451332194942155,-1.108382698364996,-0.09972105409848263,0.28539956283821366,1.217238947191923,-0.4501463163628999,-0.2674922200913223,-0.13448561582809335,-0.16389153581153126,1.2167548976479454
1731068517.46,-0.482115029746528,-0.05220341489602389,-0.10539889631426844,-0.3266385688240965,1.3366968574156484,0.6428705055521089,-0.46785581846598084,-0.18097790867321242,0.2796371458109406,1.234176928717528,-0.37451332194942155,-1.1514503458065108,-0.09972105409848263,-0.08747778812751941,1.216890930259782,-0.4501463163628999,-0.10270071554617609,-0.13448561582809335,-0.11203679792785844,1.2164077332988543
1731068517.96,-0.201274063410965,0.09912365870767116,-0.10539889631426844,-0.20345881465808646,1.3360558941119591,-0.4222467253601425,-0.6019811365257507,-0.18097790867321242,0.04955170878673216,1.217297512650254,1.1939154669399505,-0.645405488368712,-0.09972105409848263,-0.2799306144324139,1.2165429137330646,1.4261368036056759,0.3587154971802338,-0.13448561582809335,-0.21605130156510807,1.2160605691137163
1731068518.46,1.4837717346024528,-0.20104971680129743,-0.10539889631426844,-0.2162900390503792,1.3354150056163623,0.6428705055521089,0.43359108663340185,-0.18097790867321242,-0.18053372823747615,1.2344414135412642,-0.37451332194942155,-0.8801241669249676,-0.09972105409848263,-0.07785514681227468,1.2161948976117904,-0.4501463163628999,0.016456218509545224,-0.13448561582809335,-0.07543345353938345,1.2157134050925278
1731068518.96,-0.482115029746528,0.1909122115492564,-0.10539889631426844,-0.023821673165988613,1.3347741919359775,-0.4222467253601425,-0.19024760201669014,-0.18097790867321242,-0.31824909930306083,1.216142152894365,-0.37451332194942155,-0.7466144598562718,-0.09972105409848263,-0.3015815573917145,1.2158468818959869,-0.4501463163628999,-0.1686173173642344,-0.13448561582809335,-0.20812057694760516,1.2153662412353121
1731068519.46,-0.482115029746528,0.46627787007401267,-0.10539889631426844,-0.1692422162786393,1.3341334530778906,0.6428705055521089,0.22460512593562057,-0.18097790867321242,-0.2678654269619933,1.2186564570343617,-0.37451332194942155,-0.9059647553898765,-0.09972105409848263,-0.1379966550325542,1.2154988665856468,-0.4501463163628999,-0.07481292246930514,-0.13448561582809335,-0.09373512573362094,1.2150190775420595
1731068519.96,1.4837717346024528,0.11152751719977731,-0.10539889631426844,0.955628455445688,1.3334927890492083,-0.4222467253601425,0.502213342384912,-0.18097790867321242,-0.2611476039831843,1.2302410204058203,1.1939154669399505,-0.6281784293921061,-0.09972105409848263,-0.2823362747612251,1.2151508516808038,-0.18210587065310885,0.19392399263508733,-0.13448561582809335,-0.22276191470299517,1.2146719140127968
1731068520.46,-0.482115029746528,0.2554122757082084,-0.10539889631426844,-0.17351929107607014,1.3328521998570553,-0.4222467253601425,0.14350609641110892,-0.18097790867321242,-0.33504365675008335,1.2217542621496122,-0.37451332194942155,-0.5786506348343643,-0.09972105409848263,-0.25346835081549085,1.2148028371814443,1.4261368036056759,-0.11030647729441362,-0.13448561582809335,-0.07543345353938345,1.2143247506475308
1731068520.96,-0.201274063410965,0.5258163908361222,-0.10539889631426844,-0.3120965145128314,1.3322116855085253,0.6428705055521089,-0.21208195611944336,-0.18097790867321242,-0.2645065154725888,1.228536258888336,-0.37451332194942155,-0.9081181377619523,-0.09972105409848263,0.6438429518310796,1.214454823087602,-0.4501463163628999,-0.30298577491643075,-0.13448561582809335,-0.21574627369520413,1.2139775874462746
1731068521.46,-0.482115029746528,0.7093934965192933,-0.10539889631426844,-0.10508609431717574,1.3315712460107259,-0.4222467253601425,-0.46161743157947993,1.7125343850160237,-0.09656094100236358,1.2173314046586754,-0.37451332194942155,-0.8564369608321345,-0.09972105409848263,-0.2943645764052809,1.2141068093992768,-0.18210587065310885,-0.07481292246930514,-0.13448561582809335,-0.14558986361729379,1.2136304244090386
1731068521.96,-0.482115029746528,0.014777420961349326,-0.10539889631426844,-0.2872894806877322,1.3309308813707639,-0.599766263845522,0.049930293113595065,-0.18097790867321242,-0.28801889589842034,1.2141364161984622,1.1939154669399505,-0.9081181377619523,-0.09972105409848263,-0.1307796740461207,1.2137587961164753,-0.4501463163628999,-0.3232678062450642,-0.13448561582809335,-0.20537532611846954,1.2132832615358262
1731068522.46,1.4837717346024528,0.04454668134240409,-0.10539889631426844,-0.0879777951274521,1.3302905915957377,0.8203900440374883,0.14038690296785844,-0.18097790867321242,-0.11335549844938618,1.2169533179576308,-0.37451332194942155,-0.3762326918592447,-0.09972105409848263,-0.14761929634779894,1.2134107832392445,1.4261368036056759,0.4170263372500549,-0.13448561582809335,-0.10593624052977928,1.2129360988266542
1731068522.96,-0.482115029746528,0.04206590964398286,-0.10539889631426844,-0.29456050784336474,1.3296503766927716,-0.4222467253601425,0.3181809292331344,-0.18097790867321242,2.1606275798774623,1.2376724430816772,-0.37451332194942155,-0.6927799005543783,-0.09972105409848263,-0.17648722029353311,1.2130627707675505,-0.4501463163628999,0.08237282032760382,-0.13448561582809335,-0.21025577203693288,1.2125889362815325
1731068523.46,-0.482115029746528,-0.0943765337691848,-0.10539889631426844,-0.015267523571126802,1.3290102366689642,0.6428705055521089,3.240865185558814,-0.18097790867321242,-0.33840256823948783,1.2226786421484288,-0.37451332194942155,-0.7896821072977867,-0.09972105409848263,-0.017713638591995165,1.212714758701434,-0.4501463163628999,-0.10523596946225526,-0.13448561582809335,-0.07238317484034387,1.212241773900478
1731068523.96,1.4837717346024528,-0.21593434699182482,-0.10539889631426844,-0.30140382751925415,1.3283701715314138,-0.4222467253601425,0.7922983326072046,-0.18097790867321242,-0.11335549844938618,1.2208094723092453,1.1939154669399505,-0.5032822518117134,-0.09972105409848263,-0.18370420127996662,1.2123667470409014,1.4261368036056759,-0.3308735679933017,-0.13448561582809335,-0.1940892949320231,1.2118946116834841
1731068524.46,-0.482115029746528,0.39929703421663976,-0.10539889631426844,-0.10508609431717574,1.3277301812872364,-0.4222467253601425,-0.6861993594935132,-0.18097790867321242,-0.37870950611234183,1.224143568672804,-0.37451332194942155,-0.5269694579045465,-0.09972105409848263,-0.2751192937747915,1.2120187357859593,-0.4501463163628999,0.06716129683112876,-0.13448561582809335,0.22349385896649523,1.2115474496305811
1731068524.96,-0.482115029746528,0.14625832097767452,-0.10539889631426844,-0.29199426296490616,1.3270902659435213,0.6428705055521089,-0.39611436927122023,-0.18097790867321242,-0.29137780738782476,1.2197939180726065,-0.37451332194942155,-0.5032822518117134,-0.09972105409848263,-0.11394005174444237,1.2116707249366345,-0.18210587065310885,0.3054751649425711,-0.13448561582809335,1.5717170439419894,1.2112002877417587
1731068525.46,-0.482115029746528,-0.019953382816547897,-0.10539889631426844,-0.18207344067093195,1.3264504255073974,0.46535096706674206,-0.5271204938877396,-0.18097790867321242,-0.3148901878136563,1.2263065555413466,-0.37451332194942155,-0.6841663710660754,-0.09972105409848263,0.38643729664828325,1.2113227144929206,-0.4501463163628999,-0.0038258128190881893,-0.13448561582809335,-0.21940660813405163,1.2108531260170508
1731068525.96,1.4837717346024528,-0.1266265658486608,-0.10539889631426844,-0.13502561789919207,1.3258106599859676,-0.2447271868747757,-0.1840092151301892,-0.18097790867321242,-0.3955040635593644,1.2103719632194336,-0.15045206639380151,-0.8542835784600588,-0.09972105409848263,-0.3015815573917145,1.2109747044548438,1.4261368036056759,-0.23960442701445134,-0.13448561582809335,-0.13643902752017503,1.2105059644564538
1731068526.46,-0.482115029746528,0.0619120832313527,-0.10539889631426844,-0.19490466506322465,1.32517096938633,-0.4222467253601425,-0.3056577594169572,1.7125343850160237,-0.37535059462293735,1.2313794683210064,1.1939154669399505,-0.8887376964132706,-0.09972105409848263,0.027993907655417257,1.2106266948224047,-0.4501463163628999,0.0037799489291493412,-0.13448561582809335,-0.13033847012209587,1.210158803059981
1731068526.96,-0.482115029746528,0.12641214739030468,-0.10539889631426844,-0.3287771062228119,1.3245313537155965,-0.4222467253601425,0.7985367194937055,-0.18097790867321242,-0.2645065154725888,1.2234565936329065,-0.37451332194942155,-0.9511857852034671,-0.09972105409848263,-0.214977785554512,1.2102786855956227,-0.18210587065310885,0.31054567277472944,-0.13448561582809335,-0.1904289604931756,1.2098116418276463
1731068527.46,-0.201274063410965,0.240527645517681,-0.10539889631426844,-0.17779636587350103,1.3238918129808652,0.8203900440374883,0.2277243193788714,-0.18097790867321242,1.4754096360389435,1.2233958950929698,-0.37451332194942155,-0.5291228402766223,-0.09972105409848263,-0.11153439141563123,1.209930676774525,-0.4501463163628999,0.084908074243683,-0.13448561582809335,-0.14864014231633335,1.209464480759453
1731068527.96,1.4837717346024528,0.14625832097767452,-0.10539889631426844,-0.2855786507687598,1.3232523471892645,-0.599766263845522,0.7735831719477018,-0.18097790867321242,-0.22755848908913923,1.2180908435679754,1.1939154669399505,-0.8995046082736493,-0.09972105409848263,-0.26068533180192444,1.2095826683590982,1.4261368036056759,-0.04946038330851337,-0.13448561582809335,-0.17731276208730543,1.209117319855421
1731068528.46,-0.482115029746528,0.41666243610558834,-0.10539889631426844,-0.0879777951274521,1.3226129563478761,0.6428705055521089,0.3961607653143963,-0.18097790867321242,-0.2745832499408023,1.2281774702390023,-0.37451332194942155,-0.8693572550645889,-0.09972105409848263,-0.12837401371730947,1.2092346603493624,-0.4501463163628999,0.4018148137535798,-0.13448561582809335,-0.2325228065399218,1.2087701591155537
1731068528.96,-0.482115029746528,0.5382202493282283,-0.10539889631426844,-0.22997667840215807,1.3219736404638243,-0.4222467253601425,-0.8078479037802808,-0.18097790867321242,-0.18053372823747615,1.2176035441907866,-0.37451332194942155,-0.71216034190306,-0.09972105409848263,-0.041770241880106994,1.2088866527453306,-0.18210587065310885,-0.19650511044110536,-0.13448561582809335,0.08318103881067468,1.2084229985398682
1731068529.46,-0.482115029746528,0.8706436569166729,-0.10539889631426844,-0.0879777951274521,1.3213343995442113,0.6428705055521089,-0.7329872611422701,-0.18097790867321242,-0.1267911444070042,1.2293978831384056,-0.37451332194942155,-0.32885827967357867,-0.09972105409848263,-0.2751192937747915,1.2085386455470233,-0.4501463163628999,-0.5463701508600315,-0.13448561582809335,-0.230997667190402,1.2080758381283678
1731068529.96,1.4837717346024528,0.7987012776624572,-0.10539889631426844,-0.0879777951274521,1.320695233596136,-0.4222467253601425,-0.23391631022219658,-0.18097790867321242,-0.33504365675008335,1.2112201031132037,1.1939154669399505,-0.37407930948716894,-0.09972105409848263,-0.02252495924961753,1.2081906387544534,-0.4501463163628999,-0.5920047213494567,-0.13448561582809335,0.3546558430251972,1.2077286778810623
1731068530.46,-2.167160827759946,0.6448934323603412,4.74557083286513,-0.27060888897775165,1.3200561426267228,0.6428705055521089,-0.6144579102987525,-0.18097790867321242,-0.13350896738581322,1.2179238817882985,-0.37451332194942155,-0.6001844585551217,-0.09972105409848263,1.408842936393035,1.2078426323676212,-0.4501463163628999,-0.33594407582546004,4.327393291580252,0.13198549799530793,1.207381517797972
1731068530.96,-0.482115029746528,-0.002587980927599285,-0.10539889631426844,-0.11791731870946845,1.3194171266430654,-0.4222467253601425,-0.2807042118709535,-0.18097790867321242,-0.05289509164010508,1.2076060323356816,-0.37451332194942155,-0.3202447501852757,-0.09972105409848263,-0.22941174752737903,1.2074946263865334,-0.4501463163628999,-0.6528508153353569,-0.13448561582809335,0.43396308920022636,1.207034357879104
1731068531.46,-0.482115029746528,0.13881600588241083,-0.10539889631426844,-0.3116688070330883,1.3187781856522842,-0.4222467253601425,-0.42730630370372485,1.7125343850160237,-0.33504365675008335,1.2255279440149496,-0.37451332194942155,-0.4257604864169867,-0.09972105409848263,-0.10912873108682,1.20714662081123,-0.18210587065310885,-0.3612966149862518,-0.13448561582809335,-0.12118763402497719,1.206687198124468
1731068531.96,1.4837717346024528,-0.48881923381816,-0.10539889631426844,0.018949074808320445,1.318139319661469,-0.4222467253601425,0.4741406013956575,-0.18097790867321242,-0.14022679036462224,1.2111636804232377,1.1939154669399505,-0.2448763671626248,-0.09972105409848263,-0.11875137240206474,1.2067986156416912,-2.0583889906216846,-0.03171360589595913,4.471324869238586,1.1934824852610815,1.2063400385340706
1731068532.46,-0.482115029746528,-0.6128578187392214,-0.10539889631426844,-0.07514657073515939,1.3175005286777353,0.6428705055521089,0.29946576857363166,-0.18097790867321242,1.5526646002952473,1.2148374850693036,-0.37451332194942155,-0.08983283637317147,-0.09972105409848263,-0.25827967147311326,1.2064506108779633,1.4261368036056759,-0.5920047213494567,-0.13448561582809335,0.05877880921835802,1.2059928791079257
1731068532.96,-0.201274063410965,-0.6153385904376426,-0.10539889631426844,0.07027397237749122,1.3168618127081946,-1.664883494757786,-0.2869425987574544,1.7125343850160237,-0.38542732909115085,1.2231757360361077,-0.37451332194942155,0.022143046974766798,-0.09972105409848263,-0.008090997276750432,1.2061026065200202,-0.4501463163628999,-0.5945399752655358,-0.13448561582809335,-0.19225912771259934,1.205645719846043
1731068533.46,-0.482115029746528,-0.5806077866597453,-0.10539889631426844,-0.07086949593772848,1.3162231717599584,0.6428705055521089,-1.5470967498306396,-0.18097790867321242,0.0377955185738165,1.2220349858595196,-0.37451332194942155,-0.26425680851130645,-0.09972105409848263,-0.1596475979918548,1.205754602567908,-0.4501463163628999,-0.7213026710694945,-0.13448561582809335,-0.13643902752017503,1.2052985607484432
1731068533.96,-0.482115029746528,-0.2903574979444617,-0.10539889631426844,-0.10080901951974483,1.3155846058401206,-0.4222467253601425,-1.3474683694626104,-0.18097790867321242,-0.3686327716441284,1.2264842489285148,1.1939154669399505,0.34084363804197615,-0.09972105409848263,-0.2943645764052809,1.2054065990216205,1.4261368036056759,-0.8556711286216907,-0.13448561582809335,0.08928159620875384,1.2049514018151224
1731068534.46,1.4837717346024528,-0.3722229639923623,-0.10539889631426844,-0.036652897558281335,1.3149461149558013,0.6428705055521089,-0.8452782250992864,-0.18097790867321242,-0.38206841760174637,1.221511767631166,-0.37451332194942155,-0.33747180916188163,-0.09972105409848263,-0.15724193766304367,1.2050585958811708,-0.4501463163628999,-0.7922897807197115,-0.13448561582809335,-0.08153401093746263,1.2046042430460977
1731068534.96,-0.482115029746528,-0.4813769187228963,-0.10539889631426844,-0.139302692696623,1.3143076991140947,-1.664883494757786,-0.3274921135197104,1.7125343850160237,-0.17717481674807173,1.2252057968925365,-0.37451332194942155,-1.0480879919468753,-0.09972105409848263,1.0912957729899593,1.2047105931465993,-0.4501463163628999,-0.47791829512589384,-0.13448561582809335,-0.0022267647624335555,1.2042570844413756
1731068535.46,-0.482115029746528,-0.5458769828818482,-0.10539889631426844,-0.22569960360472718,1.313669358322125,0.6428705055521089,-1.0605025726835682,-0.18097790867321242,-0.4492466473898365,1.2068201293456038,-0.37451332194942155,-1.1665240224110407,-0.09972105409848263,-0.29917589706290326,1.2043625908178657,-0.18210587065310885,-0.47538304120981467,-0.13448561582809335,-0.18005801291644105,1.2039099260009731
1731068535.96,1.4837717346024528,-0.5185884941992147,-0.10539889631426844,0.9256889318636715,1.3130310925869995,-0.4222467253601425,-0.47721339879573227,-0.18097790867321242,-0.33840256823948783,1.2210720998858038,1.1939154669399505,-1.2354322583174644,-0.09972105409848263,-0.1307796740461207,1.2040145888950233,1.4261368036056759,0.057020281166812056,-0.13448561582809335,0.1685888423837829,1.2035627677249037
1731068536.46,-0.482115029746528,-0.315165214928674,-0.10539889631426844,-0.19918173986065557,1.312392901915821,0.6428705055521089,-1.1166480546620765,-0.18097790867321242,0.09153810240428845,1.2226892263133573,-0.37451332194942155,-1.1536037281785863,-0.09972105409848263,-0.21978910621213435,1.2036665873780659,-0.4501463163628999,-0.394254915895281,-0.13448561582809335,0.9342087958427174,1.2032156096131674
1731068536.96,-0.482115029746528,-0.014991839419705435,-0.10539889631426844,-0.11364024391203754,1.311754786315683,-0.4222467253601425,0.009380778351339413,-0.18097790867321242,2.5401845781801713,1.2073537586366057,-0.15045206639380151,-1.0739285804117842,-0.09972105409848263,-0.10912873108682,1.203318586267013,-0.4501463163628999,0.11533112123663312,-0.13448561582809335,-0.26638090009926113,1.2028684516657842
1731068537.46,-0.482115029746528,-0.28539595454761923,-0.10539889631426844,-0.28814489564721835,1.3111167457937063,0.6428705055521089,-0.9856419300455571,-0.18097790867321242,-0.2712243384513978,1.2020914174828392,-0.37451332194942155,-1.09115563938839,-0.09972105409848263,-0.26790231278835797,1.2029705855618917,-0.4501463163628999,-0.40693118547567686,-0.13448561582809335,0.05877880921835802,1.2025212938827508
1731068537.96,-0.482115029746528,-0.315165214928674,-0.10539889631426844,-0.09653194472231393,1.3104787803570106,-0.4222467253601425,-0.8234438709965332,-0.18097790867321242,-0.3719916831335329,1.2161496183743004,1.1939154669399505,-1.1536037281785863,-0.09972105409848263,-0.09710042944276415,1.2026225852626886,-0.4501463163628999,-0.46270677162941876,-0.13448561582809335,-0.19591946215144684,1.2021741362640943
1731068538.46,1.4837717346024528,0.3868931757245336,-0.10539889631426844,-0.31893983418872085,1.30984089001269,-0.4222467253601425,-0.5645508152067452,-0.18097790867321242,-0.21748175462092578,1.2133706772874535,-0.37451332194942155,-1.0610082861793297,-0.09972105409848263,-0.046581562537729354,1.2022745853694237,1.4261368036056759,0.18378297697077062,-0.13448561582809335,-0.09068484703458136,1.2018269788098213
1731068538.96,-0.482115029746528,-0.017472611118126667,-0.10539889631426844,-0.11364024391203754,1.309203074767856,0.6428705055521089,-0.2557506643249498,-0.18097790867321242,-0.14022679036462224,1.204331807119707,-0.37451332194942155,-0.9813331384125272,-0.09972105409848263,-0.26068533180192444,1.2019265858821035,-0.4501463163628999,-0.3004505210003516,-0.13448561582809335,-0.16816192599018667,1.2014798215199385
1731068539.46,-0.482115029746528,-0.00010720922917805468,-0.10539889631426844,-0.21201296425294827,1.308565334629624,0.6428705055521089,-0.3524456610657141,-0.18097790867321242,0.2997906147473677,1.2156381953176503,-0.37451332194942155,-0.9597993146917699,-0.09972105409848263,0.33110710908562596,1.2015785868007618,-0.4501463163628999,-0.45510100988118124,-0.13448561582809335,-0.1425395849182542,1.2011326643944558
1731068539.96,1.4837717346024528,0.10656597380293485,-0.10539889631426844,-0.24965122247034024,1.3079276696050843,-0.4222467253601425,-0.5520740414337433,-0.18097790867321242,0.5987337373043683,1.2032407263177745,1.1939154669399505,-0.9274985791106339,-0.09972105409848263,-0.09710042944276415,1.2012305881253982,-0.18210587065310885,-0.07734817638538431,-0.13448561582809335,-0.20415521463885372,1.2007855074333837
1731068540.46,-0.482115029746528,0.027181279453455477,-0.10539889631426844,-0.22912126344267192,1.3072900797013651,0.6428705055521089,0.43982947351990276,-0.18097790867321242,-0.37535059462293735,1.2170323329646096,-0.37451332194942155,-0.7875287249257109,-0.09972105409848263,-0.25827967147311326,1.2008825898560198,1.4261368036056759,0.026597234173861933,-0.13448561582809335,-0.19927476872039038,1.2004383506367422
1731068540.96,-0.201274063410965,0.5431817927250708,-0.10539889631426844,-0.34160833061510465,1.3066525649255696,-1.664883494757786,0.29634657513038154,1.7125343850160237,0.4408648973023568,1.2008768627928244,-0.37451332194942155,-0.9964068150170574,-0.09972105409848263,-0.05139288319535172,1.2005345919926396,-0.4501463163628999,-0.03424885981203831,-0.13448561582809335,-0.1394893062192146,1.2000911940045313
1731068541.46,-0.482115029746528,0.32487388326400285,-0.10539889631426844,0.857255735104777,1.3060151252848002,-0.4222467253601425,-0.5489548479904929,-0.18097790867321242,-0.3048134533454428,1.2065266084544992,-0.37451332194942155,-0.37407930948716894,-0.09972105409848263,-0.23181740785619023,1.2001865945352779,-0.4501463163628999,0.049414519418574526,-0.13448561582809335,-0.09983568313170012,1.1997440375367712
1731068541.96,1.4837717346024528,0.4762009568676976,-0.10539889631426844,0.6262936960435086,1.305377760786177,0.6428705055521089,0.14662528985435938,-0.18097790867321242,2.1001671730681815,1.20728735277104,-0.37451332194942155,-0.7444610774841961,-0.09972105409848263,-0.28955325574765856,1.1998385974839478,-0.4501463163628999,-0.234533919182293,-0.13448561582809335,0.06487936661643719,1.1993968812334685
1731068542.46,-0.482115029746528,0.434027837994537,-0.10539889631426844,0.8786411090919318,1.3047404714367812,0.6428705055521089,-0.3056577594169572,-0.18097790867321242,-0.1939693741950942,1.2161029778371848,1.1939154669399505,-0.7272340185075902,-0.09972105409848263,-0.09950608977157527,1.199490600838656,1.4261368036056759,-0.5159471038670815,-0.13448561582809335,0.055728530519318434,1.1990497250946166
1731068542.96,-0.482115029746528,0.6349703455666563,-0.10539889631426844,2.3029070166364223,1.3041032572437632,-0.4222467253601425,0.3774456046548935,-0.18097790867321242,-0.3887862405805554,1.2193487429470926,-0.15045206639380151,-0.7939888720419381,-0.09972105409848263,-0.255874011144302,1.1991426045994165,-0.4501463163628999,-0.1356590164552054,-0.13448561582809335,0.04657769442219969,1.1987025691202526
1731068543.46,-0.482115029746528,0.04206590964398286,-0.10539889631426844,0.5621375740820449,1.3034661182141998,0.6428705055521089,-0.09667179871917628,-0.18097790867321242,-0.40222188653817337,1.2134382523784122,-0.37451332194942155,-0.7401543127400446,-0.09972105409848263,-0.29917589706290326,1.1987946087662351,-0.4501463163628999,-0.4272132168043103,-0.13448561582809335,-0.14864014231633335,1.1983554133103762
1731068543.96,-0.482115029746528,-0.19608817340445497,-0.10539889631426844,0.8871952586867935,1.3028290543552195,-0.4222467253601425,0.5365244702606667,-0.18097790867321242,-0.18389263972688075,1.2115713478478407,1.1939154669399505,-0.9425722557151641,-0.09972105409848263,-0.20535514423926726,1.1984466133391325,1.4261368036056759,-0.12805325470696785,-0.13448561582809335,0.27229831815112854,1.1980082576650046
1731068544.46,1.4837717346024528,-0.34493447530972876,-0.10539889631426844,1.0197845774071517,1.3021920656739165,0.6428705055521089,0.6051467260121769,-0.18097790867321242,-0.22084066611033024,1.2057012160988165,-0.37451332194942155,-0.473134898602653,-0.09972105409848263,1.4713901049421259,1.198098618318115,-0.18210587065310885,-0.2827037435877974,-0.13448561582809335,-0.20385018676894975,1.1976611021841341
1731068544.96,-0.201274063410965,0.029662051151876707,-0.10539889631426844,0.3996087317796707,1.3015551521774023,-0.4222467253601425,0.5521204374769194,-0.18097790867321242,-0.2745832499408023,1.195028356545371,-0.37451332194942155,-0.5743438700902128,-0.09972105409848263,-0.214977785554512,1.1977506237032163,-0.4501463163628999,-0.16101155561599687,-0.13448561582809335,-0.20385018676894975,1.1973139468677851
1731068545.46,-0.482115029746528,-0.019953382816547897,-0.10539889631426844,1.083940699368615,1.3009183138727967,0.6428705055521089,1.4005410540410435,-0.18097790867321242,-0.21748175462092578,1.2132053127615303,-0.37451332194942155,-0.6820129886939996,-0.09972105409848263,-0.19332684259521135,1.197402629494416,-0.4501463163628999,0.4550551459912425,-0.13448561582809335,-0.23282783440982574,1.1969667917159643
1731068545.96,-0.482115029746528,-0.12166502245181833,-0.10539889631426844,0.006117850416027726,1.3002815507671983,-0.4222467253601425,-0.3524456610657141,-0.18097790867321242,0.19230544708642364,1.2104120260734614,1.1939154669399505,-0.3977665155800021,-0.09972105409848263,-0.20294948391045609,1.197054635691748,1.4261368036056759,-0.16101155561599687,-0.13448561582809335,-0.05713178134514597,1.1966196367286919
1731068546.46,1.4837717346024528,-0.1737612281186639,-0.10539889631426844,-0.03237582276085042,1.2996448628677228,0.6428705055521089,-0.3524456610657141,-0.18097790867321242,2.1136028190257994,1.2090207088087854,-0.37451332194942155,-0.4193003393007595,-0.09972105409848263,-0.07063816582584119,1.1967066422952117,-0.4501463163628999,-0.28523899750387655,-0.13448561582809335,-0.22337197044280308,1.1962724819059745
1731068546.96,-0.482115029746528,-0.03235724130865405,-0.10539889631426844,-0.10080901951974483,1.2990082501814817,-0.4222467253601425,-0.4179487233739735,-0.18097790867321242,-0.2813010729196113,1.2053468968846672,-1.7188808552831736,-0.5528100463694554,3.573059006625274,-0.2366287285138126,1.196358649304821,-0.18210587065310885,-0.12551800079088868,-0.13448561582809335,0.3363541708309597,1.195925327247812
1731068547.46,-0.482115029746528,0.45139323988348556,-0.10539889631426844,2.521037831305398,1.2983717127155647,0.6428705055521089,0.043691906227094145,-0.18097790867321242,0.11169157134071549,1.2020685802481337,-0.37451332194942155,-0.910271520134028,-0.09972105409848263,-0.13559099470374297,1.196010656720616,-0.4501463163628999,0.19899450046724568,-0.13448561582809335,-0.19012393262327162,1.1955781727542216
1731068547.96,1.4837717346024528,0.44891246818506436,-0.10539889631426844,0.16009254312354015,1.2977352504771091,-0.4222467253601425,0.18717480461661537,-0.18097790867321242,-0.32496692228186985,1.2128918459040159,1.1939154669399505,-0.33962519153395737,-0.09972105409848263,-0.1812985409511555,1.1956626645425694,1.4261368036056759,0.12293688298487065,-0.13448561582809335,-0.13338874882113544,1.19523101842522
1731068548.46,-0.482115029746528,0.31495079647031793,-0.10539889631426844,-0.3112410995533452,1.297098863473209,0.6428705055521089,0.5302860833741658,-0.18097790867321242,-0.3216080107924653,1.2030757007967279,-0.37451332194942155,-0.5506566639973797,-0.09972105409848263,-0.29195891607646973,1.1953146727707151,-0.4501463163628999,-0.10523596946225526,-0.13448561582809335,-0.11813735532593761,1.194883864260817
1731068548.96,-0.482115029746528,0.5183740757408585,-0.10539889631426844,-0.10080901951974483,1.2964625517109802,-0.4222467253601425,0.7080801096394418,-0.18097790867321242,-0.07304856057653211,1.2095399740672215,-0.37451332194942155,-0.5118957813000163,-0.09972105409848263,1.6205410453284188,1.194966681405053,-0.4501463163628999,0.07983756641152465,-0.13448561582809335,-0.1547406997144125,1.1945367102610163
1731068549.46,-0.482115029746528,0.620085715376129,-0.10539889631426844,-0.3031146574382265,1.2958263151975253,0.6428705055521089,1.584573467192821,-0.18097790867321242,-0.33504365675008335,1.2109863246607169,-0.37451332194942155,-0.7724550483211807,-0.09972105409848263,-0.3569117449543716,1.19461869044561,-0.4501463163628999,0.7821029011654561,-0.13448561582809335,-0.2187965523942437,1.1941895564258345
1731068549.96,1.4837717346024528,0.42658552289927326,-0.10539889631426844,-0.002436299178834085,1.2951901539399473,-0.599766263845522,0.4679022145091566,-0.18097790867321242,-0.38542732909115085,1.203690012241548,1.1939154669399505,-0.71216034190306,-0.09972105409848263,-0.24625136982905732,1.194270699892399,-0.18210587065310885,0.4829429390681135,-0.13448561582809335,0.7450915165022635,1.1938424027552719
1731068550.46,-0.482115029746528,0.4117008927087459,-0.10539889631426844,-0.23382604571984592,1.2945540679453746,0.6428705055521089,0.00314239146483849,-0.18097790867321242,-0.2947367188772293,1.2099966668465274,-0.15045206639380151,-0.41068680981245653,-0.09972105409848263,-0.08747778812751941,1.193922709745414,1.4261368036056759,-0.04692512939243419,-0.13448561582809335,-0.17487253912807377,1.1934952492493582
1731068550.96,-0.482115029746528,1.1931439777114325,-0.10539889631426844,-0.10936316911460664,1.2939180572209104,-0.599766263845522,-0.6300538775150049,-0.18097790867321242,1.3041051500793142,1.1982123361207062,-0.37451332194942155,-0.18888842548865553,-0.09972105409848263,-0.2654966524595468,1.193574720004681,-2.0583889906216846,-0.5108765960349231,4.471324869238586,-0.21696638517481995,1.1931480959080873
1731068551.46,-0.201274063410965,0.8880090588056215,-0.10539889631426844,-0.224844188645241,1.2932821217736612,0.8203900440374883,-0.30253856597370676,-0.18097790867321242,-0.2980956303666338,1.1975207238633834,-0.37451332194942155,-0.6023378409271974,-0.09972105409848263,-0.29195891607646973,1.1932267306702071,-0.4501463163628999,-0.46270677162941876,-0.13448561582809335,-0.06933289614130429,1.1928009427314792
1731068551.96,1.4837717346024528,0.739162756900348,-0.10539889631426844,-0.277024501173898,1.2926462616107388,-0.4222467253601425,-0.3462072741792132,-0.18097790867321242,-0.22084066611033024,1.2074289483399059,1.1939154669399505,-0.4408341630215169,-0.09972105409848263,-0.2654966524595468,1.1928787417420124,1.4261368036056759,-0.842994859041295,-0.13448561582809335,-0.22215185896318726,1.1924537897195404
1731068552.46,-2.167160827759946,-0.6401463074218549,-0.10539889631426844,-0.092254869924883,1.2920104767392413,0.6428705055521089,0.03745351934059322,-0.18097790867321242,-0.2980956303666338,1.2121072416648566,-0.37451332194942155,0.3796045207393395,-0.09972105409848263,-0.214977785554512,1.19253075322011,-0.18210587065310885,-0.8936999373628784,-0.13448561582809335,-0.1394893062192146,1.1921066368722746
1731068552.96,1.4837717346024528,-0.1985689451028762,-0.10539889631426844,-0.22783814100344263,1.291374767166302,-0.4222467253601425,0.29322738168713075,-0.18097790867321242,-0.37870950611234183,1.2080850336788365,-1.7188808552831736,-0.3159379854411242,3.573059006625274,-0.1981381632528337,1.1921827651045003,-0.4501463163628999,-0.6097514987620108,-0.13448561582809335,-0.06323233874322513,1.1917594841897083
1731068553.46,-0.482115029746528,-0.12166502245181833,-0.10539889631426844,-0.17779636587350103,1.290739132899015,0.6428705055521089,0.4866173751686593,-0.18097790867321242,-0.24771195802556628,1.1957576423690088,-0.15045206639380151,-0.31163122069697274,-0.09972105409848263,0.4273335222380733,1.191834777395196,-0.4501463163628999,-0.5286233734474773,-0.13448561582809335,-0.21971163600395557,1.1914123316718452
1731068553.96,-0.201274063410965,-0.4987423206118449,-0.10539889631426844,-0.2432356102741939,1.290103573944496,-0.4222467253601425,0.1934131915031163,-0.18097790867321242,-0.24099413504675726,1.196274256902431,1.1939154669399505,-0.3826928389754719,-0.09972105409848263,-0.0946947691139529,1.1914867900922246,1.4261368036056759,-0.6579213231675153,-0.13448561582809335,-0.0845842896365022,1.1910651793186955
1731068554.46,1.4837717346024528,-0.22089589038866728,-0.10539889631426844,1.2122529432915423,1.289468090309852,-0.4222467253601425,-0.7641791955747743,-0.18097790867321242,-0.22755848908913923,1.209328457540672,-0.15045206639380151,-0.17812151362827683,-0.09972105409848263,-0.11875137240206474,1.1911388031955858,-0.18210587065310885,-0.6705975927479111,-0.13448561582809335,-0.1394893062192146,1.1907180271302722
1731068554.96,-0.201274063410965,-0.3126844432302528,-0.10539889631426844,-0.20345881465808646,1.2888326820021858,0.6428705055521089,-0.6799609726070123,-0.18097790867321242,-0.33840256823948783,1.212348253827476,-0.37451332194942155,-0.10059974823355017,-0.09972105409848263,-0.2775249541036027,1.190790816705306,-0.4501463163628999,-0.7314436867338112,-0.13448561582809335,-0.17365242764845792,1.1903708751065656
1731068555.46,-0.482115029746528,-0.39703068097657446,-0.10539889631426844,-0.3112410995533452,1.2881973490286303,0.8203900440374883,-1.1571975694243322,-0.18097790867321242,-0.15366243632224025,1.1991091359004398,-0.37451332194942155,0.23963466655441634,-0.09972105409848263,-0.027336279907239896,1.1904428306213726,-0.4501463163628999,-0.6705975927479111,-0.13448561582809335,0.21739330156841608,1.1900237232476192
1731068555.96,1.4837717346024528,-0.3250883017223589,-0.10539889631426844,0.07027397237749122,1.2875620913962753,-0.599766263845522,-0.7860135496775276,-0.18097790867321242,3.615036254789612,1.191880719500221,-0.37451332194942155,-0.9985601973891332,-0.09972105409848263,-0.17889288062234426,1.1900948449438047,-0.4501463163628999,-0.5362291351957148,-0.13448561582809335,-0.22642224914184264,1.1896765715534263
1731068556.46,-0.482115029746528,-0.4416845715481566,-0.10539889631426844,-0.18635051546836284,1.286926909112241,0.6428705055521089,-0.9388540283968002,-0.18097790867321242,-0.042818357171891634,1.202156376851626,1.1939154669399505,-1.2117450522246316,-0.09972105409848263,-0.25827967147311326,1.1897468596726364,1.4261368036056759,-0.7187674171534153,-0.13448561582809335,-0.07543345353938345,1.189329420024004
1731068556.96,-0.482115029746528,-0.34493447530972876,-0.10539889631426844,0.08738227156721484,1.2862918021836303,-0.4222467253601425,-0.4896901725687341,-0.18097790867321242,-0.16038025930104927,1.192693316455284,-0.37451332194942155,-0.901657990645725,-0.09972105409848263,-0.11153439141563123,1.1893988748078608,-2.0583889906216846,-0.42214270897215195,4.471324869238586,-0.21971163600395557,1.1889822686593554
1731068557.46,-0.482115029746528,-0.3498960187065712,-0.10539889631426844,0.006117850416027726,1.2856567706175541,0.6428705055521089,-0.46785581846598084,-0.18097790867321242,-0.05961291461891409,1.1927024604111824,-0.15045206639380151,-1.0890022570163143,-0.09972105409848263,-0.3376664623238822,1.1890508903495114,-0.4501463163628999,-0.42214270897215195,-0.13448561582809335,0.21129274417033705,1.1886351174594905
1731068557.96,1.4837717346024528,-0.315165214928674,-0.10539889631426844,-0.26761493661955,1.2850218144211327,-0.4222467253601425,-0.739225648028771,-0.18097790867321242,-0.38542732909115085,1.1936521368750124,1.1939154669399505,-1.0760819627838598,-0.09972105409848263,-0.09950608977157527,1.1887029062975614,1.4261368036056759,-0.5412996430278731,-0.13448561582809335,-0.2492993393846395,1.1882879664244264
1731068558.46,-0.482115029746528,-0.44664611494499906,-0.10539889631426844,-0.092254869924883,1.284386933601469,0.6428705055521089,-1.038668218580815,-0.18097790867321242,0.007565315169175875,1.203480575142135,-0.37451332194942155,-1.2375856406895402,-0.09972105409848263,1.2163901100881405,1.1883549226520642,-0.18210587065310885,-0.5159471038670815,-0.13448561582809335,-0.13338874882113544,1.1879408155541797
1731068558.96,-0.482115029746528,-0.456569201738684,-0.10539889631426844,-0.28515094328901675,1.2837521281656743,-0.4222467253601425,-0.42106791681722394,-0.18097790867321242,-0.2544297810043753,1.1984674602727543,-0.37451332194942155,-1.0071737268774361,-0.09972105409848263,-0.32323250035101514,1.188006939413,-0.4501463163628999,-0.5565111665243482,-0.13448561582809335,-0.18036304078634502,1.1875936648487506
1731068559.46,-0.482115029746528,-0.010030296022862976,-0.10539889631426844,-0.023821673165988613,1.2831173981208643,0.6428705055521089,-0.9388540283968002,-0.18097790867321242,-0.39214515206995987,1.188650613503154,-0.37451332194942155,-1.0696218156676327,-0.09972105409848263,-0.18370420127996662,1.1876589565804085,-0.4501463163628999,-0.13819427037128457,-0.13448561582809335,-0.16389153581153126,1.187246514308149
1731068559.96,-2.167160827759946,0.09168134361240747,4.74557083286513,-0.3223614940266656,1.282482743474133,-0.4222467253601425,-0.8140862906667817,-0.18097790867321242,-0.08648420653415013,1.1972568182726047,1.1939154669399505,-1.1213029925974505,-0.09972105409848263,0.04964485061471785,1.1873109741542833,1.4261368036056759,0.008850456761307695,-0.13448561582809335,-0.23435297375934555,1.1868993639323853
1731068560.46,1.4837717346024528,-0.21593434699182482,-0.10539889631426844,-0.20516964457705883,1.2818481642326136,0.6428705055521089,0.5053325358281621,-0.18097790867321242,1.3880779373144265,1.2063362795669523,-0.37451332194942155,-1.0954624041325416,-0.09972105409848263,-0.17889288062234426,1.1869629921346445,-0.18210587065310885,-0.363831868902331,-0.13448561582809335,0.095382153606833,1.1865522137214792
1731068560.96,-0.482115029746528,-0.11422270735655464,-0.10539889631426844,-0.0879777951274521,1.2812136604034088,-0.4222467253601425,-0.1434597003679332,-0.18097790867321242,-0.16709808227985812,1.2017133341041013,-0.37451332194942155,-0.662632547345318,-0.09972105409848263,-0.11153439141563123,1.1866150105214985,-0.4501463163628999,-0.3536908532380143,-0.13448561582809335,-0.2026300752893339,1.186205063675441
1731068561.46,-0.482115029746528,0.04702745304082532,-0.10539889631426844,-0.19918173986065557,1.2805792319936256,0.6428705055521089,-0.4584982381362295,-0.18097790867321242,-0.27794216143020684,1.1956380183068525,-0.37451332194942155,-0.9468790204593156,-0.09972105409848263,-0.2823362747612251,1.1862670293148592,-0.4501463163628999,-0.24721018876268888,-0.13448561582809335,0.049627973121239274,1.1858579137942709
1731068561.96,1.4837717346024528,0.305027709676633,-0.10539889631426844,-0.28942801808644764,1.2799448790103798,-0.4222467253601425,0.5708355981364222,-0.18097790867321242,-0.17381590525866714,1.2007435537826736,1.1939154669399505,-0.9231918143664825,-0.09972105409848263,-0.16205325832066603,1.185919048514746,1.4261368036056759,0.35618024326415465,-0.13448561582809335,-0.041880387849948124,1.185510764077989
1731068562.46,-0.482115029746528,0.18595066815241393,-0.10539889631426844,-0.18635051546836284,1.2793106014607654,0.6428705055521089,0.3337768964493871,-0.18097790867321242,-0.08648420653415013,1.2054391048732995,-0.37451332194942155,-0.9533391675755428,-0.09972105409848263,-0.2005438235816449,1.1855710681211726,-0.18210587065310885,0.30801041885865027,-0.13448561582809335,-0.23404794588944158,1.1851636145265951
1731068562.96,-0.482115029746528,0.24300841721610222,-0.10539889631426844,-0.1692422162786393,1.27867639935192,-0.4222467253601425,-0.38675678894146887,-0.18097790867321242,-0.2645065154725888,1.1882379822105607,-0.37451332194942155,-0.6798596063219239,-0.09972105409848263,1.7312014204537334,1.185223088134139,-0.4501463163628999,0.049414519418574526,-0.13448561582809335,0.049627973121239274,1.184816465140113
1731068563.46,-0.201274063410965,0.6250472587729714,-0.10539889631426844,2.6194105516463093,1.2780422726909417,0.8203900440374883,-0.48657097912548364,-0.18097790867321242,-0.22084066611033024,1.1990037735416195,-1.7188808552831736,-0.6023378409271974,3.573059006625274,-0.11394005174444237,1.1848751085536653,-0.18210587065310885,0.006315202845228518,-0.13448561582809335,-0.06018206004418555,1.1844693159185493
1731068563.96,1.4837717346024528,0.4067393493119034,-0.10539889631426844,-0.21201296425294827,1.277408221484942,-1.664883494757786,-0.36804162828196646,1.7125343850160237,-0.1200733214281952,1.1980929251034285,1.1939154669399505,-0.6217182822758789,-0.09972105409848263,-0.26068533180192444,1.1845271293797581,-0.4501463163628999,-0.27256272792348063,-0.13448561582809335,-0.05408150264610638,1.1841221668619106
1731068564.46,-0.482115029746528,0.47868172856611885,-0.10539889631426844,-0.33091564362152737,1.2767742457410325,0.6428705055521089,0.05304948655684553,-0.18097790867321242,-0.31824909930306083,1.200905598213916,-0.37451332194942155,-0.35900563288263876,-0.09972105409848263,-0.24625136982905732,1.1841791506124375,1.4261368036056759,-0.320732552328985,-0.13448561582809335,-0.09983568313170012,1.183775017970214
1731068564.96,-0.482115029746528,0.3819316323276911,-0.10539889631426844,-0.14357976749405388,1.2761403454663158,-0.4222467253601425,0.39304157187114547,-0.18097790867321242,0.8304986300732792,1.2008897100643527,-0.15045206639380151,-0.6131047527875761,-0.09972105409848263,-0.16927023930709953,1.1838311722517234,-0.4501463163628999,0.041808757670336996,-0.13448561582809335,0.49496866318101784,1.1834278692434628
1731068565.46,-0.482115029746528,-0.2878767262460405,-0.10539889631426844,-0.22826584848318573,1.2755065206679161,0.6428705055521089,0.29634657513038154,-0.18097790867321242,0.11505048283012007,1.198049014096046,-0.37451332194942155,-0.5075890165558649,-0.09972105409848263,-0.20535514423926726,1.1834831942976025,-0.18210587065310885,-0.2649569661752431,-0.13448561582809335,-0.02052843695667105,1.1830807206816703
1731068565.96,-0.482115029746528,-0.3399729319128863,4.593978028828273,-0.2855786507687598,1.2748727713529409,-0.4222467253601425,0.5801931784661732,-0.18097790867321242,-0.39214515206995987,1.200556455426801,1.1939154669399505,-0.6733994592056967,-0.09972105409848263,-0.03214760056486226,1.1831352167501017,1.4261368036056759,-0.39679016981136017,-0.13448561582809335,-0.08153401093746263,1.18273357228485
1731068566.46,-0.201274063410965,-0.24322283567445835,-0.10539889631426844,0.02322614960575135,1.2742390975285012,0.6428705055521089,0.6301002735581805,-0.18097790867321242,-0.22084066611033024,1.1957900908914003,-0.37451332194942155,-0.7186204890192872,-0.09972105409848263,-0.2727136334459803,1.182787239609241,-0.4501463163628999,-0.0798834303014635,-0.13448561582809335,-0.14864014231633335,1.1823864240530155
1731068566.96,-0.482115029746528,0.10904674550135608,-0.10539889631426844,-0.28130157597132893,1.2736054992017085,-0.4222467253601425,0.5614780178066704,-0.18097790867321242,-0.37535059462293735,1.1903921580133223,-0.37451332194942155,-0.6410987236245606,-0.09972105409848263,0.07370145390282967,1.1824392628750202,-0.4501463163628999,0.2598405944531459,-0.13448561582809335,-0.06628261744226471,1.18203927598617
1731068567.46,-0.482115029746528,-0.027395697911811588,-0.10539889631426844,0.1900320667055565,1.2729719763796659,0.6428705055521089,-0.5177629135579882,-0.18097790867321242,-0.38542732909115085,1.1805094415900366,-0.15045206639380151,-0.4472943101377441,-0.09972105409848263,0.9998806804951341,1.1820912865474729,-0.4501463163628999,-0.13058850862304702,-0.13448561582809335,-0.22550716553213077,1.1816921280843204
1731068567.96,1.4837717346024528,0.007335105866085636,-0.10539889631426844,-0.19490466506322465,1.2723385290694973,-0.4222467253601425,0.00314239146483849,-0.18097790867321242,-0.056254003129509664,1.1908499427577273,1.1939154669399505,-0.40207328032415357,-0.09972105409848263,-0.18851552193758897,1.1817433106265791,-0.18210587065310885,-0.05960139897283008,-0.13448561582809335,0.363806679122316,1.1813449803474934
1731068568.46,-0.482115029746528,0.21820070023188992,-0.10539889631426844,-0.19918173986065557,1.2717051572783098,0.6428705055521089,-0.1996051823464415,-0.18097790867321242,-0.4425288244110275,1.1818228591462552,-0.37451332194942155,-0.7272340185075902,-0.09972105409848263,0.1482769240959763,1.181395335112372,1.4261368036056759,-0.08495393813362184,-0.13448561582809335,-0.1739574555183619,1.1809978327756891
1731068568.96,-0.482115029746528,0.09664288700924993,-0.10539889631426844,-0.3304879361417843,1.2710718610132195,-0.4222467253601425,0.38056479809814364,-0.18097790867321242,-0.38542732909115085,1.180158009059468,-1.7188808552831736,-0.8327497547393014,3.573059006625274,-0.08507212779870818,1.1810473600048585,-0.4501463163628999,-0.12298274687480949,-0.13448561582809335,-0.041880387849948124,1.1806506853689211
1731068569.46,-0.482115029746528,0.176027581358729,-0.10539889631426844,-0.12647146830433026,1.2704386402813288,-0.4222467253601425,0.06240706688659691,1.7125343850160237,-0.24099413504675726,1.185526815759972,-0.15045206639380151,-0.8801241669249676,-0.09972105409848263,-0.25827967147311326,1.1806993853040453,-0.4501463163628999,-0.04438987547635502,-0.13448561582809335,-0.19805465724077456,1.1803035381272027
1731068569.96,1.4837717346024528,0.36704700213716374,-0.10539889631426844,-0.20345881465808646,1.269805495089745,-0.4222467253601425,0.29634657513038154,-0.18097790867321242,1.4082314062508536,1.19092066180517,1.1939154669399505,-0.5764972524622886,-0.09972105409848263,0.26134295955010184,1.1803514110099789,1.4261368036056759,0.23195280137627497,-0.13448561582809335,-0.21147588351654872,1.179956391050527
1731068570.46,-0.201274063410965,0.7664512455829815,-0.10539889631426844,0.38250043258994704,1.2691724254455967,0.6428705055521089,0.5770739850229231,-0.18097790867321242,-0.12343223291759962,1.189853577808289,-0.37451332194942155,-0.7552279893445748,-0.09972105409848263,-0.18610986160877785,1.1800034371226193,-0.4501463163628999,0.7364683306760309,-0.13448561582809335,-0.06933289614130429,1.1796092441389248
1731068570.96,-2.167160827759946,0.6945088663287659,-0.10539889631426844,-0.23125980084138736,1.2685394313559866,-0.4222467253601425,0.673768981763687,-0.18097790867321242,-0.38206841760174637,1.1762444174454787,-0.15045206639380151,-0.8219828428789226,-0.09972105409848263,-0.32323250035101514,1.179655463642007,-0.18210587065310885,0.766891377668981,-0.13448561582809335,-0.202020019549526,1.1792620973924057
1731068571.46,-0.482115029746528,0.5258163908361222,4.593978028828273,-0.28130157597132893,1.2679065128280262,-0.4222467253601425,-0.8234438709965332,-0.18097790867321242,0.10161483687250204,1.177966194331511,-0.37451332194942155,-0.4989754870675619,-0.09972105409848263,-0.09950608977157527,1.1793074905681615,-0.4501463163628999,-0.20411087218934287,-0.13448561582809335,2.029258848797926,1.1789149508109766
1731068571.96,1.4837717346024528,0.4538740115819068,-0.10539889631426844,0.1215988699466621,1.267273669868827,0.6428705055521089,-0.658126618504259,-0.18097790867321242,-0.25107086951497076,1.1885608252259,1.1939154669399505,-0.5743438700902128,-0.09972105409848263,0.6414372915022682,1.1789595179010697,-0.4501463163628999,-0.9291934921879869,-0.13448561582809335,-0.05713178134514597,1.1785678043946441
1731068572.46,-0.482115029746528,0.749085843694033,-0.10539889631426844,-0.12647146830433026,1.2666409024855,0.6428705055521089,-0.7329872611422701,-0.18097790867321242,-0.37870950611234183,1.185691651675941,-0.37451332194942155,-0.5377363697649252,-0.09972105409848263,-0.31601551936458155,1.1786115456407784,1.4261368036056759,-0.7644019876428405,-0.13448561582809335,-0.22428705405251492,1.1782206581434154
1731068572.96,-0.201274063410965,0.6721819210429748,-0.10539889631426844,0.08310519676978394,1.2660082106851613,-0.4222467253601425,-0.36804162828196646,-0.18097790867321242,-0.1099965869599816,1.179560724120454,-0.37451332194942155,-0.39561313320792635,-0.09972105409848263,-0.16927023930709953,1.1782635737872675,-0.4501463163628999,-0.5767931978529816,-0.13448561582809335,-0.041880387849948124,1.1778735120573134
1731068573.46,-0.482115029746528,0.5630279663124407,-0.10539889631426844,0.1344300943389548,1.2653755944749268,0.6428705055521089,-0.3836375954982184,-0.18097790867321242,-0.35183821419710587,1.1895701537097667,-0.37451332194942155,-0.23195607293017034,-0.09972105409848263,0.1482769240959763,1.1779156023405637,-0.4501463163628999,-0.5996104830976942,-0.13448561582809335,-0.11203679792785844,1.1775263661363486
1731068573.96,-0.482115029746528,-0.424319169659208,-0.10539889631426844,-0.24965122247034024,1.2647430538618942,-0.599766263845522,-0.2557506643249498,-0.18097790867321242,-0.2577886924937798,1.1900329505199254,1.1939154669399505,-0.3934597508358506,-0.09972105409848263,-0.08988344845633055,1.1775676313006807,1.4261368036056759,-0.6427097996710401,-0.13448561582809335,0.016074907431803936,1.1771792203805242
1731068574.46,1.4837717346024528,-0.7641848923429163,-0.10539889631426844,-0.10508609431717574,1.2641105888531887,0.6428705055521089,0.15910206362736123,-0.18097790867321242,2.1639864913668667,1.1909846145284895,-0.37451332194942155,-0.25348989665092775,-0.09972105409848263,-0.2775249541036027,1.1772196606676246,-0.18210587065310885,-0.8759531599503242,-0.13448561582809335,-0.07543345353938345,1.1768320747898504
1731068574.96,-0.201274063410965,-0.4788961470244751,-0.10539889631426844,-0.26675952166006384,1.2634781994559081,-0.4222467253601425,0.3712072177683926,-0.18097790867321242,-0.18053372823747615,1.1892728993072834,-0.15045206639380151,0.10397157711364494,-0.09972105409848263,-0.1981381632528337,1.1768716904414225,-0.4501463163628999,-0.7669372415589197,-0.13448561582809335,-0.17578762273778564,1.176484929364334
1731068575.46,-0.482115029746528,-0.620300133834485,-0.10539889631426844,-0.2688980590587793,1.2628458856771814,0.6428705055521089,0.5864315653526742,-0.18097790867321242,-0.2544297810043753,1.1900277854540575,-0.37451332194942155,-0.22334254344186738,-0.09972105409848263,-0.10431741042919764,1.1765237206220742,-0.4501463163628999,-0.6427097996710401,-0.13448561582809335,-0.10593624052977928,1.176137784104005
1731068575.96,-0.482115029746528,-0.6327039923265912,-0.10539889631426844,-0.07942364553259029,1.2622136475241157,-0.4222467253601425,-1.2694885333813488,-0.18097790867321242,-0.28801889589842034,1.1810468784968111,1.1939154669399505,-0.2082688668373372,-0.09972105409848263,-0.2775249541036027,1.1761757512095867,1.4261368036056759,-0.48805931079021053,-0.13448561582809335,-0.209340688427221,1.175790639008857
1731068576.46,-0.482115029746528,-0.6103770470408001,-0.10539889631426844,2.127546949941755,1.2615814850038178,-0.4222467253601425,-1.0885753136728225,1.7125343850160237,-0.1032787639811726,1.1877237175120472,-0.37451332194942155,0.03075657646306976,-0.09972105409848263,-0.1596475979918548,1.1758277822039798,-0.4501463163628999,-0.5843989596012191,-0.13448561582809335,-0.06933289614130429,1.1754434940789065
1731068576.96,-0.201274063410965,-0.5161077225007935,-0.10539889631426844,-0.07086949593772848,1.260949398123404,-0.4222467253601425,-1.1010520874458243,-0.18097790867321242,-0.01258815376725101,1.1805697445763337,-0.37451332194942155,-0.7530746069724991,-0.09972105409848263,1.447333501654014,1.175479813605267,-0.4501463163628999,-0.5387643891117939,-0.13448561582809335,-0.14558986361729379,1.1750963493141637
1731068577.46,-0.482115029746528,-0.5061846357071086,-0.10539889631426844,-0.2286935559629288,1.2603173868899764,0.6428705055521089,-1.0199530579213123,-0.18097790867321242,-0.33840256823948783,1.1965096623263833,-0.15045206639380151,-1.3840156419906906,-0.09972105409848263,-0.25827967147311326,1.175131845413475,-0.4501463163628999,-0.5108765960349231,-0.13448561582809335,0.10758326840299126,1.1747492047146322
1731068577.96,-0.201274063410965,-0.5632423847707968,-0.10539889631426844,-0.1478568422914848,1.2596854513106683,-0.4222467253601425,-0.5895043627527489,-0.18097790867321242,-0.029382711214273615,1.1807732438868876,1.1939154669399505,-0.5592701934856826,-0.09972105409848263,-0.19332684259521135,1.1747838776285837,-0.4501463163628999,-0.6427097996710401,4.327393291580252,-0.20659543759808538,1.1744020602803387
1731068578.46,1.4837717346024528,-0.09685730546760603,-0.10539889631426844,-0.21201296425294827,1.259053591392574,-0.4222467253601425,-0.9139004808507966,1.7125343850160237,0.05459007602083896,1.1808118464179864,-0.37451332194942155,-0.8715106374366647,-0.09972105409848263,-0.20776080456807844,1.1744359102506199,-0.18210587065310885,-0.49566507253844805,-0.13448561582809335,-0.1425395849182542,1.1740549160112765
1731068578.96,-0.482115029746528,-0.03731878470549651,-0.10539889631426844,-0.3424637455745908,1.258421807142813,-1.664883494757786,-0.33684969384946184,1.7125343850160237,1.203337805397179,1.1838737466539797,-0.37451332194942155,-1.009327109249512,-0.09972105409848263,-0.26790231278835797,1.1740879432796034,-0.4501463163628999,-0.1458000321195218,-0.13448561582809335,-0.21910158026414767,1.1737077719074758
1731068579.46,-0.482115029746528,-0.27051132435709185,-0.10539889631426844,-0.2162900390503792,1.2577900985685018,0.6428705055521089,1.0012842933049853,-0.18097790867321242,-0.03610053419308262,1.1902542834554013,-0.15045206639380151,-1.1019225512487685,-0.09972105409848263,-0.08026080714108581,1.1737399767155414,-0.18210587065310885,-0.46270677162941876,-0.13448561582809335,0.537672564967572,1.17336062796893
1731068579.96,-0.482115029746528,-0.2655497809602494,-0.10539889631426844,-0.27488596377518254,1.2571584656767338,-0.4222467253601425,-0.7548216152450233,-0.18097790867321242,-0.019305976746060022,1.1860998835842187,1.1939154669399505,-0.7336941656238174,-0.09972105409848263,-0.19573250292402253,1.1733920105584534,1.4261368036056759,-0.5032708342866856,-0.13448561582809335,0.6566334342301157,1.1730134841956525
1731068580.46,1.4837717346024528,0.5357394776298071,-0.10539889631426844,-0.19918173986065557,1.2565269084746469,0.6428705055521089,-0.7735367759045257,-0.18097790867321242,-0.2241995775997348,1.1790382876316219,-0.37451332194942155,-1.0114804916215876,-0.09972105409848263,-0.2510626904866797,1.17304404480834,-0.4501463163628999,0.3358982119355212,-0.13448561582809335,0.2051921867722579,1.17266634058766
1731068580.96,-0.482115029746528,-0.09189576207076357,-0.10539889631426844,-0.28258469841055817,1.255895426969339,-0.4222467253601425,-0.502166946341736,-0.18097790867321242,0.31658517219439025,1.1816189661752128,-0.37451332194942155,-0.9059647553898765,-0.09972105409848263,-0.1163457120732536,1.172696079465214,-0.4501463163628999,-0.05453089114067172,-0.13448561582809335,-0.02052843695667105,1.1723191971449596
1731068581.46,-0.482115029746528,0.009815877564506865,-0.10539889631426844,-0.19062759026579376,1.2552640211679305,0.6428705055521089,-0.917019674294047,-0.18097790867321242,-0.06968964908712769,1.1827831146728824,-0.37451332194942155,-1.0459346095747994,-0.09972105409848263,1.2693146373219866,1.1723481145291021,-0.4501463163628999,-0.21932239568581793,-0.13448561582809335,-0.21971163600395557,1.171972053867571
1731068581.96,1.4837717346024528,0.44147015308980064,-0.10539889631426844,-0.24195248783496462,1.254632691077524,-0.4222467253601425,-0.19024760201669014,-0.18097790867321242,-0.32832583377127433,1.183963932606257,1.1939154669399505,-0.9124249025061038,-0.09972105409848263,-0.21016646489688964,1.1720001499999984,-0.4501463163628999,0.44491413032692584,-0.13448561582809335,0.08318103881067468,1.1716249107554912
1731068582.46,-0.482115029746528,0.4687586417724339,-0.10539889631426844,-0.1692422162786393,1.2540014367052355,0.6428705055521089,-0.583265975866248,-0.18097790867321242,0.23597129644868212,1.1683756264445502,-0.37451332194942155,-1.1363766692019803,-0.09972105409848263,-0.3256381606798263,1.1716521858779354,-0.4501463163628999,0.018991472425624403,4.327393291580252,-0.15169042101537294,1.1712777678087336
1731068582.96,-0.482115029746528,0.15121986437451698,-0.10539889631426844,0.23707988947729644,1.2533702580581847,-0.4222467253601425,-0.1684132479139369,-0.18097790867321242,-0.4727590278156679,1.1827740582896917,-0.37451332194942155,-0.8779707845528919,-0.09972105409848263,-0.15002495667661006,1.1713042221629002,-0.4501463163628999,-0.09255969988185937,-0.13448561582809335,0.2753485968501682,1.1709306250273148
1731068583.46,-0.482115029746528,0.15618140777135917,-0.10539889631426844,-0.27445825629543946,1.2527391551434788,0.6428705055521089,-0.22767792333569567,-0.18097790867321242,-0.13686787887521765,1.180091636563285,-0.15045206639380151,-0.5549634287415312,-0.09972105409848263,-0.20535514423926726,1.1709562588549263,-0.4501463163628999,0.016456218509545224,-0.13448561582809335,-0.1028859618307397,1.1705834824112487
1731068583.96,1.4837717346024528,0.14873909267609575,-0.10539889631426844,-0.19490466506322465,1.2521081279682293,-0.599766263845522,0.2869889948006298,-0.18097790867321242,1.5392289543376294,1.1811415053215943,1.1939154669399505,-0.8155226957626955,-0.09972105409848263,-0.35450608462556044,1.17060829595402,-0.4501463163628999,-0.22439290351797628,-0.13448561582809335,-0.22611722127193867,1.1702363399605415
1731068584.46,-0.482115029746528,0.272777677597157,-0.10539889631426844,-0.28515094328901675,1.2514771765395563,0.8203900440374883,-0.7236296808125187,-0.18097790867321242,-0.3988629750487689,1.183431471631022,-0.15045206639380151,0.7047652589227761,-0.09972105409848263,0.18676748935695522,1.1702603334601818,1.4261368036056759,-0.34862034540585596,-0.13448561582809335,-0.14864014231633335,1.1698891976751968
1731068584.96,-0.482115029746528,0.577912596502968,-0.10539889631426844,-0.02809874796341952,1.2508463008645623,-0.4222467253601425,-0.3337305004062114,-0.18097790867321242,-0.38542732909115085,1.1797224284594907,-0.37451332194942155,-0.2298026905580946,-0.09972105409848263,-0.2775249541036027,1.1699123713734514,-0.4501463163628999,-0.24213968093053054,-0.13448561582809335,-0.22154180322337932,1.1695420555552316
1731068585.46,-0.482115029746528,0.4290662945976945,-0.10539889631426844,1.9864034816265355,1.2502155009503586,0.6428705055521089,-0.2557506643249498,-0.18097790867321242,-0.1099965869599816,1.1714699476714932,-0.37451332194942155,-0.3417785739060331,-0.09972105409848263,-0.33044948133744867,1.169564409693809,-0.4501463163628999,-0.30298577491643075,-0.13448561582809335,-0.08763456833554178,1.1691949136006556
1731068585.96,1.4837717346024528,0.577912596502968,-0.10539889631426844,-0.10508609431717574,1.249584776804083,-0.4222467253601425,-0.0030959954216624327,-0.18097790867321242,-0.28801889589842034,1.1656401019953444,1.1939154669399505,-0.32670489730150293,-0.09972105409848263,0.7593146476140162,1.1692164484212944,1.4261368036056759,-0.33340882190938087,-0.13448561582809335,-0.14558986361729379,1.1688477718114894
1731068586.46,-0.482115029746528,0.46627787007401267,-0.10539889631426844,-0.07514657073515939,1.2489541284328165,0.6428705055521089,0.22148593249237045,-0.18097790867321242,-0.3988629750487689,1.175448644500784,-0.37451332194942155,-0.761688136460802,-0.09972105409848263,-0.255874011144302,1.1688684875558946,-0.4501463163628999,-0.3460850914897768,-0.13448561582809335,-0.20659543759808538,1.1685006301877328
1731068586.96,-0.482115029746528,-0.25562669416656447,-0.10539889631426844,-0.27616908621441183,1.248323555843692,-0.4222467253601425,0.3181809292331344,-0.18097790867321242,-0.2712243384513978,1.1690377063241189,-0.37451332194942155,-0.7724550483211807,-0.09972105409848263,-0.29917589706290326,1.1685205270976426,-0.4501463163628999,0.07223180466328712,-0.13448561582809335,0.8854043366580842,1.1681534887293956
1731068587.46,-0.482115029746528,-0.34245370361130756,-0.10539889631426844,-0.12647146830433026,1.2476930590438036,0.6428705055521089,1.191555093343263,-0.18097790867321242,-0.25107086951497076,1.1787844227885471,-1.7188808552831736,-0.6432521059966363,-0.09972105409848263,-0.13559099470374297,1.1681725670465524,-0.4501463163628999,-0.21932239568581793,-0.13448561582809335,-0.2224568868330912,1.1678063474364886
1731068587.96,-0.201274063410965,0.3968162625182185,-0.10539889631426844,-0.2736028413359533,1.247062638040293,-0.4222467253601425,0.6612922079906852,-0.18097790867321242,-0.07976638355534113,1.1816341436647606,1.1939154669399505,-0.5291228402766223,3.343510252830039,-0.20535514423926726,1.1678246074026233,-0.4501463163628999,0.11026061340447477,-0.13448561582809335,0.7755943034926592,1.1674592063090314
1731068588.46,1.4837717346024528,-0.027395697911811588,-0.10539889631426844,0.10876764555436937,1.24643229284025,-1.664883494757786,0.24643948003837415,1.7125343850160237,2.0061176513648555,1.1733779148554604,-0.15045206639380151,-0.6820129886939996,-0.09972105409848263,-0.1524306170054213,1.1674766481658692,1.4261368036056759,0.31815143452296696,-0.13448561582809335,-0.22428705405251492,1.1671120653470308
1731068588.96,-0.482115029746528,1.319663334330915,-0.10539889631426844,-0.2688980590587793,1.245802023450799,0.6428705055521089,-0.2807042118709535,-0.18097790867321242,-0.25107086951497076,1.1639835050346796,-0.37451332194942155,0.08889790050911475,-0.09972105409848263,-0.20535514423926726,1.167128689336303,-2.0583889906216846,-0.06720716072106761,4.471324869238586,0.906756287551361,1.1667649245504939
1731068589.46,-0.482115029746528,0.16362372286662286,-0.10539889631426844,-0.13074854310176118,1.2451718298790513,0.6428705055521089,0.09047980787585107,-0.18097790867321242,0.010924226658580456,1.170528276339971,-0.37451332194942155,-0.356852250510563,-0.09972105409848263,-0.15002495667661006,1.1667807309139384,-0.4501463163628999,-0.234533919182293,-0.13448561582809335,-0.24716414429531178,1.1664177839194336
1731068589.96,1.4837717346024528,0.07431594172345886,-0.10539889631426844,-0.2162900390503792,1.2445417121321096,-0.4222467253601425,-0.28382340531420397,-0.18097790867321242,-0.33504365675008335,1.1743932195982667,-0.37451332194942155,-0.4343740159052897,-0.09972105409848263,-0.11153439141563123,1.1664327728988022,1.4261368036056759,0.34350397368375873,-0.13448561582809335,0.8610021070657675,1.1660706434538572
1731068590.46,-0.482115029746528,0.03958513794556163,-0.10539889631426844,-0.12219439350689935,1.2439116702170987,0.6428705055521089,0.22460512593562057,-0.18097790867321242,-0.08648420653415013,1.1775495672645924,1.1939154669399505,-0.6820129886939996,-0.09972105409848263,-0.1812985409511555,1.166084815290881,-0.18210587065310885,-0.0038258128190881893,-0.13448561582809335,-0.14864014231633335,1.1657235031537811
1731068590.96,-0.482115029746528,0.17354680966030778,-0.10539889631426844,-0.18207344067093195,1.2432817041411295,-0.2447271868747757,0.4710214079524074,-0.18097790867321242,-0.1704569937692627,1.1688806005522219,-0.37451332194942155,-0.7875287249257109,-0.09972105409848263,-0.09228910878514178,1.165736858090201,-0.4501463163628999,-0.0012905589030090126,-0.13448561582809335,-0.20690046546798935,1.1653763630192189
1731068591.46,-0.482115029746528,0.4687586417724339,-0.10539889631426844,-0.24922351499059717,1.242651813911318,0.6428705055521089,0.7486296244016981,-0.18097790867321242,-0.34176147972889237,1.1684768578764173,-0.37451332194942155,-0.8241362252509984,-0.09972105409848263,-0.27030797311716914,1.1653889012967695,-0.4501463163628999,0.49561920864850906,-0.13448561582809335,-0.07848373223842303,1.165029223050174
1731068591.96,1.4837717346024528,0.28766230778768437,-0.10539889631426844,-0.2783076236131273,1.2420219995347754,-0.4222467253601425,0.9513771982129777,-0.18097790867321242,0.007565315169175875,1.1643622803864786,1.1939154669399505,-0.8090625486464683,-0.09972105409848263,-0.2967702367340921,1.1650409449106132,-0.4501463163628999,0.27758737186570015,-0.13448561582809335,-0.1940892949320231,1.1646820832466598
1731068592.46,-0.482115029746528,0.18098912475557147,-0.10539889631426844,0.14298424393381662,1.2413922610186006,0.6428705055521089,1.1634823523540092,-0.18097790867321242,-0.27794216143020684,1.1651717303610927,-0.15045206639380151,-0.7509212246004233,-0.09972105409848263,-0.18851552193758897,1.164692988931732,1.4261368036056759,0.06462604291504959,-0.13448561582809335,-0.13338874882113544,1.164334943608683
1731068592.96,-0.482115029746528,0.706912724820872,-0.10539889631426844,0.339729684615638,1.2407625983699346,-0.4222467253601425,-0.3087769528602077,-0.18097790867321242,0.14863959772416513,1.1801162842290438,-0.37451332194942155,-0.34823872102226033,-0.09972105409848263,-0.24384570950024614,1.1643450333601388,-0.18210587065310885,0.13307789864918737,-0.13448561582809335,-0.18097309652615293,1.1639878041362672
1731068593.46,-0.201274063410965,0.9450668078693095,-0.10539889631426844,0.1344300943389548,1.240133011595872,0.6428705055521089,-0.1029101856056772,-0.18097790867321242,-0.11671440993879062,1.173077324415087,-0.37451332194942155,-0.6497122531128635,-0.09972105409848263,-0.255874011144302,1.163997078195841,-0.4501463163628999,-0.09509495379793856,-0.13448561582809335,0.2600972033549702,1.1636406648294024
1731068593.96,1.4837717346024528,0.6672203776461323,-0.10539889631426844,0.125875944744093,1.239503500703537,-0.599766263845522,-0.7017953267097655,-0.18097790867321242,-0.3014545418560383,1.176887910884276,1.1939154669399505,-0.5162025460441678,-0.09972105409848263,-0.15002495667661006,1.163649123438865,1.4261368036056759,-0.7821487650553948,-0.13448561582809335,0.3363541708309597,1.163293525688129
1731068594.46,-0.482115029746528,0.6374511172650775,-0.10539889631426844,-0.2680426440992931,1.2388740657000323,0.6428705055521089,-0.10602937904892766,-0.18097790867321242,-0.452605558879241,1.182260384788715,-0.37451332194942155,-0.46021460437019857,-0.09972105409848263,-0.2366287285138126,1.1633011690892041,-0.4501463163628999,-0.7162321632373362,-0.13448561582809335,0.9387842138912768,1.1629463867124232
1731068594.96,-0.482115029746528,0.15618140777135917,-0.10539889631426844,-0.006713373976264991,1.2382447065924695,-0.4222467253601425,-0.17153244135718737,-0.18097790867321242,-0.1032787639811726,1.177439700427954,-0.37451332194942155,-0.2556432790230035,-0.09972105409848263,-0.17648722029353311,1.1629532151469053,-0.4501463163628999,-0.7669372415589197,-0.13448561582809335,1.5412142569515934,1.1625992479023153
1731068595.46,-0.482115029746528,-0.29283826964288295,-0.10539889631426844,-0.3035423649179696,1.2376154233879728,0.6428705055521089,-0.2744658249844526,-0.18097790867321242,-0.38206841760174637,1.1783866538297627,-0.37451332194942155,0.15780613641553845,-0.09972105409848263,0.6510599328175131,1.162605261611935,-0.18210587065310885,-0.5742579439369024,-0.13448561582809335,0.9845383943768705,1.1622521092578155
1731068595.96,1.4837717346024528,-0.18864585830919128,-0.10539889631426844,-0.20345881465808646,1.236986216093658,-0.4222467253601425,1.3693491196085397,-0.18097790867321242,-0.3887862405805554,1.1738394381617285,-0.37451332194942155,-0.2879440146041396,-0.09972105409848263,1.4786070859285592,1.1622573084843397,-0.4501463163628999,-0.8353890972930574,-0.13448561582809335,0.4278625318021472,1.1619049707789375
1731068596.46,-0.482115029746528,-0.6550309376123823,-0.10539889631426844,-0.2727474263764671,1.2363570847166276,0.6428705055521089,0.29322738168713075,-0.18097790867321242,0.02771878410560291,1.1584171773423622,1.1939154669399505,-0.22334254344186738,-0.09972105409848263,-0.14040231536136533,1.16190935576412,1.4261368036056759,-0.8227128277126616,-0.13448561582809335,0.3455050069280785,1.1615578324656877
1731068596.96,-0.201274063410965,-0.3722229639923623,-0.10539889631426844,-0.18207344067093195,1.235728029264002,-0.4222467253601425,-0.2557506643249498,-0.18097790867321242,-0.3988629750487689,1.1700475111839244,-0.37451332194942155,-0.14582077804714072,-0.09972105409848263,-0.2775249541036027,1.1615614034512756,-0.4501463163628999,-0.5641169282725857,-0.13448561582809335,-0.21605130156510807,1.161210694318073
1731068597.46,-0.201274063410965,0.08671980021556501,-0.10539889631426844,-0.23468146067933207,1.235099049742884,0.6428705055521089,-0.7797751627910267,-0.18097790867321242,-0.4122986210063869,1.1673564969577512,-0.37451332194942155,0.1901068719966743,-0.09972105409848263,-0.06342118483940759,1.1612134515458599,-0.18210587065310885,-0.4474952481329437,-0.13448561582809335,-0.1925641555825033,1.1608635563361032
1731068597.96,-0.482115029746528,-0.3498960187065712,-0.10539889631426844,-0.21201296425294827,1.2344701461604064,-0.599766263845522,-0.5052861397849864,-0.18097790867321242,1.0975320934809372,1.1630176924349298,1.1939154669399505,-0.04891857130373264,-0.09972105409848263,-0.2823362747612251,1.1608655000478396,1.4261368036056759,-0.6376392918388818,-0.13448561582809335,-0.22093174748357142,1.1605164185197954
1731068598.46,-0.482115029746528,-0.2630690092618282,4.593978028828273,-0.25692224962597277,1.2338413185236718,0.6428705055521089,-1.0698601530133196,-0.18097790867321242,2.6073628079682614,1.1662651483662698,-0.37451332194942155,-0.414993574556608,-0.09972105409848263,-0.34247778298150455,1.1605175489572481,-0.4501463163628999,-0.6655270849157527,-0.13448561582809335,-0.07238317484034387,1.1601692808691695
1731068598.96,-0.482115029746528,0.2157199285334687,-0.10539889631426844,-0.3467408203720217,1.2332125668397964,-0.4222467253601425,-0.9419732218400507,-0.18097790867321242,-0.35183821419710587,1.1719477208707128,-0.37451332194942155,-1.1213029925974505,-0.09972105409848263,-0.21618061571891756,1.1601695982740854,-0.18210587065310885,-0.6934148779926237,-0.13448561582809335,-0.223982026182611,1.159822143384216
1731068599.46,-0.482115029746528,-0.2804344111507768,-0.10539889631426844,-0.09653194472231393,1.2325838911158957,0.6428705055521089,0.1123141619786043,-0.18097790867321242,-0.24771195802556628,1.1667551847178452,-0.37451332194942155,-1.0610082861793297,-0.09972105409848263,-0.08988344845633055,1.159821647998385,-0.4501463163628999,0.024061980257782757,-0.13448561582809335,-0.1547406997144125,1.159475006064958
1731068599.96,1.4837717346024528,-0.21841511869024605,-0.10539889631426844,-0.2577776645854589,1.2319552913590635,-0.4222467253601425,-0.8016095168937799,-0.18097790867321242,-0.3686327716441284,1.1676085817714774,1.1939154669399505,-1.0308609329702694,-0.09972105409848263,-0.36412872594080514,1.1594736981301532,1.4261368036056759,-0.5007355803706064,-0.13448561582809335,-0.1577909784134521,1.1591278689113986
1731068600.46,-0.482115029746528,-0.44416534324657786,-0.10539889631426844,-0.12647146830433026,1.2313267675764463,0.6428705055521089,-0.3212537266332095,-0.18097790867321242,-0.2712243384513978,1.1777695805269266,-0.15045206639380151,-0.9447256380872399,-0.09972105409848263,1.1875221861424066,1.159125748669384,-0.4501463163628999,-0.5869342135172982,-0.13448561582809335,0.6291809259387593,1.1587807319235588
1731068600.96,-0.482115029746528,-0.1340688809439245,-0.10539889631426844,-0.3052531948369419,1.2306983197751378,-1.664883494757786,-0.4896901725687341,1.7125343850160237,-0.31992855504776313,1.1657283554444418,-0.37451332194942155,-0.901657990645725,-0.09972105409848263,-0.22460042686975668,1.1587777996161102,-0.4501463163628999,-0.5134118499510023,-0.13448561582809335,0.5681753519579678,1.158433595101448
1731068601.46,-0.482115029746528,-0.12414579415023956,-0.10539889631426844,-0.09653194472231393,1.2300699479622583,-0.4222467253601425,-0.7423448414720215,1.7125343850160237,-0.3686327716441284,1.17300526309276,-0.15045206639380151,-0.9921000502729059,-0.09972105409848263,-0.3112041987069592,1.1584298509703388,-0.18210587065310885,-0.13819427037128457,-0.13448561582809335,-0.044930666548987704,1.1580864584450663
1731068601.96,1.4837717346024528,-0.3300498451192014,-0.10539889631426844,-0.28942801808644764,1.2294416521449236,-0.4222467253601425,-0.17153244135718737,-0.18097790867321242,-0.14358570185402666,1.1655389335509705,1.1939154669399505,-1.0308609329702694,-0.09972105409848263,-0.2486570301578685,1.1580819027320695,1.4261368036056759,-0.3562261071540935,-0.13448561582809335,0.6047786963464427,1.157739321954434
1731068602.46,-0.482115029746528,0.1363352341839896,-0.10539889631426844,-0.10936316911460664,1.2288134323302318,0.6428705055521089,-0.4896901725687341,-0.18097790867321242,-0.12343223291759962,1.1655151588730401,-0.37451332194942155,-0.3202447501852757,-0.09972105409848263,-0.17648722029353311,1.1577339549013361,-0.4501463163628999,-0.18382884086070947,-0.13448561582809335,0.3760077939184742,1.1573921856295515
1731068602.96,-0.482115029746528,-0.17872277151550636,-0.10539889631426844,-0.2834401133700444,1.2281852885253206,-0.4222467253601425,-0.6238154906285039,-0.18097790867321242,0.7666793117745935,1.1670006246700886,-0.37451332194942155,-0.8499768137159073,-0.09972105409848263,-0.2654966524595468,1.1573860074781384,-0.4501463163628999,-0.4474952481329437,-0.13448561582809335,1.8126890611661162,1.157045049470445
1731068603.46,-0.482115029746528,-0.1985689451028762,-0.10539889631426844,0.07027397237749122,1.2275572207372925,0.6428705055521089,-0.2994193725304563,-0.18097790867321242,-0.1704569937692627,1.167078526613572,-0.37451332194942155,-0.6755528415777724,-0.09972105409848263,-0.16686457897828838,1.1570380604624833,-0.4501463163628999,-0.42214270897215195,-0.13448561582809335,-0.1577909784134521,1.1566979134771183
1731068603.96,-0.482115029746528,0.027181279453455477,-0.10539889631426844,-0.2680426440992931,1.226929228973259,-0.4222467253601425,-0.6362922644015058,-0.18097790867321242,-0.34176147972889237,1.1621332852835444,1.1939154669399505,-0.9124249025061038,-0.09972105409848263,-0.26790231278835797,1.1566901138544037,-0.18210587065310885,-0.2903095053360349,-0.13448561582809335,-0.21788146878453182,1.1563507776495845
1731068604.46,1.4837717346024528,0.14129677758083206,-0.10539889631426844,3.115551228148294,1.2263013132403358,0.6428705055521089,0.1840556111733649,-0.18097790867321242,-0.19061046270568974,1.153084641447656,-0.37451332194942155,-0.9727196089242243,-0.09972105409848263,-0.18370420127996662,1.15634216765388,1.4261368036056759,-0.09509495379793856,-0.13448561582809335,-0.0845842896365022,1.1560036419878474
1731068604.96,-0.201274063410965,0.09168134361240747,-0.10539889631426844,-0.2162900390503792,1.2256734735456343,-0.4222467253601425,0.7174376899691935,-0.18097790867321242,-0.2241995775997348,1.173732972091915,-0.37451332194942155,-0.8176760781347713,-0.09972105409848263,0.7352580443259045,1.1559942218609658,-0.4501463163628999,-0.08241868421754267,-0.13448561582809335,-0.1776177899572094,1.1556565064919135
1731068605.46,-0.482115029746528,0.0023735624692431756,-0.10539889631426844,0.04461152359290579,1.225045709896279,-0.4222467253601425,-0.577027588979747,-0.18097790867321242,-0.39214515206995987,1.1608607791571277,-1.7188808552831736,-0.7982956367860896,3.573059006625274,-0.2847419350900362,1.1556462764756406,-0.4501463163628999,-0.3283383140772225,-0.13448561582809335,-0.22855744423117033,1.1553093711618132
1731068605.96,1.4837717346024528,0.6622588342492899,-0.10539889631426844,-0.2868617732079891,1.2244180222993768,0.46535096706674206,0.8234902670397092,-0.18097790867321242,-0.34512039121829685,1.1698768952847245,1.1939154669399505,-0.8133693133906198,-0.09972105409848263,0.06407881258758495,1.1552983314979182,-2.0583889906216846,-0.016502082399484072,4.471324869238586,-0.0022267647624335555,1.1549622359975429
1731068606.46,-0.482115029746528,0.34968160024821515,-0.10539889631426844,0.09165934636464575,1.2237904107620434,0.8203900440374883,0.14974448329760984,-0.18097790867321242,-0.23763522355735284,1.1625341047618305,-0.37451332194942155,-0.8844309316691191,-0.09972105409848263,-0.2967702367340921,1.1549503869278315,1.4261368036056759,-0.4905945647062897,-0.13448561582809335,-0.22489710979232283,1.154615100999123
1731068606.96,-0.482115029746528,0.1909122115492564,-0.10539889631426844,-0.1606880666837775,1.2231628752913906,-0.4222467253601425,0.5739547915796722,-0.18097790867321242,-0.29137780738782476,1.1607278047494087,-0.37451332194942155,-0.3869996037196234,-0.09972105409848263,-0.29195891607646973,1.1546024427653743,-0.4501463163628999,-0.3004505210003516,-0.13448561582809335,-0.00832732216051272,1.15426796616655
1731068607.46,-0.482115029746528,0.28766230778768437,-0.10539889631426844,0.018949074808320445,1.222535415894525,0.6428705055521089,-0.21208195611944336,-0.18097790867321242,-0.24603250228086407,1.1646738987544307,-0.15045206639380151,0.7284524650156089,-0.09972105409848263,-0.16205325832066603,1.1542544990105865,-0.18210587065310885,-0.07227766855322597,-0.13448561582809335,-0.06018206004418555,1.153920831499841
1731068607.96,-0.482115029746528,-0.05468418659444512,-0.10539889631426844,-0.20773588945551738,1.2219080325785798,-0.4222467253601425,0.7299144637421954,-0.18097790867321242,-0.20068719717390318,1.1632289470328283,1.1939154669399505,-0.6841663710660754,-0.09972105409848263,-0.25827967147311326,1.1539065556634347,-0.4501463163628999,-0.18636409477678864,-0.13448561582809335,-0.12423791272401677,1.1535736969990125
1731068608.46,1.4837717346024528,-0.2754728677539343,-0.10539889631426844,-0.19062759026579376,1.2212807253506621,0.6428705055521089,0.15598287018411075,-0.18097790867321242,-0.34176147972889237,1.15018562855781,-0.37451332194942155,-0.014464453350520788,-0.09972105409848263,-0.29917589706290326,1.1535586127239723,1.4261368036056759,-0.234533919182293,-0.13448561582809335,0.14418661279146625,1.1532265626640712
1731068608.96,-0.482115029746528,-0.10181884886444849,-0.10539889631426844,0.6904498180049721,1.220653494217879,-0.4222467253601425,0.689364948979939,-0.18097790867321242,2.473006348392081,1.1653568055070171,-0.37451332194942155,-0.18027489600035257,-0.09972105409848263,-0.06342118483940759,1.1532106701921927,-0.18210587065310885,-0.12298274687480949,-0.13448561582809335,1.2178847148533982,1.1528794284950308
1731068609.46,-0.482115029746528,-0.1415111960391882,-0.10539889631426844,-0.2684703515790362,1.220026339187355,0.6428705055521089,1.7436523327985942,-0.18097790867321242,-0.18725155121628517,1.163388774492639,-0.37451332194942155,-0.6733994592056967,-0.09972105409848263,-0.04417590220891812,1.1528627280681025,-0.4501463163628999,-0.24721018876268888,-0.13448561582809335,-0.14558986361729379,1.1525322944918945
1731068609.96,1.4837717346024528,0.7019511814240296,-0.10539889631426844,-0.24451873271342317,1.2193992602661838,-1.664883494757786,-0.15281728069768458,1.7125343850160237,-0.2980956303666338,1.1569187959017553,1.1939154669399505,-0.5528100463694554,-0.09972105409848263,1.247663694362686,1.1525147863517422,-0.4501463163628999,-0.0570661450567509,-0.13448561582809335,0.7877954182888175,1.1521851606546794
1731068610.46,-0.482115029746528,0.12393137569188346,-0.10539889631426844,-0.22056711384781008,1.2187722574615074,0.6428705055521089,-0.6456498447312572,-0.18097790867321242,-0.24435304653616183,1.154090576448435,-0.37451332194942155,-0.1501275427912922,-0.09972105409848263,-0.15724193766304367,1.152166845043091,1.4261368036056759,0.3308277041033629,-0.13448561582809335,0.22349385896649523,1.1518380269833952
1731068610.96,-0.201274063410965,-0.007549524324441745,-0.10539889631426844,-0.23254292328061663,1.2181453307804329,-1.664883494757786,-0.46785581846598084,1.7125343850160237,-0.40222188653817337,1.16206930985395,-0.37451332194942155,-0.5054356341837891,-0.09972105409848263,-0.19573250292402253,1.1518189041421831,-0.18210587065310885,0.1964592465511665,-0.13448561582809335,0.7755943034926592,1.1514908934780557
1731068611.46,-0.482115029746528,0.027181279453455477,-0.10539889631426844,-0.31765671174949156,1.217518480230063,0.6428705055521089,-0.028049542967666125,-0.18097790867321242,-0.38542732909115085,1.1579108532719558,-0.37451332194942155,-0.8542835784600588,-0.09972105409848263,-0.11875137240206474,1.151470963649018,-0.4501463163628999,0.016456218509545224,-0.13448561582809335,0.1411363340924266,1.1511437601386671
1731068611.96,-0.482115029746528,0.15370063607293794,-0.10539889631426844,-0.11791731870946845,1.216891705817522,-0.4222467253601425,-0.09979099216242675,-0.18097790867321242,-0.15702134781164467,1.1482987047446205,1.1939154669399505,-0.44298754539359264,-0.09972105409848263,-0.255874011144302,1.1511230235636158,1.4261368036056759,0.5260422556414592,-0.13448561582809335,0.0069240713346851905,1.15079662696524
1731068612.46,1.4837717346024528,0.19587375494609885,-0.10539889631426844,-0.27574137873466875,1.2162650075499082,0.8203900440374883,1.2133894474460165,-0.18097790867321242,-0.3014545418560383,1.1608717656544791,-0.37451332194942155,-0.7229272537634387,-0.09972105409848263,0.08091843488926329,1.150775083885997,-3.6666316648804598,0.29279889536217524,9.221066931963598,-0.22794738849136242,1.1504494939577812
1731068612.96,-0.482115029746528,0.2330853304224173,-0.10539889631426844,-0.04092997235571224,1.2156383854343635,-0.4222467253601425,0.5739547915796722,-0.18097790867321242,-0.2813010729196113,1.161911132688071,-0.37451332194942155,-0.8392099018555286,-0.09972105409848263,-0.1981381632528337,1.1504271446161543,-0.4501463163628999,0.36378600501239217,-0.13448561582809335,-0.00832732216051272,1.1501023611163206
1731068613.46,-0.482115029746528,0.545662564423492,-0.10539889631426844,-0.2979821676813094,1.215011839477982,0.6428705055521089,0.9482580047697277,-0.18097790867321242,1.7541992896595173,1.1669110956447402,-0.37451332194942155,-0.3891529860916991,-0.09972105409848263,-0.308798538378148,1.1500792057541147,-0.4501463163628999,1.3297177470385575,-0.13448561582809335,-0.1867686260543281,1.149755228440845
1731068613.96,1.4837717346024528,0.5034894455503311,-0.10539889631426844,-0.010990448773695897,1.2143853696878881,-0.4222467253601425,0.608265919455427,-0.18097790867321242,-0.11671440993879062,1.1564691596032906,1.1939154669399505,-0.6884731358102268,-0.09972105409848263,-0.14521363601898768,1.1497312672998783,1.4261368036056759,0.4170263372500549,-0.13448561582809335,0.7725440247936196,1.149408095931381
1731068614.46,-0.201274063410965,0.6647396059477111,-0.10539889631426844,-0.34588540541253554,1.213758976071193,0.6428705055521089,-0.8016095168937799,-0.18097790867321242,-0.039459445682487056,1.1591076033369518,-0.37451332194942155,-0.5291228402766223,-0.09972105409848263,1.488229727243804,1.149383329253465,-0.4501463163628999,-0.05960139897283008,-0.13448561582809335,-0.0022267647624335555,1.1490609635879359
1731068614.96,-0.482115029746528,0.9549898946629944,-0.10539889631426844,-0.10936316911460664,1.2131326586349997,-0.4222467253601425,-0.5895043627527489,-0.18097790867321242,-0.3484793027077014,1.1589652650472286,-0.15045206639380151,-0.6647859297173937,-0.09972105409848263,-0.2630909921307356,1.1490353916149083,-0.4501463163628999,-0.4931298186223689,-0.13448561582809335,-0.22642224914184264,1.1487138314105092
1731068615.46,-0.482115029746528,0.8160666795514059,-0.10539889631426844,-0.26932576653852236,1.2125064173864455,0.6428705055521089,-0.5489548479904929,-0.18097790867321242,-0.15366243632224025,1.1628940887380417,-0.37451332194942155,-0.5269694579045465,-0.09972105409848263,-0.20535514423926726,1.1486874543841814,-0.4501463163628999,-0.8328538433769783,-0.13448561582809335,-0.06323233874322513,1.1483666993991313
1731068615.96,1.4837717346024528,0.9152975474882551,-0.10539889631426844,-0.17351929107607014,1.2118802523326286,-0.4222467253601425,-0.4304254971469753,-0.18097790867321242,-0.13686787887521765,1.15234297348433,1.1939154669399505,-0.4839018104630317,-0.09972105409848263,-0.24384570950024614,1.1483395175613045,1.4261368036056759,-0.7289084328177321,-0.13448561582809335,-0.13033847012209587,1.1480195675537987
1731068616.46,-2.167160827759946,-0.20104971680129743,-0.10539889631426844,-0.2162900390503792,1.2112541634806735,0.8203900440374883,0.12791012919485661,-0.18097790867321242,-0.4223753554746004,1.1530921609406786,-0.37451332194942155,-0.12213357195430757,-0.09972105409848263,-0.2823362747612251,1.1479915811463177,-0.4501463163628999,-0.8049660503001074,-0.13448561582809335,-0.0113776008595523,1.1476724358745318
1731068616.96,1.4837717346024528,-0.18616508661077005,-0.10539889631426844,-0.3279216912633257,1.2106281508376875,-0.4222467253601425,-0.049883897070419354,-0.18097790867321242,0.047872253042029946,1.1645209965214418,-0.37451332194942155,-0.3869996037196234,-0.09972105409848263,-0.2799306144324139,1.147643645139214,-0.4501463163628999,-0.37143763065056856,-0.13448561582809335,-0.16755187025037876,1.147325304361334
1731068617.46,-0.482115029746528,-0.5235500375960572,-0.10539889631426844,-0.2162900390503792,1.2100022144107774,0.6428705055521089,0.09047980787585107,-0.18097790867321242,-0.2712243384513978,1.1576567862228455,-0.15045206639380151,-0.3503921033943358,-0.09972105409848263,-0.22941174752737903,1.1472957095400071,-0.18210587065310885,-0.6325687840067235,-0.13448561582809335,-0.21025577203693288,1.1469781730142121
1731068617.96,-0.482115029746528,-0.2754728677539343,-0.10539889631426844,-0.23468146067933207,1.2093763542070763,-0.4222467253601425,0.18093641773011446,-0.18097790867321242,0.4576594547493792,1.161528768402659,1.1939154669399505,0.2633218726472495,-0.09972105409848263,-0.1981381632528337,1.1469477743487102,1.4261368036056759,-0.5412996430278731,-0.13448561582809335,0.07097992401451635,1.1466310418331893
1731068618.46,1.4837717346024528,-0.4416845715481566,-0.10539889631426844,-0.20345881465808646,1.2087505702336914,-0.4222467253601425,-1.3256340153598571,-0.18097790867321242,-0.06968964908712769,1.1544957428050127,-0.37451332194942155,0.03075657646306976,-0.09972105409848263,-0.2847419350900362,1.1465998395653234,-0.4501463163628999,-0.6807386084122279,-0.13448561582809335,-0.1998848244601983,1.1462839108182725
1731068618.96,-0.482115029746528,-0.4516076583418415,-0.10539889631426844,1.977849332031674,1.208124862497747,0.6428705055521089,-1.2289390186190927,-0.18097790867321242,-0.4156575324957914,1.1570750338213576,-0.37451332194942155,-0.22764930818601886,-0.09972105409848263,1.0576165283866026,1.1462519051898934,-0.4501463163628999,-0.34101458365761844,-0.13448561582809335,0.10453298970395168,1.1459367799694686
1731068619.46,-0.482115029746528,-0.46153074513552644,-0.10539889631426844,-0.33904208573664607,1.2074992310063328,0.6428705055521089,-1.044906605467316,-0.18097790867321242,-0.2813010729196113,1.1482039736592677,-0.15045206639380151,-0.6174115175317276,-0.09972105409848263,-0.08266646746989705,1.1459039712223935,-0.4501463163628999,-0.523552865615319,-0.13448561582809335,-0.24716414429531178,1.1455896492867907
1731068619.96,1.4837717346024528,-0.48385769042131754,-0.10539889631426844,1.1780363449120952,1.2068736757665732,-0.4222467253601425,-0.5302396873309901,-0.18097790867321242,-0.13015005589640863,1.152288865218746,-0.37451332194942155,-1.3452547592933273,-0.09972105409848263,-0.25346835081549085,1.1455560376628706,-0.18210587065310885,-0.4196074550560728,-0.13448561582809335,0.1868905145780204,1.1452425187702426
1731068620.46,-0.482115029746528,-0.3622998771986774,-0.10539889631426844,-0.27616908621441183,1.2062481967856014,0.6428705055521089,-0.7329872611422701,-0.18097790867321242,-0.2712243384513978,1.1596878314485006,1.1939154669399505,-1.330181082688797,-0.09972105409848263,-0.16927023930709953,1.1452081045113045,1.4261368036056759,-0.19650511044110536,-0.13448561582809335,-0.03272955175282938,1.1448953884198474
1731068620.96,-0.201274063410965,-0.5632423847707968,-0.10539889631426844,0.9641826050405496,1.2056227940705155,-0.4222467253601425,-0.6487690381745076,-0.18097790867321242,-0.3081723648348473,1.1479339261695842,-0.37451332194942155,-1.321567553200494,-0.09972105409848263,-0.1812985409511555,1.1448601717677287,-0.4501463163628999,-0.6351040379228027,-0.13448561582809335,0.05877880921835802,1.1445482582356157
1731068621.46,-0.482115029746528,-0.25810746586498573,-0.10539889631426844,-0.2907111405256769,1.2049974676284316,-0.4222467253601425,0.5053325358281621,1.7125343850160237,-0.17381590525866714,1.146328633193649,-0.37451332194942155,-0.8801241669249676,-0.09972105409848263,-0.25346835081549085,1.1445122394321499,-0.4501463163628999,-0.38918440806312266,-0.13448561582809335,0.03742685832508094,1.1442011282175504
1731068621.96,-0.482115029746528,0.4737201851692764,-0.10539889631426844,0.9727367546354116,1.2043722174664695,-0.4222467253601425,1.0605489687267435,-0.18097790867321242,-0.3551971256865104,1.156903172902868,1.1939154669399505,-1.108382698364996,-0.09972105409848263,-0.10191175010038651,1.144164307504568,-0.4501463163628999,-0.2750979818395598,4.327393291580252,-0.0845842896365022,1.1438539983656617
1731068622.46,1.4837717346024528,-0.20353048849971866,-0.10539889631426844,-0.2710365964574947,1.203747043591732,0.6428705055521089,-0.7111529070395168,-0.18097790867321242,-0.1267911444070042,1.1414233636824886,-0.37451332194942155,-0.6303318117641818,-0.09972105409848263,-0.30398721772052567,1.1438163759850364,-0.18210587065310885,-0.4982003264545272,-0.13448561582809335,0.08318103881067468,1.1435068686799632
1731068622.96,-0.482115029746528,-0.2060112601981399,-0.10539889631426844,2.0976074263597386,1.2031219460113523,-0.4222467253601425,1.191555093343263,-0.18097790867321242,3.648625369683657,1.1503812482250864,-0.37451332194942155,-0.8779707845528919,-0.09972105409848263,-0.30398721772052567,1.1434684448735153,-0.4501463163628999,-0.25228069659484725,-0.13448561582809335,1.9926555044094514,1.1431597391604649
1731068623.46,-0.482115029746528,-0.22089589038866728,-0.10539889631426844,-0.3052531948369419,1.202496924732437,0.6428705055521089,0.11543335542185476,-0.18097790867321242,-0.2107639316421168,1.149931308195745,-0.37451332194942155,-1.1514503458065108,-0.09972105409848263,0.6390316311734572,1.1431205141700511,-0.4501463163628999,-0.4018606776435185,-0.13448561582809335,-0.16694181451057086,1.142812609807187
1731068623.96,-0.201274063410965,0.04702745304082532,-0.10539889631426844,1.182313419709526,1.2018719797621027,-0.4222467253601425,-0.031168736410916588,-0.18097790867321242,0.0377955185738165,1.1498662911415516,1.1939154669399505,-1.0028669621332846,-0.09972105409848263,-0.25346835081549085,1.1427725838746443,1.4261368036056759,0.43730836857868827,-0.13448561582809335,0.3333038921319202,1.1424654806201295
1731068624.46,1.4837717346024528,0.14129677758083206,-0.10539889631426844,-0.19918173986065557,1.2012471111074599,0.6428705055521089,0.7299144637421954,-0.18097790867321242,-0.3081723648348473,1.1412401378021166,-0.37451332194942155,-1.0459346095747994,-0.09972105409848263,-0.25827967147311326,1.142424653987301,-0.4501463163628999,0.07223180466328712,-0.13448561582809335,0.6627339916281947,1.1421183515993059
1731068624.96,-0.482115029746528,0.03462359454871917,-0.10539889631426844,-0.21201296425294827,1.2006223187756118,-0.4222467253601425,0.43982947351990276,-0.18097790867321242,-0.18389263972688075,1.1601460549468314,-0.37451332194942155,-0.3417785739060331,-0.09972105409848263,-0.14280797569017656,1.1420767245080619,-0.4501463163628999,-0.2548159505109264,-0.13448561582809335,0.443113925297345,1.1417712227447194
1731068625.46,-0.482115029746528,0.38937394742295484,-0.10539889631426844,-0.27616908621441183,1.1999976027737,0.6428705055521089,0.21524754560586953,-0.18097790867321242,0.12848612878773807,1.1384167056829304,-0.37451332194942155,-0.9576459323196942,-0.09972105409848263,-0.24144004917143494,1.1417287954369064,-2.0583889906216846,0.15335992997782077,4.471324869238586,0.28449943294728686,1.1414240940563973
1731068625.96,1.4837717346024528,-0.04724187149918143,-0.10539889631426844,-0.13502561789919207,1.1993729631088272,-0.4222467253601425,0.03433432589734276,-0.18097790867321242,-0.31824909930306083,1.1499271329067189,1.1939154669399505,-0.6303318117641818,-0.09972105409848263,-0.24384570950024614,1.1413808667738616,-0.18210587065310885,0.1508246760617416,-0.13448561582809335,0.5834267454531656,1.141076965534346
1731068626.46,-0.201274063410965,0.23556610212083853,-0.10539889631426844,-0.18635051546836284,1.198748399788105,0.6428705055521089,1.6220037885118266,-0.18097790867321242,-0.0025114192990375673,1.1469756837984577,-0.37451332194942155,-0.5700371053460613,-0.09972105409848263,-0.10191175010038651,1.141032938518934,1.4261368036056759,-0.04946038330851337,-0.13448561582809335,0.6932367786185903,1.1407298371785655
1731068626.96,-0.482115029746528,0.4861240436613825,-0.10539889631426844,-0.26633181418032076,1.1981239128186534,-0.4222467253601425,-0.26510824465470123,-0.18097790867321242,-0.21412284313152122,1.1393667786805486,-0.37451332194942155,-0.5162025460441678,-0.09972105409848263,-0.1524306170054213,1.1406850106721371,-0.4501463163628999,0.006315202845228518,-0.13448561582809335,0.3150022199376827,1.140382708989076
1731068627.46,-0.201274063410965,0.5382202493282283,-0.10539889631426844,-0.10508609431717574,1.1974995022075792,0.6428705055521089,0.851563008028963,-0.18097790867321242,1.297387327100505,1.1465948658079217,-0.37451332194942155,-0.5592701934856826,-0.09972105409848263,-0.14040231536136533,1.1403370832335042,-0.4501463163628999,-0.11791223904265115,-0.13448561582809335,1.0226668781148653,1.140035580965881
1731068627.96,1.4837717346024528,0.434027837994537,-0.10539889631426844,-0.25734995710571584,1.1968751679620113,-0.4222467253601425,-0.31189614630345813,-0.18097790867321242,-0.07976638355534113,1.1468904964363076,1.1939154669399505,-0.8908910787853463,-0.09972105409848263,-0.2342230681850014,1.1399891562030222,1.4261368036056759,-0.27763323575563903,-0.13448561582809335,-0.13643902752017503,1.1396884531090006
1731068628.46,-0.201274063410965,0.3720085455340062,-0.10539889631426844,1.6527916474269249,1.1962509100890524,0.6428705055521089,0.517809309601164,-0.18097790867321242,-0.3551971256865104,1.1373788328220924,-0.37451332194942155,-0.6841663710660754,-0.09972105409848263,1.8514844368942924,1.1396412295806972,-0.4501463163628999,-0.42974847072038946,-0.13448561582809335,-0.20324013102914185,1.1393413254184381
1731068628.96,-0.482115029746528,0.2008352983429413,-0.10539889631426844,-0.2765967936941549,1.1956267285958226,-0.4222467253601425,0.21524754560586953,-0.18097790867321242,-0.39214515206995987,1.1344427806242638,-1.7188808552831736,-0.43222063353321394,3.573059006625274,-0.1379966550325542,1.13929330336657,-0.18210587065310885,-0.3308735679933017,-0.13448561582809335,-0.1394893062192146,1.138994197894214
1731068629.46,-0.482115029746528,-0.08197267527707865,-0.10539889631426844,-0.2885726031269614,1.1950026234894378,0.6428705055521089,0.9139468768939722,-0.18097790867321242,-0.09656094100236358,1.1374111342831503,-0.37451332194942155,-0.5700371053460613,-0.09972105409848263,-0.23903438884262376,1.1389453775606335,-0.4501463163628999,0.09251383599192053,-0.13448561582809335,-0.1547406997144125,1.1386470705363312
1731068629.96,1.4837717346024528,0.06687362662819517,-0.10539889631426844,-0.2637655693018622,1.1943785947770005,-0.4222467253601425,1.0387146146239907,-0.18097790867321242,-0.34512039121829685,1.1475385000981375,1.1939154669399505,-0.6755528415777724,-0.09972105409848263,-0.10672307075800888,1.1385974521629145,1.4261368036056759,-0.14833528603560098,-0.13448561582809335,-0.22062671961366745,1.1382999433447967
1731068630.46,-0.482115029746528,-0.21345357529340359,-0.10539889631426844,-0.1521339170889157,1.1937546424656482,0.6428705055521089,1.263296542538024,-0.18097790867321242,-0.44588773590043196,1.1400949543110757,-0.37451332194942155,-0.5678837229739856,-0.09972105409848263,-0.22941174752737903,1.1382495271734066,-0.4501463163628999,-0.43988948638470615,-0.13448561582809335,-0.0845842896365022,1.1379528163196306
1731068630.96,-0.482115029746528,-0.2903574979444617,-0.10539889631426844,-0.3048254873571989,1.1931307665624835,-0.4222467253601425,0.41487592597389905,-0.18097790867321242,-0.2712243384513978,1.1412590944945977,-0.37451332194942155,-0.6389453412524848,-0.09972105409848263,-0.2630909921307356,1.137901602592136,-0.4501463163628999,-0.34101458365761844,-0.13448561582809335,-0.23282783440982574,1.1376056894608397
1731068631.46,-0.201274063410965,0.17354680966030778,-0.10539889631426844,-0.10080901951974483,1.1925069670746267,0.6428705055521089,-0.3836375954982184,-0.18097790867321242,-0.3014545418560383,1.1548963394773346,-0.37451332194942155,0.019989664602691058,-0.09972105409848263,-0.041770241880106994,1.1375536784191098,-0.18210587065310885,0.10011959774015806,-0.13448561582809335,-0.1394893062192146,1.1372585627684373
1731068631.96,-0.482115029746528,0.17106603796188655,-0.10539889631426844,-0.28386782084978746,1.1918832440091889,-0.4222467253601425,-0.1278637331516809,-0.18097790867321242,0.14528068623476054,1.137042008454472,1.1939154669399505,-0.3676191623709417,-0.09972105409848263,-0.11153439141563123,1.1372057546543344,-0.4501463163628999,-0.06213665288890925,-0.13448561582809335,-0.2056803539883735,1.136911436242427
1731068632.46,1.4837717346024528,0.18843143985083516,-0.10539889631426844,0.16436961792097105,1.191259597373273,-0.4222467253601425,-0.1840092151301892,-0.18097790867321242,-0.19732828568449876,1.1511841208009133,-0.37451332194942155,-0.8069091662743926,-0.09972105409848263,-0.2630909921307356,1.1368578312978503,1.4261368036056759,0.4499846381590842,-0.13448561582809335,-0.07848373223842303,1.1365643098828255
1731068632.96,-0.482115029746528,0.2678161342003145,-0.10539889631426844,-0.3035423649179696,1.1906360271740164,0.6428705055521089,0.05616868000009599,-0.18097790867321242,-0.2745832499408023,1.1398920991783057,-0.37451332194942155,-0.8349031371113771,-0.09972105409848263,0.22525805461793413,1.1365099083496304,-0.18210587065310885,-0.06467190680498844,-0.13448561582809335,-0.22215185896318726,1.1362171836896398
1731068633.46,-0.482115029746528,0.08671980021556501,-0.10539889631426844,-0.0837007203300212,1.1900125334185219,0.6428705055521089,0.07488384065959876,-0.18097790867321242,-0.039459445682487056,1.1463508430176759,-0.37451332194942155,-0.8004490191581654,-0.09972105409848263,-0.14521363601898768,1.136161985809715,-0.4501463163628999,-0.01903733631556325,-0.13448561582809335,-0.10898651922881886,1.1358700576628928
1731068633.96,-0.482115029746528,0.38937394742295484,-0.10539889631426844,-0.234253753199589,1.1893891161139092,-0.4222467253601425,0.17469803084361354,-0.18097790867321242,-0.3115312763242518,1.1409065813191626,1.1939154669399505,-0.8392099018555286,-0.09972105409848263,-0.2967702367340921,1.1358140636781038,1.4261368036056759,0.3358982119355212,-0.13448561582809335,-0.22001666387385954,1.135522931802585
1731068634.46,1.4837717346024528,0.1363352341839896,-0.10539889631426844,-0.25991620198417437,1.1887657752672902,0.6428705055521089,0.754868011288199,-0.18097790867321242,-0.16709808227985812,1.1507759947813685,-1.7188808552831736,-0.5291228402766223,3.573059006625274,-0.10912873108682,1.135466141954804,-0.18210587065310885,0.13561315256526654,-0.13448561582809335,-0.15169042101537294,1.1351758061087265
1731068634.96,-0.482115029746528,0.5332587059313859,-0.10539889631426844,-0.10080901951974483,1.1881425108857717,-0.4222467253601425,0.6269810801149298,-0.18097790867321242,-0.13015005589640863,1.144610255795028,-0.15045206639380151,-0.6561724002290907,-0.09972105409848263,-0.2823362747612251,1.135118220639862,-0.4501463163628999,0.4322378607465299,-0.13448561582809335,-0.14864014231633335,1.134828680581327
1731068635.46,-0.482115029746528,0.41666243610558834,-0.10539889631426844,-0.2834401133700444,1.187519322976491,-0.4222467253601425,-0.9731651562725553,-0.18097790867321242,-0.3148901878136563,1.150070597221743,-0.37451332194942155,-0.7724550483211807,-0.09972105409848263,-0.2823362747612251,1.1347702997332445,-0.4501463163628999,-0.3105915366646683,-0.13448561582809335,-0.21940660813405163,1.1344815552204006
1731068635.96,1.4837717346024528,0.696989638027187,-0.10539889631426844,-0.16496514148120842,1.1868962115465511,0.6428705055521089,-0.6737225857205114,-0.18097790867321242,0.1419217747453561,1.1439321594632297,1.1939154669399505,-0.6518656354849393,-0.09972105409848263,-0.13559099470374297,1.1344223792349915,-0.18210587065310885,-0.9317287461040661,-0.13448561582809335,-0.1425395849182542,1.1341344300259668
1731068636.46,-0.482115029746528,0.92522063428194,-0.10539889631426844,-0.31337963695206067,1.1862731766030632,-0.4222467253601425,-0.8234438709965332,1.7125343850160237,-0.2745832499408023,1.1306714716214816,-0.15045206639380151,-0.6410987236245606,-0.09972105409848263,-0.2775249541036027,1.1340744591451097,1.4261368036056759,-0.49566507253844805,-0.13448561582809335,0.33025361343288057,1.1337873049980227
1731068636.96,-0.482115029746528,0.950028351266152,-0.10539889631426844,0.1301530195415239,1.1856502181531516,-0.4222467253601425,-0.577027588979747,-0.18097790867321242,2.0061176513648555,1.139756993580159,-0.37451332194942155,-0.5851107819505915,-0.09972105409848263,-0.14040231536136533,1.133726539463606,-0.4501463163628999,-0.6477803075031985,-0.13448561582809335,-0.09068484703458136,1.133440180136585
1731068637.46,-2.167160827759946,0.024700507755034247,4.74557083286513,-0.26504869174109147,1.1850273362039108,0.8203900440374883,0.6706497883204362,-0.18097790867321242,-0.19061046270568974,1.1497223838326767,-0.37451332194942155,-0.6324851941362576,-0.09972105409848263,-0.2654966524595468,1.1333786201905072,-0.4501463163628999,-0.9266582382719077,-0.13448561582809335,-0.1608412571124917,1.133093055441657
1731068637.96,-0.482115029746528,-0.4267999413576292,-0.10539889631426844,0.1943091415029874,1.184404530762482,-0.4222467253601425,-0.3087769528602077,-0.18097790867321242,-0.42573426696400496,1.1358135391915345,1.1939154669399505,-0.589417546694743,-0.09972105409848263,-0.15002495667661006,1.133030701325806,-0.18210587065310885,-0.8353890972930574,-0.13448561582809335,-0.1882937654038479,1.1327459309132657
1731068638.46,1.4837717346024528,-0.5756462432629029,-0.10539889631426844,0.13870716913638573,1.1837818018359727,0.6428705055521089,0.8141326867099574,-0.18097790867321242,-0.3887862405805554,1.1356822716896475,-0.37451332194942155,-0.44298754539359264,-0.09972105409848263,-0.16205325832066603,1.1326827828695298,1.4261368036056759,-0.6477803075031985,-0.13448561582809335,-0.09373512573362094,1.132398806551411
1731068638.96,-0.482115029746528,-0.5086654074055298,-0.10539889631426844,0.8700869594970698,1.1831591494314895,-0.4222467253601425,0.26827383414112704,-0.18097790867321242,-0.23091740057854382,1.1310371233291814,-0.15045206639380151,-0.32239813255735145,-0.09972105409848263,-0.22941174752737903,1.1323348648216784,-0.18210587065310885,-0.7618667337267614,-0.13448561582809335,-0.19378426706211913,1.1320516823561064
1731068639.46,-0.201274063410965,-0.07453036018181496,-0.10539889631426844,0.16864669271840196,1.1825365735561617,0.6428705055521089,0.3712072177683926,-0.18097790867321242,-0.3048134533454428,1.1340275467776002,-0.37451332194942155,0.42697893292500577,-0.09972105409848263,-0.005685336947939303,1.1319869471822717,-0.4501463163628999,-0.8607416364538492,-0.13448561582809335,-0.21940660813405163,1.131704558327362
1731068639.96,1.4837717346024528,0.3075084813750542,-0.10539889631426844,-0.2607716169436606,1.1819140742170828,-0.4222467253601425,-1.0542641857970674,-0.18097790867321242,-0.3719916831335329,1.1340439411433476,1.1939154669399505,0.5841758460865346,-0.09972105409848263,-0.22460042686975668,1.1316390299513432,-0.4501463163628999,-0.7948250346357907,-0.13448561582809335,-0.05408150264610638,1.131357434465181
1731068640.46,-0.482115029746528,-0.03235724130865405,-0.10539889631426844,-0.27916303857261343,1.181291651421395,0.6428705055521089,-0.3992335627144707,-0.18097790867321242,-0.2544297810043753,1.1371634510524722,-0.37451332194942155,-0.03384489469920245,-0.09972105409848263,-0.2630909921307356,1.1312911131288663,1.4261368036056759,-0.5996104830976942,-0.13448561582809335,-0.21117085564664476,1.1310103107695908
1731068640.96,-2.167160827759946,-0.2878767262460405,4.74557083286513,-0.2902834330459338,1.1806693051761963,-0.4222467253601425,-0.6456498447312572,-0.18097790867321242,-0.3551971256865104,1.1373638337920318,-1.7188808552831736,-0.23626283767432182,3.573059006625274,0.006342964696116665,1.1309431967148675,-2.0583889906216846,-0.9266582382719077,4.471324869238586,-0.07848373223842303,1.1306631872405908
1731068641.46,-0.482115029746528,-0.456569201738684,-0.10539889631426844,0.18147791711069466,1.1800470354886026,0.6428705055521089,-0.23391631022219658,-0.18097790867321242,0.9682140011388638,1.142545690266571,-0.37451332194942155,-0.12644033669845905,-0.09972105409848263,-0.27030797311716914,1.1305952807093738,-0.4501463163628999,-0.17622307911247193,-0.13448561582809335,-0.16389153581153126,1.1303160638781984
1731068641.96,-0.482115029746528,-0.0943765337691848,-0.10539889631426844,-0.24580185515265243,1.1794248423657385,-0.4222467253601425,-0.8203246775532826,-0.18097790867321242,-0.31824909930306083,1.133924535916591,1.1939154669399505,-0.9662594618079972,-0.09972105409848263,-0.2823362747612251,1.130247365112385,-0.18210587065310885,-0.5286233734474773,-0.13448561582809335,0.04657769442219969,1.1299689406824198
1731068642.46,1.4837717346024528,-0.39454990927815325,-0.10539889631426844,0.21569451549014182,1.178802725814702,0.6428705055521089,-0.2994193725304563,-0.18097790867321242,-0.2712243384513978,1.1414374689892859,-0.15045206639380151,-1.2009781403642525,-0.09972105409848263,1.517097651189538,1.129899449923921,1.4261368036056759,-0.42214270897215195,-0.13448561582809335,-0.19805465724077456,1.1296218176532586
1731068642.96,-0.482115029746528,-0.4168768545639443,-0.10539889631426844,-0.18207344067093195,1.178180685842631,-0.4222467253601425,-0.8639933857587891,-0.18097790867321242,-0.06968964908712769,1.1325434978620625,-0.37451332194942155,-0.9059647553898765,-0.09972105409848263,-0.3112041987069592,1.1295515351439822,-0.4501463163628999,-0.2649569661752431,-0.13448561582809335,0.27229831815112854,1.1292746947907417
1731068643.46,-0.482115029746528,0.014777420961349326,-0.10539889631426844,-0.04948412195057405,1.1775587224566233,0.6428705055521089,-0.5395972676607415,-0.18097790867321242,-0.3551971256865104,1.139239377161526,-0.37451332194942155,-1.1600638752948138,-0.09972105409848263,-0.29195891607646973,1.129203620772582,-0.4501463163628999,-0.34862034540585596,-0.13448561582809335,-0.1577909784134521,1.1289275720948693
1731068643.96,-0.482115029746528,-0.2308189771823522,-0.10539889631426844,-0.258205372065202,1.1769368356638124,-0.4222467253601425,-0.6051003299690012,-0.18097790867321242,-0.20068719717390318,1.1376808067787967,1.1939154669399505,-1.2332788759453888,-0.09972105409848263,-0.03455326089367339,1.1288557068097533,-0.4501463163628999,-0.46270677162941876,-0.13448561582809335,2.0872141440796783,1.128580449565658
1731068644.46,1.4837717346024528,-0.1514342828328731,-0.10539889631426844,-0.29327738540413545,1.176315025471292,0.6428705055521089,-0.6362922644015058,-0.18097790867321242,-0.09991985249176816,1.1268591491530537,-0.37451332194942155,-0.9942534326449817,-0.09972105409848263,-0.3112041987069592,1.1285077932554763,1.4261368036056759,-0.37397288456664773,-0.13448561582809335,-0.06323233874322513,1.1282333272031144
1731068644.96,-0.482115029746528,0.34968160024821515,-0.10539889631426844,0.16864669271840196,1.1756932918861827,-0.4222467253601425,-0.4584982381362295,-0.18097790867321242,-0.41901644398519594,1.1436273101919576,-0.37451332194942155,-0.365465779998866,-0.09972105409848263,-0.2799306144324139,1.1281598801098047,-0.4501463163628999,-0.09255969988185937,-0.13448561582809335,-0.22276191470299517,1.1278862050072456
1731068645.46,-0.482115029746528,0.2653353625018933,-0.10539889631426844,-0.18207344067093195,1.1750716349156127,0.6428705055521089,2.3198021588028742e-05,-0.18097790867321242,0.23597129644868212,1.142502412048428,-0.37451332194942155,-1.0308609329702694,-0.09972105409848263,-0.21016646489688964,1.127811967372705,-0.18210587065310885,-0.20918138002150122,-0.13448561582809335,-0.07238317484034387,1.1275390829780714
1731068645.96,1.4837717346024528,0.04206590964398286,-0.10539889631426844,0.3996087317796707,1.1744500545666894,-0.4222467253601425,0.19653238494636677,-0.18097790867321242,0.5920159143255594,1.1346251602947295,1.1939154669399505,-0.8069091662743926,-0.09972105409848263,-0.19573250292402253,1.1274640550442236,-0.4501463163628999,-0.06467190680498844,-0.13448561582809335,-0.216661357304916,1.1271919611156054
1731068646.46,-0.482115029746528,0.024700507755034247,-0.10539889631426844,0.09593642116207665,1.173828550846524,0.6428705055521089,-0.1933667954599406,-0.18097790867321242,-0.3652738601547239,1.1431104139520543,-0.37451332194942155,-0.8478234313438315,-0.09972105409848263,-0.11875137240206474,1.127116143124361,1.4261368036056759,-0.4424247403007854,-0.13448561582809335,-0.06811278466168846,1.1268448394198476
1731068646.96,-0.482115029746528,0.22316224362873238,-0.10539889631426844,-0.28942801808644764,1.173207123762241,-0.4222467253601425,0.2339627062653723,-0.18097790867321242,-0.11671440993879062,1.1279601284979106,-0.37451332194942155,-0.6647859297173937,-0.09972105409848263,0.3238901280991926,1.126768231613117,-2.0583889906216846,-0.17115257128031358,4.471324869238586,0.08013076011163509,1.1264977178908184
1731068647.46,-0.482115029746528,0.47868172856611885,-0.10539889631426844,-0.09653194472231393,1.1725857733209388,0.6428705055521089,0.28075060791412887,-0.18097790867321242,-0.3585560371759149,1.1246617876514402,-0.37451332194942155,-0.9770263736683757,-0.09972105409848263,-0.14280797569017656,1.1264203205105383,-0.4501463163628999,-0.021572590231642427,-0.13448561582809335,-0.22642224914184264,1.1261505965285108
1731068647.96,1.4837717346024528,0.13881600588241083,-0.10539889631426844,-0.0879777951274521,1.1719644995297547,-0.4222467253601425,0.40863753908739814,-0.18097790867321242,0.06802572197845698,1.1252531054736157,1.1939154669399505,-0.47098151623057727,-0.09972105409848263,-0.09228910878514178,1.1260724098165984,1.4261368036056759,-0.19904036435718453,-0.13448561582809335,-0.07543345353938345,1.125803475332955
1731068648.46,-0.482115029746528,0.2702969058987358,-0.10539889631426844,-0.11364024391203754,1.1713433023957958,0.6428705055521089,-0.33684969384946184,-0.18097790867321242,-0.3652738601547239,1.1250692406821758,-0.15045206639380151,-0.8822775492970434,-0.09972105409848263,-0.255874011144302,1.1257244995313371,-0.4501463163628999,-0.31566204449682667,-0.13448561582809335,-0.21361107860587641,1.1254563543041582
1731068648.96,-0.482115029746528,0.24796996061294468,-0.10539889631426844,-0.18635051546836284,1.1707221819261735,-0.4222467253601425,-0.1933667954599406,-0.18097790867321242,-0.20068719717390318,1.1400915854652378,-0.37451332194942155,-0.7595347540887263,-0.09972105409848263,-0.10431741042919764,1.1253765896547545,-0.4501463163628999,-0.08241868421754267,-0.13448561582809335,-0.14558986361729379,1.1251092334421267
1731068649.46,-0.482115029746528,0.6448934323603412,-0.10539889631426844,-0.28771718816747527,1.1701011381280038,0.6428705055521089,0.27451222102762796,-0.18097790867321242,-0.13015005589640863,1.1341868538585222,-0.15045206639380151,0.05013701781175142,-0.09972105409848263,-0.3015815573917145,1.125028680186864,-0.4501463163628999,-0.12805325470696785,-0.13448561582809335,-0.21025577203693288,1.1247621127468774
1731068649.96,1.4837717346024528,0.620085715376129,-0.10539889631426844,0.006117850416027726,1.1694801710083933,-0.4222467253601425,0.24643948003837415,-0.18097790867321242,-0.24099413504675726,1.1428598226435838,1.1939154669399505,-0.0919862187452472,-0.09972105409848263,-0.29195891607646973,1.1246807711276858,1.4261368036056759,-0.19904036435718453,-0.13448561582809335,-0.05103122394706687,1.124414992218407
1731068650.46,-0.482115029746528,0.26285459080347207,-0.10539889631426844,-0.2688980590587793,1.1688592805744795,0.6428705055521089,0.46478302106590647,-0.18097790867321242,-0.06633073759772311,1.1205889668296853,-0.37451332194942155,-0.3611590152547145,-0.09972105409848263,0.08572975554688564,1.12433286247722,-0.4501463163628999,-0.09763020771401773,-0.13448561582809335,-0.1849384588349044,1.1240678718567425
1731068650.96,-0.201274063410965,-0.15887659792813652,-0.10539889631426844,-0.1290377131827888,1.1682384668333654,-1.664883494757786,0.3712072177683926,1.7125343850160237,-0.27794216143020684,1.12673404936881,-0.15045206639380151,-0.4839018104630317,-0.09972105409848263,-0.27030797311716914,1.1239849542354927,-0.4501463163628999,-0.23960442701445134,-0.13448561582809335,-0.16389153581153126,1.123720751661894
1731068651.46,-0.482115029746528,-0.1415111960391882,-0.10539889631426844,0.010394925213458632,1.1676177297921624,0.6428705055521089,1.0199994539644879,-0.18097790867321242,-0.31824909930306083,1.1246680249519727,-0.37451332194942155,-0.7939888720419381,-0.09972105409848263,-0.1812985409511555,1.1236370464024978,-0.4501463163628999,-0.32580306016114335,-0.13448561582809335,-0.06933289614130429,1.123373631633861
1731068651.96,1.4837717346024528,-0.1191842507533971,-0.10539889631426844,-0.300548412559768,1.1669970694579987,-0.599766263845522,0.8141326867099574,-0.18097790867321242,-0.2645065154725888,1.1416230092483692,1.1939154669399505,-0.43222063353321394,-0.09972105409848263,-0.20294948391045609,1.1232891389782687,-0.4501463163628999,0.19138873871900813,-0.13448561582809335,-0.23709822458848118,1.1230265117726643
1731068652.46,-0.201274063410965,0.16362372286662286,-0.10539889631426844,0.1900320667055565,1.166376485837969,-0.4222467253601425,-0.5957427496392498,-0.18097790867321242,-0.38542732909115085,1.1232860415557493,-0.37451332194942155,-0.35900563288263876,-0.09972105409848263,-0.2751192937747915,1.1229412319628116,1.4261368036056759,0.013920964593466048,-0.13448561582809335,-0.08153401093746263,1.1226793920783036
1731068652.96,-0.482115029746528,0.13385446248556837,-0.10539889631426844,-0.06231534634286677,1.165755978939206,0.6428705055521089,-0.3399688872927123,-0.18097790867321242,-0.03777998993778484,1.133235384724351,-0.37451332194942155,-0.11998018958223183,-0.09972105409848263,-0.19092118226640023,1.122593325356127,-2.0583889906216846,0.39927955983750063,4.471324869238586,-0.21483119008549226,1.1223322725508027
1731068653.46,-0.482115029746528,0.2678161342003145,-0.10539889631426844,0.2755735626541745,1.165135548768821,0.6428705055521089,0.20900915871936862,-0.18097790867321242,0.30986734921558123,1.1313379007218156,-0.37451332194942155,-0.6841663710660754,-0.09972105409848263,-0.35450608462556044,1.122245419158235,-0.4501463163628999,0.1178663751527123,-0.13448561582809335,-0.017478158257631465,1.1219851531901748
1731068653.96,1.4837717346024528,0.11400828889819854,-0.10539889631426844,-0.22056711384781008,1.1645151953339303,-1.664883494757786,-0.11850615282192951,1.7125343850160237,1.3511299109309771,1.1313582583893051,-0.37451332194942155,-0.3460853386501846,-0.09972105409848263,-0.10431741042919764,1.1218975133691484,1.4261368036056759,0.13307789864918737,-0.13448561582809335,-0.22367699831270704,1.1216380339964132
1731068654.46,-0.482115029746528,0.19339298324767762,-0.10539889631426844,-0.277024501173898,1.163894918641649,0.6428705055521089,-0.10914857249217813,-0.18097790867321242,1.438461609655494,1.1301655002683617,1.1939154669399505,-0.7509212246004233,-0.09972105409848263,-0.12115703273087597,1.1215496079888878,-0.18210587065310885,0.1609656917260583,-0.13448561582809335,-0.06628261744226471,1.1212909149695414
1731068654.96,-0.482115029746528,0.2827007643908419,-0.10539889631426844,0.0018407756185968207,1.1632747186990802,-0.4222467253601425,0.19029399805986583,-0.18097790867321242,-0.19732828568449876,1.1240566846367905,-0.37451332194942155,-0.5162025460441678,-0.09972105409848263,-0.1981381632528337,1.1212017030174597,-0.4501463163628999,0.06969655074720794,-0.13448561582809335,-0.23557308523896137,1.120943796109563
1731068655.46,-0.201274063410965,0.3720085455340062,-0.10539889631426844,-0.24922351499059717,1.1626545955133567,0.6428705055521089,1.3568723458355378,-0.18097790867321242,-0.2544297810043753,1.1289315984839634,-0.37451332194942155,-0.4882085752071832,-0.09972105409848263,-0.10912873108682,1.1208537984548708,-0.4501463163628999,0.31054567277472944,-0.13448561582809335,-0.06323233874322513,1.1205966774164982
1731068655.96,1.4837717346024528,0.5407010210266496,-0.10539889631426844,0.03178029920061316,1.1620345490915902,-0.4222467253601425,0.6332194670014307,-0.18097790867321242,3.413501565425342,1.1204920565364689,1.1939154669399505,-0.6152581351596519,-0.09972105409848263,-0.1596475979918548,1.1205058943011343,-0.4501463163628999,0.3130809266908086,-0.13448561582809335,-0.17426248338826583,1.1202495588903534
1731068656.46,-0.482115029746528,0.49604713045506743,-0.10539889631426844,-0.3343373034594721,1.161414579440896,0.8203900440374883,1.1946742867865137,-0.18097790867321242,-0.4089397095169824,1.1273536003888314,-0.37451332194942155,-0.6712460768336209,-0.09972105409848263,1.4401165206675803,1.1201579905562704,1.4261368036056759,0.508295478228905,-0.13448561582809335,0.16248828498570372,1.1199024405311455
1731068656.96,-0.201274063410965,0.4538740115819068,-0.10539889631426844,-0.21201296425294827,1.1607946865683816,-0.599766263845522,-0.5551932348769938,-0.18097790867321242,-0.45932338185804994,1.1214934517944666,-0.37451332194942155,-0.42791386878906246,-0.09972105409848263,-0.24625136982905732,1.1198100872202792,-0.4501463163628999,-0.21932239568581793,-0.13448561582809335,0.09843243230587258,1.1195553223388715
1731068657.46,-0.482115029746528,0.5580664229155982,-0.10539889631426844,-0.2710365964574947,1.1601748704811583,0.6428705055521089,-0.8140862906667817,-0.18097790867321242,-0.13686787887521765,1.116522717224934,-1.7188808552831736,-0.4408341630215169,3.573059006625274,-0.255874011144302,1.1194621842932007,-0.4501463163628999,-0.7897545268036323,-0.13448561582809335,-0.2050702982485656,1.1192082043135478
1731068657.96,1.4837717346024528,0.6473742040587624,-0.10539889631426844,-0.11364024391203754,1.1595551311863632,-0.4222467253601425,-0.2744658249844526,-0.18097790867321242,-0.40222188653817337,1.1260956489889906,1.1939154669399505,-0.6970866652985298,-0.09972105409848263,-0.3015815573917145,1.1191142817750015,1.4261368036056759,-0.7517257180624446,-0.13448561582809335,0.04657769442219969,1.1188610864551913
1731068658.46,-0.482115029746528,1.1137592833619532,-0.10539889631426844,-0.16496514148120842,1.1589354686910909,0.6428705055521089,-0.09355260527592582,-0.18097790867321242,-0.4089397095169824,1.119403126478934,-0.37451332194942155,-0.26425680851130645,-0.09972105409848263,0.15789956541122102,1.1187663796657417,-0.4501463163628999,-0.12044749295873032,-0.13448561582809335,-0.19866471298058247,1.1185139687638124
1731068658.96,-0.482115029746528,0.31743156816873913,-0.10539889631426844,-0.2966990452420802,1.1583158830024696,-0.4222467253601425,0.024976745567591375,-0.18097790867321242,-0.3048134533454428,1.1301743535049174,-0.37451332194942155,-0.27933048511583664,-0.09972105409848263,-0.3256381606798263,1.1184184779654014,-0.4501463163628999,-0.46270677162941876,-0.13448561582809335,1.3398958628149815,1.1181668512394174
1731068659.46,-0.201274063410965,-0.4913000055165812,-0.10539889631426844,-0.07514657073515939,1.1576963741276107,0.6428705055521089,-0.24327389055194798,-0.18097790867321242,-0.3014545418560383,1.1209078854235255,-0.15045206639380151,-0.3310116620456544,-0.09972105409848263,-0.2727136334459803,1.1180705766740004,-0.4501463163628999,-0.6351040379228027,-0.13448561582809335,-0.07848373223842303,1.1178197338820168
1731068659.96,1.4837717346024528,-0.31020367153183154,-0.10539889631426844,-0.2753136712549256,1.1570769420736218,-0.4222467253601425,0.349372863665639,-0.18097790867321242,-0.35183821419710587,1.1311402063256633,1.1939154669399505,-0.16520121939582239,-0.09972105409848263,0.0688901332452073,1.117722675791579,1.4261368036056759,-0.3917196619792018,-0.13448561582809335,-0.16389153581153126,1.1174726166916205
1731068660.46,-0.482115029746528,-0.5037038640086874,-0.10539889631426844,-0.12647146830433026,1.1564575868476268,0.6428705055521089,0.5396436637039176,-0.18097790867321242,1.3880779373144265,1.1202247940703347,-0.37451332194942155,-0.2987109264645183,-0.09972105409848263,-0.34247778298150455,1.117374775318097,-0.4501463163628999,-0.6528508153353569,-0.13448561582809335,-0.16694181451057086,1.1171254996682451
1731068660.96,-0.482115029746528,-0.20849203189656113,-0.10539889631426844,-0.224844188645241,1.155838308456746,-0.4222467253601425,-0.542716461103992,-0.18097790867321242,-0.37870950611234183,1.118135726945886,-0.37451332194942155,-0.16520121939582239,-0.09972105409848263,0.25412597856366825,1.1170268752536145,-0.18210587065310885,-0.6503155614192777,-0.13448561582809335,-0.22489710979232283,1.1167783828119044
1731068661.46,-0.482115029746528,-0.4069537677702594,-0.10539889631426844,-0.21201296425294827,1.1552191069080864,0.8203900440374883,-0.8421590316560359,-0.18097790867321242,-0.39214515206995987,1.125419694230484,-0.37451332194942155,-0.2664101908833822,-0.09972105409848263,-0.21257212522570082,1.1166789755981117,-0.4501463163628999,-0.6934148779926237,-0.13448561582809335,0.754242352599382,1.1164312661225981
1731068661.96,-0.201274063410965,-0.4069537677702594,-0.10539889631426844,1.8238746393241612,1.154599982208768,-0.4222467253601425,-0.6861993594935132,-0.18097790867321242,-0.18053372823747615,1.1135284217110797,1.1939154669399505,-0.044611806559581156,-0.09972105409848263,-0.34488344331031573,1.1163310763516152,-0.18210587065310885,-0.4905945647062897,-0.13448561582809335,-0.2575350918720464,1.1160841496003469
1731068662.46,1.4837717346024528,-0.27051132435709185,-0.10539889631426844,-0.3052531948369419,1.1539809343658893,-0.4222467253601425,-1.222700631732592,1.7125343850160237,-0.40222188653817337,1.1233303855389016,-0.37451332194942155,-0.4946687223234104,-0.09972105409848263,-0.28955325574765856,1.1159831775141518,-0.4501463163628999,-0.24721018876268888,-0.13448561582809335,-0.0022267647624335555,1.1157370332451468
1731068662.96,-0.482115029746528,-0.4739346036276326,-0.10539889631426844,1.1694821953172332,1.1533619633865877,-0.4222467253601425,-0.917019674294047,-0.18097790867321242,-0.2813010729196113,1.1229353149745465,-0.37451332194942155,-0.9038113730178008,-0.09972105409848263,-0.20776080456807844,1.1156352790857078,-2.0583889906216846,-0.683273862328307,4.471324869238586,-0.22062671961366745,1.1153899170570318
1731068663.46,-0.482115029746528,-0.24570360737287958,-0.10539889631426844,-0.023821673165988613,1.1527430692779743,-0.4222467253601425,-0.4397830774767267,1.7125343850160237,-0.37535059462293735,1.1298942851213722,-0.37451332194942155,-0.5915709290668187,-0.09972105409848263,-0.25346835081549085,1.1152873810663104,-0.4501463163628999,-0.5590464204404273,-0.13448561582809335,-0.05103122394706687,1.1150428010359985
1731068663.96,1.4837717346024528,-0.43424225645289294,-0.10539889631426844,0.08310519676978394,1.1521242520471566,-0.4222467253601425,-0.6924377463800141,-0.18097790867321242,-0.19732828568449876,1.1189867571385654,1.1939154669399505,-1.2397390230616159,-0.09972105409848263,-0.16205325832066603,1.114939483455966,1.4261368036056759,-0.7187674171534153,-0.13448561582809335,-0.238318336068097,1.1146956851820569
1731068664.46,-0.482115029746528,-0.3300498451192014,-0.10539889631426844,-0.045207047153143144,1.151505511701259,0.6428705055521089,-0.9201388677372975,-0.18097790867321242,-0.2544297810043753,1.1176555062026137,-0.37451332194942155,-1.2203585817129345,-0.09972105409848263,-0.22219476654094555,1.1145915862546814,-0.4501463163628999,-0.41453694722391443,-0.13448561582809335,0.08013076011163509,1.114348569495224
1731068664.96,-0.482115029746528,-0.08693421867392111,-0.10539889631426844,-0.25863307954494513,1.1508868482473837,-0.4222467253601425,0.5926699522391751,-0.18097790867321242,-0.19061046270568974,1.1125637243900526,-0.37451332194942155,-1.1794443166434951,-0.09972105409848263,-0.17648722029353311,1.1142436894625032,-0.4501463163628999,0.10011959774015806,-0.13448561582809335,-0.194699350671831,1.1140014539754997
1731068665.46,-0.482115029746528,-0.4143960828655231,-0.10539889631426844,-0.19918173986065557,1.1502682616926598,-0.599766263845522,-0.8234438709965332,1.7125343850160237,-0.13350896738581322,1.1155757758078193,-0.37451332194942155,-1.0136338739936634,-0.09972105409848263,-0.012902317934372798,1.1138957930793916,-0.4501463163628999,-0.32580306016114335,-0.13448561582809335,-0.0845842896365022,1.1136543386229107
1731068665.96,-0.482115029746528,-0.28539595454761923,4.593978028828273,-0.3159458818305192,1.1496497520441944,-0.4222467253601425,-0.12162534626517997,-0.18097790867321242,-0.37870950611234183,1.1155406031040838,1.1939154669399505,-1.0739285804117842,-0.09972105409848263,1.1009184143052038,1.1135478971053865,1.4261368036056759,0.17364196130645418,-0.13448561582809335,1.1843316491639628,1.1133072234374608
1731068666.46,-0.482115029746528,-0.06708804508655127,-0.10539889631426844,-0.10080901951974483,1.1490313193091075,0.8203900440374883,-0.6456498447312572,-0.18097790867321242,-0.37870950611234183,1.1212198686314665,-0.15045206639380151,-1.2268187288291614,-0.09972105409848263,-0.10672307075800888,1.113200001540508,-0.4501463163628999,-0.2750979818395598,-0.13448561582809335,-0.238318336068097,1.1129601084191596
1731068666.96,-0.482115029746528,-0.13903042434076696,-0.10539889631426844,-0.2941328003636216,1.1484129634945104,-0.4222467253601425,0.031215132454092298,-0.18097790867321242,1.6803032368926185,1.1199253244139082,-0.37451332194942155,-0.9985601973891332,-0.09972105409848263,-0.07304382615465231,1.112852106384756,-0.4501463163628999,-0.40946643939175603,-0.13448561582809335,0.7023876147157092,1.1126129935680142
1731068667.46,-0.482115029746528,0.45139323988348556,-0.10539889631426844,0.20714036589528,1.1477946846075102,0.6428705055521089,-0.25886985776820026,-0.18097790867321242,0.08817919091488402,1.113821186918088,-0.37451332194942155,0.13196554795062956,-0.09972105409848263,-0.24384570950024614,1.1125042116381576,-0.18210587065310885,0.12293688298487065,-0.13448561582809335,-0.21178091138645266,1.112265878884038
1731068667.96,-0.482115029746528,0.208277613438205,-0.10539889631426844,-0.22056711384781008,1.1471764826552446,-0.4222467253601425,0.835967040812711,-0.18097790867321242,0.5147609500692557,1.1289616903160429,1.1939154669399505,-0.6152581351596519,-0.09972105409848263,-0.05139288319535172,1.1121563173007056,1.1580963578958752,-0.15087053995168015,-0.13448561582809335,0.8854043366580842,1.1119187643672477
1731068668.46,1.4837717346024528,0.19339298324767762,-0.10539889631426844,-0.19490466506322465,1.1465583576448115,0.6428705055521089,0.17469803084361354,-0.18097790867321242,0.7700382232639982,1.1164357583876703,-0.15045206639380151,-0.7832219601815594,-0.09972105409848263,-0.15483627733423241,1.1118084233724137,-0.18210587065310885,-0.11284173121049279,-0.13448561582809335,-0.22916749997097827,1.1115716500176502
1731068668.96,-0.482115029746528,0.8111051361545634,-0.10539889631426844,0.2712964878567437,1.14594030958334,-0.4222467253601425,0.9513771982129777,-0.18097790867321242,0.4173525168765253,1.113870565379494,-0.37451332194942155,-0.9554925499476185,-0.09972105409848263,-0.31601551936458155,1.1114605298533087,-0.4501463163628999,0.5742120800469636,-0.13448561582809335,0.8396501561724903,1.1112245358352622
1731068669.46,-0.482115029746528,0.18098912475557147,-0.10539889631426844,-0.2688980590587793,1.1453223384779283,-0.4222467253601425,0.35561125055213993,-0.18097790867321242,0.9816496470964818,1.1214399196253018,-0.37451332194942155,-0.0036975414901420857,-0.09972105409848263,-0.04417590220891812,1.1111126367433903,-2.0583889906216846,0.07476705857936629,4.471324869238586,-0.19957979659029434,1.1108774218200803
1731068669.96,1.4837717346024528,0.9202590908850975,-0.10539889631426844,-0.10936316911460664,1.1447044443356922,-0.4222467253601425,-0.42730630370372485,1.7125343850160237,2.9432539569087117,1.1140673948715465,1.1939154669399505,-0.6884731358102268,-0.09972105409848263,-0.31842117969339273,1.1107647440426989,-0.4501463163628999,0.32322194235512536,-0.13448561582809335,0.8335495987744113,1.110530307972128
1731068670.46,-0.482115029746528,0.40177780591506096,-0.10539889631426844,-0.30568090231668504,1.1440866271637646,0.6428705055521089,-0.12474453970843044,-0.18097790867321242,0.877523390924942,1.1166992584060242,-0.37451332194942155,-0.8241362252509984,-0.09972105409848263,1.2091731291017072,1.1104168517512008,1.4261368036056759,-0.21171663393758042,-0.13448561582809335,-0.2450289492059841,1.1101831942914089
1731068670.96,-0.482115029746528,0.33975851345453023,-0.10539889631426844,-0.02809874796341952,1.1434688869692486,-0.4222467253601425,0.27139302758437783,-0.18097790867321242,0.13856286325595152,1.110620905995736,-0.37451332194942155,-0.8327497547393014,-0.09972105409848263,-0.18851552193758897,1.110068959868943,-0.4501463163628999,-0.2674922200913223,-0.13448561582809335,0.8365998774734508,1.1098360807779464
1731068671.46,-0.201274063410965,0.1661044945650441,-0.10539889631426844,-0.19062759026579376,1.1428512237592596,-0.4222467253601425,0.028095939010841838,1.7125343850160237,-0.1637391707904537,1.1168427020371876,-0.37451332194942155,-0.6669393120894694,-0.09972105409848263,-0.2342230681850014,1.1097210683959253,-0.4501463163628999,0.006315202845228518,-0.13448561582809335,-0.24594403281569596,1.1094889674317439
1731068671.96,-0.482115029746528,-0.3052421281349891,-0.10539889631426844,-0.17351929107607014,1.1422336375409137,-0.4222467253601425,1.1416479982512555,-0.18097790867321242,0.2762782343215362,1.1158615704770736,1.1939154669399505,-0.8951978435294978,-0.09972105409848263,-0.22700608719856785,1.1093731773321547,1.4261368036056759,-0.4272132168043103,-0.13448561582809335,0.6749351064243531,1.1091418542527978
1731068672.46,1.4837717346024528,-0.07949190357865742,-0.10539889631426844,0.061719822782629406,1.1416161283213262,0.6428705055521089,0.4803789882821584,-0.18097790867321242,0.03443660708441192,1.1218983006013057,-0.37451332194942155,0.36237746176273355,-0.09972105409848263,-0.30639287804933685,1.109025286677671,-0.4501463163628999,0.018991472425624403,-0.13448561582809335,-0.23069263932049805,1.1087947412411354
1731068672.96,-0.482115029746528,-0.010030296022862976,-0.10539889631426844,-0.09653194472231393,1.1409986961076128,-0.4222467253601425,1.3194420245165321,-0.18097790867321242,-0.2745832499408023,1.107135691538179,-0.37451332194942155,-0.4774416633468045,-0.09972105409848263,-0.2654966524595468,1.108677396432448,-0.4501463163628999,0.17871246913861225,-0.13448561582809335,0.7603429099974613,1.10844762839677
1731068673.46,-0.482115029746528,0.47868172856611885,-0.10539889631426844,0.10021349595950756,1.1403813409068941,-0.4222467253601425,0.9357812309967258,1.7125343850160237,0.18558762410761462,1.1219551796764766,-0.37451332194942155,-0.4774416633468045,-0.09972105409848263,-0.11153439141563123,1.1083295065965315,-0.4501463163628999,0.14828942214566243,-0.13448561582809335,-0.20659543759808538,1.1081005157197084
1731068673.96,1.4837717346024528,0.15121986437451698,-0.10539889631426844,0.22424866508500363,1.1397640627262766,-0.4222467253601425,-0.2807042118709535,-0.18097790867321242,0.37368666751426677,1.1046975092545241,1.1939154669399505,-0.20611548446526146,-0.09972105409848263,-0.21978910621213435,1.1079816171699024,-0.4501463163628999,0.3840680363410256,-0.13448561582809335,0.8365998774734508,1.107753403209957
1731068674.46,-0.482115029746528,-0.03483801300707528,-0.10539889631426844,1.5159252539091363,1.1391468615728808,0.6428705055521089,-0.23079711677894613,-0.18097790867321242,1.6097660956151238,1.1099757470724672,-0.37451332194942155,-0.539889752137001,-0.09972105409848263,-0.1307796740461207,1.107633728152607,1.4261368036056759,-0.19143460260894699,-0.13448561582809335,-0.2224568868330912,1.107406290867533
1731068674.96,-0.201274063410965,0.13881600588241083,-0.10539889631426844,-0.19062759026579376,1.138529737453809,-0.4222467253601425,-0.3711608217252165,-0.18097790867321242,0.20910000453344607,1.1060516066771593,-0.37451332194942155,-0.6152581351596519,-0.09972105409848263,0.4441731445397516,1.1072858395446386,-0.4501463163628999,-0.04692512939243419,-0.13448561582809335,0.8701529431628863,1.1070591786924362
1731068675.46,-0.482115029746528,0.32487388326400285,-0.10539889631426844,-0.11791731870946845,1.137912690376199,0.6428705055521089,0.3680880243251418,-0.18097790867321242,-0.2611476039831843,1.114205465642986,-0.37451332194942155,-0.6927799005543783,-0.09972105409848263,-0.28955325574765856,1.1069379513460107,-0.18210587065310885,0.2826578796978585,-0.13448561582809335,-0.25631498039243056,1.1067120666846904
1731068675.96,1.4837717346024528,0.1586621794697804,-0.10539889631426844,-0.02809874796341952,1.1372957203471532,-0.4222467253601425,0.0717646472163483,-0.18097790867321242,-0.24771195802556628,1.1112691824848693,1.1939154669399505,-0.8176760781347713,-0.09972105409848263,-0.12596835338849835,1.106590063556737,1.4261368036056759,0.32575719627120453,-0.13448561582809335,0.2655877050132415,1.1063649548443053
1731068676.46,-0.482115029746528,0.15618140777135917,-0.10539889631426844,-0.29327738540413545,1.1366788273737831,0.6428705055521089,0.5583588243634203,-0.18097790867321242,-0.14358570185402666,1.112204200463738,-0.37451332194942155,-0.7724550483211807,-0.09972105409848263,-0.16445891864947715,1.1062421761768302,-0.4501463163628999,0.1508246760617416,-0.13448561582809335,0.7877954182888175,1.106017843171288
1731068676.96,-0.482115029746528,0.6002395417887592,-0.10539889631426844,0.0574427479851985,1.136062011463209,-0.599766263845522,0.8390862342559612,-0.18097790867321242,-0.019305976746060022,1.1075852111239106,-1.7188808552831736,0.4183654034367028,3.573059006625274,-0.3280438210086375,1.1058942892062975,-0.4501463163628999,0.5412537791379343,-0.13448561582809335,-0.2130010228660685,1.1056707316656482
1731068677.46,-0.482115029746528,0.8483167116308818,-0.10539889631426844,-0.2162900390503792,1.1354452726225421,0.6428705055521089,1.0511913883969926,-0.18097790867321242,-0.042818357171891634,1.1071623369449661,-0.37451332194942155,-0.39130636846377487,-0.09972105409848263,-0.029741940236051024,1.105546402645172,-0.4501463163628999,0.4246320989982924,-0.13448561582809335,-0.07848373223842303,1.105323620327393
1731068677.96,-0.201274063410965,0.42410475120085206,-0.10539889631426844,0.3525609090079308,1.1348286108589067,-0.4222467253601425,0.4491870538496538,-0.18097790867321242,-0.3551971256865104,1.1072700997967286,-0.37451332194942155,-0.6906265181823026,3.4582846297276566,-0.26068533180192444,1.1051985164934406,1.4261368036056759,0.3282924501872837,-0.13448561582809335,-0.1394893062192146,1.104976509156546
1731068678.46,1.4837717346024528,0.739162756900348,-0.10539889631426844,-0.16496514148120842,1.13421202617941,0.6428705055521089,-0.9700459628293048,-0.18097790867321242,-0.20068719717390318,1.1182600248840455,-0.37451332194942155,-0.3826928389754719,-0.09972105409848263,-0.2823362747612251,1.1048506307511232,-0.4501463163628999,-0.1458000321195218,-0.13448561582809335,-0.1824982358756727,1.1046293981531101
1731068678.96,-0.482115029746528,0.6052010851856016,-0.10539889631426844,-0.19918173986065557,1.1335955185911764,-0.4222467253601425,-0.5052861397849864,-0.18097790867321242,0.723013462412335,1.1124976502704051,-0.37451332194942155,-0.3417785739060331,-0.09972105409848263,-0.027336279907239896,1.10450274541824,-0.18210587065310885,-0.9494755235166203,-0.13448561582809335,-0.18646359818442415,1.1042822873170957
1731068679.46,-2.167160827759946,0.7317204418050843,4.74557083286513,2.961576535440781,1.1329790881012998,0.6428705055521089,-0.5115245266714873,-0.18097790867321242,-0.27794216143020684,1.1135971727115204,-1.7188808552831736,-1.3086472589680396,3.573059006625274,-0.33285514166625985,1.104154860494804,-2.0583889906216846,-0.7948250346357907,4.471324869238586,-0.20324013102914185,1.1039351766485197
1731068679.96,-0.201274063410965,-0.05964572999128758,-0.10539889631426844,-0.3343373034594721,1.1323627347169047,-1.4873639562724066,-0.3399688872927123,1.7125343850160237,0.03443660708441192,1.1201883724236545,1.1939154669399505,-0.6023378409271974,-0.09972105409848263,1.3366731265286995,1.1038069759808222,1.4261368036056759,-0.8227128277126616,-0.13448561582809335,-0.014427879558591884,1.1035880661473751
1731068680.46,-0.482115029746528,-0.5508385262786906,-0.10539889631426844,-0.11791731870946845,1.13174645844512,-0.4222467253601425,-0.18089002168693874,1.7125343850160237,-0.18725155121628517,1.1092171878560986,-0.37451332194942155,-0.6346385765083333,-0.09972105409848263,-0.14280797569017656,1.1034590918763012,-0.4501463163628999,-0.8658121442860075,-0.13448561582809335,-0.2072054933378933,1.1032409558136993
1731068680.96,1.4837717346024528,-0.36974219229394106,-0.10539889631426844,-0.29755446020156634,1.1311302592930526,-0.4222467253601425,0.9170660703372231,-0.18097790867321242,-0.45596447036864546,1.109999698597779,-0.37451332194942155,-0.042458424187505416,-0.09972105409848263,-0.3472891036391269,1.1031112081812546,-0.18210587065310885,-0.5108765960349231,-0.13448561582809335,-0.09068484703458136,1.1028938456474853
1731068681.46,-0.482115029746528,-0.5334731243897421,-0.10539889631426844,0.09593642116207665,1.1305141372678138,0.6428705055521089,0.6301002735581805,-0.18097790867321242,-0.042818357171891634,1.098212518757261,-0.15045206639380151,-0.35254548576641154,-0.09972105409848263,-0.2775249541036027,1.1027633248957154,-0.4501463163628999,-0.6731328466639903,-0.13448561582809335,-0.21788146878453182,1.1025467356487564
1731068681.96,1.4837717346024528,-0.3300498451192014,-0.10539889631426844,-0.3420360380948477,1.1298980923765196,-0.4222467253601425,-0.22767792333569567,-0.18097790867321242,-0.43916991292162294,1.1027533608910247,1.1939154669399505,-0.17381474888412535,-0.09972105409848263,-0.17889288062234426,1.102415442019664,1.4261368036056759,-0.8379243512091367,-0.13448561582809335,0.4522647613944637,1.1021996258175064
1731068682.46,-0.482115029746528,-0.5260308092944784,-0.10539889631426844,0.03605737399804407,1.1292821246262768,-0.4222467253601425,-1.3474683694626104,-0.18097790867321242,-0.3955040635593644,1.1160170836968542,-0.37451332194942155,-0.1867350431165798,-0.09972105409848263,-0.17648722029353311,1.1020675595531533,-0.18210587065310885,-0.7846840189714739,-0.13448561582809335,-0.13033847012209587,1.1018525161537585
1731068682.96,-0.201274063410965,0.3546431436450576,-0.10539889631426844,-0.2996929976002818,1.1286662340242186,0.6428705055521089,-1.222700631732592,-0.18097790867321242,-0.23427631206794824,1.1054721667035359,-0.37451332194942155,-0.27933048511583664,-0.09972105409848263,-0.16927023930709953,1.1017196774961435,-2.0583889906216846,-0.9748280626774121,4.471324869238586,-0.20354515889904579,1.1015054066575196
1731068683.46,-0.482115029746528,-0.2382612922776159,-0.10539889631426844,0.010394925213458632,1.128050420577452,-0.4222467253601425,-1.0293106382510635,1.7125343850160237,-0.1099965869599816,1.1067062329115018,-0.37451332194942155,-0.6561724002290907,-0.09972105409848263,-0.23903438884262376,1.101371795848695,-0.4501463163628999,0.10265485165623724,-0.13448561582809335,-0.044930666548987704,1.1011582973288099
1731068683.96,1.4837717346024528,-0.4640115168339477,-0.10539889631426844,-0.30140382751925415,1.1274346842930842,-0.4222467253601425,-1.1727935366405844,-0.18097790867321242,-0.2611476039831843,1.1049285015883346,-0.37451332194942155,-1.1471435810623594,-0.09972105409848263,-0.0946947691139529,1.1010239146107943,-0.4501463163628999,-0.7238379249855736,-0.13448561582809335,1.407001994193852,1.1008111881676326
1731068684.46,-0.482115029746528,-0.5582808413739543,-0.10539889631426844,-0.18635051546836284,1.1268190251782437,0.6428705055521089,-0.9263772546237984,-0.18097790867321242,-0.3585560371759149,1.0974335063342526,1.1939154669399505,-0.8715106374366647,-0.09972105409848263,1.1057297349628263,1.1006760337824544,1.4261368036056759,-0.5843989596012191,-0.13448561582809335,-0.06933289614130429,1.100464079173991
1731068684.96,-0.482115029746528,-0.29531904134130416,-0.10539889631426844,-0.3116688070330883,1.1262034432400247,-0.4222467253601425,-0.7049145201530159,-0.18097790867321242,-0.1704569937692627,1.1025874669574631,-0.37451332194942155,-1.1406834339461318,-0.09972105409848263,-0.27030797311716914,1.1003281533637226,-0.18210587065310885,-0.47031253337765627,-0.13448561582809335,-0.10898651922881886,1.1001169703479057
1731068685.46,-0.482115029746528,-0.1737612281186639,-0.10539889631426844,-0.10508609431717574,1.1255879384855603,0.6428705055521089,-0.3212537266332095,-0.18097790867321242,-0.01258815376725101,1.1133608621079099,-0.37451332194942155,-1.2698863762706762,-0.09972105409848263,-0.012902317934372798,1.0999802733545585,-0.18210587065310885,-0.33340882190938087,-0.13448561582809335,-0.2087306326874131,1.099769861689383
1731068685.96,-0.482115029746528,-0.1663189130234002,-0.10539889631426844,-0.23767541303753373,1.1249725109219706,-0.4222467253601425,-0.6425306512880067,-0.18097790867321242,-0.13015005589640863,1.0944143907511954,1.1939154669399505,-1.1536037281785863,-0.09972105409848263,0.16030522574003225,1.0996323937549957,-0.4501463163628999,-0.5894694674333775,-0.13448561582809335,-0.06933289614130429,1.0994227531984466
1731068686.46,1.4837717346024528,-0.04228032810233897,-0.10539889631426844,-0.2736028413359533,1.1243571605563494,-0.4222467253601425,-0.9825227366023067,-0.18097790867321242,0.007565315169175875,1.1168531984074674,-0.37451332194942155,-1.024400785854042,-0.09972105409848263,-0.18610986160877785,1.0992845145650538,1.4261368036056759,-0.19904036435718453,-0.13448561582809335,-0.21208593925635663,1.0990756448750933
1731068686.96,-0.482115029746528,-0.2903574979444617,-0.10539889631426844,0.006117850416027726,1.12374188739583,0.6428705055521089,-1.0137146710348113,-0.18097790867321242,0.051231164531434524,1.0984842691248078,-0.37451332194942155,-1.0287075505981935,-0.09972105409848263,0.16511654639765463,1.09893663578474,-0.4501463163628999,-0.5818637056851399,-0.13448561582809335,-0.08153401093746263,1.0987285367193398
1731068687.46,-0.482115029746528,-0.1191842507533971,-0.10539889631426844,-0.17779636587350103,1.1231266914475022,-0.4222467253601425,-0.8920661267480433,-0.18097790867321242,-0.33840256823948783,1.0945877981353889,-0.37451332194942155,-0.9705662265521485,-0.09972105409848263,-0.2871475954188474,1.0985887574140811,-0.18210587065310885,-0.3004505210003516,-0.13448561582809335,-0.24228369837684846,1.098381428731186
1731068687.96,1.4837717346024528,-0.10926116395971218,-0.10539889631426844,0.0574427479851985,1.1225115727185118,0.6428705055521089,-0.7860135496775276,-0.18097790867321242,-0.14022679036462224,1.097238268744261,1.1939154669399505,-0.9641060794359214,-0.09972105409848263,-0.22700608719856785,1.0982408794530631,1.4261368036056759,-0.24721018876268888,-0.13448561582809335,-0.08153401093746263,1.0980343209106622
1731068688.46,-0.201274063410965,0.04206590964398286,-0.10539889631426844,-0.11364024391203754,1.1218965312159617,0.6428705055521089,-0.42730630370372485,-0.18097790867321242,1.1663897790137294,1.0980317235281203,-0.37451332194942155,-1.0933090217604655,-0.09972105409848263,0.1338429621231092,1.0978930019017201,-0.4501463163628999,-0.1787583330285511,-0.13448561582809335,-0.14558986361729379,1.0976872132577717
1731068688.96,-0.482115029746528,-0.29283826964288295,-0.10539889631426844,-0.33219876606075666,1.1212815669469545,-0.4222467253601425,-0.2089627626761929,-0.18097790867321242,-0.2611476039831843,1.0914832101320961,-0.37451332194942155,-1.1277631397136774,-0.09972105409848263,0.8146448351766734,1.0975451247600452,-0.4501463163628999,-0.2801684896717182,-0.13448561582809335,0.36990723652039503,1.0973401057725183
1731068689.46,-0.482115029746528,-0.07949190357865742,-0.10539889631426844,-0.006713373976264991,1.1206666799186233,0.6428705055521089,-0.47721339879573227,-0.18097790867321242,-0.1099965869599816,1.1049114721880942,-0.15045206639380151,-0.819829460506847,-0.09972105409848263,-0.2630909921307356,1.0971972480280714,-0.4501463163628999,-0.2446749348466097,-0.13448561582809335,0.2478960885588119,1.0969929984549183
1731068689.96,-0.201274063410965,0.6101626285824441,-0.10539889631426844,-0.2808738684915858,1.1200518701380626,-0.4222467253601425,0.3181809292331344,-0.18097790867321242,-0.3216080107924653,1.0970028929018827,-0.37451332194942155,-0.7164671066472115,-0.09972105409848263,0.030399567984228493,1.0968493717058128,1.4261368036056759,-0.0038258128190881893,-0.13448561582809335,0.40041002351079086,1.096645891304982
1731068690.46,1.4837717346024528,0.33479697005768777,-0.10539889631426844,0.45521070414627235,1.1194371376124048,0.6428705055521089,0.9045892965642212,-0.18097790867321242,-0.4089397095169824,1.09807059710784,-0.37451332194942155,-0.7573813717166505,3.4582846297276566,-0.1379966550325542,1.0965014957932553,-0.4501463163628999,-0.11537698512657196,-0.13448561582809335,0.5712256306570073,1.0962987843227228
1731068690.96,-0.482115029746528,0.39929703421663976,-0.10539889631426844,-0.30867485467488665,1.1188224823487616,-0.4222467253601425,-0.1996051823464415,-0.18097790867321242,0.7532436658169758,1.0900160435279176,-0.15045206639380151,-0.29009739697621534,-0.09972105409848263,-0.17408155996472188,1.0961536202904263,-0.4501463163628999,0.39674430592142146,-0.13448561582809335,0.49191838448197833,1.0959516775081475
1731068691.46,-0.482115029746528,0.24796996061294468,-0.10539889631426844,0.31406723583105256,1.1182079043542401,0.6428705055521089,-0.05300309051366982,-0.18097790867321242,-0.452605558879241,1.0922582456999985,-0.37451332194942155,-0.8004490191581654,-0.09972105409848263,-0.2654966524595468,1.0958057451973453,-0.4501463163628999,-0.19650511044110536,-0.13448561582809335,1.9469013239238575,1.0956045708612765
1731068691.96,1.4837717346024528,0.14873909267609575,-0.10539889631426844,0.5279209757025977,1.1175934036359647,-0.4222467253601425,-0.3711608217252165,-0.18097790867321242,-0.35183821419710587,1.101031833028343,1.1939154669399505,-0.6303318117641818,-0.09972105409848263,-0.1524306170054213,1.0954578705140194,1.4261368036056759,-0.6224277683424068,-0.13448561582809335,-0.1608412571124917,1.0952574643821094
1731068692.46,-0.482115029746528,0.773893560678245,-0.10539889631426844,0.10876764555436937,1.1169789802010293,0.6428705055521089,0.024976745567591375,-0.18097790867321242,-0.20404610866330777,1.1006440001079294,-0.37451332194942155,-0.4042266626962293,-0.09972105409848263,-0.08507212779870818,1.0951099962404685,-0.18210587065310885,0.04434401158641617,-0.13448561582809335,-0.18707365392423206,1.0949103580706563
1731068692.96,-0.201274063410965,0.19835452664452008,-0.10539889631426844,0.20714036589528,1.1163646340565758,-0.4222467253601425,1.0106418736347362,-0.18097790867321242,1.149595221566707,1.0957036473298867,-0.37451332194942155,-0.7293874008796659,-0.09972105409848263,-0.22460042686975668,1.0947621223766857,-0.4501463163628999,0.30040465711041275,-0.13448561582809335,-0.1028859618307397,1.0945632519269377
1731068693.46,-0.482115029746528,-0.1663189130234002,-0.10539889631426844,-0.17779636587350103,1.1157503652097025,0.6428705055521089,0.7423912375151972,-0.18097790867321242,-0.23427631206794824,1.099148938623582,-0.37451332194942155,-0.06183886553618708,-0.09972105409848263,0.1338429621231092,1.0944142489226913,-0.4501463163628999,-0.38918440806312266,-0.13448561582809335,-0.22093174748357142,1.0942161459509603
1731068693.96,1.4837717346024528,0.176027581358729,-0.10539889631426844,-0.023821673165988613,1.1151361736675338,-1.664883494757786,1.1541247720242573,1.7125343850160237,-0.3955040635593644,1.107647315629749,1.1939154669399505,-0.5851107819505915,-0.09972105409848263,1.1490316208814275,1.094066375878512,-0.4501463163628999,-0.1660820634481552,-0.13448561582809335,-0.08153401093746263,1.0938690401427371
1731068694.46,-0.201274063410965,-0.250665150769722,-0.10539889631426844,-0.23596458311856136,1.1145220594371767,0.6428705055521089,0.7673447850612009,-0.18097790867321242,-0.08984311802355457,1.091775281425011,-0.15045206639380151,-0.6346385765083333,-0.09972105409848263,-0.27030797311716914,1.0937185032441346,1.4261368036056759,-0.16101155561599687,-0.13448561582809335,-0.18707365392423206,1.0935219345022755
1731068694.96,-0.482115029746528,-0.05716495829286635,-0.10539889631426844,-0.3142350519115468,1.1139080225257343,-0.4222467253601425,1.2601773490947732,-0.18097790867321242,-0.13015005589640863,1.1098051382407483,-0.37451332194942155,-0.6841663710660754,-0.09972105409848263,0.09535239686213037,1.0933706310196123,-0.4501463163628999,-0.16101155561599687,-0.13448561582809335,-0.13643902752017503,1.093174829029585
1731068695.46,-0.482115029746528,0.48860481535980377,-0.10539889631426844,0.0531656731877676,1.1132940629403436,0.6428705055521089,-0.30253856597370676,-0.18097790867321242,-0.23763522355735284,1.101705200232401,-0.37451332194942155,-0.39991989795207783,-0.09972105409848263,-0.2342230681850014,1.0930227592049049,-0.4501463163628999,-0.09255969988185937,-0.13448561582809335,-0.2050702982485656,1.0928277237246795
1731068695.96,1.4837717346024528,0.3223931115655816,-0.10539889631426844,-0.18635051546836284,1.1126801806881117,-0.4222467253601425,-0.4179487233739735,-0.18097790867321242,-0.032741622703678044,1.089180118495771,1.1939154669399505,-0.28579063223206386,-0.09972105409848263,-0.32323250035101514,1.0926748878000663,1.4261368036056759,-0.07734817638538431,-0.13448561582809335,-0.014427879558591884,1.0924806185875755
1731068696.46,-0.482115029746528,0.027181279453455477,-0.10539889631426844,0.21569451549014182,1.112066375776146,0.6428705055521089,-0.25263147088169935,-0.18097790867321242,-0.3316847452606788,1.0951586607362356,-0.37451332194942155,-0.7013934300426813,-0.09972105409848263,-0.11875137240206474,1.0923270168050894,-0.18210587065310885,0.10265485165623724,-0.13448561582809335,-0.22215185896318726,1.09213351361828
1731068696.96,-0.201274063410965,0.12641214739030468,-0.10539889631426844,1.956463958044519,1.111452648211566,-0.4222467253601425,-0.06547986428667166,-0.18097790867321242,-0.3484793027077014,1.1045721124404984,-0.37451332194942155,-0.47528828097472875,-0.09972105409848263,-0.32323250035101514,1.091979146219988,-0.4501463163628999,-0.1356590164552054,-0.13448561582809335,1.8858957499430662,1.0917864088167961
1731068697.46,-0.482115029746528,1.2129901512988024,-0.10539889631426844,-0.1521339170889157,1.1108389980014792,0.6428705055521089,0.22148593249237045,-0.18097790867321242,-0.12343223291759962,1.0953328664574178,-0.15045206639380151,-0.6906265181823026,-0.09972105409848263,-0.308798538378148,1.0916312760448017,-0.4501463163628999,0.42209684508221323,-0.13448561582809335,-0.20476527037866163,1.0914393041831374
1731068697.96,-0.201274063410965,0.8483167116308818,-0.10539889631426844,-0.24665727011213862,1.11022542515301,-0.4222467253601425,0.20277077183286768,-0.18097790867321242,-0.3686327716441284,1.102673720652884,1.1939154669399505,-0.5549634287415312,-0.09972105409848263,-0.20535514423926726,1.0912834062794974,1.4261368036056759,0.6223819044524679,-0.13448561582809335,-0.0845842896365022,1.0910921997173242
1731068698.46,1.4837717346024528,0.3819316323276911,-0.10539889631426844,-0.3065363172761712,1.1096119296732783,0.6428705055521089,1.4847592770088063,-0.18097790867321242,-0.23427631206794824,1.1030011448690473,-0.37451332194942155,-0.6647859297173937,-0.09972105409848263,1.3053995422541544,1.0909355369241152,-0.4501463163628999,0.2953341492782544,-0.13448561582809335,-0.18097309652615293,1.0907450954193696
1731068698.96,-0.482115029746528,0.4216239795024308,-0.10539889631426844,0.0574427479851985,1.1089985115693781,-0.4222467253601425,1.4847592770088063,-0.18097790867321242,-0.015947065256655592,1.0888235811028537,-0.37451332194942155,-0.6152581351596519,-0.09972105409848263,-0.06823250549702994,1.0905876679786548,-0.4501463163628999,0.2395585631245125,-0.13448561582809335,-0.1889038211436558,1.0903979912892674
1731068699.46,-0.482115029746528,1.06662462109195,-0.10539889631426844,-0.23211521580087355,1.1083851708484427,-0.4222467253601425,-0.6893185529367636,-0.18097790867321242,-0.3652738601547239,1.1003987049073654,-0.37451332194942155,0.6789246704578672,-0.09972105409848263,-0.2799306144324139,1.09023979944315,-0.4501463163628999,0.6781574906062098,-0.13448561582809335,-0.23221777867001783,1.0900508873270405
1731068699.96,-0.201274063410965,1.079028479584056,-0.10539889631426844,-0.12647146830433026,1.1077719075175616,0.6428705055521089,0.8578013949154639,-0.18097790867321242,-0.4089397095169824,1.0927763986243357,1.1939154669399505,-0.5700371053460613,-0.09972105409848263,-0.214977785554512,1.089891931317594,-0.4501463163628999,-0.5184823577831607,-0.13448561582809335,-0.00832732216051272,1.0897037835326928
1731068700.46,1.4837717346024528,0.8433551682340394,-0.10539889631426844,-0.23125980084138736,1.1071587215838767,0.6428705055521089,-0.3711608217252165,-0.18097790867321242,-0.19061046270568974,1.0918047396364483,-0.37451332194942155,-0.26425680851130645,-0.09972105409848263,-0.12837401371730947,1.0895440636020068,1.4261368036056759,-0.8632768903699283,-0.13448561582809335,-0.21849152452433976,1.0893566799062477
1731068700.96,-0.482115029746528,0.8433551682340394,-0.10539889631426844,-0.33775896329741684,1.1065456130544906,-0.4222467253601425,0.09359900131910152,-0.18097790867321242,-0.2107639316421168,1.0968957748370745,-0.37451332194942155,-0.28579063223206386,-0.09972105409848263,-0.23181740785619023,1.0891961962964019,-0.18210587065310885,-0.7796135111393155,-0.13448561582809335,-0.10898651922881886,1.0890095764477083
1731068701.46,-0.482115029746528,0.12393137569188346,-0.10539889631426844,-0.21714545400986537,1.1059325819365147,0.6428705055521089,0.09359900131910152,-0.18097790867321242,0.2796371458109406,1.0843451012055356,-0.37451332194942155,-0.5269694579045465,-0.09972105409848263,-0.15002495667661006,1.0888483294007725,-0.4501463163628999,-0.9545460313487787,-0.13448561582809335,-0.2508244787341593,1.0886624731570853
1731068701.96,-0.482115029746528,-0.6996848281839644,-0.10539889631426844,-0.09653194472231393,1.105319628237065,-0.4222467253601425,0.043691906227094145,-0.18097790867321242,0.057948987510243535,1.0932419406654057,1.1939154669399505,-0.15874107227959516,-0.09972105409848263,-0.12115703273087597,1.0885004629151653,1.4261368036056759,-0.7846840189714739,-0.13448561582809335,0.09843243230587258,1.0883153700343882
1731068702.46,1.4837717346024528,-0.5260308092944784,-0.10539889631426844,-0.3381866707771599,1.1047067519632567,0.6428705055521089,0.028095939010841838,-0.18097790867321242,3.3463233356372517,1.0853183621944358,-0.37451332194942155,-0.4580612219981228,-0.09972105409848263,-0.29195891607646973,1.0881525968395738,-0.18210587065310885,-0.5920047213494567,-0.13448561582809335,-0.2486892836448316,1.0879682670796271
1731068702.96,-0.201274063410965,-0.27051132435709185,-0.10539889631426844,0.10449057075693846,1.1040939531222063,-0.4222467253601425,0.21836673904911966,-0.18097790867321242,0.1352039517665471,1.0865301656858255,-0.37451332194942155,-0.24272298479054905,-0.09972105409848263,0.49950333210240866,1.087804731174011,-0.4501463163628999,-0.4272132168043103,-0.13448561582809335,-0.03577983045186896,1.0876211642928226
1731068703.46,-0.482115029746528,-0.43424225645289294,-0.10539889631426844,-0.3467408203720217,1.1034812317210243,0.6428705055521089,1.5284279852143128,-0.18097790867321242,-0.21748175462092578,1.0952333228856699,-0.37451332194942155,-0.2621034261392307,-0.09972105409848263,-0.20776080456807844,1.0874568659184776,-0.18210587065310885,-0.7111616554051778,-0.13448561582809335,-0.22367699831270704,1.0872740616739747
1731068703.96,-0.482115029746528,-0.38214605078604724,-0.10539889631426844,0.0531656731877676,1.102868587766823,-0.4222467253601425,-1.0605025726835682,-0.18097790867321242,0.1419217747453561,1.0791310284032432,1.1939154669399505,-0.08983283637317147,-0.09972105409848263,-0.2727136334459803,1.0871090010730131,-0.4501463163628999,-0.6705975927479111,-0.13448561582809335,0.095382153606833,1.086926959223103
1731068704.46,1.4837717346024528,-0.3747037356907835,-0.10539889631426844,-0.20773588945551738,1.1022560212667258,0.6428705055521089,-1.222700631732592,-0.18097790867321242,-0.24771195802556628,1.0943142710291707,-0.15045206639380151,-0.2448763671626248,-0.09972105409848263,-0.13559099470374297,1.0867611366376044,1.4261368036056759,-0.6782033544961487,-0.13448561582809335,-0.08153401093746263,1.0865798569402114
1731068704.96,-0.482115029746528,-0.46897306023079016,-0.10539889631426844,0.7973766879407447,1.1016435322278235,-0.599766263845522,-1.0854561202295718,-0.18097790867321242,-0.39214515206995987,1.1000268878910102,-0.37451332194942155,-0.6260250470200304,-0.09972105409848263,-0.3761570275848611,1.0864132726122981,-0.4501463163628999,-0.6122867526780901,-0.13448561582809335,0.0618290879173976,1.08623275482531
1731068705.46,-0.482115029746528,-0.18864585830919128,-0.10539889631426844,1.8409829385138847,1.101031120657257,0.6428705055521089,-1.303799661257104,-0.18097790867321242,-0.2813010729196113,1.0917714995952061,-0.37451332194942155,-0.4193003393007595,-0.09972105409848263,-0.2943645764052809,1.0860654089970543,-0.4501463163628999,-0.3612966149862518,-0.13448561582809335,-0.06323233874322513,1.0858856528784184
1731068705.96,-2.167160827759946,-0.33253061681762264,4.74557083286513,2.4226651109644877,1.1004187865621293,-0.4222467253601425,-0.835920644769535,-0.18097790867321242,-0.35183821419710587,1.082759924131847,1.1939154669399505,-1.1363766692019803,-0.09972105409848263,-0.16686457897828838,1.0857175457919261,-0.4501463163628999,-0.30298577491643075,-0.13448561582809335,-0.19378426706211913,1.0855385510995441
1731068706.46,1.4837717346024528,-0.41935762626236556,-0.10539889631426844,1.1780363449120952,1.0998065299495565,0.6428705055521089,-0.5957427496392498,-0.18097790867321242,-0.38542732909115085,1.0838145722445114,-0.15045206639380151,-1.1471435810623594,-0.09972105409848263,-0.20776080456807844,1.0853696829969275,1.4261368036056759,-0.29538001316819323,-0.13448561582809335,-0.08153401093746263,1.0851914494886967
1731068706.96,-0.482115029746528,-0.24074206397603712,-0.10539889631426844,-0.20773588945551738,1.0991943508266493,-0.4222467253601425,0.29634657513038154,-0.18097790867321242,1.5257933083800113,1.0818893293804068,-0.37451332194942155,-1.196671375620101,-0.09972105409848263,-0.18370420127996662,1.0850218206120312,-0.4501463163628999,-0.3536908532380143,-0.13448561582809335,-0.21208593925635663,1.0848443480458865
1731068707.46,-0.482115029746528,-0.4044729960718382,-0.10539889631426844,-0.28130157597132893,1.098582249200511,0.6428705055521089,-0.6643650053907599,-0.18097790867321242,-0.1939693741950942,1.0867208244567974,-0.37451332194942155,-0.9877932855287545,-0.09972105409848263,-0.25827967147311326,1.084673958637311,-0.4501463163628999,-0.5565111665243482,-0.13448561582809335,0.28449943294728686,1.0844972467711202
1731068707.96,-0.482115029746528,-0.41935762626236556,-0.10539889631426844,-0.1478568422914848,1.0979702250782746,-0.4222467253601425,-1.1790319235270854,-0.18097790867321242,-0.1939693741950942,1.0947110389970653,1.1939154669399505,-1.1406834339461318,-0.09972105409848263,-0.17408155996472188,1.0843260970727202,-0.4501463163628999,-0.22692815743405548,-0.13448561582809335,-0.1687719817299946,1.0841501456644145
1731068708.46,1.4837717346024528,0.2330853304224173,-0.10539889631426844,-0.2688980590587793,1.097358278467051,0.6428705055521089,-0.48657097912548364,-0.18097790867321242,-0.3887862405805554,1.0884416811173692,-0.37451332194942155,-1.0480879919468753,-0.09972105409848263,-0.12837401371730947,1.0839782359183052,1.4261368036056759,-0.22946341135013465,-0.13448561582809335,-0.14864014231633335,1.0838030447257896
1731068708.96,-0.482115029746528,-0.1340688809439245,-0.10539889631426844,-0.16496514148120842,1.0967464093739436,-0.4222467253601425,-0.9232580611805479,-0.18097790867321242,-0.20068719717390318,1.0840118203979927,-0.37451332194942155,-1.0287075505981935,-0.09972105409848263,-0.24144004917143494,1.083630375174073,-0.4501463163628999,-0.2750979818395598,-0.13448561582809335,-0.10593624052977928,1.0834559439552423
1731068709.46,-0.482115029746528,-0.24570360737287958,-0.10539889631426844,-0.3236446164658948,1.0961346178060762,0.6428705055521089,0.5614780178066704,-0.18097790867321242,0.007565315169175875,1.092097173633004,-0.37451332194942155,-1.033014315342345,-0.09972105409848263,0.05205051094352908,1.083282514840017,-0.18210587065310885,-0.36636712281841016,-0.13448561582809335,-0.17639767847759355,1.083108843352786
1731068709.96,1.4837717346024528,0.13385446248556837,-0.10539889631426844,-0.01954459836855771,1.0955229037705434,-0.599766263845522,0.43359108663340185,-0.18097790867321242,-0.2678654269619933,1.089806035212446,1.1939154669399505,-0.5571168111136069,-0.09972105409848263,-0.1235626930596871,1.0829346549161971,-0.4501463163628999,-0.16101155561599687,-0.13448561582809335,-0.05713178134514597,1.0827617429184306
1731068710.46,-0.482115029746528,-0.010030296022862976,-0.10539889631426844,-0.24238019531470772,1.0949112672744823,0.6428705055521089,-0.3836375954982184,-0.18097790867321242,-0.13350896738581322,1.0884888069961811,-0.37451332194942155,-1.0200940211098906,-0.09972105409848263,-0.30398721772052567,1.0825867954025665,1.4261368036056759,-0.14326477820344263,-0.13448561582809335,-0.1889038211436558,1.0824146426521932
1731068710.96,-0.482115029746528,0.240527645517681,-0.10539889631426844,0.45948777894370335,1.0942997083250043,-0.4222467253601425,0.15598287018411075,-0.18097790867321242,-0.2611476039831843,1.08505587134005,-0.37451332194942155,-1.0351676977144209,-0.09972105409848263,-0.1596475979918548,1.0822389362991789,-0.4501463163628999,-0.08495393813362184,-0.13448561582809335,-0.08153401093746263,1.0820675425540907
1731068711.46,-0.482115029746528,0.1834698964539927,-0.10539889631426844,-0.2162900390503792,1.093688226929208,0.6428705055521089,-0.25886985776820026,-0.18097790867321242,0.13184504027714253,1.0877489583642939,-0.37451332194942155,-0.42791386878906246,-0.09972105409848263,-0.335260801995071,1.0818910776060209,-0.18210587065310885,-0.008896320651246544,-0.13448561582809335,-0.24106358689723262,1.0817204426241158
1731068711.96,1.4837717346024528,0.3943354908197973,-0.10539889631426844,2.080499127170015,1.0930768230942176,-0.4222467253601425,-0.11538695937867904,-0.18097790867321242,-0.056254003129509664,1.0978746735639535,1.1939154669399505,-0.7810685778094837,-0.09972105409848263,-0.23181740785619023,1.0815432193231256,1.4261368036056759,0.26998161011746263,-0.13448561582809335,0.05877880921835802,1.0813733428622927
1731068712.46,-0.201274063410965,0.33479697005768777,-0.10539889631426844,0.647679070030663,1.0924654968271272,0.6428705055521089,0.14350609641110892,-0.18097790867321242,-0.37535059462293735,1.096514570287201,-0.37451332194942155,-1.000713579761209,-0.09972105409848263,1.7312014204537334,1.0811953614505068,-0.18210587065310885,-0.1331237625391262,-0.13448561582809335,-0.19652951789125475,1.0810262432686208
1731068712.96,-0.482115029746528,0.17354680966030778,-0.10539889631426844,-0.2753136712549256,1.0918542481350828,-0.4222467253601425,-0.14657889381118366,-0.18097790867321242,-0.34512039121829685,1.084280562709421,-0.37451332194942155,-0.9554925499476185,-0.09972105409848263,-0.20535514423926726,1.0808475039881573,-0.4501463163628999,-0.20411087218934287,-0.13448561582809335,0.07403020271355593,1.0806791438431276
1731068713.46,-0.482115029746528,0.35216237194663635,-0.10539889631426844,0.08310519676978394,1.0912430770251786,0.6428705055521089,-0.22143953644919473,-0.18097790867321242,-0.24771195802556628,1.074550859657738,-0.37451332194942155,-0.6992400476706055,-0.09972105409848263,-0.05379854352416285,1.0804996469361046,-0.4501463163628999,-0.2649569661752431,-0.13448561582809335,-0.1983596851106785,1.0803320445858162
1731068713.96,-0.201274063410965,0.10408520210451362,-0.10539889631426844,-0.23724770555779062,1.0906319835045346,-0.4222467253601425,0.30258496201688245,-0.18097790867321242,-0.35183821419710587,1.0770143287136564,1.1939154669399505,-0.860743725576286,-0.09972105409848263,-0.1379966550325542,1.080151790294348,1.4261368036056759,0.029132488089941108,-0.13448561582809335,-0.1577909784134521,1.0799849454966965
1731068714.46,1.4837717346024528,0.23556610212083853,-0.10539889631426844,-0.12219439350689935,1.090020967580258,0.6428705055521089,0.096718194762352,-0.18097790867321242,-0.2745832499408023,1.0896866636815452,-0.37451332194942155,-0.08983283637317147,-0.09972105409848263,-0.05379854352416285,1.0798039340629144,-0.4501463163628999,0.2167412778797999,-0.13448561582809335,1.117225517785092,1.079637846575779
1731068714.96,-0.482115029746528,-0.2630690092618282,-0.10539889631426844,-0.139302692696623,1.0894100292594555,-0.4222467253601425,0.9389004244399759,-0.18097790867321242,-0.24099413504675726,1.09034686521056,-1.7188808552831736,-0.4623679867422743,3.573059006625274,0.42252220158045084,1.0794560782418174,-0.4501463163628999,-0.22692815743405548,-0.13448561582809335,-0.24960436725454346,1.0792907478230735
1731068715.46,-0.482115029746528,0.21820070023188992,-0.10539889631426844,-0.2556391271867435,1.0887991685492604,0.6428705055521089,0.4772597948389083,-0.18097790867321242,-0.36191494866531937,1.0893010365725426,-1.7188808552831736,-0.6109513704155004,3.573059006625274,-0.16445891864947715,1.079108222831057,-0.18210587065310885,-0.27002747400740146,-0.13448561582809335,0.6901864999195508,1.0789436492385935
1731068715.96,1.4837717346024528,0.05943131153293147,-0.10539889631426844,-0.1478568422914848,1.0881883854567713,-0.4222467253601425,1.3849450868247917,-0.18097790867321242,-0.2712243384513978,1.0725440393897872,1.1939154669399505,-0.5075890165558649,-0.09972105409848263,0.22044673396031178,1.0787603678306463,1.4261368036056759,0.08744332815976218,-0.13448561582809335,-0.18768370966403997,1.0785965508223525
1731068716.46,-0.482115029746528,0.2802199926924207,-0.10539889631426844,-0.30268694995848344,1.087577679989108,-0.4222467253601425,0.16534045051386215,-0.18097790867321242,3.5478580250015224,1.0843955313438987,-0.37451332194942155,-0.22118916106979164,-0.09972105409848263,-0.1812985409511555,1.0784125132406055,-2.0583889906216846,-0.10270071554617609,4.471324869238586,-0.023578715655710628,1.0782494525743607
1731068716.96,-0.482115029746528,0.4737201851692764,-0.10539889631426844,0.45521070414627235,1.0869670521533776,0.6428705055521089,-0.2994193725304563,-0.18097790867321242,-0.21748175462092578,1.0923888596284554,-0.37451332194942155,-0.473134898602653,-0.09972105409848263,0.9902580391798896,1.078064659060941,-0.4501463163628999,0.14575416822958323,-0.13448561582809335,-0.19195409984269537,1.0779023544946278
1731068717.46,-0.482115029746528,0.10408520210451362,-0.10539889631426844,-0.28900031060670456,1.0863565019566916,0.6428705055521089,0.04057271278384368,-0.18097790867321242,-0.22084066611033024,1.0800944600316629,-0.15045206639380151,-0.531276222648698,-0.09972105409848263,-0.1379966550325542,1.077716805291687,-0.4501463163628999,0.03420299592209946,-0.13448561582809335,-0.21208593925635663,1.0775552565831543
1731068717.96,-0.482115029746528,0.4092201210103247,4.593978028828273,-0.19490466506322465,1.0857460294061743,-0.4222467253601425,-0.05612228395692028,-0.18097790867321242,-0.32832583377127433,1.072084084277293,-0.37451332194942155,-0.9404188733430884,-0.09972105409848263,-0.29195891607646973,1.0773689519328293,1.4261368036056759,0.03927350375425782,-0.13448561582809335,0.04047713702412053,1.0772081588399702
1731068718.46,-0.482115029746528,0.33479697005768777,-0.10539889631426844,-0.3061086097964281,1.085135634508933,0.6428705055521089,0.09983738820560245,-0.18097790867321242,-0.015947065256655592,1.0920733265072662,1.1939154669399505,-0.7724550483211807,-0.09972105409848263,-0.3208268400222039,1.077021098984375,-0.4501463163628999,0.04434401158641617,-0.13448561582809335,-0.19957979659029434,1.0768610612650755
1731068718.96,-0.482115029746528,0.3794508606292699,-0.10539889631426844,-0.11364024391203754,1.0845253172720786,-0.4222467253601425,0.4772597948389083,-0.18097790867321242,-0.2241995775997348,1.084359019724924,-0.37451332194942155,-0.8284429899951499,-0.09972105409848263,-0.19573250292402253,1.076673246446364,-2.0583889906216846,0.32322194235512536,4.471324869238586,-0.07238317484034387,1.0765139638584906
1731068719.46,-0.482115029746528,0.8532782550277244,-0.10539889631426844,-0.2855786507687598,1.083915077702727,0.6428705055521089,0.6924841424231898,-0.18097790867321242,-0.4324520899428139,1.077002329011469,-0.37451332194942155,-0.8370565194834528,-0.09972105409848263,-0.20294948391045609,1.0763253943187898,-2.0583889906216846,0.47787243123595513,4.471324869238586,-0.09373512573362094,1.0761668666202084
1731068719.96,1.4837717346024528,0.208277613438205,-0.10539889631426844,-0.16496514148120842,1.0833049158079815,-0.4222467253601425,1.428613795030298,-0.18097790867321242,-0.06633073759772311,1.0676774694195965,1.1939154669399505,-0.6260250470200304,-0.09972105409848263,-0.041770241880106994,1.0759775426016858,-0.4501463163628999,0.14828942214566243,-0.13448561582809335,-0.20842560481750913,1.075819769550253
1731068720.46,-0.482115029746528,0.49604713045506743,-0.10539889631426844,-0.2753136712549256,1.08269483159497,0.8203900440374883,1.3880642802680416,-0.18097790867321242,-0.33504365675008335,1.0770125977103884,-0.37451332194942155,-0.09629298348939869,-0.09972105409848263,-0.27030797311716914,1.0756296912950318,-0.4501463163628999,0.913936104801573,4.327393291580252,-0.029679273053789795,1.0754726726486339
1731068720.96,-0.482115029746528,0.44891246818506436,-0.10539889631426844,-0.07086949593772848,1.082084825070796,-0.599766263845522,-0.22767792333569567,-0.18097790867321242,1.1798254249713473,1.083952900978799,-0.37451332194942155,-0.5506566639973797,-0.09972105409848263,-0.06342118483940759,1.0752818403988613,-0.4501463163628999,-0.21678714176973876,-0.13448561582809335,-0.22154180322337932,1.0751255759153682
1731068721.46,-0.482115029746528,0.8259897663450908,-0.10539889631426844,-0.1478568422914848,1.0814748962425789,0.6428705055521089,0.006261584908088952,-0.18097790867321242,-0.18725155121628517,1.0679186920258763,-0.37451332194942155,-0.20180871972110997,-0.09972105409848263,0.44176748421094025,1.0749339899131878,-0.18210587065310885,-0.5920047213494567,-0.13448561582809335,-0.07848373223842303,1.074778479350456
1731068721.96,1.4837717346024528,1.1286439135524806,-0.10539889631426844,2.5509773548874146,1.0808650451174262,-0.4222467253601425,-0.23079711677894613,-0.18097790867321242,-0.39214515206995987,1.0724572163329789,1.1939154669399505,-0.5721904877181371,-0.09972105409848263,-0.2630909921307356,1.0745861398380112,-0.4501463163628999,-0.7339789406498904,-0.13448561582809335,0.06487936661643719,1.0744313829539105
1731068722.46,-0.482115029746528,0.6647396059477111,-0.10539889631426844,-0.1521339170889157,1.0802552717024447,0.6428705055521089,0.2901081882438806,-0.18097790867321242,-0.2241995775997348,1.0833493417710605,-0.15045206639380151,-0.4516010748818956,-0.09972105409848263,-0.12115703273087597,1.0742382901733716,1.4261368036056759,-0.7213026710694945,-0.13448561582809335,-0.12118763402497719,1.0740842867257452
1731068722.96,-0.201274063410965,-0.019953382816547897,-0.10539889631426844,-0.2740305488156964,1.079645576004759,-0.4222467253601425,0.14350609641110892,-0.18097790867321242,-0.34176147972889237,1.0761217481890468,-0.37451332194942155,-0.44944769250981986,-0.09972105409848263,-0.17167589963591076,1.073890440919242,-0.4501463163628999,-0.7796135111393155,-0.13448561582809335,-0.041880387849948124,1.0737371906659705
1731068723.46,-0.482115029746528,-0.4739346036276326,-0.10539889631426844,0.1301530195415239,1.0790359580314848,0.6428705055521089,-0.08419502494617444,-0.18097790867321242,-0.3081723648348473,1.0753688758841957,-0.37451332194942155,-0.4516010748818956,-0.09972105409848263,-0.17167589963591076,1.0735425920756696,-0.18210587065310885,0.12547213690094983,-0.13448561582809335,0.10453298970395168,1.073390094774603
1731068723.96,1.4837717346024528,-0.5607616130723755,-0.10539889631426844,-0.2641932767816053,1.0784264177897205,-0.4222467253601425,0.08424142098935014,-0.18097790867321242,0.20574109304404165,1.0758761700949258,1.1939154669399505,-0.3977665155800021,-0.09972105409848263,-0.15724193766304367,1.073194743642641,-0.4501463163628999,-0.5691874361047441,-0.13448561582809335,-0.12118763402497719,1.073042999051646
1731068724.46,-0.482115029746528,-0.7145694583744917,-0.10539889631426844,-0.10508609431717574,1.0778169552865904,0.6428705055521089,0.3462536702223889,-0.18097790867321242,-0.3551971256865104,1.070531767705376,-0.37451332194942155,-0.32670489730150293,-0.09972105409848263,-0.2751192937747915,1.0728468956201893,1.4261368036056759,-0.8784884138664033,-0.13448561582809335,-0.12423791272401677,1.0726959034971095
1731068724.96,-0.482115029746528,-0.3226075300239377,-0.10539889631426844,-0.29113884800542,1.0772075705291886,-0.4222467253601425,0.03433432589734276,-0.18097790867321242,-0.23091740057854382,1.0688226771443572,-0.37451332194942155,-0.3245515149294272,-0.09972105409848263,-0.2871475954188474,1.072499048008315,-0.4501463163628999,-0.4348189785525478,-0.13448561582809335,-0.18859879327375184,1.0723488081110073
1731068725.46,-0.482115029746528,-0.3722229639923623,-0.10539889631426844,-0.19918173986065557,1.0765982635246525,0.6428705055521089,-0.7142721004827673,-0.18097790867321242,0.6927832590076944,1.0720202487409054,-0.37451332194942155,-0.2664101908833822,-0.09972105409848263,-0.09228910878514178,1.0721512008070309,-0.4501463163628999,-0.7086264014890986,-0.13448561582809335,-0.20232504741942997,1.0720017128933528
1731068725.96,1.4837717346024528,-0.41191531116710184,-0.10539889631426844,-0.2898557255661907,1.0759890342800804,-0.4222467253601425,-1.419209818657371,-0.18097790867321242,-0.2678654269619933,1.061606183608949,1.1939154669399505,-0.3783860742313204,-0.09972105409848263,-0.23903438884262376,1.0718033540163574,1.4261368036056759,-0.7796135111393155,-0.13448561582809335,-0.20842560481750913,1.0716546178441626
1731068726.46,-0.482115029746528,-0.5061846357071086,-0.10539889631426844,0.04033444879547497,1.0753798828025882,0.6428705055521089,-1.1353632153215794,-0.18097790867321242,-0.1200733214281952,1.0749327241681739,-0.37451332194942155,-0.38484622134754765,-0.09972105409848263,-0.33285514166625985,1.0714555076362944,-0.4501463163628999,-0.7060911475730195,-0.13448561582809335,-0.13643902752017503,1.0713075229634368
1731068726.96,-0.482115029746528,0.06687362662819517,-0.10539889631426844,-0.29199426296490616,1.0747708090992873,-0.4222467253601425,-1.2975612743706029,-0.18097790867321242,-0.2745832499408023,1.081420534129495,-0.37451332194942155,-1.1665240224110407,-0.09972105409848263,-0.15724193766304367,1.071107661666862,-0.4501463163628999,-0.18382884086070947,-0.13448561582809335,-0.1940892949320231,1.0709604282511853
1731068727.46,-0.482115029746528,-0.48385769042131754,-0.10539889631426844,-0.09653194472231393,1.0741618131772848,0.6428705055521089,-0.8608741923155386,-0.18097790867321242,-0.4122986210063869,1.086644022802594,-0.37451332194942155,-1.2268187288291614,-0.09972105409848263,-0.17889288062234426,1.0707598161080867,-0.18210587065310885,-0.5742579439369024,-0.13448561582809335,-0.10593624052977928,1.0706133337074253
1731068727.96,1.4837717346024528,-0.35981910550025614,-0.10539889631426844,-0.23297063076035973,1.073552895043705,-1.664883494757786,-0.20272437578969196,1.7125343850160237,-0.24771195802556628,1.0677028126327384,1.1939154669399505,-0.5054356341837891,-0.09972105409848263,-0.10672307075800888,1.0704119709599489,-0.4501463163628999,-0.3105915366646683,-0.13448561582809335,-0.20476527037866163,1.07026623933217
1731068728.46,-0.482115029746528,-0.0695688167849725,-0.10539889631426844,0.0574427479851985,1.072944054705655,0.6428705055521089,-0.9606883824995535,-0.18097790867321242,-0.28465998440901585,1.0727492003715937,-0.37451332194942155,-1.213898434596707,-0.09972105409848263,-0.2366287285138126,1.0700641262224884,1.4261368036056759,-0.23706917309837217,-0.13448561582809335,-0.1425395849182542,1.0699191451254264
1731068728.96,-2.167160827759946,-0.29283826964288295,4.74557083286513,-0.07086949593772848,1.0723352921702418,-0.4222467253601425,-0.29318098564395534,-0.18097790867321242,-0.36191494866531937,1.0776979543165361,-0.37451332194942155,-0.8133693133906198,-0.09972105409848263,-0.15483627733423241,1.069716281895712,-2.0583889906216846,-0.553975912608269,4.471324869238586,-0.1577909784134521,1.0695720510872075
1731068729.46,-0.482115029746528,-0.06460727338813003,-0.10539889631426844,-0.20773588945551738,1.0717266074445855,0.8203900440374883,-1.2694885333813488,-0.18097790867321242,0.14528068623476054,1.070925773351599,-0.15045206639380151,-0.9964068150170574,-0.09972105409848263,-0.10912873108682,1.069368437979613,-0.4501463163628999,-0.5032708342866856,-0.13448561582809335,-0.15169042101537294,1.0692249572175239
1731068729.96,1.4837717346024528,-0.28291518284919803,-0.10539889631426844,0.006117850416027726,1.0711180005357845,-0.4222467253601425,-0.9045429005210451,-0.18097790867321242,-0.22084066611033024,1.0687894304716685,1.1939154669399505,-0.8176760781347713,-0.09972105409848263,-0.35210042429674926,1.0690205944742446,1.4261368036056759,-0.4474952481329437,-0.13448561582809335,-0.22855744423117033,1.0688778635163751
1731068730.46,-0.482115029746528,-0.22585743378550974,-0.10539889631426844,-0.17351929107607014,1.0705094714509675,0.8203900440374883,-0.22767792333569567,-0.18097790867321242,-0.2745832499408023,1.0622153933472713,-1.7188808552831736,-0.7186204890192872,-0.09972105409848263,0.09535239686213037,1.0686727513795804,-0.4501463163628999,-0.35876136107017265,-0.13448561582809335,-0.08763456833554178,1.0685307699837951
1731068730.96,-0.201274063410965,-0.1415111960391882,-0.10539889631426844,-0.286434065728246,1.0699010201972419,-0.599766263845522,-0.6238154906285039,-0.18097790867321242,-0.3551971256865104,1.0726813062447014,-0.37451332194942155,-1.1837510813876466,3.4582846297276566,1.2813429389660427,1.0683249086956406,-0.18210587065310885,-0.4348189785525478,-0.13448561582809335,0.3729575152194347,1.0681836766197772
1731068731.46,-0.482115029746528,-0.10181884886444849,-0.10539889631426844,1.041169951394306,1.0692926467817185,0.6428705055521089,-0.3274921135197104,-0.18097790867321242,-0.21412284313152122,1.0700776265547385,-0.37451332194942155,-1.0545481390631024,-0.09972105409848263,-0.30639287804933685,1.0679770664224513,-0.4501463163628999,-0.30298577491643075,-0.13448561582809335,-0.1394893062192146,1.0678365834243446
1731068731.96,1.4837717346024528,0.14625832097767452,-0.10539889631426844,-0.1564109918863466,1.0686843512115047,-0.4222467253601425,-0.1996051823464415,-0.18097790867321242,-0.15366243632224025,1.0663839241536546,1.1939154669399505,-0.7250806361355144,-0.09972105409848263,-0.17648722029353311,1.0676292245600132,-0.4501463163628999,0.22434703962803745,-0.13448561582809335,-0.18036304078634502,1.0674894903974976
1731068732.46,-0.482115029746528,-0.11422270735655464,-0.10539889631426844,-0.11364024391203754,1.068076133493712,0.6428705055521089,0.7174376899691935,-0.18097790867321242,-0.4223753554746004,1.0686218908380005,-0.37451332194942155,-0.9124249025061038,-0.09972105409848263,-0.26068533180192444,1.0672813831083658,1.4261368036056759,-0.30298577491643075,-0.13448561582809335,-0.24594403281569596,1.0671423975392462
1731068732.96,-0.482115029746528,0.04950822473924655,-0.10539889631426844,-0.3129519294723176,1.0674679936354647,-0.4222467253601425,0.349372863665639,-0.18097790867321242,0.0210009611267939,1.0648858697597097,-0.37451332194942155,-0.414993574556608,-0.09972105409848263,-0.2967702367340921,1.0669335420674695,-0.4501463163628999,-0.24974544267876805,-0.13448561582809335,-0.15169042101537294,1.0667953048496106
1731068733.46,-0.482115029746528,0.2827007643908419,-0.10539889631426844,-0.0879777951274521,1.0668599316438612,-1.664883494757786,-0.5052861397849864,1.7125343850160237,-0.35183821419710587,1.0769539257760714,-0.37451332194942155,-1.0050203445053605,-0.09972105409848263,-0.11875137240206474,1.0665857014373776,-0.4501463163628999,0.03420299592209946,-0.13448561582809335,-0.14864014231633335,1.0664482123286043
1731068733.96,-0.201274063410965,0.1437775492792533,-0.10539889631426844,-0.24622956263239554,1.0662519475260215,0.6428705055521089,-0.3056577594169572,-0.18097790867321242,-0.4492466473898365,1.064579184834479,1.1939154669399505,-0.8844309316691191,-0.09972105409848263,-0.2775249541036027,1.0662378612180967,-0.4501463163628999,-0.6325687840067235,-0.13448561582809335,-0.11203679792785844,1.0661011199762271
1731068734.46,1.4837717346024528,0.18098912475557147,-0.10539889631426844,-0.3069640247559143,1.0656440412890613,0.6428705055521089,-0.5926235561959994,-0.18097790867321242,0.081461367936075,1.0721637467862084,-0.15045206639380151,-0.9145782848781795,-0.09972105409848263,-0.30398721772052567,1.06589002140962,1.4261368036056759,-0.6300335300906443,-0.13448561582809335,-0.07543345353938345,1.0657540277924928
1731068734.96,-0.482115029746528,0.2975853945813693,-0.10539889631426844,-0.17351929107607014,1.0650362129400663,-0.4222467253601425,-0.09043341183267535,-0.18097790867321242,1.9926820054072372,1.079055802940861,-0.37451332194942155,-0.6410987236245606,-0.09972105409848263,-0.20776080456807844,1.0655421820120015,-0.4501463163628999,-0.5336938812796357,-0.13448561582809335,-0.1889038211436558,1.0654069357774112
1731068735.46,-0.482115029746528,-0.07701113188023619,-0.10539889631426844,-0.2594884945044313,1.064428462486178,0.6428705055521089,0.15910206362736123,-0.18097790867321242,-0.4122986210063869,1.0559376023956972,-0.37451332194942155,-0.7982956367860896,-0.09972105409848263,0.5235599353905206,1.0651943430252004,-2.0583889906216846,-0.45510100988118124,4.471324869238586,-0.21422113434568432,1.0650598439310026
1731068735.96,-0.201274063410965,-0.14647273943603065,-0.10539889631426844,-0.25221746734879874,1.0638207899345031,-0.4222467253601425,0.5334052768174166,-0.18097790867321242,-0.2611476039831843,1.06805868645664,1.1939154669399505,-0.6023378409271974,-0.09972105409848263,-0.21738344588332317,1.0648465044492772,1.4261368036056759,-0.4931298186223689,-0.13448561582809335,-0.09373512573362094,1.0647127522532738
1731068736.46,1.4837717346024528,-0.22089589038866728,-0.10539889631426844,1.9308015092599338,1.063213195292145,-1.4873639562724066,0.4990941489416612,3.6060466787052596,-0.3048134533454428,1.0762817434136562,-0.37451332194942155,-0.31163122069697274,-0.09972105409848263,-0.2630909921307356,1.0644986662841986,-0.4501463163628999,-0.5159471038670815,-0.13448561582809335,-0.17914292930672918,1.0643656607442347
1731068736.96,-0.482115029746528,0.6572972908524474,-0.10539889631426844,-0.23767541303753373,1.062605678566215,-0.4222467253601425,1.0823833228294972,-0.18097790867321242,-0.22755848908913923,1.063969815787741,-0.37451332194942155,-0.5075890165558649,-0.09972105409848263,-0.21978910621213435,1.0641508285300112,-0.4501463163628999,0.3029399110264919,-0.13448561582809335,1.827940454661314,1.0640185694038955
1731068737.46,-0.482115029746528,0.27773922099399945,-0.10539889631426844,-0.1478568422914848,1.0619982397638197,0.46535096706674206,1.023118647407738,-0.18097790867321242,-0.28465998440901585,1.066429059043402,-0.15045206639380151,0.09535804762534197,-0.09972105409848263,-0.1235626930596871,1.063802991186722,-0.18210587065310885,0.2801226257817793,-0.13448561582809335,-0.1910390162329835,1.0636714782322596
1731068737.96,1.4837717346024528,-0.06708804508655127,-0.10539889631426844,-0.2731751338562102,1.0613908788920838,-0.4222467253601425,0.07488384065959876,-0.18097790867321242,-0.27794216143020684,1.061788336596098,1.1939154669399505,-0.22549592581394312,-0.09972105409848263,-0.335260801995071,1.0634551542543438,1.4261368036056759,-0.3790433923988059,-0.13448561582809335,-0.23740325245838512,1.0633243872293539
1731068738.46,-0.482115029746528,0.2256430153271536,-0.10539889631426844,-0.07514657073515939,1.0607835959581189,0.6428705055521089,-0.43354469059022577,-0.18097790867321242,-0.14022679036462224,1.0680158084075337,-0.37451332194942155,-0.5528100463694554,-0.09972105409848263,-0.08747778812751941,1.063107317732877,-0.4501463163628999,-0.22692815743405548,-0.13448561582809335,0.5346222862685324,1.0629772963951851
1731068738.96,-0.482115029746528,0.7590089304877179,-0.10539889631426844,-0.3069640247559143,1.0601763909690232,-0.4222467253601425,-0.3929951758279698,-0.18097790867321242,-0.35183821419710587,1.0715787800346912,-0.37451332194942155,-0.5334296050207737,-0.09972105409848263,-0.012902317934372798,1.062759481622335,-0.4501463163628999,0.7744971394172185,-0.13448561582809335,0.41566141700598885,1.0626302057297565
1731068739.46,-0.482115029746528,0.34223928515295143,-0.10539889631426844,-0.17351929107607014,1.0595692639319207,0.6428705055521089,0.043691906227094145,-0.18097790867321242,1.5896126266786965,1.071693534182065,-0.37451332194942155,-0.5872641643226673,-0.09972105409848263,-0.26790231278835797,1.0624116459227442,-0.18210587065310885,0.4702666694877176,-0.13448561582809335,0.7938959756868968,1.0622831152330852
1731068739.96,1.4837717346024528,0.17106603796188655,-0.10539889631426844,-0.31380734443180375,1.0589622148539106,-0.599766263845522,0.0717646472163483,-0.18097790867321242,-0.16709808227985812,1.0605339278805492,1.1939154669399505,-0.6561724002290907,-0.09972105409848263,-0.16686457897828838,1.0620638106341183,1.4261368036056759,0.10519010557231641,-0.13448561582809335,-0.1425395849182542,1.0619360249051741
1731068740.46,-0.482115029746528,0.14873909267609575,-0.10539889631426844,-0.023821673165988613,1.0583552437421166,0.6428705055521089,0.598908339125676,-0.18097790867321242,-0.2645065154725888,1.0649046425569573,-0.37451332194942155,-0.5721904877181371,-0.09972105409848263,1.4184655777082797,1.0617159757564505,-0.4501463163628999,0.1609656917260583,-0.13448561582809335,-0.20446024250875766,1.0615889347460472
1731068740.96,-0.482115029746528,0.19587375494609885,-0.10539889631426844,0.5065356017154432,1.057748350603642,-0.4222467253601425,0.3712072177683926,-0.18097790867321242,-0.056254003129509664,1.0659790979283215,-0.37451332194942155,-0.8951978435294978,-0.09972105409848263,-0.28955325574765856,1.0613681412897609,-0.4501463163628999,0.11026061340447477,-0.13448561582809335,-0.19378426706211913,1.061241844755711
1731068741.46,-0.201274063410965,0.23804687381925976,-0.10539889631426844,0.9128577074713791,1.0571415354456022,0.6428705055521089,1.0355954211807399,-0.18097790867321242,-0.3551971256865104,1.063001454381656,-0.37451332194942155,-0.7401543127400446,-0.09972105409848263,0.05445617127234022,1.061020307234076,-0.18210587065310885,0.4829429390681135,-0.13448561582809335,-0.16694181451057086,1.0608947549341723
1731068741.96,1.4837717346024528,0.37697008893084866,-0.10539889631426844,-0.2727474263764671,1.056534798275104,-0.4222467253601425,0.7267952702989445,-0.18097790867321242,-0.38206841760174637,1.0713713401300062,1.1939154669399505,-0.6949332829264541,-0.09972105409848263,-0.22941174752737903,1.0606724735893895,-0.4501463163628999,-0.11537698512657196,-0.13448561582809335,-0.21727141304472392,1.0605476652814478
1731068742.46,-0.482115029746528,0.5481433361219132,-0.10539889631426844,-0.18635051546836284,1.055928139099251,0.6428705055521089,-0.4491406578064781,-0.18097790867321242,-0.12343223291759962,1.0702644929035876,-0.37451332194942155,-0.5571168111136069,-0.09972105409848263,-0.2510626904866797,1.0603246403557345,-0.4501463163628999,-0.8911646834467992,-0.13448561582809335,-0.03272955175282938,1.0602005757975377
1731068742.96,-0.482115029746528,0.6076818568840228,-0.10539889631426844,-0.28771718816747527,1.0553215579251753,-0.4222467253601425,-0.6019811365257507,-0.18097790867321242,-0.44588773590043196,1.0632108338287005,-0.37451332194942155,-0.6863197534381511,-0.09972105409848263,-0.15002495667661006,1.0599768075331046,1.4261368036056759,-0.9139819686915118,-0.13448561582809335,-0.22276191470299517,1.0598534864824654
1731068743.46,-0.482115029746528,0.6151241719792865,-0.10539889631426844,-0.11791731870946845,1.0547150547599715,0.6428705055521089,-0.34932646762246367,-0.18097790867321242,-0.4492466473898365,1.071621027519794,-0.37451332194942155,-0.6475588707407878,-0.09972105409848263,-0.3015815573917145,1.0596289751215062,-0.4501463163628999,-0.8506006207895326,-0.13448561582809335,-0.09678540443266052,1.0595063973362409
1731068743.96,-0.201274063410965,0.20579684173978377,-0.10539889631426844,-0.35529496996688353,1.0541086296107598,-0.4222467253601425,-0.2557506643249498,-0.18097790867321242,-0.10663767547057718,1.0551471524548954,1.1939154669399505,-0.11782680721015609,-0.09972105409848263,-0.2751192937747915,1.0592811431209863,1.4261368036056759,-0.4576362637972604,-0.13448561582809335,-0.19164907197279143,1.0591593083588713
1731068744.46,-0.482115029746528,-0.4267999413576292,-0.10539889631426844,-0.22398877368575482,1.0535022824846425,0.6428705055521089,-0.059241477400170744,-0.18097790867321242,-0.3115312763242518,1.059997810173568,-0.37451332194942155,-0.3977665155800021,-0.09972105409848263,-0.1812985409511555,1.058933311531518,-2.0583889906216846,-0.5058060882027647,-0.13448561582809335,0.979962976328311,1.0588122195503662
1731068744.96,1.4837717346024528,-0.7195310017713341,-0.10539889631426844,-0.092254869924883,1.0528960133887268,-0.4222467253601425,0.07488384065959876,-0.18097790867321242,-0.33504365675008335,1.0638259547597437,-0.37451332194942155,-0.48605519283510745,-0.09972105409848263,1.2404467133762522,1.0585854803531551,-0.4501463163628999,-0.7314436867338112,4.327393291580252,-0.17151723255913023,1.0584651309107327
1731068745.46,-0.482115029746528,2.7138570288436457,-0.10539889631426844,-0.2710365964574947,1.0522898223301416,0.6428705055521089,0.03433432589734276,-0.18097790867321242,-0.4055807980275779,1.0551930372730542,-0.37451332194942155,2.5114530690943204,-0.09972105409848263,-0.18610986160877785,1.058237649585857,-0.18210587065310885,3.6469398263349238,-0.13448561582809335,-0.21544124582530016,1.0581180424399943
1731068745.96,-0.201274063410965,0.17850835305715024,-0.10539889631426844,0.006117850416027726,1.0516837093159808,-0.4222467253601425,2.978852936325776,-0.18097790867321242,-0.31824909930306083,1.0663389803353327,1.1939154669399505,0.34730378515820315,-0.09972105409848263,-0.24384570950024614,1.0578898192296842,-0.4501463163628999,0.21420602396372074,-0.13448561582809335,4.957526399875922,1.0577709541381608
1731068746.46,1.4837717346024528,-0.0695688167849725,-0.10539889631426844,-0.14357976749405388,1.0510776743533647,-0.599766263845522,-0.9856419300455571,-0.18097790867321242,-0.05289509164010508,1.0581577079581026,-1.7188808552831736,0.5152676101801109,3.573059006625274,-0.1981381632528337,1.0575419892846232,1.4261368036056759,-0.25988645834308477,-0.13448561582809335,-0.2072054933378933,1.0574238660052326
1731068746.96,-0.201274063410965,-0.09685730546760603,-0.10539889631426844,0.08310519676978394,1.0504717174494,0.6428705055521089,-0.6643650053907599,-0.18097790867321242,-0.3484793027077014,1.0561234715723902,-0.37451332194942155,0.11473848897402364,-0.09972105409848263,-0.1596475979918548,1.0571941597506942,-0.4501463163628999,-0.6046809909298525,-0.13448561582809335,-0.19805465724077456,1.0570767780412231
1731068747.46,-0.482115029746528,-0.5533192979771119,-0.10539889631426844,0.16009254312354015,1.0498658386111854,0.6428705055521089,-1.3880178842248663,-0.18097790867321242,-0.34512039121829685,1.0651212093910838,-0.37451332194942155,-0.6281784293921061,-0.09972105409848263,-0.2871475954188474,1.0568463306279303,-0.18210587065310885,-0.7517257180624446,-0.13448561582809335,-0.1702971210795144,1.0567296902461487
1731068747.96,1.4837717346024528,-0.6302232206281699,-0.10539889631426844,-0.2834401133700444,1.049260037845854,-0.4222467253601425,-0.9482116087265516,-0.18097790867321242,0.32330299517319927,1.0701202006027575,-0.15045206639380151,-1.099769168876693,-0.09972105409848263,-0.046581562537729354,1.0564985019162985,-0.4501463163628999,-0.8125718120483448,-0.13448561582809335,-0.22611722127193867,1.05638260262002
1731068748.46,-0.482115029746528,0.12145060399346223,-0.10539889631426844,0.9128577074713791,1.0486543151605083,0.6428705055521089,-1.1634359563108332,-0.18097790867321242,-0.35183821419710587,1.067015379037788,1.1939154669399505,-1.017940638737815,-0.09972105409848263,-0.17889288062234426,1.0561506736158455,1.4261368036056759,0.27758737186570015,-0.13448561582809335,-0.014427879558591884,1.0560355151628502
1731068748.96,-0.482115029746528,-0.40943453946868064,-0.10539889631426844,1.9906805564239662,1.0480486705622512,-0.4222467253601425,-0.15593647414093506,-0.18097790867321242,2.1505508454092492,1.063241014260716,-0.15045206639380151,-1.2440457878057674,-0.09972105409848263,-0.2943645764052809,1.0558028457265776,-0.4501463163628999,-0.46270677162941876,-0.13448561582809335,-0.23892839180790493,1.0556884278746428
1731068749.46,-0.482115029746528,0.06439285492977394,-0.10539889631426844,0.5963541724614921,1.0474431040581984,0.6428705055521089,-0.6082195234122516,-0.18097790867321242,0.03443660708441192,1.0564112937735308,-0.37451332194942155,-1.0588549038072539,-0.09972105409848263,0.6558712534751355,1.0554550182484952,-0.4501463163628999,-0.508341342118844,-0.13448561582809335,-0.0022267647624335555,1.0553413407554144
1731068749.96,1.4837717346024528,-0.22585743378550974,-0.10539889631426844,1.319179813227315,1.0468376156554482,-0.4222467253601425,-0.7766559693477763,-0.18097790867321242,-0.3014545418560383,1.0621816714355308,1.1939154669399505,-0.7681482835770292,-0.09972105409848263,-0.2847419350900362,1.055107191181638,-0.4501463163628999,-0.15340579386775935,-0.13448561582809335,-0.23160772293020992,1.054994253805172
1731068750.46,-0.482115029746528,0.0693543983266164,-0.10539889631426844,0.3996087317796707,1.046232205361134,0.6428705055521089,-0.5489548479904929,-0.18097790867321242,-0.36191494866531937,1.0493724865398815,-0.37451332194942155,-1.1665240224110407,-0.09972105409848263,-0.2775249541036027,1.0547593645259867,1.4261368036056759,0.041808757670336996,-0.13448561582809335,-0.04798094524802728,1.0546471670239288
1731068750.96,-2.167160827759946,0.05198899643766778,4.74557083286513,0.8016537627381755,1.0456268731823493,-0.599766263845522,-0.8296822578830341,-0.18097790867321242,-0.12343223291759962,1.0569559470944014,-0.37451332194942155,-0.39991989795207783,-0.09972105409848263,-0.1596475979918548,1.054411538281574,-0.4501463163628999,-0.24974544267876805,-0.13448561582809335,-0.17304237190865002,1.054300080411702
1731068751.46,-0.482115029746528,-0.11670347905497587,-0.10539889631426844,0.0018407756185968207,1.0450216191262103,0.6428705055521089,-0.3618032413954655,-0.18097790867321242,-0.38542732909115085,1.0496100415624052,-0.37451332194942155,-0.8047557839023168,-0.09972105409848263,-0.2943645764052809,1.0540637124484,-0.18210587065310885,0.2496995787888292,-0.13448561582809335,-0.216661357304916,1.053952993968491
1731068751.96,1.4837717346024528,-0.24322283567445835,-0.10539889631426844,-0.18207344067093195,1.044416443199824,-0.4222467253601425,-0.6893185529367636,-0.18097790867321242,0.5080431270904469,1.0482456723568336,1.1939154669399505,-1.0631616685514054,-0.09972105409848263,-0.28955325574765856,1.053715887026485,-0.4501463163628999,-0.27256272792348063,-0.13448561582809335,-0.05103122394706687,1.0536059076943165
1731068752.46,-0.482115029746528,-0.25562669416656447,-0.10539889631426844,-0.07086949593772848,1.0438113454103015,0.6428705055521089,-0.658126618504259,-0.18097790867321242,-0.23427631206794824,1.062758836209125,-0.15045206639380151,-1.033014315342345,-0.09972105409848263,-0.3112041987069592,1.0533680620158492,1.4261368036056759,-0.18636409477678864,-0.13448561582809335,-0.16389153581153126,1.0532588215891818
1731068752.96,-0.482115029746528,-0.11174193565813341,-0.10539889631426844,-0.2710365964574947,1.0432063257647546,-0.4222467253601425,-0.14969808725443412,-0.18097790867321242,-0.4089397095169824,1.0586063375422052,-0.37451332194942155,-0.7509212246004233,-0.09972105409848263,-0.2654966524595468,1.053020237416492,-0.4501463163628999,-0.24721018876268888,-0.13448561582809335,-0.1547406997144125,1.0529117356531068
1731068753.46,-0.482115029746528,0.007335105866085636,-0.10539889631426844,0.09593642116207665,1.0426013842702904,0.6428705055521089,-0.21520114956269382,-0.18097790867321242,1.1462363100773025,1.056966224019771,-0.37451332194942155,-0.8004490191581654,-0.09972105409848263,-0.17648722029353311,1.0526724132284206,-0.18210587065310885,-0.0900244459657802,-0.13448561582809335,1.516812027359277,1.0525646498860952
1731068753.96,-0.482115029746528,0.06687362662819517,-0.10539889631426844,0.6647873692203866,1.0419965209340198,-0.4222467253601425,-0.14657889381118366,-0.18097790867321242,-0.37870950611234183,1.0449699334182405,1.1939154669399505,-1.1320699044578288,-0.09972105409848263,-0.22700608719856785,1.0523245894516684,1.4261368036056759,-0.1331237625391262,-0.13448561582809335,0.11673410450011001,1.052217564288167
1731068754.46,1.4837717346024528,0.22068147193031115,-0.10539889631426844,0.2028632910978492,1.0413917357630502,0.6428705055521089,0.8484438145857128,-0.18097790867321242,-0.39214515206995987,1.0458338105881149,-0.37451332194942155,-0.9339587262268612,-0.09972105409848263,-0.14040231536136533,1.051976766086235,-0.4501463163628999,-0.08241868421754267,-0.13448561582809335,-0.16694181451057086,1.051870478859322
1731068754.96,-0.482115029746528,0.13881600588241083,-0.10539889631426844,-0.10508609431717574,1.0407870287644887,-0.4222467253601425,-0.6487690381745076,-0.18097790867321242,-0.2544297810043753,1.0552619613773782,-0.37451332194942155,-0.8219828428789226,-0.09972105409848263,-0.1812985409511555,1.0516289431321408,-0.4501463163628999,-0.29284475925211406,-0.13448561582809335,-0.2187965523942437,1.051523393599571
1731068755.46,-0.482115029746528,0.36456623043874253,-0.10539889631426844,-0.29712675272182326,1.0401823999454554,-0.4222467253601425,-0.502166946341736,1.7125343850160237,-0.31824909930306083,1.0484329724691763,-0.37451332194942155,-0.4193003393007595,-0.09972105409848263,-0.16205325832066603,1.0512811205893857,-0.18210587065310885,-0.34862034540585596,-0.13448561582809335,-0.0022267647624335555,1.05117630850894
1731068755.96,-0.482115029746528,0.42658552289927326,-0.10539889631426844,-0.10936316911460664,1.039577849313053,-0.4222467253601425,-0.18089002168693874,-0.18097790867321242,-0.37870950611234183,1.058962413377094,1.1939154669399505,-0.5528100463694554,-0.09972105409848263,-0.08747778812751941,1.0509332984579831,1.4261368036056759,-0.624963022258486,-0.13448561582809335,-0.20018985233010225,1.0508292235874264
1731068756.46,1.4837717346024528,0.32735465496242405,-0.10539889631426844,-0.2684703515790362,1.0389733768744014,0.6428705055521089,0.09983738820560245,-0.18097790867321242,-0.22084066611033024,1.0531499091277472,-0.15045206639380151,-0.8262896076230741,-0.09972105409848263,-0.2967702367340921,1.050585476737953,-0.4501463163628999,-0.4677772794615771,-0.13448561582809335,-0.12423791272401677,1.0504821388350531
1731068756.96,-0.482115029746528,0.2157199285334687,-0.10539889631426844,-0.092254869924883,1.0383689826365905,-0.4222467253601425,0.3774456046548935,-0.18097790867321242,-0.3686327716441284,1.0501240065915596,-0.37451332194942155,-0.5463498992532282,-0.09972105409848263,-0.28955325574765856,1.0502376554293023,-0.4501463163628999,-0.5387643891117939,-0.13448561582809335,-0.19866471298058247,1.050135054251814
1731068757.46,-0.201274063410965,-0.005068752626020515,-0.10539889631426844,-0.28515094328901675,1.037764666606736,0.6428705055521089,0.45854463417940555,-0.18097790867321242,-0.2611476039831843,1.041476682121774,-0.37451332194942155,0.144885842183084,-0.09972105409848263,-0.09950608977157527,1.0498898345320706,-0.4501463163628999,-0.03424885981203831,-0.13448561582809335,-0.16389153581153126,1.0497879698377288
1731068757.96,1.4837717346024528,-0.23329974888077343,-0.10539889631426844,0.010394925213458632,1.0371604287919578,-1.664883494757786,0.8609205883587148,1.7125343850160237,-0.34176147972889237,1.0503318654734088,1.1939154669399505,-0.5549634287415312,-0.09972105409848263,-0.32323250035101514,1.049542014046225,1.4261368036056759,-0.19904036435718453,-0.13448561582809335,-0.18371834735528855,1.0494408855928146
1731068758.46,-0.482115029746528,-0.1812035432139276,-0.10539889631426844,-0.2847232358092736,1.036556269199359,0.6428705055521089,0.7111993030826925,-0.18097790867321242,1.650073033487978,1.0441879488250052,-0.37451332194942155,-0.5786506348343643,-0.09972105409848263,-0.21257212522570082,1.0491941939718052,-0.4501463163628999,0.03927350375425782,-0.13448561582809335,0.40041002351079086,1.0490938015170779
1731068758.96,-0.482115029746528,0.176027581358729,-0.10539889631426844,-0.28386782084978746,1.0359521878360465,-0.4222467253601425,0.42735269974690093,-0.18097790867321242,-0.09991985249176816,1.049245172699727,-0.37451332194942155,-0.5872641643226673,-0.09972105409848263,2.043937263199187,1.048846374308825,-0.4501463163628999,-0.01143157456732572,-0.13448561582809335,-0.2477742000351197,1.0487467176105325
1731068759.46,-0.482115029746528,0.64241266066192,-0.10539889631426844,0.1943091415029874,1.0353481847091315,0.6428705055521089,-0.4709750119092313,-0.18097790867321242,-0.2813010729196113,1.0474673076389245,-0.37451332194942155,0.3386902556699002,-0.09972105409848263,-0.20535514423926726,1.0484985550572774,-0.4501463163628999,0.9240771204658896,-0.13448561582809335,0.08013076011163509,1.0483996338731814
1731068759.96,1.4837717346024528,-0.0447610998007602,-0.10539889631426844,-0.19490466506322465,1.034744259825717,-0.4222467253601425,0.23708189970862242,-0.18097790867321242,-0.18389263972688075,1.0476797032140828,1.1939154669399505,-0.4580612219981228,-0.09972105409848263,0.08572975554688564,1.0481507362172093,1.4261368036056759,0.026597234173861933,-0.13448561582809335,1.464957289475604,1.0480525503050415
1731068760.46,-0.482115029746528,0.14625832097767452,-0.10539889631426844,0.10876764555436937,1.034140413192923,0.6428705055521089,-0.698676133266515,-0.18097790867321242,-0.13350896738581322,1.0399283551388765,-0.37451332194942155,-0.1975019549769585,-0.09972105409848263,-0.12115703273087597,1.0478029177886008,-0.18210587065310885,0.06462604291504959,-0.13448561582809335,-0.10593624052977928,1.0477054669061232
1731068760.96,-0.482115029746528,0.19587375494609885,-0.10539889631426844,-0.13074854310176118,1.033536644817861,-0.4222467253601425,0.30882334890338337,-0.18097790867321242,-0.3148901878136563,1.0441535559074662,-0.15045206639380151,-0.34823872102226033,-0.09972105409848263,0.21322975297387817,1.0474550997714782,-0.4501463163628999,0.11279586732055394,-0.13448561582809335,-0.19683454576115872,1.0473583836764429
1731068761.46,-0.482115029746528,0.09912365870767116,-0.10539889631426844,-0.30268694995848344,1.0329329547076247,0.6428705055521089,0.30882334890338337,-0.18097790867321242,0.047872253042029946,1.048638862761003,-1.7188808552831736,-0.8672038726925132,3.573059006625274,0.008748625024927794,1.0471072821658418,-0.18210587065310885,0.11533112123663312,-0.13448561582809335,-0.238318336068097,1.047011300616001
1731068761.96,1.4837717346024528,0.14625832097767452,-0.10539889631426844,-0.10080901951974483,1.0323293428693345,-0.4222467253601425,0.38368399154139443,-0.18097790867321242,-0.3048134533454428,1.0476774634439414,1.1939154669399505,-0.8865843140411949,-0.09972105409848263,-0.27030797311716914,1.0467594649717251,1.4261368036056759,0.128007390817029,-0.13448561582809335,-0.07543345353938345,1.0466642177248207
1731068762.46,-0.201274063410965,0.305027709676633,-0.10539889631426844,-0.19918173986065557,1.0317258093100843,-0.4222467253601425,0.6675305948771861,1.7125343850160237,-0.24435304653616183,1.0518179068187297,-0.37451332194942155,-0.6518656354849393,-0.09972105409848263,-0.041770241880106994,1.0464116481891346,-0.4501463163628999,0.12040162906879147,-0.13448561582809335,-0.1425395849182542,1.0463171350028952
1731068762.96,-0.482115029746528,0.28518153608926317,-0.10539889631426844,2.5124836817105365,1.0311223540370031,-1.664883494757786,0.8796357490182175,1.7125343850160237,2.251318190091384,1.0524343693281535,-0.37451332194942155,-0.8069091662743926,-0.09972105409848263,-0.36412872594080514,1.0460638318180704,-0.18210587065310885,0.490548700816351,-0.13448561582809335,-0.17334739977855396,1.045970052450252
1731068763.46,-0.482115029746528,0.3794508606292699,-0.10539889631426844,-0.18635051546836284,1.0305189770571892,-0.4222467253601425,-0.8858277398615424,-0.18097790867321242,-0.34176147972889237,1.0429348880291278,-0.37451332194942155,-0.531276222648698,-0.09972105409848263,1.0840787920035253,1.0457160158585526,-0.4501463163628999,-0.3308735679933017,-0.13448561582809335,0.0038737926356456087,1.045622970066904
1731068763.96,1.4837717346024528,0.3868931757245336,-0.10539889631426844,-0.3523010176086819,1.0299156783777494,0.6428705055521089,-0.2963001790872058,-0.18097790867321242,-0.3955040635593644,1.0545454890029682,1.1939154669399505,-0.7401543127400446,-0.09972105409848263,-0.15483627733423241,1.0453682003105944,-0.4501463163628999,-0.9418697617683828,-0.13448561582809335,-0.11203679792785844,1.0452758878528514
1731068764.46,-0.482115029746528,0.5382202493282283,-0.10539889631426844,-0.1692422162786393,1.0293124580058042,0.8203900440374883,-0.6768417791637618,-0.18097790867321242,-0.22084066611033024,1.0496632246537103,-0.37451332194942155,-0.2814838674879124,-0.09972105409848263,-0.2799306144324139,1.0450203851742093,1.4261368036056759,-0.7872192728875531,-0.13448561582809335,0.3516055643261577,1.0449288058081077
1731068764.96,-0.482115029746528,0.850797483329303,-0.10539889631426844,-0.2162900390503792,1.0287093159484428,-0.4222467253601425,-0.5084053332282369,-0.18097790867321242,-0.3014545418560383,1.0477517527325282,-0.37451332194942155,-0.6475588707407878,-0.09972105409848263,-0.29195891607646973,1.044672570449417,-0.4501463163628999,-0.4829888029580522,-0.13448561582809335,0.0770804814125955,1.044581723932683
1731068765.46,-0.482115029746528,0.1288929190887259,-0.10539889631426844,-0.19918173986065557,1.028106252212786,-0.4222467253601425,0.7579872047314492,1.7125343850160237,-0.32832583377127433,1.0516219404519729,-0.37451332194942155,-0.17812151362827683,-0.09972105409848263,-0.15483627733423241,1.0443247561362115,-0.18210587065310885,-0.7846840189714739,-0.13448561582809335,2.4379961944692297,1.0442346422265973
1731068765.96,-0.201274063410965,-0.729454088565019,-0.10539889631426844,-0.2855786507687598,1.02750326680594,-1.4873639562724066,-0.07171825117317258,1.7125343850160237,-0.21748175462092578,1.0398727592577461,-0.37451332194942155,-0.4559078396260471,3.4582846297276566,-0.2486570301578685,1.0439769422346123,-0.4501463163628999,-1.002715855754283,4.327393291580252,0.1197843831991496,1.0438875606898508
1731068766.46,1.4837717346024528,-0.6401463074218549,-0.10539889631426844,0.6220166212460776,1.026900359735017,-1.664883494757786,0.44606786040640367,3.6060466787052596,-0.28465998440901585,1.036423413664292,-0.37451332194942155,-0.473134898602653,-0.09972105409848263,-0.23903438884262376,1.0436291287446464,-0.4501463163628999,-0.8151070659644241,-0.13448561582809335,0.17468939978186207,1.0435404793224667
1731068766.96,-0.482115029746528,-0.21593434699182482,-0.10539889631426844,-0.31893983418872085,1.0262975310071194,-0.4222467253601425,0.05304948655684553,-0.18097790867321242,-0.13350896738581322,1.042129816291167,-0.37451332194942155,-0.23626283767432182,-0.09972105409848263,-0.1812985409511555,1.0432813156663006,-0.4501463163628999,-0.45510100988118124,-0.13448561582809335,0.17163912108282242,1.0431933981244457
1731068767.46,-0.482115029746528,-0.5954924168502728,-0.10539889631426844,0.09165934636464575,1.0256947806293542,0.6428705055521089,0.9513771982129777,-0.18097790867321242,0.48453074666461526,1.0453163748211909,-0.37451332194942155,-0.2190357786977159,-0.09972105409848263,-0.214977785554512,1.042933502999621,-0.4501463163628999,-0.8252480816287407,-0.13448561582809335,-0.05103122394706687,1.0428463170957971
1731068767.96,1.4837717346024528,-0.09933807716602726,-0.10539889631426844,0.8102079123330372,1.0250921086088285,-0.4222467253601425,-1.2071046645163395,-0.18097790867321242,-0.17717481674807173,1.048686902991041,1.1939154669399505,-0.11782680721015609,-0.09972105409848263,0.41049389993639496,1.0425856907445883,-0.18210587065310885,-0.7948250346357907,-0.13448561582809335,-0.09678540443266052,1.0424992362365417
1731068768.46,-0.201274063410965,-0.28291518284919803,-0.10539889631426844,0.8102079123330372,1.0244895149526625,-0.4222467253601425,-1.1540783759810818,1.7125343850160237,-0.22084066611033024,1.037956115619281,-0.37451332194942155,-0.1501275427912922,-0.09972105409848263,-0.26068533180192444,1.0422378789012288,1.4261368036056759,-0.42974847072038946,-0.13448561582809335,-0.17487253912807377,1.0421521555466824
1731068768.96,-0.482115029746528,-0.33253061681762264,-0.10539889631426844,0.0018407756185968207,1.0238869996679587,-0.4222467253601425,-0.6051003299690012,-0.18097790867321242,-0.2645065154725888,1.0550574600634524,-0.15045206639380151,-0.720773871391363,-0.09972105409848263,-0.1235626930596871,1.041890067469556,-0.4501463163628999,-0.7162321632373362,-0.13448561582809335,-0.21940660813405163,1.041805075026243
1731068769.46,-0.482115029746528,-0.4168768545639443,-0.10539889631426844,-0.092254869924883,1.0232845627618201,0.8203900440374883,-0.6518882316177581,-0.18097790867321242,-0.22084066611033024,1.0441446943922064,-0.37451332194942155,-1.3280277003167213,-0.09972105409848263,-0.21738344588332317,1.0415422564495698,-0.4501463163628999,-0.7593314798106822,-0.13448561582809335,-0.1547406997144125,1.041457994675217
