Time,Bitrate,Jitter,Datagrams,Delay,C1_X,C1_Y,C1_Z,F1_X,F1_Y,F1_Z,Distance
1731070780.55,19.8,0.462,0.0,2.21,5781.54,6142.02,0.0,7601.3,9600.8,0.0,3908.284220217357
1731070781.05,19.8,0.478,0.0,3.69,5781.67,6142.21,0.0,7601.4,9600.9,0.0,3908.190602951703
1731070781.55,19.9,0.625,0.0,7.55,5781.8,6142.4,0.0,7601.5,9601.0,0.0,3908.096985746388
1731070782.05,20.5,0.524,0.0,1.29,5781.93,6142.59,0.0,7601.6,9601.1,0.0,3908.0033686014144
1731070782.55,19.9,0.684,0.0,1.89,5782.06,6142.78,0.0,7601.7,9601.2,0.0,3907.909751516788
1731070783.05,19.2,0.739,0.032,0.709,5782.19,6142.97,0.0,7601.8,9601.3,0.0,3907.8161344925115
1731070783.55,19.8,0.815,0.0,1.33,5782.32,6143.16,0.0,7601.9,9601.4,0.0,3907.722517528592
1731070784.05,20.5,0.45,0.0,1.06,5782.45,6143.35,0.0,7602.0,9601.5,0.0,3907.628900625032
1731070784.55,19.9,0.65,0.0,0.823,5782.58,6143.54,0.0,7602.1,9601.6,0.0,3907.5352837818373
1731070785.05,19.8,0.683,0.0,0.909,5782.71,6143.73,0.0,7602.2,9601.7,0.0,3907.4416669990105
1731070785.55,20.5,0.666,0.0,1.06,5782.84,6143.92,0.0,7602.3,9601.8,0.0,3907.3480502765547
1731070786.05,19.8,0.816,0.0,2.58,5782.97,6144.11,0.0,7602.4,9601.9,0.0,3907.2544336144783
1731070786.55,19.8,0.796,0.0,0.763,5783.1,6144.3,0.0,7602.5,9602.0,0.0,3907.160817012783
1731070787.05,19.8,0.849,0.0,1.22,5783.23,6144.49,0.0,7602.6,9602.1,0.0,3907.0672004714747
1731070787.55,20.5,0.876,0.0,0.932,5783.36,6144.68,0.0,7602.7,9602.2,0.0,3906.973583990555
1731070788.05,19.8,0.493,0.0,3.68,5783.49,6144.87,0.0,7602.8,9602.3,0.0,3906.8799675700297
1731070788.55,19.8,0.523,0.0,1.43,5783.62,6145.06,0.0,7602.9,9602.4,0.0,3906.786351209904
1731070789.05,19.8,0.353,0.0,1.61,5783.75,6145.25,0.0,7603.0,9602.5,0.0,3906.6927349101825
1731070789.55,20.5,0.484,0.0,0.957,5783.88,6145.44,0.0,7603.1,9602.6,0.0,3906.5991186708684
1731070790.05,19.8,0.377,0.0,1.03,5784.01,6145.63,0.0,7603.2,9602.7,0.0,3906.5055024919657
1731070790.55,19.8,0.357,0.0,1.1,5784.14,6145.82,0.0,7603.3,9602.8,0.0,3906.411886373478
1731070791.05,19.8,0.434,0.0,1.72,5784.27,6146.01,0.0,7603.4,9602.9,0.0,3906.318270315412
1731070791.55,20.5,0.345,0.0,1.0,5784.4,6146.2,0.0,7603.5,9603.0,0.0,3906.224654317773
1731070792.05,19.8,0.43,0.0,0.936,5784.53,6146.39,0.0,7603.6,9603.1,0.0,3906.131038380561
1731070792.55,19.8,0.441,0.0,0.779,5784.66,6146.58,0.0,7603.7,9603.2,0.0,3906.0374225037845
1731070793.05,19.9,0.384,0.0,0.766,5784.79,6146.77,0.0,7603.8,9603.3,0.0,3905.9438066874427
1731070793.55,20.5,0.326,0.0,0.725,5784.92,6146.96,0.0,7603.9,9603.4,0.0,3905.850190931546
1731070794.05,19.8,0.384,0.0,0.799,5785.05,6147.15,0.0,7604.0,9603.5,0.0,3905.7565752360965
1731070794.55,19.8,0.3,0.0,1.18,5785.18,6147.34,0.0,7604.1,9603.6,0.0,3905.6629596010976
1731070795.05,19.8,0.566,0.0,5.01,5785.31,6147.53,0.0,7604.2,9603.7,0.0,3905.5693440265536
1731070795.55,20.5,0.511,0.0,2.75,5785.44,6147.72,0.0,7604.3,9603.8,0.0,3905.4757285124683
1731070796.05,19.8,0.452,0.0,1.05,5785.57,6147.91,0.0,7604.4,9603.9,0.0,3905.382113058849
1731070796.55,19.8,0.538,0.0,1.58,5785.7,6148.1,0.0,7604.5,9604.0,0.0,3905.2884976656974
1731070797.05,19.8,0.5,0.0,2.37,5785.83,6148.29,0.0,7604.6,9604.1,0.0,3905.1948823330195
1731070797.55,20.5,0.411,0.0,1.75,5785.96,6148.48,0.0,7604.7,9604.2,0.0,3905.1012670608184
1731070798.05,19.9,0.484,0.0,2.69,5786.09,6148.67,0.0,7604.8,9604.3,0.0,3905.007651849097
1731070798.55,19.8,0.454,0.0,1.39,5786.22,6148.86,0.0,7604.9,9604.4,0.0,3904.9140366978627
1731070799.05,19.8,0.506,0.0,0.829,5786.35,6149.05,0.0,7605.0,9604.5,0.0,3904.820421607119
1731070799.55,20.5,0.824,0.0,0.86,5786.48,6149.24,0.0,7605.1,9604.6,0.0,3904.726806576871
1731070800.05,19.8,0.556,0.0,0.84,5786.61,6149.43,0.0,7605.2,9604.7,0.0,3904.63319160712
1731070800.55,19.8,0.63,0.0,1.13,5786.74,6149.62,0.0,7605.3,9604.8,0.0,3904.5395766978722
1731070801.05,19.9,0.644,0.0,1.25,5786.87,6149.81,0.0,7605.4,9604.9,0.0,3904.445961849132
1731070801.55,20.5,0.431,0.0,8.45,5787.0,6150.0,0.0,7605.5,9605.0,0.0,3904.3523470609052
1731070802.05,19.8,0.425,0.0,0.769,5787.13,6150.19,0.0,7605.6,9605.1,0.0,3904.258732333195
1731070802.55,19.8,0.921,0.0,0.695,5787.26,6150.38,0.0,7605.7,9605.2,0.0,3904.165117666004
1731070803.05,19.8,0.593,0.0,0.791,5787.39,6150.57,0.0,7605.8,9605.3,0.0,3904.0715030593374
1731070803.55,20.5,0.482,0.0,0.926,5787.52,6150.76,0.0,7605.9,9605.4,0.0,3903.9778885132014
1731070804.05,19.8,0.631,0.0,1.06,5787.65,6150.95,0.0,7606.0,9605.5,0.0,3903.8842740276
1731070804.55,19.8,0.582,0.0,0.907,5787.78,6151.14,0.0,7606.1,9605.6,0.0,3903.790659602536
1731070805.05,19.9,0.543,0.0,1.44,5787.91,6151.33,0.0,7606.2,9605.7,0.0,3903.6970452380147
1731070805.55,20.5,0.662,0.0,1.08,5788.04,6151.52,0.0,7606.3,9605.8,0.0,3903.603430934038
1731070806.05,19.8,0.868,0.0,0.843,5788.17,6151.71,0.0,7606.4,9605.9,0.0,3903.5098166906146
1731070806.55,19.8,0.93,0.0,0.846,5788.3,6151.9,0.0,7606.5,9606.0,0.0,3903.416202507747
1731070807.05,19.8,0.728,0.0,2.28,5788.43,6152.09,0.0,7606.6,9606.1,0.0,3903.322588385439
1731070807.55,20.5,0.725,0.0,0.825,5788.56,6152.28,0.0,7606.7,9606.2,0.0,3903.228974323695
1731070808.05,19.8,0.776,0.0,1.72,5788.69,6152.47,0.0,7606.8,9606.3,0.0,3903.1353603225184
1731070808.55,19.8,0.873,0.0,0.856,5788.82,6152.66,0.0,7606.9,9606.4,0.0,3903.0417463819163
1731070809.05,19.8,0.57,0.0,0.796,5788.95,6152.85,0.0,7607.0,9606.5,0.0,3902.948132501891
1731070809.55,19.8,0.512,0.0,0.833,5789.08,6153.04,0.0,7607.1,9606.6,0.0,3902.854518682448
1731070810.05,20.5,0.449,0.0,0.793,5789.21,6153.23,0.0,7607.2,9606.7,0.0,3902.760904923591
1731070810.55,19.8,0.585,0.0,0.755,5789.34,6153.42,0.0,7607.3,9606.8,0.0,3902.667291225322
1731070811.05,19.8,0.392,0.0,0.776,5789.47,6153.61,0.0,7607.4,9606.9,0.0,3902.5736775876503
1731070811.55,20.5,0.372,0.0,0.802,5789.6,6153.8,0.0,7607.5,9607.0,0.0,3902.480064010577
1731070812.05,19.8,0.361,0.0,0.788,5789.73,6153.99,0.0,7607.6,9607.1,0.0,3902.3864504941084
1731070812.55,19.8,0.561,0.0,0.785,5789.86,6154.18,0.0,7607.7,9607.2,0.0,3902.292837038246
1731070813.05,19.8,0.402,0.0,4.0,5789.99,6154.37,0.0,7607.8,9607.3,0.0,3902.1992236429955
1731070813.55,20.5,0.324,0.0,0.816,5790.12,6154.56,0.0,7607.9,9607.4,0.0,3902.105610308362
1731070814.05,19.8,0.385,0.0,0.765,5790.25,6154.75,0.0,7608.0,9607.5,0.0,3902.0119970343503
1731070814.55,19.8,0.317,0.0,0.933,5790.38,6154.94,0.0,7608.1,9607.6,0.0,3901.918383820964
1731070815.05,19.8,0.489,0.0,0.779,5790.51,6155.13,0.0,7608.2,9607.7,0.0,3901.8247706682064
1731070815.55,20.5,0.376,0.0,0.783,5790.64,6155.32,0.0,7608.3,9607.8,0.0,3901.7311575760823
1731070816.05,19.8,0.334,0.0,0.784,5790.77,6155.51,0.0,7608.4,9607.9,0.0,3901.637544544597
1731070816.55,19.8,0.354,0.0,0.683,5790.9,6155.7,0.0,7608.5,9608.0,0.0,3901.5439315737563
1731070817.05,19.9,0.624,0.0,0.934,5791.03,6155.89,0.0,7608.6,9608.1,0.0,3901.450318663561
1731070817.55,20.5,0.455,0.0,0.817,5791.16,6156.08,0.0,7608.7,9608.2,0.0,3901.356705814018
1731070818.05,19.8,0.505,0.0,0.859,5791.29,6156.27,0.0,7608.8,9608.3,0.0,3901.2630930251285
1731070818.55,19.8,0.463,0.0,1.16,5791.42,6156.46,0.0,7608.9,9608.4,0.0,3901.1694802969014
1731070819.05,19.8,0.446,0.0,0.82,5791.55,6156.65,0.0,7609.0,9608.5,0.0,3901.0758676293394
1731070819.55,20.5,0.611,0.0,0.968,5791.68,6156.84,0.0,7609.1,9608.6,0.0,3900.9822550224453
1731070820.05,19.8,0.558,0.0,0.851,5791.81,6157.03,0.0,7609.2,9608.7,0.0,3900.888642476225
1731070820.55,19.9,0.503,0.0,0.989,5791.94,6157.22,0.0,7609.3,9608.8,0.0,3900.7950299906806
1731070821.05,19.8,0.531,0.0,0.856,5792.07,6157.41,0.0,7609.4,9608.9,0.0,3900.70141756582
1731070821.55,20.5,0.492,0.0,1.61,5792.2,6157.6,0.0,7609.5,9609.0,0.0,3900.6078052016455
1731070822.05,19.8,0.464,0.0,0.958,5792.33,6157.79,0.0,7609.6,9609.1,0.0,3900.5141928981625
1731070822.55,19.9,0.399,0.0,1.0,5792.46,6157.98,0.0,7609.7,9609.2,0.0,3900.4205806553746
1731070823.05,19.8,0.473,0.0,5.26,5792.59,6158.17,0.0,7609.8,9609.3,0.0,3900.3269684732836
1731070823.55,20.5,0.453,0.0,0.853,5792.72,6158.36,0.0,7609.9,9609.4,0.0,3900.2333563518987
1731070824.05,19.8,0.568,0.0,0.804,5792.85,6158.55,0.0,7610.0,9609.5,0.0,3900.1397442912216
1731070824.55,19.8,0.578,0.0,0.821,5792.98,6158.74,0.0,7610.1,9609.6,0.0,3900.046132291259
1731070825.05,19.8,0.477,0.0,0.713,5793.11,6158.93,0.0,7610.2,9609.7,0.0,3899.952520352011
1731070825.55,20.5,0.735,0.0,2.58,5793.24,6159.12,0.0,7610.3,9609.8,0.0,3899.8589084734845
1731070826.05,19.9,0.559,0.0,1.21,5793.37,6159.31,0.0,7610.4,9609.9,0.0,3899.765296655684
1731070826.55,19.8,0.673,0.0,1.52,5793.5,6159.5,0.0,7610.5,9610.0,0.0,3899.671684898615
1731070827.05,19.8,0.61,0.0,0.881,5793.63,6159.69,0.0,7610.6,9610.1,0.0,3899.57807320228
1731070827.55,20.5,0.6,0.0,0.873,5793.76,6159.88,0.0,7610.7,9610.2,0.0,3899.484461566683
1731070828.05,19.8,0.796,0.0,0.849,5793.89,6160.07,0.0,7610.8,9610.3,0.0,3899.390849991829
1731070828.55,19.9,0.959,0.0,0.868,5794.02,6160.26,0.0,7610.9,9610.4,0.0,3899.2972384777227
1731070829.05,19.8,0.895,0.0,0.795,5794.15,6160.45,0.0,7611.0,9610.5,0.0,3899.2036270243702
1731070829.55,20.5,0.883,0.0,0.771,5794.28,6160.64,0.0,7611.1,9610.6,0.0,3899.1100156317725
1731070830.05,19.8,0.874,0.0,0.906,5794.41,6160.83,0.0,7611.2,9610.7,0.0,3899.0164042999363
1731070830.55,19.8,0.622,0.0,1.04,5794.54,6161.02,0.0,7611.3,9610.8,0.0,3898.9227930288635
1731070831.05,19.8,0.366,0.0,0.91,5794.67,6161.21,0.0,7611.4,9610.9,0.0,3898.8291818185617
1731070831.55,20.5,0.282,0.0,1.54,5794.8,6161.4,0.0,7611.5,9611.0,0.0,3898.735570669034
1731070832.05,19.8,0.393,0.0,0.945,5794.93,6161.59,0.0,7611.6,9611.1,0.0,3898.641959580285
1731070832.55,19.8,0.364,0.0,0.906,5795.06,6161.78,0.0,7611.7,9611.2,0.0,3898.5483485523177
1731070833.05,19.8,0.356,0.0,1.67,5795.19,6161.97,0.0,7611.8,9611.3,0.0,3898.4547375851366
1731070833.55,20.5,0.355,0.0,7.08,5795.32,6162.16,0.0,7611.9,9611.4,0.0,3898.361126678748
1731070834.05,19.8,0.297,0.0,2.43,5795.45,6162.35,0.0,7612.0,9611.5,0.0,3898.2675158331554
1731070834.55,19.8,0.372,0.0,1.88,5795.58,6162.54,0.0,7612.1,9611.6,0.0,3898.173905048363
1731070835.05,19.8,0.317,0.0,3.14,5795.71,6162.73,0.0,7612.2,9611.7,0.0,3898.0802943243752
1731070835.55,20.5,0.313,0.0,0.965,5795.84,6162.92,0.0,7612.3,9611.8,0.0,3897.986683661194
1731070836.05,19.8,0.707,0.0,0.79,5795.97,6163.11,0.0,7612.4,9611.9,0.0,3897.8930730588286
1731070836.55,19.8,0.375,0.0,2.02,5796.1,6163.3,0.0,7612.5,9612.0,0.0,3897.79946251728
1731070837.05,19.9,0.361,0.0,1.16,5796.23,6163.49,0.0,7612.6,9612.1,0.0,3897.705852036555
1731070837.55,20.5,0.444,0.0,1.91,5796.36,6163.68,0.0,7612.7,9612.2,0.0,3897.6122416166545
1731070838.05,19.8,0.366,0.0,4.42,5796.49,6163.87,0.0,7612.8,9612.3,0.0,3897.518631257585
1731070838.55,19.8,0.448,0.0,0.944,5796.62,6164.06,0.0,7612.9,9612.4,0.0,3897.42502095935
1731070839.05,19.8,0.512,0.0,1.51,5796.75,6164.25,0.0,7613.0,9612.5,0.0,3897.331410721957
1731070839.55,20.5,0.427,0.0,0.862,5796.88,6164.44,0.0,7613.1,9612.6,0.0,3897.2378005454075
1731070840.05,19.8,0.433,0.0,1.27,5797.01,6164.63,0.0,7613.2,9612.7,0.0,3897.1441904297053
1731070840.55,19.8,0.508,0.0,0.832,5797.14,6164.82,0.0,7613.3,9612.8,0.0,3897.050580374855
1731070841.05,19.8,0.47,0.0,1.78,5797.27,6165.01,0.0,7613.4,9612.9,0.0,3896.956970380863
1731070841.55,20.5,0.527,0.0,1.86,5797.4,6165.2,0.0,7613.5,9613.0,0.0,3896.8633604477336
1731070842.05,19.8,0.606,0.0,1.75,5797.53,6165.39,0.0,7613.6,9613.1,0.0,3896.769750575469
1731070842.55,19.8,0.538,0.0,1.44,5797.66,6165.58,0.0,7613.7,9613.2,0.0,3896.676140764075
1731070843.05,19.9,0.616,0.0,1.19,5797.79,6165.77,0.0,7613.8,9613.3,0.0,3896.5825310135538
1731070843.55,19.8,0.471,0.0,1.96,5797.92,6165.96,0.0,7613.9,9613.4,0.0,3896.4889213239135
1731070844.05,20.5,0.436,0.0,0.862,5798.05,6166.15,0.0,7614.0,9613.5,0.0,3896.3953116951575
1731070844.55,19.8,0.486,0.0,0.707,5798.18,6166.34,0.0,7614.1,9613.6,0.0,3896.301702127288
1731070845.05,19.8,0.462,0.0,0.832,5798.31,6166.53,0.0,7614.2,9613.7,0.0,3896.2080926203116
1731070845.55,20.5,0.47,0.0,1.03,5798.44,6166.72,0.0,7614.3,9613.8,0.0,3896.1144831742295
1731070846.05,19.8,0.491,0.0,3.06,5798.57,6166.91,0.0,7614.4,9613.9,0.0,3896.0208737890507
1731070846.55,19.8,0.487,0.0,1.76,5798.7,6167.1,0.0,7614.5,9614.0,0.0,3895.9272644647767
1731070847.05,19.8,0.543,0.0,1.06,5798.83,6167.29,0.0,7614.6,9614.1,0.0,3895.8336552014134
1731070847.55,20.5,0.647,0.0,0.811,5798.96,6167.48,0.0,7614.7,9614.2,0.0,3895.740045998964
1731070848.05,19.8,0.602,0.0,1.11,5799.09,6167.67,0.0,7614.8,9614.3,0.0,3895.6464368574307
1731070848.55,19.8,0.69,0.0,0.822,5799.22,6167.86,0.0,7614.9,9614.4,0.0,3895.552827776822
1731070849.05,19.8,0.692,0.0,1.79,5799.35,6168.05,0.0,7615.0,9614.5,0.0,3895.4592187571416
1731070849.55,20.5,0.781,0.0,1.18,5799.48,6168.24,0.0,7615.1,9614.6,0.0,3895.365609798393
1731070850.05,19.8,0.759,0.0,1.08,5799.61,6168.43,0.0,7615.2,9614.7,0.0,3895.2720009005793
1731070850.55,19.8,0.844,0.0,0.911,5799.74,6168.62,0.0,7615.3,9614.8,0.0,3895.178392063706
1731070851.05,19.8,0.83,0.0,0.828,5799.87,6168.81,0.0,7615.4,9614.9,0.0,3895.0847832877776
1731070851.55,20.5,0.733,0.0,0.846,5800.0,6169.0,0.0,7615.5,9615.0,0.0,3894.9911745728
1731070852.05,19.8,0.577,0.0,0.907,5800.13,6169.19,0.0,7615.6,9615.1,0.0,3894.897565918776
1731070852.55,19.8,0.561,0.0,0.806,5800.26,6169.38,0.0,7615.7,9615.2,0.0,3894.803957325709
1731070853.05,19.8,0.38,0.0,0.773,5800.39,6169.57,0.0,7615.8,9615.3,0.0,3894.710348793604
1731070853.55,20.5,0.333,0.0,0.761,5800.52,6169.76,0.0,7615.9,9615.4,0.0,3894.6167403224663
1731070854.05,19.8,0.325,0.0,0.82,5800.65,6169.95,0.0,7616.0,9615.5,0.0,3894.523131912302
1731070854.55,19.8,0.508,0.0,0.918,5800.78,6170.14,0.0,7616.1,9615.6,0.0,3894.4295235631116
1731070855.05,19.8,0.552,0.0,0.681,5800.91,6170.33,0.0,7616.2,9615.7,0.0,3894.3359152749013
1731070855.55,20.5,0.413,0.0,0.801,5801.04,6170.52,0.0,7616.3,9615.8,0.0,3894.2423070476743
1731070856.05,19.8,0.393,0.0,0.792,5801.17,6170.71,0.0,7616.4,9615.9,0.0,3894.148698881438
1731070856.55,19.8,0.284,0.0,2.04,5801.3,6170.9,0.0,7616.5,9616.0,0.0,3894.055090776195
1731070857.05,19.9,0.439,0.0,3.79,5801.43,6171.09,0.0,7616.6,9616.1,0.0,3893.9614827319497
1731070857.55,20.5,0.367,0.0,8.17,5801.56,6171.28,0.0,7616.7,9616.2,0.0,3893.867874748706
1731070858.05,19.8,0.412,0.0,1.22,5801.69,6171.47,0.0,7616.8,9616.3,0.0,3893.7742668264677
1731070858.55,19.8,0.331,0.0,2.39,5801.82,6171.66,0.0,7616.9,9616.4,0.0,3893.6806589652415
1731070859.05,19.8,0.342,0.0,2.48,5801.95,6171.85,0.0,7617.0,9616.5,0.0,3893.5870511650305
1731070859.55,20.5,0.76,0.0,2.73,5802.08,6172.04,0.0,7617.1,9616.6,0.0,3893.4934434258403
1731070860.05,19.8,0.404,0.0,3.39,5802.21,6172.23,0.0,7617.2,9616.7,0.0,3893.399835747673
1731070860.55,19.8,0.464,0.0,1.25,5802.34,6172.42,0.0,7617.3,9616.8,0.0,3893.3062281305324
1731070861.05,19.8,0.464,0.0,0.815,5802.47,6172.61,0.0,7617.4,9616.9,0.0,3893.212620574427
1731070861.55,20.5,0.525,0.0,0.879,5802.6,6172.8,0.0,7617.5,9617.0,0.0,3893.1190130793584
1731070862.05,19.8,0.476,0.0,0.891,5802.73,6172.99,0.0,7617.6,9617.1,0.0,3893.0254056453327
1731070862.55,19.8,0.706,0.0,0.867,5802.86,6173.18,0.0,7617.7,9617.2,0.0,3892.9317982723514
1731070863.05,19.8,0.53,0.0,0.941,5802.99,6173.37,0.0,7617.8,9617.3,0.0,3892.83819096042
1731070863.55,20.5,0.531,0.0,0.848,5803.12,6173.56,0.0,7617.9,9617.4,0.0,3892.7445837095443
1731070864.05,19.8,0.593,0.0,0.786,5803.25,6173.75,0.0,7618.0,9617.5,0.0,3892.650976519729
1731070864.55,19.8,0.465,0.0,0.705,5803.38,6173.94,0.0,7618.1,9617.6,0.0,3892.5573693909773
1731070865.05,19.8,0.454,0.0,0.726,5803.51,6174.13,0.0,7618.2,9617.7,0.0,3892.4637623232925
1731070865.55,20.5,0.419,0.0,0.821,5803.64,6174.32,0.0,7618.3,9617.8,0.0,3892.37015531668
1731070866.05,19.8,0.455,0.0,0.84,5803.77,6174.51,0.0,7618.4,9617.9,0.0,3892.2765483711446
1731070866.55,19.8,0.687,0.0,0.776,5803.9,6174.7,0.0,7618.5,9618.0,0.0,3892.1829414866925
1731070867.05,19.9,0.559,0.0,0.824,5804.03,6174.89,0.0,7618.6,9618.1,0.0,3892.0893346633247
1731070867.55,20.5,0.494,0.0,0.765,5804.16,6175.08,0.0,7618.7,9618.2,0.0,3891.9957279010478
1731070868.05,19.8,0.5,0.0,0.878,5804.29,6175.27,0.0,7618.8,9618.3,0.0,3891.902121199863
1731070868.55,19.8,0.531,0.0,0.856,5804.42,6175.46,0.0,7618.9,9618.4,0.0,3891.8085145597793
1731070869.05,19.8,0.659,0.0,0.801,5804.55,6175.65,0.0,7619.0,9618.5,0.0,3891.714907980799
1731070869.55,20.5,0.574,0.0,0.851,5804.68,6175.84,0.0,7619.1,9618.6,0.0,3891.6213014629266
1731070870.05,19.8,0.552,0.0,0.814,5804.81,6176.03,0.0,7619.2,9618.7,0.0,3891.527695006166
1731070870.55,19.9,0.677,0.0,0.776,5804.94,6176.22,0.0,7619.3,9618.8,0.0,3891.434088610521
1731070871.05,19.8,0.918,0.0,0.774,5805.07,6176.41,0.0,7619.4,9618.9,0.0,3891.340482275998
1731070871.55,20.5,0.816,0.0,0.908,5805.2,6176.6,0.0,7619.5,9619.0,0.0,3891.2468760026004
1731070872.05,19.8,0.737,0.0,0.794,5805.33,6176.79,0.0,7619.6,9619.1,0.0,3891.1532697903335
1731070872.55,19.8,0.797,0.0,0.974,5805.46,6176.98,0.0,7619.7,9619.2,0.0,3891.0596636392006
1731070873.05,19.8,0.632,0.0,0.836,5805.59,6177.17,0.0,7619.8,9619.3,0.0,3890.966057549204
1731070873.55,19.8,0.301,0.0,0.851,5805.72,6177.36,0.0,7619.9,9619.4,0.0,3890.8724515203526
1731070874.05,20.5,0.318,0.0,0.991,5805.85,6177.55,0.0,7620.0,9619.5,0.0,3890.778845552648
1731070874.55,19.8,0.447,0.0,0.789,5805.98,6177.74,0.0,7620.1,9619.6,0.0,3890.6852396460968
1731070875.05,19.8,0.363,0.0,0.84,5806.11,6177.93,0.0,7620.2,9619.7,0.0,3890.5916338007005
1731070875.55,20.5,0.582,0.0,0.722,5806.24,6178.12,0.0,7620.3,9619.8,0.0,3890.498028016464
1731070876.05,19.8,0.549,0.0,0.879,5806.37,6178.31,0.0,7620.4,9619.9,0.0,3890.4044222933935
1731070876.55,19.9,0.516,0.0,0.946,5806.5,6178.5,0.0,7620.5,9620.0,0.0,3890.3108166314937
1731070877.05,19.9,0.311,0.0,1.39,5806.63,6178.69,0.0,7620.6,9620.1,0.0,3890.217211030768
1731070877.55,19.8,0.448,0.0,0.784,5806.76,6178.88,0.0,7620.7,9620.2,0.0,3890.123605491219
1731070878.05,20.5,0.459,0.0,1.07,5806.89,6179.07,0.0,7620.8,9620.3,0.0,3890.030000012853
1731070878.55,19.8,0.446,0.0,1.03,5807.02,6179.26,0.0,7620.9,9620.4,0.0,3889.936394595674
1731070879.05,19.8,0.567,0.0,2.76,5807.15,6179.45,0.0,7621.0,9620.5,0.0,3889.842789239689
1731070879.55,20.5,0.604,0.0,1.47,5807.28,6179.64,0.0,7621.1,9620.6,0.0,3889.749183944898
1731070880.05,19.8,0.455,0.0,0.864,5807.41,6179.83,0.0,7621.2,9620.7,0.0,3889.655578711309
1731070880.55,19.8,0.546,0.0,0.851,5807.54,6180.02,0.0,7621.3,9620.8,0.0,3889.561973538922
1731070881.05,19.8,0.422,0.0,0.899,5807.67,6180.21,0.0,7621.4,9620.9,0.0,3889.4683684277466
1731070881.55,20.5,0.494,0.0,6.78,5807.8,6180.4,0.0,7621.5,9621.0,0.0,3889.3747633777853
1731070882.05,19.8,0.47,0.0,1.39,5807.93,6180.59,0.0,7621.6,9621.1,0.0,3889.281158389041
1731070882.55,19.8,0.43,0.0,0.848,5808.06,6180.78,0.0,7621.7,9621.2,0.0,3889.18755346152
1731070883.05,19.8,0.435,0.0,0.998,5808.19,6180.97,0.0,7621.8,9621.3,0.0,3889.0939485952244
1731070883.55,20.5,0.575,0.0,0.911,5808.32,6181.16,0.0,7621.9,9621.4,0.0,3889.000343790162
1731070884.05,19.9,0.542,0.0,1.0,5808.45,6181.35,0.0,7622.0,9621.5,0.0,3888.9067390463347
1731070884.55,19.8,0.497,0.0,0.783,5808.58,6181.54,0.0,7622.1,9621.6,0.0,3888.8131343637488
1731070885.05,19.9,0.575,0.0,0.902,5808.71,6181.73,0.0,7622.2,9621.7,0.0,3888.7195297424073
1731070885.55,20.5,0.622,0.0,0.721,5808.84,6181.92,0.0,7622.3,9621.8,0.0,3888.6259251823126
1731070886.05,19.8,0.569,0.0,0.88,5808.97,6182.11,0.0,7622.4,9621.9,0.0,3888.5323206834732
1731070886.55,19.8,0.428,0.0,0.802,5809.1,6182.3,0.0,7622.5,9622.0,0.0,3888.4387162458916
1731070887.05,19.8,0.49,0.0,1.23,5809.23,6182.49,0.0,7622.6,9622.1,0.0,3888.3451118695734
1731070887.55,19.9,0.489,0.0,0.842,5809.36,6182.68,0.0,7622.7,9622.2,0.0,3888.2515075545207
1731070888.05,20.3,0.631,0.0,2.1,5809.49,6182.87,0.0,7622.8,9622.3,0.0,3888.157903300739
1731070888.55,20.0,0.659,0.0,1.75,5809.62,6183.06,0.0,7622.9,9622.4,0.0,3888.0642991082327
1731070889.05,19.8,0.522,0.0,1.88,5809.75,6183.25,0.0,7623.0,9622.5,0.0,3887.9706949770084
1731070889.55,20.5,0.827,0.0,2.7,5809.88,6183.44,0.0,7623.1,9622.6,0.0,3887.877090907068
1731070890.05,19.8,0.589,0.0,6.5,5810.01,6183.63,0.0,7623.2,9622.7,0.0,3887.7834868984155
1731070890.55,19.8,0.597,0.0,1.58,5810.14,6183.82,0.0,7623.3,9622.8,0.0,3887.689882951056
1731070891.05,19.8,0.605,0.0,1.04,5810.27,6184.01,0.0,7623.4,9622.9,0.0,3887.5962790649946
1731070891.55,20.5,0.677,0.0,1.05,5810.4,6184.2,0.0,7623.5,9623.0,0.0,3887.5026752402373
1731070892.05,19.8,0.669,0.0,1.31,5810.53,6184.39,0.0,7623.6,9623.1,0.0,3887.4090714767854
1731070892.55,19.9,0.68,0.0,1.1,5810.66,6184.58,0.0,7623.7,9623.2,0.0,3887.3154677746447
1731070893.05,19.8,0.857,0.0,1.92,5810.79,6184.77,0.0,7623.8,9623.3,0.0,3887.2218641338177
1731070893.55,20.5,0.86,0.0,1.62,5810.92,6184.96,0.0,7623.9,9623.4,0.0,3887.1282605543124
1731070894.05,19.8,1.003,0.0,0.872,5811.05,6185.15,0.0,7624.0,9623.5,0.0,3887.034657036132
1731070894.55,19.9,0.597,0.0,1.76,5811.18,6185.34,0.0,7624.1,9623.6,0.0,3886.94105357928
1731070895.05,19.8,0.301,0.0,6.43,5811.31,6185.53,0.0,7624.2,9623.7,0.0,3886.847450183761
1731070895.55,20.5,0.308,0.0,1.06,5811.44,6185.72,0.0,7624.3,9623.8,0.0,3886.753846849578
1731070896.05,19.8,0.455,0.0,1.05,5811.57,6185.91,0.0,7624.4,9623.9,0.0,3886.660243576739
1731070896.55,19.8,0.374,0.0,0.979,5811.7,6186.1,0.0,7624.5,9624.0,0.0,3886.5666403652467
1731070897.05,19.8,0.431,0.0,0.75,5811.83,6186.29,0.0,7624.6,9624.1,0.0,3886.4730372151053
1731070897.55,20.5,0.289,0.0,1.09,5811.96,6186.48,0.0,7624.7,9624.2,0.0,3886.3794341263188
1731070898.05,19.8,0.34,0.0,0.748,5812.09,6186.67,0.0,7624.8,9624.3,0.0,3886.2858310988904
1731070898.55,19.8,0.313,0.0,1.11,5812.22,6186.86,0.0,7624.9,9624.4,0.0,3886.1922281328284
1731070899.05,19.8,0.552,0.0,0.893,5812.35,6187.05,0.0,7625.0,9624.5,0.0,3886.0986252281346
1731070899.55,20.5,0.438,0.0,0.827,5812.48,6187.24,0.0,7625.1,9624.6,0.0,3886.005022384815
1731070900.05,19.8,0.312,0.0,0.882,5812.61,6187.43,0.0,7625.2,9624.7,0.0,3885.9114196028713
1731070900.55,19.8,0.446,0.0,0.79,5812.74,6187.62,0.0,7625.3,9624.8,0.0,3885.817816882309
1731070901.05,19.8,0.343,0.0,0.91,5812.87,6187.81,0.0,7625.4,9624.9,0.0,3885.724214223134
1731070901.55,19.8,0.366,0.0,0.828,5813.0,6188.0,0.0,7625.5,9625.0,0.0,3885.630611625351
1731070902.05,20.5,0.408,0.0,1.94,5813.13,6188.19,0.0,7625.6,9625.1,0.0,3885.5370090889633
1731070902.55,19.8,0.559,0.0,0.812,5813.26,6188.38,0.0,7625.7,9625.2,0.0,3885.443406613974
1731070903.05,19.8,0.495,0.0,1.3,5813.39,6188.57,0.0,7625.8,9625.3,0.0,3885.3498042003885
1731070903.55,20.5,0.518,0.0,2.49,5813.52,6188.76,0.0,7625.9,9625.4,0.0,3885.2562018482117
1731070904.05,19.8,0.433,0.0,1.26,5813.65,6188.95,0.0,7626.0,9625.5,0.0,3885.16259955745
1731070904.55,19.8,0.466,0.0,1.17,5813.78,6189.14,0.0,7626.1,9625.6,0.0,3885.0689973281046
1731070905.05,19.8,0.524,0.0,0.638,5813.91,6189.33,0.0,7626.2,9625.7,0.0,3884.975395160181
1731070905.55,20.5,0.48,0.0,1.16,5814.04,6189.52,0.0,7626.3,9625.8,0.0,3884.881793053682
1731070906.05,19.9,0.508,0.0,1.33,5814.17,6189.71,0.0,7626.4,9625.9,0.0,3884.788191008616
1731070906.55,19.8,0.561,0.0,1.31,5814.3,6189.9,0.0,7626.5,9626.0,0.0,3884.694589024986
1731070907.05,19.9,0.523,0.0,0.947,5814.43,6190.09,0.0,7626.6,9626.1,0.0,3884.600987102794
1731070907.55,19.8,0.438,0.0,0.801,5814.56,6190.28,0.0,7626.7,9626.2,0.0,3884.507385242047
1731070908.05,20.5,0.404,0.0,0.732,5814.69,6190.47,0.0,7626.8,9626.3,0.0,3884.413783442747
1731070908.55,19.8,0.458,0.0,0.663,5814.82,6190.66,0.0,7626.9,9626.4,0.0,3884.320181704901
1731070909.05,19.8,0.441,0.0,1.03,5814.95,6190.85,0.0,7627.0,9626.5,0.0,3884.226580028513
1731070909.55,20.5,0.429,0.0,0.965,5815.08,6191.04,0.0,7627.1,9626.6,0.0,3884.1329784135874
1731070910.05,19.8,0.51,0.0,1.63,5815.21,6191.23,0.0,7627.2,9626.7,0.0,3884.0393768601275
1731070910.55,19.8,0.515,0.0,1.03,5815.34,6191.42,0.0,7627.3,9626.8,0.0,3883.9457753681363
1731070911.05,19.8,0.527,0.0,1.05,5815.47,6191.61,0.0,7627.4,9626.9,0.0,3883.8521739376224
1731070911.55,20.5,0.534,0.0,0.854,5815.6,6191.8,0.0,7627.5,9627.0,0.0,3883.758572568588
1731070912.05,19.8,0.734,0.0,0.97,5815.73,6191.99,0.0,7627.6,9627.1,0.0,3883.664971261039
1731070912.55,19.8,0.605,0.0,0.87,5815.86,6192.18,0.0,7627.7,9627.2,0.0,3883.5713700149768
1731070913.05,19.8,0.804,0.0,0.745,5815.99,6192.37,0.0,7627.8,9627.3,0.0,3883.477768830407
1731070913.55,20.5,0.764,0.0,0.801,5816.12,6192.56,0.0,7627.9,9627.4,0.0,3883.384167707335
1731070914.05,19.8,0.751,0.0,0.994,5816.25,6192.75,0.0,7628.0,9627.5,0.0,3883.290566645767
1731070914.55,19.8,0.753,0.0,0.907,5816.38,6192.94,0.0,7628.1,9627.6,0.0,3883.1969656457045
1731070915.05,19.8,0.859,0.0,1.72,5816.51,6193.13,0.0,7628.2,9627.7,0.0,3883.1033647071517
1731070915.55,20.5,0.801,0.0,0.71,5816.64,6193.32,0.0,7628.3,9627.8,0.0,3883.0097638301136
1731070916.05,19.2,0.313,0.0,0.807,5816.77,6193.51,0.0,7628.4,9627.9,0.0,3882.9161630145963
1731070916.55,20.5,0.36,0.0,0.888,5816.9,6193.7,0.0,7628.5,9628.0,0.0,3882.822562260604
1731070917.05,19.8,0.304,0.0,1.11,5817.03,6193.89,0.0,7628.6,9628.1,0.0,3882.7289615681393
1731070917.55,20.5,0.292,0.0,0.772,5817.16,6194.08,0.0,7628.7,9628.2,0.0,3882.635360937208
1731070918.05,19.8,0.267,0.0,1.41,5817.29,6194.27,0.0,7628.8,9628.3,0.0,3882.5417603678125
1731070918.55,19.9,0.267,0.0,0.978,5817.42,6194.46,0.0,7628.9,9628.4,0.0,3882.448159859961
1731070919.05,19.8,0.419,0.0,0.957,5817.55,6194.65,0.0,7629.0,9628.5,0.0,3882.354559413656
1731070919.55,19.9,0.891,0.0,3.02,5817.68,6194.84,0.0,7629.1,9628.6,0.0,3882.2609590289007
1731070920.05,20.5,0.405,0.0,0.935,5817.81,6195.03,0.0,7629.2,9628.7,0.0,3882.1673587057016
1731070920.55,19.8,0.356,0.0,1.08,5817.94,6195.22,0.0,7629.3,9628.8,0.0,3882.073758444061
1731070921.05,19.8,0.528,0.0,1.0,5818.07,6195.41,0.0,7629.4,9628.9,0.0,3881.9801582439854
1731070921.55,19.9,0.36,0.0,1.17,5818.2,6195.6,0.0,7629.5,9629.0,0.0,3881.8865581054783
1731070922.05,20.5,0.363,0.0,1.03,5818.33,6195.79,0.0,7629.6,9629.1,0.0,3881.7929580285454
1731070922.55,19.8,0.457,0.0,0.939,5818.46,6195.98,0.0,7629.7,9629.2,0.0,3881.6993580131893
1731070923.05,19.8,0.377,0.0,0.864,5818.59,6196.17,0.0,7629.8,9629.3,0.0,3881.6057580594133
1731070923.55,20.5,0.366,0.0,0.798,5818.72,6196.36,0.0,7629.9,9629.4,0.0,3881.512158167226
1731070924.05,19.8,0.356,0.0,0.832,5818.85,6196.55,0.0,7630.0,9629.5,0.0,3881.4185583366293
1731070924.55,19.8,0.392,0.0,0.794,5818.98,6196.74,0.0,7630.1,9629.6,0.0,3881.324958567629
1731070925.05,19.8,0.514,0.0,0.761,5819.11,6196.93,0.0,7630.2,9629.7,0.0,3881.231358860227
1731070925.55,20.5,0.457,0.0,0.784,5819.24,6197.12,0.0,7630.3,9629.8,0.0,3881.137759214429
1731070926.05,19.8,0.473,0.0,0.785,5819.37,6197.31,0.0,7630.4,9629.9,0.0,3881.04415963024
1731070926.55,19.8,0.472,0.0,0.906,5819.5,6197.5,0.0,7630.5,9630.0,0.0,3880.9505601076653
1731070927.05,19.9,0.662,0.0,0.849,5819.63,6197.69,0.0,7630.6,9630.1,0.0,3880.856960646708
1731070927.55,20.5,0.532,0.0,0.767,5819.76,6197.88,0.0,7630.7,9630.2,0.0,3880.7633612473724
1731070928.05,19.8,0.494,0.0,0.772,5819.89,6198.07,0.0,7630.8,9630.3,0.0,3880.669761909662
1731070928.55,19.8,0.451,0.0,0.737,5820.02,6198.26,0.0,7630.9,9630.4,0.0,3880.576162633584
1731070929.05,19.8,0.609,0.0,0.914,5820.15,6198.45,0.0,7631.0,9630.5,0.0,3880.482563419143
1731070929.55,20.5,0.448,0.0,0.809,5820.28,6198.64,0.0,7631.1,9630.6,0.0,3880.3889642663403
1731070930.05,19.9,0.426,0.0,0.901,5820.41,6198.83,0.0,7631.2,9630.7,0.0,3880.295365175183
1731070930.55,19.8,0.456,0.0,0.846,5820.54,6199.02,0.0,7631.3,9630.8,0.0,3880.201766145672
1731070931.05,19.8,0.516,0.0,0.836,5820.67,6199.21,0.0,7631.4,9630.9,0.0,3880.1081671778165
1731070931.55,20.5,0.452,0.0,0.919,5820.8,6199.4,0.0,7631.5,9631.0,0.0,3880.0145682716193
1731070932.05,19.8,0.506,0.0,0.849,5820.93,6199.59,0.0,7631.6,9631.1,0.0,3879.9209694270835
1731070932.55,19.8,0.529,0.0,1.11,5821.06,6199.78,0.0,7631.7,9631.2,0.0,3879.827370644215
1731070933.05,19.8,0.577,0.0,0.877,5821.19,6199.97,0.0,7631.8,9631.3,0.0,3879.7337719230163
1731070933.55,20.5,0.594,0.0,0.796,5821.32,6200.16,0.0,7631.9,9631.4,0.0,3879.6401732634945
1731070934.05,19.8,0.578,0.0,1.23,5821.45,6200.35,0.0,7632.0,9631.5,0.0,3879.5465746656528
1731070934.55,19.8,0.74,0.0,0.934,5821.58,6200.54,0.0,7632.1,9631.6,0.0,3879.4529761294957
1731070935.05,19.8,0.722,0.0,1.61,5821.71,6200.73,0.0,7632.2,9631.7,0.0,3879.3593776550283
1731070935.55,19.8,0.848,0.0,4.7,5821.84,6200.92,0.0,7632.3,9631.8,0.0,3879.2657792422515
1731070936.05,20.5,0.804,0.0,0.744,5821.97,6201.11,0.0,7632.4,9631.9,0.0,3879.1721808911757
1731070936.55,19.9,0.86,0.0,4.82,5822.1,6201.3,0.0,7632.5,9632.0,0.0,3879.078582601801
1731070937.05,19.8,0.754,0.0,1.54,5822.23,6201.49,0.0,7632.6,9632.1,0.0,3878.984984374135
1731070937.55,19.9,0.51,0.0,2.29,5822.36,6201.68,0.0,7632.7,9632.2,0.0,3878.8913862081786
1731070938.05,20.5,0.401,0.0,0.901,5822.49,6201.87,0.0,7632.8,9632.3,0.0,3878.7977881039374
1731070938.55,19.8,0.288,0.0,0.933,5822.62,6202.06,0.0,7632.9,9632.4,0.0,3878.704190061417
1731070939.05,19.9,0.488,0.0,1.83,5822.75,6202.25,0.0,7633.0,9632.5,0.0,3878.610592080623
1731070939.55,20.5,0.367,0.0,0.843,5822.88,6202.44,0.0,7633.1,9632.6,0.0,3878.5169941615577
1731070940.05,19.8,0.379,0.0,0.873,5823.01,6202.63,0.0,7633.2,9632.7,0.0,3878.4233963042257
1731070940.55,19.8,0.397,0.0,0.772,5823.14,6202.82,0.0,7633.3,9632.8,0.0,3878.329798508631
1731070941.05,19.8,0.311,0.0,0.831,5823.27,6203.01,0.0,7633.4,9632.9,0.0,3878.2362007747793
1731070941.55,20.5,0.276,0.0,0.839,5823.4,6203.2,0.0,7633.5,9633.0,0.0,3878.1426031026763
1731070942.05,19.9,0.613,0.0,0.845,5823.53,6203.39,0.0,7633.6,9633.1,0.0,3878.049005492324
1731070942.55,19.8,0.535,0.0,0.851,5823.66,6203.58,0.0,7633.7,9633.2,0.0,3877.955407943728
1731070943.05,19.8,0.375,0.0,1.34,5823.79,6203.77,0.0,7633.8,9633.3,0.0,3877.8618104568905
1731070943.55,20.5,0.486,0.0,1.04,5823.92,6203.96,0.0,7633.9,9633.4,0.0,3877.7682130318203
1731070944.05,19.8,0.503,0.0,1.12,5824.05,6204.15,0.0,7634.0,9633.5,0.0,3877.67461566852
1731070944.55,19.8,0.464,0.0,1.39,5824.18,6204.34,0.0,7634.1,9633.6,0.0,3877.5810183669923
1731070945.05,19.8,0.477,0.0,2.06,5824.31,6204.53,0.0,7634.2,9633.7,0.0,3877.487421127244
1731070945.55,20.5,0.414,0.0,2.44,5824.44,6204.72,0.0,7634.3,9633.8,0.0,3877.393823949277
1731070946.05,19.8,0.671,0.0,1.632,5824.57,6204.91,0.0,7634.4,9633.9,0.0,3877.300226833099
1731070946.55,19.8,0.498,0.0,0.823,5824.7,6205.1,0.0,7634.5,9634.0,0.0,3877.206629778712
1731070947.05,19.8,0.449,0.0,0.898,5824.83,6205.29,0.0,7634.6,9634.1,0.0,3877.1130327861224
1731070947.55,20.5,0.519,0.0,0.852,5824.96,6205.48,0.0,7634.7,9634.2,0.0,3877.0194358553335
1731070948.05,19.8,0.435,0.0,0.901,5825.09,6205.67,0.0,7634.8,9634.3,0.0,3876.9258389863476
1731070948.55,19.8,0.482,0.0,0.911,5825.22,6205.86,0.0,7634.9,9634.4,0.0,3876.8322421791736
1731070949.05,19.8,0.732,0.0,0.811,5825.35,6206.05,0.0,7635.0,9634.5,0.0,3876.738645433813
1731070949.55,20.5,0.576,0.0,0.96,5825.48,6206.24,0.0,7635.1,9634.6,0.0,3876.645048750273
1731070950.05,19.8,0.482,0.0,0.884,5825.61,6206.43,0.0,7635.2,9634.7,0.0,3876.5514521285545
1731070950.55,19.8,0.405,0.0,1.58,5825.74,6206.62,0.0,7635.3,9634.8,0.0,3876.457855568663
1731070951.05,19.8,0.472,0.0,1.39,5825.87,6206.81,0.0,7635.4,9634.9,0.0,3876.364259070604
1731070951.55,20.5,0.469,0.0,0.943,5826.0,6207.0,0.0,7635.5,9635.0,0.0,3876.2706626343834
1731070952.05,19.8,0.435,0.0,1.0,5826.13,6207.19,0.0,7635.6,9635.1,0.0,3876.1770662600034
1731070952.55,19.8,0.524,0.0,0.797,5826.26,6207.38,0.0,7635.7,9635.2,0.0,3876.083469947468
1731070953.05,19.8,0.542,0.0,0.925,5826.39,6207.57,0.0,7635.8,9635.3,0.0,3875.9898736967816
1731070953.55,20.5,0.502,0.0,3.09,5826.52,6207.76,0.0,7635.9,9635.4,0.0,3875.8962775079513
1731070954.05,19.8,0.542,0.0,1.5,5826.65,6207.95,0.0,7636.0,9635.5,0.0,3875.802681380981
1731070954.55,19.8,0.597,0.0,0.873,5826.78,6208.14,0.0,7636.1,9635.6,0.0,3875.7090853158734
1731070955.05,19.9,0.629,0.0,1.37,5826.91,6208.33,0.0,7636.2,9635.7,0.0,3875.6154893126336
1731070955.55,20.4,0.615,0.0,0.841,5827.04,6208.52,0.0,7636.3,9635.8,0.0,3875.521893371265
1731070956.05,19.9,0.626,0.0,1.34,5827.17,6208.71,0.0,7636.4,9635.9,0.0,3875.4282974917746
1731070956.55,19.8,0.781,0.0,0.94,5827.3,6208.9,0.0,7636.5,9636.0,0.0,3875.3347016741664
1731070957.05,19.8,0.66,0.0,1.99,5827.43,6209.09,0.0,7636.6,9636.1,0.0,3875.2411059184433
1731070957.55,20.5,0.802,0.0,0.784,5827.56,6209.28,0.0,7636.7,9636.2,0.0,3875.1475102246113
1731070958.05,19.8,1.076,0.0,1.71,5827.69,6209.47,0.0,7636.8,9636.3,0.0,3875.0539145926728
1731070958.55,19.8,0.672,0.0,1.69,5827.82,6209.66,0.0,7636.9,9636.4,0.0,3874.9603190226344
1731070959.05,19.8,0.296,0.0,2.24,5827.95,6209.85,0.0,7637.0,9636.5,0.0,3874.8667235145003
1731070959.55,20.5,0.28,0.0,1.47,5828.08,6210.04,0.0,7637.1,9636.6,0.0,3874.7731280682747
1731070960.05,19.8,0.337,0.0,0.838,5828.21,6210.23,0.0,7637.2,9636.7,0.0,3874.679532683962
1731070960.55,19.8,0.311,0.0,1.59,5828.34,6210.42,0.0,7637.3,9636.8,0.0,3874.585937361565
1731070961.05,19.8,0.488,0.0,1.84,5828.47,6210.61,0.0,7637.4,9636.9,0.0,3874.4923421010913
1731070961.55,20.5,0.505,0.0,9.01,5828.6,6210.8,0.0,7637.5,9637.0,0.0,3874.3987469025433
1731070962.05,19.8,0.455,0.0,1.41,5828.73,6210.99,0.0,7637.6,9637.1,0.0,3874.305151765928
1731070962.55,19.8,0.331,0.0,0.854,5828.86,6211.18,0.0,7637.7,9637.2,0.0,3874.2115566912453
1731070963.05,19.8,0.374,0.0,1.47,5828.99,6211.37,0.0,7637.8,9637.3,0.0,3874.117961678503
1731070963.55,20.5,0.4,0.0,1.67,5829.12,6211.56,0.0,7637.9,9637.4,0.0,3874.024366727705
1731070964.05,19.8,0.378,0.0,2.64,5829.25,6211.75,0.0,7638.0,9637.5,0.0,3873.930771838857
1731070964.55,19.9,0.63,0.0,1.31,5829.38,6211.94,0.0,7638.1,9637.6,0.0,3873.837177011962
1731070965.05,19.8,0.623,0.0,0.989,5829.51,6212.13,0.0,7638.2,9637.7,0.0,3873.743582247024
1731070965.55,20.5,0.374,0.0,1.39,5829.64,6212.32,0.0,7638.3,9637.8,0.0,3873.6499875440472
1731070966.05,19.8,0.517,0.0,0.883,5829.77,6212.51,0.0,7638.4,9637.9,0.0,3873.5563929030377
1731070966.55,19.8,0.568,0.0,1.29,5829.9,6212.7,0.0,7638.5,9638.0,0.0,3873.462798324001
1731070967.05,19.8,0.43,0.0,0.937,5830.03,6212.89,0.0,7638.6,9638.1,0.0,3873.3692038069394
1731070967.55,19.9,0.401,0.0,0.772,5830.16,6213.08,0.0,7638.7,9638.2,0.0,3873.275609351858
1731070968.05,20.5,0.476,0.0,0.794,5830.29,6213.27,0.0,7638.8,9638.3,0.0,3873.182014958759
1731070968.55,19.8,0.42,0.0,0.901,5830.42,6213.46,0.0,7638.9,9638.4,0.0,3873.0884206276514
1731070969.05,19.8,0.496,0.0,0.841,5830.55,6213.65,0.0,7639.0,9638.5,0.0,3872.994826358538
1731070969.55,19.9,0.549,0.0,0.839,5830.68,6213.84,0.0,7639.1,9638.6,0.0,3872.901232151422
1731070970.05,20.5,0.467,0.0,0.826,5830.81,6214.03,0.0,7639.2,9638.7,0.0,3872.807638006309
1731070970.55,19.8,0.571,0.0,0.713,5830.94,6214.22,0.0,7639.3,9638.8,0.0,3872.714043923201
1731070971.05,19.2,0.565,0.032,0.947,5831.07,6214.41,0.0,7639.4,9638.9,0.0,3872.620449902107
1731070971.55,19.8,0.456,0.0,0.691,5831.2,6214.6,0.0,7639.5,9639.0,0.0,3872.5268559430287
1731070972.05,20.5,0.45,0.0,0.968,5831.33,6214.79,0.0,7639.6,9639.1,0.0,3872.433262045972
1731070972.55,19.8,0.508,0.0,0.764,5831.46,6214.98,0.0,7639.7,9639.2,0.0,3872.339668210939
1731070973.05,19.8,0.657,0.0,0.831,5831.59,6215.17,0.0,7639.8,9639.3,0.0,3872.2460744379346
1731070973.55,19.9,0.631,0.0,0.822,5831.72,6215.36,0.0,7639.9,9639.4,0.0,3872.152480726966
1731070974.05,20.5,0.507,0.0,0.783,5831.85,6215.55,0.0,7640.0,9639.5,0.0,3872.058887078036
1731070974.55,19.8,0.554,0.0,0.799,5831.98,6215.74,0.0,7640.1,9639.6,0.0,3871.96529349115
1731070975.05,19.8,0.614,0.0,0.816,5832.11,6215.93,0.0,7640.2,9639.7,0.0,3871.8716999663097
1731070975.55,19.9,0.682,0.0,0.885,5832.24,6216.12,0.0,7640.3,9639.8,0.0,3871.778106503522
1731070976.05,20.5,0.59,0.0,1.4,5832.37,6216.31,0.0,7640.4,9639.9,0.0,3871.684513102791
1731070976.55,19.8,0.633,0.0,1.0,5832.5,6216.5,0.0,7640.5,9640.0,0.0,3871.590919764122
1731070977.05,19.8,0.706,0.0,2.91,5832.63,6216.69,0.0,7640.6,9640.1,0.0,3871.497326487519
1731070977.55,20.5,0.67,0.0,0.915,5832.76,6216.88,0.0,7640.7,9640.2,0.0,3871.4037332729845
1731070978.05,19.8,0.819,0.0,1.09,5832.89,6217.07,0.0,7640.8,9640.3,0.0,3871.310140120525
1731070978.55,19.8,0.769,0.0,0.807,5833.02,6217.26,0.0,7640.9,9640.4,0.0,3871.2165470301443
1731070979.05,19.8,0.741,0.0,0.857,5833.15,6217.45,0.0,7641.0,9640.5,0.0,3871.1229540018494
1731070979.55,20.5,0.858,0.0,0.918,5833.28,6217.64,0.0,7641.1,9640.6,0.0,3871.029361035641
1731070980.05,19.2,0.396,0.0,0.978,5833.41,6217.83,0.0,7641.2,9640.7,0.0,3870.935768131526
1731070980.55,20.5,0.309,0.0,1.03,5833.54,6218.02,0.0,7641.3,9640.8,0.0,3870.8421752895056
1731070981.05,19.8,0.277,0.0,1.54,5833.67,6218.21,0.0,7641.4,9640.9,0.0,3870.7485825095896
1731070981.55,20.5,0.516,0.0,0.871,5833.8,6218.4,0.0,7641.5,9641.0,0.0,3870.6549897917794
1731070982.05,19.8,0.397,0.0,1.05,5833.93,6218.59,0.0,7641.6,9641.1,0.0,3870.5613971360794
1731070982.55,19.8,0.568,0.0,0.784,5834.06,6218.78,0.0,7641.7,9641.2,0.0,3870.4678045424953
1731070983.05,19.8,0.585,0.0,0.822,5834.19,6218.97,0.0,7641.8,9641.3,0.0,3870.374212011029
1731070983.55,20.5,0.425,0.0,0.688,5834.32,6219.16,0.0,7641.9,9641.4,0.0,3870.280619541689
1731070984.05,19.8,0.42,0.0,0.747,5834.45,6219.35,0.0,7642.0,9641.5,0.0,3870.1870271344765
1731070984.55,19.8,0.31,0.0,0.948,5834.58,6219.54,0.0,7642.1,9641.6,0.0,3870.0934347893985
1731070985.05,19.8,0.433,0.0,0.76,5834.71,6219.73,0.0,7642.2,9641.7,0.0,3869.9998425064578
1731070985.55,20.5,0.367,0.0,0.969,5834.84,6219.92,0.0,7642.3,9641.8,0.0,3869.906250285657
1731070986.05,19.9,0.418,0.0,0.79,5834.97,6220.11,0.0,7642.4,9641.9,0.0,3869.8126581270053
1731070986.55,19.8,0.35,0.0,0.875,5835.1,6220.3,0.0,7642.5,9642.0,0.0,3869.719066030504
1731070987.05,19.8,0.513,0.0,0.825,5835.23,6220.49,0.0,7642.6,9642.1,0.0,3869.62547399616
1731070987.55,20.5,0.467,0.0,1.02,5835.36,6220.68,0.0,7642.7,9642.2,0.0,3869.5318820239745
1731070988.05,19.8,0.416,0.0,0.86,5835.49,6220.87,0.0,7642.8,9642.3,0.0,3869.438290113954
1731070988.55,19.8,0.577,0.0,0.8,5835.62,6221.06,0.0,7642.9,9642.4,0.0,3869.344698266102
1731070989.05,19.8,0.397,0.0,0.789,5835.75,6221.25,0.0,7643.0,9642.5,0.0,3869.2511064804257
1731070989.55,19.9,0.517,0.0,0.771,5835.88,6221.44,0.0,7643.1,9642.6,0.0,3869.157514756928
1731070990.05,20.5,0.47,0.0,1.44,5836.01,6221.63,0.0,7643.2,9642.7,0.0,3869.0639230956112
1731070990.55,19.8,0.463,0.0,1.89,5836.14,6221.82,0.0,7643.3,9642.8,0.0,3868.970331496482
1731070991.05,19.8,0.539,0.0,1.47,5836.27,6222.01,0.0,7643.4,9642.9,0.0,3868.8767399595445
1731070991.55,20.5,0.578,0.0,5.34,5836.4,6222.2,0.0,7643.5,9643.0,0.0,3868.783148484805
1731070992.05,19.8,0.454,0.0,0.87,5836.53,6222.39,0.0,7643.6,9643.1,0.0,3868.6895570722654
1731070992.55,19.2,0.498,0.032,3.03,5836.66,6222.58,0.0,7643.7,9643.2,0.0,3868.595965721932
1731070993.05,19.8,0.542,0.0,0.811,5836.79,6222.77,0.0,7643.8,9643.3,0.0,3868.5023744338055
1731070993.55,20.5,0.808,0.0,3.7,5836.92,6222.96,0.0,7643.9,9643.4,0.0,3868.4087832078962
1731070994.05,19.8,0.569,0.0,0.841,5837.05,6223.15,0.0,7644.0,9643.5,0.0,3868.315192044206
1731070994.55,19.9,0.479,0.0,3.29,5837.18,6223.34,0.0,7644.1,9643.6,0.0,3868.2216009427384
1731070995.05,19.8,0.583,0.0,0.876,5837.31,6223.53,0.0,7644.2,9643.7,0.0,3868.1280099034993
1731070995.55,20.5,0.466,0.0,1.45,5837.44,6223.72,0.0,7644.3,9643.8,0.0,3868.0344189264906
1731070996.05,19.8,0.57,0.0,0.95,5837.57,6223.91,0.0,7644.4,9643.9,0.0,3867.940828011721
1731070996.55,19.9,0.786,0.0,0.911,5837.7,6224.1,0.0,7644.5,9644.0,0.0,3867.8472371591924
1731070997.05,19.8,0.594,0.0,0.824,5837.83,6224.29,0.0,7644.6,9644.1,0.0,3867.7536463689107
1731070997.55,20.5,0.571,0.0,0.76,5837.96,6224.48,0.0,7644.7,9644.2,0.0,3867.660055640879
1731070998.05,19.8,0.638,0.0,0.858,5838.09,6224.67,0.0,7644.8,9644.3,0.0,3867.5664649751
1731070998.55,19.8,0.812,0.0,0.826,5838.22,6224.86,0.0,7644.9,9644.4,0.0,3867.472874371583
1731070999.05,19.8,0.805,0.0,0.805,5838.35,6225.05,0.0,7645.0,9644.5,0.0,3867.37928383033
1731070999.55,20.5,0.695,0.0,0.865,5838.48,6225.24,0.0,7645.1,9644.6,0.0,3867.2856933513467
1731071000.05,19.8,0.682,0.0,0.819,5838.61,6225.43,0.0,7645.2,9644.7,0.0,3867.192102934635
1731071000.55,19.9,0.816,0.0,1.04,5838.74,6225.62,0.0,7645.3,9644.8,0.0,3867.0985125802
1731071001.05,19.8,0.693,0.0,0.937,5838.87,6225.81,0.0,7645.4,9644.9,0.0,3867.0049222880484
1731071001.55,19.8,0.534,0.0,1.64,5839.0,6226.0,0.0,7645.5,9645.0,0.0,3866.911332058184
1731071002.05,20.5,0.35,0.0,1.74,5839.13,6226.19,0.0,7645.6,9645.1,0.0,3866.817741890611
1731071002.55,19.8,0.292,0.0,0.793,5839.26,6226.38,0.0,7645.7,9645.2,0.0,3866.724151785333
1731071003.05,19.8,0.323,0.0,0.858,5839.39,6226.57,0.0,7645.8,9645.3,0.0,3866.6305617423545
1731071003.55,20.5,0.455,0.0,2.36,5839.52,6226.76,0.0,7645.9,9645.4,0.0,3866.5369717616813
1731071004.05,19.8,0.36,0.0,8.83,5839.65,6226.95,0.0,7646.0,9645.5,0.0,3866.443381843319
1731071004.55,19.8,0.594,0.0,1.14,5839.78,6227.14,0.0,7646.1,9645.6,0.0,3866.34979198727
1731071005.05,19.8,0.324,0.0,1.28,5839.91,6227.33,0.0,7646.2,9645.7,0.0,3866.2562021935387
1731071005.55,19.8,0.311,0.0,0.914,5840.04,6227.52,0.0,7646.3,9645.8,0.0,3866.162612462129
1731071006.05,20.5,0.267,0.0,0.795,5840.17,6227.71,0.0,7646.4,9645.9,0.0,3866.069022793048
1731071006.55,19.8,0.409,0.0,0.67,5840.3,6227.9,0.0,7646.5,9646.0,0.0,3865.9754331863005
1731071007.05,19.9,0.322,0.0,0.765,5840.43,6228.09,0.0,7646.6,9646.1,0.0,3865.881843641888
1731071007.55,20.5,0.38,0.0,0.76,5840.56,6228.28,0.0,7646.7,9646.2,0.0,3865.788254159817
1731071008.05,19.8,0.433,0.0,0.879,5840.69,6228.47,0.0,7646.8,9646.3,0.0,3865.6946647400896
1731071008.55,19.8,0.407,0.0,0.827,5840.82,6228.66,0.0,7646.9,9646.4,0.0,3865.6010753827145
1731071009.05,19.8,0.468,0.0,0.845,5840.95,6228.85,0.0,7647.0,9646.5,0.0,3865.5074860876935
1731071009.55,20.5,0.649,0.0,0.863,5841.08,6229.04,0.0,7647.1,9646.6,0.0,3865.413896855032
1731071010.05,19.9,0.408,0.0,0.773,5841.21,6229.23,0.0,7647.2,9646.7,0.0,3865.320307684734
1731071010.55,19.8,0.419,0.0,0.783,5841.34,6229.42,0.0,7647.3,9646.8,0.0,3865.2267185768023
1731071011.05,19.8,0.88,0.0,1.23,5841.47,6229.61,0.0,7647.4,9646.9,0.0,3865.1331295312452
1731071011.55,20.5,0.451,0.0,0.836,5841.6,6229.8,0.0,7647.5,9647.0,0.0,3865.039540548065
1731071012.05,19.8,0.481,0.0,0.774,5841.73,6229.99,0.0,7647.6,9647.1,0.0,3864.9459516272677
1731071012.55,19.8,0.933,0.0,0.824,5841.86,6230.18,0.0,7647.7,9647.2,0.0,3864.852362768855
1731071013.05,19.8,0.605,0.0,0.755,5841.99,6230.37,0.0,7647.8,9647.3,0.0,3864.7587739728333
1731071013.55,20.5,0.506,0.0,0.813,5842.12,6230.56,0.0,7647.9,9647.4,0.0,3864.665185239207
1731071014.05,19.8,0.528,0.0,0.905,5842.25,6230.75,0.0,7648.0,9647.5,0.0,3864.571596567982
1731071014.55,19.8,0.492,0.0,0.755,5842.38,6230.94,0.0,7648.1,9647.6,0.0,3864.4780079591615
1731071015.05,19.8,0.469,0.0,1.34,5842.51,6231.13,0.0,7648.2,9647.7,0.0,3864.3844194127482
1731071015.55,20.5,0.447,0.0,0.923,5842.64,6231.32,0.0,7648.3,9647.8,0.0,3864.290830928748
1731071016.05,19.8,0.417,0.0,1.49,5842.77,6231.51,0.0,7648.4,9647.9,0.0,3864.1972425071667
1731071016.55,19.8,0.472,0.0,0.819,5842.9,6231.7,0.0,7648.5,9648.0,0.0,3864.10365414801
1731071017.05,19.2,0.676,0.032,0.892,5843.03,6231.89,0.0,7648.6,9648.1,0.0,3864.010065851279
1731071017.55,20.5,0.513,0.0,0.818,5843.16,6232.08,0.0,7648.7,9648.2,0.0,3863.9164776169796
1731071018.05,19.9,0.528,0.0,0.718,5843.29,6232.27,0.0,7648.8,9648.3,0.0,3863.8228894451145
1731071018.55,19.8,0.623,0.0,0.758,5843.42,6232.46,0.0,7648.9,9648.4,0.0,3863.729301335692
1731071019.05,19.2,0.608,0.032,0.917,5843.55,6232.65,0.0,7649.0,9648.5,0.0,3863.6357132887156
1731071019.55,20.5,0.582,0.0,0.759,5843.68,6232.84,0.0,7649.1,9648.6,0.0,3863.5421253041877
1731071020.05,19.8,0.785,0.0,0.84,5843.81,6233.03,0.0,7649.2,9648.7,0.0,3863.448537382115
1731071020.55,19.8,0.748,0.0,1.05,5843.94,6233.22,0.0,7649.3,9648.8,0.0,3863.3549495224993
1731071021.05,19.8,0.913,0.0,0.812,5844.07,6233.41,0.0,7649.4,9648.9,0.0,3863.261361725349
1731071021.55,20.5,0.965,0.0,0.929,5844.2,6233.6,0.0,7649.5,9649.0,0.0,3863.1677739906663
1731071022.05,19.8,0.794,0.0,0.93,5844.33,6233.79,0.0,7649.6,9649.1,0.0,3863.0741863184567
1731071022.55,19.8,0.585,0.0,1.43,5844.46,6233.98,0.0,7649.7,9649.2,0.0,3862.9805987087234
1731071023.05,19.9,0.4,0.0,0.765,5844.59,6234.17,0.0,7649.8,9649.3,0.0,3862.8870111614697
1731071023.55,20.5,0.352,0.0,1.07,5844.72,6234.36,0.0,7649.9,9649.4,0.0,3862.7934236767046
1731071024.05,19.8,0.389,0.0,3.98,5844.85,6234.55,0.0,7650.0,9649.5,0.0,3862.6998362544296
1731071024.55,19.2,0.311,0.032,1.46,5844.98,6234.74,0.0,7650.1,9649.6,0.0,3862.606248894651
1731071025.05,19.8,0.34,0.0,0.755,5845.11,6234.93,0.0,7650.2,9649.7,0.0,3862.512661597371
1731071025.55,19.9,0.372,0.0,2.86,5845.24,6235.12,0.0,7650.3,9649.8,0.0,3862.419074362594
1731071026.05,20.5,0.35,0.0,2.55,5845.37,6235.31,0.0,7650.4,9649.9,0.0,3862.325487190327
1731071026.55,19.8,0.337,0.0,3.73,5845.5,6235.5,0.0,7650.5,9650.0,0.0,3862.2319000805737
1731071027.05,19.8,0.41,0.0,2.66,5845.63,6235.69,0.0,7650.6,9650.1,0.0,3862.1383130333393
1731071027.55,20.5,0.279,0.0,0.627,5845.76,6235.88,0.0,7650.7,9650.2,0.0,3862.0447260486253
1731071028.05,19.8,0.325,0.0,0.738,5845.89,6236.07,0.0,7650.8,9650.3,0.0,3861.9511391264386
1731071028.55,19.8,0.389,0.0,0.744,5846.02,6236.26,0.0,7650.9,9650.4,0.0,3861.8575522667834
1731071029.05,19.8,0.485,0.0,0.824,5846.15,6236.45,0.0,7651.0,9650.5,0.0,3861.7639654696663
1731071029.55,20.5,0.395,0.0,0.767,5846.28,6236.64,0.0,7651.1,9650.6,0.0,3861.6703787350884
1731071030.05,19.8,0.382,0.0,0.953,5846.41,6236.83,0.0,7651.2,9650.7,0.0,3861.5767920630565
1731071030.55,19.8,0.561,0.0,0.835,5846.54,6237.02,0.0,7651.3,9650.8,0.0,3861.483205453572
1731071031.05,19.8,0.493,0.0,0.853,5846.67,6237.21,0.0,7651.4,9650.9,0.0,3861.3896189066436
1731071031.55,20.5,0.695,0.0,0.85,5846.8,6237.4,0.0,7651.5,9651.0,0.0,3861.296032422275
1731071032.05,19.8,0.505,0.0,1.0,5846.93,6237.59,0.0,7651.6,9651.1,0.0,3861.2024460004686
1731071032.55,19.8,0.519,0.0,0.867,5847.06,6237.78,0.0,7651.7,9651.2,0.0,3861.108859641231
1731071033.05,19.9,0.467,0.0,1.0,5847.19,6237.97,0.0,7651.8,9651.3,0.0,3861.015273344564
1731071033.55,20.5,0.482,0.0,0.824,5847.32,6238.16,0.0,7651.9,9651.4,0.0,3860.9216871104754
1731071034.05,19.8,0.547,0.0,0.751,5847.45,6238.35,0.0,7652.0,9651.5,0.0,3860.828100938968
1731071034.55,19.8,0.566,0.0,1.23,5847.58,6238.54,0.0,7652.1,9651.6,0.0,3860.7345148300474
1731071035.05,19.8,0.479,0.0,0.906,5847.71,6238.73,0.0,7652.2,9651.7,0.0,3860.6409287837178
1731071035.55,19.8,0.442,0.0,0.854,5847.84,6238.92,0.0,7652.3,9651.8,0.0,3860.547342799981
1731071036.05,20.5,0.382,0.0,0.802,5847.97,6239.11,0.0,7652.4,9651.9,0.0,3860.4537568788464
1731071036.55,19.8,0.533,0.0,0.832,5848.1,6239.3,0.0,7652.5,9652.0,0.0,3860.360171020315
1731071037.05,19.8,0.473,0.0,0.834,5848.23,6239.49,0.0,7652.6,9652.1,0.0,3860.2665852243945
1731071037.55,20.5,0.542,0.0,0.89,5848.36,6239.68,0.0,7652.7,9652.2,0.0,3860.172999491085
1731071038.05,19.8,0.495,0.0,0.797,5848.49,6239.87,0.0,7652.8,9652.3,0.0,3860.079413820394
1731071038.55,19.8,0.618,0.0,0.846,5848.62,6240.06,0.0,7652.9,9652.4,0.0,3859.985828212326
1731071039.05,19.8,0.616,0.0,0.762,5848.75,6240.25,0.0,7653.0,9652.5,0.0,3859.8922426668855
1731071039.55,20.5,0.907,0.0,0.695,5848.88,6240.44,0.0,7653.1,9652.6,0.0,3859.7986571840775
1731071040.05,19.8,0.618,0.0,0.793,5849.01,6240.63,0.0,7653.2,9652.7,0.0,3859.705071763904
1731071040.55,19.8,0.743,0.0,0.989,5849.14,6240.82,0.0,7653.3,9652.8,0.0,3859.611486406371
1731071041.05,19.8,0.734,0.0,0.778,5849.27,6241.01,0.0,7653.4,9652.9,0.0,3859.5179011114838
1731071041.55,19.8,0.649,0.0,0.932,5849.4,6241.2,0.0,7653.5,9653.0,0.0,3859.4243158792483
1731071042.05,20.5,0.79,0.0,0.955,5849.53,6241.39,0.0,7653.6,9653.1,0.0,3859.3307307096657
1731071042.55,19.8,0.829,0.0,1.41,5849.66,6241.58,0.0,7653.7,9653.2,0.0,3859.2371456027427
1731071043.05,19.9,0.896,0.0,1.16,5849.79,6241.77,0.0,7653.8,9653.3,0.0,3859.1435605584816
1731071043.55,20.5,1.011,0.0,4.75,5849.92,6241.96,0.0,7653.9,9653.4,0.0,3859.0499755768897
1731071044.05,19.8,0.601,0.0,10.3,5850.05,6242.15,0.0,7654.0,9653.5,0.0,3858.956390657972
1731071044.55,19.8,0.379,0.0,0.938,5850.18,6242.34,0.0,7654.1,9653.6,0.0,3858.8628058017302
1731071045.05,19.9,0.401,0.0,0.742,5850.31,6242.53,0.0,7654.2,9653.7,0.0,3858.7692210081705
1731071045.55,20.5,0.321,0.0,1.24,5850.44,6242.72,0.0,7654.3,9653.8,0.0,3858.675636277296
1731071046.05,19.8,0.482,0.0,0.923,5850.57,6242.91,0.0,7654.4,9653.9,0.0,3858.582051609114
1731071046.55,19.8,0.589,0.0,1.24,5850.7,6243.1,0.0,7654.5,9654.0,0.0,3858.4884670036267
1731071047.05,19.8,0.595,0.0,1.08,5850.83,6243.29,0.0,7654.6,9654.1,0.0,3858.3948824608406
1731071047.55,20.5,0.746,0.0,0.89,5850.96,6243.48,0.0,7654.7,9654.2,0.0,3858.3012979807586
1731071048.05,19.8,0.429,0.0,0.831,5851.09,6243.67,0.0,7654.8,9654.3,0.0,3858.207713563384
1731071048.55,19.8,0.397,0.0,0.852,5851.22,6243.86,0.0,7654.9,9654.4,0.0,3858.1141292087245
1731071049.05,19.8,0.453,0.0,0.751,5851.35,6244.05,0.0,7655.0,9654.5,0.0,3858.020544916784
1731071049.55,20.5,0.511,0.0,1.06,5851.48,6244.24,0.0,7655.1,9654.6,0.0,3857.926960687567
1731071050.05,19.8,0.564,0.0,2.11,5851.61,6244.43,0.0,7655.2,9654.7,0.0,3857.8333765210755
1731071050.55,19.8,0.335,0.0,4.65,5851.74,6244.62,0.0,7655.3,9654.8,0.0,3857.739792417316
1731071051.05,19.8,0.383,0.0,0.796,5851.87,6244.81,0.0,7655.4,9654.9,0.0,3857.6462083762935
1731071051.55,20.5,0.514,0.0,0.751,5852.0,6245.0,0.0,7655.5,9655.0,0.0,3857.5526243980134
1731071052.05,19.8,0.372,0.0,0.9,5852.13,6245.19,0.0,7655.6,9655.1,0.0,3857.459040482479
1731071052.55,19.8,0.528,0.0,0.764,5852.26,6245.38,0.0,7655.7,9655.2,0.0,3857.365456629693
1731071053.05,19.8,0.485,0.0,1.28,5852.39,6245.57,0.0,7655.8,9655.3,0.0,3857.271872839662
1731071053.55,20.5,0.591,0.0,1.04,5852.52,6245.76,0.0,7655.9,9655.4,0.0,3857.178289112391
1731071054.05,19.8,0.498,0.0,1.37,5852.65,6245.95,0.0,7656.0,9655.5,0.0,3857.0847054478854
1731071054.55,19.8,0.511,0.0,1.11,5852.78,6246.14,0.0,7656.1,9655.6,0.0,3856.9911218461475
1731071055.05,19.8,0.669,0.0,1.13,5852.91,6246.33,0.0,7656.2,9655.7,0.0,3856.897538307183
1731071055.55,20.5,0.639,0.0,0.736,5853.04,6246.52,0.0,7656.3,9655.8,0.0,3856.803954830994
1731071056.05,19.8,0.789,0.0,0.781,5853.17,6246.71,0.0,7656.4,9655.9,0.0,3856.7103714175887
1731071056.55,19.9,0.515,0.0,0.824,5853.3,6246.9,0.0,7656.5,9656.0,0.0,3856.616788066971
1731071057.05,19.8,0.388,0.0,0.895,5853.43,6247.09,0.0,7656.6,9656.1,0.0,3856.523204779144
1731071057.55,20.5,0.656,0.0,0.834,5853.56,6247.28,0.0,7656.7,9656.2,0.0,3856.4296215541135
1731071058.05,19.9,0.466,0.0,0.754,5853.69,6247.47,0.0,7656.8,9656.3,0.0,3856.336038391882
1731071058.55,19.8,0.429,0.0,1.04,5853.82,6247.66,0.0,7656.9,9656.4,0.0,3856.242455292457
1731071059.05,19.9,0.741,0.0,0.814,5853.95,6247.85,0.0,7657.0,9656.5,0.0,3856.1488722558415
1731071059.55,20.5,0.511,0.0,1.49,5854.08,6248.04,0.0,7657.1,9656.6,0.0,3856.055289282041
1731071060.05,19.8,0.52,0.0,0.909,5854.21,6248.23,0.0,7657.2,9656.7,0.0,3855.961706371059
1731071060.55,19.8,0.549,0.0,3.62,5854.34,6248.42,0.0,7657.3,9656.8,0.0,3855.8681235228983
1731071061.05,19.8,0.71,0.0,6.11,5854.47,6248.61,0.0,7657.4,9656.9,0.0,3855.774540737567
1731071061.55,20.5,0.616,0.0,1.32,5854.6,6248.8,0.0,7657.5,9657.0,0.0,3855.6809580150684
1731071062.05,19.8,0.644,0.0,2.56,5854.73,6248.99,0.0,7657.6,9657.1,0.0,3855.5873753554083
1731071062.55,19.8,0.667,0.0,2.11,5854.86,6249.18,0.0,7657.7,9657.2,0.0,3855.4937927585884
1731071063.05,19.8,0.763,0.0,2.26,5854.99,6249.37,0.0,7657.8,9657.3,0.0,3855.400210224614
1731071063.55,20.5,0.756,0.0,1.93,5855.12,6249.56,0.0,7657.9,9657.4,0.0,3855.306627753491
1731071064.05,19.8,0.696,0.0,0.839,5855.25,6249.75,0.0,7658.0,9657.5,0.0,3855.2130453452246
1731071064.55,19.8,0.711,0.0,1.33,5855.38,6249.94,0.0,7658.1,9657.6,0.0,3855.119462999818
1731071065.05,19.8,0.591,0.0,0.923,5855.51,6250.13,0.0,7658.2,9657.7,0.0,3855.025880717275
1731071065.55,19.8,0.276,0.0,1.65,5855.64,6250.32,0.0,7658.3,9657.8,0.0,3854.932298497601
1731071066.05,20.5,0.363,0.0,1.87,5855.77,6250.51,0.0,7658.4,9657.9,0.0,3854.838716340801
1731071066.55,19.2,0.349,0.032,0.889,5855.9,6250.7,0.0,7658.5,9658.0,0.0,3854.7451342468808
1731071067.05,19.8,0.386,0.0,1.32,5856.03,6250.89,0.0,7658.6,9658.1,0.0,3854.6515522158425
1731071067.55,20.5,0.392,0.0,1.01,5856.16,6251.08,0.0,7658.7,9658.2,0.0,3854.5579702476916
1731071068.05,19.8,0.345,0.0,1.06,5856.29,6251.27,0.0,7658.8,9658.3,0.0,3854.4643883424314
1731071068.55,19.8,0.384,0.0,0.916,5856.42,6251.46,0.0,7658.9,9658.4,0.0,3854.3708065000696
1731071069.05,19.8,0.374,0.0,0.861,5856.55,6251.65,0.0,7659.0,9658.5,0.0,3854.2772247206094
1731071069.55,20.5,0.316,0.0,1.34,5856.68,6251.84,0.0,7659.1,9658.6,0.0,3854.183643004054
1731071070.05,19.8,0.341,0.0,0.951,5856.81,6252.03,0.0,7659.2,9658.7,0.0,3854.0900613504095
1731071070.55,19.8,0.51,0.0,1.51,5856.94,6252.22,0.0,7659.3,9658.8,0.0,3853.996479759679
1731071071.05,19.8,0.389,0.0,0.888,5857.07,6252.41,0.0,7659.4,9658.9,0.0,3853.9028982318687
1731071071.55,20.5,0.358,0.0,0.692,5857.2,6252.6,0.0,7659.5,9659.0,0.0,3853.8093167669826
1731071072.05,19.8,0.559,0.0,0.764,5857.33,6252.79,0.0,7659.6,9659.1,0.0,3853.715735365026
1731071072.55,19.8,0.562,0.0,0.702,5857.46,6252.98,0.0,7659.7,9659.2,0.0,3853.6221540260026
1731071073.05,19.9,0.434,0.0,0.952,5857.59,6253.17,0.0,7659.8,9659.3,0.0,3853.5285727499145
1731071073.55,20.5,0.348,0.0,3.05,5857.72,6253.36,0.0,7659.9,9659.4,0.0,3853.4349915367716
1731071074.05,19.8,0.443,0.0,1.68,5857.85,6253.55,0.0,7660.0,9659.5,0.0,3853.341410386575
1731071074.55,19.9,0.45,0.0,0.777,5857.98,6253.74,0.0,7660.1,9659.6,0.0,3853.247829299331
1731071075.05,19.8,0.474,0.0,2.56,5858.11,6253.93,0.0,7660.2,9659.7,0.0,3853.154248275042
1731071075.55,20.5,0.448,0.0,1.23,5858.24,6254.12,0.0,7660.3,9659.8,0.0,3853.060667313713
1731071076.05,19.8,0.489,0.0,1.25,5858.37,6254.31,0.0,7660.4,9659.9,0.0,3852.9670864153504
1731071076.55,19.8,0.535,0.0,0.799,5858.5,6254.5,0.0,7660.5,9660.0,0.0,3852.873505579959
1731071077.05,19.8,0.526,0.0,0.948,5858.63,6254.69,0.0,7660.6,9660.1,0.0,3852.7799248075416
1731071077.55,20.5,0.583,0.0,0.943,5858.76,6254.88,0.0,7660.7,9660.2,0.0,3852.6863440981024
1731071078.05,19.8,0.544,0.0,2.01,5858.89,6255.07,0.0,7660.8,9660.3,0.0,3852.592763451647
1731071078.55,19.8,0.693,0.0,0.88,5859.02,6255.26,0.0,7660.9,9660.4,0.0,3852.49918286818
1731071079.05,19.8,0.484,0.0,0.776,5859.15,6255.45,0.0,7661.0,9660.5,0.0,3852.4056023477074
1731071079.55,20.5,0.499,0.0,0.953,5859.28,6255.64,0.0,7661.1,9660.6,0.0,3852.3120218902313
1731071080.05,19.8,0.466,0.0,1.13,5859.41,6255.83,0.0,7661.2,9660.7,0.0,3852.218441495758
1731071080.55,19.8,0.495,0.0,0.764,5859.54,6256.02,0.0,7661.3,9660.8,0.0,3852.1248611642886
1731071081.05,19.8,0.572,0.0,1.09,5859.67,6256.21,0.0,7661.4,9660.9,0.0,3852.031280895834
1731071081.55,20.5,0.798,0.0,0.706,5859.8,6256.4,0.0,7661.5,9661.0,0.0,3851.937700690394
1731071082.05,19.8,0.656,0.0,1.02,5859.93,6256.59,0.0,7661.6,9661.1,0.0,3851.844120547975
1731071082.55,19.9,0.609,0.0,0.951,5860.06,6256.78,0.0,7661.7,9661.2,0.0,3851.7505404685808
1731071083.05,19.8,0.641,0.0,8.93,5860.19,6256.97,0.0,7661.8,9661.3,0.0,3851.6569604522147
1731071083.55,20.5,0.637,0.0,0.879,5860.32,6257.16,0.0,7661.9,9661.4,0.0,3851.563380498885
1731071084.05,19.8,0.704,0.0,0.999,5860.45,6257.35,0.0,7662.0,9661.5,0.0,3851.4698006085937
1731071084.55,19.8,0.703,0.0,0.816,5860.58,6257.54,0.0,7662.1,9661.6,0.0,3851.376220781346
1731071085.05,19.8,0.757,0.0,0.938,5860.71,6257.73,0.0,7662.2,9661.7,0.0,3851.2826410171465
1731071085.55,20.5,0.784,0.0,0.802,5860.84,6257.92,0.0,7662.3,9661.8,0.0,3851.1890613159976
1731071086.05,19.8,1.086,0.0,1.41,5860.97,6258.11,0.0,7662.4,9661.9,0.0,3851.095481677908
1731071086.55,19.8,0.626,0.0,0.86,5861.1,6258.3,0.0,7662.5,9662.0,0.0,3851.0019021028797
1731071087.05,19.9,0.416,0.0,1.69,5861.23,6258.49,0.0,7662.6,9662.1,0.0,3850.908322590919
1731071087.55,20.5,0.419,0.0,1.21,5861.36,6258.68,0.0,7662.7,9662.2,0.0,3850.814743142028
1731071088.05,19.8,0.457,0.0,1.22,5861.49,6258.87,0.0,7662.8,9662.3,0.0,3850.7211637562123
1731071088.55,19.9,0.292,0.0,3.04,5861.62,6259.06,0.0,7662.9,9662.4,0.0,3850.627584433477
1731071089.05,19.8,0.376,0.0,1.02,5861.75,6259.25,0.0,7663.0,9662.5,0.0,3850.5340051738276
1731071089.55,20.5,0.276,0.0,1.49,5861.88,6259.44,0.0,7663.1,9662.6,0.0,3850.440425977268
1731071090.05,19.8,0.552,0.0,1.37,5862.01,6259.63,0.0,7663.2,9662.7,0.0,3850.3468468438014
1731071090.55,19.8,0.418,0.0,1.35,5862.14,6259.82,0.0,7663.3,9662.8,0.0,3850.2532677734325
1731071091.05,19.8,0.328,0.0,0.841,5862.27,6260.01,0.0,7663.4,9662.9,0.0,3850.1596887661676
1731071091.55,20.5,0.35,0.0,1.28,5862.4,6260.2,0.0,7663.5,9663.0,0.0,3850.066109822012
1731071092.05,19.8,0.289,0.0,1.17,5862.53,6260.39,0.0,7663.6,9663.1,0.0,3849.9725309409678
1731071092.55,19.9,0.379,0.0,3.05,5862.66,6260.58,0.0,7663.7,9663.2,0.0,3849.878952123041
1731071093.05,19.8,0.376,0.0,0.986,5862.79,6260.77,0.0,7663.8,9663.3,0.0,3849.785373368234
1731071093.55,20.5,0.33,0.0,0.936,5862.92,6260.96,0.0,7663.9,9663.4,0.0,3849.691794676555
1731071094.05,19.8,0.487,0.0,0.909,5863.05,6261.15,0.0,7664.0,9663.5,0.0,3849.5982160480075
1731071094.55,19.8,0.411,0.0,0.772,5863.18,6261.34,0.0,7664.1,9663.6,0.0,3849.5046374825947
1731071095.05,19.8,0.384,0.0,3.2,5863.31,6261.53,0.0,7664.2,9663.7,0.0,3849.411058980322
1731071095.55,20.5,0.434,0.0,0.764,5863.44,6261.72,0.0,7664.3,9663.8,0.0,3849.3174805411927
1731071096.05,19.8,0.491,0.0,3.65,5863.57,6261.91,0.0,7664.4,9663.9,0.0,3849.223902165214
1731071096.55,19.8,0.428,0.0,1.04,5863.7,6262.1,0.0,7664.5,9664.0,0.0,3849.130323852389
1731071097.05,19.8,0.589,0.0,0.981,5863.83,6262.29,0.0,7664.6,9664.1,0.0,3849.0367456027234
1731071097.55,20.5,0.471,0.0,0.976,5863.96,6262.48,0.0,7664.7,9664.2,0.0,3848.94316741622
1731071098.05,19.8,0.581,0.0,0.803,5864.09,6262.67,0.0,7664.8,9664.3,0.0,3848.849589292883
1731071098.55,19.8,0.545,0.0,1.13,5864.22,6262.86,0.0,7664.9,9664.4,0.0,3848.75601123272
1731071099.05,19.8,0.598,0.0,1.43,5864.35,6263.05,0.0,7665.0,9664.5,0.0,3848.6624332357337
1731071099.55,19.8,0.563,0.0,2.01,5864.48,6263.24,0.0,7665.1,9664.6,0.0,3848.56885530193
1731071100.05,20.5,0.482,0.0,1.31,5864.61,6263.43,0.0,7665.2,9664.7,0.0,3848.475277431311
1731071100.55,19.8,0.549,0.0,1.2,5864.74,6263.62,0.0,7665.3,9664.8,0.0,3848.381699623882
1731071101.05,19.8,0.519,0.0,0.858,5864.87,6263.81,0.0,7665.4,9664.9,0.0,3848.2881218796488
1731071101.55,20.5,0.464,0.0,1.99,5865.0,6264.0,0.0,7665.5,9665.0,0.0,3848.1945441986168
1731071102.05,19.8,0.475,0.0,0.817,5865.13,6264.19,0.0,7665.6,9665.1,0.0,3848.1009665807896
1731071102.55,19.8,0.61,0.0,0.871,5865.26,6264.38,0.0,7665.7,9665.2,0.0,3848.00738902617
1731071103.05,19.8,0.645,0.0,1.31,5865.39,6264.57,0.0,7665.8,9665.3,0.0,3847.913811534764
1731071103.55,20.5,0.551,0.0,6.38,5865.52,6264.76,0.0,7665.9,9665.4,0.0,3847.8202341065767
1731071104.05,19.8,0.576,0.0,1.09,5865.65,6264.95,0.0,7666.0,9665.5,0.0,3847.726656741615
1731071104.55,19.8,0.622,0.0,1.03,5865.78,6265.14,0.0,7666.1,9665.6,0.0,3847.6330794398787
1731071105.05,19.8,0.65,0.0,0.98,5865.91,6265.33,0.0,7666.2,9665.7,0.0,3847.5395022013754
1731071105.55,20.5,0.64,0.0,1.09,5866.04,6265.52,0.0,7666.3,9665.8,0.0,3847.4459250261066
1731071106.05,19.9,0.673,0.0,0.747,5866.17,6265.71,0.0,7666.4,9665.9,0.0,3847.3523479140813
1731071106.55,19.8,0.768,0.0,0.922,5866.3,6265.9,0.0,7666.5,9666.0,0.0,3847.2587708653027
1731071107.05,19.8,0.826,0.0,0.863,5866.43,6266.09,0.0,7666.6,9666.1,0.0,3847.1651938797745
1731071107.55,20.5,0.817,0.0,1.7,5866.56,6266.28,0.0,7666.7,9666.2,0.0,3847.071616957501
1731071108.05,19.8,0.865,0.0,1.43,5866.69,6266.47,0.0,7666.8,9666.3,0.0,3846.978040098487
1731071108.55,19.8,0.438,0.0,2.21,5866.82,6266.66,0.0,7666.9,9666.4,0.0,3846.8844633027384
1731071109.05,19.9,0.481,0.0,1.11,5866.95,6266.85,0.0,7667.0,9666.5,0.0,3846.790886570259
1731071109.55,19.8,0.398,0.031,3.87,5867.08,6267.04,0.0,7667.1,9666.6,0.0,3846.697309901054
1731071110.05,19.8,0.488,0.0,0.918,5867.21,6267.23,0.0,7667.2,9666.7,0.0,3846.603733295127
1731071110.55,19.9,0.371,0.0,0.879,5867.34,6267.42,0.0,7667.3,9666.8,0.0,3846.510156752481
1731071111.05,19.8,0.386,0.0,0.9,5867.47,6267.61,0.0,7667.4,9666.9,0.0,3846.4165802731245
1731071111.55,20.5,0.355,0.0,0.982,5867.6,6267.8,0.0,7667.5,9667.0,0.0,3846.32300385706
1731071112.05,19.8,0.343,0.0,4.42,5867.73,6267.99,0.0,7667.6,9667.1,0.0,3846.2294275042937
1731071112.55,19.8,0.295,0.0,2.33,5867.86,6268.18,0.0,7667.7,9667.2,0.0,3846.135851214827
1731071113.05,19.8,0.303,0.0,0.924,5867.99,6268.37,0.0,7667.8,9667.3,0.0,3846.0422749886666
1731071113.55,20.5,0.293,0.0,1.02,5868.12,6268.56,0.0,7667.9,9667.4,0.0,3845.948698825817
1731071114.05,19.8,0.425,0.0,0.802,5868.25,6268.75,0.0,7668.0,9667.5,0.0,3845.8551227262838
1731071114.55,19.8,0.378,0.0,0.825,5868.38,6268.94,0.0,7668.1,9667.6,0.0,3845.7615466900706
1731071115.05,19.8,0.359,0.0,0.807,5868.51,6269.13,0.0,7668.2,9667.7,0.0,3845.667970717181
1731071115.55,20.5,0.403,0.0,0.945,5868.64,6269.32,0.0,7668.3,9667.8,0.0,3845.57439480762
1731071116.05,19.8,0.416,0.0,0.787,5868.77,6269.51,0.0,7668.4,9667.9,0.0,3845.480818961394
1731071116.55,19.9,0.385,0.0,1.28,5868.9,6269.7,0.0,7668.5,9668.0,0.0,3845.3872431785076
1731071117.05,19.8,0.464,0.0,0.883,5869.03,6269.89,0.0,7668.6,9668.1,0.0,3845.2936674589632
1731071117.55,20.5,0.476,0.0,8.2,5869.16,6270.08,0.0,7668.7,9668.2,0.0,3845.2000918027666
1731071118.05,19.9,0.522,0.0,1.34,5869.29,6270.27,0.0,7668.8,9668.3,0.0,3845.1065162099208
1731071118.55,19.8,0.541,0.0,0.94,5869.42,6270.46,0.0,7668.9,9668.4,0.0,3845.0129406804335
1731071119.05,19.8,0.487,0.0,1.12,5869.55,6270.65,0.0,7669.0,9668.5,0.0,3844.9193652143085
1731071119.55,19.8,0.577,0.0,0.992,5869.68,6270.84,0.0,7669.1,9668.6,0.0,3844.825789811549
1731071120.05,20.5,0.531,0.0,0.99,5869.81,6271.03,0.0,7669.2,9668.7,0.0,3844.7322144721606
1731071120.55,19.8,0.497,0.0,0.861,5869.94,6271.22,0.0,7669.3,9668.8,0.0,3844.6386391961464
1731071121.05,19.8,0.538,0.0,0.899,5870.07,6271.41,0.0,7669.4,9668.9,0.0,3844.5450639835135
1731071121.55,20.5,0.619,0.0,0.981,5870.2,6271.6,0.0,7669.5,9669.0,0.0,3844.451488834265
1731071122.05,19.8,0.536,0.0,0.758,5870.33,6271.79,0.0,7669.6,9669.1,0.0,3844.357913748407
1731071122.55,19.9,0.488,0.0,0.772,5870.46,6271.98,0.0,7669.7,9669.2,0.0,3844.2643387259423
1731071123.05,19.8,0.49,0.0,1.5,5870.59,6272.17,0.0,7669.8,9669.3,0.0,3844.170763766874
1731071123.55,20.5,0.451,0.0,1.25,5870.72,6272.36,0.0,7669.9,9669.4,0.0,3844.0771888712115
1731071124.05,19.8,0.503,0.0,2.47,5870.85,6272.55,0.0,7670.0,9669.5,0.0,3843.9836140389566
1731071124.55,19.9,0.766,0.0,0.906,5870.98,6272.74,0.0,7670.1,9669.6,0.0,3843.8900392701153
1731071125.05,19.8,0.608,0.0,1.04,5871.11,6272.93,0.0,7670.2,9669.7,0.0,3843.7964645646894
1731071125.55,20.5,0.746,0.0,0.992,5871.24,6273.12,0.0,7670.3,9669.8,0.0,3843.7028899226843
1731071126.05,19.8,0.8,0.0,0.758,5871.37,6273.31,0.0,7670.4,9669.9,0.0,3843.609315344107
1731071126.55,19.8,0.668,0.0,1.22,5871.5,6273.5,0.0,7670.5,9670.0,0.0,3843.5157408289615
1731071127.05,19.9,0.743,0.0,0.867,5871.63,6273.69,0.0,7670.6,9670.1,0.0,3843.422166377252
1731071127.55,20.5,0.723,0.0,1.07,5871.76,6273.88,0.0,7670.7,9670.2,0.0,3843.328591988981
1731071128.05,19.8,0.852,0.0,0.895,5871.89,6274.07,0.0,7670.8,9670.3,0.0,3843.235017664155
1731071128.55,19.8,0.83,0.0,1.41,5872.02,6274.26,0.0,7670.9,9670.4,0.0,3843.1414434027783
1731071129.05,19.8,0.533,0.0,0.973,5872.15,6274.45,0.0,7671.0,9670.5,0.0,3843.047869204858
1731071129.55,19.8,0.304,0.0,1.046,5872.28,6274.64,0.0,7671.1,9670.6,0.0,3842.954295070396
1731071130.05,20.5,0.342,0.0,1.12,5872.41,6274.83,0.0,7671.2,9670.7,0.0,3842.860720999397
1731071130.55,19.8,0.503,0.0,1.1,5872.54,6275.02,0.0,7671.3,9670.8,0.0,3842.7671469918646
1731071131.05,19.8,0.571,0.0,0.945,5872.67,6275.21,0.0,7671.4,9670.9,0.0,3842.6735730478063
1731071131.55,20.5,0.355,0.0,0.649,5872.8,6275.4,0.0,7671.5,9671.0,0.0,3842.5799991672266
1731071132.05,19.8,0.343,0.0,3.7,5872.93,6275.59,0.0,7671.6,9671.1,0.0,3842.486425350128
1731071132.55,19.9,0.466,0.0,1.08,5873.06,6275.78,0.0,7671.7,9671.2,0.0,3842.392851596516
1731071133.05,19.8,0.304,0.0,1.52,5873.19,6275.97,0.0,7671.8,9671.3,0.0,3842.299277906394
1731071133.55,19.8,0.353,0.0,0.855,5873.32,6276.16,0.0,7671.9,9671.4,0.0,3842.205704279769
1731071134.05,20.5,0.296,0.0,0.804,5873.45,6276.35,0.0,7672.0,9671.5,0.0,3842.112130716645
1731071134.55,19.8,0.401,0.0,0.653,5873.58,6276.54,0.0,7672.1,9671.6,0.0,3842.0185572170267
1731071135.05,19.8,0.349,0.0,0.967,5873.71,6276.73,0.0,7672.2,9671.7,0.0,3841.924983780918
1731071135.55,20.5,0.477,0.0,1.04,5873.84,6276.92,0.0,7672.3,9671.8,0.0,3841.831410408322
1731071136.05,19.8,0.46,0.0,1.11,5873.97,6277.11,0.0,7672.4,9671.9,0.0,3841.7378370992465
1731071136.55,19.8,0.387,0.0,1.08,5874.1,6277.3,0.0,7672.5,9672.0,0.0,3841.6442638536946
1731071137.05,19.8,0.437,0.0,0.916,5874.23,6277.49,0.0,7672.6,9672.1,0.0,3841.5506906716732
1731071137.55,20.5,0.549,0.0,0.929,5874.36,6277.68,0.0,7672.7,9672.2,0.0,3841.457117553182
1731071138.05,19.8,0.454,0.0,6.68,5874.49,6277.87,0.0,7672.8,9672.3,0.0,3841.363544498229
1731071138.55,19.8,0.493,0.0,0.847,5874.62,6278.06,0.0,7672.9,9672.4,0.0,3841.269971506819
1731071139.05,19.8,0.52,0.0,0.733,5874.75,6278.25,0.0,7673.0,9672.5,0.0,3841.176398578956
1731071139.55,19.9,0.634,0.0,0.967,5874.88,6278.44,0.0,7673.1,9672.6,0.0,3841.0828257146454
1731071140.05,20.5,0.513,0.0,8.76,5875.01,6278.63,0.0,7673.2,9672.7,0.0,3840.98925291389
1731071140.55,19.9,0.597,0.0,0.999,5875.14,6278.82,0.0,7673.3,9672.8,0.0,3840.8956801766954
1731071141.05,19.8,0.686,0.0,0.887,5875.27,6279.01,0.0,7673.4,9672.9,0.0,3840.802107503066
1731071141.55,20.5,0.553,0.0,0.875,5875.4,6279.2,0.0,7673.5,9673.0,0.0,3840.708534893009
1731071142.05,19.8,0.619,0.0,0.765,5875.53,6279.39,0.0,7673.6,9673.1,0.0,3840.6149623465253
1731071142.55,19.9,0.496,0.0,1.3,5875.66,6279.58,0.0,7673.7,9673.2,0.0,3840.5213898636216
1731071143.05,19.8,0.461,0.0,0.876,5875.79,6279.77,0.0,7673.8,9673.3,0.0,3840.4278174443
1731071143.55,20.5,0.594,0.0,0.866,5875.92,6279.96,0.0,7673.9,9673.4,0.0,3840.33424508857
1731071144.05,19.8,0.685,0.0,2.32,5876.05,6280.15,0.0,7674.0,9673.5,0.0,3840.240672796433
1731071144.55,19.8,0.535,0.0,0.756,5876.18,6280.34,0.0,7674.1,9673.6,0.0,3840.147100567894
1731071145.05,19.8,0.558,0.0,0.884,5876.31,6280.53,0.0,7674.2,9673.7,0.0,3840.0535284029575
1731071145.55,20.5,0.562,0.0,0.889,5876.44,6280.72,0.0,7674.3,9673.8,0.0,3839.9599563016272
1731071146.05,19.8,0.554,0.0,1.24,5876.57,6280.91,0.0,7674.4,9673.9,0.0,3839.8663842639107
1731071146.55,19.8,0.619,0.0,1.25,5876.7,6281.1,0.0,7674.5,9674.0,0.0,3839.7728122898106
1731071147.05,19.9,0.932,0.0,0.872,5876.83,6281.29,0.0,7674.6,9674.1,0.0,3839.679240379332
1731071147.55,20.5,0.796,0.0,0.686,5876.96,6281.48,0.0,7674.7,9674.2,0.0,3839.5856685324798
1731071148.05,19.8,0.662,0.0,1.03,5877.09,6281.67,0.0,7674.8,9674.3,0.0,3839.492096749256
1731071148.55,19.8,0.633,0.0,2.88,5877.22,6281.86,0.0,7674.9,9674.4,0.0,3839.398525029669
1731071149.05,19.8,0.819,0.0,1.39,5877.35,6282.05,0.0,7675.0,9674.5,0.0,3839.304953373722
1731071149.55,20.5,0.976,0.0,1.03,5877.48,6282.24,0.0,7675.1,9674.6,0.0,3839.2113817814206
1731071150.05,19.8,0.786,0.0,0.812,5877.61,6282.43,0.0,7675.2,9674.7,0.0,3839.1178102527674
1731071150.55,19.8,0.546,0.0,1.0,5877.74,6282.62,0.0,7675.3,9674.8,0.0,3839.0242387877674
1731071151.05,19.9,0.349,0.0,0.867,5877.87,6282.81,0.0,7675.4,9674.9,0.0,3838.930667386426
1731071151.55,20.5,0.244,0.0,1.04,5878.0,6283.0,0.0,7675.5,9675.0,0.0,3838.83709604875
1731071152.05,19.8,0.284,0.0,0.999,5878.13,6283.19,0.0,7675.6,9675.1,0.0,3838.743524774741
1731071152.55,19.8,0.291,0.0,1.56,5878.26,6283.38,0.0,7675.7,9675.2,0.0,3838.6499535644043
1731071153.05,19.8,0.509,0.0,0.949,5878.39,6283.57,0.0,7675.8,9675.3,0.0,3838.556382417744
1731071153.55,20.5,0.34,0.0,1.24,5878.52,6283.76,0.0,7675.9,9675.4,0.0,3838.462811334766
1731071154.05,19.8,0.318,0.0,1.16,5878.65,6283.95,0.0,7676.0,9675.5,0.0,3838.369240315476
1731071154.55,19.8,0.44,0.0,1.01,5878.78,6284.14,0.0,7676.1,9675.6,0.0,3838.275669359876
1731071155.05,19.9,0.32,0.0,2.88,5878.91,6284.33,0.0,7676.2,9675.7,0.0,3838.182098467972
1731071155.55,20.5,0.582,0.0,0.9,5879.04,6284.52,0.0,7676.3,9675.8,0.0,3838.0885276397667
1731071156.05,19.8,0.428,0.0,0.76,5879.17,6284.71,0.0,7676.4,9675.9,0.0,3837.9949568752686
1731071156.55,19.8,0.435,0.0,0.75,5879.3,6284.9,0.0,7676.5,9676.0,0.0,3837.901386174481
1731071157.05,19.8,0.358,0.0,1.25,5879.43,6285.09,0.0,7676.6,9676.1,0.0,3837.807815537407
1731071157.55,19.8,0.74,0.0,0.815,5879.56,6285.28,0.0,7676.7,9676.2,0.0,3837.7142449640523
1731071158.05,20.5,0.518,0.0,1.5,5879.69,6285.47,0.0,7676.8,9676.3,0.0,3837.6206744544197
1731071158.55,19.8,0.404,0.0,1.04,5879.82,6285.66,0.0,7676.9,9676.4,0.0,3837.527104008517
1731071159.05,19.8,0.546,0.0,1.59,5879.95,6285.85,0.0,7677.0,9676.5,0.0,3837.433533626348
1731071159.55,20.5,0.564,0.0,0.871,5880.08,6286.04,0.0,7677.1,9676.6,0.0,3837.339963307917
1731071160.05,19.2,0.492,0.032,0.935,5880.21,6286.23,0.0,7677.2,9676.7,0.0,3837.246393053228
1731071160.55,19.8,0.449,0.0,0.879,5880.34,6286.42,0.0,7677.3,9676.8,0.0,3837.152822862284
1731071161.05,19.8,0.481,0.0,0.822,5880.47,6286.61,0.0,7677.4,9676.9,0.0,3837.0592527350937
1731071161.55,20.5,0.57,0.0,0.861,5880.6,6286.8,0.0,7677.5,9677.0,0.0,3836.96568267166
1731071162.05,19.8,0.484,0.0,0.955,5880.73,6286.99,0.0,7677.6,9677.1,0.0,3836.8721126719884
1731071162.55,19.8,0.545,0.0,0.952,5880.86,6287.18,0.0,7677.7,9677.2,0.0,3836.778542736081
1731071163.05,19.8,0.447,0.0,1.68,5880.99,6287.37,0.0,7677.8,9677.3,0.0,3836.684972863943
1731071163.55,19.8,0.531,0.0,0.801,5881.12,6287.56,0.0,7677.9,9677.4,0.0,3836.5914030555814
1731071164.05,20.5,0.574,0.0,0.84,5881.25,6287.75,0.0,7678.0,9677.5,0.0,3836.4978333110002
1731071164.55,19.8,0.463,0.0,0.754,5881.38,6287.94,0.0,7678.1,9677.6,0.0,3836.404263630204
1731071165.05,19.8,0.574,0.0,0.921,5881.51,6288.13,0.0,7678.2,9677.7,0.0,3836.310694013195
1731071165.55,20.5,0.548,0.0,0.862,5881.64,6288.32,0.0,7678.3,9677.8,0.0,3836.21712445998
1731071166.05,19.8,0.511,0.0,2.73,5881.77,6288.51,0.0,7678.4,9677.9,0.0,3836.1235549705634
1731071166.55,19.8,0.608,0.0,0.797,5881.9,6288.7,0.0,7678.5,9678.0,0.0,3836.029985544952
1731071167.05,19.8,0.507,0.0,0.838,5882.03,6288.89,0.0,7678.6,9678.1,0.0,3835.936416183147
1731071167.55,19.8,0.676,0.0,0.868,5882.16,6289.08,0.0,7678.7,9678.2,0.0,3835.8428468851544
1731071168.05,20.5,1.007,0.0,0.785,5882.29,6289.27,0.0,7678.8,9678.3,0.0,3835.749277650977
1731071168.55,19.9,0.711,0.0,0.961,5882.42,6289.46,0.0,7678.9,9678.4,0.0,3835.6557084806236
1731071169.05,19.8,0.656,0.0,0.75,5882.55,6289.65,0.0,7679.0,9678.5,0.0,3835.562139374097
1731071169.55,20.5,1.09,0.0,0.678,5882.68,6289.84,0.0,7679.1,9678.6,0.0,3835.468570331401
1731071170.05,19.8,0.848,0.0,0.706,5882.81,6290.03,0.0,7679.2,9678.7,0.0,3835.375001352541
1731071170.55,19.8,0.727,0.0,0.734,5882.94,6290.22,0.0,7679.3,9678.8,0.0,3835.28143243752
1731071171.05,19.8,0.778,0.0,0.908,5883.07,6290.41,0.0,7679.4,9678.9,0.0,3835.1878635863454
1731071171.55,20.5,0.975,0.0,0.82,5883.2,6290.6,0.0,7679.5,9679.0,0.0,3835.0942947990206
1731071172.05,19.8,0.546,0.0,0.789,5883.33,6290.79,0.0,7679.6,9679.1,0.0,3835.0007260755515
1731071172.55,19.9,0.384,0.0,0.674,5883.46,6290.98,0.0,7679.7,9679.2,0.0,3834.90715741594
1731071173.05,19.8,0.356,0.0,0.828,5883.59,6291.17,0.0,7679.8,9679.3,0.0,3834.8135888201914
1731071173.55,20.5,0.409,0.0,1.86,5883.72,6291.36,0.0,7679.9,9679.4,0.0,3834.7200202883128
1731071174.05,19.8,0.272,0.0,1.45,5883.85,6291.55,0.0,7680.0,9679.5,0.0,3834.626451820307
1731071174.55,19.8,0.282,0.0,1.13,5883.98,6291.74,0.0,7680.1,9679.6,0.0,3834.5328834161805
1731071175.05,19.8,0.499,0.0,0.83,5884.11,6291.93,0.0,7680.2,9679.7,0.0,3834.4393150759347
1731071175.55,20.5,0.354,0.0,1.02,5884.24,6292.12,0.0,7680.3,9679.8,0.0,3834.345746799576
1731071176.05,19.8,0.321,0.0,0.838,5884.37,6292.31,0.0,7680.4,9679.9,0.0,3834.2521785871095
1731071176.55,19.9,0.28,0.0,0.952,5884.5,6292.5,0.0,7680.5,9680.0,0.0,3834.1586104385406
1731071177.05,19.8,0.294,0.0,0.896,5884.63,6292.69,0.0,7680.6,9680.1,0.0,3834.0650423538727
1731071177.55,20.5,0.475,0.0,0.9,5884.76,6292.88,0.0,7680.7,9680.2,0.0,3833.97147433311
1731071178.05,19.8,0.338,0.0,0.84,5884.89,6293.07,0.0,7680.8,9680.3,0.0,3833.8779063762577
1731071178.55,19.8,0.325,0.0,0.862,5885.02,6293.26,0.0,7680.9,9680.4,0.0,3833.784338483321
1731071179.05,19.8,0.628,0.0,0.733,5885.15,6293.45,0.0,7681.0,9680.5,0.0,3833.690770654305
1731071179.55,20.5,0.544,0.0,2.73,5885.28,6293.64,0.0,7681.1,9680.6,0.0,3833.597202889214
1731071180.05,19.8,0.406,0.0,3.3,5885.41,6293.83,0.0,7681.2,9680.7,0.0,3833.5036351880512
1731071180.55,19.8,0.404,0.0,1.68,5885.54,6294.02,0.0,7681.3,9680.8,0.0,3833.4100675508216
1731071181.05,19.8,0.576,0.0,1.04,5885.67,6294.21,0.0,7681.4,9680.9,0.0,3833.3164999775317
1731071181.55,20.5,0.545,0.0,0.884,5885.8,6294.4,0.0,7681.5,9681.0,0.0,3833.222932468186
1731071182.05,19.8,0.482,0.0,1.85,5885.93,6294.59,0.0,7681.6,9681.1,0.0,3833.129365022788
1731071182.55,19.8,0.487,0.0,5.45,5886.06,6294.78,0.0,7681.7,9681.2,0.0,3833.035797641343
1731071183.05,19.8,0.523,0.0,0.859,5886.19,6294.97,0.0,7681.8,9681.3,0.0,3832.9422303238534
1731071183.55,20.5,0.561,0.0,3.41,5886.32,6295.16,0.0,7681.9,9681.4,0.0,3832.848663070328
1731071184.05,19.8,0.542,0.0,0.824,5886.45,6295.35,0.0,7682.0,9681.5,0.0,3832.7550958807683
1731071184.55,19.9,0.553,0.0,3.21,5886.58,6295.54,0.0,7682.1,9681.6,0.0,3832.6615287551813
1731071185.05,19.8,0.413,0.0,0.869,5886.71,6295.73,0.0,7682.2,9681.7,0.0,3832.5679616935704
1731071185.55,20.5,0.421,0.0,1.71,5886.84,6295.92,0.0,7682.3,9681.8,0.0,3832.474394695938
1731071186.05,19.8,0.457,0.0,0.752,5886.97,6296.11,0.0,7682.4,9681.9,0.0,3832.380827762293
1731071186.55,19.8,0.455,0.0,0.842,5887.1,6296.3,0.0,7682.5,9682.0,0.0,3832.2872608926377
1731071187.05,19.8,0.597,0.0,1.02,5887.23,6296.49,0.0,7682.6,9682.1,0.0,3832.193694086979
1731071187.55,20.5,0.513,0.0,0.807,5887.36,6296.68,0.0,7682.7,9682.2,0.0,3832.100127345318
1731071188.05,19.8,0.64,0.0,1.0,5887.49,6296.87,0.0,7682.8,9682.3,0.0,3832.0065606676612
1731071188.55,19.8,0.638,0.0,1.135,5887.62,6297.06,0.0,7682.9,9682.4,0.0,3831.912994054014
1731071189.05,19.8,0.668,0.0,1.27,5887.75,6297.25,0.0,7683.0,9682.5,0.0,3831.8194275043807
1731071189.55,20.5,0.585,0.0,0.901,5887.88,6297.44,0.0,7683.1,9682.6,0.0,3831.7258610187664
1731071190.05,19.8,0.573,0.0,1.47,5888.01,6297.63,0.0,7683.2,9682.7,0.0,3831.6322945971738
1731071190.55,19.8,0.647,0.0,1.05,5888.14,6297.82,0.0,7683.3,9682.8,0.0,3831.5387282396086
1731071191.05,19.8,0.733,0.0,0.95,5888.27,6298.01,0.0,7683.4,9682.9,0.0,3831.445161946076
1731071191.55,19.9,0.792,0.0,1.03,5888.4,6298.2,0.0,7683.5,9683.0,0.0,3831.3515957165823
1731071192.05,20.5,0.795,0.0,2.97,5888.53,6298.39,0.0,7683.6,9683.1,0.0,3831.2580295511293
1731071192.55,19.8,1.056,0.0,1.16,5888.66,6298.58,0.0,7683.7,9683.2,0.0,3831.1644634497234
1731071193.05,19.8,0.621,0.0,1.06,5888.79,6298.77,0.0,7683.8,9683.3,0.0,3831.070897412366
1731071193.55,19.9,0.499,0.0,1.12,5888.92,6298.96,0.0,7683.9,9683.4,0.0,3830.9773314390673
1731071194.05,20.5,0.311,0.0,0.733,5889.05,6299.15,0.0,7684.0,9683.5,0.0,3830.883765529829
1731071194.55,19.9,0.392,0.0,0.744,5889.18,6299.34,0.0,7684.1,9683.6,0.0,3830.7901996846554
1731071195.05,19.8,0.387,0.0,1.24,5889.31,6299.53,0.0,7684.2,9683.7,0.0,3830.696633903552
1731071195.55,20.5,0.393,0.0,0.849,5889.44,6299.72,0.0,7684.3,9683.8,0.0,3830.6030681865223
1731071196.05,19.8,0.521,0.0,0.971,5889.57,6299.91,0.0,7684.4,9683.9,0.0,3830.5095025335727
1731071196.55,19.8,0.342,0.0,0.724,5889.7,6300.1,0.0,7684.5,9684.0,0.0,3830.415936944707
1731071197.05,19.8,0.323,0.0,1.03,5889.83,6300.29,0.0,7684.6,9684.1,0.0,3830.322371419931
1731071197.55,20.5,0.418,0.0,0.803,5889.96,6300.48,0.0,7684.7,9684.2,0.0,3830.2288059592483
1731071198.05,19.8,0.347,0.0,0.746,5890.09,6300.67,0.0,7684.8,9684.3,0.0,3830.1352405626612
1731071198.55,19.8,0.388,0.0,0.722,5890.22,6300.86,0.0,7684.9,9684.4,0.0,3830.0416752301794
1731071199.05,19.8,0.353,0.0,0.784,5890.35,6301.05,0.0,7685.0,9684.5,0.0,3829.948109961804
1731071199.55,20.5,0.458,0.0,0.893,5890.48,6301.24,0.0,7685.1,9684.6,0.0,3829.854544757543
1731071200.05,19.8,0.467,0.0,1.59,5890.61,6301.43,0.0,7685.2,9684.7,0.0,3829.760979617397
1731071200.55,19.8,0.386,0.0,1.02,5890.74,6301.62,0.0,7685.3,9684.8,0.0,3829.667414541372
1731071201.05,19.8,0.463,0.0,1.72,5890.87,6301.81,0.0,7685.4,9684.9,0.0,3829.573849529474
1731071201.55,20.5,0.456,0.0,1.07,5891.0,6302.0,0.0,7685.5,9685.0,0.0,3829.480284581708
1731071202.05,19.9,0.487,0.0,0.971,5891.13,6302.19,0.0,7685.6,9685.1,0.0,3829.3867196980777
1731071202.55,19.8,0.602,0.0,7.54,5891.26,6302.38,0.0,7685.7,9685.2,0.0,3829.2931548785873
1731071203.05,19.8,0.618,0.0,1.0,5891.39,6302.57,0.0,7685.8,9685.3,0.0,3829.199590123241
1731071203.55,20.5,0.456,0.0,6.65,5891.52,6302.76,0.0,7685.9,9685.4,0.0,3829.106025432045
1731071204.05,19.8,0.533,0.0,0.886,5891.65,6302.95,0.0,7686.0,9685.5,0.0,3829.0124608050055
1731071204.55,19.8,0.632,0.0,0.906,5891.78,6303.14,0.0,7686.1,9685.6,0.0,3828.9188962421235
1731071205.05,19.8,0.583,0.0,1.078,5891.91,6303.33,0.0,7686.2,9685.7,0.0,3828.8253317434064
1731071205.55,20.5,0.628,0.0,1.25,5892.04,6303.52,0.0,7686.3,9685.8,0.0,3828.7317673088555
1731071206.05,19.8,0.49,0.0,0.766,5892.17,6303.71,0.0,7686.4,9685.9,0.0,3828.63820293848
1731071206.55,19.8,0.481,0.0,0.805,5892.3,6303.9,0.0,7686.5,9686.0,0.0,3828.5446386322833
1731071207.05,19.8,0.461,0.0,1.13,5892.43,6304.09,0.0,7686.6,9686.1,0.0,3828.451074390269
1731071207.55,20.5,0.498,0.0,0.783,5892.56,6304.28,0.0,7686.7,9686.2,0.0,3828.3575102124414
1731071208.05,19.8,0.454,0.0,1.27,5892.69,6304.47,0.0,7686.8,9686.3,0.0,3828.263946098805
1731071208.55,19.2,0.552,0.032,0.79,5892.82,6304.66,0.0,7686.9,9686.4,0.0,3828.170382049367
1731071209.05,19.8,0.585,0.0,0.768,5892.95,6304.85,0.0,7687.0,9686.5,0.0,3828.0768180641307
1731071209.55,20.5,0.59,0.0,1.12,5893.08,6305.04,0.0,7687.1,9686.6,0.0,3827.983254143101
1731071210.05,19.8,0.71,0.0,0.784,5893.21,6305.23,0.0,7687.2,9686.7,0.0,3827.8896902862816
1731071210.55,19.8,0.633,0.0,1.26,5893.34,6305.42,0.0,7687.3,9686.8,0.0,3827.7961264936766
1731071211.05,19.8,0.592,0.0,1.12,5893.47,6305.61,0.0,7687.4,9686.9,0.0,3827.702562765294
1731071211.55,20.5,0.691,0.0,1.21,5893.6,6305.8,0.0,7687.5,9687.0,0.0,3827.608999101136
1731071212.05,19.9,0.705,0.0,0.955,5893.73,6305.99,0.0,7687.6,9687.1,0.0,3827.5154355012087
1731071212.55,19.8,0.672,0.0,0.984,5893.86,6306.18,0.0,7687.7,9687.2,0.0,3827.4218719655146
1731071213.05,19.8,0.701,0.0,0.721,5893.99,6306.37,0.0,7687.8,9687.3,0.0,3827.3283084940595
1731071213.55,20.5,0.736,0.0,0.804,5894.12,6306.56,0.0,7687.9,9687.4,0.0,3827.2347450868483
1731071214.05,19.8,0.742,0.0,0.782,5894.25,6306.75,0.0,7688.0,9687.5,0.0,3827.1411817438875
1731071214.55,19.8,0.543,0.0,0.82,5894.38,6306.94,0.0,7688.1,9687.6,0.0,3827.0476184651798
1731071215.05,19.9,0.295,0.0,0.73,5894.51,6307.13,0.0,7688.2,9687.7,0.0,3826.954055250729
1731071215.55,19.8,0.258,0.0,2.73,5894.64,6307.32,0.0,7688.3,9687.8,0.0,3826.8604921005413
1731071216.05,20.5,0.495,0.0,1.05,5894.77,6307.51,0.0,7688.4,9687.9,0.0,3826.766929014621
1731071216.55,19.8,0.358,0.0,8.48,5894.9,6307.7,0.0,7688.5,9688.0,0.0,3826.6733659929746
1731071217.05,19.9,0.306,0.0,1.27,5895.03,6307.89,0.0,7688.6,9688.1,0.0,3826.579803035604
1731071217.55,20.5,0.408,0.0,0.981,5895.16,6308.08,0.0,7688.7,9688.2,0.0,3826.4862401425153
1731071218.05,19.8,0.354,0.0,1.96,5895.29,6308.27,0.0,7688.8,9688.3,0.0,3826.3926773137114
1731071218.55,19.9,0.392,0.0,0.881,5895.42,6308.46,0.0,7688.9,9688.4,0.0,3826.2991145492006
1731071219.05,19.8,0.359,0.0,1.5,5895.55,6308.65,0.0,7689.0,9688.5,0.0,3826.205551848986
1731071219.55,20.5,0.473,0.0,1.12,5895.68,6308.84,0.0,7689.1,9688.6,0.0,3826.111989213071
1731071220.05,19.8,0.376,0.0,1.57,5895.81,6309.03,0.0,7689.2,9688.7,0.0,3826.0184266414612
1731071220.55,19.8,0.321,0.0,1.2,5895.94,6309.22,0.0,7689.3,9688.8,0.0,3825.9248641341605
1731071221.05,19.8,0.333,0.0,1.12,5896.07,6309.41,0.0,7689.4,9688.9,0.0,3825.831301691176
1731071221.55,20.5,0.33,0.0,2.92,5896.2,6309.6,0.0,7689.5,9689.0,0.0,3825.7377393125103
1731071222.05,19.8,0.375,0.0,0.957,5896.33,6309.79,0.0,7689.6,9689.1,0.0,3825.6441769981698
1731071222.55,19.8,0.444,0.0,0.876,5896.46,6309.98,0.0,7689.7,9689.2,0.0,3825.5506147481574
1731071223.05,19.8,0.56,0.0,1.07,5896.59,6310.17,0.0,7689.8,9689.3,0.0,3825.457052562477
1731071223.55,20.5,0.478,0.0,1.26,5896.72,6310.36,0.0,7689.9,9689.4,0.0,3825.363490441137
1731071224.05,19.8,0.433,0.0,0.974,5896.85,6310.55,0.0,7690.0,9689.5,0.0,3825.2699283841393
1731071224.55,19.8,0.504,0.0,0.826,5896.98,6310.74,0.0,7690.1,9689.6,0.0,3825.176366391491
1731071225.05,19.8,0.637,0.0,2.46,5897.11,6310.93,0.0,7690.2,9689.7,0.0,3825.0828044631926
1731071225.55,20.5,0.526,0.0,3.04,5897.24,6311.12,0.0,7690.3,9689.8,0.0,3824.9892425992516
1731071226.05,19.9,0.771,0.0,3.06,5897.37,6311.31,0.0,7690.4,9689.9,0.0,3824.895680799673
1731071226.55,19.8,0.57,0.0,6.61,5897.5,6311.5,0.0,7690.5,9690.0,0.0,3824.802119064462
1731071227.05,19.8,0.53,0.0,0.87,5897.63,6311.69,0.0,7690.6,9690.1,0.0,3824.708557393623
1731071227.55,19.8,0.551,0.0,1.14,5897.76,6311.88,0.0,7690.7,9690.2,0.0,3824.614995787158
1731071228.05,20.5,0.498,0.0,0.952,5897.89,6312.07,0.0,7690.8,9690.3,0.0,3824.5214342450736
1731071228.55,19.8,0.448,0.0,0.844,5898.02,6312.26,0.0,7690.9,9690.4,0.0,3824.4278727673754
1731071229.05,19.8,0.524,0.0,1.09,5898.15,6312.45,0.0,7691.0,9690.5,0.0,3824.3343113540695
1731071229.55,20.5,0.443,0.0,0.905,5898.28,6312.64,0.0,7691.1,9690.6,0.0,3824.2407500051568
1731071230.05,19.8,0.628,0.0,0.987,5898.41,6312.83,0.0,7691.2,9690.7,0.0,3824.147188720644
1731071230.55,19.8,0.84,0.0,0.917,5898.54,6313.02,0.0,7691.3,9690.8,0.0,3824.053627500534
1731071231.05,19.8,0.565,0.0,7.43,5898.67,6313.21,0.0,7691.4,9690.9,0.0,3823.960066344835
1731071231.55,20.5,0.531,0.0,1.02,5898.8,6313.4,0.0,7691.5,9691.0,0.0,3823.8665052535503
1731071232.05,19.8,0.61,0.0,0.827,5898.93,6313.59,0.0,7691.6,9691.1,0.0,3823.7729442266836
1731071232.55,19.8,0.864,0.0,0.971,5899.06,6313.78,0.0,7691.7,9691.2,0.0,3823.6793832642406
1731071233.05,19.8,0.645,0.0,1.85,5899.19,6313.97,0.0,7691.8,9691.3,0.0,3823.5858223662244
1731071233.55,20.5,0.868,0.0,2.39,5899.32,6314.16,0.0,7691.9,9691.4,0.0,3823.492261532642
1731071234.05,19.8,0.917,0.0,3.2,5899.45,6314.35,0.0,7692.0,9691.5,0.0,3823.3987007634973
1731071234.55,19.8,0.859,0.0,2.52,5899.58,6314.54,0.0,7692.1,9691.6,0.0,3823.3051400587956
1731071235.05,19.8,0.765,0.0,3.64,5899.71,6314.73,0.0,7692.2,9691.7,0.0,3823.21157941854
1731071235.55,20.5,1.047,0.0,1.01,5899.84,6314.92,0.0,7692.3,9691.8,0.0,3823.1180188427343
1731071236.05,19.2,0.329,0.0,9.98,5899.97,6315.11,0.0,7692.4,9691.9,0.0,3823.0244583313875
1731071236.55,20.5,0.283,0.0,0.943,5900.1,6315.3,0.0,7692.5,9692.0,0.0,3822.930897884501
1731071237.05,19.8,0.344,0.0,0.876,5900.23,6315.49,0.0,7692.6,9692.1,0.0,3822.837337502082
1731071237.55,20.5,0.482,0.0,0.689,5900.36,6315.68,0.0,7692.7,9692.2,0.0,3822.743777184132
1731071238.05,19.8,0.394,0.0,1.32,5900.49,6315.87,0.0,7692.8,9692.3,0.0,3822.650216930657
1731071238.55,19.8,0.378,0.0,0.934,5900.62,6316.06,0.0,7692.9,9692.4,0.0,3822.556656741662
1731071239.05,19.8,0.425,0.0,1.74,5900.75,6316.25,0.0,7693.0,9692.5,0.0,3822.463096617154
1731071239.55,20.5,0.546,0.0,1.25,5900.88,6316.44,0.0,7693.1,9692.6,0.0,3822.369536557135
1731071240.05,19.8,0.389,0.0,1.16,5901.01,6316.63,0.0,7693.2,9692.7,0.0,3822.2759765616092
1731071240.55,19.8,0.286,0.0,1.51,5901.14,6316.82,0.0,7693.3,9692.8,0.0,3822.182416630582
1731071241.05,19.8,0.307,0.0,0.822,5901.27,6317.01,0.0,7693.4,9692.9,0.0,3822.088856764059
1731071241.55,19.9,0.543,0.0,2.34,5901.4,6317.2,0.0,7693.5,9693.0,0.0,3821.9952969620463
1731071242.05,20.5,0.364,0.0,2.09,5901.53,6317.39,0.0,7693.6,9693.1,0.0,3821.9017372245457
1731071242.55,19.8,0.51,0.0,10.6,5901.66,6317.58,0.0,7693.7,9693.2,0.0,3821.808177551564
1731071243.05,19.8,0.362,0.0,2.97,5901.79,6317.77,0.0,7693.8,9693.3,0.0,3821.7146179431024
1731071243.55,20.5,0.405,0.0,2.51,5901.92,6317.96,0.0,7693.9,9693.4,0.0,3821.62105839917
1731071244.05,19.8,0.363,0.0,2.25,5902.05,6318.15,0.0,7694.0,9693.5,0.0,3821.527498919771
1731071244.55,19.9,0.426,0.0,0.831,5902.18,6318.34,0.0,7694.1,9693.6,0.0,3821.433939504908
1731071245.05,19.8,0.619,0.0,0.798,5902.31,6318.53,0.0,7694.2,9693.7,0.0,3821.3403801545874
1731071245.55,20.5,0.447,0.0,0.825,5902.44,6318.72,0.0,7694.3,9693.8,0.0,3821.246820868811
1731071246.05,19.8,0.435,0.0,0.878,5902.57,6318.91,0.0,7694.4,9693.9,0.0,3821.153261647588
1731071246.55,19.8,0.537,0.0,0.731,5902.7,6319.1,0.0,7694.5,9694.0,0.0,3821.05970249092
1731071247.05,19.8,0.674,0.0,0.896,5902.83,6319.29,0.0,7694.6,9694.1,0.0,3820.9661433988135
1731071247.55,20.5,0.516,0.0,0.725,5902.96,6319.48,0.0,7694.7,9694.2,0.0,3820.8725843712728
1731071248.05,19.8,0.515,0.0,0.75,5903.09,6319.67,0.0,7694.8,9694.3,0.0,3820.7790254082993
1731071248.55,19.8,0.705,0.0,0.778,5903.22,6319.86,0.0,7694.9,9694.4,0.0,3820.6854665099036
1731071249.05,19.8,0.651,0.0,0.845,5903.35,6320.05,0.0,7695.0,9694.5,0.0,3820.5919076760865
1731071249.55,20.5,0.625,0.0,1.23,5903.48,6320.24,0.0,7695.1,9694.6,0.0,3820.4983489068554
1731071250.05,19.9,0.443,0.0,1.18,5903.61,6320.43,0.0,7695.2,9694.7,0.0,3820.4047902022116
1731071250.55,19.8,0.444,0.0,1.08,5903.74,6320.62,0.0,7695.3,9694.8,0.0,3820.311231562161
1731071251.05,19.8,0.596,0.0,0.898,5903.87,6320.81,0.0,7695.4,9694.9,0.0,3820.21767298671
1731071251.55,19.8,0.593,0.031,2.79,5904.0,6321.0,0.0,7695.5,9695.0,0.0,3820.1241144758633
1731071252.05,19.8,0.583,0.0,0.876,5904.13,6321.19,0.0,7695.6,9695.1,0.0,3820.0305560296247
1731071252.55,19.8,0.538,0.0,0.932,5904.26,6321.38,0.0,7695.7,9695.2,0.0,3819.9369976479984
1731071253.05,19.8,0.489,0.0,0.788,5904.39,6321.57,0.0,7695.8,9695.3,0.0,3819.8434393309885
1731071253.55,20.5,0.634,0.0,0.773,5904.52,6321.76,0.0,7695.9,9695.4,0.0,3819.749881078602
1731071254.05,19.8,0.55,0.0,1.28,5904.65,6321.95,0.0,7696.0,9695.5,0.0,3819.656322890844
1731071254.55,19.8,0.639,0.0,1.27,5904.78,6322.14,0.0,7696.1,9695.6,0.0,3819.5627647677165
1731071255.05,19.8,0.641,0.0,1.11,5904.91,6322.33,0.0,7696.2,9695.7,0.0,3819.469206709226
1731071255.55,20.5,0.689,0.0,1.06,5905.04,6322.52,0.0,7696.3,9695.8,0.0,3819.375648715375
1731071256.05,19.8,0.71,0.0,0.808,5905.17,6322.71,0.0,7696.4,9695.9,0.0,3819.2820907861724
1731071256.55,19.8,0.759,0.0,1.73,5905.3,6322.9,0.0,7696.5,9696.0,0.0,3819.1885329216207
1731071257.05,19.8,0.512,0.0,1.49,5905.43,6323.09,0.0,7696.6,9696.1,0.0,3819.094975121724
1731071257.55,19.8,0.357,0.0,1.25,5905.56,6323.28,0.0,7696.7,9696.2,0.0,3819.001417386488
1731071258.05,20.5,0.401,0.0,2.21,5905.69,6323.47,0.0,7696.8,9696.3,0.0,3818.907859715916
1731071258.55,19.8,0.287,0.0,1.35,5905.82,6323.66,0.0,7696.9,9696.4,0.0,3818.8143021100145
1731071259.05,19.9,0.255,0.0,1.21,5905.95,6323.85,0.0,7697.0,9696.5,0.0,3818.7207445687877
1731071259.55,20.5,0.349,0.0,1.94,5906.08,6324.04,0.0,7697.1,9696.6,0.0,3818.6271870922415
1731071260.05,19.8,0.411,0.0,7.25,5906.21,6324.23,0.0,7697.2,9696.7,0.0,3818.533629680379
1731071260.55,19.8,0.442,0.0,1.58,5906.34,6324.42,0.0,7697.3,9696.8,0.0,3818.440072333203
1731071261.05,19.8,0.539,0.0,1.05,5906.47,6324.61,0.0,7697.4,9696.9,0.0,3818.3465150507227
1731071261.55,20.5,0.452,0.0,1.39,5906.6,6324.8,0.0,7697.5,9697.0,0.0,3818.2529578329404
1731071262.05,19.8,0.353,0.0,1.1,5906.73,6324.99,0.0,7697.6,9697.1,0.0,3818.1594006798623
1731071262.55,19.9,0.409,0.0,0.959,5906.86,6325.18,0.0,7697.7,9697.2,0.0,3818.065843591491
1731071263.05,19.8,0.395,0.0,1.5,5906.99,6325.37,0.0,7697.8,9697.3,0.0,3817.972286567832
1731071263.55,20.5,0.313,0.0,0.977,5907.12,6325.56,0.0,7697.9,9697.4,0.0,3817.8787296088904
1731071264.05,19.8,0.369,0.0,0.705,5907.25,6325.75,0.0,7698.0,9697.5,0.0,3817.785172714672
1731071264.55,19.8,0.41,0.0,0.763,5907.38,6325.94,0.0,7698.1,9697.6,0.0,3817.6916158851814
1731071265.05,19.9,0.425,0.0,0.856,5907.51,6326.13,0.0,7698.2,9697.7,0.0,3817.5980591204207
1731071265.55,20.5,0.542,0.0,1.22,5907.64,6326.32,0.0,7698.3,9697.8,0.0,3817.504502420396
1731071266.05,19.8,0.406,0.0,0.777,5907.77,6326.51,0.0,7698.4,9697.9,0.0,3817.410945785113
1731071266.55,19.8,0.664,0.0,0.994,5907.9,6326.7,0.0,7698.5,9698.0,0.0,3817.3173892145783
1731071267.05,19.8,0.588,0.0,0.801,5908.03,6326.89,0.0,7698.6,9698.1,0.0,3817.2238327087925
1731071267.55,20.5,0.468,0.0,3.27,5908.16,6327.08,0.0,7698.7,9698.2,0.0,3817.1302762677624
1731071268.05,19.8,0.554,0.0,6.29,5908.29,6327.27,0.0,7698.8,9698.3,0.0,3817.036719891491
1731071268.55,19.9,0.534,0.0,2.14,5908.42,6327.46,0.0,7698.9,9698.4,0.0,3816.9431635799865
1731071269.05,19.8,0.502,0.0,1.4,5908.55,6327.65,0.0,7699.0,9698.5,0.0,3816.849607333252
1731071269.55,20.5,0.677,0.0,1.06,5908.68,6327.84,0.0,7699.1,9698.6,0.0,3816.7560511512916
1731071270.05,19.8,0.673,0.0,1.29,5908.81,6328.03,0.0,7699.2,9698.7,0.0,3816.662495034111
1731071270.55,19.8,0.666,0.0,1.1,5908.94,6328.22,0.0,7699.3,9698.8,0.0,3816.5689389817126
1731071271.05,19.8,0.559,0.0,1.62,5909.07,6328.41,0.0,7699.4,9698.9,0.0,3816.4753829941046
1731071271.55,20.5,0.476,0.0,1.66,5909.2,6328.6,0.0,7699.5,9699.0,0.0,3816.3818270712904
1731071272.05,19.8,0.443,0.0,0.8,5909.33,6328.79,0.0,7699.6,9699.1,0.0,3816.2882712132746
1731071272.55,19.8,0.544,0.0,1.66,5909.46,6328.98,0.0,7699.7,9699.2,0.0,3816.1947154200616
1731071273.05,19.8,0.583,0.0,5.53,5909.59,6329.17,0.0,7699.8,9699.3,0.0,3816.101159691655
1731071273.55,19.9,0.656,0.0,1.36,5909.72,6329.36,0.0,7699.9,9699.4,0.0,3816.007604028063
1731071274.05,20.5,0.677,0.0,0.767,5909.85,6329.55,0.0,7700.0,9699.5,0.0,3815.914048429288
1731071274.55,19.9,0.683,0.0,1.43,5909.98,6329.74,0.0,7700.1,9699.6,0.0,3815.8204928953364
1731071275.05,19.8,0.609,0.0,1.31,5910.11,6329.93,0.0,7700.2,9699.7,0.0,3815.72693742621
1731071275.55,20.5,0.671,0.0,2.7,5910.24,6330.12,0.0,7700.3,9699.8,0.0,3815.633382021915
1731071276.05,19.8,0.714,0.0,2.3,5910.37,6330.31,0.0,7700.4,9699.9,0.0,3815.539826682457
1731071276.55,19.8,0.735,0.0,1.09,5910.5,6330.5,0.0,7700.5,9700.0,0.0,3815.4462714078413
1731071277.05,19.8,0.718,0.0,2.04,5910.63,6330.69,0.0,7700.6,9700.1,0.0,3815.3527161980724
1731071277.55,20.5,0.928,0.0,1.22,5910.76,6330.88,0.0,7700.7,9700.2,0.0,3815.259161053152
1731071278.05,19.8,0.82,0.0,2.12,5910.89,6331.07,0.0,7700.8,9700.3,0.0,3815.1656059730876
1731071278.55,19.8,0.607,0.0,1.38,5911.02,6331.26,0.0,7700.9,9700.4,0.0,3815.0720509578837
1731071279.05,19.8,0.247,0.0,1.18,5911.15,6331.45,0.0,7701.0,9700.5,0.0,3814.9784960075467
1731071279.55,20.5,0.378,0.0,0.933,5911.28,6331.64,0.0,7701.1,9700.6,0.0,3814.884941122078
1731071280.05,19.8,0.341,0.0,0.816,5911.41,6331.83,0.0,7701.2,9700.7,0.0,3814.791386301485
1731071280.55,19.8,0.477,0.0,1.15,5911.54,6332.02,0.0,7701.3,9700.8,0.0,3814.697831545769
1731071281.05,19.8,0.66,0.0,0.873,5911.67,6332.21,0.0,7701.4,9700.9,0.0,3814.6042768549396
1731071281.55,20.5,0.315,0.0,0.821,5911.8,6332.4,0.0,7701.5,9701.0,0.0,3814.5107222289994
1731071282.05,19.8,0.358,0.0,0.773,5911.93,6332.59,0.0,7701.6,9701.1,0.0,3814.417167667952
1731071282.55,19.8,0.333,0.0,0.793,5912.06,6332.78,0.0,7701.7,9701.2,0.0,3814.323613171804
1731071283.05,19.8,0.32,0.0,0.989,5912.19,6332.97,0.0,7701.8,9701.3,0.0,3814.2300587405575
1731071283.55,19.8,0.381,0.0,0.793,5912.32,6333.16,0.0,7701.9,9701.4,0.0,3814.1365043742203
1731071284.05,19.8,0.347,0.0,0.92,5912.45,6333.35,0.0,7702.0,9701.5,0.0,3814.042950072796
1731071284.55,19.8,0.322,0.0,0.735,5912.58,6333.54,0.0,7702.1,9701.6,0.0,3813.9493958362905
1731071285.05,19.8,0.363,0.0,0.751,5912.71,6333.73,0.0,7702.2,9701.7,0.0,3813.8558416647065
1731071285.55,20.5,0.483,0.0,1.18,5912.84,6333.92,0.0,7702.3,9701.8,0.0,3813.762287558048
1731071286.05,19.8,0.413,0.0,0.941,5912.97,6334.11,0.0,7702.4,9701.9,0.0,3813.6687335163233
1731071286.55,19.8,0.36,0.0,1.66,5913.1,6334.3,0.0,7702.5,9702.0,0.0,3813.5751795395354
1731071287.05,19.8,0.426,0.0,0.746,5913.23,6334.49,0.0,7702.6,9702.1,0.0,3813.4816256276895
1731071287.55,20.5,0.382,0.0,0.839,5913.36,6334.68,0.0,7702.7,9702.2,0.0,3813.388071780789
1731071288.05,19.8,0.549,0.0,0.796,5913.49,6334.87,0.0,7702.8,9702.3,0.0,3813.2945179988387
1731071288.55,19.8,0.921,0.0,1.04,5913.62,6335.06,0.0,7702.9,9702.4,0.0,3813.2009642818452
1731071289.05,19.8,0.508,0.0,0.897,5913.75,6335.25,0.0,7703.0,9702.5,0.0,3813.1074106298133
1731071289.55,20.5,0.465,0.0,0.748,5913.88,6335.44,0.0,7703.1,9702.6,0.0,3813.013857042747
1731071290.05,19.8,0.493,0.0,0.906,5914.01,6335.63,0.0,7703.2,9702.7,0.0,3812.9203035206497
1731071290.55,19.9,0.661,0.0,0.825,5914.14,6335.82,0.0,7703.3,9702.8,0.0,3812.826750063527
1731071291.05,19.8,0.572,0.0,1.16,5914.27,6336.01,0.0,7703.4,9702.9,0.0,3812.7331966713846
1731071291.55,19.8,0.395,0.0,0.677,5914.4,6336.2,0.0,7703.5,9703.0,0.0,3812.6396433442283
1731071292.05,20.5,0.63,0.0,0.776,5914.53,6336.39,0.0,7703.6,9703.1,0.0,3812.54609008206
1731071292.55,19.8,0.419,0.0,0.828,5914.66,6336.58,0.0,7703.7,9703.2,0.0,3812.4525368848863
1731071293.05,19.9,0.478,0.0,0.751,5914.79,6336.77,0.0,7703.8,9703.3,0.0,3812.3589837527097
1731071293.55,20.5,0.465,0.0,1.81,5914.92,6336.96,0.0,7703.9,9703.4,0.0,3812.265430685539
1731071294.05,19.8,0.47,0.0,0.687,5915.05,6337.15,0.0,7704.0,9703.5,0.0,3812.1718776833764
1731071294.55,19.8,0.825,0.0,0.725,5915.18,6337.34,0.0,7704.1,9703.6,0.0,3812.0783247462273
1731071295.05,19.8,0.641,0.0,0.919,5915.31,6337.53,0.0,7704.2,9703.7,0.0,3811.984771874096
1731071295.55,20.5,0.547,0.0,0.713,5915.44,6337.72,0.0,7704.3,9703.8,0.0,3811.891219066986
1731071296.05,19.8,0.587,0.0,0.893,5915.57,6337.91,0.0,7704.4,9703.9,0.0,3811.7976663249055
1731071296.55,19.8,0.74,0.0,0.967,5915.7,6338.1,0.0,7704.5,9704.0,0.0,3811.7041136478574
1731071297.05,19.8,0.801,0.0,0.798,5915.83,6338.29,0.0,7704.6,9704.1,0.0,3811.610561035847
1731071297.55,20.5,0.651,0.0,0.832,5915.96,6338.48,0.0,7704.7,9704.2,0.0,3811.517008488878
1731071298.05,19.8,0.701,0.0,0.867,5916.09,6338.67,0.0,7704.8,9704.3,0.0,3811.423456006954
1731071298.55,19.8,0.707,0.0,0.757,5916.22,6338.86,0.0,7704.9,9704.4,0.0,3811.3299035900836
1731071299.05,19.8,0.764,0.0,0.905,5916.35,6339.05,0.0,7705.0,9704.5,0.0,3811.2363512382694
1731071299.55,20.5,0.867,0.0,0.757,5916.48,6339.24,0.0,7705.1,9704.6,0.0,3811.1427989515178
1731071300.05,19.8,0.498,0.0,2.97,5916.61,6339.43,0.0,7705.2,9704.7,0.0,3811.04924672983
1731071300.55,19.8,0.389,0.0,0.779,5916.74,6339.62,0.0,7705.3,9704.8,0.0,3810.955694573213
1731071301.05,19.8,0.33,0.0,0.826,5916.87,6339.81,0.0,7705.4,9704.9,0.0,3810.862142481671
1731071301.55,20.5,0.502,0.0,1.26,5917.0,6340.0,0.0,7705.5,9705.0,0.0,3810.768590455212
1731071302.05,19.9,0.349,0.0,0.732,5917.13,6340.19,0.0,7705.6,9705.1,0.0,3810.675038493837
1731071302.55,19.8,0.634,0.0,0.938,5917.26,6340.38,0.0,7705.7,9705.2,0.0,3810.5814865975512
1731071303.05,19.8,0.431,0.0,0.949,5917.39,6340.57,0.0,7705.8,9705.3,0.0,3810.4879347663596
1731071303.55,20.5,0.726,0.0,1.85,5917.52,6340.76,0.0,7705.9,9705.4,0.0,3810.394383000268
1731071304.05,19.8,0.677,0.0,0.875,5917.65,6340.95,0.0,7706.0,9705.5,0.0,3810.300831299282
1731071304.55,19.8,0.411,0.0,0.773,5917.78,6341.14,0.0,7706.1,9705.6,0.0,3810.2072796634047
1731071305.05,19.8,0.397,0.0,1.48,5917.91,6341.33,0.0,7706.2,9705.7,0.0,3810.1137280926414
1731071305.55,19.8,0.35,0.031,0.715,5918.04,6341.52,0.0,7706.3,9705.8,0.0,3810.0201765869942
1731071306.05,19.8,0.351,0.0,1.29,5918.17,6341.71,0.0,7706.4,9705.9,0.0,3809.9266251464733
1731071306.55,19.8,0.318,0.0,1.32,5918.3,6341.9,0.0,7706.5,9706.0,0.0,3809.8330737710808
1731071307.05,19.8,0.517,0.0,0.842,5918.43,6342.09,0.0,7706.6,9706.1,0.0,3809.739522460821
1731071307.55,20.5,0.414,0.0,1.34,5918.56,6342.28,0.0,7706.7,9706.2,0.0,3809.645971215699
1731071308.05,19.8,0.569,0.0,0.784,5918.69,6342.47,0.0,7706.8,9706.3,0.0,3809.552420035718
1731071308.55,19.8,0.443,0.0,0.913,5918.82,6342.66,0.0,7706.9,9706.4,0.0,3809.4588689208863
1731071309.05,19.9,0.525,0.0,0.764,5918.95,6342.85,0.0,7707.0,9706.5,0.0,3809.3653178712066
1731071309.55,19.8,0.639,0.0,1.01,5919.08,6343.04,0.0,7707.1,9706.6,0.0,3809.271766886685
1731071310.05,20.5,0.509,0.0,0.999,5919.21,6343.23,0.0,7707.2,9706.7,0.0,3809.178215967324
1731071310.55,19.9,0.584,0.0,2.1,5919.34,6343.42,0.0,7707.3,9706.8,0.0,3809.0846651131283
1731071311.05,19.8,0.525,0.0,6.54,5919.47,6343.61,0.0,7707.4,9706.9,0.0,3808.991114324106
1731071311.55,20.5,0.542,0.0,1.04,5919.6,6343.8,0.0,7707.5,9707.0,0.0,3808.89756360026
1731071312.05,19.8,0.556,0.0,1.09,5919.73,6343.99,0.0,7707.6,9707.1,0.0,3808.8040129415963
1731071312.55,19.8,0.514,0.0,1.03,5919.86,6344.18,0.0,7707.7,9707.2,0.0,3808.7104623481164
1731071313.05,19.9,0.459,0.0,1.27,5919.99,6344.37,0.0,7707.8,9707.3,0.0,3808.616911819827
1731071313.55,20.5,0.436,0.0,0.831,5920.12,6344.56,0.0,7707.9,9707.4,0.0,3808.523361356734
1731071314.05,19.8,0.546,0.0,0.914,5920.25,6344.75,0.0,7708.0,9707.5,0.0,3808.4298109588417
1731071314.55,19.9,0.486,0.0,0.919,5920.38,6344.94,0.0,7708.1,9707.6,0.0,3808.3362606261553
1731071315.05,19.8,0.578,0.0,0.723,5920.51,6345.13,0.0,7708.2,9707.7,0.0,3808.242710358677
1731071315.55,19.9,0.5,0.0,0.745,5920.64,6345.32,0.0,7708.3,9707.8,0.0,3808.1491601564135
1731071316.05,20.5,0.518,0.0,0.917,5920.77,6345.51,0.0,7708.4,9707.9,0.0,3808.05561001937
1731071316.55,19.8,0.543,0.0,0.81,5920.9,6345.7,0.0,7708.5,9708.0,0.0,3807.962059947552
1731071317.05,19.8,0.637,0.0,0.916,5921.03,6345.89,0.0,7708.6,9708.1,0.0,3807.868509940962
1731071317.55,20.5,0.563,0.0,0.808,5921.16,6346.08,0.0,7708.7,9708.2,0.0,3807.7749599996064
1731071318.05,19.8,0.713,0.0,0.869,5921.29,6346.27,0.0,7708.8,9708.3,0.0,3807.6814101234877
1731071318.55,19.8,0.827,0.0,0.826,5921.42,6346.46,0.0,7708.9,9708.4,0.0,3807.587860312615
1731071319.05,19.8,0.681,0.0,1.15,5921.55,6346.65,0.0,7709.0,9708.5,0.0,3807.4943105669904
1731071319.55,20.5,0.664,0.0,1.08,5921.68,6346.84,0.0,7709.1,9708.6,0.0,3807.4007608866186
1731071320.05,19.8,0.719,0.0,1.38,5921.81,6347.03,0.0,7709.2,9708.7,0.0,3807.307211271505
1731071320.55,19.8,0.832,0.0,1.71,5921.94,6347.22,0.0,7709.3,9708.8,0.0,3807.213661721653
1731071321.05,19.8,0.556,0.0,0.874,5922.07,6347.41,0.0,7709.4,9708.9,0.0,3807.12011223707
1731071321.55,19.8,0.372,0.0,0.782,5922.2,6347.6,0.0,7709.5,9709.0,0.0,3807.0265628177585
1731071322.05,20.5,0.379,0.0,0.835,5922.33,6347.79,0.0,7709.6,9709.1,0.0,3806.9330134637257
1731071322.55,19.8,0.327,0.0,3.48,5922.46,6347.98,0.0,7709.7,9709.2,0.0,3806.839464174974
1731071323.05,19.8,0.35,0.0,6.5,5922.59,6348.17,0.0,7709.8,9709.3,0.0,3806.7459149515084
1731071323.55,20.5,0.348,0.0,1.26,5922.72,6348.36,0.0,7709.9,9709.4,0.0,3806.6523657933353
1731071324.05,19.8,0.35,0.0,0.967,5922.85,6348.55,0.0,7710.0,9709.5,0.0,3806.558816700459
1731071324.55,19.8,0.404,0.0,1.08,5922.98,6348.74,0.0,7710.1,9709.6,0.0,3806.4652676728847
1731071325.05,19.8,0.409,0.0,0.884,5923.11,6348.93,0.0,7710.2,9709.7,0.0,3806.371718710615
1731071325.55,19.8,0.364,0.0,0.836,5923.24,6349.12,0.0,7710.3,9709.8,0.0,3806.2781698136564
1731071326.05,20.5,0.452,0.0,0.741,5923.37,6349.31,0.0,7710.4,9709.9,0.0,3806.1846209820133
1731071326.55,19.8,0.331,0.0,0.771,5923.5,6349.5,0.0,7710.5,9710.0,0.0,3806.0910722156927
1731071327.05,19.9,0.43,0.0,0.678,5923.63,6349.69,0.0,7710.6,9710.1,0.0,3805.9975235146967
1731071327.55,20.5,0.34,0.0,0.681,5923.76,6349.88,0.0,7710.7,9710.2,0.0,3805.90397487903
1731071328.05,19.8,0.345,0.0,0.654,5923.89,6350.07,0.0,7710.8,9710.3,0.0,3805.8104263086984
1731071328.55,19.8,0.402,0.0,0.817,5924.02,6350.26,0.0,7710.9,9710.4,0.0,3805.7168778037067
1731071329.05,19.8,0.41,0.0,0.76,5924.15,6350.45,0.0,7711.0,9710.5,0.0,3805.623329364061
1731071329.55,20.5,0.352,0.0,0.759,5924.28,6350.64,0.0,7711.1,9710.6,0.0,3805.5297809897643
1731071330.05,19.8,0.424,0.0,0.802,5924.41,6350.83,0.0,7711.2,9710.7,0.0,3805.436232680822
1731071330.55,19.8,0.634,0.0,0.844,5924.54,6351.02,0.0,7711.3,9710.8,0.0,3805.3426844372366
1731071331.05,19.8,0.49,0.0,1.36,5924.67,6351.21,0.0,7711.4,9710.9,0.0,3805.249136259017
1731071331.55,20.5,0.577,0.0,0.837,5924.8,6351.4,0.0,7711.5,9711.0,0.0,3805.155588146167
1731071332.05,19.8,0.555,0.0,0.799,5924.93,6351.59,0.0,7711.6,9711.1,0.0,3805.0620400986895
1731071332.55,19.9,0.576,0.0,0.813,5925.06,6351.78,0.0,7711.7,9711.2,0.0,3804.968492116591
1731071333.05,19.8,0.582,0.0,0.776,5925.19,6351.97,0.0,7711.8,9711.3,0.0,3804.874944199874
1731071333.55,20.5,0.546,0.0,0.762,5925.32,6352.16,0.0,7711.9,9711.4,0.0,3804.781396348547
1731071334.05,19.8,0.6,0.0,0.981,5925.45,6352.35,0.0,7712.0,9711.5,0.0,3804.6878485626125
1731071334.55,19.8,0.453,0.0,0.847,5925.58,6352.54,0.0,7712.1,9711.6,0.0,3804.594300842076
1731071335.05,19.8,0.485,0.0,0.777,5925.71,6352.73,0.0,7712.2,9711.7,0.0,3804.500753186942
1731071335.55,19.9,0.533,0.0,0.719,5925.84,6352.92,0.0,7712.3,9711.8,0.0,3804.407205597213
1731071336.05,20.5,0.647,0.0,1.21,5925.97,6353.11,0.0,7712.4,9711.9,0.0,3804.3136580728983
1731071336.55,19.7,0.605,0.0,1.16,5926.1,6353.3,0.0,7712.5,9712.0,0.0,3804.2201106140005
1731071337.05,19.9,0.611,0.0,2.37,5926.23,6353.49,0.0,7712.6,9712.1,0.0,3804.1265632205254
1731071337.55,20.5,0.652,0.0,0.863,5926.36,6353.68,0.0,7712.7,9712.2,0.0,3804.0330158924758
1731071338.05,19.8,0.615,0.0,0.797,5926.49,6353.87,0.0,7712.8,9712.3,0.0,3803.939468629857
1731071338.55,19.8,0.592,0.0,0.837,5926.62,6354.06,0.0,7712.9,9712.4,0.0,3803.845921432675
1731071339.05,19.8,0.84,0.0,0.732,5926.75,6354.25,0.0,7713.0,9712.5,0.0,3803.752374300935
1731071339.55,19.8,0.701,0.0,1.97,5926.88,6354.44,0.0,7713.1,9712.6,0.0,3803.658827234641
1731071340.05,20.5,0.67,0.0,3.34,5927.01,6354.63,0.0,7713.2,9712.7,0.0,3803.565280233797
1731071340.55,19.9,0.698,0.0,2.35,5927.14,6354.82,0.0,7713.3,9712.8,0.0,3803.471733298408
1731071341.05,19.8,0.861,0.0,1.03,5927.27,6355.01,0.0,7713.4,9712.9,0.0,3803.37818642848
1731071341.55,20.5,0.738,0.0,3.37,5927.4,6355.2,0.0,7713.5,9713.0,0.0,3803.284639624019
1731071342.05,19.8,0.804,0.0,4.66,5927.53,6355.39,0.0,7713.6,9713.1,0.0,3803.1910928850266
1731071342.55,19.8,0.601,0.0,3.93,5927.66,6355.58,0.0,7713.7,9713.2,0.0,3803.09754621151
1731071343.05,19.8,0.238,0.0,1.22,5927.79,6355.77,0.0,7713.8,9713.3,0.0,3803.00399960347
1731071343.55,20.5,0.372,0.0,0.905,5927.92,6355.96,0.0,7713.9,9713.4,0.0,3802.910453060918
1731071344.05,19.8,0.355,0.0,0.689,5928.05,6356.15,0.0,7714.0,9713.5,0.0,3802.816906583855
1731071344.55,19.8,0.424,0.0,0.874,5928.18,6356.34,0.0,7714.1,9713.6,0.0,3802.723360172286
1731071345.05,19.8,0.398,0.0,0.767,5928.31,6356.53,0.0,7714.2,9713.7,0.0,3802.6298138262164
1731071345.55,20.5,0.313,0.0,0.784,5928.44,6356.72,0.0,7714.3,9713.8,0.0,3802.536267545649
1731071346.05,19.8,0.343,0.0,0.821,5928.57,6356.91,0.0,7714.4,9713.9,0.0,3802.442721330592
1731071346.55,19.8,0.401,0.0,0.81,5928.7,6357.1,0.0,7714.5,9714.0,0.0,3802.3491751810484
1731071347.05,19.8,0.39,0.0,0.804,5928.83,6357.29,0.0,7714.6,9714.1,0.0,3802.2556290970238
1731071347.55,20.5,0.284,0.0,0.854,5928.96,6357.48,0.0,7714.7,9714.2,0.0,3802.1620830785223
1731071348.05,19.8,0.333,0.0,0.729,5929.09,6357.67,0.0,7714.8,9714.3,0.0,3802.0685371255468
1731071348.55,19.8,0.399,0.0,0.786,5929.22,6357.86,0.0,7714.9,9714.4,0.0,3801.974991238106
1731071349.05,19.8,0.507,0.0,0.801,5929.35,6358.05,0.0,7715.0,9714.5,0.0,3801.8814454162034
1731071349.55,20.5,0.378,0.0,0.86,5929.48,6358.24,0.0,7715.1,9714.6,0.0,3801.787899659844
1731071350.05,19.8,0.355,0.0,0.86,5929.61,6358.43,0.0,7715.2,9714.7,0.0,3801.6943539690305
1731071350.55,19.8,0.524,0.0,1.02,5929.74,6358.62,0.0,7715.3,9714.8,0.0,3801.6008083437687
1731071351.05,19.8,0.447,0.0,7.57,5929.87,6358.81,0.0,7715.4,9714.9,0.0,3801.507262784065
1731071351.55,20.5,0.466,0.0,1.07,5930.0,6359.0,0.0,7715.5,9715.0,0.0,3801.413717289924
1731071352.05,19.9,0.493,0.0,0.99,5930.13,6359.19,0.0,7715.6,9715.1,0.0,3801.3201718613504
1731071352.55,19.9,0.639,0.0,2.28,5930.26,6359.38,0.0,7715.7,9715.2,0.0,3801.2266264983473
1731071353.05,19.8,0.539,0.0,0.883,5930.39,6359.57,0.0,7715.8,9715.3,0.0,3801.1330812009196
1731071353.55,20.5,0.747,0.0,0.773,5930.52,6359.76,0.0,7715.9,9715.4,0.0,3801.0395359690738
1731071354.05,19.8,0.565,0.0,0.751,5930.65,6359.95,0.0,7716.0,9715.5,0.0,3800.9459908028166
1731071354.55,19.8,0.609,0.0,0.9,5930.78,6360.14,0.0,7716.1,9715.6,0.0,3800.852445702148
1731071355.05,19.8,0.711,0.0,0.779,5930.91,6360.33,0.0,7716.2,9715.7,0.0,3800.7589006670764
1731071355.55,19.9,0.492,0.0,0.796,5931.04,6360.52,0.0,7716.3,9715.8,0.0,3800.665355697604
1731071356.05,20.5,0.482,0.0,1.06,5931.17,6360.71,0.0,7716.4,9715.9,0.0,3800.571810793738
1731071356.55,19.9,0.52,0.0,0.766,5931.3,6360.9,0.0,7716.5,9716.0,0.0,3800.478265955484
1731071357.05,19.8,0.617,0.0,0.893,5931.43,6361.09,0.0,7716.6,9716.1,0.0,3800.384721182844
1731071357.55,20.5,0.714,0.0,1.03,5931.56,6361.28,0.0,7716.7,9716.2,0.0,3800.291176475824
1731071358.05,19.8,0.7,0.0,1.89,5931.69,6361.47,0.0,7716.8,9716.3,0.0,3800.1976318344277
1731071358.55,19.8,0.513,0.0,0.912,5931.82,6361.66,0.0,7716.9,9716.4,0.0,3800.104087258663
1731071359.05,19.8,0.523,0.0,0.909,5931.95,6361.85,0.0,7717.0,9716.5,0.0,3800.0105427485328
1731071359.55,20.5,0.748,0.0,3.31,5932.08,6362.04,0.0,7717.1,9716.6,0.0,3799.9169983040424
1731071360.05,19.8,0.589,0.0,0.797,5932.21,6362.23,0.0,7717.2,9716.7,0.0,3799.823453925196
1731071360.55,19.8,0.647,0.0,0.926,5932.34,6362.42,0.0,7717.3,9716.8,0.0,3799.729909611997
1731071361.05,19.8,0.658,0.0,0.782,5932.47,6362.61,0.0,7717.4,9716.9,0.0,3799.6363653644535
1731071361.55,19.9,0.717,0.0,1.19,5932.6,6362.8,0.0,7717.5,9717.0,0.0,3799.5428211825692
1731071362.05,20.5,0.686,0.0,0.927,5932.73,6362.99,0.0,7717.6,9717.1,0.0,3799.4492770663496
1731071362.55,19.8,0.677,0.0,2.68,5932.86,6363.18,0.0,7717.7,9717.2,0.0,3799.355733015797
1731071363.05,19.8,1.017,0.0,2.14,5932.99,6363.37,0.0,7717.8,9717.3,0.0,3799.2621890309174
1731071363.55,19.9,0.778,0.031,1.14,5933.12,6363.56,0.0,7717.9,9717.4,0.0,3799.168645111716
1731071364.05,19.8,0.526,0.0,0.859,5933.25,6363.75,0.0,7718.0,9717.5,0.0,3799.0751012581995
1731071364.55,19.8,0.357,0.0,1.45,5933.38,6363.94,0.0,7718.1,9717.6,0.0,3798.981557470371
1731071365.05,19.8,0.416,0.0,1.136,5933.51,6364.13,0.0,7718.2,9717.7,0.0,3798.888013748234
1731071365.55,20.5,0.325,0.0,0.823,5933.64,6364.32,0.0,7718.3,9717.8,0.0,3798.794470091794
1731071366.05,19.9,0.283,0.0,0.801,5933.77,6364.51,0.0,7718.4,9717.9,0.0,3798.700926501058
1731071366.55,19.8,0.339,0.0,0.838,5933.9,6364.7,0.0,7718.5,9718.0,0.0,3798.60738297603
1731071367.05,19.8,0.365,0.0,0.899,5934.03,6364.89,0.0,7718.6,9718.1,0.0,3798.5138395167132
1731071367.55,20.5,0.659,0.0,0.726,5934.16,6365.08,0.0,7718.7,9718.2,0.0,3798.4202961231144
1731071368.05,19.8,0.339,0.0,1.06,5934.29,6365.27,0.0,7718.8,9718.3,0.0,3798.326752795235
1731071368.55,19.8,0.412,0.0,0.832,5934.42,6365.46,0.0,7718.9,9718.4,0.0,3798.2332095330844
1731071369.05,19.8,0.324,0.0,0.895,5934.55,6365.65,0.0,7719.0,9718.5,0.0,3798.139666336666
1731071369.55,20.5,0.371,0.0,1.01,5934.68,6365.84,0.0,7719.1,9718.6,0.0,3798.046123205984
1731071370.05,19.8,0.338,0.0,0.937,5934.81,6366.03,0.0,7719.2,9718.7,0.0,3797.9525801410427
1731071370.55,19.8,0.406,0.0,1.56,5934.94,6366.22,0.0,7719.3,9718.8,0.0,3797.859037141847
1731071371.05,19.8,0.54,0.0,4.46,5935.07,6366.41,0.0,7719.4,9718.9,0.0,3797.765494208403
1731071371.55,20.5,0.426,0.0,0.923,5935.2,6366.6,0.0,7719.5,9719.0,0.0,3797.6719513407156
1731071372.05,19.8,0.389,0.0,0.797,5935.33,6366.79,0.0,7719.6,9719.1,0.0,3797.5784085387895
1731071372.55,19.8,0.556,0.0,0.891,5935.46,6366.98,0.0,7719.7,9719.2,0.0,3797.4848658026285
1731071373.05,19.8,0.455,0.0,0.811,5935.59,6367.17,0.0,7719.8,9719.3,0.0,3797.3913231322363
1731071373.55,20.5,0.572,0.0,0.87,5935.72,6367.36,0.0,7719.9,9719.4,0.0,3797.297780527621
1731071374.05,19.8,0.503,0.0,0.764,5935.85,6367.55,0.0,7720.0,9719.5,0.0,3797.2042379887857
1731071374.55,19.8,0.506,0.0,1.39,5935.98,6367.74,0.0,7720.1,9719.6,0.0,3797.1106955157375
1731071375.05,19.8,0.64,0.0,0.765,5936.11,6367.93,0.0,7720.2,9719.7,0.0,3797.017153108477
1731071375.55,19.9,0.561,0.0,1.34,5936.24,6368.12,0.0,7720.3,9719.8,0.0,3796.9236107670113
1731071376.05,20.5,0.596,0.0,0.728,5936.37,6368.31,0.0,7720.4,9719.9,0.0,3796.830068491345
1731071376.55,19.8,0.648,0.0,0.864,5936.5,6368.5,0.0,7720.5,9720.0,0.0,3796.736526281485
1731071377.05,19.8,0.447,0.0,0.791,5936.63,6368.69,0.0,7720.6,9720.1,0.0,3796.6429841374347
1731071377.55,20.5,0.558,0.0,1.36,5936.76,6368.88,0.0,7720.7,9720.2,0.0,3796.549442059197
1731071378.05,19.8,0.541,0.0,0.901,5936.89,6369.07,0.0,7720.8,9720.3,0.0,3796.455900046779
1731071378.55,19.9,0.629,0.0,0.764,5937.02,6369.26,0.0,7720.9,9720.4,0.0,3796.3623581001843
1731071379.05,19.8,0.542,0.0,1.18,5937.15,6369.45,0.0,7721.0,9720.5,0.0,3796.268816219421
1731071379.55,20.5,0.489,0.0,0.865,5937.28,6369.64,0.0,7721.1,9720.6,0.0,3796.1752744044898
1731071380.05,19.8,0.551,0.0,0.664,5937.41,6369.83,0.0,7721.2,9720.7,0.0,3796.0817326553974
1731071380.55,19.8,0.937,0.0,0.92,5937.54,6370.02,0.0,7721.3,9720.8,0.0,3795.988190972147
1731071381.05,19.8,0.668,0.0,0.756,5937.67,6370.21,0.0,7721.4,9720.9,0.0,3795.894649354747
1731071381.55,20.5,0.562,0.0,0.836,5937.8,6370.4,0.0,7721.5,9721.0,0.0,3795.8011078032005
1731071382.05,19.8,0.624,0.0,0.787,5937.93,6370.59,0.0,7721.6,9721.1,0.0,3795.707566317511
1731071382.55,19.8,0.645,0.0,0.811,5938.06,6370.78,0.0,7721.7,9721.2,0.0,3795.614024897685
1731071383.05,19.8,0.799,0.0,0.92,5938.19,6370.97,0.0,7721.8,9721.3,0.0,3795.5204835437257
1731071383.55,20.5,0.773,0.0,0.798,5938.32,6371.16,0.0,7721.9,9721.4,0.0,3795.4269422556404
1731071384.05,19.8,0.783,0.0,0.864,5938.45,6371.35,0.0,7722.0,9721.5,0.0,3795.333401033432
1731071384.55,19.8,0.738,0.0,0.81,5938.58,6371.54,0.0,7722.1,9721.6,0.0,3795.2398598771074
1731071385.05,19.8,0.788,0.0,0.746,5938.71,6371.73,0.0,7722.2,9721.7,0.0,3795.1463187866693
1731071385.55,19.8,0.351,0.0,0.814,5938.84,6371.92,0.0,7722.3,9721.8,0.0,3795.0527777621214
1731071386.05,20.5,0.341,0.0,0.774,5938.97,6372.11,0.0,7722.4,9721.9,0.0,3794.959236803473
1731071386.55,19.8,0.384,0.0,0.678,5939.1,6372.3,0.0,7722.5,9722.0,0.0,3794.8656959107257
1731071387.05,19.8,0.333,0.0,0.723,5939.23,6372.49,0.0,7722.6,9722.1,0.0,3794.772155083887
1731071387.55,20.5,0.638,0.0,1.03,5939.36,6372.68,0.0,7722.7,9722.2,0.0,3794.678614322958
1731071388.05,19.8,0.356,0.0,0.779,5939.49,6372.87,0.0,7722.8,9722.3,0.0,3794.585073627945
1731071388.55,19.8,0.43,0.0,0.802,5939.62,6373.06,0.0,7722.9,9722.4,0.0,3794.4915329988544
1731071389.05,19.8,0.416,0.0,0.774,5939.75,6373.25,0.0,7723.0,9722.5,0.0,3794.397992435691
1731071389.55,19.8,0.646,0.0,0.746,5939.88,6373.44,0.0,7723.1,9722.6,0.0,3794.3044519384584
1731071390.05,20.5,0.385,0.0,0.708,5940.01,6373.63,0.0,7723.2,9722.7,0.0,3794.210911507161
1731071390.55,19.8,0.403,0.0,0.861,5940.14,6373.82,0.0,7723.3,9722.8,0.0,3794.117371141804
1731071391.05,19.8,0.484,0.0,0.923,5940.27,6374.01,0.0,7723.4,9722.9,0.0,3794.023830842394
1731071391.55,19.9,0.476,0.0,0.852,5940.4,6374.2,0.0,7723.5,9723.0,0.0,3793.9302906089356
1731071392.05,20.5,0.389,0.0,0.803,5940.53,6374.39,0.0,7723.6,9723.1,0.0,3793.836750441432
1731071392.55,19.8,0.494,0.0,0.903,5940.66,6374.58,0.0,7723.7,9723.2,0.0,3793.7432103398887
1731071393.05,19.8,0.473,0.0,0.726,5940.79,6374.77,0.0,7723.8,9723.3,0.0,3793.6496703043094
1731071393.55,20.5,0.419,0.0,0.825,5940.92,6374.96,0.0,7723.9,9723.4,0.0,3793.5561303347017
1731071394.05,19.9,0.564,0.0,0.797,5941.05,6375.15,0.0,7724.0,9723.5,0.0,3793.4625904310697
1731071394.55,19.8,0.499,0.0,0.72,5941.18,6375.34,0.0,7724.1,9723.6,0.0,3793.369050593417
1731071395.05,19.8,0.434,0.0,1.1,5941.31,6375.53,0.0,7724.2,9723.7,0.0,3793.27551082175
1731071395.55,20.5,0.463,0.0,0.787,5941.44,6375.72,0.0,7724.3,9723.8,0.0,3793.18197111607
1731071396.05,19.8,0.579,0.0,1.45,5941.57,6375.91,0.0,7724.4,9723.9,0.0,3793.088431476387
1731071396.55,19.7,0.677,0.0,1.03,5941.7,6376.1,0.0,7724.5,9724.0,0.0,3792.9948919027033
1731071397.05,19.9,0.684,0.0,1.66,5941.83,6376.29,0.0,7724.6,9724.1,0.0,3792.9013523950243
1731071397.55,20.5,0.525,0.0,0.875,5941.96,6376.48,0.0,7724.7,9724.2,0.0,3792.807812953354
1731071398.05,19.8,0.521,0.0,0.894,5942.09,6376.67,0.0,7724.8,9724.3,0.0,3792.7142735776965
1731071398.55,19.8,0.464,0.0,0.84,5942.22,6376.86,0.0,7724.9,9724.4,0.0,3792.62073426806
1731071399.05,19.9,0.66,0.0,0.969,5942.35,6377.05,0.0,7725.0,9724.5,0.0,3792.527195024447
1731071399.55,20.5,0.501,0.0,0.854,5942.48,6377.24,0.0,7725.1,9724.6,0.0,3792.4336558468635
1731071400.05,19.8,0.496,0.0,0.777,5942.61,6377.43,0.0,7725.2,9724.7,0.0,3792.3401167353127
1731071400.55,19.9,0.562,0.0,0.728,5942.74,6377.62,0.0,7725.3,9724.8,0.0,3792.2465776897993
1731071401.05,19.8,0.566,0.0,0.849,5942.87,6377.81,0.0,7725.4,9724.9,0.0,3792.1530387103307
1731071401.55,20.5,0.539,0.0,1.19,5943.0,6378.0,0.0,7725.5,9725.0,0.0,3792.059499796911
1731071402.05,19.8,0.582,0.0,0.765,5943.13,6378.19,0.0,7725.6,9725.1,0.0,3791.965960949545
1731071402.55,19.8,0.658,0.0,1.33,5943.26,6378.38,0.0,7725.7,9725.2,0.0,3791.872422168236
1731071403.05,19.8,0.688,0.0,0.772,5943.39,6378.57,0.0,7725.8,9725.3,0.0,3791.778883452989
1731071403.55,20.5,0.698,0.0,0.835,5943.52,6378.76,0.0,7725.9,9725.4,0.0,3791.685344803811
1731071404.05,19.8,0.703,0.0,0.766,5943.65,6378.95,0.0,7726.0,9725.5,0.0,3791.591806220707
1731071404.55,19.8,0.879,0.0,0.783,5943.78,6379.14,0.0,7726.1,9725.6,0.0,3791.4982677036796
1731071405.05,19.8,0.842,0.0,0.834,5943.91,6379.33,0.0,7726.2,9725.7,0.0,3791.404729252735
1731071405.55,20.5,0.751,0.0,0.828,5944.04,6379.52,0.0,7726.3,9725.8,0.0,3791.311190867876
1731071406.05,19.8,0.823,0.0,0.858,5944.17,6379.71,0.0,7726.4,9725.9,0.0,3791.2176525491113
1731071406.55,19.8,0.666,0.0,0.971,5944.3,6379.9,0.0,7726.5,9726.0,0.0,3791.1241142964445
1731071407.05,19.9,0.499,0.0,0.881,5944.43,6380.09,0.0,7726.6,9726.1,0.0,3791.030576109879
1731071407.55,20.5,0.615,0.0,0.799,5944.56,6380.28,0.0,7726.7,9726.2,0.0,3790.937037989421
1731071408.05,19.8,0.453,0.0,0.874,5944.69,6380.47,0.0,7726.8,9726.3,0.0,3790.8434999350734
1731071408.55,19.8,0.337,0.0,0.821,5944.82,6380.66,0.0,7726.9,9726.4,0.0,3790.749961946844
1731071409.05,19.9,0.332,0.0,1.19,5944.95,6380.85,0.0,7727.0,9726.5,0.0,3790.6564240247358
1731071409.55,20.5,0.666,0.0,0.881,5945.08,6381.04,0.0,7727.1,9726.6,0.0,3790.562886168755
1731071410.05,19.8,0.423,0.0,1.65,5945.21,6381.23,0.0,7727.2,9726.7,0.0,3790.4693483789056
1731071410.55,19.8,0.368,0.0,2.86,5945.34,6381.42,0.0,7727.3,9726.8,0.0,3790.375810655191
1731071411.05,19.8,0.416,0.0,1.03,5945.47,6381.61,0.0,7727.4,9726.9,0.0,3790.282272997619
1731071411.55,19.9,0.462,0.0,0.798,5945.6,6381.8,0.0,7727.5,9727.0,0.0,3790.1887354061932
1731071412.05,20.5,0.292,0.0,0.814,5945.73,6381.99,0.0,7727.6,9727.1,0.0,3790.0951978809194
1731071412.55,19.9,0.38,0.0,2.89,5945.86,6382.18,0.0,7727.7,9727.2,0.0,3790.0016604218004
1731071413.05,19.8,0.394,0.0,1.71,5945.99,6382.37,0.0,7727.8,9727.3,0.0,3789.9081230288416
1731071413.55,20.5,0.393,0.0,2.85,5946.12,6382.56,0.0,7727.9,9727.4,0.0,3789.814585702049
1731071414.05,19.9,0.366,0.0,2.82,5946.25,6382.75,0.0,7728.0,9727.5,0.0,3789.7210484414286
1731071414.55,19.8,0.475,0.0,3.87,5946.38,6382.94,0.0,7728.1,9727.6,0.0,3789.6275112469834
1731071415.05,19.8,0.433,0.0,2.63,5946.51,6383.13,0.0,7728.2,9727.7,0.0,3789.5339741187177
1731071415.55,20.5,0.518,0.0,8.0,5946.64,6383.32,0.0,7728.3,9727.8,0.0,3789.440437056637
1731071416.05,19.8,0.377,0.0,1.21,5946.77,6383.51,0.0,7728.4,9727.9,0.0,3789.346900060747
1731071416.55,19.9,0.432,0.0,2.49,5946.9,6383.7,0.0,7728.5,9728.0,0.0,3789.2533631310544
1731071417.05,19.8,0.451,0.0,1.62,5947.03,6383.89,0.0,7728.6,9728.1,0.0,3789.1598262675598
1731071417.55,20.5,0.509,0.0,1.37,5947.16,6384.08,0.0,7728.7,9728.2,0.0,3789.066289470271
1731071418.05,19.8,0.494,0.0,1.99,5947.29,6384.27,0.0,7728.8,9728.3,0.0,3788.9727527391897
1731071418.55,19.9,0.557,0.0,0.84,5947.42,6384.46,0.0,7728.9,9728.4,0.0,3788.8792160743255
1731071419.05,19.8,0.471,0.0,0.877,5947.55,6384.65,0.0,7729.0,9728.5,0.0,3788.7856794756813
1731071419.55,19.8,0.431,0.0,2.14,5947.68,6384.84,0.0,7729.1,9728.6,0.0,3788.6921429432614
1731071420.05,20.5,0.58,0.0,6.42,5947.81,6385.03,0.0,7729.2,9728.7,0.0,3788.598606477071
1731071420.55,19.8,0.483,0.0,0.848,5947.94,6385.22,0.0,7729.3,9728.8,0.0,3788.5050700771135
1731071421.05,19.9,0.452,0.0,0.897,5948.07,6385.41,0.0,7729.4,9728.9,0.0,3788.4115337433973
1731071421.55,20.5,0.516,0.0,1.32,5948.2,6385.6,0.0,7729.5,9729.0,0.0,3788.3179974759246
1731071422.05,19.8,0.608,0.0,0.911,5948.33,6385.79,0.0,7729.6,9729.1,0.0,3788.2244612747018
1731071422.55,19.8,0.495,0.0,1.44,5948.46,6385.98,0.0,7729.7,9729.2,0.0,3788.130925139733
1731071423.05,19.8,0.653,0.0,1.11,5948.59,6386.17,0.0,7729.8,9729.3,0.0,3788.0373890710207
1731071423.55,20.5,0.747,0.0,1.01,5948.72,6386.36,0.0,7729.9,9729.4,0.0,3787.9438530685743
1731071424.05,19.8,0.605,0.0,1.51,5948.85,6386.55,0.0,7730.0,9729.5,0.0,3787.850317132397
1731071424.55,19.8,0.696,0.0,0.834,5948.98,6386.74,0.0,7730.1,9729.6,0.0,3787.7567812624934
1731071425.05,19.8,0.746,0.0,0.878,5949.11,6386.93,0.0,7730.2,9729.7,0.0,3787.663245458868
1731071425.55,20.5,0.699,0.0,0.922,5949.24,6387.12,0.0,7730.3,9729.8,0.0,3787.569709721525
1731071426.05,19.8,0.723,0.0,0.773,5949.37,6387.31,0.0,7730.4,9729.9,0.0,3787.476174050471
1731071426.55,19.8,0.757,0.0,1.3,5949.5,6387.5,0.0,7730.5,9730.0,0.0,3787.3826384457116
1731071427.05,19.8,0.738,0.0,1.14,5949.63,6387.69,0.0,7730.6,9730.1,0.0,3787.2891029072503
1731071427.55,20.5,0.727,0.0,2.62,5949.76,6387.88,0.0,7730.7,9730.2,0.0,3787.195567435091
1731071428.05,19.8,0.543,0.0,0.847,5949.89,6388.07,0.0,7730.8,9730.3,0.0,3787.1020320292396
1731071428.55,19.8,0.501,0.0,0.743,5950.02,6388.26,0.0,7730.9,9730.4,0.0,3787.0084966897016
1731071429.05,19.8,0.461,0.0,0.813,5950.15,6388.45,0.0,7731.0,9730.5,0.0,3786.9149614164826
1731071429.55,20.5,0.349,0.0,0.822,5950.28,6388.64,0.0,7731.1,9730.6,0.0,3786.8214262095858
1731071430.05,19.8,0.425,0.0,1.02,5950.41,6388.83,0.0,7731.2,9730.7,0.0,3786.727891069017
1731071430.55,19.8,0.685,0.0,0.902,5950.54,6389.02,0.0,7731.3,9730.8,0.0,3786.6343559947786
1731071431.05,19.8,0.42,0.0,1.61,5950.67,6389.21,0.0,7731.4,9730.9,0.0,3786.54082098688
1731071431.55,20.5,0.396,0.0,0.99,5950.8,6389.4,0.0,7731.5,9731.0,0.0,3786.4472860453243
1731071432.05,19.8,0.418,0.0,1.3,5950.93,6389.59,0.0,7731.6,9731.1,0.0,3786.353751170115
1731071432.55,19.8,0.31,0.0,1.28,5951.06,6389.78,0.0,7731.7,9731.2,0.0,3786.2602163612587
1731071433.05,19.8,0.332,0.0,0.813,5951.19,6389.97,0.0,7731.8,9731.3,0.0,3786.166681618758
1731071433.55,20.5,0.401,0.0,0.895,5951.32,6390.16,0.0,7731.9,9731.4,0.0,3786.0731469426205
1731071434.05,19.8,0.376,0.0,1.17,5951.45,6390.35,0.0,7732.0,9731.5,0.0,3785.97961233285
1731071434.55,19.9,0.467,0.0,0.773,5951.58,6390.54,0.0,7732.1,9731.6,0.0,3785.8860777894524
1731071435.05,19.8,0.501,0.0,1.28,5951.71,6390.73,0.0,7732.2,9731.7,0.0,3785.792543312431
1731071435.55,20.5,0.419,0.0,0.746,5951.84,6390.92,0.0,7732.3,9731.8,0.0,3785.69900890179
1731071436.05,19.8,0.39,0.0,0.862,5951.97,6391.11,0.0,7732.4,9731.9,0.0,3785.605474557537
1731071436.55,19.8,0.411,0.0,0.85,5952.1,6391.3,0.0,7732.5,9732.0,0.0,3785.511940279676
1731071437.05,19.9,0.426,0.0,1.63,5952.23,6391.49,0.0,7732.6,9732.1,0.0,3785.418406068213
1731071437.55,19.8,0.486,0.0,1.26,5952.36,6391.68,0.0,7732.7,9732.2,0.0,3785.3248719231487
1731071438.05,20.5,0.54,0.0,2.83,5952.49,6391.87,0.0,7732.8,9732.3,0.0,3785.231337844491
1731071438.55,19.8,0.475,0.0,1.4,5952.62,6392.06,0.0,7732.9,9732.4,0.0,3785.1378038322455
1731071439.05,19.8,0.528,0.0,1.0,5952.75,6392.25,0.0,7733.0,9732.5,0.0,3785.044269886417
1731071439.55,19.8,0.689,0.0,2.15,5952.88,6392.44,0.0,7733.1,9732.6,0.0,3784.95073600701
1731071440.05,19.8,0.534,0.0,6.36,5953.01,6392.63,0.0,7733.2,9732.7,0.0,3784.8572021940276
1731071440.55,19.8,0.562,0.0,1.37,5953.14,6392.82,0.0,7733.3,9732.8,0.0,3784.763668447476
1731071441.05,19.8,0.402,0.0,1.12,5953.27,6393.01,0.0,7733.4,9732.9,0.0,3784.6701347673607
1731071441.55,20.5,0.464,0.0,0.782,5953.4,6393.2,0.0,7733.5,9733.0,0.0,3784.576601153688
1731071442.05,19.8,0.605,0.0,1.77,5953.53,6393.39,0.0,7733.6,9733.1,0.0,3784.48306760646
1731071442.55,19.8,0.772,0.0,1.63,5953.66,6393.58,0.0,7733.7,9733.2,0.0,3784.389534125683
1731071443.05,19.8,0.683,0.0,1.9,5953.79,6393.77,0.0,7733.8,9733.3,0.0,3784.29600071136
1731071443.55,20.5,0.625,0.0,0.816,5953.92,6393.96,0.0,7733.9,9733.4,0.0,3784.202467363499
1731071444.05,19.8,0.597,0.0,0.881,5954.05,6394.15,0.0,7734.0,9733.5,0.0,3784.1089340821045
1731071444.55,19.8,0.56,0.0,0.811,5954.18,6394.34,0.0,7734.1,9733.6,0.0,3784.0154008671793
1731071445.05,19.8,0.608,0.0,1.39,5954.31,6394.53,0.0,7734.2,9733.7,0.0,3783.9218677187305
1731071445.55,20.5,0.537,0.0,1.02,5954.44,6394.72,0.0,7734.3,9733.8,0.0,3783.82833463676
1731071446.05,19.8,0.584,0.0,1.59,5954.57,6394.91,0.0,7734.4,9733.9,0.0,3783.7348016212763
1731071446.55,19.8,0.694,0.0,1.47,5954.7,6395.1,0.0,7734.5,9734.0,0.0,3783.6412686722824
1731071447.05,19.8,0.715,0.0,1.02,5954.83,6395.29,0.0,7734.6,9734.1,0.0,3783.5477357897844
1731071447.55,20.5,0.698,0.0,0.887,5954.96,6395.48,0.0,7734.7,9734.2,0.0,3783.4542029737863
1731071448.05,19.8,0.75,0.0,2.71,5955.09,6395.67,0.0,7734.8,9734.3,0.0,3783.360670224291
1731071448.55,19.8,0.899,0.0,3.12,5955.22,6395.86,0.0,7734.9,9734.4,0.0,3783.2671375413074
1731071449.05,19.8,0.796,0.0,3.31,5955.35,6396.05,0.0,7735.0,9734.5,0.0,3783.1736049248384
1731071449.55,19.8,0.35,0.0,2.4,5955.48,6396.24,0.0,7735.1,9734.6,0.0,3783.0800723748903
1731071450.05,20.5,0.478,0.0,2.08,5955.61,6396.43,0.0,7735.2,9734.7,0.0,3782.9865398914653
1731071450.55,19.8,0.416,0.0,3.23,5955.74,6396.62,0.0,7735.3,9734.8,0.0,3782.89300747457
1731071451.05,19.8,0.273,0.0,2.72,5955.87,6396.81,0.0,7735.4,9734.9,0.0,3782.7994751242095
1731071451.55,19.9,0.371,0.0,7.64,5956.0,6397.0,0.0,7735.5,9735.0,0.0,3782.7059428403895
1731071452.05,20.5,0.387,0.0,0.764,5956.13,6397.19,0.0,7735.6,9735.1,0.0,3782.612410623114
1731071452.55,19.8,0.432,0.0,1.73,5956.26,6397.38,0.0,7735.7,9735.2,0.0,3782.518878472387
1731071453.05,19.8,0.395,0.0,1.0,5956.39,6397.57,0.0,7735.8,9735.3,0.0,3782.4253463882137
1731071453.55,19.8,0.479,0.0,1.2,5956.52,6397.76,0.0,7735.9,9735.4,0.0,3782.3318143706
1731071454.05,20.5,0.339,0.0,0.866,5956.65,6397.95,0.0,7736.0,9735.5,0.0,3782.238282419552
1731071454.55,19.9,0.319,0.0,1.32,5956.78,6398.14,0.0,7736.1,9735.6,0.0,3782.144750535072
1731071455.05,19.8,0.406,0.0,0.77,5956.91,6398.33,0.0,7736.2,9735.7,0.0,3782.0512187171666
1731071455.55,20.5,0.401,0.0,1.25,5957.04,6398.52,0.0,7736.3,9735.8,0.0,3781.957686965838
1731071456.05,19.8,0.329,0.0,1.77,5957.17,6398.71,0.0,7736.4,9735.9,0.0,3781.864155281096
1731071456.55,19.8,0.396,0.0,1.26,5957.3,6398.9,0.0,7736.5,9736.0,0.0,3781.7706236629424
1731071457.05,19.8,0.409,0.0,0.866,5957.43,6399.09,0.0,7736.6,9736.1,0.0,3781.6770921113825
1731071457.55,20.5,0.614,0.0,0.891,5957.56,6399.28,0.0,7736.7,9736.2,0.0,3781.5835606264213
1731071458.05,19.8,0.477,0.0,0.742,5957.69,6399.47,0.0,7736.8,9736.3,0.0,3781.490029208063
1731071458.55,19.8,0.427,0.0,1.51,5957.82,6399.66,0.0,7736.9,9736.4,0.0,3781.3964978563145
1731071459.05,19.8,0.479,0.0,0.856,5957.95,6399.85,0.0,7737.0,9736.5,0.0,3781.3029665711792
1731071459.55,20.5,0.457,0.0,0.892,5958.08,6400.04,0.0,7737.1,9736.6,0.0,3781.2094353526627
1731071460.05,19.8,0.513,0.0,0.85,5958.21,6400.23,0.0,7737.2,9736.7,0.0,3781.1159042007703
1731071460.55,19.8,0.453,0.0,1.1,5958.34,6400.42,0.0,7737.3,9736.8,0.0,3781.022373115504
1731071461.05,19.9,0.63,0.0,2.6,5958.47,6400.61,0.0,7737.4,9736.9,0.0,3780.928842096873
1731071461.55,20.5,0.571,0.0,8.4,5958.6,6400.8,0.0,7737.5,9737.0,0.0,3780.8353111448796
1731071462.05,19.8,0.457,0.0,1.44,5958.73,6400.99,0.0,7737.6,9737.1,0.0,3780.7417802595305
1731071462.55,19.8,0.383,0.0,1.12,5958.86,6401.18,0.0,7737.7,9737.2,0.0,3780.6482494408287
1731071463.05,19.8,0.554,0.0,1.15,5958.99,6401.37,0.0,7737.8,9737.3,0.0,3780.5547186887798
1731071463.55,20.5,0.486,0.0,1.23,5959.12,6401.56,0.0,7737.9,9737.4,0.0,3780.4611880033885
1731071464.05,19.8,0.486,0.0,1.55,5959.25,6401.75,0.0,7738.0,9737.5,0.0,3780.3676573846624
1731071464.55,19.8,0.49,0.0,0.875,5959.38,6401.94,0.0,7738.1,9737.6,0.0,3780.274126832604
1731071465.05,19.8,0.651,0.0,1.43,5959.51,6402.13,0.0,7738.2,9737.7,0.0,3780.180596347217
1731071465.55,20.5,0.654,0.0,1.12,5959.64,6402.32,0.0,7738.3,9737.8,0.0,3780.087065928508
1731071466.05,19.2,0.636,0.032,3.72,5959.77,6402.51,0.0,7738.4,9737.9,0.0,3779.993535576482
1731071466.55,19.8,0.598,0.0,1.07,5959.9,6402.7,0.0,7738.5,9738.0,0.0,3779.9000052911456
1731071467.05,19.8,0.791,0.0,2.55,5960.03,6402.89,0.0,7738.6,9738.1,0.0,3779.8064750725007
1731071467.55,20.5,0.609,0.0,2.18,5960.16,6403.08,0.0,7738.7,9738.2,0.0,3779.712944920554
1731071468.05,19.8,0.622,0.0,1.52,5960.29,6403.27,0.0,7738.8,9738.3,0.0,3779.6194148353075
1731071468.55,19.8,0.799,0.0,2.41,5960.42,6403.46,0.0,7738.9,9738.4,0.0,3779.525884816771
1731071469.05,19.8,0.739,0.0,1.81,5960.55,6403.65,0.0,7739.0,9738.5,0.0,3779.4323548649477
1731071469.55,20.5,0.767,0.0,1.61,5960.68,6403.84,0.0,7739.1,9738.6,0.0,3779.3388249798404
1731071470.05,19.8,0.893,0.0,1.49,5960.81,6404.03,0.0,7739.2,9738.7,0.0,3779.245295161457
1731071470.55,19.9,0.53,0.0,1.34,5960.94,6404.22,0.0,7739.3,9738.8,0.0,3779.1517654097984
1731071471.05,19.8,0.257,0.0,7.29,5961.07,6404.41,0.0,7739.4,9738.9,0.0,3779.058235724874
1731071471.55,20.5,0.301,0.0,1.42,5961.2,6404.6,0.0,7739.5,9739.0,0.0,3778.9647061066867
1731071472.05,19.8,0.364,0.0,0.876,5961.33,6404.79,0.0,7739.6,9739.1,0.0,3778.8711765552425
1731071472.55,19.9,0.384,0.0,1.47,5961.46,6404.98,0.0,7739.7,9739.2,0.0,3778.7776470705458
1731071473.05,19.8,0.386,0.0,0.998,5961.59,6405.17,0.0,7739.8,9739.3,0.0,3778.684117652598
1731071473.55,20.5,0.333,0.0,0.81,5961.72,6405.36,0.0,7739.9,9739.4,0.0,3778.59058830141
1731071474.05,19.8,0.328,0.0,0.758,5961.85,6405.55,0.0,7740.0,9739.5,0.0,3778.497059016984
1731071474.55,19.8,0.351,0.0,0.644,5961.98,6405.74,0.0,7740.1,9739.6,0.0,3778.403529799326
1731071475.05,19.8,0.516,0.0,0.767,5962.11,6405.93,0.0,7740.2,9739.7,0.0,3778.3100006484383
1731071475.55,19.9,0.547,0.0,0.782,5962.24,6406.12,0.0,7740.3,9739.8,0.0,3778.2164715643275
1731071476.05,20.5,0.357,0.0,0.796,5962.37,6406.31,0.0,7740.4,9739.9,0.0,3778.1229425469987
1731071476.55,19.2,8.35,0.032,0.812,5962.5,6406.5,0.0,7740.5,9740.0,0.0,3778.0294135964587
1731071477.05,19.8,1.702,0.0,0.774,5962.63,6406.69,0.0,7740.6,9740.1,0.0,3777.93588471271
1731071477.55,20.5,0.518,0.0,0.898,5962.76,6406.88,0.0,7740.7,9740.2,0.0,3777.842355895757
1731071478.05,19.8,0.433,0.0,0.807,5962.89,6407.07,0.0,7740.8,9740.3,0.0,3777.7488271456054
1731071478.55,19.8,0.398,0.0,0.952,5963.02,6407.26,0.0,7740.9,9740.4,0.0,3777.655298462261
1731071479.05,19.8,0.522,0.0,0.838,5963.15,6407.45,0.0,7741.0,9740.5,0.0,3777.56176984573
1731071479.55,20.5,0.389,0.0,1.02,5963.28,6407.64,0.0,7741.1,9740.6,0.0,3777.468241296014
1731071480.05,19.8,0.403,0.0,0.699,5963.41,6407.83,0.0,7741.2,9740.7,0.0,3777.3747128131204
1731071480.55,19.8,0.544,0.0,0.692,5963.54,6408.02,0.0,7741.3,9740.8,0.0,3777.2811843970517
1731071481.05,19.8,0.447,0.0,0.701,5963.67,6408.21,0.0,7741.4,9740.9,0.0,3777.1876560478163
1731071481.55,19.9,0.495,0.0,0.822,5963.8,6408.4,0.0,7741.5,9741.0,0.0,3777.0941277654174
1731071482.05,19.8,0.521,0.0,0.855,5963.93,6408.59,0.0,7741.6,9741.1,0.0,3777.00059954986
1731071482.55,19.9,0.545,0.0,0.824,5964.06,6408.78,0.0,7741.7,9741.2,0.0,3776.907071401149
1731071483.05,19.9,0.552,0.0,0.846,5964.19,6408.97,0.0,7741.8,9741.3,0.0,3776.813543319288
1731071483.55,19.8,0.406,0.0,2.91,5964.32,6409.16,0.0,7741.9,9741.4,0.0,3776.720015304285
1731071484.05,20.5,0.425,0.0,2.3,5964.45,6409.35,0.0,7742.0,9741.5,0.0,3776.6264873561427
1731071484.55,19.9,0.527,0.0,2.37,5964.58,6409.54,0.0,7742.1,9741.6,0.0,3776.532959474868
1731071485.05,19.8,0.61,0.0,4.84,5964.71,6409.73,0.0,7742.2,9741.7,0.0,3776.439431660464
1731071485.55,20.5,0.479,0.0,1.64,5964.84,6409.92,0.0,7742.3,9741.8,0.0,3776.345903912934
1731071486.05,19.9,0.75,0.0,0.86,5964.97,6410.11,0.0,7742.4,9741.9,0.0,3776.2523762322876
1731071486.55,19.8,0.616,0.0,0.838,5965.1,6410.3,0.0,7742.5,9742.0,0.0,3776.158848618527
1731071487.05,19.8,0.598,0.0,0.958,5965.23,6410.49,0.0,7742.6,9742.1,0.0,3776.065321071658
1731071487.55,20.5,0.568,0.0,0.918,5965.36,6410.68,0.0,7742.7,9742.2,0.0,3775.9717935916847
1731071488.05,19.8,0.64,0.0,1.53,5965.49,6410.87,0.0,7742.8,9742.3,0.0,3775.8782661786113
1731071488.55,19.8,0.637,0.0,0.813,5965.62,6411.06,0.0,7742.9,9742.4,0.0,3775.784738832445
1731071489.05,19.8,0.664,0.0,0.774,5965.75,6411.25,0.0,7743.0,9742.5,0.0,3775.6912115531904
1731071489.55,20.5,0.702,0.0,0.734,5965.88,6411.44,0.0,7743.1,9742.6,0.0,3775.597684340852
1731071490.05,19.8,0.735,0.0,1.05,5966.01,6411.63,0.0,7743.2,9742.7,0.0,3775.504157195434
1731071490.55,19.8,0.724,0.0,0.665,5966.14,6411.82,0.0,7743.3,9742.8,0.0,3775.410630116941
1731071491.05,19.8,0.77,0.0,0.811,5966.27,6412.01,0.0,7743.4,9742.9,0.0,3775.3171031053794
1731071491.55,19.9,0.522,0.0,0.775,5966.4,6412.2,0.0,7743.5,9743.0,0.0,3775.2235761607553
1731071492.05,20.5,0.772,0.0,3.22,5966.53,6412.39,0.0,7743.6,9743.1,0.0,3775.130049283071
1731071492.55,19.8,0.368,0.0,0.805,5966.66,6412.58,0.0,7743.7,9743.2,0.0,3775.0365224723328
1731071493.05,19.8,0.399,0.0,0.681,5966.79,6412.77,0.0,7743.8,9743.3,0.0,3774.942995728544
1731071493.55,20.5,0.382,0.0,0.8,5966.92,6412.96,0.0,7743.9,9743.4,0.0,3774.8494690517123
1731071494.05,19.8,0.307,0.0,0.741,5967.05,6413.15,0.0,7744.0,9743.5,0.0,3774.7559424418423
1731071494.55,19.8,0.452,0.0,0.821,5967.18,6413.34,0.0,7744.1,9743.6,0.0,3774.6624158989375
1731071495.05,19.9,0.589,0.0,0.924,5967.31,6413.53,0.0,7744.2,9743.7,0.0,3774.5688894230034
1731071495.55,20.5,0.402,0.0,0.819,5967.44,6413.72,0.0,7744.3,9743.8,0.0,3774.4753630140435
1731071496.05,19.8,0.486,0.0,0.784,5967.57,6413.91,0.0,7744.4,9743.9,0.0,3774.381836672066
1731071496.55,19.8,0.332,0.0,0.86,5967.7,6414.1,0.0,7744.5,9744.0,0.0,3774.288310397074
1731071497.05,19.8,0.393,0.0,0.89,5967.83,6414.29,0.0,7744.6,9744.1,0.0,3774.1947841890733
1731071497.55,20.5,0.394,0.0,1.44,5967.96,6414.48,0.0,7744.7,9744.2,0.0,3774.101258048068
1731071498.05,19.8,0.437,0.0,0.841,5968.09,6414.67,0.0,7744.8,9744.3,0.0,3774.007731974061
1731071498.55,19.8,0.48,0.0,0.843,5968.22,6414.86,0.0,7744.9,9744.4,0.0,3773.9142059670617
1731071499.05,19.8,0.497,0.0,0.829,5968.35,6415.05,0.0,7745.0,9744.5,0.0,3773.8206800270727
1731071499.55,20.5,0.419,0.0,0.703,5968.48,6415.24,0.0,7745.1,9744.6,0.0,3773.7271541541004
1731071500.05,19.8,0.479,0.0,2.39,5968.61,6415.43,0.0,7745.2,9744.7,0.0,3773.6336283481473
1731071500.55,19.8,0.452,0.0,5.55,5968.74,6415.62,0.0,7745.3,9744.8,0.0,3773.5401026092195
1731071501.05,19.2,0.447,0.032,1.6,5968.87,6415.81,0.0,7745.4,9744.9,0.0,3773.4465769373223
1731071501.55,20.5,0.464,0.0,0.914,5969.0,6416.0,0.0,7745.5,9745.0,0.0,3773.3530513324617
1731071502.05,19.8,0.473,0.0,1.02,5969.13,6416.19,0.0,7745.6,9745.1,0.0,3773.259525794642
1731071502.55,19.8,0.574,0.0,4.35,5969.26,6416.38,0.0,7745.7,9745.2,0.0,3773.1660003238662
1731071503.05,19.8,0.505,0.0,2.13,5969.39,6416.57,0.0,7745.8,9745.3,0.0,3773.072474920141
1731071503.55,20.5,0.483,0.0,0.986,5969.52,6416.76,0.0,7745.9,9745.4,0.0,3772.978949583471
1731071504.05,19.8,0.609,0.0,0.675,5969.65,6416.95,0.0,7746.0,9745.5,0.0,3772.8854243138635
1731071504.55,19.8,0.523,0.0,0.842,5969.78,6417.14,0.0,7746.1,9745.6,0.0,3772.79189911132
1731071505.05,19.8,0.532,0.0,1.04,5969.91,6417.33,0.0,7746.2,9745.7,0.0,3772.6983739758475
1731071505.55,20.5,0.539,0.0,0.755,5970.04,6417.52,0.0,7746.3,9745.8,0.0,3772.6048489074487
1731071506.05,19.9,0.585,0.0,0.762,5970.17,6417.71,0.0,7746.4,9745.9,0.0,3772.511323906132
1731071506.55,19.8,0.627,0.0,0.77,5970.3,6417.9,0.0,7746.5,9746.0,0.0,3772.417798971901
1731071507.05,19.8,0.481,0.0,0.73,5970.43,6418.09,0.0,7746.6,9746.1,0.0,3772.3242741047598
1731071507.55,20.5,0.617,0.0,1.0,5970.56,6418.28,0.0,7746.7,9746.2,0.0,3772.230749304714
1731071508.05,19.8,0.67,0.0,3.06,5970.69,6418.47,0.0,7746.8,9746.3,0.0,3772.1372245717675
1731071508.55,19.8,0.701,0.0,10.2,5970.82,6418.66,0.0,7746.9,9746.4,0.0,3772.0436999059275
1731071509.05,19.8,0.609,0.0,0.955,5970.95,6418.85,0.0,7747.0,9746.5,0.0,3771.9501753071977
1731071509.55,20.5,0.584,0.0,0.725,5971.08,6419.04,0.0,7747.1,9746.6,0.0,3771.8566507755836
1731071510.05,19.8,0.668,0.0,0.84,5971.21,6419.23,0.0,7747.2,9746.7,0.0,3771.76312631109
1731071510.55,19.8,0.705,0.0,0.934,5971.34,6419.42,0.0,7747.3,9746.8,0.0,3771.6696019137194
1731071511.05,19.8,0.797,0.0,0.67,5971.47,6419.61,0.0,7747.4,9746.9,0.0,3771.576077583481
1731071511.55,20.5,0.717,0.0,0.769,5971.6,6419.8,0.0,7747.5,9747.0,0.0,3771.482553320378
1731071512.05,19.9,0.743,0.0,0.629,5971.73,6419.99,0.0,7747.6,9747.1,0.0,3771.389029124416
1731071512.55,19.8,0.838,0.0,0.768,5971.86,6420.18,0.0,7747.7,9747.2,0.0,3771.295504995598
1731071513.05,19.8,0.669,0.0,0.968,5971.99,6420.37,0.0,7747.8,9747.3,0.0,3771.20198093393
1731071513.55,19.8,0.438,0.0,0.911,5972.12,6420.56,0.0,7747.9,9747.4,0.0,3771.1084569394175
1731071514.05,20.5,0.356,0.0,1.69,5972.25,6420.75,0.0,7748.0,9747.5,0.0,3771.0149330120666
1731071514.55,19.8,0.313,0.0,0.856,5972.38,6420.94,0.0,7748.1,9747.6,0.0,3770.9214091518807
1731071515.05,19.8,0.268,0.0,0.898,5972.51,6421.13,0.0,7748.2,9747.7,0.0,3770.827885358864
1731071515.55,20.5,0.446,0.0,0.858,5972.64,6421.32,0.0,7748.3,9747.8,0.0,3770.734361633022
1731071516.05,19.8,0.375,0.0,1.35,5972.77,6421.51,0.0,7748.4,9747.9,0.0,3770.640837974361
1731071516.55,19.8,0.372,0.0,0.857,5972.9,6421.7,0.0,7748.5,9748.0,0.0,3770.547314382887
1731071517.05,19.9,0.412,0.0,0.685,5973.03,6421.89,0.0,7748.6,9748.1,0.0,3770.4537908586017
1731071517.55,19.8,0.392,0.0,0.769,5973.16,6422.08,0.0,7748.7,9748.2,0.0,3770.360267401513
1731071518.05,20.5,0.352,0.0,0.671,5973.29,6422.27,0.0,7748.8,9748.3,0.0,3770.2667440116215
1731071518.55,19.8,0.405,0.0,0.932,5973.42,6422.46,0.0,7748.9,9748.4,0.0,3770.1732206889374
1731071519.05,19.8,0.459,0.0,0.73,5973.55,6422.65,0.0,7749.0,9748.5,0.0,3770.0796974334644
1731071519.55,20.5,0.514,0.0,0.754,5973.68,6422.84,0.0,7749.1,9748.6,0.0,3769.986174245206
1731071520.05,19.2,0.416,0.032,0.746,5973.81,6423.03,0.0,7749.2,9748.7,0.0,3769.8926511241675
1731071520.55,19.8,0.369,0.0,0.812,5973.94,6423.22,0.0,7749.3,9748.8,0.0,3769.799128070353
1731071521.05,19.8,0.348,0.0,0.735,5974.07,6423.41,0.0,7749.4,9748.9,0.0,3769.7056050837705
1731071521.55,20.5,0.422,0.0,0.865,5974.2,6423.6,0.0,7749.5,9749.0,0.0,3769.6120821644236
1731071522.05,19.8,0.403,0.0,0.777,5974.33,6423.79,0.0,7749.6,9749.1,0.0,3769.5185593123165
1731071522.55,19.8,0.581,0.0,0.782,5974.46,6423.98,0.0,7749.7,9749.2,0.0,3769.425036527455
1731071523.05,19.8,0.491,0.0,0.832,5974.59,6424.17,0.0,7749.8,9749.3,0.0,3769.331513809842
1731071523.55,19.8,0.501,0.0,0.935,5974.72,6424.36,0.0,7749.9,9749.4,0.0,3769.237991159486
1731071524.05,20.5,0.763,0.0,0.829,5974.85,6424.55,0.0,7750.0,9749.5,0.0,3769.14446857639
1731071524.55,19.8,0.644,0.0,0.753,5974.98,6424.74,0.0,7750.1,9749.6,0.0,3769.050946060561
1731071525.05,19.8,0.66,0.0,0.697,5975.11,6424.93,0.0,7750.2,9749.7,0.0,3768.9574236119997
1731071525.55,19.9,0.638,0.0,0.712,5975.24,6425.12,0.0,7750.3,9749.8,0.0,3768.863901230714
1731071526.05,20.5,0.526,0.0,0.886,5975.37,6425.31,0.0,7750.4,9749.9,0.0,3768.770378916709
1731071526.55,19.8,0.419,0.0,1.06,5975.5,6425.5,0.0,7750.5,9750.0,0.0,3768.6768566699907
1731071527.05,19.8,0.448,0.0,0.81,5975.63,6425.69,0.0,7750.6,9750.1,0.0,3768.5833344905623
1731071527.55,20.5,0.47,0.0,0.796,5975.76,6425.88,0.0,7750.7,9750.2,0.0,3768.4898123784283
1731071528.05,19.8,0.536,0.0,0.874,5975.89,6426.07,0.0,7750.8,9750.3,0.0,3768.3962903335946
1731071528.55,19.8,0.554,0.0,2.79,5976.02,6426.26,0.0,7750.9,9750.4,0.0,3768.3027683560663
1731071529.05,19.8,0.604,0.0,2.93,5976.15,6426.45,0.0,7751.0,9750.5,0.0,3768.20924644585
1731071529.55,20.5,0.63,0.0,1.06,5976.28,6426.64,0.0,7751.1,9750.6,0.0,3768.1157246029484
1731071530.05,19.8,0.616,0.0,0.833,5976.41,6426.83,0.0,7751.2,9750.7,0.0,3768.022202827367
1731071530.55,19.9,0.639,0.0,0.885,5976.54,6427.02,0.0,7751.3,9750.8,0.0,3767.9286811191096
1731071531.05,19.8,0.612,0.0,0.758,5976.67,6427.21,0.0,7751.4,9750.9,0.0,3767.835159478185
1731071531.55,20.5,0.741,0.0,0.8,5976.8,6427.4,0.0,7751.5,9751.0,0.0,3767.7416379045953
1731071532.05,19.8,0.627,0.0,0.842,5976.93,6427.59,0.0,7751.6,9751.1,0.0,3767.648116398346
1731071532.55,19.8,0.678,0.0,1.11,5977.06,6427.78,0.0,7751.7,9751.2,0.0,3767.554594959442
1731071533.05,19.8,0.696,0.0,1.06,5977.19,6427.97,0.0,7751.8,9751.3,0.0,3767.4610735878873
1731071533.55,20.5,0.814,0.0,5.17,5977.32,6428.16,0.0,7751.9,9751.4,0.0,3767.3675522836897
1731071534.05,19.8,0.913,0.0,0.929,5977.45,6428.35,0.0,7752.0,9751.5,0.0,3767.274031046852
1731071534.55,19.8,0.578,0.0,0.79,5977.58,6428.54,0.0,7752.1,9751.6,0.0,3767.180509877381
1731071535.05,19.8,0.409,0.0,1.08,5977.71,6428.73,0.0,7752.2,9751.7,0.0,3767.08698877528
1731071535.55,20.5,0.304,0.0,0.878,5977.84,6428.92,0.0,7752.3,9751.8,0.0,3766.9934677405527
1731071536.05,19.8,0.534,0.0,1.98,5977.97,6429.11,0.0,7752.4,9751.9,0.0,3766.899946773208
1731071536.55,19.9,0.423,0.0,0.895,5978.1,6429.3,0.0,7752.5,9752.0,0.0,3766.806425873249
1731071537.05,19.8,0.401,0.0,0.995,5978.23,6429.49,0.0,7752.6,9752.1,0.0,3766.712905040681
1731071537.55,20.5,0.399,0.0,1.33,5978.36,6429.68,0.0,7752.7,9752.2,0.0,3766.6193842755074
1731071538.05,19.8,0.502,0.0,1.29,5978.49,6429.87,0.0,7752.8,9752.3,0.0,3766.525863577734
1731071538.55,19.9,0.428,0.0,0.958,5978.62,6430.06,0.0,7752.9,9752.4,0.0,3766.432342947367
1731071539.05,19.8,0.409,0.0,0.84,5978.75,6430.25,0.0,7753.0,9752.5,0.0,3766.338822384412
1731071539.55,20.5,0.343,0.0,1.12,5978.88,6430.44,0.0,7753.1,9752.6,0.0,3766.2453018888727
1731071540.05,19.8,0.396,0.0,1.07,5979.01,6430.63,0.0,7753.2,9752.7,0.0,3766.151781460753
1731071540.55,19.8,0.527,0.0,2.19,5979.14,6430.82,0.0,7753.3,9752.8,0.0,3766.058261100058
1731071541.05,19.8,0.436,0.0,0.863,5979.27,6431.01,0.0,7753.4,9752.9,0.0,3765.9647408067954
1731071541.55,20.5,0.502,0.0,1.13,5979.4,6431.2,0.0,7753.5,9753.0,0.0,3765.8712205809697
1731071542.05,19.8,0.463,0.0,0.884,5979.53,6431.39,0.0,7753.6,9753.1,0.0,3765.7777004225836
1731071542.55,19.8,0.579,0.0,0.963,5979.66,6431.58,0.0,7753.7,9753.2,0.0,3765.684180331644
1731071543.05,19.8,0.506,0.0,1.02,5979.79,6431.77,0.0,7753.8,9753.3,0.0,3765.590660308153
1731071543.55,20.5,0.451,0.0,1.06,5979.92,6431.96,0.0,7753.9,9753.4,0.0,3765.4971403521204
1731071544.05,19.8,0.539,0.0,1.64,5980.05,6432.15,0.0,7754.0,9753.5,0.0,3765.4036204635486
1731071544.55,19.8,0.524,0.0,0.769,5980.18,6432.34,0.0,7754.1,9753.6,0.0,3765.3101006424426
1731071545.05,19.8,0.551,0.0,0.912,5980.31,6432.53,0.0,7754.2,9753.7,0.0,3765.216580888808
1731071545.55,20.5,0.521,0.0,0.793,5980.44,6432.72,0.0,7754.3,9753.8,0.0,3765.1230612026475
1731071546.05,19.8,0.516,0.0,0.811,5980.57,6432.91,0.0,7754.4,9753.9,0.0,3765.0295415839696
1731071546.55,19.9,0.537,0.0,0.773,5980.7,6433.1,0.0,7754.5,9754.0,0.0,3764.936022032778
1731071547.05,19.8,0.465,0.0,1.06,5980.83,6433.29,0.0,7754.6,9754.1,0.0,3764.8425025490783
1731071547.55,19.8,0.424,0.0,0.922,5980.96,6433.48,0.0,7754.7,9754.2,0.0,3764.748983132874
1731071548.05,20.5,0.406,0.0,1.44,5981.09,6433.67,0.0,7754.8,9754.3,0.0,3764.655463784169
1731071548.55,19.8,0.52,0.0,0.845,5981.22,6433.86,0.0,7754.9,9754.4,0.0,3764.561944502972
1731071549.05,19.8,0.518,0.0,1.03,5981.35,6434.05,0.0,7755.0,9754.5,0.0,3764.468425289286
1731071549.55,20.5,0.608,0.0,0.844,5981.48,6434.24,0.0,7755.1,9754.6,0.0,3764.3749061431176
1731071550.05,19.8,0.801,0.0,0.891,5981.61,6434.43,0.0,7755.2,9754.7,0.0,3764.2813870644695
1731071550.55,19.8,0.74,0.0,0.863,5981.74,6434.62,0.0,7755.3,9754.8,0.0,3764.1878680533464
1731071551.05,19.9,0.626,0.0,1.44,5981.87,6434.81,0.0,7755.4,9754.9,0.0,3764.0943491097555
1731071551.55,20.5,0.559,0.0,1.11,5982.0,6435.0,0.0,7755.5,9755.0,0.0,3764.0008302337023
1731071552.05,19.8,0.582,0.0,2.74,5982.13,6435.19,0.0,7755.6,9755.1,0.0,3763.9073114251905
1731071552.55,19.8,0.694,0.0,2.67,5982.26,6435.38,0.0,7755.7,9755.2,0.0,3763.813792684224
1731071553.05,19.8,0.85,0.0,6.69,5982.39,6435.57,0.0,7755.8,9755.3,0.0,3763.7202740108087
1731071553.55,20.5,0.677,0.0,1.44,5982.52,6435.76,0.0,7755.9,9755.4,0.0,3763.62675540495
1731071554.05,19.9,0.908,0.0,0.664,5982.65,6435.95,0.0,7756.0,9755.5,0.0,3763.533236866655
1731071554.55,19.8,0.861,0.0,1.27,5982.78,6436.14,0.0,7756.1,9755.6,0.0,3763.4397183959254
1731071555.05,19.8,0.795,0.0,1.14,5982.91,6436.33,0.0,7756.2,9755.7,0.0,3763.3461999927677
1731071555.55,20.5,0.737,0.0,1.16,5983.04,6436.52,0.0,7756.3,9755.8,0.0,3763.252681657185
1731071556.05,19.8,0.597,0.0,0.839,5983.17,6436.71,0.0,7756.4,9755.9,0.0,3763.1591633891853
1731071556.55,19.8,0.367,0.0,1.39,5983.3,6436.9,0.0,7756.5,9756.0,0.0,3763.0656451887735
1731071557.05,19.8,0.427,0.0,1.0,5983.43,6437.09,0.0,7756.6,9756.1,0.0,3762.9721270559526
1731071557.55,20.5,0.382,0.0,1.26,5983.56,6437.28,0.0,7756.7,9756.2,0.0,3762.878608990729
1731071558.05,19.8,0.471,0.0,0.998,5983.69,6437.47,0.0,7756.8,9756.3,0.0,3762.7850909931058
1731071558.55,19.8,0.342,0.0,5.13,5983.82,6437.66,0.0,7756.9,9756.4,0.0,3762.691573063091
1731071559.05,19.9,0.628,0.0,1.11,5983.95,6437.85,0.0,7757.0,9756.5,0.0,3762.5980552006877
1731071559.55,20.5,0.449,0.0,0.822,5984.08,6438.04,0.0,7757.1,9756.6,0.0,3762.5045374059023
1731071560.05,19.9,0.388,0.0,1.44,5984.21,6438.23,0.0,7757.2,9756.7,0.0,3762.4110196787387
1731071560.55,19.8,0.358,0.0,0.816,5984.34,6438.42,0.0,7757.3,9756.8,0.0,3762.3175020192
1731071561.05,19.8,0.627,0.0,1.4,5984.47,6438.61,0.0,7757.4,9756.9,0.0,3762.223984427296
1731071561.55,20.5,0.446,0.0,0.831,5984.6,6438.8,0.0,7757.5,9757.0,0.0,3762.1304669030283
1731071562.05,19.8,0.387,0.0,1.46,5984.73,6438.99,0.0,7757.6,9757.1,0.0,3762.0369494464044
1731071562.55,19.8,0.401,0.0,0.995,5984.86,6439.18,0.0,7757.7,9757.2,0.0,3761.943432057426
1731071563.05,19.8,0.375,0.0,1.4,5984.99,6439.37,0.0,7757.8,9757.3,0.0,3761.8499147360994
1731071563.55,20.5,0.589,0.0,1.08,5985.12,6439.56,0.0,7757.9,9757.4,0.0,3761.7563974824307
1731071564.05,19.9,0.522,0.0,1.64,5985.25,6439.75,0.0,7758.0,9757.5,0.0,3761.6628802964256
1731071564.55,19.8,0.547,0.0,8.32,5985.38,6439.94,0.0,7758.1,9757.6,0.0,3761.5693631780878
1731071565.05,19.8,0.556,0.0,1.0,5985.51,6440.13,0.0,7758.2,9757.7,0.0,3761.475846127422
1731071565.55,19.9,0.44,0.0,0.982,5985.64,6440.32,0.0,7758.3,9757.8,0.0,3761.382329144433
1731071566.05,20.5,0.437,0.0,0.982,5985.77,6440.51,0.0,7758.4,9757.9,0.0,3761.2888122291265
1731071566.55,19.8,0.458,0.0,2.26,5985.9,6440.7,0.0,7758.5,9758.0,0.0,3761.19529538151
1731071567.05,19.8,0.572,0.0,1.64,5986.03,6440.89,0.0,7758.6,9758.1,0.0,3761.1017786015846
1731071567.55,20.5,0.663,0.0,1.39,5986.16,6441.08,0.0,7758.7,9758.2,0.0,3761.0082618893575
1731071568.05,19.9,0.589,0.0,1.65,5986.29,6441.27,0.0,7758.8,9758.3,0.0,3760.914745244831
1731071568.55,19.8,0.516,0.0,3.44,5986.42,6441.46,0.0,7758.9,9758.4,0.0,3760.8212286680146
1731071569.05,19.8,0.496,0.0,6.7,5986.55,6441.65,0.0,7759.0,9758.5,0.0,3760.727712158912
1731071569.55,20.5,0.455,0.0,2.47,5986.68,6441.84,0.0,7759.1,9758.6,0.0,3760.634195717526
1731071570.05,19.8,0.469,0.0,2.94,5986.81,6442.03,0.0,7759.2,9758.7,0.0,3760.5406793438633
1731071570.55,19.9,0.556,0.0,1.63,5986.94,6442.22,0.0,7759.3,9758.8,0.0,3760.4471630379276
1731071571.05,19.8,0.586,0.0,1.39,5987.07,6442.41,0.0,7759.4,9758.9,0.0,3760.353646799726
1731071571.55,20.5,0.57,0.0,0.965,5987.2,6442.6,0.0,7759.5,9759.0,0.0,3760.2601306292627
1731071572.05,19.9,0.68,0.0,1.25,5987.33,6442.79,0.0,7759.6,9759.1,0.0,3760.166614526543
1731071572.55,19.8,0.564,0.0,0.757,5987.46,6442.98,0.0,7759.7,9759.2,0.0,3760.0730984915717
1731071573.05,19.8,0.684,0.0,0.974,5987.59,6443.17,0.0,7759.8,9759.3,0.0,3759.979582524351
1731071573.55,19.8,0.603,0.0,0.91,5987.72,6443.36,0.0,7759.9,9759.4,0.0,3759.8860666248916
1731071574.05,20.5,0.576,0.0,1.47,5987.85,6443.55,0.0,7760.0,9759.5,0.0,3759.7925507931946
1731071574.55,19.8,0.742,0.0,4.72,5987.98,6443.74,0.0,7760.1,9759.6,0.0,3759.6990350292676
1731071575.05,19.8,0.682,0.0,0.864,5988.11,6443.93,0.0,7760.2,9759.7,0.0,3759.6055193331126
1731071575.55,19.2,0.736,0.032,3.59,5988.24,6444.12,0.0,7760.3,9759.8,0.0,3759.512003704736
1731071576.05,20.5,0.759,0.0,1.07,5988.37,6444.31,0.0,7760.4,9759.9,0.0,3759.418488144143
1731071576.55,19.7,0.895,0.0,1.65,5988.5,6444.5,0.0,7760.5,9760.0,0.0,3759.3249726513404
1731071577.05,19.3,3.326,0.032,23.9,5988.63,6444.69,0.0,7760.6,9760.1,0.0,3759.2314572263313
1731071577.55,19.9,0.712,0.0,0.819,5988.76,6444.88,0.0,7760.7,9760.2,0.0,3759.13794186912
1731071578.05,20.5,0.471,0.0,0.868,5988.89,6445.07,0.0,7760.8,9760.3,0.0,3759.044426579712
1731071578.55,19.9,0.334,0.0,0.697,5989.02,6445.26,0.0,7760.9,9760.4,0.0,3758.9509113581134
1731071579.05,19.8,0.287,0.0,1.02,5989.15,6445.45,0.0,7761.0,9760.5,0.0,3758.857396204331
1731071579.55,19.9,0.336,0.0,0.823,5989.28,6445.64,0.0,7761.1,9760.6,0.0,3758.763881118366
1731071580.05,20.5,0.301,0.0,1.0,5989.41,6445.83,0.0,7761.2,9760.7,0.0,3758.6703661002257
1731071580.55,19.8,0.702,0.0,1.64,5989.54,6446.02,0.0,7761.3,9760.8,0.0,3758.5768511499127
1731071581.05,19.8,0.421,0.0,0.85,5989.67,6446.21,0.0,7761.4,9760.9,0.0,3758.483336267436
1731071581.55,19.8,0.381,0.0,0.748,5989.8,6446.4,0.0,7761.5,9761.0,0.0,3758.389821452799
1731071582.05,20.5,0.349,0.0,0.646,5989.93,6446.59,0.0,7761.6,9761.1,0.0,3758.2963067060055
1731071582.55,19.8,0.359,0.0,0.798,5990.06,6446.78,0.0,7761.7,9761.2,0.0,3758.202792027062
1731071583.05,19.8,0.393,0.0,0.92,5990.19,6446.97,0.0,7761.8,9761.3,0.0,3758.1092774159715
1731071583.55,20.5,0.294,0.0,0.835,5990.32,6447.16,0.0,7761.9,9761.4,0.0,3758.015762872742
1731071584.05,19.8,0.372,0.0,0.735,5990.45,6447.35,0.0,7762.0,9761.5,0.0,3757.922248397377
1731071584.55,19.8,0.419,0.0,0.805,5990.58,6447.54,0.0,7762.1,9761.6,0.0,3757.8287339898825
1731071585.05,19.8,0.375,0.0,0.891,5990.71,6447.73,0.0,7762.2,9761.7,0.0,3757.7352196502625
1731071585.55,20.5,0.429,0.0,0.699,5990.84,6447.92,0.0,7762.3,9761.8,0.0,3757.6417053785203
1731071586.05,19.8,0.533,0.0,0.902,5990.97,6448.11,0.0,7762.4,9761.9,0.0,3757.548191174665
1731071586.55,19.8,0.5,0.0,1.41,5991.1,6448.3,0.0,7762.5,9762.0,0.0,3757.4546770386996
1731071587.05,19.8,0.478,0.0,1.4,5991.23,6448.49,0.0,7762.6,9762.1,0.0,3757.36116297063
1731071587.55,20.5,0.522,0.0,1.06,5991.36,6448.68,0.0,7762.7,9762.2,0.0,3757.2676489704595
1731071588.05,19.8,0.543,0.0,1.02,5991.49,6448.87,0.0,7762.8,9762.3,0.0,3757.1741350381935
1731071588.55,19.8,0.663,0.0,1.14,5991.62,6449.06,0.0,7762.9,9762.4,0.0,3757.080621173838
1731071589.05,19.2,0.622,0.032,2.49,5991.75,6449.25,0.0,7763.0,9762.5,0.0,3756.9871073773998
1731071589.55,20.5,0.591,0.0,1.08,5991.88,6449.44,0.0,7763.1,9762.6,0.0,3756.8935936488815
1731071590.05,19.8,0.495,0.0,1.02,5992.01,6449.63,0.0,7763.2,9762.7,0.0,3756.8000799882875
1731071590.55,19.8,0.396,0.0,1.14,5992.14,6449.82,0.0,7763.3,9762.8,0.0,3756.7065663956237
1731071591.05,19.9,0.569,0.0,0.933,5992.27,6450.01,0.0,7763.4,9762.9,0.0,3756.613052870896
1731071591.55,20.5,0.498,0.0,1.08,5992.4,6450.2,0.0,7763.5,9763.0,0.0,3756.5195394141106
1731071592.05,19.8,0.604,0.0,1.21,5992.53,6450.39,0.0,7763.6,9763.1,0.0,3756.42602602527
1731071592.55,19.8,0.619,0.0,0.848,5992.66,6450.58,0.0,7763.7,9763.2,0.0,3756.332512704381
1731071593.05,19.8,0.57,0.0,0.794,5992.79,6450.77,0.0,7763.8,9763.3,0.0,3756.238999451445
1731071593.55,20.5,0.54,0.0,0.933,5992.92,6450.96,0.0,7763.9,9763.4,0.0,3756.1454862664727
1731071594.05,19.8,0.586,0.0,0.824,5993.05,6451.15,0.0,7764.0,9763.5,0.0,3756.051973149467
1731071594.55,19.8,0.562,0.0,0.779,5993.18,6451.34,0.0,7764.1,9763.6,0.0,3755.9584601004312
1731071595.05,19.8,0.875,0.0,0.848,5993.31,6451.53,0.0,7764.2,9763.7,0.0,3755.8649471193726
1731071595.55,20.5,0.659,0.0,0.848,5993.44,6451.72,0.0,7764.3,9763.8,0.0,3755.771434206293
1731071596.05,19.9,0.732,0.0,0.697,5993.57,6451.91,0.0,7764.4,9763.9,0.0,3755.6779213612017
1731071596.55,19.9,0.869,0.0,0.854,5993.7,6452.1,0.0,7764.5,9764.0,0.0,3755.5844085841018
1731071597.05,19.8,0.712,0.0,0.808,5993.83,6452.29,0.0,7764.6,9764.1,0.0,3755.4908958749993
1731071597.55,20.5,0.767,0.0,1.39,5993.96,6452.48,0.0,7764.7,9764.2,0.0,3755.397383233898
1731071598.05,19.8,0.781,0.0,1.31,5994.09,6452.67,0.0,7764.8,9764.3,0.0,3755.3038706608013
1731071598.55,19.8,0.596,0.0,2.65,5994.22,6452.86,0.0,7764.9,9764.4,0.0,3755.210358155718
1731071599.05,19.8,0.327,0.0,1.2,5994.35,6453.05,0.0,7765.0,9764.5,0.0,3755.116845718652
1731071599.55,19.8,0.388,0.0,6.04,5994.48,6453.24,0.0,7765.1,9764.6,0.0,3755.023333349609
1731071600.05,20.5,0.358,0.0,0.878,5994.61,6453.43,0.0,7765.2,9764.7,0.0,3754.929821048591
1731071600.55,19.8,0.406,0.0,1.39,5994.74,6453.62,0.0,7765.3,9764.8,0.0,3754.8363088156048
1731071601.05,19.8,0.491,0.0,1.65,5994.87,6453.81,0.0,7765.4,9764.9,0.0,3754.7427966506566
1731071601.55,20.5,0.458,0.0,2.23,5995.0,6454.0,0.0,7765.5,9765.0,0.0,3754.649284553752
1731071602.05,19.8,0.31,0.0,1.67,5995.13,6454.19,0.0,7765.6,9765.1,0.0,3754.5557725248946
1731071602.55,19.8,0.311,0.0,1.32,5995.26,6454.38,0.0,7765.7,9765.2,0.0,3754.462260564088
1731071603.05,19.8,0.453,0.0,1.37,5995.39,6454.57,0.0,7765.8,9765.3,0.0,3754.3687486713393
1731071603.55,20.5,0.33,0.0,2.6,5995.52,6454.76,0.0,7765.9,9765.4,0.0,3754.275236846653
1731071604.05,19.8,0.358,0.0,4.51,5995.65,6454.95,0.0,7766.0,9765.5,0.0,3754.1817250900367
1731071604.55,19.8,0.356,0.0,0.953,5995.78,6455.14,0.0,7766.1,9765.6,0.0,3754.0882134014914
1731071605.05,19.8,0.502,0.0,1.95,5995.91,6455.33,0.0,7766.2,9765.7,0.0,3753.9947017810246
1731071605.55,20.5,0.529,0.0,1.11,5996.04,6455.52,0.0,7766.3,9765.8,0.0,3753.9011902286393
1731071606.05,19.8,0.435,0.0,1.21,5996.17,6455.71,0.0,7766.4,9765.9,0.0,3753.8076787443433
1731071606.55,19.8,0.42,0.0,0.927,5996.3,6455.9,0.0,7766.5,9766.0,0.0,3753.7141673281412
1731071607.05,19.8,0.531,0.0,0.987,5996.43,6456.09,0.0,7766.6,9766.1,0.0,3753.6206559800366
1731071607.55,19.8,0.635,0.0,1.07,5996.56,6456.28,0.0,7766.7,9766.2,0.0,3753.527144700036
1731071608.05,20.5,0.761,0.0,0.666,5996.69,6456.47,0.0,7766.8,9766.3,0.0,3753.433633488142
1731071608.55,19.8,0.506,0.0,0.946,5996.82,6456.66,0.0,7766.9,9766.4,0.0,3753.340122344363
1731071609.05,19.8,0.6,0.0,0.769,5996.95,6456.85,0.0,7767.0,9766.5,0.0,3753.2466112687025
1731071609.55,19.8,0.599,0.0,0.89,5997.08,6457.04,0.0,7767.1,9766.6,0.0,3753.1531002611664
1731071610.05,20.5,0.556,0.0,0.844,5997.21,6457.23,0.0,7767.2,9766.7,0.0,3753.0595893217587
1731071610.55,19.8,0.6,0.0,0.72,5997.34,6457.42,0.0,7767.3,9766.8,0.0,3752.9660784504827
1731071611.05,19.9,0.484,0.0,1.15,5997.47,6457.61,0.0,7767.4,9766.9,0.0,3752.8725676473478
1731071611.55,19.8,0.416,0.0,0.795,5997.6,6457.8,0.0,7767.5,9767.0,0.0,3752.7790569123567
1731071612.05,20.5,0.389,0.0,0.745,5997.73,6457.99,0.0,7767.6,9767.1,0.0,3752.685546245516
1731071612.55,19.8,0.565,0.0,0.708,5997.86,6458.18,0.0,7767.7,9767.2,0.0,3752.5920356468278
1731071613.05,19.2,0.571,0.032,0.877,5997.99,6458.37,0.0,7767.8,9767.3,0.0,3752.498525116299
1731071613.55,20.5,0.513,0.0,0.94,5998.12,6458.56,0.0,7767.9,9767.4,0.0,3752.4050146539344
1731071614.05,19.8,0.632,0.0,0.832,5998.25,6458.75,0.0,7768.0,9767.5,0.0,3752.311504259741
1731071614.55,19.8,0.55,0.0,0.797,5998.38,6458.94,0.0,7768.1,9767.6,0.0,3752.217993933722
1731071615.05,19.8,0.595,0.0,0.834,5998.51,6459.13,0.0,7768.2,9767.7,0.0,3752.124483675882
1731071615.55,20.5,0.798,0.0,1.83,5998.64,6459.32,0.0,7768.3,9767.8,0.0,3752.0309734862262
1731071616.05,19.8,0.786,0.0,3.18,5998.77,6459.51,0.0,7768.4,9767.9,0.0,3751.937463364761
1731071616.55,19.8,0.701,0.0,4.53,5998.9,6459.7,0.0,7768.5,9768.0,0.0,3751.8439533114915
1731071617.05,19.8,0.74,0.0,2.33,5999.03,6459.89,0.0,7768.6,9768.1,0.0,3751.7504433264216
1731071617.55,19.9,0.688,0.0,3.09,5999.16,6460.08,0.0,7768.7,9768.2,0.0,3751.6569334095575
1731071618.05,20.5,0.732,0.0,1.66,5999.29,6460.27,0.0,7768.8,9768.3,0.0,3751.5634235609014
1731071618.55,19.8,0.959,0.0,0.804,5999.42,6460.46,0.0,7768.9,9768.4,0.0,3751.4699137804632
1731071619.05,19.8,0.795,0.0,0.984,5999.55,6460.65,0.0,7769.0,9768.5,0.0,3751.3764040682454
1731071619.55,20.5,0.832,0.0,0.807,5999.68,6460.84,0.0,7769.1,9768.6,0.0,3751.2828944242533
1731071620.05,19.8,0.744,0.0,0.945,5999.81,6461.03,0.0,7769.2,9768.7,0.0,3751.1893848484915
1731071620.55,19.8,0.371,0.0,0.881,5999.94,6461.22,0.0,7769.3,9768.8,0.0,3751.095875340964
1731071621.05,19.8,0.44,0.0,0.932,6000.07,6461.41,0.0,7769.4,9768.9,0.0,3751.0023659016797
1731071621.55,20.5,0.402,0.0,0.984,6000.2,6461.6,0.0,7769.5,9769.0,0.0,3750.9088565306406
1731071622.05,19.8,0.394,0.0,0.872,6000.33,6461.79,0.0,7769.6,9769.1,0.0,3750.8153472278536
1731071622.55,19.8,0.436,0.0,0.896,6000.46,6461.98,0.0,7769.7,9769.2,0.0,3750.7218379933224
1731071623.05,19.8,0.578,0.0,0.825,6000.59,6462.17,0.0,7769.8,9769.3,0.0,3750.6283288270506
1731071623.55,20.5,0.639,0.0,0.844,6000.72,6462.36,0.0,7769.9,9769.4,0.0,3750.5348197290473
1731071624.05,19.8,0.363,0.0,0.846,6000.85,6462.55,0.0,7770.0,9769.5,0.0,3750.441310699315
1731071624.55,19.9,0.546,0.0,0.837,6000.98,6462.74,0.0,7770.1,9769.6,0.0,3750.3478017378607
1731071625.05,19.8,0.366,0.0,0.767,6001.11,6462.93,0.0,7770.2,9769.7,0.0,3750.254292844687
1731071625.55,20.5,0.321,0.0,1.14,6001.24,6463.12,0.0,7770.3,9769.8,0.0,3750.1607840197994
1731071626.05,19.8,0.399,0.0,0.844,6001.37,6463.31,0.0,7770.4,9769.9,0.0,3750.0672752632045
1731071626.55,19.8,0.403,0.0,0.893,6001.5,6463.5,0.0,7770.5,9770.0,0.0,3749.9737665749076
1731071627.05,19.8,0.46,0.0,0.816,6001.63,6463.69,0.0,7770.6,9770.1,0.0,3749.880257954913
1731071627.55,20.5,0.442,0.0,0.864,6001.76,6463.88,0.0,7770.7,9770.2,0.0,3749.786749403225
1731071628.05,19.8,0.443,0.0,1.04,6001.89,6464.07,0.0,7770.8,9770.3,0.0,3749.6932409198484
1731071628.55,19.8,0.443,0.0,1.2,6002.02,6464.26,0.0,7770.9,9770.4,0.0,3749.59973250479
1731071629.05,19.8,0.499,0.0,1.5,6002.15,6464.45,0.0,7771.0,9770.5,0.0,3749.5062241580563
1731071629.55,20.5,0.512,0.0,5.01,6002.28,6464.64,0.0,7771.1,9770.6,0.0,3749.4127158796487
1731071630.05,19.8,0.479,0.0,0.791,6002.41,6464.83,0.0,7771.2,9770.7,0.0,3749.3192076695746
1731071630.55,19.8,0.529,0.0,3.99,6002.54,6465.02,0.0,7771.3,9770.8,0.0,3749.2256995278362
1731071631.05,19.8,0.574,0.0,0.735,6002.67,6465.21,0.0,7771.4,9770.9,0.0,3749.1321914544433
1731071631.55,19.9,0.52,0.0,3.65,6002.8,6465.4,0.0,7771.5,9771.0,0.0,3749.038683449399
1731071632.05,20.5,0.553,0.0,0.879,6002.93,6465.59,0.0,7771.6,9771.1,0.0,3748.945175512707
1731071632.55,19.9,0.731,0.0,3.44,6003.06,6465.78,0.0,7771.7,9771.2,0.0,3748.851667644374
1731071633.05,19.8,0.481,0.0,0.804,6003.19,6465.97,0.0,7771.8,9771.3,0.0,3748.758159844403
1731071633.55,20.5,0.572,0.0,3.89,6003.32,6466.16,0.0,7771.9,9771.4,0.0,3748.6646521128027
1731071634.05,19.8,0.456,0.0,1.17,6003.45,6466.35,0.0,7772.0,9771.5,0.0,3748.571144449575
1731071634.55,19.9,0.535,0.0,1.04,6003.58,6466.54,0.0,7772.1,9771.6,0.0,3748.4776368547277
1731071635.05,19.8,0.595,0.0,1.11,6003.71,6466.73,0.0,7772.2,9771.7,0.0,3748.384129328264
1731071635.55,20.5,0.477,0.0,1.14,6003.84,6466.92,0.0,7772.3,9771.8,0.0,3748.2906218701874
1731071636.05,19.9,0.601,0.0,0.981,6003.97,6467.11,0.0,7772.4,9771.9,0.0,3748.1971144805066
1731071636.55,19.8,0.905,0.0,0.843,6004.1,6467.3,0.0,7772.5,9772.0,0.0,3748.1036071592252
1731071637.05,19.8,0.63,0.0,0.88,6004.23,6467.49,0.0,7772.6,9772.1,0.0,3748.0100999063498
1731071637.55,20.5,0.61,0.0,0.811,6004.36,6467.68,0.0,7772.7,9772.2,0.0,3747.916592721882
1731071638.05,19.8,0.599,0.0,0.815,6004.49,6467.87,0.0,7772.8,9772.3,0.0,3747.823085605829
1731071638.55,19.8,0.91,0.0,0.765,6004.62,6468.06,0.0,7772.9,9772.4,0.0,3747.729578558196
1731071639.05,19.9,0.81,0.0,0.734,6004.75,6468.25,0.0,7773.0,9772.5,0.0,3747.6360715789892
1731071639.55,20.5,0.776,0.0,1.18,6004.88,6468.44,0.0,7773.1,9772.6,0.0,3747.542564668213
1731071640.05,19.8,0.762,0.0,0.769,6005.01,6468.63,0.0,7773.2,9772.7,0.0,3747.44905782587
1731071640.55,19.8,0.903,0.0,0.897,6005.14,6468.82,0.0,7773.3,9772.8,0.0,3747.3555510519677
1731071641.05,19.8,0.571,0.0,0.839,6005.27,6469.01,0.0,7773.4,9772.9,0.0,3747.2620443465107
1731071641.55,19.8,0.47,0.0,0.786,6005.4,6469.2,0.0,7773.5,9773.0,0.0,3747.168537709507
1731071642.05,20.5,0.412,0.0,0.804,6005.53,6469.39,0.0,7773.6,9773.1,0.0,3747.075031140957
1731071642.55,19.8,0.377,0.0,0.839,6005.66,6469.58,0.0,7773.7,9773.2,0.0,3746.9815246408684
1731071643.05,19.8,0.317,0.0,0.65,6005.79,6469.77,0.0,7773.8,9773.3,0.0,3746.8880182092435
1731071643.55,20.5,0.362,0.0,0.806,6005.92,6469.96,0.0,7773.9,9773.4,0.0,3746.794511846092
1731071644.05,19.8,0.633,0.0,1.03,6006.05,6470.15,0.0,7774.0,9773.5,0.0,3746.701005551417
1731071644.55,19.9,0.505,0.0,0.814,6006.18,6470.34,0.0,7774.1,9773.6,0.0,3746.6074993252228
1731071645.05,19.8,0.404,0.0,0.761,6006.31,6470.53,0.0,7774.2,9773.7,0.0,3746.5139931675158
1731071645.55,19.9,0.438,0.0,0.928,6006.44,6470.72,0.0,7774.3,9773.8,0.0,3746.4204870782983
1731071646.05,20.5,0.311,0.0,1.08,6006.57,6470.91,0.0,7774.4,9773.9,0.0,3746.32698105758
1731071646.55,19.8,0.589,0.0,2.28,6006.7,6471.1,0.0,7774.5,9774.0,0.0,3746.2334751053622
1731071647.05,19.8,0.597,0.0,2.79,6006.83,6471.29,0.0,7774.6,9774.1,0.0,3746.139969221653
1731071647.55,20.5,0.439,0.0,1.29,6006.96,6471.48,0.0,7774.7,9774.2,0.0,3746.0464634064547
1731071648.05,19.8,0.437,0.0,1.85,6007.09,6471.67,0.0,7774.8,9774.3,0.0,3745.952957659772
1731071648.55,19.8,0.396,0.0,0.954,6007.22,6471.86,0.0,7774.9,9774.4,0.0,3745.8594519816143
1731071649.05,19.8,0.511,0.0,1.33,6007.35,6472.05,0.0,7775.0,9774.5,0.0,3745.7659463719833
1731071649.55,20.5,0.54,0.0,0.849,6007.48,6472.24,0.0,7775.1,9774.6,0.0,3745.672440830886
1731071650.05,19.8,0.586,0.0,0.784,6007.61,6472.43,0.0,7775.2,9774.7,0.0,3745.578935358325
1731071650.55,19.8,0.607,0.0,0.719,6007.74,6472.62,0.0,7775.3,9774.8,0.0,3745.4854299543067
1731071651.05,19.8,0.717,0.0,0.96,6007.87,6472.81,0.0,7775.4,9774.9,0.0,3745.3919246188366
1731071651.55,20.5,0.511,0.0,0.849,6008.0,6473.0,0.0,7775.5,9775.0,0.0,3745.2984193519214
1731071652.05,19.8,0.457,0.0,0.828,6008.13,6473.19,0.0,7775.6,9775.1,0.0,3745.2049141535645
1731071652.55,19.8,0.645,0.0,0.849,6008.26,6473.38,0.0,7775.7,9775.2,0.0,3745.1114090237693
1731071653.05,19.8,0.616,0.0,0.814,6008.39,6473.57,0.0,7775.8,9775.3,0.0,3745.0179039625427
1731071653.55,20.5,0.724,0.0,1.1,6008.52,6473.76,0.0,7775.9,9775.4,0.0,3744.9243989698903
1731071654.05,19.8,0.517,0.0,0.89,6008.65,6473.95,0.0,7776.0,9775.5,0.0,3744.8308940458182
1731071654.55,19.8,0.539,0.0,1.99,6008.78,6474.14,0.0,7776.1,9775.6,0.0,3744.737389190329
1731071655.05,19.9,0.455,0.0,0.785,6008.91,6474.33,0.0,7776.2,9775.7,0.0,3744.6438844034296
1731071655.55,20.5,0.462,0.0,0.764,6009.04,6474.52,0.0,7776.3,9775.8,0.0,3744.550379685122
1731071656.05,19.8,0.593,0.0,0.782,6009.17,6474.71,0.0,7776.4,9775.9,0.0,3744.4568750354165
1731071656.55,19.2,0.55,0.032,0.792,6009.3,6474.9,0.0,7776.5,9776.0,0.0,3744.363370454316
1731071657.05,19.8,0.65,0.0,0.822,6009.43,6475.09,0.0,7776.6,9776.1,0.0,3744.269865941824
1731071657.55,20.5,0.523,0.0,0.817,6009.56,6475.28,0.0,7776.7,9776.2,0.0,3744.176361497947
1731071658.05,19.8,0.548,0.0,0.736,6009.69,6475.47,0.0,7776.8,9776.3,0.0,3744.082857122689
1731071658.55,19.8,0.618,0.0,0.769,6009.82,6475.66,0.0,7776.9,9776.4,0.0,3743.989352816057
1731071659.05,19.8,0.693,0.0,0.779,6009.95,6475.85,0.0,7777.0,9776.5,0.0,3743.8958485780554
1731071659.55,20.5,0.634,0.0,0.804,6010.08,6476.04,0.0,7777.1,9776.6,0.0,3743.80234440869
1731071660.05,19.8,0.736,0.0,0.762,6010.21,6476.23,0.0,7777.2,9776.7,0.0,3743.708840307965
1731071660.55,19.8,0.954,0.0,0.884,6010.34,6476.42,0.0,7777.3,9776.8,0.0,3743.6153362758832
1731071661.05,19.8,0.773,0.0,0.805,6010.47,6476.61,0.0,7777.4,9776.9,0.0,3743.521832312455
1731071661.55,20.5,0.734,0.0,0.787,6010.6,6476.8,0.0,7777.5,9777.0,0.0,3743.4283284176818
1731071662.05,19.8,0.822,0.0,0.987,6010.73,6476.99,0.0,7777.6,9777.1,0.0,3743.334824591571
1731071662.55,19.9,0.675,0.0,3.28,6010.86,6477.18,0.0,7777.7,9777.2,0.0,3743.241320834125
1731071663.05,19.8,0.391,0.0,1.44,6010.99,6477.37,0.0,7777.8,9777.3,0.0,3743.1478171453496
1731071663.55,20.5,0.328,0.0,0.819,6011.12,6477.56,0.0,7777.9,9777.4,0.0,3743.054313525252
1731071664.05,19.8,0.337,0.0,0.975,6011.25,6477.75,0.0,7778.0,9777.5,0.0,3742.9608099738366
1731071664.55,19.8,0.41,0.0,0.773,6011.38,6477.94,0.0,7778.1,9777.6,0.0,3742.8673064911086
1731071665.05,19.8,0.559,0.0,0.849,6011.51,6478.13,0.0,7778.2,9777.7,0.0,3742.7738030770715
1731071665.55,20.5,0.344,0.0,1.15,6011.64,6478.32,0.0,7778.3,9777.8,0.0,3742.680299731731
1731071666.05,19.8,0.377,0.0,1.12,6011.77,6478.51,0.0,7778.4,9777.9,0.0,3742.5867964550926
1731071666.55,19.8,0.317,0.0,0.883,6011.9,6478.7,0.0,7778.5,9778.0,0.0,3742.4932932471643
1731071667.05,19.8,0.391,0.0,0.821,6012.03,6478.89,0.0,7778.6,9778.1,0.0,3742.3997901079465
1731071667.55,20.5,0.428,0.0,0.939,6012.16,6479.08,0.0,7778.7,9778.2,0.0,3742.3062870374474
1731071668.05,19.8,0.377,0.0,0.805,6012.29,6479.27,0.0,7778.8,9778.3,0.0,3742.2127840356693
1731071668.55,19.8,0.358,0.0,0.838,6012.42,6479.46,0.0,7778.9,9778.4,0.0,3742.119281102621
1731071669.05,19.8,0.433,0.0,2.48,6012.55,6479.65,0.0,7779.0,9778.5,0.0,3742.025778238306
1731071669.55,19.9,0.674,0.031,1.23,6012.68,6479.84,0.0,7779.1,9778.6,0.0,3741.9322754427294
1731071670.05,19.8,0.483,0.0,2.93,6012.81,6480.03,0.0,7779.2,9778.7,0.0,3741.838772715896
1731071670.55,19.8,0.653,0.0,0.732,6012.94,6480.22,0.0,7779.3,9778.8,0.0,3741.74527005781
1731071671.05,19.8,0.488,0.0,0.819,6013.07,6480.41,0.0,7779.4,9778.9,0.0,3741.6517674684796
1731071671.55,20.5,0.445,0.0,0.752,6013.2,6480.6,0.0,7779.5,9779.0,0.0,3741.5582649479074
1731071672.05,19.8,0.565,0.0,0.838,6013.33,6480.79,0.0,7779.6,9779.1,0.0,3741.464762496101
1731071672.55,19.8,0.536,0.0,0.772,6013.46,6480.98,0.0,7779.7,9779.2,0.0,3741.371260113063
1731071673.05,19.9,0.502,0.0,7.85,6013.59,6481.17,0.0,7779.8,9779.3,0.0,3741.277757798797
1731071673.55,20.4,0.527,0.0,1.11,6013.72,6481.36,0.0,7779.9,9779.4,0.0,3741.184255553313
1731071674.05,19.9,0.525,0.0,0.954,6013.85,6481.55,0.0,7780.0,9779.5,0.0,3741.0907533766135
1731071674.55,19.8,0.552,0.0,1.54,6013.98,6481.74,0.0,7780.1,9779.6,0.0,3740.997251268705
1731071675.05,19.8,0.449,0.0,0.726,6014.11,6481.93,0.0,7780.2,9779.7,0.0,3740.90374922959
1731071675.55,19.8,0.528,0.0,1.07,6014.24,6482.12,0.0,7780.3,9779.8,0.0,3740.810247259275
1731071676.05,20.5,0.466,0.0,0.826,6014.37,6482.31,0.0,7780.4,9779.9,0.0,3740.7167453577654
1731071676.55,19.9,0.406,0.0,0.964,6014.5,6482.5,0.0,7780.5,9780.0,0.0,3740.623243525068
1731071677.05,19.8,0.549,0.0,0.83,6014.63,6482.69,0.0,7780.6,9780.1,0.0,3740.529741761186
1731071677.55,19.8,0.482,0.0,4.96,6014.76,6482.88,0.0,7780.7,9780.2,0.0,3740.436240066124
1731071678.05,20.5,0.635,0.0,1.45,6014.89,6483.07,0.0,7780.8,9780.3,0.0,3740.3427384398874
1731071678.55,19.8,0.516,0.0,0.781,6015.02,6483.26,0.0,7780.9,9780.4,0.0,3740.249236882483
1731071679.05,19.9,0.65,0.0,0.883,6015.15,6483.45,0.0,7781.0,9780.5,0.0,3740.1557353939156
1731071679.55,19.8,0.705,0.0,0.945,6015.28,6483.64,0.0,7781.1,9780.6,0.0,3740.062233974189
1731071680.05,20.5,0.709,0.0,1.77,6015.41,6483.83,0.0,7781.2,9780.7,0.0,3739.9687326233097
1731071680.55,19.9,0.89,0.0,2.13,6015.54,6484.02,0.0,7781.3,9780.8,0.0,3739.87523134128
1731071681.05,19.8,0.678,0.0,1.12,6015.67,6484.21,0.0,7781.4,9780.9,0.0,3739.7817301281098
1731071681.55,20.5,0.777,0.0,1.12,6015.8,6484.4,0.0,7781.5,9781.0,0.0,3739.6882289838013
1731071682.05,19.9,0.78,0.0,0.879,6015.93,6484.59,0.0,7781.6,9781.1,0.0,3739.5947279083603
1731071682.55,19.8,0.901,0.0,1.95,6016.06,6484.78,0.0,7781.7,9781.2,0.0,3739.5012269017916
1731071683.05,19.9,0.859,0.0,1.7,6016.19,6484.97,0.0,7781.8,9781.3,0.0,3739.407725964099
1731071683.55,20.5,0.961,0.0,6.39,6016.32,6485.16,0.0,7781.9,9781.4,0.0,3739.314225095291
1731071684.05,19.8,0.561,0.0,1.44,6016.45,6485.35,0.0,7782.0,9781.5,0.0,3739.220724295371
1731071684.55,19.8,0.375,0.0,1.96,6016.58,6485.54,0.0,7782.1,9781.6,0.0,3739.1272235643446
1731071685.05,19.8,0.316,0.0,1.67,6016.71,6485.73,0.0,7782.2,9781.7,0.0,3739.033722902216
1731071685.55,19.9,0.423,0.0,0.984,6016.84,6485.92,0.0,7782.3,9781.8,0.0,3738.9402223089896
1731071686.05,20.5,0.328,0.0,0.87,6016.97,6486.11,0.0,7782.4,9781.9,0.0,3738.8467217846733
1731071686.55,19.8,0.364,0.0,2.08,6017.1,6486.3,0.0,7782.5,9782.0,0.0,3738.75322132927
1731071687.05,19.8,0.436,0.0,0.973,6017.23,6486.49,0.0,7782.6,9782.1,0.0,3738.659720942788
1731071687.55,20.5,0.405,0.0,0.804,6017.36,6486.68,0.0,7782.7,9782.2,0.0,3738.566220625228
1731071688.05,19.8,0.38,0.0,3.53,6017.49,6486.87,0.0,7782.8,9782.3,0.0,3738.4727203765974
1731071688.55,19.8,0.324,0.0,7.69,6017.62,6487.06,0.0,7782.9,9782.4,0.0,3738.3792201969018
1731071689.05,19.8,0.323,0.0,4.12,6017.75,6487.25,0.0,7783.0,9782.5,0.0,3738.2857200861467
1731071689.55,20.5,0.332,0.0,1.46,6017.88,6487.44,0.0,7783.1,9782.6,0.0,3738.192220044337
1731071690.05,19.8,0.455,0.0,1.48,6018.01,6487.63,0.0,7783.2,9782.7,0.0,3738.0987200714753
1731071690.55,19.8,0.599,0.0,1.83,6018.14,6487.82,0.0,7783.3,9782.8,0.0,3738.005220167569
1731071691.05,19.8,0.602,0.0,0.894,6018.27,6488.01,0.0,7783.4,9782.9,0.0,3737.9117203326236
1731071691.55,20.5,0.439,0.0,1.1,6018.4,6488.2,0.0,7783.5,9783.0,0.0,3737.8182205666453
1731071692.05,19.8,0.449,0.0,1.11,6018.53,6488.39,0.0,7783.6,9783.1,0.0,3737.7247208696367
1731071692.55,19.8,0.579,0.0,4.08,6018.66,6488.58,0.0,7783.7,9783.2,0.0,3737.631221241604
1731071693.05,19.9,0.521,0.0,7.43,6018.79,6488.77,0.0,7783.8,9783.3,0.0,3737.537721682551
1731071693.55,20.5,0.454,0.0,1.04,6018.92,6488.96,0.0,7783.9,9783.4,0.0,3737.444222192486
1731071694.05,19.8,0.477,0.0,1.31,6019.05,6489.15,0.0,7784.0,9783.5,0.0,3737.350722771413
1731071694.55,19.8,0.587,0.0,1.02,6019.18,6489.34,0.0,7784.1,9783.6,0.0,3737.2572234193353
1731071695.05,19.8,0.552,0.0,0.981,6019.31,6489.53,0.0,7784.2,9783.7,0.0,3737.1637241362605
1731071695.55,20.5,0.545,0.0,0.942,6019.44,6489.72,0.0,7784.3,9783.8,0.0,3737.0702249221913
1731071696.05,19.8,0.529,0.0,1.1,6019.57,6489.91,0.0,7784.4,9783.9,0.0,3736.9767257771355
1731071696.55,19.8,0.605,0.0,1.26,6019.7,6490.1,0.0,7784.5,9784.0,0.0,3736.8832267010966
1731071697.05,19.8,0.602,0.0,1.18,6019.83,6490.29,0.0,7784.6,9784.1,0.0,3736.789727694081
1731071697.55,20.5,0.492,0.0,8.01,6019.96,6490.48,0.0,7784.7,9784.2,0.0,3736.696228756093
1731071698.05,19.8,0.467,0.0,1.01,6020.09,6490.67,0.0,7784.8,9784.3,0.0,3736.6027298871354
1731071698.55,19.9,0.599,0.0,1.26,6020.22,6490.86,0.0,7784.9,9784.4,0.0,3736.5092310872187
1731071699.05,19.8,0.722,0.0,2.06,6020.35,6491.05,0.0,7785.0,9784.5,0.0,3736.4157323563445
1731071699.55,19.9,1.291,0.0,0.877,6020.48,6491.24,0.0,7785.1,9784.6,0.0,3736.32223369452
1731071700.05,20.5,0.792,0.0,0.865,6020.61,6491.43,0.0,7785.2,9784.7,0.0,3736.2287351017476
1731071700.55,19.8,0.743,0.0,0.975,6020.74,6491.62,0.0,7785.3,9784.8,0.0,3736.1352365780335
1731071701.05,19.9,0.657,0.0,0.784,6020.87,6491.81,0.0,7785.4,9784.9,0.0,3736.0417381233838
1731071701.55,20.5,0.77,0.0,0.766,6021.0,6492.0,0.0,7785.5,9785.0,0.0,3735.9482397378047
1731071702.05,19.8,0.614,0.0,0.747,6021.13,6492.19,0.0,7785.6,9785.1,0.0,3735.8547414213
1731071702.55,19.8,0.681,0.0,1.02,6021.26,6492.38,0.0,7785.7,9785.2,0.0,3735.7612431738735
1731071703.05,19.8,1.092,0.0,1.3,6021.39,6492.57,0.0,7785.8,9785.3,0.0,3735.667744995531
1731071703.55,20.5,0.797,0.0,1.2,6021.52,6492.76,0.0,7785.9,9785.4,0.0,3735.5742468862795
1731071704.05,19.8,0.779,0.0,0.855,6021.65,6492.95,0.0,7786.0,9785.5,0.0,3735.4807488461242
1731071704.55,19.8,0.986,0.0,0.832,6021.78,6493.14,0.0,7786.1,9785.6,0.0,3735.3872508750687
1731071705.05,19.8,0.646,0.0,0.74,6021.91,6493.33,0.0,7786.2,9785.7,0.0,3735.2937529731184
1731071705.55,19.8,0.364,0.0,0.71,6022.04,6493.52,0.0,7786.3,9785.8,0.0,3735.2002551402775
1731071706.05,20.5,0.334,0.0,0.88,6022.17,6493.71,0.0,7786.4,9785.9,0.0,3735.106757376554
1731071706.55,19.8,0.426,0.0,0.857,6022.3,6493.9,0.0,7786.5,9786.0,0.0,3735.013259681952
1731071707.05,19.8,0.412,0.0,0.731,6022.43,6494.09,0.0,7786.6,9786.1,0.0,3734.9197620564755
1731071707.55,20.5,0.409,0.0,0.744,6022.56,6494.28,0.0,7786.7,9786.2,0.0,3734.8262645001314
1731071708.05,19.8,0.728,0.0,0.755,6022.69,6494.47,0.0,7786.8,9786.3,0.0,3734.732767012922
1731071708.55,19.8,0.426,0.0,2.8,6022.82,6494.66,0.0,7786.9,9786.4,0.0,3734.639269594856
1731071709.05,19.8,0.39,0.0,0.785,6022.95,6494.85,0.0,7787.0,9786.5,0.0,3734.545772245937
1731071709.55,19.8,0.425,0.0,0.885,6023.08,6495.04,0.0,7787.1,9786.6,0.0,3734.45227496617
1731071710.05,20.5,0.698,0.0,0.734,6023.21,6495.23,0.0,7787.2,9786.7,0.0,3734.358777755561
1731071710.55,19.8,0.47,0.0,0.739,6023.34,6495.42,0.0,7787.3,9786.8,0.0,3734.2652806141123
1731071711.05,19.8,0.384,0.0,0.925,6023.47,6495.61,0.0,7787.4,9786.9,0.0,3734.1717835418335
1731071711.55,20.5,0.462,0.0,0.894,6023.6,6495.8,0.0,7787.5,9787.0,0.0,3734.0782865387273
1731071712.05,19.8,0.402,0.0,3.6,6023.73,6495.99,0.0,7787.6,9787.1,0.0,3733.9847896048004
1731071712.55,19.8,0.494,0.0,0.838,6023.86,6496.18,0.0,7787.7,9787.2,0.0,3733.8912927400556
1731071713.05,19.8,0.8,0.0,1.16,6023.99,6496.37,0.0,7787.8,9787.3,0.0,3733.797795944499
1731071713.55,20.5,0.455,0.0,0.864,6024.12,6496.56,0.0,7787.9,9787.4,0.0,3733.7042992181364
1731071714.05,19.8,0.464,0.0,1.0,6024.25,6496.75,0.0,7788.0,9787.5,0.0,3733.6108025609738
1731071714.55,19.8,0.44,0.0,0.831,6024.38,6496.94,0.0,7788.1,9787.6,0.0,3733.517305973016
1731071715.05,19.8,0.504,0.0,1.48,6024.51,6497.13,0.0,7788.2,9787.7,0.0,3733.423809454266
1731071715.55,20.5,0.501,0.0,1.02,6024.64,6497.32,0.0,7788.3,9787.8,0.0,3733.33031300473
1731071716.05,19.8,0.521,0.0,1.17,6024.77,6497.51,0.0,7788.4,9787.9,0.0,3733.2368166244146
1731071716.55,19.8,0.646,0.0,1.06,6024.9,6497.7,0.0,7788.5,9788.0,0.0,3733.1433203133256
1731071717.05,19.8,0.697,0.0,0.885,6025.03,6497.89,0.0,7788.6,9788.1,0.0,3733.049824071466
1731071717.55,19.8,0.475,0.0,0.899,6025.16,6498.08,0.0,7788.7,9788.2,0.0,3732.9563278988417
1731071718.05,20.5,0.513,0.0,0.857,6025.29,6498.27,0.0,7788.8,9788.3,0.0,3732.8628317954567
1731071718.55,19.8,0.476,0.0,0.806,6025.42,6498.46,0.0,7788.9,9788.4,0.0,3732.7693357613184
1731071719.05,19.8,0.645,0.0,0.823,6025.55,6498.65,0.0,7789.0,9788.5,0.0,3732.6758397964327
1731071719.55,20.5,0.47,0.0,0.892,6025.68,6498.84,0.0,7789.1,9788.6,0.0,3732.582343900802
1731071720.05,19.8,0.634,0.0,0.773,6025.81,6499.03,0.0,7789.2,9788.7,0.0,3732.4888480744326
1731071720.55,19.8,1.04,0.0,0.755,6025.94,6499.22,0.0,7789.3,9788.8,0.0,3732.3953523173286
1731071721.05,19.8,0.822,0.0,0.9,6026.07,6499.41,0.0,7789.4,9788.9,0.0,3732.301856629498
1731071721.55,20.5,0.753,0.0,4.81,6026.2,6499.6,0.0,7789.5,9789.0,0.0,3732.2083610109444
1731071722.05,19.8,0.487,0.0,1.09,6026.33,6499.79,0.0,7789.6,9789.1,0.0,3732.114865461673
1731071722.55,19.8,0.668,0.0,1.14,6026.46,6499.98,0.0,7789.7,9789.2,0.0,3732.0213699816895
1731071723.05,19.8,0.844,0.0,1.23,6026.59,6500.17,0.0,7789.8,9789.3,0.0,3731.927874570996
1731071723.55,20.5,0.851,0.0,0.881,6026.72,6500.36,0.0,7789.9,9789.4,0.0,3731.834379229603
1731071724.05,19.8,0.696,0.0,1.81,6026.85,6500.55,0.0,7790.0,9789.5,0.0,3731.740883957513
1731071724.55,19.8,0.758,0.0,0.962,6026.98,6500.74,0.0,7790.1,9789.6,0.0,3731.6473887547318
1731071725.05,19.8,0.792,0.0,2.06,6027.11,6500.93,0.0,7790.2,9789.7,0.0,3731.5538936212624
1731071725.55,20.5,0.733,0.0,5.57,6027.24,6501.12,0.0,7790.3,9789.8,0.0,3731.4603985571116
1731071726.05,19.8,0.804,0.0,1.04,6027.37,6501.31,0.0,7790.4,9789.9,0.0,3731.366903562285
1731071726.55,19.8,0.793,0.0,1.31,6027.5,6501.5,0.0,7790.5,9790.0,0.0,3731.2734086367886
1731071727.05,19.8,0.31,0.0,0.88,6027.63,6501.69,0.0,7790.6,9790.1,0.0,3731.179913780627
1731071727.55,20.5,0.352,0.0,1.07,6027.76,6501.88,0.0,7790.7,9790.2,0.0,3731.0864189938034
1731071728.05,19.8,0.387,0.0,0.914,6027.89,6502.07,0.0,7790.8,9790.3,0.0,3730.992924276324
1731071728.55,19.8,0.629,0.0,1.22,6028.02,6502.26,0.0,7790.9,9790.4,0.0,3730.8994296281953
1731071729.05,19.8,0.42,0.0,0.991,6028.15,6502.45,0.0,7791.0,9790.5,0.0,3730.8059350494236
1731071729.55,20.5,0.423,0.0,0.921,6028.28,6502.64,0.0,7791.1,9790.6,0.0,3730.712440540011
1731071730.05,19.8,0.458,0.0,7.65,6028.41,6502.83,0.0,7791.2,9790.7,0.0,3730.618946099964
1731071730.55,19.8,0.432,0.0,0.845,6028.54,6503.02,0.0,7791.3,9790.8,0.0,3730.525451729286
1731071731.05,19.9,0.455,0.0,5.3,6028.67,6503.21,0.0,7791.4,9790.9,0.0,3730.431957427986
1731071731.55,20.5,0.336,0.0,6.4,6028.8,6503.4,0.0,7791.5,9791.0,0.0,3730.338463196068
1731071732.05,19.8,0.298,0.0,1.22,6028.93,6503.59,0.0,7791.6,9791.1,0.0,3730.2449690335357
1731071732.55,19.8,0.468,0.0,1.18,6029.06,6503.78,0.0,7791.7,9791.2,0.0,3730.151474940395
1731071733.05,19.8,0.618,0.0,0.856,6029.19,6503.97,0.0,7791.8,9791.3,0.0,3730.05798091665
1731071733.55,20.5,0.44,0.0,1.59,6029.32,6504.16,0.0,7791.9,9791.4,0.0,3729.964486962309
1731071734.05,19.8,0.424,0.0,0.724,6029.45,6504.35,0.0,7792.0,9791.5,0.0,3729.870993077374
1731071734.55,19.8,0.512,0.0,1.12,6029.58,6504.54,0.0,7792.1,9791.6,0.0,3729.7774992618533
1731071735.05,19.8,0.788,0.0,2.32,6029.71,6504.73,0.0,7792.2,9791.7,0.0,3729.6840055157495
1731071735.55,20.5,0.525,0.0,0.886,6029.84,6504.92,0.0,7792.3,9791.8,0.0,3729.5905118390674
1731071736.05,19.8,0.469,0.0,1.33,6029.97,6505.11,0.0,7792.4,9791.9,0.0,3729.4970182318148
1731071736.55,19.8,0.505,0.0,1.57,6030.1,6505.3,0.0,7792.5,9792.0,0.0,3729.4035246939957
1731071737.05,19.8,0.65,0.0,0.926,6030.23,6505.49,0.0,7792.6,9792.1,0.0,3729.310031225616
1731071737.55,20.5,0.504,0.0,1.28,6030.36,6505.68,0.0,7792.7,9792.2,0.0,3729.216537826679
1731071738.05,19.8,0.557,0.0,1.76,6030.49,6505.87,0.0,7792.8,9792.3,0.0,3729.1230444971907
1731071738.55,19.8,0.628,0.0,1.58,6030.62,6506.06,0.0,7792.9,9792.4,0.0,3729.029551237157
1731071739.05,19.8,0.518,0.0,1.55,6030.75,6506.25,0.0,7793.0,9792.5,0.0,3728.9360580465845
1731071739.55,19.8,0.424,0.0,1.47,6030.88,6506.44,0.0,7793.1,9792.6,0.0,3728.8425649254764
1731071740.05,20.5,0.433,0.0,1.92,6031.01,6506.63,0.0,7793.2,9792.7,0.0,3728.7490718738372
1731071740.55,19.9,0.445,0.0,0.674,6031.14,6506.82,0.0,7793.3,9792.8,0.0,3728.655578891673
1731071741.05,19.8,0.47,0.0,0.781,6031.27,6507.01,0.0,7793.4,9792.9,0.0,3728.562085978989
1731071741.55,20.5,0.822,0.0,0.888,6031.4,6507.2,0.0,7793.5,9793.0,0.0,3728.468593135793
1731071742.05,19.8,0.547,0.0,0.835,6031.53,6507.39,0.0,7793.6,9793.1,0.0,3728.375100362087
1731071742.55,19.8,0.552,0.0,0.787,6031.66,6507.58,0.0,7793.7,9793.2,0.0,3728.281607657877
1731071743.05,19.8,0.634,0.0,0.876,6031.79,6507.77,0.0,7793.8,9793.3,0.0,3728.1881150231666
1731071743.55,20.5,0.645,0.0,0.866,6031.92,6507.96,0.0,7793.9,9793.4,0.0,3728.094622457965
1731071744.05,19.8,0.637,0.0,0.82,6032.05,6508.15,0.0,7794.0,9793.5,0.0,3728.001129962275
1731071744.55,19.9,0.627,0.0,0.84,6032.18,6508.34,0.0,7794.1,9793.6,0.0,3727.907637536102
1731071745.05,19.8,0.972,0.0,0.852,6032.31,6508.53,0.0,7794.2,9793.7,0.0,3727.8141451794513
1731071745.55,19.9,0.765,0.0,0.84,6032.44,6508.72,0.0,7794.3,9793.8,0.0,3727.720652892327
1731071746.05,20.5,0.729,0.0,0.969,6032.57,6508.91,0.0,7794.4,9793.9,0.0,3727.6271606747364
1731071746.55,19.9,0.803,0.0,1.05,6032.7,6509.1,0.0,7794.5,9794.0,0.0,3727.533668526684
1731071747.05,19.8,0.951,0.0,8.01,6032.83,6509.29,0.0,7794.6,9794.1,0.0,3727.4401764481754
1731071747.55,20.5,0.856,0.0,0.857,6032.96,6509.48,0.0,7794.7,9794.2,0.0,3727.3466844392146
1731071748.05,19.2,0.271,0.0,0.877,6033.09,6509.67,0.0,7794.8,9794.3,0.0,3727.2531924998057
1731071748.55,20.5,0.311,0.0,0.876,6033.22,6509.86,0.0,7794.9,9794.4,0.0,3727.159700629958
1731071749.05,19.8,0.622,0.0,0.849,6033.35,6510.05,0.0,7795.0,9794.5,0.0,3727.0662088296735
1731071749.55,20.5,0.427,0.0,0.771,6033.48,6510.24,0.0,7795.1,9794.6,0.0,3726.9727170989604
1731071750.05,19.8,0.386,0.0,0.778,6033.61,6510.43,0.0,7795.2,9794.7,0.0,3726.87922543782
1731071750.55,19.8,0.419,0.0,0.715,6033.74,6510.62,0.0,7795.3,9794.8,0.0,3726.7857338462586
1731071751.05,19.8,0.446,0.0,1.16,6033.87,6510.81,0.0,7795.4,9794.9,0.0,3726.692242324283
1731071751.55,20.5,0.429,0.0,0.889,6034.0,6511.0,0.0,7795.5,9795.0,0.0,3726.5987508718995
1731071752.05,19.9,0.348,0.0,0.925,6034.13,6511.19,0.0,7795.6,9795.1,0.0,3726.505259489111
1731071752.55,19.8,0.324,0.0,0.828,6034.26,6511.38,0.0,7795.7,9795.2,0.0,3726.411768175922
1731071753.05,19.8,0.334,0.0,0.726,6034.39,6511.57,0.0,7795.8,9795.3,0.0,3726.318276932339
1731071753.55,20.5,0.562,0.0,0.84,6034.52,6511.76,0.0,7795.9,9795.4,0.0,3726.2247857583675
1731071754.05,19.8,0.634,0.0,0.787,6034.65,6511.95,0.0,7796.0,9795.5,0.0,3726.1312946540147
1731071754.55,19.8,0.381,0.0,0.82,6034.78,6512.14,0.0,7796.1,9795.6,0.0,3726.037803619282
1731071755.05,19.8,0.513,0.0,0.755,6034.91,6512.33,0.0,7796.2,9795.7,0.0,3725.944312654177
1731071755.55,20.5,0.588,0.0,0.67,6035.04,6512.52,0.0,7796.3,9795.8,0.0,3725.850821758702
1731071756.05,19.8,0.462,0.0,0.84,6035.17,6512.71,0.0,7796.4,9795.9,0.0,3725.7573309328664
1731071756.55,19.8,0.412,0.0,0.77,6035.3,6512.9,0.0,7796.5,9796.0,0.0,3725.663840176674
1731071757.05,19.8,0.461,0.0,0.81,6035.43,6513.09,0.0,7796.6,9796.1,0.0,3725.570349490129
1731071757.55,20.5,0.561,0.0,0.675,6035.56,6513.28,0.0,7796.7,9796.2,0.0,3725.4768588732377
1731071758.05,19.8,0.605,0.0,0.681,6035.69,6513.47,0.0,7796.8,9796.3,0.0,3725.3833683260027
1731071758.55,19.9,0.647,0.0,0.794,6035.82,6513.66,0.0,7796.9,9796.4,0.0,3725.2898778484337
1731071759.05,19.8,0.597,0.0,1.24,6035.95,6513.85,0.0,7797.0,9796.5,0.0,3725.1963874405333
1731071759.55,20.5,0.668,0.0,0.882,6036.08,6514.04,0.0,7797.1,9796.6,0.0,3725.1028971023075
1731071760.05,19.8,0.839,0.0,0.795,6036.21,6514.23,0.0,7797.2,9796.7,0.0,3725.0094068337607
1731071760.55,19.8,0.59,0.0,0.75,6036.34,6514.42,0.0,7797.3,9796.8,0.0,3724.9159166348973
1731071761.05,19.8,0.421,0.0,1.04,6036.47,6514.61,0.0,7797.4,9796.9,0.0,3724.822426505725
1731071761.55,20.5,0.422,0.0,0.77,6036.6,6514.8,0.0,7797.5,9797.0,0.0,3724.7289364462476
1731071762.05,19.8,0.987,0.0,0.948,6036.73,6514.99,0.0,7797.6,9797.1,0.0,3724.6354464564724
1731071762.55,19.8,0.577,0.0,1.11,6036.86,6515.18,0.0,7797.7,9797.2,0.0,3724.541956536401
1731071763.05,19.8,0.518,0.0,1.67,6036.99,6515.37,0.0,7797.8,9797.3,0.0,3724.4484666860403
1731071763.55,19.9,0.668,0.0,1.36,6037.12,6515.56,0.0,7797.9,9797.4,0.0,3724.354976905396
1731071764.05,20.5,0.559,0.0,0.937,6037.25,6515.75,0.0,7798.0,9797.5,0.0,3724.2614871944747
1731071764.55,19.8,0.642,0.0,0.744,6037.38,6515.94,0.0,7798.1,9797.6,0.0,3724.1679975532797
1731071765.05,19.9,0.721,0.0,0.925,6037.51,6516.13,0.0,7798.2,9797.7,0.0,3724.0745079818157
1731071765.55,20.5,0.642,0.0,0.861,6037.64,6516.32,0.0,7798.3,9797.8,0.0,3723.9810184800886
1731071766.05,19.8,0.65,0.0,3.15,6037.77,6516.51,0.0,7798.4,9797.9,0.0,3723.887529048104
1731071766.55,19.8,0.681,0.0,0.789,6037.9,6516.7,0.0,7798.5,9798.0,0.0,3723.794039685869
1731071767.05,19.8,0.682,0.0,1.29,6038.03,6516.89,0.0,7798.6,9798.1,0.0,3723.7005503933856
1731071767.55,20.5,0.778,0.0,0.854,6038.16,6517.08,0.0,7798.7,9798.2,0.0,3723.6070611706605
1731071768.05,19.8,0.934,0.0,0.952,6038.29,6517.27,0.0,7798.8,9798.3,0.0,3723.5135720176977
1731071768.55,19.8,0.802,0.0,1.05,6038.42,6517.46,0.0,7798.9,9798.4,0.0,3723.420082934505
1731071769.05,19.8,0.618,0.0,0.85,6038.55,6517.65,0.0,7799.0,9798.5,0.0,3723.326593921087
1731071769.55,19.8,0.49,0.0,0.844,6038.68,6517.84,0.0,7799.1,9798.6,0.0,3723.233104977447
1731071770.05,20.5,0.389,0.0,0.745,6038.81,6518.03,0.0,7799.2,9798.7,0.0,3723.1396161035923
1731071770.55,19.8,0.29,0.0,6.48,6038.94,6518.22,0.0,7799.3,9798.8,0.0,3723.046127299526
1731071771.05,19.8,0.475,0.0,1.58,6039.07,6518.41,0.0,7799.4,9798.9,0.0,3722.9526385652557
1731071771.55,20.5,0.426,0.0,0.939,6039.2,6518.6,0.0,7799.5,9799.0,0.0,3722.8591499007857
1731071772.05,19.8,0.341,0.0,1.09,6039.33,6518.79,0.0,7799.6,9799.1,0.0,3722.7656613061213
1731071772.55,19.8,0.52,0.0,1.1,6039.46,6518.98,0.0,7799.7,9799.2,0.0,3722.6721727812683
1731071773.05,19.8,0.395,0.0,0.841,6039.59,6519.17,0.0,7799.8,9799.3,0.0,3722.5786843262285
1731071773.55,19.9,0.34,0.0,1.28,6039.72,6519.36,0.0,7799.9,9799.4,0.0,3722.4851959410125
1731071774.05,20.5,0.331,0.0,0.929,6039.85,6519.55,0.0,7800.0,9799.5,0.0,3722.3917076256225
1731071774.55,19.8,0.397,0.0,1.72,6039.98,6519.74,0.0,7800.1,9799.6,0.0,3722.2982193800653
1731071775.05,19.8,0.397,0.0,0.961,6040.11,6519.93,0.0,7800.2,9799.7,0.0,3722.204731204344
