Time,Bitrate,Jitter,Datagrams,Delay,C1_X,C1_Y,C1_Z,F4_X,F4_Y,F4_Z,Distance
1731068776.81,19.8,0.359,0.0,1.37,5261.54,5382.02,0.0,9200.8,6799.2,0.0,4186.42669827145
1731068777.31,19.8,0.402,0.0,0.867,5261.67,5382.21,0.0,9200.9,6799.1,0.0,4186.300307550809
1731068777.81,20.5,0.412,0.0,1.57,5261.8,5382.4,0.0,9201.0,6799.0,0.0,4186.1739333190635
1731068778.31,19.9,0.411,0.0,1.04,5261.93,5382.59,0.0,9201.1,6798.9,0.0,4186.047575577707
1731068778.81,19.8,0.308,0.0,0.926,5262.06,5382.78,0.0,9201.2,6798.8,0.0,4185.921234328233
1731068779.31,19.8,0.451,0.0,1.06,5262.19,5382.97,0.0,9201.3,6798.7,0.0,4185.794909572135
1731068779.81,20.5,0.433,0.0,6.04,5262.32,5383.16,0.0,9201.4,6798.6,0.0,4185.6686013109065
1731068780.31,19.8,0.379,0.0,1.13,5262.45,5383.35,0.0,9201.5,6798.5,0.0,4185.54230954604
1731068780.81,19.9,0.366,0.0,1.88,5262.58,5383.54,0.0,9201.6,6798.4,0.0,4185.41603427903
1731068781.31,19.8,0.452,0.0,2.73,5262.71,5383.73,0.0,9201.7,6798.3,0.0,4185.289775511369
1731068781.81,20.5,0.415,0.0,2.23,5262.84,5383.92,0.0,9201.8,6798.2,0.0,4185.1635332445485
1731068782.31,19.9,0.44,0.0,2.2,5262.97,5384.11,0.0,9201.9,6798.1,0.0,4185.0373074800655
1731068782.81,19.8,0.434,0.0,3.79,5263.1,5384.3,0.0,9202.0,6798.0,0.0,4184.9110982194115
1731068783.31,19.9,0.681,0.0,0.882,5263.23,5384.49,0.0,9202.1,6797.9,0.0,4184.784905464079
1731068783.81,20.5,0.486,0.0,0.669,5263.36,5384.68,0.0,9202.2,6797.8,0.0,4184.658729215563
1731068784.31,19.8,0.649,0.0,0.961,5263.49,5384.87,0.0,9202.3,6797.7,0.0,4184.532569475353
1731068784.81,19.8,0.508,0.0,1.63,5263.62,5385.06,0.0,9202.4,6797.6,0.0,4184.406426244946
1731068785.31,19.8,0.661,0.0,2.58,5263.75,5385.25,0.0,9202.5,6797.5,0.0,4184.2802995258335
1731068785.81,20.5,0.663,0.0,1.07,5263.88,5385.44,0.0,9202.6,6797.4,0.0,4184.154189319509
1731068786.31,19.8,0.613,0.0,0.926,5264.01,5385.63,0.0,9202.7,6797.3,0.0,4184.028095627466
1731068786.81,19.8,0.445,0.0,1.55,5264.14,5385.82,0.0,9202.8,6797.2,0.0,4183.902018451196
1731068787.31,19.2,0.351,0.032,1.53,5264.27,5386.01,0.0,9202.9,6797.1,0.0,4183.775957792194
1731068787.81,20.5,0.43,0.0,1.01,5264.4,5386.2,0.0,9203.0,6797.0,0.0,4183.649913651954
1731068788.31,19.9,0.388,0.0,0.866,5264.53,5386.39,0.0,9203.1,6796.9,0.0,4183.523886031966
1731068788.81,19.8,0.864,0.0,0.714,5264.66,5386.58,0.0,9203.2,6796.8,0.0,4183.397874933726
1731068789.31,19.8,0.546,0.0,0.704,5264.79,5386.77,0.0,9203.3,6796.7,0.0,4183.271880358721
1731068789.81,20.5,0.473,0.0,0.795,5264.92,5386.96,0.0,9203.4,6796.6,0.0,4183.145902308453
1731068790.31,19.8,0.477,0.0,0.895,5265.05,5387.15,0.0,9203.5,6796.5,0.0,4183.019940784408
1731068790.81,19.8,0.522,0.0,0.857,5265.18,5387.34,0.0,9203.6,6796.4,0.0,4182.893995788084
1731068791.31,19.8,0.491,0.0,1.03,5265.31,5387.53,0.0,9203.7,6796.3,0.0,4182.768067320971
1731068791.81,20.5,0.557,0.0,1.28,5265.44,5387.72,0.0,9203.8,6796.2,0.0,4182.642155384559
1731068792.31,19.8,0.651,0.0,0.754,5265.57,5387.91,0.0,9203.9,6796.1,0.0,4182.516259980348
1731068792.81,19.9,0.613,0.0,5.0,5265.7,5388.1,0.0,9204.0,6796.0,0.0,4182.390381109826
1731068793.31,19.8,0.665,0.0,1.34,5265.83,5388.29,0.0,9204.1,6795.9,0.0,4182.264518774488
1731068793.81,20.5,0.652,0.0,0.927,5265.96,5388.48,0.0,9204.2,6795.8,0.0,4182.138672975826
1731068794.31,19.8,0.719,0.0,0.854,5266.09,5388.67,0.0,9204.3,6795.7,0.0,4182.012843715332
1731068794.81,19.8,0.645,0.0,1.03,5266.22,5388.86,0.0,9204.4,6795.6,0.0,4181.8870309945005
1731068795.31,19.8,0.568,0.0,1.29,5266.35,5389.05,0.0,9204.5,6795.5,0.0,4181.761234814823
1731068795.81,19.9,0.269,0.0,0.838,5266.48,5389.24,0.0,9204.6,6795.4,0.0,4181.635455177795
1731068796.31,20.5,0.287,0.0,0.996,5266.61,5389.43,0.0,9204.7,6795.3,0.0,4181.509692084906
1731068796.81,19.8,0.257,0.0,1.09,5266.74,5389.62,0.0,9204.8,6795.2,0.0,4181.383945537649
1731068797.31,19.8,0.277,0.0,0.936,5266.87,5389.81,0.0,9204.9,6795.1,0.0,4181.2582155375185
1731068797.81,20.5,0.676,0.0,1.65,5267.0,5390.0,0.0,9205.0,6795.0,0.0,4181.132502086008
1731068798.31,19.8,0.589,0.0,0.82,5267.13,5390.19,0.0,9205.1,6794.9,0.0,4181.006805184607
1731068798.81,19.8,0.335,0.0,1.65,5267.26,5390.38,0.0,9205.2,6794.8,0.0,4180.881124834812
1731068799.31,19.8,0.29,0.0,7.17,5267.39,5390.57,0.0,9205.3,6794.7,0.0,4180.755461038112
1731068799.81,20.5,0.551,0.0,0.961,5267.52,5390.76,0.0,9205.4,6794.6,0.0,4180.629813796002
1731068800.31,19.8,0.363,0.0,0.868,5267.65,5390.95,0.0,9205.5,6794.5,0.0,4180.504183109975
1731068800.81,19.8,0.32,0.0,1.03,5267.78,5391.14,0.0,9205.6,6794.4,0.0,4180.378568981523
1731068801.31,19.8,0.36,0.0,1.35,5267.91,5391.33,0.0,9205.7,6794.3,0.0,4180.252971412138
1731068801.81,20.5,0.384,0.0,0.769,5268.04,5391.52,0.0,9205.8,6794.2,0.0,4180.1273904033105
1731068802.31,19.8,0.443,0.0,1.0,5268.17,5391.71,0.0,9205.9,6794.1,0.0,4180.001825956539
1731068802.81,19.8,0.441,0.0,1.35,5268.3,5391.9,0.0,9206.0,6794.0,0.0,4179.876278073311
1731068803.31,19.8,0.48,0.0,0.778,5268.43,5392.09,0.0,9206.1,6793.9,0.0,4179.750746755122
1731068803.81,19.8,0.424,0.0,1.05,5268.56,5392.28,0.0,9206.2,6793.8,0.0,4179.625232003463
1731068804.31,20.5,0.621,0.0,5.69,5268.69,5392.47,0.0,9206.3,6793.7,0.0,4179.499733819826
1731068804.81,19.9,0.663,0.0,0.778,5268.82,5392.66,0.0,9206.4,6793.6,0.0,4179.3742522057055
1731068805.31,19.8,0.522,0.0,0.809,5268.95,5392.85,0.0,9206.5,6793.5,0.0,4179.248787162593
1731068805.81,20.5,0.574,0.0,0.965,5269.08,5393.04,0.0,9206.6,6793.4,0.0,4179.12333869198
1731068806.31,19.8,0.566,0.0,1.54,5269.21,5393.23,0.0,9206.7,6793.3,0.0,4178.997906795361
1731068806.81,19.8,0.554,0.0,0.845,5269.34,5393.42,0.0,9206.8,6793.2,0.0,4178.872491474224
1731068807.31,18.6,0.442,0.065,0.745,5269.47,5393.61,0.0,9206.9,6793.1,0.0,4178.747092730068
1731068807.81,20.5,0.637,0.0,1.03,5269.6,5393.8,0.0,9207.0,6793.0,0.0,4178.621710564382
1731068808.31,19.8,0.467,0.0,1.5,5269.73,5393.99,0.0,9207.1,6792.9,0.0,4178.496344978658
1731068808.81,19.8,0.604,0.0,0.937,5269.86,5394.18,0.0,9207.2,6792.8,0.0,4178.370995974389
1731068809.31,19.8,0.45,0.0,0.888,5269.99,5394.37,0.0,9207.3,6792.7,0.0,4178.245663553065
1731068809.81,19.8,0.622,0.0,0.954,5270.12,5394.56,0.0,9207.4,6792.6,0.0,4178.120347716183
1731068810.31,20.5,0.616,0.0,1.02,5270.25,5394.75,0.0,9207.5,6792.5,0.0,4177.995048465233
1731068810.81,19.8,0.589,0.0,1.3,5270.38,5394.94,0.0,9207.6,6792.4,0.0,4177.869765801706
1731068811.31,19.8,0.455,0.0,7.37,5270.51,5395.13,0.0,9207.7,6792.3,0.0,4177.744499727096
1731068811.81,20.5,0.666,0.0,0.88,5270.64,5395.32,0.0,9207.8,6792.2,0.0,4177.619250242893
1731068812.31,19.8,0.539,0.0,1.07,5270.77,5395.51,0.0,9207.9,6792.1,0.0,4177.494017350593
1731068812.81,19.8,0.525,0.0,1.4,5270.9,5395.7,0.0,9208.0,6792.0,0.0,4177.368801051686
1731068813.31,19.8,0.592,0.0,0.896,5271.03,5395.89,0.0,9208.1,6791.9,0.0,4177.2436013476645
1731068813.81,20.5,0.64,0.0,1.03,5271.16,5396.08,0.0,9208.2,6791.8,0.0,4177.11841824002
1731068814.31,19.8,0.688,0.0,1.47,5271.29,5396.27,0.0,9208.3,6791.7,0.0,4176.993251730243
1731068814.81,19.8,0.64,0.0,0.862,5271.42,5396.46,0.0,9208.4,6791.6,0.0,4176.868101819831
1731068815.31,19.8,0.612,0.0,1.1,5271.55,5396.65,0.0,9208.5,6791.5,0.0,4176.7429685102725
1731068815.81,20.5,0.715,0.0,0.79,5271.68,5396.84,0.0,9208.6,6791.4,0.0,4176.617851803059
1731068816.31,19.8,0.665,0.0,1.52,5271.81,5397.03,0.0,9208.7,6791.3,0.0,4176.492751699685
1731068816.81,19.8,0.585,0.0,2.21,5271.94,5397.22,0.0,9208.8,6791.2,0.0,4176.3676682016385
1731068817.31,19.8,0.534,0.0,3.14,5272.07,5397.41,0.0,9208.9,6791.1,0.0,4176.242601310417
1731068817.81,20.5,0.45,0.0,1.23,5272.2,5397.6,0.0,9209.0,6791.0,0.0,4176.117551027509
1731068818.31,19.8,0.306,0.0,1.05,5272.33,5397.79,0.0,9209.1,6790.9,0.0,4175.992517354408
1731068818.81,19.8,0.25,0.0,2.56,5272.46,5397.98,0.0,9209.2,6790.8,0.0,4175.867500292605
1731068819.31,19.8,0.315,0.0,1.08,5272.59,5398.17,0.0,9209.3,6790.7,0.0,4175.742499843589
1731068819.81,20.5,0.406,0.0,1.16,5272.72,5398.36,0.0,9209.4,6790.6,0.0,4175.61751600886
1731068820.31,19.8,0.449,0.0,0.911,5272.85,5398.55,0.0,9209.5,6790.5,0.0,4175.492548789903
1731068820.81,19.8,0.762,0.0,0.868,5272.98,5398.74,0.0,9209.6,6790.4,0.0,4175.3675981882125
1731068821.31,19.9,0.371,0.0,0.825,5273.11,5398.93,0.0,9209.7,6790.3,0.0,4175.242664205281
1731068821.81,19.8,0.401,0.0,0.792,5273.24,5399.12,0.0,9209.8,6790.2,0.0,4175.117746842596
1731068822.31,20.5,0.388,0.0,1.09,5273.37,5399.31,0.0,9209.9,6790.1,0.0,4174.992846101655
1731068822.81,19.8,0.553,0.0,1.31,5273.5,5399.5,0.0,9210.0,6790.0,0.0,4174.867961983948
1731068823.31,19.8,0.418,0.0,0.714,5273.63,5399.69,0.0,9210.1,6789.9,0.0,4174.743094490966
1731068823.81,20.5,0.377,0.0,5.14,5273.76,5399.88,0.0,9210.2,6789.8,0.0,4174.618243624201
1731068824.31,19.8,0.448,0.0,1.09,5273.89,5400.07,0.0,9210.3,6789.7,0.0,4174.4934093851425
1731068824.81,19.9,0.456,0.0,0.946,5274.02,5400.26,0.0,9210.4,6789.6,0.0,4174.368591775287
1731068825.31,19.8,0.563,0.0,0.743,5274.15,5400.45,0.0,9210.5,6789.5,0.0,4174.243790796125
1731068825.81,20.5,0.487,0.0,1.19,5274.28,5400.64,0.0,9210.6,6789.4,0.0,4174.119006449146
1731068826.31,19.8,0.436,0.0,0.985,5274.41,5400.83,0.0,9210.7,6789.3,0.0,4173.994238735843
1731068826.81,19.8,0.498,0.0,0.857,5274.54,5401.02,0.0,9210.8,6789.2,0.0,4173.869487657705
1731068827.31,19.8,0.74,0.0,1.02,5274.67,5401.21,0.0,9210.9,6789.1,0.0,4173.744753216229
1731068827.81,19.9,0.671,0.0,1.49,5274.8,5401.4,0.0,9211.0,6789.0,0.0,4173.620035412902
1731068828.31,20.5,0.731,0.0,0.914,5274.93,5401.59,0.0,9211.1,6788.9,0.0,4173.495334249219
1731068828.81,19.8,0.614,0.0,1.91,5275.06,5401.78,0.0,9211.2,6788.8,0.0,4173.370649726669
1731068829.31,19.8,0.638,0.0,0.844,5275.19,5401.97,0.0,9211.3,6788.7,0.0,4173.245981846744
1731068829.81,19.8,0.413,0.0,1.24,5275.32,5402.16,0.0,9211.4,6788.6,0.0,4173.121330610938
1731068830.31,20.5,0.515,0.0,1.0,5275.45,5402.35,0.0,9211.5,6788.5,0.0,4172.996696020738
1731068830.81,19.8,0.43,0.0,1.34,5275.58,5402.54,0.0,9211.6,6788.4,0.0,4172.87207807764
1731068831.31,19.9,0.462,0.0,0.85,5275.71,5402.73,0.0,9211.7,6788.3,0.0,4172.747476783134
1731068831.81,19.8,0.418,0.0,1.02,5275.84,5402.92,0.0,9211.8,6788.2,0.0,4172.622892138707
1731068832.31,20.5,0.45,0.0,0.967,5275.97,5403.11,0.0,9211.9,6788.1,0.0,4172.4983241458585
1731068832.81,19.8,0.462,0.0,1.16,5276.1,5403.3,0.0,9212.0,6788.0,0.0,4172.373772806074
1731068833.31,19.9,0.454,0.0,0.961,5276.23,5403.49,0.0,9212.1,6787.9,0.0,4172.249238120849
1731068833.81,20.5,0.737,0.0,1.46,5276.36,5403.68,0.0,9212.2,6787.8,0.0,4172.124720091671
1731068834.31,19.8,0.544,0.0,0.744,5276.49,5403.87,0.0,9212.3,6787.7,0.0,4172.0002187200325
1731068834.81,19.8,0.533,0.0,0.997,5276.62,5404.06,0.0,9212.4,6787.6,0.0,4171.875734007425
1731068835.31,19.9,0.676,0.0,3.61,5276.75,5404.25,0.0,9212.5,6787.5,0.0,4171.751265955342
1731068835.81,20.5,0.625,0.0,0.818,5276.88,5404.44,0.0,9212.6,6787.4,0.0,4171.626814565272
1731068836.31,19.9,0.615,0.0,1.12,5277.01,5404.63,0.0,9212.7,6787.3,0.0,4171.502379838708
1731068836.81,19.8,0.701,0.0,1.05,5277.14,5404.82,0.0,9212.8,6787.2,0.0,4171.377961777138
1731068837.31,19.9,0.818,0.0,1.14,5277.27,5405.01,0.0,9212.9,6787.1,0.0,4171.253560382058
1731068837.81,20.5,0.736,0.0,1.06,5277.4,5405.2,0.0,9213.0,6787.0,0.0,4171.129175654957
1731068838.31,19.9,0.525,0.0,0.889,5277.53,5405.39,0.0,9213.1,6786.9,0.0,4171.004807597325
1731068838.81,19.8,0.371,0.0,0.86,5277.66,5405.58,0.0,9213.2,6786.8,0.0,4170.880456210656
1731068839.31,19.8,0.274,0.0,0.794,5277.79,5405.77,0.0,9213.3,6786.7,0.0,4170.756121496436
1731068839.81,20.5,0.274,0.0,0.772,5277.92,5405.96,0.0,9213.4,6786.6,0.0,4170.631803456162
1731068840.31,19.8,0.364,0.0,1.04,5278.05,5406.15,0.0,9213.5,6786.5,0.0,4170.507502091322
1731068840.81,19.8,0.455,0.0,7.57,5278.18,5406.34,0.0,9213.6,6786.4,0.0,4170.383217403408
1731068841.31,19.8,0.397,0.0,0.87,5278.31,5406.53,0.0,9213.7,6786.3,0.0,4170.258949393911
1731068841.81,20.5,0.31,0.0,0.759,5278.44,5406.72,0.0,9213.8,6786.2,0.0,4170.134698064319
1731068842.31,19.8,0.36,0.0,1.03,5278.57,5406.91,0.0,9213.9,6786.1,0.0,4170.010463416129
1731068842.81,19.9,0.329,0.0,1.32,5278.7,5407.1,0.0,9214.0,6786.0,0.0,4169.886245450828
1731068843.31,19.8,0.364,0.0,0.826,5278.83,5407.29,0.0,9214.1,6785.9,0.0,4169.762044169907
1731068843.81,20.5,0.392,0.0,0.868,5278.96,5407.48,0.0,9214.2,6785.8,0.0,4169.637859574858
1731068844.31,19.8,0.419,0.0,1.01,5279.09,5407.67,0.0,9214.3,6785.7,0.0,4169.51369166717
1731068844.81,19.8,0.569,0.0,0.996,5279.22,5407.86,0.0,9214.4,6785.6,0.0,4169.389540448337
1731068845.31,19.8,0.46,0.0,1.05,5279.35,5408.05,0.0,9214.5,6785.5,0.0,4169.2654059198485
1731068845.81,20.5,0.425,0.0,1.04,5279.48,5408.24,0.0,9214.6,6785.4,0.0,4169.141288083196
1731068846.31,19.8,0.601,0.0,1.0,5279.61,5408.43,0.0,9214.7,6785.3,0.0,4169.017186939867
1731068846.81,19.8,0.581,0.0,3.88,5279.74,5408.62,0.0,9214.8,6785.2,0.0,4168.893102491355
1731068847.31,19.8,0.569,0.0,1.35,5279.87,5408.81,0.0,9214.9,6785.1,0.0,4168.769034739152
1731068847.81,20.5,0.549,0.0,1.03,5280.0,5409.0,0.0,9215.0,6785.0,0.0,4168.644983684747
1731068848.31,19.8,0.529,0.0,0.935,5280.13,5409.19,0.0,9215.1,6784.9,0.0,4168.52094932963
1731068848.81,19.8,0.559,0.0,0.942,5280.26,5409.38,0.0,9215.2,6784.8,0.0,4168.396931675294
1731068849.31,19.8,0.76,0.0,1.0,5280.39,5409.57,0.0,9215.3,6784.7,0.0,4168.272930723226
1731068849.81,20.5,0.593,0.0,0.83,5280.52,5409.76,0.0,9215.4,6784.6,0.0,4168.148946474921
1731068850.31,19.8,0.601,0.0,0.938,5280.65,5409.95,0.0,9215.5,6784.5,0.0,4168.024978931869
1731068850.81,19.8,0.658,0.0,1.44,5280.78,5410.14,0.0,9215.6,6784.4,0.0,4167.901028095557
1731068851.31,19.9,0.444,0.0,0.766,5280.91,5410.33,0.0,9215.7,6784.3,0.0,4167.777093967479
1731068851.81,20.5,0.521,0.0,4.96,5281.04,5410.52,0.0,9215.8,6784.2,0.0,4167.653176549123
1731068852.31,19.8,0.402,0.0,1.18,5281.17,5410.71,0.0,9215.9,6784.1,0.0,4167.529275841982
1731068852.81,19.8,0.708,0.0,0.917,5281.3,5410.9,0.0,9216.0,6784.0,0.0,4167.4053918475465
1731068853.31,19.8,0.502,0.0,1.12,5281.43,5411.09,0.0,9216.1,6783.9,0.0,4167.281524567305
1731068853.81,20.5,0.587,0.0,1.75,5281.56,5411.28,0.0,9216.2,6783.8,0.0,4167.157674002749
1731068854.31,19.8,0.573,0.0,0.871,5281.69,5411.47,0.0,9216.3,6783.7,0.0,4167.033840155369
1731068854.81,19.9,0.496,0.0,1.02,5281.82,5411.66,0.0,9216.4,6783.6,0.0,4166.910023026655
1731068855.31,19.8,0.566,0.0,1.39,5281.95,5411.85,0.0,9216.5,6783.5,0.0,4166.786222618099
1731068855.81,20.5,0.603,0.0,0.746,5282.08,5412.04,0.0,9216.6,6783.4,0.0,4166.662438931189
1731068856.31,19.8,0.709,0.0,0.905,5282.21,5412.23,0.0,9216.7,6783.3,0.0,4166.538671967417
1731068856.81,19.8,0.692,0.0,0.827,5282.34,5412.42,0.0,9216.8,6783.2,0.0,4166.414921728271
1731068857.31,19.8,0.607,0.0,0.999,5282.47,5412.61,0.0,9216.9,6783.1,0.0,4166.291188215245
1731068857.81,20.5,0.741,0.0,1.52,5282.6,5412.8,0.0,9217.0,6783.0,0.0,4166.167471429827
1731068858.31,19.8,0.824,0.0,0.868,5282.73,5412.99,0.0,9217.1,6782.9,0.0,4166.043771373508
1731068858.81,19.8,0.766,0.0,0.778,5282.86,5413.18,0.0,9217.2,6782.8,0.0,4165.920088047778
1731068859.31,19.8,0.577,0.0,0.765,5282.99,5413.37,0.0,9217.3,6782.7,0.0,4165.796421454125
1731068859.81,19.8,0.29,0.0,1.08,5283.12,5413.56,0.0,9217.4,6782.6,0.0,4165.672771594043
1731068860.31,20.5,0.485,0.0,1.25,5283.25,5413.75,0.0,9217.5,6782.5,0.0,4165.54913846902
1731068860.81,19.9,0.514,0.0,0.962,5283.38,5413.94,0.0,9217.6,6782.4,0.0,4165.425522080547
1731068861.31,19.8,0.474,0.0,0.873,5283.51,5414.13,0.0,9217.7,6782.3,0.0,4165.301922430114
1731068861.81,20.5,0.823,0.0,1.13,5283.64,5414.32,0.0,9217.8,6782.2,0.0,4165.178339519209
1731068862.31,19.8,0.429,0.0,1.35,5283.77,5414.51,0.0,9217.9,6782.1,0.0,4165.054773349325
1731068862.81,19.8,0.304,0.0,0.952,5283.9,5414.7,0.0,9218.0,6782.0,0.0,4164.931223921951
1731068863.31,19.8,0.51,0.0,0.963,5284.03,5414.89,0.0,9218.1,6781.9,0.0,4164.807691238577
1731068863.81,20.5,0.558,0.0,3.1,5284.16,5415.08,0.0,9218.2,6781.8,0.0,4164.684175300692
1731068864.31,19.8,0.456,0.0,0.875,5284.29,5415.27,0.0,9218.3,6781.7,0.0,4164.560676109785
1731068864.81,19.8,0.47,0.0,0.955,5284.42,5415.46,0.0,9218.4,6781.6,0.0,4164.437193667351
1731068865.31,19.8,0.377,0.0,0.774,5284.55,5415.65,0.0,9218.5,6781.5,0.0,4164.313727974874
1731068865.81,20.5,0.434,0.0,1.98,5284.68,5415.84,0.0,9218.6,6781.4,0.0,4164.190279033848
1731068866.31,19.8,0.454,0.0,1.62,5284.81,5416.03,0.0,9218.7,6781.3,0.0,4164.066846845762
1731068866.81,19.8,0.593,0.0,0.996,5284.94,5416.22,0.0,9218.8,6781.2,0.0,4163.943431412103
1731068867.31,19.9,0.703,0.0,0.92,5285.07,5416.41,0.0,9218.9,6781.1,0.0,4163.820032734364
1731068867.81,20.5,0.475,0.0,1.24,5285.2,5416.6,0.0,9219.0,6781.0,0.0,4163.696650814034
1731068868.31,19.8,0.489,0.0,1.57,5285.33,5416.79,0.0,9219.1,6780.9,0.0,4163.573285652602
1731068868.81,19.8,0.469,0.0,0.89,5285.46,5416.98,0.0,9219.2,6780.8,0.0,4163.449937251558
1731068869.31,19.8,0.692,0.0,1.17,5285.59,5417.17,0.0,9219.3,6780.7,0.0,4163.326605612391
1731068869.81,20.5,0.56,0.0,1.07,5285.72,5417.36,0.0,9219.4,6780.6,0.0,4163.203290736593
1731068870.31,19.8,0.582,0.0,1.76,5285.85,5417.55,0.0,9219.5,6780.5,0.0,4163.079992625652
1731068870.81,19.8,0.662,0.0,0.978,5285.98,5417.74,0.0,9219.6,6780.4,0.0,4162.956711281058
1731068871.31,19.8,0.55,0.0,1.14,5286.11,5417.93,0.0,9219.7,6780.3,0.0,4162.8334467043005
1731068871.81,19.9,0.487,0.0,1.01,5286.24,5418.12,0.0,9219.8,6780.2,0.0,4162.710198896867
1731068872.31,20.5,0.491,0.0,1.11,5286.37,5418.31,0.0,9219.9,6780.1,0.0,4162.586967860251
1731068872.81,19.8,0.473,0.0,1.3,5286.5,5418.5,0.0,9220.0,6780.0,0.0,4162.46375359594
1731068873.31,19.8,0.436,0.0,1.46,5286.63,5418.69,0.0,9220.1,6779.9,0.0,4162.340556105423
1731068873.81,20.5,0.547,0.0,1.05,5286.76,5418.88,0.0,9220.2,6779.8,0.0,4162.217375390191
1731068874.31,19.8,0.457,0.0,1.06,5286.89,5419.07,0.0,9220.3,6779.7,0.0,4162.094211451729
1731068874.81,19.8,0.694,0.0,0.872,5287.02,5419.26,0.0,9220.4,6779.6,0.0,4161.9710642915325
1731068875.31,19.8,0.551,0.0,0.987,5287.15,5419.45,0.0,9220.5,6779.5,0.0,4161.847933911089
1731068875.81,20.5,0.538,0.0,1.44,5287.28,5419.64,0.0,9220.6,6779.4,0.0,4161.724820311886
1731068876.31,19.2,0.5,0.032,0.801,5287.41,5419.83,0.0,9220.7,6779.3,0.0,4161.601723495415
1731068876.81,19.8,0.508,0.0,0.805,5287.54,5420.02,0.0,9220.8,6779.2,0.0,4161.4786434631615
1731068877.31,19.8,0.698,0.0,0.901,5287.67,5420.21,0.0,9220.9,6779.1,0.0,4161.355580216619
1731068877.81,20.5,0.588,0.0,1.7,5287.8,5420.4,0.0,9221.0,6779.0,0.0,4161.232533757276
1731068878.31,19.8,0.656,0.0,0.885,5287.93,5420.59,0.0,9221.1,6778.9,0.0,4161.10950408662
1731068878.81,19.8,0.66,0.0,5.39,5288.06,5420.78,0.0,9221.2,6778.8,0.0,4160.986491206142
1731068879.31,19.9,0.63,0.0,1.75,5288.19,5420.97,0.0,9221.3,6778.7,0.0,4160.86349511733
1731068879.81,20.5,0.688,0.0,0.995,5288.32,5421.16,0.0,9221.4,6778.6,0.0,4160.7405158216725
1731068880.31,19.8,0.659,0.0,1.08,5288.45,5421.35,0.0,9221.5,6778.5,0.0,4160.617553320661
1731068880.81,19.8,0.454,0.0,1.05,5288.58,5421.54,0.0,9221.6,6778.4,0.0,4160.494607615782
1731068881.31,19.8,0.556,0.0,0.895,5288.71,5421.73,0.0,9221.7,6778.3,0.0,4160.371678708527
1731068881.81,20.5,0.477,0.0,1.13,5288.84,5421.92,0.0,9221.8,6778.2,0.0,4160.248766600381
1731068882.31,19.9,0.39,0.0,1.43,5288.97,5422.11,0.0,9221.9,6778.1,0.0,4160.125871292838
1731068882.81,19.8,0.314,0.0,0.681,5289.1,5422.3,0.0,9222.0,6778.0,0.0,4160.002992787385
1731068883.31,19.8,0.334,0.0,3.92,5289.23,5422.49,0.0,9222.1,6777.9,0.0,4159.880131085511
1731068883.81,20.5,0.633,0.0,1.63,5289.36,5422.68,0.0,9222.2,6777.8,0.0,4159.757286188704
1731068884.31,19.8,0.402,0.0,0.887,5289.49,5422.87,0.0,9222.3,6777.7,0.0,4159.634458098451
1731068884.81,19.8,0.394,0.0,0.954,5289.62,5423.06,0.0,9222.4,6777.6,0.0,4159.511646816246
1731068885.31,19.8,0.59,0.0,1.2,5289.75,5423.25,0.0,9222.5,6777.5,0.0,4159.388852343574
1731068885.81,19.8,0.569,0.0,0.815,5289.88,5423.44,0.0,9222.6,6777.4,0.0,4159.2660746819265
1731068886.31,20.5,0.568,0.0,1.08,5290.01,5423.63,0.0,9222.7,6777.3,0.0,4159.14331383279
1731068886.81,19.9,0.414,0.0,1.41,5290.14,5423.82,0.0,9222.8,6777.2,0.0,4159.020569797653
1731068887.31,19.8,0.355,0.0,0.984,5290.27,5424.01,0.0,9222.9,6777.1,0.0,4158.897842578006
1731068887.81,20.5,0.612,0.0,0.868,5290.4,5424.2,0.0,9223.0,6777.0,0.0,4158.7751321753385
1731068888.31,19.8,0.449,0.0,1.27,5290.53,5424.39,0.0,9223.1,6776.9,0.0,4158.652438591136
1731068888.81,19.8,0.665,0.0,3.9,5290.66,5424.58,0.0,9223.2,6776.8,0.0,4158.52976182689
1731068889.31,19.8,0.443,0.0,0.918,5290.79,5424.77,0.0,9223.3,6776.7,0.0,4158.407101884085
1731068889.81,20.5,0.435,0.0,0.873,5290.92,5424.96,0.0,9223.4,6776.6,0.0,4158.284458764215
1731068890.31,19.8,0.42,0.0,0.794,5291.05,5425.15,0.0,9223.5,6776.5,0.0,4158.161832468765
1731068890.81,19.8,0.435,0.0,1.21,5291.18,5425.34,0.0,9223.6,6776.4,0.0,4158.039222999225
1731068891.31,19.8,0.565,0.0,1.68,5291.31,5425.53,0.0,9223.7,6776.3,0.0,4157.916630357084
1731068891.81,20.5,0.559,0.0,1.56,5291.44,5425.72,0.0,9223.8,6776.2,0.0,4157.794054543827
1731068892.31,19.8,0.58,0.0,0.958,5291.57,5425.91,0.0,9223.9,6776.1,0.0,4157.671495560947
1731068892.81,19.8,0.748,0.0,1.49,5291.7,5426.1,0.0,9224.0,6776.0,0.0,4157.54895340993
1731068893.31,19.9,0.502,0.0,1.07,5291.83,5426.29,0.0,9224.1,6775.9,0.0,4157.426428092264
1731068893.81,19.9,0.407,0.0,0.769,5291.96,5426.48,0.0,9224.2,6775.8,0.0,4157.30391960944
1731068894.31,20.5,0.456,0.0,1.32,5292.09,5426.67,0.0,9224.3,6775.7,0.0,4157.181427962941
1731068894.81,19.8,0.517,0.0,2.38,5292.22,5426.86,0.0,9224.4,6775.6,0.0,4157.058953154261
1731068895.31,19.8,0.439,0.0,5.005,5292.35,5427.05,0.0,9224.5,6775.5,0.0,4156.936495184885
1731068895.81,20.5,0.448,0.0,7.63,5292.48,5427.24,0.0,9224.6,6775.4,0.0,4156.814054056304
1731068896.31,19.8,0.675,0.0,0.951,5292.61,5427.43,0.0,9224.7,6775.3,0.0,4156.691629770004
1731068896.81,19.8,0.559,0.0,1.91,5292.74,5427.62,0.0,9224.8,6775.2,0.0,4156.569222327471
1731068897.31,19.8,0.641,0.0,3.64,5292.87,5427.81,0.0,9224.9,6775.1,0.0,4156.446831730197
1731068897.81,20.5,0.523,0.0,1.38,5293.0,5428.0,0.0,9225.0,6775.0,0.0,4156.32445797967
1731068898.31,19.8,0.59,0.0,0.846,5293.13,5428.19,0.0,9225.1,6774.9,0.0,4156.202101077377
1731068898.81,19.8,0.606,0.0,0.81,5293.26,5428.38,0.0,9225.2,6774.8,0.0,4156.0797610248055
1731068899.31,19.8,0.577,0.0,0.774,5293.39,5428.57,0.0,9225.3,6774.7,0.0,4155.957437823443
1731068899.81,20.5,0.553,0.0,1.14,5293.52,5428.76,0.0,9225.4,6774.6,0.0,4155.835131474779
1731068900.31,19.8,0.553,0.0,1.73,5293.65,5428.95,0.0,9225.5,6774.5,0.0,4155.712841980303
1731068900.81,19.8,0.623,0.0,1.99,5293.78,5429.14,0.0,9225.6,6774.4,0.0,4155.590569341499
1731068901.31,19.8,0.692,0.0,1.2,5293.91,5429.33,0.0,9225.7,6774.3,0.0,4155.468313559858
1731068901.81,20.5,0.667,0.0,1.0,5294.04,5429.52,0.0,9225.8,6774.2,0.0,4155.346074636864
1731068902.31,19.9,0.514,0.0,0.975,5294.17,5429.71,0.0,9225.9,6774.1,0.0,4155.2238525740095
1731068902.81,19.8,0.362,0.0,1.07,5294.3,5429.9,0.0,9226.0,6774.0,0.0,4155.101647372781
1731068903.31,19.8,0.542,0.0,0.946,5294.43,5430.09,0.0,9226.1,6773.9,0.0,4154.9794590346655
1731068903.81,20.5,0.353,0.0,0.777,5294.56,5430.28,0.0,9226.2,6773.8,0.0,4154.857287561151
1731068904.31,19.8,0.388,0.0,1.04,5294.69,5430.47,0.0,9226.3,6773.7,0.0,4154.735132953724
1731068904.81,19.9,0.59,0.0,1.43,5294.82,5430.66,0.0,9226.4,6773.6,0.0,4154.6129952138745
1731068905.31,19.8,0.449,0.0,0.861,5294.95,5430.85,0.0,9226.5,6773.5,0.0,4154.490874343089
1731068905.81,20.5,0.823,0.0,4.91,5295.08,5431.04,0.0,9226.6,6773.4,0.0,4154.368770342855
1731068906.31,19.8,0.639,0.0,0.782,5295.21,5431.23,0.0,9226.7,6773.3,0.0,4154.24668321466
1731068906.81,19.8,0.496,0.0,4.88,5295.34,5431.42,0.0,9226.8,6773.2,0.0,4154.12461295999
1731068907.31,19.8,0.443,0.0,0.908,5295.47,5431.61,0.0,9226.9,6773.1,0.0,4154.002559580338
1731068907.81,20.5,0.403,0.0,0.834,5295.6,5431.8,0.0,9227.0,6773.0,0.0,4153.880523077186
1731068908.31,19.8,0.491,0.0,1.19,5295.73,5431.99,0.0,9227.1,6772.9,0.0,4153.758503452025
1731068908.81,19.8,0.518,0.0,1.11,5295.86,5432.18,0.0,9227.2,6772.8,0.0,4153.63650070634
1731068909.31,19.8,0.524,0.0,0.797,5295.99,5432.37,0.0,9227.3,6772.7,0.0,4153.514514841618
1731068909.81,20.5,0.403,0.0,1.17,5296.12,5432.56,0.0,9227.4,6772.6,0.0,4153.3925458593485
1731068910.31,19.8,0.645,0.0,1.08,5296.25,5432.75,0.0,9227.5,6772.5,0.0,4153.270593761018
1731068910.81,19.8,0.806,0.0,0.774,5296.38,5432.94,0.0,9227.6,6772.4,0.0,4153.148658548114
1731068911.31,19.8,0.48,0.0,0.999,5296.51,5433.13,0.0,9227.7,6772.3,0.0,4153.026740222124
1731068911.81,20.5,0.76,0.0,1.42,5296.64,5433.32,0.0,9227.8,6772.2,0.0,4152.904838784534
1731068912.31,19.8,0.78,0.0,0.825,5296.77,5433.51,0.0,9227.9,6772.1,0.0,4152.782954236833
1731068912.81,19.8,0.551,0.0,0.995,5296.9,5433.7,0.0,9228.0,6772.0,0.0,4152.661086580508
1731068913.31,19.8,0.525,0.0,1.22,5297.03,5433.89,0.0,9228.1,6771.9,0.0,4152.539235817045
1731068913.81,20.5,0.543,0.0,1.06,5297.16,5434.08,0.0,9228.2,6771.8,0.0,4152.4174019479315
1731068914.31,19.9,0.654,0.0,1.14,5297.29,5434.27,0.0,9228.3,6771.7,0.0,4152.295584974652
1731068914.81,19.8,0.572,0.0,0.94,5297.42,5434.46,0.0,9228.4,6771.6,0.0,4152.1737848987
1731068915.31,19.8,0.48,0.0,0.897,5297.55,5434.65,0.0,9228.5,6771.5,0.0,4152.052001721559
1731068915.81,20.5,0.556,0.0,0.813,5297.68,5434.84,0.0,9228.6,6771.4,0.0,4151.9302354447145
1731068916.31,19.8,0.413,0.0,1.01,5297.81,5435.03,0.0,9228.7,6771.3,0.0,4151.808486069655
1731068916.81,19.8,0.428,0.0,2.99,5297.94,5435.22,0.0,9228.8,6771.2,0.0,4151.686753597867
1731068917.31,19.8,0.476,0.0,0.825,5298.07,5435.41,0.0,9228.9,6771.1,0.0,4151.565038030839
1731068917.81,20.5,0.509,0.0,1.06,5298.2,5435.6,0.0,9229.0,6771.0,0.0,4151.443339370056
1731068918.31,19.8,0.499,0.0,1.37,5298.33,5435.79,0.0,9229.1,6770.9,0.0,4151.321657617005
1731068918.81,19.8,0.511,0.0,0.795,5298.46,5435.98,0.0,9229.2,6770.8,0.0,4151.199992773175
1731068919.31,19.8,0.808,0.0,0.992,5298.59,5436.17,0.0,9229.3,6770.7,0.0,4151.078344840048
1731068919.81,20.5,0.627,0.0,1.31,5298.72,5436.36,0.0,9229.4,6770.6,0.0,4150.956713819116
1731068920.31,19.8,0.728,0.0,0.767,5298.85,5436.55,0.0,9229.5,6770.5,0.0,4150.835099711864
1731068920.81,19.8,0.691,0.0,0.877,5298.98,5436.74,0.0,9229.6,6770.4,0.0,4150.713502519779
1731068921.31,19.8,0.675,0.0,0.905,5299.11,5436.93,0.0,9229.7,6770.3,0.0,4150.591922244345
1731068921.81,20.5,0.597,0.0,1.06,5299.24,5437.12,0.0,9229.8,6770.2,0.0,4150.47035888705
1731068922.31,19.8,0.821,0.0,7.9,5299.37,5437.31,0.0,9229.9,6770.1,0.0,4150.348812449382
1731068922.81,19.9,0.735,0.0,0.849,5299.5,5437.5,0.0,9230.0,6770.0,0.0,4150.227282932828
1731068923.31,19.8,0.473,0.0,0.917,5299.63,5437.69,0.0,9230.1,6769.9,0.0,4150.1057703388715
1731068923.81,19.8,0.301,0.0,1.06,5299.76,5437.88,0.0,9230.2,6769.8,0.0,4149.984274669002
1731068924.31,20.5,0.27,0.0,0.855,5299.89,5438.07,0.0,9230.3,6769.7,0.0,4149.862795924702
1731068924.81,19.8,0.364,0.0,0.877,5300.02,5438.26,0.0,9230.4,6769.6,0.0,4149.741334107463
1731068925.31,19.8,0.417,0.0,2.08,5300.15,5438.45,0.0,9230.5,6769.5,0.0,4149.61988921877
1731068925.81,19.8,0.487,0.031,0.989,5300.28,5438.64,0.0,9230.6,6769.4,0.0,4149.498461260108
1731068926.31,19.8,0.332,0.0,0.979,5300.41,5438.83,0.0,9230.7,6769.3,0.0,4149.3770502329635
1731068926.81,19.9,0.431,0.0,0.831,5300.54,5439.02,0.0,9230.8,6769.2,0.0,4149.25565613882
1731068927.31,19.8,0.453,0.0,0.705,5300.67,5439.21,0.0,9230.9,6769.1,0.0,4149.13427897917
1731068927.81,19.8,0.49,0.0,0.964,5300.8,5439.4,0.0,9231.0,6769.0,0.0,4149.012918755496
1731068928.31,20.5,0.41,0.0,1.48,5300.93,5439.59,0.0,9231.1,6768.9,0.0,4148.891575469284
1731068928.81,19.8,0.497,0.0,1.94,5301.06,5439.78,0.0,9231.2,6768.8,0.0,4148.770249122022
1731068929.31,19.8,0.383,0.0,0.962,5301.19,5439.97,0.0,9231.3,6768.7,0.0,4148.648939715194
1731068929.81,20.5,0.607,0.0,0.881,5301.32,5440.16,0.0,9231.4,6768.6,0.0,4148.5276472502865
1731068930.31,19.8,0.549,0.0,0.872,5301.45,5440.35,0.0,9231.5,6768.5,0.0,4148.406371728787
1731068930.81,19.8,0.528,0.0,1.17,5301.58,5440.54,0.0,9231.6,6768.4,0.0,4148.285113152181
1731068931.31,19.8,0.547,0.0,1.7,5301.71,5440.73,0.0,9231.7,6768.3,0.0,4148.163871521954
1731068931.81,20.5,0.562,0.0,1.42,5301.84,5440.92,0.0,9231.8,6768.2,0.0,4148.04264683959
1731068932.31,19.8,0.517,0.0,1.34,5301.97,5441.11,0.0,9231.9,6768.1,0.0,4147.92143910658
1731068932.81,19.9,0.649,0.0,1.21,5302.1,5441.3,0.0,9232.0,6768.0,0.0,4147.800248324405
1731068933.31,19.8,0.753,0.0,2.74,5302.23,5441.49,0.0,9232.1,6767.9,0.0,4147.679074494555
1731068933.81,20.5,0.576,0.0,9.16,5302.36,5441.68,0.0,9232.2,6767.8,0.0,4147.557917618512
1731068934.31,19.8,0.507,0.0,1.77,5302.49,5441.87,0.0,9232.3,6767.7,0.0,4147.436777697762
1731068934.81,19.8,0.608,0.0,3.29,5302.62,5442.06,0.0,9232.4,6767.6,0.0,4147.315654733794
1731068935.31,19.8,0.702,0.0,3.07,5302.75,5442.25,0.0,9232.5,6767.5,0.0,4147.194548728092
1731068935.81,20.5,0.659,0.0,2.27,5302.88,5442.44,0.0,9232.6,6767.4,0.0,4147.073459682141
1731068936.31,19.8,0.456,0.0,2.7,5303.01,5442.63,0.0,9232.7,6767.3,0.0,4146.952387597427
1731068936.81,19.8,0.434,0.0,3.36,5303.14,5442.82,0.0,9232.8,6767.2,0.0,4146.8313324754345
1731068937.31,19.8,0.431,0.0,2.39,5303.27,5443.01,0.0,9232.9,6767.1,0.0,4146.710294317652
1731068937.81,20.5,0.48,0.0,1.63,5303.4,5443.2,0.0,9233.0,6767.0,0.0,4146.589273125565
1731068938.31,19.2,0.493,0.032,6.29,5303.53,5443.39,0.0,9233.1,6766.9,0.0,4146.468268900656
1731068938.81,19.8,0.436,0.0,2.35,5303.66,5443.58,0.0,9233.2,6766.8,0.0,4146.347281644413
1731068939.31,19.8,0.538,0.0,2.27,5303.79,5443.77,0.0,9233.3,6766.7,0.0,4146.226311358317
1731068939.81,19.9,0.557,0.0,0.798,5303.92,5443.96,0.0,9233.4,6766.6,0.0,4146.105358043859
1731068940.31,19.8,0.501,0.031,1.32,5304.05,5444.15,0.0,9233.5,6766.5,0.0,4145.984421702522
1731068940.81,19.8,0.529,0.0,1.63,5304.18,5444.34,0.0,9233.6,6766.4,0.0,4145.863502335792
1731068941.31,19.8,0.674,0.0,1.51,5304.31,5444.53,0.0,9233.7,6766.3,0.0,4145.742599945154
1731068941.81,20.5,0.515,0.0,0.961,5304.44,5444.72,0.0,9233.8,6766.2,0.0,4145.621714532091
1731068942.31,19.8,0.644,0.0,1.31,5304.57,5444.91,0.0,9233.9,6766.1,0.0,4145.500846098093
1731068942.81,19.8,0.699,0.0,0.855,5304.7,5445.1,0.0,9234.0,6766.0,0.0,4145.379994644641
1731068943.31,19.8,0.663,0.0,1.3,5304.83,5445.29,0.0,9234.1,6765.9,0.0,4145.259160173222
1731068943.81,20.5,0.607,0.0,3.41,5304.96,5445.48,0.0,9234.2,6765.8,0.0,4145.138342685321
1731068944.31,19.8,0.676,0.0,0.91,5305.09,5445.67,0.0,9234.3,6765.7,0.0,4145.017542182421
1731068944.81,19.8,0.545,0.0,0.782,5305.22,5445.86,0.0,9234.4,6765.6,0.0,4144.89675866601
1731068945.31,19.8,0.373,0.0,0.851,5305.35,5446.05,0.0,9234.5,6765.5,0.0,4144.775992137572
1731068945.81,20.5,0.306,0.0,1.09,5305.48,5446.24,0.0,9234.6,6765.4,0.0,4144.655242598594
1731068946.31,19.8,0.367,0.0,0.966,5305.61,5446.43,0.0,9234.7,6765.3,0.0,4144.5345100505565
1731068946.81,19.8,0.316,0.0,0.832,5305.74,5446.62,0.0,9234.8,6765.2,0.0,4144.413794494946
1731068947.31,19.8,0.379,0.0,1.49,5305.87,5446.81,0.0,9234.9,6765.1,0.0,4144.29309593325
1731068947.81,20.5,0.384,0.0,1.21,5306.0,5447.0,0.0,9235.0,6765.0,0.0,4144.172414366951
1731068948.31,19.9,0.626,0.0,0.781,5306.13,5447.19,0.0,9235.1,6764.9,0.0,4144.051749797533
1731068948.81,19.8,0.405,0.0,1.06,5306.26,5447.38,0.0,9235.2,6764.8,0.0,4143.931102226484
1731068949.31,19.8,0.308,0.0,1.51,5306.39,5447.57,0.0,9235.3,6764.7,0.0,4143.810471655284
1731068949.81,20.5,0.422,0.0,7.01,5306.52,5447.76,0.0,9235.4,6764.6,0.0,4143.689858085423
1731068950.31,19.8,0.453,0.0,0.848,5306.65,5447.95,0.0,9235.5,6764.5,0.0,4143.569261518384
1731068950.81,19.8,0.479,0.0,1.29,5306.78,5448.14,0.0,9235.6,6764.4,0.0,4143.448681955649
1731068951.31,19.9,0.426,0.0,1.25,5306.91,5448.33,0.0,9235.7,6764.3,0.0,4143.328119398705
1731068951.81,20.5,0.374,0.0,0.913,5307.04,5448.52,0.0,9235.8,6764.2,0.0,4143.207573849033
1731068952.31,19.8,0.597,0.0,0.709,5307.17,5448.71,0.0,9235.9,6764.1,0.0,4143.087045308123
1731068952.81,19.8,0.481,0.0,0.989,5307.3,5448.9,0.0,9236.0,6764.0,0.0,4142.966533777458
1731068953.31,19.8,0.494,0.0,1.43,5307.43,5449.09,0.0,9236.1,6763.9,0.0,4142.846039258519
1731068953.81,20.5,0.447,0.0,0.756,5307.56,5449.28,0.0,9236.2,6763.8,0.0,4142.725561752794
1731068954.31,19.8,0.484,0.0,1.25,5307.69,5449.47,0.0,9236.3,6763.7,0.0,4142.6051012617645
1731068954.81,19.8,0.482,0.0,1.34,5307.82,5449.66,0.0,9236.4,6763.6,0.0,4142.484657786918
1731068955.31,19.8,0.51,0.0,2.29,5307.95,5449.85,0.0,9236.5,6763.5,0.0,4142.364231329737
1731068955.81,20.5,0.633,0.0,0.916,5308.08,5450.04,0.0,9236.6,6763.4,0.0,4142.243821891705
1731068956.31,19.8,0.567,0.0,3.86,5308.21,5450.23,0.0,9236.7,6763.3,0.0,4142.123429474308
1731068956.81,19.8,0.629,0.0,0.925,5308.34,5450.42,0.0,9236.8,6763.2,0.0,4142.003054079028
1731068957.31,19.8,0.495,0.0,0.872,5308.47,5450.61,0.0,9236.9,6763.1,0.0,4141.882695707352
1731068957.81,19.8,0.373,0.0,0.877,5308.6,5450.8,0.0,9237.0,6763.0,0.0,4141.7623543607615
1731068958.31,20.5,0.442,0.0,1.12,5308.73,5450.99,0.0,9237.1,6762.9,0.0,4141.642030040743
1731068958.81,19.8,0.478,0.0,1.25,5308.86,5451.18,0.0,9237.2,6762.8,0.0,4141.521722748778
1731068959.31,19.8,0.481,0.0,0.895,5308.99,5451.37,0.0,9237.3,6762.7,0.0,4141.40143248635
1731068959.81,19.8,0.495,0.0,1.03,5309.12,5451.56,0.0,9237.4,6762.6,0.0,4141.281159254947
1731068960.31,20.5,0.436,0.0,1.19,5309.25,5451.75,0.0,9237.5,6762.5,0.0,4141.16090305605
1731068960.81,19.9,0.434,0.0,0.848,5309.38,5451.94,0.0,9237.6,6762.4,0.0,4141.040663891144
1731068961.31,19.8,0.452,0.0,4.93,5309.51,5452.13,0.0,9237.7,6762.3,0.0,4140.920441761711
1731068961.81,19.8,0.488,0.0,1.25,5309.64,5452.32,0.0,9237.8,6762.2,0.0,4140.800236669234
1731068962.31,20.5,0.676,0.0,1.74,5309.77,5452.51,0.0,9237.9,6762.1,0.0,4140.680048615202
1731068962.81,19.8,0.547,0.0,0.913,5309.9,5452.7,0.0,9238.0,6762.0,0.0,4140.559877601097
1731068963.31,19.8,0.625,0.0,0.904,5310.03,5452.89,0.0,9238.1,6761.9,0.0,4140.439723628398
1731068963.81,20.5,0.558,0.0,0.986,5310.16,5453.08,0.0,9238.2,6761.8,0.0,4140.319586698593
1731068964.31,19.8,0.618,0.0,1.24,5310.29,5453.27,0.0,9238.3,6761.7,0.0,4140.199466813162
1731068964.81,19.8,0.812,0.0,0.752,5310.42,5453.46,0.0,9238.4,6761.6,0.0,4140.079363973594
1731068965.31,19.9,0.762,0.0,1.15,5310.55,5453.65,0.0,9238.5,6761.5,0.0,4139.959278181369
1731068965.81,20.5,0.822,0.0,2.68,5310.68,5453.84,0.0,9238.6,6761.4,0.0,4139.839209437971
1731068966.31,19.8,0.446,0.0,2.72,5310.81,5454.03,0.0,9238.7,6761.3,0.0,4139.719157744883
1731068966.81,19.8,0.366,0.0,3.77,5310.94,5454.22,0.0,9238.8,6761.2,0.0,4139.599123103588
1731068967.31,19.8,0.355,0.0,1.34,5311.07,5454.41,0.0,9238.9,6761.1,0.0,4139.479105515572
1731068967.81,20.5,0.266,0.0,1.49,5311.2,5454.6,0.0,9239.0,6761.0,0.0,4139.359104982316
1731068968.31,19.9,0.25,0.0,1.65,5311.33,5454.79,0.0,9239.1,6760.9,0.0,4139.239121505304
1731068968.81,19.8,0.455,0.0,0.727,5311.46,5454.98,0.0,9239.2,6760.8,0.0,4139.119155086019
1731068969.31,19.8,0.417,0.0,0.823,5311.59,5455.17,0.0,9239.3,6760.7,0.0,4138.999205725944
1731068969.81,20.5,0.448,0.0,0.778,5311.72,5455.36,0.0,9239.4,6760.6,0.0,4138.8792734265635
1731068970.31,19.8,0.433,0.0,0.81,5311.85,5455.55,0.0,9239.5,6760.5,0.0,4138.75935818936
1731068970.81,19.8,0.416,0.0,1.07,5311.98,5455.74,0.0,9239.6,6760.4,0.0,4138.639460015816
1731068971.31,19.8,0.365,0.0,0.891,5312.11,5455.93,0.0,9239.7,6760.3,0.0,4138.519578907415
1731068971.81,20.5,0.469,0.0,1.26,5312.24,5456.12,0.0,9239.8,6760.2,0.0,4138.399714865638
1731068972.31,19.9,0.411,0.0,1.8,5312.37,5456.31,0.0,9239.9,6760.1,0.0,4138.279867891973
1731068972.81,19.8,0.47,0.0,1.06,5312.5,5456.5,0.0,9240.0,6760.0,0.0,4138.160037987898
1731068973.31,19.8,0.57,0.0,1.09,5312.63,5456.69,0.0,9240.1,6759.9,0.0,4138.0402251548985
1731068973.81,20.5,0.469,0.0,0.937,5312.76,5456.88,0.0,9240.2,6759.8,0.0,4137.920429394457
1731068974.31,19.8,0.628,0.0,1.41,5312.89,5457.07,0.0,9240.3,6759.7,0.0,4137.800650708054
1731068974.81,19.9,0.546,0.0,1.03,5313.02,5457.26,0.0,9240.4,6759.6,0.0,4137.680889097175
1731068975.31,19.8,0.671,0.0,6.17,5313.15,5457.45,0.0,9240.5,6759.5,0.0,4137.561144563304
1731068975.81,20.5,0.606,0.0,1.14,5313.28,5457.64,0.0,9240.6,6759.4,0.0,4137.441417107922
1731068976.31,19.8,0.623,0.0,1.03,5313.41,5457.83,0.0,9240.7,6759.3,0.0,4137.3217067325095
1731068976.81,19.8,0.558,0.0,0.964,5313.54,5458.02,0.0,9240.8,6759.2,0.0,4137.20201343855
1731068977.31,19.9,0.698,0.0,1.45,5313.67,5458.21,0.0,9240.9,6759.1,0.0,4137.082337227529
1731068977.81,20.5,0.561,0.0,1.05,5313.8,5458.4,0.0,9241.0,6759.0,0.0,4136.962678100927
1731068978.31,19.9,0.602,0.0,0.988,5313.93,5458.59,0.0,9241.1,6758.9,0.0,4136.843036060227
1731068978.81,19.8,0.538,0.0,1.21,5314.06,5458.78,0.0,9241.2,6758.8,0.0,4136.723411106912
1731068979.31,19.8,0.516,0.0,0.943,5314.19,5458.97,0.0,9241.3,6758.7,0.0,4136.603803242461
1731068979.81,20.5,0.517,0.0,6.64,5314.32,5459.16,0.0,9241.4,6758.6,0.0,4136.484212468362
1731068980.31,19.9,0.511,0.0,0.802,5314.45,5459.35,0.0,9241.5,6758.5,0.0,4136.364638786093
1731068980.81,19.8,0.438,0.0,0.999,5314.58,5459.54,0.0,9241.6,6758.4,0.0,4136.245082197137
1731068981.31,19.8,0.5,0.0,1.14,5314.71,5459.73,0.0,9241.7,6758.3,0.0,4136.125542702978
1731068981.81,20.5,0.662,0.0,1.22,5314.84,5459.92,0.0,9241.8,6758.2,0.0,4136.006020305095
1731068982.31,19.8,0.447,0.0,0.938,5314.97,5460.11,0.0,9241.9,6758.1,0.0,4135.886515004975
1731068982.81,19.9,0.546,0.0,1.33,5315.1,5460.3,0.0,9242.0,6758.0,0.0,4135.7670268040965
1731068983.31,19.8,0.53,0.0,0.849,5315.23,5460.49,0.0,9242.1,6757.9,0.0,4135.647555703944
1731068983.81,19.9,0.614,0.0,1.06,5315.36,5460.68,0.0,9242.2,6757.8,0.0,4135.528101705997
1731068984.31,20.5,0.552,0.0,1.41,5315.49,5460.87,0.0,9242.3,6757.7,0.0,4135.408664811737
1731068984.81,19.8,0.543,0.0,1.96,5315.62,5461.06,0.0,9242.4,6757.6,0.0,4135.28924502265
1731068985.31,19.8,0.583,0.0,2.51,5315.75,5461.25,0.0,9242.5,6757.5,0.0,4135.169842340215
1731068985.81,20.5,0.674,0.0,1.19,5315.88,5461.44,0.0,9242.6,6757.4,0.0,4135.0504567659145
1731068986.31,19.9,0.745,0.0,1.31,5316.01,5461.63,0.0,9242.7,6757.3,0.0,4134.931088301231
1731068986.81,19.8,0.696,0.0,1.43,5316.14,5461.82,0.0,9242.8,6757.2,0.0,4134.811736947644
1731068987.31,19.8,0.636,0.0,1.0,5316.27,5462.01,0.0,9242.9,6757.1,0.0,4134.692402706638
1731068987.81,19.8,0.312,0.0,0.731,5316.4,5462.2,0.0,9243.0,6757.0,0.0,4134.5730855796955
1731068988.31,20.5,0.296,0.0,1.3,5316.53,5462.39,0.0,9243.1,6756.9,0.0,4134.453785568295
1731068988.81,19.8,0.255,0.0,1.65,5316.66,5462.58,0.0,9243.2,6756.8,0.0,4134.33450267392
1731068989.31,19.9,0.435,0.0,1.0,5316.79,5462.77,0.0,9243.3,6756.7,0.0,4134.215236898049
1731068989.81,19.8,0.379,0.0,0.822,5316.92,5462.96,0.0,9243.4,6756.6,0.0,4134.095988242169
1731068990.31,20.4,0.285,0.0,0.728,5317.05,5463.15,0.0,9243.5,6756.5,0.0,4133.976756707759
1731068990.81,19.9,0.317,0.0,0.808,5317.18,5463.34,0.0,9243.6,6756.4,0.0,4133.8575422962995
1731068991.31,19.8,0.393,0.0,1.09,5317.31,5463.53,0.0,9243.7,6756.3,0.0,4133.738345009273
1731068991.81,20.5,0.382,0.0,1.05,5317.44,5463.72,0.0,9243.8,6756.2,0.0,4133.619164848159
1731068992.31,19.8,0.391,0.0,0.892,5317.57,5463.91,0.0,9243.9,6756.1,0.0,4133.500001814443
1731068992.81,19.2,0.343,0.032,6.84,5317.7,5464.1,0.0,9244.0,6756.0,0.0,4133.380855909602
1731068993.31,19.8,0.414,0.0,0.729,5317.83,5464.29,0.0,9244.1,6755.9,0.0,4133.261727135121
1731068993.81,20.5,0.363,0.0,5.47,5317.96,5464.48,0.0,9244.2,6755.8,0.0,4133.142615492478
1731068994.31,19.8,0.356,0.0,1.77,5318.09,5464.67,0.0,9244.3,6755.7,0.0,4133.023520983154
1731068994.81,19.8,0.392,0.0,0.919,5318.22,5464.86,0.0,9244.4,6755.6,0.0,4132.904443608634
1731068995.31,19.9,0.378,0.0,0.859,5318.35,5465.05,0.0,9244.5,6755.5,0.0,4132.785383370397
1731068995.81,20.5,0.38,0.0,0.974,5318.48,5465.24,0.0,9244.6,6755.4,0.0,4132.666340269924
1731068996.31,19.9,0.493,0.0,1.02,5318.61,5465.43,0.0,9244.7,6755.3,0.0,4132.547314308695
1731068996.81,19.8,0.497,0.0,0.889,5318.74,5465.62,0.0,9244.8,6755.2,0.0,4132.42830548819
1731068997.31,19.8,0.623,0.0,0.91,5318.87,5465.81,0.0,9244.9,6755.1,0.0,4132.309313809894
1731068997.81,20.5,0.799,0.0,1.4,5319.0,5466.0,0.0,9245.0,6755.0,0.0,4132.190339275286
1731068998.31,19.8,0.535,0.0,0.793,5319.13,5466.19,0.0,9245.1,6754.9,0.0,4132.071381885846
1731068998.81,19.8,0.64,0.0,0.746,5319.26,5466.38,0.0,9245.2,6754.8,0.0,4131.952441643055
1731068999.31,19.8,0.776,0.0,0.873,5319.39,5466.57,0.0,9245.3,6754.7,0.0,4131.833518548393
1731068999.81,20.5,0.641,0.0,1.39,5319.52,5466.76,0.0,9245.4,6754.6,0.0,4131.714612603343
1731069000.31,19.9,0.654,0.0,6.8,5319.65,5466.95,0.0,9245.5,6754.5,0.0,4131.595723809386
1731069000.81,19.8,0.5,0.0,0.887,5319.78,5467.14,0.0,9245.6,6754.4,0.0,4131.476852168
1731069001.31,19.8,0.426,0.0,1.19,5319.91,5467.33,0.0,9245.7,6754.3,0.0,4131.357997680667
1731069001.81,20.5,0.624,0.0,1.51,5320.04,5467.52,0.0,9245.8,6754.2,0.0,4131.239160348865
1731069002.31,19.8,0.511,0.0,0.697,5320.17,5467.71,0.0,9245.9,6754.1,0.0,4131.120340174079
1731069002.81,19.9,0.448,0.0,0.994,5320.3,5467.9,0.0,9246.0,6754.0,0.0,4131.001537157787
1731069003.31,19.8,0.457,0.0,1.38,5320.43,5468.09,0.0,9246.1,6753.9,0.0,4130.882751301469
1731069003.81,20.5,0.494,0.0,1.17,5320.56,5468.28,0.0,9246.2,6753.8,0.0,4130.763982606608
1731069004.31,19.9,0.839,0.0,1.49,5320.69,5468.47,0.0,9246.3,6753.7,0.0,4130.64523107468
1731069004.81,19.2,0.717,0.032,5.67,5320.82,5468.66,0.0,9246.4,6753.6,0.0,4130.526496707169
1731069005.31,19.8,0.563,0.0,0.914,5320.95,5468.85,0.0,9246.5,6753.5,0.0,4130.407779505554
1731069005.81,20.5,0.558,0.0,1.05,5321.08,5469.04,0.0,9246.6,6753.4,0.0,4130.289079471315
1731069006.31,19.8,0.638,0.0,1.56,5321.21,5469.23,0.0,9246.7,6753.3,0.0,4130.170396605932
1731069006.81,19.2,1.195,0.032,0.891,5321.34,5469.42,0.0,9246.8,6753.2,0.0,4130.0517309108845
1731069007.31,19.8,0.835,0.0,0.923,5321.47,5469.61,0.0,9246.9,6753.1,0.0,4129.933082387655
1731069007.81,19.8,1.07,0.0,0.858,5321.6,5469.8,0.0,9247.0,6753.0,0.0,4129.8144510377215
1731069008.31,20.5,0.957,0.0,0.897,5321.73,5469.99,0.0,9247.1,6752.9,0.0,4129.695836862566
1731069008.81,19.8,1.245,0.0,1.41,5321.86,5470.18,0.0,9247.2,6752.8,0.0,4129.577239863665
1731069009.31,19.8,0.556,0.0,1.16,5321.99,5470.37,0.0,9247.3,6752.7,0.0,4129.458660042499
1731069009.81,20.5,0.452,0.0,1.57,5322.12,5470.56,0.0,9247.4,6752.6,0.0,4129.340097400552
1731069010.31,19.8,0.592,0.0,1.42,5322.25,5470.75,0.0,9247.5,6752.5,0.0,4129.2215519393
1731069010.81,19.8,0.438,0.0,8.74,5322.38,5470.94,0.0,9247.6,6752.4,0.0,4129.103023660224
1731069011.31,19.8,0.466,0.0,1.11,5322.51,5471.13,0.0,9247.7,6752.3,0.0,4128.9845125648035
1731069011.81,20.5,0.54,0.0,0.81,5322.64,5471.32,0.0,9247.8,6752.2,0.0,4128.866018654516
1731069012.31,19.8,0.597,0.0,0.849,5322.77,5471.51,0.0,9247.9,6752.1,0.0,4128.747541930845
1731069012.81,19.8,0.501,0.0,1.19,5322.9,5471.7,0.0,9248.0,6752.0,0.0,4128.6290823952695
1731069013.31,19.8,0.362,0.0,1.03,5323.03,5471.89,0.0,9248.1,6751.9,0.0,4128.510640049267
1731069013.81,19.9,0.445,0.0,1.07,5323.16,5472.08,0.0,9248.2,6751.8,0.0,4128.3922148943175
1731069014.31,20.5,1.575,0.0,0.944,5323.29,5472.27,0.0,9248.3,6751.7,0.0,4128.273806931898
1731069014.81,19.8,0.608,0.0,0.832,5323.42,5472.46,0.0,9248.4,6751.6,0.0,4128.155416163495
1731069015.31,19.8,0.383,0.0,0.93,5323.55,5472.65,0.0,9248.5,6751.5,0.0,4128.037042590582
1731069015.81,20.5,0.493,0.0,1.46,5323.68,5472.84,0.0,9248.6,6751.4,0.0,4127.91868621464
1731069016.31,19.2,0.551,0.032,2.04,5323.81,5473.03,0.0,9248.7,6751.3,0.0,4127.800347037149
1731069016.81,19.9,0.465,0.0,0.997,5323.94,5473.22,0.0,9248.8,6751.2,0.0,4127.682025059585
1731069017.31,19.8,0.624,0.0,0.815,5324.07,5473.41,0.0,9248.9,6751.1,0.0,4127.563720283431
1731069017.81,20.5,0.544,0.0,1.23,5324.2,5473.6,0.0,9249.0,6751.0,0.0,4127.445432710165
1731069018.31,19.8,0.53,0.0,1.52,5324.33,5473.79,0.0,9249.1,6750.9,0.0,4127.327162341266
1731069018.81,19.8,0.551,0.0,0.898,5324.46,5473.98,0.0,9249.2,6750.8,0.0,4127.208909178212
1731069019.31,19.8,0.549,0.0,1.05,5324.59,5474.17,0.0,9249.3,6750.7,0.0,4127.090673222481
1731069019.81,20.5,0.537,0.0,1.49,5324.72,5474.36,0.0,9249.4,6750.6,0.0,4126.972454475556
1731069020.31,19.8,0.562,0.0,1.07,5324.85,5474.55,0.0,9249.5,6750.5,0.0,4126.854252938913
1731069020.81,19.8,1.291,0.0,0.867,5324.98,5474.74,0.0,9249.6,6750.4,0.0,4126.736068614033
1731069021.31,19.8,0.628,0.0,1.04,5325.11,5474.93,0.0,9249.7,6750.3,0.0,4126.617901502392
1731069021.81,19.8,0.401,0.0,1.06,5325.24,5475.12,0.0,9249.8,6750.2,0.0,4126.499751605469
1731069022.31,20.5,0.509,0.0,0.916,5325.37,5475.31,0.0,9249.9,6750.1,0.0,4126.3816189247445
1731069022.81,19.8,0.544,0.0,7.29,5325.5,5475.5,0.0,9250.0,6750.0,0.0,4126.263503461697
1731069023.31,19.8,0.685,0.0,1.01,5325.63,5475.69,0.0,9250.1,6749.9,0.0,4126.145405217804
1731069023.81,20.5,0.457,0.0,0.881,5325.76,5475.88,0.0,9250.2,6749.8,0.0,4126.027324194546
1731069024.31,19.8,0.536,0.0,0.848,5325.89,5476.07,0.0,9250.3,6749.7,0.0,4125.909260393397
1731069024.81,19.8,0.449,0.0,0.777,5326.02,5476.26,0.0,9250.4,6749.6,0.0,4125.791213815842
1731069025.31,19.8,0.629,0.0,0.957,5326.15,5476.45,0.0,9250.5,6749.5,0.0,4125.673184463356
1731069025.81,20.5,0.509,0.0,1.41,5326.28,5476.64,0.0,9250.6,6749.4,0.0,4125.555172337416
1731069026.31,19.8,0.567,0.0,1.83,5326.41,5476.83,0.0,9250.7,6749.3,0.0,4125.437177439502
1731069026.81,19.9,0.573,0.0,0.951,5326.54,5477.02,0.0,9250.8,6749.2,0.0,4125.319199771091
1731069027.31,19.8,0.608,0.0,1.05,5326.67,5477.21,0.0,9250.9,6749.1,0.0,4125.201239333664
1731069027.81,20.5,0.589,0.0,0.867,5326.8,5477.4,0.0,9251.0,6749.0,0.0,4125.083296128698
1731069028.31,19.8,0.597,0.0,0.883,5326.93,5477.59,0.0,9251.1,6748.9,0.0,4124.96537015767
1731069028.81,19.9,0.645,0.0,1.81,5327.06,5477.78,0.0,9251.2,6748.8,0.0,4124.8474614220595
1731069029.31,19.8,0.663,0.0,0.732,5327.19,5477.97,0.0,9251.3,6748.7,0.0,4124.729569923342
1731069029.81,20.5,0.763,0.0,1.49,5327.32,5478.16,0.0,9251.4,6748.6,0.0,4124.611695662999
1731069030.31,19.8,0.83,0.0,1.16,5327.45,5478.35,0.0,9251.5,6748.5,0.0,4124.4938386425065
1731069030.81,19.8,0.367,0.0,0.928,5327.58,5478.54,0.0,9251.6,6748.4,0.0,4124.375998863344
1731069031.31,19.8,0.491,0.0,1.03,5327.71,5478.73,0.0,9251.7,6748.3,0.0,4124.258176326987
1731069031.81,20.5,0.354,0.0,0.869,5327.84,5478.92,0.0,9251.8,6748.2,0.0,4124.140371034913
1731069032.31,19.8,0.263,0.0,0.923,5327.97,5479.11,0.0,9251.9,6748.1,0.0,4124.022582988604
1731069032.81,19.8,0.347,0.0,0.953,5328.1,5479.3,0.0,9252.0,6748.0,0.0,4123.904812189534
1731069033.31,19.9,0.389,0.0,3.0,5328.23,5479.49,0.0,9252.1,6747.9,0.0,4123.787058639183
1731069033.81,20.5,0.313,0.0,0.909,5328.36,5479.68,0.0,9252.2,6747.8,0.0,4123.669322339027
1731069034.31,19.8,0.52,0.0,1.05,5328.49,5479.87,0.0,9252.3,6747.7,0.0,4123.551603290542
1731069034.81,19.8,0.448,0.0,0.846,5328.62,5480.06,0.0,9252.4,6747.6,0.0,4123.433901495208
1731069035.31,19.8,0.365,0.0,0.848,5328.75,5480.25,0.0,9252.5,6747.5,0.0,4123.316216954504
1731069035.81,19.9,0.379,0.0,0.794,5328.88,5480.44,0.0,9252.6,6747.4,0.0,4123.198549669904
1731069036.31,20.5,0.385,0.0,0.713,5329.01,5480.63,0.0,9252.7,6747.3,0.0,4123.080899642888
1731069036.81,19.8,0.379,0.0,1.23,5329.14,5480.82,0.0,9252.8,6747.2,0.0,4122.963266874929
1731069037.31,19.9,0.465,0.0,1.42,5329.27,5481.01,0.0,9252.9,6747.1,0.0,4122.845651367511
1731069037.81,20.5,0.529,0.0,0.863,5329.4,5481.2,0.0,9253.0,6747.0,0.0,4122.728053122108
1731069038.31,19.8,0.565,0.0,1.09,5329.53,5481.39,0.0,9253.1,6746.9,0.0,4122.610472140195
1731069038.81,19.8,0.439,0.0,1.46,5329.66,5481.58,0.0,9253.2,6746.8,0.0,4122.492908423253
1731069039.31,19.8,0.6,0.0,7.18,5329.79,5481.77,0.0,9253.3,6746.7,0.0,4122.375361972754
1731069039.81,20.5,0.594,0.0,0.804,5329.92,5481.96,0.0,9253.4,6746.6,0.0,4122.257832790181
1731069040.31,19.8,0.599,0.0,2.45,5330.05,5482.15,0.0,9253.5,6746.5,0.0,4122.140320877008
1731069040.81,19.9,0.643,0.0,3.38,5330.18,5482.34,0.0,9253.6,6746.4,0.0,4122.022826234712
1731069041.31,19.8,0.729,0.0,2.21,5330.31,5482.53,0.0,9253.7,6746.3,0.0,4121.9053488647705
1731069041.81,20.5,0.571,0.0,0.862,5330.44,5482.72,0.0,9253.8,6746.2,0.0,4121.787888768659
1731069042.31,19.8,0.565,0.0,0.796,5330.57,5482.91,0.0,9253.9,6746.1,0.0,4121.670445947856
1731069042.81,19.8,0.514,0.0,1.01,5330.7,5483.1,0.0,9254.0,6746.0,0.0,4121.553020403838
1731069043.31,19.9,0.352,0.0,1.15,5330.83,5483.29,0.0,9254.1,6745.9,0.0,4121.4356121380815
1731069043.81,20.5,0.395,0.0,0.885,5330.96,5483.48,0.0,9254.2,6745.8,0.0,4121.318221152063
1731069044.31,19.8,0.569,0.0,1.31,5331.09,5483.67,0.0,9254.3,6745.7,0.0,4121.200847447258
1731069044.81,19.8,0.436,0.0,1.45,5331.22,5483.86,0.0,9254.4,6745.6,0.0,4121.083491025145
1731069045.31,19.8,0.436,0.0,2.06,5331.35,5484.05,0.0,9254.5,6745.5,0.0,4120.9661518872
1731069045.81,19.8,0.53,0.0,0.926,5331.48,5484.24,0.0,9254.6,6745.4,0.0,4120.8488300349
1731069046.31,20.5,0.442,0.0,0.838,5331.61,5484.43,0.0,9254.7,6745.3,0.0,4120.7315254697205
1731069046.81,19.8,0.567,0.0,1.08,5331.74,5484.62,0.0,9254.8,6745.2,0.0,4120.614238193136
1731069047.31,19.8,0.555,0.0,1.76,5331.87,5484.81,0.0,9254.9,6745.1,0.0,4120.496968206626
1731069047.81,20.5,0.474,0.0,0.712,5332.0,5485.0,0.0,9255.0,6745.0,0.0,4120.379715511666
1731069048.31,19.8,0.526,0.0,0.871,5332.13,5485.19,0.0,9255.1,6744.9,0.0,4120.262480109732
1731069048.81,19.8,0.732,0.0,0.821,5332.26,5485.38,0.0,9255.2,6744.8,0.0,4120.1452620023
1731069049.31,19.8,0.62,0.0,1.06,5332.39,5485.57,0.0,9255.3,6744.7,0.0,4120.028061190845
1731069049.81,20.5,0.605,0.0,1.2,5332.52,5485.76,0.0,9255.4,6744.6,0.0,4119.910877676845
1731069050.31,19.8,0.659,0.0,0.922,5332.65,5485.95,0.0,9255.5,6744.5,0.0,4119.793711461777
1731069050.81,19.8,0.86,0.0,1.09,5332.78,5486.14,0.0,9255.6,6744.4,0.0,4119.6765625471135
1731069051.31,19.8,0.548,0.0,0.924,5332.91,5486.33,0.0,9255.7,6744.3,0.0,4119.559430934333
1731069051.81,19.8,0.255,0.0,0.893,5333.04,5486.52,0.0,9255.8,6744.2,0.0,4119.442316624908
1731069052.31,20.5,0.282,0.0,0.862,5333.17,5486.71,0.0,9255.9,6744.1,0.0,4119.32521962032
1731069052.81,19.9,0.318,0.0,4.93,5333.3,5486.9,0.0,9256.0,6744.0,0.0,4119.208139922041
1731069053.31,19.8,0.301,0.0,1.13,5333.43,5487.09,0.0,9256.1,6743.9,0.0,4119.091077531547
1731069053.81,20.5,0.321,0.0,0.936,5333.56,5487.28,0.0,9256.2,6743.8,0.0,4118.974032450315
1731069054.31,19.9,0.252,0.0,1.07,5333.69,5487.47,0.0,9256.3,6743.7,0.0,4118.857004679817
1731069054.81,19.8,0.276,0.0,0.831,5333.82,5487.66,0.0,9256.4,6743.6,0.0,4118.739994221534
1731069055.31,19.8,0.376,0.0,0.936,5333.95,5487.85,0.0,9256.5,6743.5,0.0,4118.623001076938
1731069055.81,20.5,0.371,0.0,1.04,5334.08,5488.04,0.0,9256.6,6743.4,0.0,4118.506025247505
1731069056.31,19.8,0.349,0.0,1.3,5334.21,5488.23,0.0,9256.7,6743.3,0.0,4118.389066734711
1731069056.81,19.8,0.338,0.0,0.72,5334.34,5488.42,0.0,9256.8,6743.2,0.0,4118.272125540029
1731069057.31,19.9,0.481,0.0,1.08,5334.47,5488.61,0.0,9256.9,6743.1,0.0,4118.155201664939
1731069057.81,20.5,0.463,0.0,0.969,5334.6,5488.8,0.0,9257.0,6743.0,0.0,4118.038295110913
1731069058.31,19.8,0.576,0.0,1.03,5334.73,5488.99,0.0,9257.1,6742.9,0.0,4117.921405879428
1731069058.81,19.8,0.43,0.0,1.1,5334.86,5489.18,0.0,9257.2,6742.8,0.0,4117.804533971957
1731069059.31,19.8,0.435,0.0,6.74,5334.99,5489.37,0.0,9257.3,6742.7,0.0,4117.687679389975
1731069059.81,19.8,0.456,0.031,0.82,5335.12,5489.56,0.0,9257.4,6742.6,0.0,4117.570842134959
1731069060.31,19.8,0.561,0.0,1.53,5335.25,5489.75,0.0,9257.5,6742.5,0.0,4117.454022208384
1731069060.81,19.8,0.514,0.0,6.63,5335.38,5489.94,0.0,9257.6,6742.4,0.0,4117.337219611724
1731069061.31,19.8,0.505,0.0,0.884,5335.51,5490.13,0.0,9257.7,6742.3,0.0,4117.220434346454
1731069061.81,20.5,0.562,0.0,1.29,5335.64,5490.32,0.0,9257.8,6742.2,0.0,4117.103666414047
1731069062.31,19.8,0.516,0.0,1.9,5335.77,5490.51,0.0,9257.9,6742.1,0.0,4116.986915815982
1731069062.81,19.8,0.619,0.0,1.09,5335.9,5490.7,0.0,9258.0,6742.0,0.0,4116.870182553733
1731069063.31,19.8,0.696,0.0,1.81,5336.03,5490.89,0.0,9258.1,6741.9,0.0,4116.753466628771
1731069063.81,19.8,0.891,0.0,1.58,5336.16,5491.08,0.0,9258.2,6741.8,0.0,4116.636768042574
1731069064.31,20.5,1.378,0.0,1.42,5336.29,5491.27,0.0,9258.3,6741.7,0.0,4116.520086796613
1731069064.81,19.8,0.934,0.0,2.72,5336.42,5491.46,0.0,9258.4,6741.6,0.0,4116.403422892367
1731069065.31,19.8,0.703,0.0,6.87,5336.55,5491.65,0.0,9258.5,6741.5,0.0,4116.286776331309
1731069065.81,20.5,1.148,0.0,3.09,5336.68,5491.84,0.0,9258.6,6741.4,0.0,4116.170147114913
1731069066.31,19.8,0.547,0.0,4.09,5336.81,5492.03,0.0,9258.7,6741.3,0.0,4116.053535244652
1731069066.81,19.8,0.529,0.0,1.29,5336.94,5492.22,0.0,9258.8,6741.2,0.0,4115.936940722003
1731069067.31,19.8,0.497,0.0,0.833,5337.07,5492.41,0.0,9258.9,6741.1,0.0,4115.820363548439
1731069067.81,20.5,0.533,0.0,3.07,5337.2,5492.6,0.0,9259.0,6741.0,0.0,4115.703803725433
1731069068.31,19.8,0.62,0.0,3.21,5337.33,5492.79,0.0,9259.1,6740.9,0.0,4115.587261254462
1731069068.81,19.9,0.64,0.0,1.88,5337.46,5492.98,0.0,9259.2,6740.8,0.0,4115.470736136998
1731069069.31,19.8,1.084,0.0,1.54,5337.59,5493.17,0.0,9259.3,6740.7,0.0,4115.354228374515
1731069069.81,20.5,0.692,0.0,1.96,5337.72,5493.36,0.0,9259.4,6740.6,0.0,4115.237737968488
1731069070.31,19.9,0.637,0.0,7.58,5337.85,5493.55,0.0,9259.5,6740.5,0.0,4115.121264920391
1731069070.81,19.8,0.655,0.0,0.882,5337.98,5493.74,0.0,9259.6,6740.4,0.0,4115.004809231698
1731069071.31,19.8,0.683,0.0,0.968,5338.11,5493.93,0.0,9259.7,6740.3,0.0,4114.888370903883
1731069071.81,20.5,0.655,0.0,0.819,5338.24,5494.12,0.0,9259.8,6740.2,0.0,4114.771949938417
1731069072.31,19.8,0.738,0.0,0.988,5338.37,5494.31,0.0,9259.9,6740.1,0.0,4114.655546336777
1731069072.81,19.8,0.551,0.0,1.41,5338.5,5494.5,0.0,9260.0,6740.0,0.0,4114.539160100436
1731069073.31,19.8,0.283,0.0,0.851,5338.63,5494.69,0.0,9260.1,6739.9,0.0,4114.422791230867
1731069073.81,20.4,0.363,0.0,0.867,5338.76,5494.88,0.0,9260.2,6739.8,0.0,4114.306439729545
1731069074.31,19.9,0.488,0.0,1.06,5338.89,5495.07,0.0,9260.3,6739.7,0.0,4114.190105597941
1731069074.81,19.8,0.351,0.0,1.49,5339.02,5495.26,0.0,9260.4,6739.6,0.0,4114.073788837531
1731069075.31,19.9,0.436,0.0,2.04,5339.15,5495.45,0.0,9260.5,6739.5,0.0,4113.957489449788
1731069075.81,20.5,0.581,0.0,0.876,5339.28,5495.64,0.0,9260.6,6739.4,0.0,4113.841207436184
1731069076.31,19.8,0.434,0.0,0.738,5339.41,5495.83,0.0,9260.7,6739.3,0.0,4113.724942798194
1731069076.81,19.8,0.351,0.0,1.42,5339.54,5496.02,0.0,9260.8,6739.2,0.0,4113.608695537288
1731069077.31,19.8,0.287,0.0,1.92,5339.67,5496.21,0.0,9260.9,6739.1,0.0,4113.492465654945
1731069077.81,19.8,0.379,0.0,1.43,5339.8,5496.4,0.0,9261.0,6739.0,0.0,4113.376253152634
1731069078.31,20.5,0.451,0.0,1.47,5339.93,5496.59,0.0,9261.1,6738.9,0.0,4113.2600580318285
1731069078.81,19.8,0.477,0.0,1.28,5340.06,5496.78,0.0,9261.2,6738.8,0.0,4113.143880294003
1731069079.31,19.8,0.351,0.0,0.984,5340.19,5496.97,0.0,9261.3,6738.7,0.0,4113.027719940627
1731069079.81,20.5,0.362,0.0,1.14,5340.32,5497.16,0.0,9261.4,6738.6,0.0,4112.911576973179
1731069080.31,19.8,0.484,0.0,0.985,5340.45,5497.35,0.0,9261.5,6738.5,0.0,4112.795451393127
1731069080.81,19.8,0.457,0.0,0.956,5340.58,5497.54,0.0,9261.6,6738.4,0.0,4112.679343201948
1731069081.31,19.8,0.476,0.0,0.976,5340.71,5497.73,0.0,9261.7,6738.3,0.0,4112.563252401112
1731069081.81,19.8,0.694,0.0,0.915,5340.84,5497.92,0.0,9261.8,6738.2,0.0,4112.447178992089
1731069082.31,20.5,0.474,0.0,9.39,5340.97,5498.11,0.0,9261.9,6738.1,0.0,4112.3311229763585
1731069082.81,19.8,0.458,0.0,2.49,5341.1,5498.3,0.0,9262.0,6738.0,0.0,4112.215084355388
1731069083.31,19.8,0.697,0.0,3.62,5341.23,5498.49,0.0,9262.1,6737.9,0.0,4112.099063130654
1731069083.81,20.5,0.823,0.0,2.61,5341.36,5498.68,0.0,9262.2,6737.8,0.0,4111.983059303626
1731069084.31,19.8,0.545,0.0,2.54,5341.49,5498.87,0.0,9262.3,6737.7,0.0,4111.867072875775
1731069084.81,19.8,0.582,0.0,2.27,5341.62,5499.06,0.0,9262.4,6737.6,0.0,4111.751103848577
1731069085.31,19.8,0.794,0.0,2.55,5341.75,5499.25,0.0,9262.5,6737.5,0.0,4111.6351522235045
1731069085.81,19.8,0.55,0.0,2.72,5341.88,5499.44,0.0,9262.6,6737.4,0.0,4111.519218002028
1731069086.31,20.5,0.766,0.0,4.09,5342.01,5499.63,0.0,9262.7,6737.3,0.0,4111.403301185619
1731069086.81,19.8,0.447,0.0,8.65,5342.14,5499.82,0.0,9262.8,6737.2,0.0,4111.2874017757495
1731069087.31,19.9,0.491,0.0,0.837,5342.27,5500.01,0.0,9262.9,6737.1,0.0,4111.171519773894
1731069087.81,20.5,0.73,0.0,1.45,5342.4,5500.2,0.0,9263.0,6737.0,0.0,4111.055655181526
1731069088.31,19.8,0.629,0.0,6.61,5342.53,5500.39,0.0,9263.1,6736.9,0.0,4110.939808000113
1731069088.81,19.8,0.475,0.0,1.13,5342.66,5500.58,0.0,9263.2,6736.8,0.0,4110.823978231129
1731069089.31,19.8,0.708,0.0,1.6,5342.79,5500.77,0.0,9263.3,6736.7,0.0,4110.708165876044
1731069089.81,20.5,0.582,0.0,1.3,5342.92,5500.96,0.0,9263.4,6736.6,0.0,4110.592370936334
1731069090.31,19.8,0.573,0.0,0.905,5343.05,5501.15,0.0,9263.5,6736.5,0.0,4110.476593413469
1731069090.81,19.8,0.577,0.0,1.29,5343.18,5501.34,0.0,9263.6,6736.4,0.0,4110.36083330892
1731069091.31,19.8,0.905,0.0,1.59,5343.31,5501.53,0.0,9263.7,6736.3,0.0,4110.245090624159
1731069091.81,20.5,0.617,0.0,0.961,5343.44,5501.72,0.0,9263.8,6736.2,0.0,4110.129365360657
1731069092.31,19.8,0.571,0.0,1.25,5343.57,5501.91,0.0,9263.9,6736.1,0.0,4110.013657519888
1731069092.81,19.8,0.703,0.0,3.64,5343.7,5502.1,0.0,9264.0,6736.0,0.0,4109.897967103319
1731069093.31,19.8,0.872,0.0,0.963,5343.83,5502.29,0.0,9264.1,6735.9,0.0,4109.782294112427
1731069093.81,20.5,0.826,0.0,0.865,5343.96,5502.48,0.0,9264.2,6735.8,0.0,4109.66663854868
1731069094.31,19.9,0.542,0.0,0.885,5344.09,5502.67,0.0,9264.3,6735.7,0.0,4109.551000413548
1731069094.81,19.8,0.434,0.0,0.898,5344.22,5502.86,0.0,9264.4,6735.6,0.0,4109.435379708507
1731069095.31,19.8,0.565,0.0,0.8,5344.35,5503.05,0.0,9264.5,6735.5,0.0,4109.319776435024
1731069095.81,20.5,0.388,0.0,0.988,5344.48,5503.24,0.0,9264.6,6735.4,0.0,4109.204190594573
1731069096.31,19.8,0.491,0.0,1.16,5344.61,5503.43,0.0,9264.7,6735.3,0.0,4109.088622188624
1731069096.81,19.8,0.49,0.0,0.9,5344.74,5503.62,0.0,9264.8,6735.2,0.0,4108.9730712186465
1731069097.31,19.8,0.729,0.0,1.13,5344.87,5503.81,0.0,9264.9,6735.1,0.0,4108.8575376861145
1731069097.81,20.5,0.332,0.0,0.922,5345.0,5504.0,0.0,9265.0,6735.0,0.0,4108.742021592497
1731069098.31,19.8,0.361,0.0,0.866,5345.13,5504.19,0.0,9265.1,6734.9,0.0,4108.626522939266
1731069098.81,19.8,0.381,0.0,1.45,5345.26,5504.38,0.0,9265.2,6734.8,0.0,4108.511041727891
1731069099.31,19.9,0.451,0.0,1.05,5345.39,5504.57,0.0,9265.3,6734.7,0.0,4108.395577959844
1731069099.81,20.5,0.341,0.0,7.56,5345.52,5504.76,0.0,9265.4,6734.6,0.0,4108.280131636594
1731069100.31,19.8,0.542,0.0,0.855,5345.65,5504.95,0.0,9265.5,6734.5,0.0,4108.1647027596155
1731069100.81,19.8,0.677,0.0,0.732,5345.78,5505.14,0.0,9265.6,6734.4,0.0,4108.049291330376
1731069101.31,19.8,0.64,0.0,0.994,5345.91,5505.33,0.0,9265.7,6734.3,0.0,4107.933897350346
1731069101.81,20.5,0.472,0.0,1.46,5346.04,5505.52,0.0,9265.8,6734.2,0.0,4107.818520820995
1731069102.31,19.8,0.662,0.0,0.803,5346.17,5505.71,0.0,9265.9,6734.1,0.0,4107.703161743798
1731069102.81,19.8,0.476,0.0,0.82,5346.3,5505.9,0.0,9266.0,6734.0,0.0,4107.587820120222
1731069103.31,19.9,0.681,0.0,1.04,5346.43,5506.09,0.0,9266.1,6733.9,0.0,4107.472495951738
1731069103.81,20.5,0.49,0.0,1.03,5346.56,5506.28,0.0,9266.2,6733.8,0.0,4107.357189239817
1731069104.31,19.2,0.506,0.032,0.844,5346.69,5506.47,0.0,9266.3,6733.7,0.0,4107.241899985926
1731069104.81,19.8,0.544,0.0,0.736,5346.82,5506.66,0.0,9266.4,6733.6,0.0,4107.126628191539
1731069105.31,19.8,0.562,0.0,0.85,5346.95,5506.85,0.0,9266.5,6733.5,0.0,4107.011373858125
1731069105.81,20.5,0.625,0.0,1.07,5347.08,5507.04,0.0,9266.6,6733.4,0.0,4106.896136987153
1731069106.31,19.8,0.555,0.0,1.85,5347.21,5507.23,0.0,9266.7,6733.3,0.0,4106.780917580095
1731069106.81,19.8,0.678,0.0,2.19,5347.34,5507.42,0.0,9266.8,6733.2,0.0,4106.665715638417
1731069107.31,19.8,0.461,0.0,3.18,5347.47,5507.61,0.0,9266.9,6733.1,0.0,4106.550531163594
1731069107.81,20.5,0.724,0.0,3.74,5347.6,5507.8,0.0,9267.0,6733.0,0.0,4106.435364157093
1731069108.31,19.8,0.43,0.0,3.16,5347.73,5507.99,0.0,9267.1,6732.9,0.0,4106.320214620385
1731069108.81,19.8,1.213,0.0,11.7,5347.86,5508.18,0.0,9267.2,6732.8,0.0,4106.205082554939
1731069109.31,19.8,0.755,0.0,2.44,5347.99,5508.37,0.0,9267.3,6732.7,0.0,4106.089967962222
1731069109.81,20.5,0.698,0.0,1.06,5348.12,5508.56,0.0,9267.4,6732.6,0.0,4105.974870843707
1731069110.31,19.8,0.593,0.0,1.49,5348.25,5508.75,0.0,9267.5,6732.5,0.0,4105.859791200864
1731069110.81,19.8,0.513,0.0,1.77,5348.38,5508.94,0.0,9267.6,6732.4,0.0,4105.74472903516
1731069111.31,19.2,0.664,0.032,1.68,5348.51,5509.13,0.0,9267.7,6732.3,0.0,4105.629684348067
1731069111.81,19.9,0.539,0.0,0.765,5348.64,5509.32,0.0,9267.8,6732.2,0.0,4105.5146571410505
1731069112.31,20.5,0.595,0.0,5.48,5348.77,5509.51,0.0,9267.9,6732.1,0.0,4105.399647415583
1731069112.81,19.8,0.735,0.0,1.64,5348.9,5509.7,0.0,9268.0,6732.0,0.0,4105.2846551731345
1731069113.31,19.8,0.666,0.0,0.98,5349.03,5509.89,0.0,9268.1,6731.9,0.0,4105.169680415172
1731069113.81,20.5,0.707,0.0,0.863,5349.16,5510.08,0.0,9268.2,6731.8,0.0,4105.054723143166
1731069114.31,19.8,0.741,0.0,1.25,5349.29,5510.27,0.0,9268.3,6731.7,0.0,4104.939783358581
1731069114.81,19.8,0.668,0.0,1.11,5349.42,5510.46,0.0,9268.4,6731.6,0.0,4104.8248610628925
1731069115.31,19.8,0.642,0.0,0.895,5349.55,5510.65,0.0,9268.5,6731.5,0.0,4104.709956257567
1731069115.81,19.9,0.512,0.0,1.29,5349.68,5510.84,0.0,9268.6,6731.4,0.0,4104.595068944073
1731069116.31,20.5,0.3,0.0,0.708,5349.81,5511.03,0.0,9268.7,6731.3,0.0,4104.480199123879
1731069116.81,19.8,0.4,0.0,1.39,5349.94,5511.22,0.0,9268.8,6731.2,0.0,4104.365346798455
1731069117.31,19.8,0.352,0.0,1.63,5350.07,5511.41,0.0,9268.9,6731.1,0.0,4104.250511969269
1731069117.81,20.5,0.419,0.0,1.33,5350.2,5511.6,0.0,9269.0,6731.0,0.0,4104.135694637788
1731069118.31,19.8,0.352,0.0,1.03,5350.33,5511.79,0.0,9269.1,6730.9,0.0,4104.020894805483
1731069118.81,19.9,0.447,0.0,1.12,5350.46,5511.98,0.0,9269.2,6730.8,0.0,4103.906112473823
1731069119.31,19.8,0.338,0.0,1.68,5350.59,5512.17,0.0,9269.3,6730.7,0.0,4103.791347644273
1731069119.81,19.8,0.537,0.0,1.23,5350.72,5512.36,0.0,9269.4,6730.6,0.0,4103.676600318305
1731069120.31,20.5,0.341,0.0,0.859,5350.85,5512.55,0.0,9269.5,6730.5,0.0,4103.561870497385
1731069120.81,19.8,0.326,0.0,1.03,5350.98,5512.74,0.0,9269.6,6730.4,0.0,4103.447158182984
1731069121.31,19.8,0.35,0.0,1.38,5351.11,5512.93,0.0,9269.7,6730.3,0.0,4103.332463376567
1731069121.81,19.8,0.509,0.0,0.856,5351.24,5513.12,0.0,9269.8,6730.2,0.0,4103.217786079603
1731069122.31,20.5,0.489,0.0,0.877,5351.37,5513.31,0.0,9269.9,6730.1,0.0,4103.103126293561
1731069122.81,19.8,0.389,0.0,0.643,5351.5,5513.5,0.0,9270.0,6730.0,0.0,4102.98848401991
1731069123.31,19.9,0.668,0.0,0.848,5351.63,5513.69,0.0,9270.1,6729.9,0.0,4102.873859260117
1731069123.81,20.5,0.523,0.0,0.791,5351.76,5513.88,0.0,9270.2,6729.8,0.0,4102.759252015649
1731069124.31,19.8,0.662,0.0,0.808,5351.89,5514.07,0.0,9270.3,6729.7,0.0,4102.644662287972
1731069124.81,19.8,0.546,0.0,0.825,5352.02,5514.26,0.0,9270.4,6729.6,0.0,4102.53009007856
1731069125.31,19.8,0.51,0.0,0.647,5352.15,5514.45,0.0,9270.5,6729.5,0.0,4102.415535388876
1731069125.81,20.5,0.909,0.0,1.25,5352.28,5514.64,0.0,9270.6,6729.4,0.0,4102.300998220389
1731069126.31,19.8,0.732,0.0,1.42,5352.41,5514.83,0.0,9270.7,6729.3,0.0,4102.186478574567
1731069126.81,19.8,0.591,0.0,1.16,5352.54,5515.02,0.0,9270.8,6729.2,0.0,4102.071976452875
1731069127.31,19.8,0.599,0.0,1.32,5352.67,5515.21,0.0,9270.9,6729.1,0.0,4101.957491856784
1731069127.81,20.5,0.758,0.0,5.03,5352.8,5515.4,0.0,9271.0,6729.0,0.0,4101.8430247877595
1731069128.31,19.8,0.529,0.0,1.11,5352.93,5515.59,0.0,9271.1,6728.9,0.0,4101.72857524727
1731069128.81,19.8,0.387,0.0,1.1,5353.06,5515.78,0.0,9271.2,6728.8,0.0,4101.614143236782
1731069129.31,19.8,0.466,0.0,0.912,5353.19,5515.97,0.0,9271.3,6728.7,0.0,4101.499728757762
1731069129.81,20.5,0.504,0.0,1.07,5353.32,5516.16,0.0,9271.4,6728.6,0.0,4101.38533181168
1731069130.31,19.8,0.458,0.0,0.846,5353.45,5516.35,0.0,9271.5,6728.5,0.0,4101.2709524
1731069130.81,19.8,0.63,0.0,1.02,5353.58,5516.54,0.0,9271.6,6728.4,0.0,4101.1565905241905
1731069131.31,19.8,0.573,0.0,1.38,5353.71,5516.73,0.0,9271.7,6728.3,0.0,4101.042246185719
1731069131.81,20.5,0.708,0.0,0.73,5353.84,5516.92,0.0,9271.8,6728.2,0.0,4100.927919386049
1731069132.31,19.8,0.649,0.0,1.21,5353.97,5517.11,0.0,9271.9,6728.1,0.0,4100.813610126654
1731069132.81,19.8,0.595,0.0,1.84,5354.1,5517.3,0.0,9272.0,6728.0,0.0,4100.699318408995
1731069133.31,19.8,0.662,0.0,7.62,5354.23,5517.49,0.0,9272.1,6727.9,0.0,4100.585044234543
1731069133.81,20.5,0.607,0.0,1.17,5354.36,5517.68,0.0,9272.2,6727.8,0.0,4100.4707876047605
1731069134.31,19.9,0.566,0.0,0.871,5354.49,5517.87,0.0,9272.3,6727.7,0.0,4100.356548521116
1731069134.81,19.8,0.769,0.0,1.16,5354.62,5518.06,0.0,9272.4,6727.6,0.0,4100.242326985077
1731069135.31,19.8,0.716,0.0,1.34,5354.75,5518.25,0.0,9272.5,6727.5,0.0,4100.12812299811
1731069135.81,20.5,0.766,0.0,1.54,5354.88,5518.44,0.0,9272.6,6727.4,0.0,4100.01393656168
1731069136.31,19.2,0.675,0.032,1.34,5355.01,5518.63,0.0,9272.7,6727.3,0.0,4099.899767677254
1731069136.81,19.9,0.507,0.0,1.56,5355.14,5518.82,0.0,9272.8,6727.2,0.0,4099.7856163462975
1731069137.31,19.8,0.403,0.0,1.49,5355.27,5519.01,0.0,9272.9,6727.1,0.0,4099.671482570279
1731069137.81,20.5,0.386,0.0,4.97,5355.4,5519.2,0.0,9273.0,6727.0,0.0,4099.557366350666
1731069138.31,19.8,0.336,0.0,1.22,5355.53,5519.39,0.0,9273.1,6726.9,0.0,4099.443267688919
1731069138.81,19.8,0.805,0.0,1.11,5355.66,5519.58,0.0,9273.2,6726.8,0.0,4099.3291865865085
1731069139.31,19.8,0.431,0.0,2.24,5355.79,5519.77,0.0,9273.3,6726.7,0.0,4099.215123044897
1731069139.81,20.5,0.431,0.0,0.968,5355.92,5519.96,0.0,9273.4,6726.6,0.0,4099.101077065556
1731069140.31,19.8,0.391,0.0,1.17,5356.05,5520.15,0.0,9273.5,6726.5,0.0,4098.987048649947
1731069140.81,19.9,0.441,0.0,0.846,5356.18,5520.34,0.0,9273.6,6726.4,0.0,4098.873037799536
1731069141.31,19.8,0.376,0.0,0.966,5356.31,5520.53,0.0,9273.7,6726.3,0.0,4098.759044515791
1731069141.81,20.5,0.347,0.0,1.13,5356.44,5520.72,0.0,9273.8,6726.2,0.0,4098.645068800176
1731069142.31,19.8,0.377,0.0,1.11,5356.57,5520.91,0.0,9273.9,6726.1,0.0,4098.531110654158
1731069142.81,19.8,0.374,0.0,7.13,5356.7,5521.1,0.0,9274.0,6726.0,0.0,4098.4171700792
1731069143.31,19.8,0.551,0.0,1.08,5356.83,5521.29,0.0,9274.1,6725.9,0.0,4098.303247076771
1731069143.81,20.5,0.361,0.0,0.863,5356.96,5521.48,0.0,9274.2,6725.8,0.0,4098.189341648334
1731069144.31,19.8,0.423,0.0,0.858,5357.09,5521.67,0.0,9274.3,6725.7,0.0,4098.0754537953535
1731069144.81,19.9,0.505,0.0,0.853,5357.22,5521.86,0.0,9274.4,6725.6,0.0,4097.961583519299
1731069145.31,19.8,0.695,0.0,0.647,5357.35,5522.05,0.0,9274.5,6725.5,0.0,4097.847730821632
1731069145.81,20.5,0.863,0.0,2.39,5357.48,5522.24,0.0,9274.6,6725.4,0.0,4097.73389570382
1731069146.31,19.8,0.873,0.0,1.63,5357.61,5522.43,0.0,9274.7,6725.3,0.0,4097.620078167327
1731069146.81,19.8,0.612,0.0,1.87,5357.74,5522.62,0.0,9274.8,6725.2,0.0,4097.506278213616
1731069147.31,19.8,0.592,0.0,0.869,5357.87,5522.81,0.0,9274.9,6725.1,0.0,4097.392495844156
1731069147.81,20.5,0.683,0.0,0.771,5358.0,5523.0,0.0,9275.0,6725.0,0.0,4097.27873106041
1731069148.31,19.8,0.556,0.0,4.5,5358.13,5523.19,0.0,9275.1,6724.9,0.0,4097.164983863842
1731069148.81,19.8,0.574,0.0,0.869,5358.26,5523.38,0.0,9275.2,6724.8,0.0,4097.05125425592
1731069149.31,19.8,0.736,0.0,0.905,5358.39,5523.57,0.0,9275.3,6724.7,0.0,4096.937542238104
1731069149.81,19.8,0.4,0.0,1.48,5358.52,5523.76,0.0,9275.4,6724.6,0.0,4096.823847811862
1731069150.31,20.5,0.391,0.0,1.35,5358.65,5523.95,0.0,9275.5,6724.5,0.0,4096.71017097866
1731069150.81,19.8,0.479,0.0,0.836,5358.78,5524.14,0.0,9275.6,6724.4,0.0,4096.596511739959
1731069151.31,19.8,0.78,0.0,1.09,5358.91,5524.33,0.0,9275.7,6724.3,0.0,4096.482870097227
1731069151.81,19.9,0.568,0.0,6.94,5359.04,5524.52,0.0,9275.8,6724.2,0.0,4096.369246051922
1731069152.31,20.5,0.606,0.0,1.4,5359.17,5524.71,0.0,9275.9,6724.1,0.0,4096.255639605516
1731069152.81,19.8,0.731,0.0,2.33,5359.3,5524.9,0.0,9276.0,6724.0,0.0,4096.14205075947
1731069153.31,19.8,0.519,0.0,1.39,5359.43,5525.09,0.0,9276.1,6723.9,0.0,4096.028479515248
1731069153.81,20.5,0.568,0.0,2.71,5359.56,5525.28,0.0,9276.2,6723.8,0.0,4095.914925874316
1731069154.31,19.8,0.521,0.0,1.93,5359.69,5525.47,0.0,9276.3,6723.7,0.0,4095.8013898381346
1731069154.81,19.8,0.831,0.0,0.825,5359.82,5525.66,0.0,9276.4,6723.6,0.0,4095.6878714081718
1731069155.31,19.8,0.63,0.0,0.99,5359.95,5525.85,0.0,9276.5,6723.5,0.0,4095.574370585889
1731069155.81,20.5,0.806,0.0,1.35,5360.08,5526.04,0.0,9276.6,6723.4,0.0,4095.460887372751
1731069156.31,19.8,0.615,0.0,0.746,5360.21,5526.23,0.0,9276.7,6723.3,0.0,4095.3474217702224
1731069156.81,19.8,0.842,0.0,1.14,5360.34,5526.42,0.0,9276.8,6723.2,0.0,4095.233973779764
1731069157.31,19.8,0.716,0.0,3.52,5360.47,5526.61,0.0,9276.9,6723.1,0.0,4095.120543402843
1731069157.81,20.5,0.702,0.0,0.826,5360.6,5526.8,0.0,9277.0,6723.0,0.0,4095.007130640922
1731069158.31,19.8,0.504,0.0,0.928,5360.73,5526.99,0.0,9277.1,6722.9,0.0,4094.893735495465
1731069158.81,19.8,0.483,0.0,1.38,5360.86,5527.18,0.0,9277.2,6722.8,0.0,4094.780357967935
1731069159.31,19.8,0.43,0.0,0.773,5360.99,5527.37,0.0,9277.3,6722.7,0.0,4094.666998059793
1731069159.81,20.5,0.327,0.0,1.19,5361.12,5527.56,0.0,9277.4,6722.6,0.0,4094.5536557725068
1731069160.31,19.9,0.345,0.0,1.6,5361.25,5527.75,0.0,9277.5,6722.5,0.0,4094.4403311075375
1731069160.81,19.8,0.683,0.0,0.824,5361.38,5527.94,0.0,9277.6,6722.4,0.0,4094.3270240663487
1731069161.31,19.8,0.491,0.0,1.11,5361.51,5528.13,0.0,9277.7,6722.3,0.0,4094.2137346504032
1731069161.81,20.5,0.429,0.0,1.36,5361.64,5528.32,0.0,9277.8,6722.2,0.0,4094.100462861163
1731069162.31,19.8,0.347,0.0,7.33,5361.77,5528.51,0.0,9277.9,6722.1,0.0,4093.987208700095
1731069162.81,19.9,0.541,0.0,0.896,5361.9,5528.7,0.0,9278.0,6722.0,0.0,4093.87397216866
1731069163.31,19.8,0.787,0.0,0.831,5362.03,5528.89,0.0,9278.1,6721.9,0.0,4093.76075326832
1731069163.81,20.5,0.422,0.0,0.965,5362.16,5529.08,0.0,9278.2,6721.8,0.0,4093.6475520005392
1731069164.31,19.8,0.364,0.0,1.16,5362.29,5529.27,0.0,9278.3,6721.7,0.0,4093.5343683667775
1731069164.81,19.8,0.56,0.0,0.903,5362.42,5529.46,0.0,9278.4,6721.6,0.0,4093.4212023685027
1731069165.31,19.8,0.445,0.0,1.08,5362.55,5529.65,0.0,9278.5,6721.5,0.0,4093.308054007174
1731069165.81,20.5,0.427,0.0,1.2,5362.68,5529.84,0.0,9278.6,6721.4,0.0,4093.194923284255
1731069166.31,19.8,0.507,0.0,0.932,5362.81,5530.03,0.0,9278.7,6721.3,0.0,4093.0818102012086
1731069166.81,19.8,0.451,0.0,0.796,5362.94,5530.22,0.0,9278.8,6721.2,0.0,4092.9687147594955
1731069167.31,19.8,0.586,0.0,1.52,5363.07,5530.41,0.0,9278.9,6721.1,0.0,4092.855636960581
1731069167.81,20.5,0.654,0.0,1.4,5363.2,5530.6,0.0,9279.0,6721.0,0.0,4092.7425768059247
1731069168.31,19.8,0.563,0.0,1.93,5363.33,5530.79,0.0,9279.1,6720.9,0.0,4092.6295342969906
1731069168.81,19.8,0.576,0.0,0.839,5363.46,5530.98,0.0,9279.2,6720.8,0.0,4092.5165094352406
1731069169.31,19.8,0.733,0.0,1.11,5363.59,5531.17,0.0,9279.3,6720.7,0.0,4092.4035022221346
1731069169.81,20.5,1.047,0.0,1.53,5363.72,5531.36,0.0,9279.4,6720.6,0.0,4092.2905126591386
1731069170.31,19.9,0.752,0.0,1.2,5363.85,5531.55,0.0,9279.5,6720.5,0.0,4092.1775407477126
1731069170.81,19.8,0.505,0.0,1.45,5363.98,5531.74,0.0,9279.6,6720.4,0.0,4092.0645864893195
1731069171.31,19.8,0.387,0.0,1.67,5364.11,5531.93,0.0,9279.7,6720.3,0.0,4091.9516498854196
1731069171.81,20.5,0.562,0.0,1.26,5364.24,5532.12,0.0,9279.8,6720.2,0.0,4091.838730937474
1731069172.31,19.9,0.553,0.0,1.95,5364.37,5532.31,0.0,9279.9,6720.1,0.0,4091.725829646947
1731069172.81,19.8,0.873,0.0,1.73,5364.5,5532.5,0.0,9280.0,6720.0,0.0,4091.6129460152997
1731069173.31,19.8,0.601,0.0,1.33,5364.63,5532.69,0.0,9280.1,6719.9,0.0,4091.5000800439934
1731069173.81,20.4,0.646,0.0,8.89,5364.76,5532.88,0.0,9280.2,6719.8,0.0,4091.387231734489
1731069174.31,19.9,0.59,0.0,1.4,5364.89,5533.07,0.0,9280.3,6719.7,0.0,4091.2744010882466
1731069174.81,19.8,0.765,0.0,1.14,5365.02,5533.26,0.0,9280.4,6719.6,0.0,4091.1615881067314
1731069175.31,19.8,0.594,0.0,0.927,5365.15,5533.45,0.0,9280.5,6719.5,0.0,4091.048792791404
1731069175.81,20.5,0.618,0.0,0.782,5365.28,5533.64,0.0,9280.6,6719.4,0.0,4090.9360151437227
1731069176.31,19.8,0.674,0.0,1.98,5365.41,5533.83,0.0,9280.7,6719.3,0.0,4090.8232551651517
1731069176.81,19.8,0.573,0.0,3.97,5365.54,5534.02,0.0,9280.8,6719.2,0.0,4090.7105128571484
1731069177.31,19.8,0.676,0.0,2.88,5365.67,5534.21,0.0,9280.9,6719.1,0.0,4090.5977882211782
1731069177.81,20.5,1.014,0.0,3.17,5365.8,5534.4,0.0,9281.0,6719.0,0.0,4090.4850812587006
1731069178.31,19.8,0.706,0.0,0.907,5365.93,5534.59,0.0,9281.1,6718.9,0.0,4090.372391971176
1731069178.81,19.8,0.774,0.0,0.85,5366.06,5534.78,0.0,9281.2,6718.8,0.0,4090.259720360066
1731069179.31,19.8,0.666,0.0,1.1,5366.19,5534.97,0.0,9281.3,6718.7,0.0,4090.147066426829
1731069179.81,19.8,0.419,0.0,1.36,5366.32,5535.16,0.0,9281.4,6718.6,0.0,4090.0344301729297
1731069180.31,20.5,0.354,0.0,0.779,5366.45,5535.35,0.0,9281.5,6718.5,0.0,4089.9218115998256
1731069180.81,19.8,0.482,0.0,2.05,5366.58,5535.54,0.0,9281.6,6718.4,0.0,4089.809210708979
1731069181.31,19.8,0.345,0.0,1.06,5366.71,5535.73,0.0,9281.7,6718.3,0.0,4089.69662750185
1731069181.81,20.5,0.381,0.0,1.05,5366.84,5535.92,0.0,9281.8,6718.2,0.0,4089.584061979897
1731069182.31,19.8,0.411,0.0,0.899,5366.97,5536.11,0.0,9281.9,6718.1,0.0,4089.471514144584
1731069182.81,19.8,0.286,0.0,0.999,5367.1,5536.3,0.0,9282.0,6718.0,0.0,4089.3589839973697
1731069183.31,19.8,0.316,0.0,0.999,5367.23,5536.49,0.0,9282.1,6717.9,0.0,4089.2464715397145
1731069183.81,20.5,0.411,0.0,0.834,5367.36,5536.68,0.0,9282.2,6717.8,0.0,4089.133976773078
1731069184.31,19.8,0.293,0.0,0.996,5367.49,5536.87,0.0,9282.3,6717.7,0.0,4089.021499698919
1731069184.81,19.8,0.34,0.0,2.87,5367.62,5537.06,0.0,9282.4,6717.6,0.0,4088.9090403187006
1731069185.31,19.8,0.474,0.0,0.827,5367.75,5537.25,0.0,9282.5,6717.5,0.0,4088.796598633882
1731069185.81,20.5,0.443,0.0,0.787,5367.88,5537.44,0.0,9282.6,6717.4,0.0,4088.6841746459218
1731069186.31,19.8,0.553,0.0,1.08,5368.01,5537.63,0.0,9282.7,6717.3,0.0,4088.5717683562807
1731069186.81,19.8,0.396,0.0,1.3,5368.14,5537.82,0.0,9282.8,6717.2,0.0,4088.4593797664165
1731069187.31,19.8,0.44,0.0,0.834,5368.27,5538.01,0.0,9282.9,6717.1,0.0,4088.3470088777926
1731069187.81,20.5,0.438,0.0,1.16,5368.4,5538.2,0.0,9283.0,6717.0,0.0,4088.2346556918674
1731069188.31,19.8,0.645,0.0,1.16,5368.53,5538.39,0.0,9283.1,6716.9,0.0,4088.1223202100987
1731069188.81,19.8,0.696,0.0,0.913,5368.66,5538.58,0.0,9283.2,6716.8,0.0,4088.010002433948
1731069189.31,19.8,0.658,0.0,0.82,5368.79,5538.77,0.0,9283.3,6716.7,0.0,4087.8977023648713
1731069189.81,20.5,0.511,0.0,1.1,5368.92,5538.96,0.0,9283.4,6716.6,0.0,4087.7854200043325
1731069190.31,19.8,0.54,0.0,1.43,5369.05,5539.15,0.0,9283.5,6716.5,0.0,4087.673155353789
1731069190.81,19.8,0.7,0.0,7.29,5369.18,5539.34,0.0,9283.6,6716.4,0.0,4087.560908414699
1731069191.31,19.8,0.889,0.0,0.996,5369.31,5539.53,0.0,9283.7,6716.3,0.0,4087.4486791885233
1731069191.81,20.5,0.617,0.0,0.775,5369.44,5539.72,0.0,9283.8,6716.2,0.0,4087.3364676767187
1731069192.31,19.8,0.654,0.0,1.06,5369.57,5539.91,0.0,9283.9,6716.1,0.0,4087.224273880747
1731069192.81,19.8,0.388,0.0,1.07,5369.7,5540.1,0.0,9284.0,6716.0,0.0,4087.1120978020654
1731069193.31,19.8,0.41,0.0,0.817,5369.83,5540.29,0.0,9284.1,6715.9,0.0,4086.9999394421334
1731069193.81,20.5,0.488,0.0,1.0,5369.96,5540.48,0.0,9284.2,6715.8,0.0,4086.8877988024096
1731069194.31,19.8,0.419,0.0,1.41,5370.09,5540.67,0.0,9284.3,6715.7,0.0,4086.775675884351
1731069194.81,19.8,0.422,0.0,0.855,5370.22,5540.86,0.0,9284.4,6715.6,0.0,4086.6635706894194
1731069195.31,19.8,0.536,0.0,0.912,5370.35,5541.05,0.0,9284.5,6715.5,0.0,4086.551483219072
1731069195.81,20.5,0.652,0.0,0.824,5370.48,5541.24,0.0,9284.6,6715.4,0.0,4086.439413474768
1731069196.31,19.8,0.536,0.0,1.04,5370.61,5541.43,0.0,9284.7,6715.3,0.0,4086.3273614579643
1731069196.81,19.8,0.469,0.0,1.29,5370.74,5541.62,0.0,9284.8,6715.2,0.0,4086.215327170118
1731069197.31,19.8,0.563,0.0,2.1,5370.87,5541.81,0.0,9284.9,6715.1,0.0,4086.1033106126915
1731069197.81,20.5,0.558,0.0,0.852,5371.0,5542.0,0.0,9285.0,6715.0,0.0,4085.991311787141
1731069198.31,19.8,0.603,0.0,0.77,5371.13,5542.19,0.0,9285.1,6714.9,0.0,4085.879330694924
1731069198.81,19.8,0.546,0.0,0.789,5371.26,5542.38,0.0,9285.2,6714.8,0.0,4085.7673673374998
1731069199.31,19.8,0.605,0.0,0.808,5371.39,5542.57,0.0,9285.3,6714.7,0.0,4085.655421716324
1731069199.81,20.5,0.616,0.0,1.05,5371.52,5542.76,0.0,9285.4,6714.6,0.0,4085.5434938328576
1731069200.31,19.8,0.795,0.0,1.35,5371.65,5542.95,0.0,9285.5,6714.5,0.0,4085.4315836885585
1731069200.81,19.8,0.5,0.0,0.755,5371.78,5543.14,0.0,9285.6,6714.4,0.0,4085.319691284882
1731069201.31,19.8,0.275,0.0,1.69,5371.91,5543.33,0.0,9285.7,6714.3,0.0,4085.2078166232873
1731069201.81,20.5,0.456,0.0,0.838,5372.04,5543.52,0.0,9285.8,6714.2,0.0,4085.0959597052297
1731069202.31,19.8,0.371,0.0,0.766,5372.17,5543.71,0.0,9285.9,6714.1,0.0,4084.9841205321713
1731069202.81,19.8,0.62,0.0,3.33,5372.3,5543.9,0.0,9286.0,6714.0,0.0,4084.872299105567
1731069203.31,19.8,0.381,0.0,1.25,5372.43,5544.09,0.0,9286.1,6713.9,0.0,4084.7604954268736
1731069203.81,20.5,0.351,0.0,0.7,5372.56,5544.28,0.0,9286.2,6713.8,0.0,4084.6487094975505
1731069204.31,19.8,0.333,0.0,0.98,5372.69,5544.47,0.0,9286.3,6713.7,0.0,4084.536941319052
1731069204.81,19.2,0.481,0.032,1.21,5372.82,5544.66,0.0,9286.4,6713.6,0.0,4084.4251908928386
1731069205.31,19.8,0.392,0.0,0.782,5372.95,5544.85,0.0,9286.5,6713.5,0.0,4084.3134582203656
1731069205.81,20.5,0.321,0.0,5.97,5373.08,5545.04,0.0,9286.6,6713.4,0.0,4084.2017433030906
1731069206.31,19.8,0.395,0.0,0.883,5373.21,5545.23,0.0,9286.7,6713.3,0.0,4084.0900461424703
1731069206.81,19.8,0.421,0.0,4.93,5373.34,5545.42,0.0,9286.8,6713.2,0.0,4083.97836673996
1731069207.31,19.2,0.275,0.032,1.23,5373.47,5545.61,0.0,9286.9,6713.1,0.0,4083.8667050970207
1731069207.81,20.5,0.461,0.0,0.922,5373.6,5545.8,0.0,9287.0,6713.0,0.0,4083.7550612151063
1731069208.31,19.8,0.45,0.0,0.868,5373.73,5545.99,0.0,9287.1,6712.9,0.0,4083.643435095675
1731069208.81,19.8,1.167,0.0,0.794,5373.86,5546.18,0.0,9287.2,6712.8,0.0,4083.5318267401817
1731069209.31,19.8,0.533,0.0,1.06,5373.99,5546.37,0.0,9287.3,6712.7,0.0,4083.4202361500825
1731069209.81,20.5,0.646,0.0,1.39,5374.12,5546.56,0.0,9287.4,6712.6,0.0,4083.3086633268367
1731069210.31,19.8,0.496,0.0,0.869,5374.25,5546.75,0.0,9287.5,6712.5,0.0,4083.197108271899
1731069210.81,19.8,0.455,0.0,0.998,5374.38,5546.94,0.0,9287.6,6712.4,0.0,4083.0855709867265
1731069211.31,19.8,0.549,0.0,1.37,5374.51,5547.13,0.0,9287.7,6712.3,0.0,4082.9740514727746
1731069211.81,20.5,0.641,0.0,0.867,5374.64,5547.32,0.0,9287.8,6712.2,0.0,4082.8625497314983
1731069212.31,19.8,0.615,0.0,0.849,5374.77,5547.51,0.0,9287.9,6712.1,0.0,4082.7510657643575
1731069212.81,19.8,0.821,0.0,1.01,5374.9,5547.7,0.0,9288.0,6712.0,0.0,4082.639599572806
1731069213.31,19.8,0.711,0.0,1.39,5375.03,5547.89,0.0,9288.1,6711.9,0.0,4082.5281511583
1731069213.81,19.8,0.407,0.0,0.781,5375.16,5548.08,0.0,9288.2,6711.8,0.0,4082.416720522295
1731069214.31,20.5,0.457,0.0,1.11,5375.29,5548.27,0.0,9288.3,6711.7,0.0,4082.3053076662445
1731069214.81,19.8,0.555,0.0,1.59,5375.42,5548.46,0.0,9288.4,6711.6,0.0,4082.19391259161
1731069215.31,19.8,0.489,0.0,0.748,5375.55,5548.65,0.0,9288.5,6711.5,0.0,4082.0825352998436
1731069215.81,19.8,0.696,0.031,1.01,5375.68,5548.84,0.0,9288.6,6711.4,0.0,4081.9711757924015
1731069216.31,19.8,0.628,0.0,1.29,5375.81,5549.03,0.0,9288.7,6711.3,0.0,4081.8598340707395
1731069216.81,19.8,0.632,0.0,0.797,5375.94,5549.22,0.0,9288.8,6711.2,0.0,4081.7485101363113
1731069217.31,19.8,0.551,0.0,1.34,5376.07,5549.41,0.0,9288.9,6711.1,0.0,4081.637203990575
1731069217.81,20.5,0.594,0.0,2.9,5376.2,5549.6,0.0,9289.0,6711.0,0.0,4081.525915634985
1731069218.31,19.8,0.588,0.0,0.82,5376.33,5549.79,0.0,9289.1,6710.9,0.0,4081.414645070996
1731069218.81,19.8,0.686,0.0,1.01,5376.46,5549.98,0.0,9289.2,6710.8,0.0,4081.3033923000635
1731069219.31,19.8,0.629,0.0,1.44,5376.59,5550.17,0.0,9289.3,6710.7,0.0,4081.192157323641
1731069219.81,20.5,0.656,0.0,1.06,5376.72,5550.36,0.0,9289.4,6710.6,0.0,4081.0809401431866
1731069220.31,19.8,0.621,0.0,1.36,5376.85,5550.55,0.0,9289.5,6710.5,0.0,4080.969740760154
1731069220.81,19.2,1.052,0.032,0.838,5376.98,5550.74,0.0,9289.6,6710.4,0.0,4080.8585591759984
1731069221.31,19.8,0.842,0.0,1.71,5377.11,5550.93,0.0,9289.7,6710.3,0.0,4080.7473953921735
1731069221.81,20.5,0.748,0.0,1.11,5377.24,5551.12,0.0,9289.8,6710.2,0.0,4080.6362494101327
1731069222.31,19.8,1.119,0.0,0.842,5377.37,5551.31,0.0,9289.9,6710.1,0.0,4080.5251212313347
1731069222.81,19.8,0.367,0.0,0.952,5377.5,5551.5,0.0,9290.0,6710.0,0.0,4080.4140108572315
1731069223.31,19.8,0.371,0.0,1.13,5377.63,5551.69,0.0,9290.1,6709.9,0.0,4080.3029182892788
1731069223.81,20.5,0.319,0.0,7.14,5377.76,5551.88,0.0,9290.2,6709.8,0.0,4080.1918435289294
1731069224.31,19.8,0.243,0.0,0.833,5377.89,5552.07,0.0,9290.3,6709.7,0.0,4080.0807865776374
1731069224.81,19.8,0.317,0.0,0.977,5378.02,5552.26,0.0,9290.4,6709.6,0.0,4079.96974743686
1731069225.31,19.8,0.368,0.0,1.48,5378.15,5552.45,0.0,9290.5,6709.5,0.0,4079.85872610805
1731069225.81,20.5,0.328,0.0,0.76,5378.28,5552.64,0.0,9290.6,6709.4,0.0,4079.747722592661
1731069226.31,19.8,0.415,0.0,0.798,5378.41,5552.83,0.0,9290.7,6709.3,0.0,4079.6367368921474
1731069226.81,19.8,0.437,0.0,0.97,5378.54,5553.02,0.0,9290.8,6709.2,0.0,4079.5257690079607
1731069227.31,19.8,0.669,0.0,0.872,5378.67,5553.21,0.0,9290.9,6709.1,0.0,4079.4148189415596
1731069227.81,20.5,0.501,0.0,0.775,5378.8,5553.4,0.0,9291.0,6709.0,0.0,4079.3038866943953
1731069228.31,19.8,0.461,0.0,0.781,5378.93,5553.59,0.0,9291.1,6708.9,0.0,4079.1929722679215
1731069228.81,19.8,0.41,0.0,0.803,5379.06,5553.78,0.0,9291.2,6708.8,0.0,4079.0820756635926
1731069229.31,19.8,0.425,0.0,1.24,5379.19,5553.97,0.0,9291.3,6708.7,0.0,4078.9711968828606
1731069229.81,20.5,0.438,0.0,1.24,5379.32,5554.16,0.0,9291.4,6708.6,0.0,4078.8603359271815
1731069230.31,19.8,0.746,0.0,0.836,5379.45,5554.35,0.0,9291.5,6708.5,0.0,4078.7494927980074
1731069230.81,19.8,0.453,0.0,1.1,5379.58,5554.54,0.0,9291.6,6708.4,0.0,4078.6386674967916
1731069231.31,19.8,0.716,0.0,1.6,5379.71,5554.73,0.0,9291.7,6708.3,0.0,4078.5278600249876
1731069231.81,20.5,0.698,0.0,2.48,5379.84,5554.92,0.0,9291.8,6708.2,0.0,4078.417070384047
1731069232.31,19.8,0.694,0.0,1.16,5379.97,5555.11,0.0,9291.9,6708.1,0.0,4078.306298575427
1731069232.81,19.8,0.521,0.0,1.1,5380.1,5555.3,0.0,9292.0,6708.0,0.0,4078.195544600577
1731069233.31,19.8,0.583,0.0,1.25,5380.23,5555.49,0.0,9292.1,6707.9,0.0,4078.084808460953
1731069233.81,20.5,0.514,0.0,1.03,5380.36,5555.68,0.0,9292.2,6707.8,0.0,4077.974090158005
1731069234.31,19.8,0.595,0.0,1.1,5380.49,5555.87,0.0,9292.3,6707.7,0.0,4077.863389693185
1731069234.81,19.8,0.626,0.0,0.959,5380.62,5556.06,0.0,9292.4,6707.6,0.0,4077.7527070679507
1731069235.31,19.8,0.696,0.0,0.871,5380.75,5556.25,0.0,9292.5,6707.5,0.0,4077.642042283751
1731069235.81,20.5,0.426,0.0,1.05,5380.88,5556.44,0.0,9292.6,6707.4,0.0,4077.5313953420396
1731069236.31,19.8,0.547,0.0,1.09,5381.01,5556.63,0.0,9292.7,6707.3,0.0,4077.420766244269
1731069236.81,19.8,0.461,0.0,0.966,5381.14,5556.82,0.0,9292.8,6707.2,0.0,4077.31015499189
1731069237.31,19.8,0.662,0.0,7.63,5381.27,5557.01,0.0,9292.9,6707.1,0.0,4077.1995615863584
1731069237.81,20.5,0.63,0.0,0.907,5381.4,5557.2,0.0,9293.0,6707.0,0.0,4077.0889860291254
1731069238.31,19.8,0.74,0.0,0.963,5381.53,5557.39,0.0,9293.1,6706.9,0.0,4076.9784283216413
1731069238.81,19.8,0.618,0.0,1.12,5381.66,5557.58,0.0,9293.2,6706.8,0.0,4076.8678884653605
1731069239.31,19.8,0.788,0.0,0.826,5381.79,5557.77,0.0,9293.3,6706.7,0.0,4076.7573664617316
1731069239.81,20.5,0.687,0.0,0.996,5381.92,5557.96,0.0,9293.4,6706.6,0.0,4076.6468623122114
1731069240.31,19.8,0.518,0.0,1.09,5382.05,5558.15,0.0,9293.5,6706.5,0.0,4076.536376018249
1731069240.81,19.8,0.677,0.0,0.911,5382.18,5558.34,0.0,9293.6,6706.4,0.0,4076.425907581297
1731069241.31,19.8,0.753,0.0,0.924,5382.31,5558.53,0.0,9293.7,6706.3,0.0,4076.315457002807
1731069241.81,20.5,0.714,0.0,0.866,5382.44,5558.72,0.0,9293.8,6706.2,0.0,4076.2050242842297
1731069242.31,19.8,0.61,0.0,0.859,5382.57,5558.91,0.0,9293.9,6706.1,0.0,4076.094609427019
1731069242.81,19.8,0.65,0.0,2.27,5382.7,5559.1,0.0,9294.0,6706.0,0.0,4075.984212432624
1731069243.31,19.8,0.455,0.0,1.12,5382.83,5559.29,0.0,9294.1,6705.9,0.0,4075.8738333024985
1731069243.81,19.8,0.329,0.0,0.826,5382.96,5559.48,0.0,9294.2,6705.8,0.0,4075.7634720380925
1731069244.31,19.8,0.273,0.031,0.77,5383.09,5559.67,0.0,9294.3,6705.7,0.0,4075.6531286408554
1731069244.81,19.8,0.407,0.0,1.02,5383.22,5559.86,0.0,9294.4,6705.6,0.0,4075.542803112243
1731069245.31,19.8,0.308,0.0,1.1,5383.35,5560.05,0.0,9294.5,6705.5,0.0,4075.4324954537033
1731069245.81,20.5,0.529,0.0,0.721,5383.48,5560.24,0.0,9294.6,6705.4,0.0,4075.3222056666887
1731069246.31,19.8,0.445,0.0,0.718,5383.61,5560.43,0.0,9294.7,6705.3,0.0,4075.2119337526497
1731069246.81,19.8,0.422,0.0,0.991,5383.74,5560.62,0.0,9294.8,6705.2,0.0,4075.1016797130346
1731069247.31,19.8,0.411,0.0,1.48,5383.87,5560.81,0.0,9294.9,6705.1,0.0,4074.9914435492988
1731069247.81,19.8,0.35,0.0,0.825,5384.0,5561.0,0.0,9295.0,6705.0,0.0,4074.881225262891
1731069248.31,20.5,0.394,0.0,1.18,5384.13,5561.19,0.0,9295.1,6704.9,0.0,4074.7710248552617
1731069248.81,19.8,0.553,0.0,2.97,5384.26,5561.38,0.0,9295.2,6704.8,0.0,4074.660842327862
1731069249.31,19.8,0.435,0.0,0.811,5384.39,5561.57,0.0,9295.3,6704.7,0.0,4074.5506776821408
1731069249.81,19.8,0.578,0.0,0.954,5384.52,5561.76,0.0,9295.4,6704.6,0.0,4074.440530919551
1731069250.31,20.5,0.503,0.0,1.08,5384.65,5561.95,0.0,9295.5,6704.5,0.0,4074.330402041543
1731069250.81,19.8,0.476,0.0,0.991,5384.78,5562.14,0.0,9295.6,6704.4,0.0,4074.2202910495653
1731069251.31,19.8,0.521,0.0,0.882,5384.91,5562.33,0.0,9295.7,6704.3,0.0,4074.1101979450686
1731069251.81,20.5,0.675,0.0,0.799,5385.04,5562.52,0.0,9295.8,6704.2,0.0,4074.0001227295015
1731069252.31,19.8,0.559,0.0,1.01,5385.17,5562.71,0.0,9295.9,6704.1,0.0,4073.8900654043177
1731069252.81,19.8,0.501,0.0,1.48,5385.3,5562.9,0.0,9296.0,6704.0,0.0,4073.780025970965
1731069253.31,19.8,0.507,0.0,1.0,5385.43,5563.09,0.0,9296.1,6703.9,0.0,4073.670004430894
1731069253.81,19.8,0.525,0.0,0.974,5385.56,5563.28,0.0,9296.2,6703.8,0.0,4073.560000785554
1731069254.31,20.5,0.593,0.0,0.733,5385.69,5563.47,0.0,9296.3,6703.7,0.0,4073.4500150363933
1731069254.81,19.8,0.626,0.0,1.08,5385.82,5563.66,0.0,9296.4,6703.6,0.0,4073.3400471848654
1731069255.31,19.8,0.626,0.0,1.89,5385.95,5563.85,0.0,9296.5,6703.5,0.0,4073.2300972324165
1731069255.81,20.5,0.64,0.0,8.12,5386.08,5564.04,0.0,9296.6,6703.4,0.0,4073.120165180497
1731069256.31,19.8,0.462,0.0,1.21,5386.21,5564.23,0.0,9296.7,6703.3,0.0,4073.010251030558
1731069256.81,19.8,0.386,0.0,0.956,5386.34,5564.42,0.0,9296.8,6703.2,0.0,4072.9003547840443
1731069257.31,19.8,0.456,0.0,1.21,5386.47,5564.61,0.0,9296.9,6703.1,0.0,4072.7904764424106
1731069257.81,20.5,0.63,0.0,1.7,5386.6,5564.8,0.0,9297.0,6703.0,0.0,4072.6806160071033
1731069258.31,19.8,0.522,0.0,1.32,5386.73,5564.99,0.0,9297.1,6702.9,0.0,4072.570773479573
1731069258.81,19.8,0.45,0.0,1.28,5386.86,5565.18,0.0,9297.2,6702.8,0.0,4072.4609488612664
1731069259.31,19.8,0.644,0.0,0.865,5386.99,5565.37,0.0,9297.3,6702.7,0.0,4072.3511421536327
1731069259.81,20.5,0.527,0.0,0.965,5387.12,5565.56,0.0,9297.4,6702.6,0.0,4072.241353358123
1731069260.31,19.8,0.541,0.0,1.37,5387.25,5565.75,0.0,9297.5,6702.5,0.0,4072.131582476185
1731069260.81,19.8,0.647,0.0,1.87,5387.38,5565.94,0.0,9297.6,6702.4,0.0,4072.0218295092673
1731069261.31,19.8,0.522,0.0,0.866,5387.51,5566.13,0.0,9297.7,6702.3,0.0,4071.912094458819
1731069261.81,19.8,0.567,0.0,1.07,5387.64,5566.32,0.0,9297.8,6702.2,0.0,4071.8023773262858
1731069262.31,20.5,0.588,0.0,1.39,5387.77,5566.51,0.0,9297.9,6702.1,0.0,4071.69267811312
1731069262.81,19.8,0.586,0.0,0.825,5387.9,5566.7,0.0,9298.0,6702.0,0.0,4071.58299682077
1731069263.31,19.8,0.689,0.0,0.844,5388.03,5566.89,0.0,9298.1,6701.9,0.0,4071.4733334506814
1731069263.81,20.5,0.61,0.0,0.794,5388.16,5567.08,0.0,9298.2,6701.8,0.0,4071.363688004304
1731069264.31,19.8,0.642,0.0,0.907,5388.29,5567.27,0.0,9298.3,6701.7,0.0,4071.2540604830833
1731069264.81,19.8,0.62,0.0,1.02,5388.42,5567.46,0.0,9298.4,6701.6,0.0,4071.144450888472
1731069265.31,19.8,0.333,0.0,1.31,5388.55,5567.65,0.0,9298.5,6701.5,0.0,4071.0348592219157
1731069265.81,20.5,0.342,0.0,0.674,5388.68,5567.84,0.0,9298.6,6701.4,0.0,4070.9252854848614
1731069266.31,19.8,0.372,0.0,1.03,5388.81,5568.03,0.0,9298.7,6701.3,0.0,4070.8157296787585
1731069266.81,19.8,0.54,0.0,1.33,5388.94,5568.22,0.0,9298.8,6701.2,0.0,4070.706191805053
1731069267.31,19.2,0.568,0.032,1.03,5389.07,5568.41,0.0,9298.9,6701.1,0.0,4070.596671865195
1731069267.81,20.5,0.402,0.0,6.77,5389.2,5568.6,0.0,9299.0,6701.0,0.0,4070.48716986063
1731069268.31,19.8,0.376,0.0,0.916,5389.33,5568.79,0.0,9299.1,6700.9,0.0,4070.3776857928065
1731069268.81,19.8,0.526,0.0,0.872,5389.46,5568.98,0.0,9299.2,6700.8,0.0,4070.2682196631717
1731069269.31,19.8,0.514,0.0,1.89,5389.59,5569.17,0.0,9299.3,6700.7,0.0,4070.158771473171
1731069269.81,19.8,0.393,0.0,1.42,5389.72,5569.36,0.0,9299.4,6700.6,0.0,4070.0493412242554
1731069270.31,20.5,0.305,0.0,1.11,5389.85,5569.55,0.0,9299.5,6700.5,0.0,4069.93992891787
1731069270.81,19.8,0.47,0.0,0.896,5389.98,5569.74,0.0,9299.6,6700.4,0.0,4069.830534555463
1731069271.31,19.8,0.444,0.0,1.31,5390.11,5569.93,0.0,9299.7,6700.3,0.0,4069.7211581384795
1731069271.81,19.8,0.427,0.0,1.35,5390.24,5570.12,0.0,9299.8,6700.2,0.0,4069.611799668366
1731069272.31,20.5,0.603,0.0,3.72,5390.37,5570.31,0.0,9299.9,6700.1,0.0,4069.502459146572
1731069272.81,18.6,4.184,0.065,1.09,5390.5,5570.5,0.0,9300.0,6700.0,0.0,4069.3931365745434
1731069273.31,19.8,1.036,0.0,32.2,5390.63,5570.69,0.0,9300.1,6699.9,0.0,4069.2838319537263
1731069273.81,20.5,0.745,0.0,1.84,5390.76,5570.88,0.0,9300.2,6699.8,0.0,4069.1745452855675
1731069274.31,19.8,0.616,0.0,1.25,5390.89,5571.07,0.0,9300.3,6699.7,0.0,4069.0652765715113
1731069274.81,19.8,0.681,0.0,1.1,5391.02,5571.26,0.0,9300.4,6699.6,0.0,4068.9560258130086
1731069275.31,19.8,0.52,0.0,1.31,5391.15,5571.45,0.0,9300.5,6699.5,0.0,4068.8467930115044
1731069275.81,20.5,0.539,0.0,1.14,5391.28,5571.64,0.0,9300.6,6699.4,0.0,4068.7375781684423
1731069276.31,19.8,0.604,0.0,0.996,5391.41,5571.83,0.0,9300.7,6699.3,0.0,4068.628381285271
1731069276.81,19.8,0.582,0.0,3.46,5391.54,5572.02,0.0,9300.8,6699.2,0.0,4068.519202363434
1731069277.31,19.8,0.562,0.0,7.86,5391.67,5572.21,0.0,9300.9,6699.1,0.0,4068.410041404381
1731069277.81,19.2,0.396,0.032,1.35,5391.8,5572.4,0.0,9301.0,6699.0,0.0,4068.300898409556
1731069278.31,20.5,0.423,0.0,1.19,5391.93,5572.59,0.0,9301.1,6698.9,0.0,4068.1917733804044
1731069278.81,19.8,0.46,0.0,1.08,5392.06,5572.78,0.0,9301.2,6698.8,0.0,4068.082666318373
1731069279.31,19.8,0.431,0.0,0.83,5392.19,5572.97,0.0,9301.3,6698.7,0.0,4067.9735772249055
1731069279.81,20.5,0.51,0.0,0.824,5392.32,5573.16,0.0,9301.4,6698.6,0.0,4067.864506101451
1731069280.31,19.8,0.635,0.0,0.839,5392.45,5573.35,0.0,9301.5,6698.5,0.0,4067.755452949452
1731069280.81,19.8,0.653,0.0,1.01,5392.58,5573.54,0.0,9301.6,6698.4,0.0,4067.646417770355
1731069281.31,19.8,0.678,0.0,1.34,5392.71,5573.73,0.0,9301.7,6698.3,0.0,4067.537400565606
1731069281.81,20.5,0.531,0.0,0.959,5392.84,5573.92,0.0,9301.8,6698.2,0.0,4067.4284013366473
1731069282.31,19.8,0.553,0.0,0.995,5392.97,5574.11,0.0,9301.9,6698.1,0.0,4067.3194200849284
1731069282.81,19.8,0.804,0.0,1.02,5393.1,5574.3,0.0,9302.0,6698.0,0.0,4067.2104568118916
1731069283.31,19.8,0.762,0.0,0.903,5393.23,5574.49,0.0,9302.1,6697.9,0.0,4067.1015115189844
1731069283.81,20.5,0.708,0.0,0.942,5393.36,5574.68,0.0,9302.2,6697.8,0.0,4066.9925842076486
1731069284.31,19.8,0.813,0.0,0.954,5393.49,5574.87,0.0,9302.3,6697.7,0.0,4066.883674879329
1731069284.81,19.8,0.662,0.0,1.27,5393.62,5575.06,0.0,9302.4,6697.6,0.0,4066.7747835354735
1731069285.31,19.8,0.751,0.0,0.823,5393.75,5575.25,0.0,9302.5,6697.5,0.0,4066.6659101775253
1731069285.81,20.5,0.799,0.0,1.46,5393.88,5575.44,0.0,9302.6,6697.4,0.0,4066.5570548069286
1731069286.31,19.8,0.655,0.0,0.892,5394.01,5575.63,0.0,9302.7,6697.3,0.0,4066.4482174251284
1731069286.81,19.8,0.344,0.0,3.15,5394.14,5575.82,0.0,9302.8,6697.2,0.0,4066.339398033567
1731069287.31,19.8,0.317,0.0,1.06,5394.27,5576.01,0.0,9302.9,6697.1,0.0,4066.2305966336926
1731069287.81,20.5,0.387,0.0,0.921,5394.4,5576.2,0.0,9303.0,6697.0,0.0,4066.121813226948
1731069288.31,19.8,0.451,0.0,0.91,5394.53,5576.39,0.0,9303.1,6696.9,0.0,4066.0130478147757
1731069288.81,19.8,0.438,0.0,0.848,5394.66,5576.58,0.0,9303.2,6696.8,0.0,4065.9043003986217
1731069289.31,19.8,0.478,0.0,1.02,5394.79,5576.77,0.0,9303.3,6696.7,0.0,4065.795570979927
1731069289.81,20.5,0.404,0.0,1.04,5394.92,5576.96,0.0,9303.4,6696.6,0.0,4065.6868595601404
1731069290.31,19.8,0.39,0.0,2.47,5395.05,5577.15,0.0,9303.5,6696.5,0.0,4065.5781661407027
1731069290.81,19.8,0.479,0.0,0.84,5395.18,5577.34,0.0,9303.6,6696.4,0.0,4065.469490723058
1731069291.31,19.8,0.379,0.0,1.25,5395.31,5577.53,0.0,9303.7,6696.3,0.0,4065.3608333086504
1731069291.81,20.5,0.301,0.0,1.31,5395.44,5577.72,0.0,9303.8,6696.2,0.0,4065.2521938989216
1731069292.31,19.8,0.482,0.0,0.876,5395.57,5577.91,0.0,9303.9,6696.1,0.0,4065.1435724953185
1731069292.81,19.8,0.521,0.0,1.79,5395.7,5578.1,0.0,9304.0,6696.0,0.0,4065.034969099282
1731069293.31,19.8,0.528,0.0,0.847,5395.83,5578.29,0.0,9304.1,6695.9,0.0,4064.9263837122567
1731069293.81,20.5,0.531,0.0,1.0,5395.96,5578.48,0.0,9304.2,6695.8,0.0,4064.817816335685
1731069294.31,19.8,0.425,0.0,1.17,5396.09,5578.67,0.0,9304.3,6695.7,0.0,4064.7092669710087
1731069294.81,19.8,0.434,0.0,1.05,5396.22,5578.86,0.0,9304.4,6695.6,0.0,4064.600735619674
1731069295.31,19.8,0.524,0.0,1.05,5396.35,5579.05,0.0,9304.5,6695.5,0.0,4064.492222283123
1731069295.81,20.5,0.507,0.0,0.793,5396.48,5579.24,0.0,9304.6,6695.4,0.0,4064.3837269627984
1731069296.31,19.8,0.545,0.0,0.951,5396.61,5579.43,0.0,9304.7,6695.3,0.0,4064.2752496601415
1731069296.81,19.8,0.645,0.0,1.39,5396.74,5579.62,0.0,9304.8,6695.2,0.0,4064.166790376595
1731069297.31,19.8,0.786,0.0,0.979,5396.87,5579.81,0.0,9304.9,6695.1,0.0,4064.058349113605
1731069297.81,19.8,0.598,0.031,8.42,5397.0,5580.0,0.0,9305.0,6695.0,0.0,4063.949925872611
1731069298.31,19.8,0.543,0.0,2.63,5397.13,5580.19,0.0,9305.1,6694.9,0.0,4063.8415206550562
1731069298.81,19.8,0.457,0.0,2.64,5397.26,5580.38,0.0,9305.2,6694.8,0.0,4063.7331334623836
1731069299.31,19.8,0.554,0.0,3.06,5397.39,5580.57,0.0,9305.3,6694.7,0.0,4063.6247642960334
1731069299.81,20.5,0.435,0.0,3.52,5397.52,5580.76,0.0,9305.4,6694.6,0.0,4063.516413157451
1731069300.31,19.8,0.405,0.0,2.64,5397.65,5580.95,0.0,9305.5,6694.5,0.0,4063.4080800480774
1731069300.81,19.8,0.411,0.0,1.26,5397.78,5581.14,0.0,9305.6,6694.4,0.0,4063.2997649693534
1731069301.31,19.8,0.519,0.0,1.11,5397.91,5581.33,0.0,9305.7,6694.3,0.0,4063.1914679227225
1731069301.81,20.5,0.611,0.0,0.845,5398.04,5581.52,0.0,9305.8,6694.2,0.0,4063.0831889096235
1731069302.31,19.8,0.466,0.0,0.909,5398.17,5581.71,0.0,9305.9,6694.1,0.0,4062.9749279315024
1731069302.81,19.8,0.695,0.0,1.35,5398.3,5581.9,0.0,9306.0,6694.0,0.0,4062.866684989799
1731069303.31,19.8,0.626,0.0,2.35,5398.43,5582.09,0.0,9306.1,6693.9,0.0,4062.758460085955
1731069303.81,20.5,0.519,0.0,1.78,5398.56,5582.28,0.0,9306.2,6693.8,0.0,4062.6502532214117
1731069304.31,19.8,0.715,0.0,1.83,5398.69,5582.47,0.0,9306.3,6693.7,0.0,4062.54206439761
1731069304.81,19.8,0.6,0.0,1.74,5398.82,5582.66,0.0,9306.4,6693.6,0.0,4062.4338936159934
1731069305.31,19.8,0.577,0.0,1.98,5398.95,5582.85,0.0,9306.5,6693.5,0.0,4062.325740878001
1731069305.81,20.5,0.853,0.0,1.95,5399.08,5583.04,0.0,9306.6,6693.4,0.0,4062.217606185075
1731069306.31,19.8,0.678,0.0,2.01,5399.21,5583.23,0.0,9306.7,6693.3,0.0,4062.109489538657
1731069306.81,19.8,0.82,0.0,1.51,5399.34,5583.42,0.0,9306.8,6693.2,0.0,4062.0013909401846
1731069307.31,19.8,0.564,0.0,1.37,5399.47,5583.61,0.0,9306.9,6693.1,0.0,4061.8933103911036
1731069307.81,19.8,0.381,0.0,7.94,5399.6,5583.8,0.0,9307.0,6693.0,0.0,4061.785247892852
1731069308.31,20.5,0.254,0.0,2.68,5399.73,5583.99,0.0,9307.1,6692.9,0.0,4061.677203446872
1731069308.81,19.8,0.367,0.0,1.23,5399.86,5584.18,0.0,9307.2,6692.8,0.0,4061.569177054603
1731069309.31,19.8,0.268,0.0,1.95,5399.99,5584.37,0.0,9307.3,6692.7,0.0,4061.4611687174847
1731069309.81,20.5,0.412,0.0,1.2,5400.12,5584.56,0.0,9307.4,6692.6,0.0,4061.3531784369598
1731069310.31,19.8,0.303,0.0,1.92,5400.25,5584.75,0.0,9307.5,6692.5,0.0,4061.2452062144685
1731069310.81,19.8,0.399,0.0,1.91,5400.38,5584.94,0.0,9307.6,6692.4,0.0,4061.1372520514497
1731069311.31,19.8,0.474,0.0,1.99,5400.51,5585.13,0.0,9307.7,6692.3,0.0,4061.029315949345
1731069311.81,19.8,0.323,0.0,1.08,5400.64,5585.32,0.0,9307.8,6692.2,0.0,4060.9213979095916
1731069312.31,19.8,0.462,0.031,7.08,5400.77,5585.51,0.0,9307.9,6692.1,0.0,4060.8134979336337
1731069312.81,19.8,0.319,0.0,0.899,5400.9,5585.7,0.0,9308.0,6692.0,0.0,4060.70561602291
1731069313.31,19.8,0.481,0.0,0.681,5401.03,5585.89,0.0,9308.1,6691.9,0.0,4060.597752178859
1731069313.81,20.5,0.373,0.0,0.736,5401.16,5586.08,0.0,9308.2,6691.8,0.0,4060.489906402922
1731069314.31,19.8,0.37,0.0,1.29,5401.29,5586.27,0.0,9308.3,6691.7,0.0,4060.382078696535
1731069314.81,19.8,0.417,0.0,3.17,5401.42,5586.46,0.0,9308.4,6691.6,0.0,4060.2742690611426
1731069315.31,19.8,0.405,0.0,2.63,5401.55,5586.65,0.0,9308.5,6691.5,0.0,4060.1664774981823
1731069315.81,20.5,0.507,0.0,2.23,5401.68,5586.84,0.0,9308.6,6691.4,0.0,4060.0587040090936
1731069316.31,19.8,0.468,0.0,1.67,5401.81,5587.03,0.0,9308.7,6691.3,0.0,4059.950948595316
1731069316.81,19.8,0.452,0.0,1.3,5401.94,5587.22,0.0,9308.8,6691.2,0.0,4059.8432112582864
1731069317.31,19.8,0.67,0.0,1.06,5402.07,5587.41,0.0,9308.9,6691.1,0.0,4059.735491999448
1731069317.81,20.5,0.644,0.0,0.733,5402.2,5587.6,0.0,9309.0,6691.0,0.0,4059.6277908202374
1731069318.31,19.8,0.589,0.0,0.819,5402.33,5587.79,0.0,9309.1,6690.9,0.0,4059.520107722094
1731069318.81,19.8,0.637,0.0,1.47,5402.46,5587.98,0.0,9309.2,6690.8,0.0,4059.412442706457
1731069319.31,19.8,0.705,0.0,1.75,5402.59,5588.17,0.0,9309.3,6690.7,0.0,4059.304795774763
1731069319.81,20.5,0.657,0.0,1.64,5402.72,5588.36,0.0,9309.4,6690.6,0.0,4059.1971669284553
1731069320.31,19.8,0.511,0.0,0.958,5402.85,5588.55,0.0,9309.5,6690.5,0.0,4059.089556168969
1731069320.81,19.8,0.461,0.0,1.35,5402.98,5588.74,0.0,9309.6,6690.4,0.0,4058.9819634977443
1731069321.31,19.8,0.638,0.0,1.17,5403.11,5588.93,0.0,9309.7,6690.3,0.0,4058.874388916219
1731069321.81,20.5,0.454,0.0,1.27,5403.24,5589.12,0.0,9309.8,6690.2,0.0,4058.766832425829
1731069322.31,19.8,0.448,0.0,1.07,5403.37,5589.31,0.0,9309.9,6690.1,0.0,4058.6592940280166
1731069322.81,19.8,0.492,0.0,0.9,5403.5,5589.5,0.0,9310.0,6690.0,0.0,4058.5517737242185
1731069323.31,19.8,0.461,0.0,0.948,5403.63,5589.69,0.0,9310.1,6689.9,0.0,4058.4442715158725
1731069323.81,20.5,0.546,0.0,1.28,5403.76,5589.88,0.0,9310.2,6689.8,0.0,4058.336787404417
1731069324.31,19.8,0.734,0.0,0.787,5403.89,5590.07,0.0,9310.3,6689.7,0.0,4058.2293213912876
1731069324.81,19.8,0.631,0.0,1.28,5404.02,5590.26,0.0,9310.4,6689.6,0.0,4058.1218734779263
1731069325.31,19.8,0.569,0.0,1.48,5404.15,5590.45,0.0,9310.5,6689.5,0.0,4058.0144436657692
1731069325.81,20.5,0.884,0.0,1.3,5404.28,5590.64,0.0,9310.6,6689.4,0.0,4057.907031956253
1731069326.31,19.8,0.733,0.0,7.95,5404.41,5590.83,0.0,9310.7,6689.3,0.0,4057.7996383508153
1731069326.81,19.8,0.892,0.0,2.41,5404.54,5591.02,0.0,9310.8,6689.2,0.0,4057.692262850892
1731069327.31,19.8,0.706,0.0,1.58,5404.67,5591.21,0.0,9310.9,6689.1,0.0,4057.5849054579253
1731069327.81,20.5,0.99,0.0,1.46,5404.8,5591.4,0.0,9311.0,6689.0,0.0,4057.4775661733484
1731069328.31,19.8,0.71,0.0,1.6,5404.93,5591.59,0.0,9311.1,6688.9,0.0,4057.3702449986
1731069328.81,19.8,0.54,0.0,1.41,5405.06,5591.78,0.0,9311.2,6688.8,0.0,4057.262941935117
1731069329.31,19.2,0.337,0.032,1.25,5405.19,5591.97,0.0,9311.3,6688.7,0.0,4057.1556569843356
1731069329.81,20.5,0.431,0.0,0.749,5405.32,5592.16,0.0,9311.4,6688.6,0.0,4057.0483901476946
1731069330.31,19.8,0.464,0.0,1.14,5405.45,5592.35,0.0,9311.5,6688.5,0.0,4056.941141426629
1731069330.81,19.8,0.451,0.0,1.71,5405.58,5592.54,0.0,9311.6,6688.4,0.0,4056.833910822577
1731069331.31,19.8,0.333,0.0,0.971,5405.71,5592.73,0.0,9311.7,6688.3,0.0,4056.726698336974
1731069331.81,20.5,0.537,0.0,1.08,5405.84,5592.92,0.0,9311.8,6688.2,0.0,4056.619503971255
1731069332.31,19.8,0.731,0.0,0.874,5405.97,5593.11,0.0,9311.9,6688.1,0.0,4056.5123277268613
1731069332.81,19.8,0.449,0.0,1.0,5406.1,5593.3,0.0,9312.0,6688.0,0.0,4056.405169605225
1731069333.31,19.8,0.334,0.0,6.1,5406.23,5593.49,0.0,9312.1,6687.9,0.0,4056.298029607786
1731069333.81,20.5,0.379,0.0,0.837,5406.36,5593.68,0.0,9312.2,6687.8,0.0,4056.190907735977
1731069334.31,19.8,0.38,0.0,1.1,5406.49,5593.87,0.0,9312.3,6687.7,0.0,4056.0838039912337
1731069334.81,19.8,0.45,0.0,1.13,5406.62,5594.06,0.0,9312.4,6687.6,0.0,4055.9767183749955
1731069335.31,19.8,0.603,0.0,0.851,5406.75,5594.25,0.0,9312.5,6687.5,0.0,4055.869650888697
1731069335.81,20.5,1.484,0.0,1.13,5406.88,5594.44,0.0,9312.6,6687.4,0.0,4055.7626015337732
1731069336.31,19.9,0.506,0.0,1.25,5407.01,5594.63,0.0,9312.7,6687.3,0.0,4055.655570311661
1731069336.81,19.8,0.458,0.0,0.801,5407.14,5594.82,0.0,9312.8,6687.2,0.0,4055.5485572237935
1731069337.31,19.8,0.513,0.0,0.772,5407.27,5595.01,0.0,9312.9,6687.1,0.0,4055.4415622716097
1731069337.81,20.5,0.476,0.0,1.02,5407.4,5595.2,0.0,9313.0,6687.0,0.0,4055.3345854565446
1731069338.31,19.8,0.427,0.0,3.03,5407.53,5595.39,0.0,9313.1,6686.9,0.0,4055.227626780031
1731069338.81,19.8,0.532,0.0,0.956,5407.66,5595.58,0.0,9313.2,6686.8,0.0,4055.1206862435065
1731069339.31,19.8,0.615,0.0,0.825,5407.79,5595.77,0.0,9313.3,6686.7,0.0,4055.0137638484034
1731069339.81,20.5,0.61,0.0,1.66,5407.92,5595.96,0.0,9313.4,6686.6,0.0,4054.9068595961608
1731069340.31,19.8,0.624,0.0,1.89,5408.05,5596.15,0.0,9313.5,6686.5,0.0,4054.7999734882114
1731069340.81,19.9,0.441,0.0,1.02,5408.18,5596.34,0.0,9313.6,6686.4,0.0,4054.69310552599
1731069341.31,19.8,0.625,0.0,1.29,5408.31,5596.53,0.0,9313.7,6686.3,0.0,4054.586255710933
1731069341.81,19.8,0.604,0.0,0.952,5408.44,5596.72,0.0,9313.8,6686.2,0.0,4054.4794240444726
1731069342.31,20.5,0.378,0.0,1.031,5408.57,5596.91,0.0,9313.9,6686.1,0.0,4054.3726105280457
1731069342.81,19.8,0.429,0.0,1.11,5408.7,5597.1,0.0,9314.0,6686.0,0.0,4054.265815163086
1731069343.31,19.8,0.467,0.0,1.6,5408.83,5597.29,0.0,9314.1,6685.9,0.0,4054.1590379510276
1731069343.81,20.5,0.465,0.0,2.09,5408.96,5597.48,0.0,9314.2,6685.8,0.0,4054.052278893306
1731069344.31,19.8,0.449,0.0,1.28,5409.09,5597.67,0.0,9314.3,6685.7,0.0,4053.945537991352
1731069344.81,19.9,0.745,0.0,0.829,5409.22,5597.86,0.0,9314.4,6685.6,0.0,4053.838815246605
1731069345.31,19.8,0.72,0.0,1.73,5409.35,5598.05,0.0,9314.5,6685.5,0.0,4053.7321106604954
1731069345.81,20.5,0.726,0.0,0.866,5409.48,5598.24,0.0,9314.6,6685.4,0.0,4053.62542423446
1731069346.31,19.8,0.865,0.0,0.717,5409.61,5598.43,0.0,9314.7,6685.3,0.0,4053.51875596993
1731069346.81,19.2,0.743,0.032,1.3,5409.74,5598.62,0.0,9314.8,6685.2,0.0,4053.412105868338
1731069347.31,19.8,0.611,0.0,1.09,5409.87,5598.81,0.0,9314.9,6685.1,0.0,4053.305473931122
1731069347.81,20.5,0.564,0.0,0.866,5410.0,5599.0,0.0,9315.0,6685.0,0.0,4053.1988601597136
1731069348.31,19.8,0.715,0.0,1.21,5410.13,5599.19,0.0,9315.1,6684.9,0.0,4053.0922645555456
1731069348.81,19.8,0.897,0.0,1.58,5410.26,5599.38,0.0,9315.2,6684.8,0.0,4052.9856871200527
1731069349.31,19.8,0.784,0.0,0.832,5410.39,5599.57,0.0,9315.3,6684.7,0.0,4052.879127854665
1731069349.81,19.9,0.516,0.0,1.04,5410.52,5599.76,0.0,9315.4,6684.6,0.0,4052.7725867608206
1731069350.31,20.5,0.664,0.0,1.1,5410.65,5599.95,0.0,9315.5,6684.5,0.0,4052.666063839951
1731069350.81,19.8,0.669,0.0,1.57,5410.78,5600.14,0.0,9315.6,6684.4,0.0,4052.5595590934877
1731069351.31,19.8,0.596,0.0,0.88,5410.91,5600.33,0.0,9315.7,6684.3,0.0,4052.453072522865
1731069351.81,20.5,0.395,0.0,0.942,5411.04,5600.52,0.0,9315.8,6684.2,0.0,4052.346604129513
1731069352.31,19.9,0.296,0.0,0.919,5411.17,5600.71,0.0,9315.9,6684.1,0.0,4052.2401539148686
1731069352.81,19.8,0.442,0.0,0.937,5411.3,5600.9,0.0,9316.0,6684.0,0.0,4052.1337218803624
1731069353.31,19.8,0.547,0.0,0.888,5411.43,5601.09,0.0,9316.1,6683.9,0.0,4052.0273080274274
1731069353.81,20.5,0.33,0.0,0.776,5411.56,5601.28,0.0,9316.2,6683.8,0.0,4051.920912357496
1731069354.31,19.9,0.363,0.0,0.829,5411.69,5601.47,0.0,9316.3,6683.7,0.0,4051.8145348719995
1731069354.81,19.8,0.357,0.0,1.11,5411.82,5601.66,0.0,9316.4,6683.6,0.0,4051.708175572372
1731069355.31,19.8,0.434,0.0,1.3,5411.95,5601.85,0.0,9316.5,6683.5,0.0,4051.6018344600448
1731069355.81,20.5,0.515,0.0,0.864,5412.08,5602.04,0.0,9316.6,6683.4,0.0,4051.49551153645
1731069356.31,19.8,0.527,0.0,0.906,5412.21,5602.23,0.0,9316.7,6683.3,0.0,4051.3892068030204
1731069356.81,19.8,0.484,0.0,1.41,5412.34,5602.42,0.0,9316.8,6683.2,0.0,4051.2829202611847
1731069357.31,19.8,0.439,0.0,0.751,5412.47,5602.61,0.0,9316.9,6683.1,0.0,4051.1766519123794
1731069357.81,20.5,0.441,0.0,4.92,5412.6,5602.8,0.0,9317.0,6683.0,0.0,4051.0704017580338
1731069358.31,19.8,0.478,0.0,1.53,5412.73,5602.99,0.0,9317.1,6682.9,0.0,4050.9641697995808
1731069358.81,19.8,0.425,0.0,0.852,5412.86,5603.18,0.0,9317.2,6682.8,0.0,4050.8579560384496
1731069359.31,19.8,0.456,0.0,1.12,5412.99,5603.37,0.0,9317.3,6682.7,0.0,4050.751760476072
1731069359.81,20.5,0.6,0.0,1.68,5413.12,5603.56,0.0,9317.4,6682.6,0.0,4050.6455831138815
1731069360.31,19.8,0.593,0.0,1.18,5413.25,5603.75,0.0,9317.5,6682.5,0.0,4050.5394239533084
1731069360.81,19.8,0.71,0.0,1.01,5413.38,5603.94,0.0,9317.6,6682.4,0.0,4050.4332829957834
1731069361.31,19.8,0.56,0.0,1.18,5413.51,5604.13,0.0,9317.7,6682.3,0.0,4050.327160242738
1731069361.81,20.5,0.542,0.0,0.658,5413.64,5604.32,0.0,9317.8,6682.2,0.0,4050.2210556956015
1731069362.31,19.8,0.554,0.0,1.12,5413.77,5604.51,0.0,9317.9,6682.1,0.0,4050.1149693558077
1731069362.81,19.8,0.683,0.0,6.63,5413.9,5604.7,0.0,9318.0,6682.0,0.0,4050.0089012247868
1731069363.31,19.9,0.535,0.0,0.798,5414.03,5604.89,0.0,9318.1,6681.9,0.0,4049.9028513039675
1731069363.81,20.5,0.392,0.0,1.52,5414.16,5605.08,0.0,9318.2,6681.8,0.0,4049.7968195947815
1731069364.31,19.8,0.422,0.0,1.67,5414.29,5605.27,0.0,9318.3,6681.7,0.0,4049.690806098657
1731069364.81,19.8,0.501,0.0,1.04,5414.42,5605.46,0.0,9318.4,6681.6,0.0,4049.58481081703
1731069365.31,19.8,0.58,0.0,1.01,5414.55,5605.65,0.0,9318.5,6681.5,0.0,4049.478833751326
1731069365.81,20.5,0.449,0.0,1.45,5414.68,5605.84,0.0,9318.6,6681.4,0.0,4049.3728749029765
1731069366.31,19.9,0.456,0.0,0.816,5414.81,5606.03,0.0,9318.7,6681.3,0.0,4049.266934273413
1731069366.81,19.8,0.486,0.0,1.07,5414.94,5606.22,0.0,9318.8,6681.2,0.0,4049.1610118640624
1731069367.31,19.8,0.66,0.0,2.74,5415.07,5606.41,0.0,9318.9,6681.1,0.0,4049.0551076763577
1731069367.81,20.5,0.556,0.0,0.887,5415.2,5606.6,0.0,9319.0,6681.0,0.0,4048.949221711727
1731069368.31,19.8,0.528,0.0,0.941,5415.33,5606.79,0.0,9319.1,6680.9,0.0,4048.843353971601
1731069368.81,19.8,0.735,0.0,0.807,5415.46,5606.98,0.0,9319.2,6680.8,0.0,4048.737504457409
1731069369.31,19.8,0.626,0.0,1.18,5415.59,5607.17,0.0,9319.3,6680.7,0.0,4048.631673170578
1731069369.81,20.5,0.779,0.0,1.27,5415.72,5607.36,0.0,9319.4,6680.6,0.0,4048.525860112542
1731069370.31,19.8,0.899,0.0,0.983,5415.85,5607.55,0.0,9319.5,6680.5,0.0,4048.4200652847276
1731069370.81,19.8,0.707,0.0,0.888,5415.98,5607.74,0.0,9319.6,6680.4,0.0,4048.3142886885657
1731069371.31,19.8,0.544,0.0,1.01,5416.11,5607.93,0.0,9319.7,6680.3,0.0,4048.208530325483
1731069371.81,19.8,0.27,0.0,1.44,5416.24,5608.12,0.0,9319.8,6680.2,0.0,4048.1027901969082
1731069372.31,20.5,0.683,0.0,0.967,5416.37,5608.31,0.0,9319.9,6680.1,0.0,4047.997068304274
1731069372.81,14.7,5.866,0.0,0.874,5416.5,5608.5,0.0,9320.0,6680.0,0.0,4047.891364649007
1731069373.31,23.7,2.063,0.051,97.2,5416.63,5608.69,0.0,9320.1,6679.9,0.0,4047.7856792325356
1731069373.81,20.5,0.684,0.0,1.23,5416.76,5608.88,0.0,9320.2,6679.8,0.0,4047.6800120562893
1731069374.31,19.8,0.419,0.0,7.59,5416.89,5609.07,0.0,9320.3,6679.7,0.0,4047.5743631216947
1731069374.81,19.8,0.55,0.0,1.37,5417.02,5609.26,0.0,9320.4,6679.6,0.0,4047.4687324301835
1731069375.31,19.8,0.443,0.0,0.929,5417.15,5609.45,0.0,9320.5,6679.5,0.0,4047.3631199831825
1731069375.81,19.8,0.35,0.0,0.994,5417.28,5609.64,0.0,9320.6,6679.4,0.0,4047.2575257821195
1731069376.31,20.5,0.499,0.0,1.2,5417.41,5609.83,0.0,9320.7,6679.3,0.0,4047.151949828423
1731069376.81,19.8,0.66,0.0,0.848,5417.54,5610.02,0.0,9320.8,6679.2,0.0,4047.046392123519
1731069377.31,19.8,0.452,0.0,1.02,5417.67,5610.21,0.0,9320.9,6679.1,0.0,4046.94085266884
1731069377.81,20.5,0.378,0.0,1.28,5417.8,5610.4,0.0,9321.0,6679.0,0.0,4046.8353314658107
1731069378.31,19.8,0.458,0.0,0.893,5417.93,5610.59,0.0,9321.1,6678.9,0.0,4046.72982851586
1731069378.81,19.8,0.413,0.0,0.821,5418.06,5610.78,0.0,9321.2,6678.8,0.0,4046.6243438204147
1731069379.31,19.8,0.453,0.0,1.4,5418.19,5610.97,0.0,9321.3,6678.7,0.0,4046.5188773809023
1731069379.81,20.5,0.5,0.0,1.37,5418.32,5611.16,0.0,9321.4,6678.6,0.0,4046.4134291987516
1731069380.31,19.8,0.468,0.0,2.43,5418.45,5611.35,0.0,9321.5,6678.5,0.0,4046.3079992753887
1731069380.81,19.8,0.638,0.0,1.03,5418.58,5611.54,0.0,9321.6,6678.4,0.0,4046.202587612242
1731069381.31,19.8,0.624,0.0,0.927,5418.71,5611.73,0.0,9321.7,6678.3,0.0,4046.097194210738
1731069381.81,20.5,0.638,0.0,1.06,5418.84,5611.92,0.0,9321.8,6678.2,0.0,4045.991819072302
1731069382.31,19.8,0.691,0.0,1.23,5418.97,5612.11,0.0,9321.9,6678.1,0.0,4045.8864621983644
1731069382.81,19.9,0.718,0.0,0.791,5419.1,5612.3,0.0,9322.0,6678.0,0.0,4045.78112359035
1731069383.31,19.8,0.726,0.0,1.26,5419.23,5612.49,0.0,9322.1,6677.9,0.0,4045.6758032496878
1731069383.81,20.5,0.684,0.0,1.41,5419.36,5612.68,0.0,9322.2,6677.8,0.0,4045.5705011778014
1731069384.31,19.8,0.521,0.0,0.872,5419.49,5612.87,0.0,9322.3,6677.7,0.0,4045.4652173761174
1731069384.81,19.8,0.387,0.0,0.899,5419.62,5613.06,0.0,9322.4,6677.6,0.0,4045.359951846065
1731069385.31,19.9,0.451,0.0,1.24,5419.75,5613.25,0.0,9322.5,6677.5,0.0,4045.2547045890697
1731069385.81,20.5,0.389,0.0,0.808,5419.88,5613.44,0.0,9322.6,6677.4,0.0,4045.1494756065567
1731069386.31,19.8,0.553,0.0,4.98,5420.01,5613.63,0.0,9322.7,6677.3,0.0,4045.0442648999533
1731069386.81,19.8,0.571,0.0,1.32,5420.14,5613.82,0.0,9322.8,6677.2,0.0,4044.939072470683
1731069387.31,19.8,0.567,0.0,0.817,5420.27,5614.01,0.0,9322.9,6677.1,0.0,4044.8338983201766
1731069387.81,20.5,0.555,0.0,1.0,5420.4,5614.2,0.0,9323.0,6677.0,0.0,4044.7287424498572
1731069388.31,19.8,0.501,0.0,1.41,5420.53,5614.39,0.0,9323.1,6676.9,0.0,4044.62360486115
1731069388.81,19.8,0.748,0.0,0.834,5420.66,5614.58,0.0,9323.2,6676.8,0.0,4044.5184855554817
1731069389.31,19.8,0.606,0.0,0.719,5420.79,5614.77,0.0,9323.3,6676.7,0.0,4044.413384534276
1731069389.81,20.5,0.586,0.0,1.32,5420.92,5614.96,0.0,9323.4,6676.6,0.0,4044.308301798961
1731069390.31,19.9,0.718,0.0,1.22,5421.05,5615.15,0.0,9323.5,6676.5,0.0,4044.203237350962
1731069390.81,19.8,0.914,0.0,0.806,5421.18,5615.34,0.0,9323.6,6676.4,0.0,4044.0981911917024
1731069391.31,19.8,0.675,0.0,1.12,5421.31,5615.53,0.0,9323.7,6676.3,0.0,4043.9931633226092
1731069391.81,20.5,0.624,0.0,0.928,5421.44,5615.72,0.0,9323.8,6676.2,0.0,4043.8881537451052
1731069392.31,19.8,0.744,0.0,0.892,5421.57,5615.91,0.0,9323.9,6676.1,0.0,4043.7831624606183
1731069392.81,19.8,0.658,0.0,1.29,5421.7,5616.1,0.0,9324.0,6676.0,0.0,4043.678189470572
1731069393.31,19.8,0.382,0.0,1.19,5421.83,5616.29,0.0,9324.1,6675.9,0.0,4043.5732347763906
1731069393.81,19.9,0.282,0.0,0.883,5421.96,5616.48,0.0,9324.2,6675.8,0.0,4043.4682983794996
1731069394.31,20.5,0.466,0.0,0.898,5422.09,5616.67,0.0,9324.3,6675.7,0.0,4043.3633802813215
1731069394.81,19.2,0.387,0.032,0.842,5422.22,5616.86,0.0,9324.4,6675.6,0.0,4043.258480483284
1731069395.31,19.8,0.31,0.0,1.03,5422.35,5617.05,0.0,9324.5,6675.5,0.0,4043.1535989868103
1731069395.81,20.5,0.732,0.0,1.45,5422.48,5617.24,0.0,9324.6,6675.4,0.0,4043.0487357933252
1731069396.31,19.8,0.527,0.0,0.848,5422.61,5617.43,0.0,9324.7,6675.3,0.0,4042.9438909042515
1731069396.81,19.8,0.513,0.0,0.859,5422.74,5617.62,0.0,9324.8,6675.2,0.0,4042.839064321012
1731069397.31,19.9,0.583,0.0,1.06,5422.87,5617.81,0.0,9324.9,6675.1,0.0,4042.7342560450343
1731069397.81,19.8,0.367,0.0,5.39,5423.0,5618.0,0.0,9325.0,6675.0,0.0,4042.6294660777407
1731069398.31,20.5,0.468,0.0,1.04,5423.13,5618.19,0.0,9325.1,6674.9,0.0,4042.524694420555
1731069398.81,19.9,0.362,0.0,0.892,5423.26,5618.38,0.0,9325.2,6674.8,0.0,4042.4199410749006
1731069399.31,19.8,0.375,0.0,2.64,5423.39,5618.57,0.0,9325.3,6674.7,0.0,4042.3152060422
1731069399.81,20.5,0.418,0.0,1.41,5423.52,5618.76,0.0,9325.4,6674.6,0.0,4042.210489323879
1731069400.31,19.9,0.476,0.0,2.13,5423.65,5618.95,0.0,9325.5,6674.5,0.0,4042.1057909213614
1731069400.81,19.8,0.396,0.0,1.27,5423.78,5619.14,0.0,9325.6,6674.4,0.0,4042.0011108360673
1731069401.31,19.8,0.509,0.0,1.42,5423.91,5619.33,0.0,9325.7,6674.3,0.0,4041.896449069423
1731069401.81,20.5,0.465,0.0,0.859,5424.04,5619.52,0.0,9325.8,6674.2,0.0,4041.791805622847
1731069402.31,19.8,0.702,0.0,1.33,5424.17,5619.71,0.0,9325.9,6674.1,0.0,4041.6871804977677
1731069402.81,19.8,0.591,0.0,1.14,5424.3,5619.9,0.0,9326.0,6674.0,0.0,4041.5825736956062
1731069403.31,19.9,0.498,0.0,7.28,5424.43,5620.09,0.0,9326.1,6673.9,0.0,4041.477985217784
1731069403.81,20.5,0.99,0.0,0.894,5424.56,5620.28,0.0,9326.2,6673.8,0.0,4041.373415065725
1731069404.31,19.8,0.832,0.0,0.731,5424.69,5620.47,0.0,9326.3,6673.7,0.0,4041.2688632408504
1731069404.81,19.9,0.565,0.0,2.03,5424.82,5620.66,0.0,9326.4,6673.6,0.0,4041.164329744585
1731069405.31,19.8,0.777,0.0,1.57,5424.95,5620.85,0.0,9326.5,6673.5,0.0,4041.0598145783492
1731069405.81,19.8,0.541,0.0,0.757,5425.08,5621.04,0.0,9326.6,6673.4,0.0,4040.955317743566
1731069406.31,20.5,0.697,0.0,1.13,5425.21,5621.23,0.0,9326.7,6673.3,0.0,4040.8508392416575
1731069406.81,19.8,0.417,0.0,1.33,5425.34,5621.42,0.0,9326.8,6673.2,0.0,4040.746379074043
1731069407.31,19.8,0.671,0.0,0.972,5425.47,5621.61,0.0,9326.9,6673.1,0.0,4040.64193724215
1731069407.81,20.5,0.605,0.0,0.88,5425.6,5621.8,0.0,9327.0,6673.0,0.0,4040.537513747397
1731069408.31,19.8,0.605,0.0,0.948,5425.73,5621.99,0.0,9327.1,6672.9,0.0,4040.433108591207
1731069408.81,19.8,0.757,0.0,1.48,5425.86,5622.18,0.0,9327.2,6672.8,0.0,4040.3287217750003
1731069409.31,19.9,0.6,0.0,1.39,5425.99,5622.37,0.0,9327.3,6672.7,0.0,4040.224353300197
1731069409.81,19.8,0.531,0.0,0.925,5426.12,5622.56,0.0,9327.4,6672.6,0.0,4040.1200031682224
1731069410.31,20.5,0.63,0.0,0.767,5426.25,5622.75,0.0,9327.5,6672.5,0.0,4040.015671380496
1731069410.81,19.8,0.68,0.0,1.07,5426.38,5622.94,0.0,9327.6,6672.4,0.0,4039.911357938439
1731069411.31,19.8,0.56,0.0,1.42,5426.51,5623.13,0.0,9327.7,6672.3,0.0,4039.8070628434725
1731069411.81,20.5,0.686,0.0,0.893,5426.64,5623.32,0.0,9327.8,6672.2,0.0,4039.7027860970156
1731069412.31,19.8,0.744,0.0,0.75,5426.77,5623.51,0.0,9327.9,6672.1,0.0,4039.5985277004934
1731069412.81,19.8,0.647,0.0,0.899,5426.9,5623.7,0.0,9328.0,6672.0,0.0,4039.494287655325
1731069413.31,19.8,1.015,0.0,1.04,5427.03,5623.89,0.0,9328.1,6671.9,0.0,4039.39006596293
1731069413.81,20.5,0.839,0.0,1.24,5427.16,5624.08,0.0,9328.2,6671.8,0.0,4039.28586262473
1731069414.31,19.9,0.57,0.0,0.924,5427.29,5624.27,0.0,9328.3,6671.7,0.0,4039.1816776421424
1731069414.81,19.8,0.336,0.0,0.697,5427.42,5624.46,0.0,9328.4,6671.6,0.0,4039.0775110165932
1731069415.31,19.8,0.299,0.0,2.418,5427.55,5624.65,0.0,9328.5,6671.5,0.0,4038.9733627494993
1731069415.81,20.5,0.429,0.0,4.14,5427.68,5624.84,0.0,9328.6,6671.4,0.0,4038.8692328422817
1731069416.31,19.8,0.369,0.0,4.21,5427.81,5625.03,0.0,9328.7,6671.3,0.0,4038.76512129636
1731069416.81,19.8,0.452,0.0,2.01,5427.94,5625.22,0.0,9328.8,6671.2,0.0,4038.661028113154
1731069417.31,19.8,0.379,0.0,6.72,5428.07,5625.41,0.0,9328.9,6671.1,0.0,4038.556953294085
1731069417.81,20.5,0.321,0.0,0.779,5428.2,5625.6,0.0,9329.0,6671.0,0.0,4038.452896840571
1731069418.31,19.8,0.424,0.0,5.02,5428.33,5625.79,0.0,9329.1,6670.9,0.0,4038.3488587540332
1731069418.81,19.8,0.303,0.0,1.05,5428.46,5625.98,0.0,9329.2,6670.8,0.0,4038.2448390358904
1731069419.31,19.8,0.732,0.0,0.849,5428.59,5626.17,0.0,9329.3,6670.7,0.0,4038.1408376875606
1731069419.81,20.4,0.544,0.0,0.98,5428.72,5626.36,0.0,9329.4,6670.6,0.0,4038.0368547104663
1731069420.31,19.9,0.526,0.0,1.49,5428.85,5626.55,0.0,9329.5,6670.5,0.0,4037.9328901060253
1731069420.81,19.9,0.42,0.0,0.749,5428.98,5626.74,0.0,9329.6,6670.4,0.0,4037.8289438756574
1731069421.31,19.8,0.509,0.0,1.06,5429.11,5626.93,0.0,9329.7,6670.3,0.0,4037.72501602078
1731069421.81,20.5,0.488,0.0,1.12,5429.24,5627.12,0.0,9329.8,6670.2,0.0,4037.621106542811
1731069422.31,19.9,0.378,0.0,0.892,5429.37,5627.31,0.0,9329.9,6670.1,0.0,4037.5172154431734
1731069422.81,19.8,0.484,0.0,1.78,5429.5,5627.5,0.0,9330.0,6670.0,0.0,4037.4133427232837
1731069423.31,19.9,0.57,0.0,1.03,5429.63,5627.69,0.0,9330.1,6669.9,0.0,4037.3094883845606
1731069423.81,19.8,0.557,0.031,0.992,5429.76,5627.88,0.0,9330.2,6669.8,0.0,4037.2056524284226
1731069424.31,19.2,0.535,0.032,1.36,5429.89,5628.07,0.0,9330.3,6669.7,0.0,4037.101834856286
1731069424.81,19.8,0.48,0.0,1.13,5430.02,5628.26,0.0,9330.4,6669.6,0.0,4036.9980356695733
1731069425.31,19.9,0.547,0.0,0.872,5430.15,5628.45,0.0,9330.5,6669.5,0.0,4036.8942548697014
1731069425.81,20.5,0.743,0.0,1.07,5430.28,5628.64,0.0,9330.6,6669.4,0.0,4036.790492458087
1731069426.31,19.8,0.661,0.0,1.46,5430.41,5628.83,0.0,9330.7,6669.3,0.0,4036.6867484361487
1731069426.81,19.8,0.624,0.0,0.815,5430.54,5629.02,0.0,9330.8,6669.2,0.0,4036.583022805303
1731069427.31,19.8,0.447,0.0,0.772,5430.67,5629.21,0.0,9330.9,6669.1,0.0,4036.4793155669704
1731069427.81,20.5,0.402,0.0,1.29,5430.8,5629.4,0.0,9331.0,6669.0,0.0,4036.3756267225676
1731069428.31,19.8,0.404,0.0,1.47,5430.93,5629.59,0.0,9331.1,6668.9,0.0,4036.2719562735115
1731069428.81,19.8,0.626,0.0,6.34,5431.06,5629.78,0.0,9331.2,6668.8,0.0,4036.1683042212208
1731069429.31,19.8,0.527,0.0,0.994,5431.19,5629.97,0.0,9331.3,6668.7,0.0,4036.06467056711
1731069429.81,20.5,0.414,0.0,1.2,5431.32,5630.16,0.0,9331.4,6668.6,0.0,4035.9610553126004
1731069430.31,19.8,0.785,0.0,1.2,5431.45,5630.35,0.0,9331.5,6668.5,0.0,4035.857458459107
1731069430.81,19.8,0.515,0.0,1.76,5431.58,5630.54,0.0,9331.6,6668.4,0.0,4035.7538800080465
1731069431.31,19.9,0.608,0.0,0.845,5431.71,5630.73,0.0,9331.7,6668.3,0.0,4035.650319960837
1731069431.81,20.5,0.701,0.0,0.82,5431.84,5630.92,0.0,9331.8,6668.2,0.0,4035.5467783188924
1731069432.31,19.8,0.654,0.0,0.753,5431.97,5631.11,0.0,9331.9,6668.1,0.0,4035.443255083634
1731069432.81,19.8,0.71,0.0,1.02,5432.1,5631.3,0.0,9332.0,6668.0,0.0,4035.3397502564762
1731069433.31,19.8,0.79,0.0,1.48,5432.23,5631.49,0.0,9332.1,6667.9,0.0,4035.236263838836
1731069433.81,20.5,0.617,0.0,0.886,5432.36,5631.68,0.0,9332.2,6667.8,0.0,4035.1327958321285
1731069434.31,19.8,0.627,0.0,1.23,5432.49,5631.87,0.0,9332.3,6667.7,0.0,4035.0293462377686
1731069434.81,19.8,1.205,0.0,1.11,5432.62,5632.06,0.0,9332.4,6667.6,0.0,4034.925915057177
1731069435.31,19.8,0.602,0.0,7.45,5432.75,5632.25,0.0,9332.5,6667.5,0.0,4034.8225022917677
1731069435.81,19.9,0.285,0.0,0.895,5432.88,5632.44,0.0,9332.6,6667.4,0.0,4034.7191079429563
1731069436.31,20.5,0.439,0.0,1.05,5433.01,5632.63,0.0,9332.7,6667.3,0.0,4034.6157320121583
1731069436.81,19.8,0.363,0.0,1.23,5433.14,5632.82,0.0,9332.8,6667.2,0.0,4034.5123745007886
1731069437.31,19.8,0.627,0.0,0.873,5433.27,5633.01,0.0,9332.9,6667.1,0.0,4034.4090354102664
1731069437.81,20.5,0.513,0.0,1.49,5433.4,5633.2,0.0,9333.0,6667.0,0.0,4034.3057147420054
1731069438.31,19.8,0.435,0.0,1.13,5433.53,5633.39,0.0,9333.1,6666.9,0.0,4034.20241249742
1731069438.81,19.8,0.33,0.0,0.815,5433.66,5633.58,0.0,9333.2,6666.8,0.0,4034.0991286779267
1731069439.31,19.9,0.366,0.0,2.08,5433.79,5633.77,0.0,9333.3,6666.7,0.0,4033.995863284938
1731069439.81,20.5,0.549,0.0,3.64,5433.92,5633.96,0.0,9333.4,6666.6,0.0,4033.892616319874
1731069440.31,19.8,0.406,0.0,3.82,5434.05,5634.15,0.0,9333.5,6666.5,0.0,4033.7893877841466
1731069440.81,19.8,0.362,0.0,3.35,5434.18,5634.34,0.0,9333.6,6666.4,0.0,4033.6861776791707
1731069441.31,19.8,0.365,0.0,0.878,5434.31,5634.53,0.0,9333.7,6666.3,0.0,4033.5829860063627
1731069441.81,20.5,0.4,0.0,1.02,5434.44,5634.72,0.0,9333.8,6666.2,0.0,4033.4798127671343
1731069442.31,19.8,0.538,0.0,1.16,5434.57,5634.91,0.0,9333.9,6666.1,0.0,4033.3766579629037
1731069442.81,19.8,0.41,0.0,1.19,5434.7,5635.1,0.0,9334.0,6666.0,0.0,4033.273521595083
1731069443.31,19.8,0.409,0.0,0.96,5434.83,5635.29,0.0,9334.1,6665.9,0.0,4033.170403665087
1731069443.81,20.5,0.432,0.0,1.45,5434.96,5635.48,0.0,9334.2,6665.8,0.0,4033.067304174331
1731069444.31,19.8,0.444,0.0,0.882,5435.09,5635.67,0.0,9334.3,6665.7,0.0,4032.964223124226
1731069444.81,19.8,0.647,0.0,1.0,5435.22,5635.86,0.0,9334.4,6665.6,0.0,4032.861160516191
1731069445.31,19.8,0.556,0.0,0.857,5435.35,5636.05,0.0,9334.5,6665.5,0.0,4032.758116351636
1731069445.81,20.5,0.503,0.0,0.882,5435.48,5636.24,0.0,9334.6,6665.4,0.0,4032.655090631978
1731069446.31,19.9,0.484,0.0,1.02,5435.61,5636.43,0.0,9334.7,6665.3,0.0,4032.552083358628
1731069446.81,19.8,0.543,0.0,1.97,5435.74,5636.62,0.0,9334.8,6665.2,0.0,4032.449094532998
1731069447.31,19.8,0.718,0.0,1.08,5435.87,5636.81,0.0,9334.9,6665.1,0.0,4032.346124156506
1731069447.81,20.4,0.635,0.0,7.97,5436.0,5637.0,0.0,9335.0,6665.0,0.0,4032.2431722305637
1731069448.31,19.9,0.553,0.0,1.29,5436.13,5637.19,0.0,9335.1,6664.9,0.0,4032.140238756584
1731069448.81,19.8,0.504,0.0,1.34,5436.26,5637.38,0.0,9335.2,6664.8,0.0,4032.03732373598
1731069449.31,19.8,0.507,0.0,0.877,5436.39,5637.57,0.0,9335.3,6664.7,0.0,4031.9344271701634
1731069449.81,20.5,0.507,0.0,1.64,5436.52,5637.76,0.0,9335.4,6664.6,0.0,4031.83154906055
1731069450.31,19.8,0.493,0.0,1.21,5436.65,5637.95,0.0,9335.5,6664.5,0.0,4031.7286894085523
1731069450.81,19.8,0.561,0.0,1.04,5436.78,5638.14,0.0,9335.6,6664.4,0.0,4031.625848215581
1731069451.31,19.8,0.509,0.0,0.983,5436.91,5638.33,0.0,9335.7,6664.3,0.0,4031.5230254830503
1731069451.81,20.5,0.6,0.0,1.16,5437.04,5638.52,0.0,9335.8,6664.2,0.0,4031.4202212123696
1731069452.31,14.7,1.413,0.0,4.3,5437.17,5638.71,0.0,9335.9,6664.1,0.0,4031.3174354049565
1731069452.81,24.3,1.699,0.026,25.3,5437.3,5638.9,0.0,9336.0,6664.0,0.0,4031.2146680622204
1731069453.31,19.8,0.702,0.0,0.979,5437.43,5639.09,0.0,9336.1,6663.9,0.0,4031.1119191855737
1731069453.81,19.8,0.691,0.0,0.828,5437.56,5639.28,0.0,9336.2,6663.8,0.0,4031.009188776429
1731069454.31,19.8,0.626,0.031,0.757,5437.69,5639.47,0.0,9336.3,6663.7,0.0,4030.9064768361964
1731069454.81,19.8,0.54,0.0,1.23,5437.82,5639.66,0.0,9336.4,6663.6,0.0,4030.80378336629
1731069455.31,19.8,0.771,0.0,1.36,5437.95,5639.85,0.0,9336.5,6663.5,0.0,4030.7011083681214
1731069455.81,20.5,0.841,0.0,0.827,5438.08,5640.04,0.0,9336.6,6663.4,0.0,4030.598451843101
1731069456.31,19.8,0.878,0.0,0.993,5438.21,5640.23,0.0,9336.7,6663.3,0.0,4030.4958137926415
1731069456.81,19.8,0.577,0.0,0.811,5438.34,5640.42,0.0,9336.8,6663.2,0.0,4030.393194218151
1731069457.31,19.8,0.215,0.0,1.33,5438.47,5640.61,0.0,9336.9,6663.1,0.0,4030.290593121046
1731069457.81,20.5,0.381,0.0,1.01,5438.6,5640.8,0.0,9337.0,6663.0,0.0,4030.1880105027353
1731069458.31,19.8,0.482,0.0,1.0,5438.73,5640.99,0.0,9337.1,6662.9,0.0,4030.085446364631
1731069458.81,19.8,0.275,0.0,0.913,5438.86,5641.18,0.0,9337.2,6662.8,0.0,4029.9829007081416
1731069459.31,19.8,0.312,0.0,5.77,5438.99,5641.37,0.0,9337.3,6662.7,0.0,4029.8803735346783
1731069459.81,20.5,0.351,0.0,0.896,5439.12,5641.56,0.0,9337.4,6662.6,0.0,4029.777864845654
1731069460.31,19.8,0.344,0.0,1.1,5439.25,5641.75,0.0,9337.5,6662.5,0.0,4029.6753746424783
1731069460.81,19.8,0.712,0.0,1.61,5439.38,5641.94,0.0,9337.6,6662.4,0.0,4029.5729029265626
1731069461.31,19.8,0.529,0.0,0.925,5439.51,5642.13,0.0,9337.7,6662.3,0.0,4029.4704496993154
1731069461.81,20.5,0.385,0.0,1.21,5439.64,5642.32,0.0,9337.8,6662.2,0.0,4029.368014962147
1731069462.31,19.8,0.319,0.0,0.766,5439.77,5642.51,0.0,9337.9,6662.1,0.0,4029.2655987164703
1731069462.81,19.9,0.469,0.0,1.68,5439.9,5642.7,0.0,9338.0,6662.0,0.0,4029.163200963694
1731069463.31,19.8,0.471,0.0,2.28,5440.03,5642.89,0.0,9338.1,6661.9,0.0,4029.0608217052277
1731069463.81,20.5,0.522,0.0,1.25,5440.16,5643.08,0.0,9338.2,6661.8,0.0,4028.958460942481
1731069464.31,19.8,0.532,0.0,1.21,5440.29,5643.27,0.0,9338.3,6661.7,0.0,4028.8561186768625
1731069464.81,19.9,0.442,0.0,0.814,5440.42,5643.46,0.0,9338.4,6661.6,0.0,4028.7537949097855
1731069465.31,19.8,0.48,0.0,1.36,5440.55,5643.65,0.0,9338.5,6661.5,0.0,4028.651489642657
1731069465.81,20.5,0.483,0.0,1.55,5440.68,5643.84,0.0,9338.6,6661.4,0.0,4028.5492028768867
1731069466.31,19.8,0.468,0.0,7.94,5440.81,5644.03,0.0,9338.7,6661.3,0.0,4028.4469346138844
1731069466.81,19.8,0.475,0.0,1.14,5440.94,5644.22,0.0,9338.8,6661.2,0.0,4028.344684855058
1731069467.31,19.8,0.604,0.0,0.883,5441.07,5644.41,0.0,9338.9,6661.1,0.0,4028.242453601819
1731069467.81,19.9,0.822,0.0,0.948,5441.2,5644.6,0.0,9339.0,6661.0,0.0,4028.1402408555737
1731069468.31,20.4,0.693,0.0,1.07,5441.33,5644.79,0.0,9339.1,6660.9,0.0,4028.038046617733
1731069468.81,19.9,0.586,0.0,1.91,5441.46,5644.98,0.0,9339.2,6660.8,0.0,4027.935870889705
1731069469.31,19.8,0.575,0.0,0.874,5441.59,5645.17,0.0,9339.3,6660.7,0.0,4027.833713672896
1731069469.81,19.8,0.383,0.0,0.707,5441.72,5645.36,0.0,9339.4,6660.6,0.0,4027.731574968719
1731069470.31,20.5,0.378,0.0,1.28,5441.85,5645.55,0.0,9339.5,6660.5,0.0,4027.629454778579
1731069470.81,19.9,0.614,0.0,1.22,5441.98,5645.74,0.0,9339.6,6660.4,0.0,4027.5273531038874
1731069471.31,19.2,0.663,0.032,1.54,5442.11,5645.93,0.0,9339.7,6660.3,0.0,4027.4252699460494
1731069471.81,20.5,0.418,0.0,1.06,5442.24,5646.12,0.0,9339.8,6660.2,0.0,4027.323205306472
1731069472.31,19.9,0.522,0.0,0.767,5442.37,5646.31,0.0,9339.9,6660.1,0.0,4027.221159186567
1731069472.81,19.8,0.573,0.0,0.792,5442.5,5646.5,0.0,9340.0,6660.0,0.0,4027.119131587741
1731069473.31,19.8,0.516,0.0,1.0,5442.63,5646.69,0.0,9340.1,6659.9,0.0,4027.017122511401
1731069473.81,20.5,0.493,0.0,1.47,5442.76,5646.88,0.0,9340.2,6659.8,0.0,4026.9151319589546
1731069474.31,19.8,0.549,0.0,0.771,5442.89,5647.07,0.0,9340.3,6659.7,0.0,4026.813159931808
1731069474.81,19.8,0.542,0.0,1.03,5443.02,5647.26,0.0,9340.4,6659.6,0.0,4026.711206431372
1731069475.31,19.8,0.572,0.0,1.37,5443.15,5647.45,0.0,9340.5,6659.5,0.0,4026.6092714590527
1731069475.81,20.5,0.628,0.0,0.86,5443.28,5647.64,0.0,9340.6,6659.4,0.0,4026.5073550162556
1731069476.31,19.8,0.61,0.0,0.93,5443.41,5647.83,0.0,9340.7,6659.3,0.0,4026.4054571043894
1731069476.81,19.8,0.694,0.0,1.26,5443.54,5648.02,0.0,9340.8,6659.2,0.0,4026.3035777248583
1731069477.31,19.8,1.323,0.0,0.93,5443.67,5648.21,0.0,9340.9,6659.1,0.0,4026.201716879073
1731069477.81,20.5,0.847,0.0,6.47,5443.8,5648.4,0.0,9341.0,6659.0,0.0,4026.0998745684387
1731069478.31,19.8,0.465,0.0,1.02,5443.93,5648.59,0.0,9341.1,6658.9,0.0,4025.9980507943615
1731069478.81,19.8,0.584,0.0,1.2,5444.06,5648.78,0.0,9341.2,6658.8,0.0,4025.8962455582487
1731069479.31,19.2,0.326,0.032,0.882,5444.19,5648.97,0.0,9341.3,6658.7,0.0,4025.794458861505
1731069479.81,20.5,0.345,0.0,0.95,5444.32,5649.16,0.0,9341.4,6658.6,0.0,4025.6926907055386
1731069480.31,19.8,0.277,0.0,1.2,5444.45,5649.35,0.0,9341.5,6658.5,0.0,4025.5909410917548
1731069480.81,19.8,0.339,0.0,0.826,5444.58,5649.54,0.0,9341.6,6658.4,0.0,4025.4892100215598
1731069481.31,19.8,0.365,0.0,1.15,5444.71,5649.73,0.0,9341.7,6658.3,0.0,4025.3874974963596
1731069481.81,20.5,0.454,0.0,1.82,5444.84,5649.92,0.0,9341.8,6658.2,0.0,4025.285803517558
1731069482.31,19.8,0.393,0.0,0.975,5444.97,5650.11,0.0,9341.9,6658.1,0.0,4025.1841280865647
1731069482.81,19.9,0.382,0.0,1.07,5445.1,5650.3,0.0,9342.0,6658.0,0.0,4025.0824712047825
1731069483.31,19.8,0.397,0.0,0.745,5445.23,5650.49,0.0,9342.1,6657.9,0.0,4024.980832873618
1731069483.81,20.5,0.485,0.0,0.792,5445.36,5650.68,0.0,9342.2,6657.8,0.0,4024.8792130944757
1731069484.31,19.8,0.356,0.0,1.086,5445.49,5650.87,0.0,9342.3,6657.7,0.0,4024.77761186876
1731069484.81,19.8,0.446,0.0,1.38,5445.62,5651.06,0.0,9342.4,6657.6,0.0,4024.676029197878
1731069485.31,19.8,0.528,0.0,7.44,5445.75,5651.25,0.0,9342.5,6657.5,0.0,4024.574465083234
1731069485.81,20.5,0.615,0.0,0.863,5445.88,5651.44,0.0,9342.6,6657.4,0.0,4024.472919526233
1731069486.31,19.9,0.52,0.0,1.36,5446.01,5651.63,0.0,9342.7,6657.3,0.0,4024.3713925282796
1731069486.81,19.8,0.584,0.0,1.09,5446.14,5651.82,0.0,9342.8,6657.2,0.0,4024.2698840907765
1731069487.31,19.9,0.756,0.0,0.894,5446.27,5652.01,0.0,9342.9,6657.1,0.0,4024.1683942151317
1731069487.81,20.5,0.541,0.0,0.936,5446.4,5652.2,0.0,9343.0,6657.0,0.0,4024.0669229027494
1731069488.31,19.8,0.606,0.0,0.76,5446.53,5652.39,0.0,9343.1,6656.9,0.0,4023.965470155031
1731069488.81,19.9,0.659,0.0,1.53,5446.66,5652.58,0.0,9343.2,6656.8,0.0,4023.8640359733836
1731069489.31,19.2,3.36,0.032,1.79,5446.79,5652.77,0.0,9343.3,6656.7,0.0,4023.762620359207
1731069489.81,20.5,1.144,0.0,1.715,5446.92,5652.96,0.0,9343.4,6656.6,0.0,4023.661223313911
1731069490.31,19.9,0.773,0.0,1.64,5447.05,5653.15,0.0,9343.5,6656.5,0.0,4023.559844838896
1731069490.81,19.2,4.645,0.032,3.87,5447.18,5653.34,0.0,9343.6,6656.4,0.0,4023.458484935566
1731069491.31,19.8,1.018,0.0,1.05,5447.31,5653.53,0.0,9343.7,6656.3,0.0,4023.3571436053253
1731069491.81,19.8,0.737,0.0,0.828,5447.44,5653.72,0.0,9343.8,6656.2,0.0,4023.255820849576
1731069492.31,20.5,0.569,0.0,0.83,5447.57,5653.91,0.0,9343.9,6656.1,0.0,4023.154516669724
1731069492.81,19.8,0.592,0.0,0.983,5447.7,5654.1,0.0,9344.0,6656.0,0.0,4023.0532310671706
1731069493.31,19.8,0.474,0.0,1.56,5447.83,5654.29,0.0,9344.1,6655.9,0.0,4022.9519640433195
1731069493.81,20.5,0.536,0.0,2.32,5447.96,5654.48,0.0,9344.2,6655.8,0.0,4022.8507155995744
1731069494.31,19.8,0.667,0.0,2.88,5448.09,5654.67,0.0,9344.3,6655.7,0.0,4022.749485737335
1731069494.81,19.9,0.628,0.0,1.39,5448.22,5654.86,0.0,9344.4,6655.6,0.0,4022.648274458009
1731069495.31,19.8,0.52,0.0,0.863,5448.35,5655.05,0.0,9344.5,6655.5,0.0,4022.547081762996
1731069495.81,20.5,0.738,0.0,0.827,5448.48,5655.24,0.0,9344.6,6655.4,0.0,4022.445907653701
1731069496.31,19.8,0.779,0.0,0.919,5448.61,5655.43,0.0,9344.7,6655.3,0.0,4022.3447521315234
1731069496.81,19.8,0.707,0.0,1.38,5448.74,5655.62,0.0,9344.8,6655.2,0.0,4022.2436151978654
1731069497.31,19.8,0.707,0.0,7.21,5448.87,5655.81,0.0,9344.9,6655.1,0.0,4022.142496854133
1731069497.81,19.9,0.707,0.031,0.852,5449.0,5656.0,0.0,9345.0,6655.0,0.0,4022.0413971017256
1731069498.31,19.8,0.704,0.0,0.803,5449.13,5656.19,0.0,9345.1,6654.9,0.0,4021.940315942046
1731069498.81,19.8,0.825,0.0,1.7,5449.26,5656.38,0.0,9345.2,6654.8,0.0,4021.839253376495
1731069499.31,19.8,0.73,0.0,0.814,5449.39,5656.57,0.0,9345.3,6654.7,0.0,4021.738209406474
1731069499.81,19.8,0.321,0.0,1.1,5449.52,5656.76,0.0,9345.4,6654.6,0.0,4021.6371840333873
1731069500.31,20.5,0.409,0.0,1.41,5449.65,5656.95,0.0,9345.5,6654.5,0.0,4021.5361772586357
1731069500.81,19.8,0.372,0.0,0.802,5449.78,5657.14,0.0,9345.6,6654.4,0.0,4021.4351890836188
1731069501.31,19.8,0.45,0.0,1.14,5449.91,5657.33,0.0,9345.7,6654.3,0.0,4021.33421950974
1731069501.81,20.5,0.36,0.0,1.75,5450.04,5657.52,0.0,9345.8,6654.2,0.0,4021.2332685383963
1731069502.31,19.8,0.744,0.0,1.8,5450.17,5657.71,0.0,9345.9,6654.1,0.0,4021.132336170994
1731069502.81,19.8,0.416,0.0,0.89,5450.3,5657.9,0.0,9346.0,6654.0,0.0,4021.031422408932
1731069503.31,19.8,0.807,0.0,1.04,5450.43,5658.09,0.0,9346.1,6653.9,0.0,4020.9305272536108
1731069503.81,20.5,0.415,0.0,1.28,5450.56,5658.28,0.0,9346.2,6653.8,0.0,4020.8296507064315
1731069504.31,19.9,0.355,0.0,0.872,5450.69,5658.47,0.0,9346.3,6653.7,0.0,4020.728792768793
1731069504.81,19.8,0.6,0.0,3.04,5450.82,5658.66,0.0,9346.4,6653.6,0.0,4020.6279534420987
1731069505.31,19.9,0.407,0.0,3.4,5450.95,5658.85,0.0,9346.5,6653.5,0.0,4020.5271327277474
1731069505.81,20.5,0.362,0.0,0.864,5451.08,5659.04,0.0,9346.6,6653.4,0.0,4020.426330627139
1731069506.31,19.8,0.753,0.0,1.47,5451.21,5659.23,0.0,9346.7,6653.3,0.0,4020.3255471416746
1731069506.81,19.8,0.523,0.0,1.65,5451.34,5659.42,0.0,9346.8,6653.2,0.0,4020.224782272752
1731069507.31,19.8,0.481,0.0,0.774,5451.47,5659.61,0.0,9346.9,6653.1,0.0,4020.1240360217735
1731069507.81,20.5,0.612,0.0,4.96,5451.6,5659.8,0.0,9347.0,6653.0,0.0,4020.023308390139
1731069508.31,19.8,0.528,0.0,1.66,5451.73,5659.99,0.0,9347.1,6652.9,0.0,4019.9225993792475
1731069508.81,19.9,0.48,0.0,0.88,5451.86,5660.18,0.0,9347.2,6652.8,0.0,4019.8219089904974
1731069509.31,19.8,0.775,0.0,1.27,5451.99,5660.37,0.0,9347.3,6652.7,0.0,4019.7212372252875
1731069509.81,20.5,0.547,0.0,1.66,5452.12,5660.56,0.0,9347.4,6652.6,0.0,4019.6205840850203
1731069510.31,19.9,0.694,0.0,0.986,5452.25,5660.75,0.0,9347.5,6652.5,0.0,4019.5199495710926
1731069510.81,19.9,0.584,0.0,1.2,5452.38,5660.94,0.0,9347.6,6652.4,0.0,4019.419333684905
1731069511.31,19.8,0.771,0.0,1.02,5452.51,5661.13,0.0,9347.7,6652.3,0.0,4019.318736427854
1731069511.81,20.5,0.653,0.0,0.864,5452.64,5661.32,0.0,9347.8,6652.2,0.0,4019.218157801339
1731069512.31,19.8,0.553,0.0,1.06,5452.77,5661.51,0.0,9347.9,6652.1,0.0,4019.1175978067613
1731069512.81,19.8,0.531,0.0,1.57,5452.9,5661.7,0.0,9348.0,6652.0,0.0,4019.017056445519
1731069513.31,19.8,0.466,0.0,0.816,5453.03,5661.89,0.0,9348.1,6651.9,0.0,4018.916533719008
1731069513.81,20.5,0.623,0.0,0.869,5453.16,5662.08,0.0,9348.2,6651.8,0.0,4018.816029628628
1731069514.31,19.9,0.55,0.0,1.32,5453.29,5662.27,0.0,9348.3,6651.7,0.0,4018.7155441757745
1731069514.81,19.8,0.501,0.0,1.84,5453.42,5662.46,0.0,9348.4,6651.6,0.0,4018.615077361851
1731069515.31,19.9,0.641,0.0,1.17,5453.55,5662.65,0.0,9348.5,6651.5,0.0,4018.5146291882525
1731069515.81,20.5,0.559,0.0,1.44,5453.68,5662.84,0.0,9348.6,6651.4,0.0,4018.4141996563767
1731069516.31,19.8,0.603,0.0,0.883,5453.81,5663.03,0.0,9348.7,6651.3,0.0,4018.3137887676226
1731069516.81,19.9,0.665,0.0,0.865,5453.94,5663.22,0.0,9348.8,6651.2,0.0,4018.2133965233847
1731069517.31,19.8,0.622,0.0,0.788,5454.07,5663.41,0.0,9348.9,6651.1,0.0,4018.1130229250643
1731069517.81,18.6,11.127,0.065,1.03,5454.2,5663.6,0.0,9349.0,6651.0,0.0,4018.012667974057
1731069518.31,20.5,2.062,0.0,43.2,5454.33,5663.79,0.0,9349.1,6650.9,0.0,4017.9123316717605
1731069518.81,19.8,0.775,0.0,0.796,5454.46,5663.98,0.0,9349.2,6650.8,0.0,4017.8120140195715
1731069519.31,19.9,0.717,0.0,1.04,5454.59,5664.17,0.0,9349.3,6650.7,0.0,4017.7117150188856
1731069519.81,19.8,0.685,0.0,2.92,5454.72,5664.36,0.0,9349.4,6650.6,0.0,4017.611434671103
1731069520.31,20.5,0.662,0.0,0.765,5454.85,5664.55,0.0,9349.5,6650.5,0.0,4017.511172977618
1731069520.81,19.9,0.467,0.0,0.977,5454.98,5664.74,0.0,9349.6,6650.4,0.0,4017.4109299398297
1731069521.31,19.8,0.293,0.0,1.34,5455.11,5664.93,0.0,9349.7,6650.3,0.0,4017.3107055591317
1731069521.81,20.5,0.305,0.0,0.889,5455.24,5665.12,0.0,9349.8,6650.2,0.0,4017.21049983692
1731069522.31,19.8,0.476,0.0,0.823,5455.37,5665.31,0.0,9349.9,6650.1,0.0,4017.110312774594
1731069522.81,19.8,0.356,0.0,1.18,5455.5,5665.5,0.0,9350.0,6650.0,0.0,4017.010144373549
1731069523.31,19.8,0.544,0.0,1.26,5455.63,5665.69,0.0,9350.1,6649.9,0.0,4016.9099946351803
1731069523.81,20.5,0.488,0.0,1.35,5455.76,5665.88,0.0,9350.2,6649.8,0.0,4016.8098635608835
1731069524.31,19.9,0.361,0.0,1.48,5455.89,5666.07,0.0,9350.3,6649.7,0.0,4016.7097511520537
1731069524.81,19.8,0.329,0.0,1.52,5456.02,5666.26,0.0,9350.4,6649.6,0.0,4016.6096574100893
1731069525.31,19.8,0.53,0.0,1.1,5456.15,5666.45,0.0,9350.5,6649.5,0.0,4016.5095823363854
1731069525.81,19.8,0.525,0.0,0.782,5456.28,5666.64,0.0,9350.6,6649.4,0.0,4016.409525932335
1731069526.31,19.8,0.485,0.0,2.05,5456.41,5666.83,0.0,9350.7,6649.3,0.0,4016.3094881993356
1731069526.81,19.2,4.784,0.062,9.39,5456.54,5667.02,0.0,9350.8,6649.2,0.0,4016.209469138779
1731069527.31,19.8,1.106,0.0,0.876,5456.67,5667.21,0.0,9350.9,6649.1,0.0,4016.1094687520654
1731069527.81,20.5,0.718,0.0,0.924,5456.8,5667.4,0.0,9351.0,6649.0,0.0,4016.009487040587
1731069528.31,19.8,0.603,0.0,1.06,5456.93,5667.59,0.0,9351.1,6648.9,0.0,4015.9095240057386
1731069528.81,19.8,0.546,0.0,1.25,5457.06,5667.78,0.0,9351.2,6648.8,0.0,4015.809579648916
1731069529.31,19.8,0.527,0.0,1.36,5457.19,5667.97,0.0,9351.3,6648.7,0.0,4015.7096539715117
1731069529.81,19.8,0.84,0.0,1.38,5457.32,5668.16,0.0,9351.4,6648.6,0.0,4015.6097469749225
1731069530.31,20.5,0.957,0.0,4.84,5457.45,5668.35,0.0,9351.5,6648.5,0.0,4015.5098586605413
1731069530.81,19.8,0.688,0.0,0.71,5457.58,5668.54,0.0,9351.6,6648.4,0.0,4015.409989029763
1731069531.31,19.8,0.635,0.0,0.579,5457.71,5668.73,0.0,9351.7,6648.3,0.0,4015.310138083982
1731069531.81,20.5,0.574,0.0,0.748,5457.84,5668.92,0.0,9351.8,6648.2,0.0,4015.2103058245893
1731069532.31,19.8,0.509,0.0,1.07,5457.97,5669.11,0.0,9351.9,6648.1,0.0,4015.1104922529835
1731069532.81,19.8,0.553,0.0,1.44,5458.1,5669.3,0.0,9352.0,6648.0,0.0,4015.0106973705556
1731069533.31,19.8,0.723,0.0,0.839,5458.23,5669.49,0.0,9352.1,6647.9,0.0,4014.910921178701
1731069533.81,19.8,0.456,0.0,1.48,5458.36,5669.68,0.0,9352.2,6647.8,0.0,4014.811163678811
1731069534.31,20.5,0.527,0.0,1.34,5458.49,5669.87,0.0,9352.3,6647.7,0.0,4014.711424872278
1731069534.81,19.8,0.436,0.0,1.08,5458.62,5670.06,0.0,9352.4,6647.6,0.0,4014.611704760499
1731069535.31,19.2,2.462,0.0,0.862,5458.75,5670.25,0.0,9352.5,6647.5,0.0,4014.5120033448648
1731069535.81,15.4,17.59,0.25,1.056,5458.88,5670.44,0.0,9352.6,6647.4,0.0,4014.412320626769
1731069536.31,20.5,3.013,0.0,1.25,5459.01,5670.63,0.0,9352.7,6647.3,0.0,4014.312656607605
1731069536.81,19.2,0.824,0.032,1.52,5459.14,5670.82,0.0,9352.8,6647.2,0.0,4014.213011288762
1731069537.31,19.8,0.581,0.0,0.911,5459.27,5671.01,0.0,9352.9,6647.1,0.0,4014.113384671638
1731069537.81,19.8,0.714,0.0,6.74,5459.4,5671.2,0.0,9353.0,6647.0,0.0,4014.013776757624
1731069538.31,20.5,0.661,0.0,0.819,5459.53,5671.39,0.0,9353.1,6646.9,0.0,4013.91418754811
1731069538.81,19.8,0.69,0.0,0.974,5459.66,5671.58,0.0,9353.2,6646.8,0.0,4013.81461704449
1731069539.31,19.8,0.666,0.0,1.07,5459.79,5671.77,0.0,9353.3,6646.7,0.0,4013.715065248154
1731069539.81,20.5,0.805,0.0,1.14,5459.92,5671.96,0.0,9353.4,6646.6,0.0,4013.6155321604983
1731069540.31,19.6,0.899,0.0,1.05,5460.05,5672.15,0.0,9353.5,6646.5,0.0,4013.5160177829116
1731069540.81,20.1,1.263,0.0,1.07,5460.18,5672.34,0.0,9353.6,6646.4,0.0,4013.4165221167864
1731069541.31,19.8,0.749,0.0,0.831,5460.31,5672.53,0.0,9353.7,6646.3,0.0,4013.3170451635146
1731069541.81,20.5,0.84,0.0,0.806,5460.44,5672.72,0.0,9353.8,6646.2,0.0,4013.217586924486
1731069542.31,19.8,0.591,0.0,0.819,5460.57,5672.91,0.0,9353.9,6646.1,0.0,4013.1181474010955
1731069542.81,19.9,0.432,0.0,0.981,5460.7,5673.1,0.0,9354.0,6646.0,0.0,4013.0187265947316
1731069543.31,19.8,0.424,0.0,1.57,5460.83,5673.29,0.0,9354.1,6645.9,0.0,4012.9193245067863
1731069543.81,20.5,0.269,0.0,0.825,5460.96,5673.48,0.0,9354.2,6645.8,0.0,4012.819941138651
1731069544.31,19.8,0.339,0.0,1.65,5461.09,5673.67,0.0,9354.3,6645.7,0.0,4012.720576491714
1731069544.81,19.8,0.29,0.0,0.893,5461.22,5673.86,0.0,9354.4,6645.6,0.0,4012.6212305673703
1731069545.31,19.2,0.417,0.032,1.12,5461.35,5674.05,0.0,9354.5,6645.5,0.0,4012.521903367008
1731069545.81,20.5,0.449,0.0,4.83,5461.48,5674.24,0.0,9354.6,6645.4,0.0,4012.4225948920193
1731069546.31,19.8,0.523,0.0,0.836,5461.61,5674.43,0.0,9354.7,6645.3,0.0,4012.323305143793
1731069546.81,19.8,0.541,0.0,0.841,5461.74,5674.62,0.0,9354.8,6645.2,0.0,4012.224034123717
1731069547.31,19.8,0.429,0.0,1.08,5461.87,5674.81,0.0,9354.9,6645.1,0.0,4012.124781833187
1731069547.81,20.5,0.641,0.0,1.35,5462.0,5675.0,0.0,9355.0,6645.0,0.0,4012.0255482735897
1731069548.31,19.8,0.671,0.0,1.69,5462.13,5675.19,0.0,9355.1,6644.9,0.0,4011.926333446316
1731069548.81,19.8,0.405,0.0,0.898,5462.26,5675.38,0.0,9355.2,6644.8,0.0,4011.8271373527555
1731069549.31,19.8,0.458,0.0,1.309,5462.39,5675.57,0.0,9355.3,6644.7,0.0,4011.7279599942954
1731069549.81,20.5,0.641,0.0,1.72,5462.52,5675.76,0.0,9355.4,6644.6,0.0,4011.6288013723297
1731069550.31,19.9,0.584,0.0,1.89,5462.65,5675.95,0.0,9355.5,6644.5,0.0,4011.5296614882463
1731069550.81,19.8,0.479,0.0,1.26,5462.78,5676.14,0.0,9355.6,6644.4,0.0,4011.4305403434323
1731069551.31,19.8,0.463,0.0,1.14,5462.91,5676.33,0.0,9355.7,6644.3,0.0,4011.3314379392796
1731069551.81,20.5,0.888,0.0,1.17,5463.04,5676.52,0.0,9355.8,6644.2,0.0,4011.2323542771733
1731069552.31,19.9,0.616,0.0,1.06,5463.17,5676.71,0.0,9355.9,6644.1,0.0,4011.133289358507
1731069552.81,19.8,0.555,0.0,0.986,5463.3,5676.9,0.0,9356.0,6644.0,0.0,4011.0342431846675
1731069553.31,19.8,0.774,0.0,6.12,5463.43,5677.09,0.0,9356.1,6643.9,0.0,4010.9352157570434
1731069553.81,20.5,0.717,0.0,0.939,5463.56,5677.28,0.0,9356.2,6643.8,0.0,4010.8362070770236
1731069554.31,19.8,1.179,0.0,0.938,5463.69,5677.47,0.0,9356.3,6643.7,0.0,4010.7372171459947
1731069554.81,19.8,0.792,0.0,0.805,5463.82,5677.66,0.0,9356.4,6643.6,0.0,4010.638245965348
1731069555.31,19.8,0.423,0.0,1.28,5463.95,5677.85,0.0,9356.5,6643.5,0.0,4010.539293536469
1731069555.81,20.5,0.748,0.0,1.73,5464.08,5678.04,0.0,9356.6,6643.4,0.0,4010.440359860748
1731069556.31,19.8,0.453,0.0,0.913,5464.21,5678.23,0.0,9356.7,6643.3,0.0,4010.341444939571
1731069556.81,19.8,0.504,0.0,0.838,5464.34,5678.42,0.0,9356.8,6643.2,0.0,4010.242548774325
1731069557.31,19.8,0.492,0.0,1.94,5464.47,5678.61,0.0,9356.9,6643.1,0.0,4010.1436713664007
1731069557.81,20.5,0.459,0.0,1.35,5464.6,5678.8,0.0,9357.0,6643.0,0.0,4010.0448127171844
1731069558.31,19.8,0.478,0.0,0.903,5464.73,5678.99,0.0,9357.1,6642.9,0.0,4009.9459728280635
1731069558.81,19.9,0.594,0.0,0.978,5464.86,5679.18,0.0,9357.2,6642.8,0.0,4009.8471517004245
1731069559.31,19.8,0.877,0.0,0.907,5464.99,5679.37,0.0,9357.3,6642.7,0.0,4009.748349335653
1731069559.81,20.5,0.648,0.0,1.04,5465.12,5679.56,0.0,9357.4,6642.6,0.0,4009.64956573514
1731069560.31,19.8,0.625,0.0,1.06,5465.25,5679.75,0.0,9357.5,6642.5,0.0,4009.5508009002706
1731069560.81,19.8,0.791,0.0,0.823,5465.38,5679.94,0.0,9357.6,6642.4,0.0,4009.452054832431
1731069561.31,19.8,0.735,0.0,0.902,5465.51,5680.13,0.0,9357.7,6642.3,0.0,4009.3533275330083
1731069561.81,20.5,0.749,0.0,1.03,5465.64,5680.32,0.0,9357.8,6642.2,0.0,4009.254619003387
1731069562.31,19.8,0.729,0.0,0.958,5465.77,5680.51,0.0,9357.9,6642.1,0.0,4009.155929244957
1731069562.81,19.8,0.838,0.0,1.05,5465.9,5680.7,0.0,9358.0,6642.0,0.0,4009.0572582591035
1731069563.31,19.8,0.676,0.0,0.799,5466.03,5680.89,0.0,9358.1,6641.9,0.0,4008.958606047212
1731069563.81,19.8,0.337,0.0,1.0,5466.16,5681.08,0.0,9358.2,6641.8,0.0,4008.859972610668
1731069564.31,20.5,0.341,0.0,1.45,5466.29,5681.27,0.0,9358.3,6641.7,0.0,4008.761357950856
1731069564.81,19.8,0.349,0.0,0.831,5466.42,5681.46,0.0,9358.4,6641.6,0.0,4008.662762069166
1731069565.31,19.8,0.502,0.0,1.54,5466.55,5681.65,0.0,9358.5,6641.5,0.0,4008.5641849669814
1731069565.81,20.5,0.563,0.0,1.38,5466.68,5681.84,0.0,9358.6,6641.4,0.0,4008.465626645687
1731069566.31,19.8,0.365,0.0,5.46,5466.81,5682.03,0.0,9358.7,6641.3,0.0,4008.3670871066693
1731069566.81,19.9,0.567,0.0,2.38,5466.94,5682.22,0.0,9358.8,6641.2,0.0,4008.268566351311
1731069567.31,19.8,0.392,0.0,2.79,5467.07,5682.41,0.0,9358.9,6641.1,0.0,4008.1700643810013
1731069567.81,20.5,0.518,0.0,3.1,5467.2,5682.6,0.0,9359.0,6641.0,0.0,4008.071581197122
1731069568.31,19.8,0.323,0.0,3.85,5467.33,5682.79,0.0,9359.1,6640.9,0.0,4007.97311680106
1731069568.81,19.8,0.369,0.0,0.95,5467.46,5682.98,0.0,9359.2,6640.8,0.0,4007.8746711941985
1731069569.31,19.8,0.904,0.0,0.834,5467.59,5683.17,0.0,9359.3,6640.7,0.0,4007.776244377921
1731069569.81,20.5,0.461,0.0,1.66,5467.72,5683.36,0.0,9359.4,6640.6,0.0,4007.6778363536155
1731069570.31,19.8,0.41,0.0,1.4,5467.85,5683.55,0.0,9359.5,6640.5,0.0,4007.579447122664
1731069570.81,19.8,0.438,0.0,1.28,5467.98,5683.74,0.0,9359.6,6640.4,0.0,4007.481076686452
1731069571.31,19.9,0.519,0.0,6.53,5468.11,5683.93,0.0,9359.7,6640.3,0.0,4007.3827250463623
1731069571.81,20.5,0.523,0.0,1.13,5468.24,5684.12,0.0,9359.8,6640.2,0.0,4007.2843922037773
1731069572.31,19.8,0.582,0.0,1.18,5468.37,5684.31,0.0,9359.9,6640.1,0.0,4007.1860781600844
1731069572.81,19.9,0.559,0.0,1.42,5468.5,5684.5,0.0,9360.0,6640.0,0.0,4007.0877829166657
1731069573.31,19.8,0.607,0.0,0.922,5468.63,5684.69,0.0,9360.1,6639.9,0.0,4006.989506474905
1731069573.81,20.5,0.543,0.0,0.858,5468.76,5684.88,0.0,9360.2,6639.8,0.0,4006.8912488361852
1731069574.31,19.8,0.569,0.0,1.05,5468.89,5685.07,0.0,9360.3,6639.7,0.0,4006.7930100018884
1731069574.81,19.8,0.584,0.0,1.33,5469.02,5685.26,0.0,9360.4,6639.6,0.0,4006.6947899734005
1731069575.31,19.8,0.66,0.0,0.813,5469.15,5685.45,0.0,9360.5,6639.5,0.0,4006.5965887521047
1731069575.81,20.5,0.795,0.0,1.02,5469.28,5685.64,0.0,9360.6,6639.4,0.0,4006.4984063393817
1731069576.31,19.8,0.623,0.0,1.39,5469.41,5685.83,0.0,9360.7,6639.3,0.0,4006.400242736615
1731069576.81,19.9,0.637,0.0,0.791,5469.54,5686.02,0.0,9360.8,6639.2,0.0,4006.3020979451853
1731069577.31,19.8,0.509,0.0,1.01,5469.67,5686.21,0.0,9360.9,6639.1,0.0,4006.2039719664795
1731069577.81,20.5,0.379,0.0,1.47,5469.8,5686.4,0.0,9361.0,6639.0,0.0,4006.1058648018775
1731069578.31,19.2,0.534,0.032,1.97,5469.93,5686.59,0.0,9361.1,6638.9,0.0,4006.007776452762
1731069578.81,19.8,0.497,0.0,0.911,5470.06,5686.78,0.0,9361.2,6638.8,0.0,4005.9097069205145
1731069579.31,19.8,0.592,0.0,0.806,5470.19,5686.97,0.0,9361.3,6638.7,0.0,4005.8116562065165
1731069579.81,20.5,0.555,0.0,0.941,5470.32,5687.16,0.0,9361.4,6638.6,0.0,4005.7136243121527
1731069580.31,19.2,0.572,0.032,1.07,5470.45,5687.35,0.0,9361.5,6638.5,0.0,4005.615611238802
1731069580.81,19.9,0.536,0.0,0.886,5470.58,5687.54,0.0,9361.6,6638.4,0.0,4005.5176169878473
1731069581.31,19.8,0.584,0.0,1.05,5470.71,5687.73,0.0,9361.7,6638.3,0.0,4005.4196415606702
1731069581.81,20.5,0.843,0.0,2.96,5470.84,5687.92,0.0,9361.8,6638.2,0.0,4005.3216849586493
1731069582.31,19.8,0.628,0.0,1.2,5470.97,5688.11,0.0,9361.9,6638.1,0.0,4005.2237471831704
1731069582.81,19.8,0.64,0.0,0.807,5471.1,5688.3,0.0,9362.0,6638.0,0.0,4005.125828235612
1731069583.31,19.8,0.986,0.0,0.667,5471.23,5688.49,0.0,9362.1,6637.9,0.0,4005.0279281173566
1731069583.81,20.5,0.808,0.0,1.18,5471.36,5688.68,0.0,9362.2,6637.8,0.0,4004.930046829783
1731069584.31,19.9,0.788,0.0,1.06,5471.49,5688.87,0.0,9362.3,6637.7,0.0,4004.832184374271
1731069584.81,19.2,0.643,0.032,1.21,5471.62,5689.06,0.0,9362.4,6637.6,0.0,4004.7343407522053
1731069585.31,19.8,0.467,0.0,0.857,5471.75,5689.25,0.0,9362.5,6637.5,0.0,4004.636515964963
1731069585.81,20.5,0.567,0.0,0.993,5471.88,5689.44,0.0,9362.6,6637.4,0.0,4004.5387100139264
1731069586.31,19.8,0.598,0.0,1.47,5472.01,5689.63,0.0,9362.7,6637.3,0.0,4004.4409229004746
1731069586.81,19.8,0.615,0.0,0.903,5472.14,5689.82,0.0,9362.8,6637.2,0.0,4004.343154625986
1731069587.31,19.8,0.445,0.0,0.836,5472.27,5690.01,0.0,9362.9,6637.1,0.0,4004.245405191844
1731069587.81,20.5,0.695,0.0,0.87,5472.4,5690.2,0.0,9363.0,6637.0,0.0,4004.147674599428
1731069588.31,19.8,0.443,0.0,1.14,5472.53,5690.39,0.0,9363.1,6636.9,0.0,4004.0499628501148
1731069588.81,19.8,0.329,0.0,1.32,5472.66,5690.58,0.0,9363.2,6636.8,0.0,4003.952269945286
1731069589.31,19.8,0.554,0.0,7.34,5472.79,5690.77,0.0,9363.3,6636.7,0.0,4003.8545958863183
1731069589.81,20.5,0.434,0.0,0.959,5472.92,5690.96,0.0,9363.4,6636.6,0.0,4003.7569406745956
1731069590.31,19.8,0.486,0.0,0.792,5473.05,5691.15,0.0,9363.5,6636.5,0.0,4003.6593043114945
1731069590.81,19.8,0.99,0.0,1.03,5473.18,5691.34,0.0,9363.6,6636.4,0.0,4003.5616867983936
1731069591.31,19.8,0.655,0.0,1.05,5473.31,5691.53,0.0,9363.7,6636.3,0.0,4003.464088136673
1731069591.81,20.5,0.448,0.0,1.26,5473.44,5691.72,0.0,9363.8,6636.2,0.0,4003.3665083277097
1731069592.31,18.5,9.911,0.065,0.908,5473.57,5691.91,0.0,9363.9,6636.1,0.0,4003.268947372884
1731069592.81,19.2,1.974,0.032,0.875,5473.7,5692.1,0.0,9364.0,6636.0,0.0,4003.171405273574
1731069593.31,19.8,0.648,0.0,1.3,5473.83,5692.29,0.0,9364.1,6635.9,0.0,4003.073882031158
1731069593.81,20.5,0.468,0.0,1.55,5473.96,5692.48,0.0,9364.2,6635.8,0.0,4002.9763776470136
1731069594.31,19.8,0.537,0.0,0.842,5474.09,5692.67,0.0,9364.3,6635.7,0.0,4002.8788921225173
1731069594.81,19.9,0.626,0.0,0.951,5474.22,5692.86,0.0,9364.4,6635.6,0.0,4002.7814254590517
1731069595.31,19.8,0.581,0.0,1.22,5474.35,5693.05,0.0,9364.5,6635.5,0.0,4002.683977657991
1731069595.81,20.5,0.651,0.0,2.12,5474.48,5693.24,0.0,9364.6,6635.4,0.0,4002.586548720715
1731069596.31,19.8,0.939,0.0,1.01,5474.61,5693.43,0.0,9364.7,6635.3,0.0,4002.4891386485992
1731069596.81,19.8,0.835,0.0,0.852,5474.74,5693.62,0.0,9364.8,6635.2,0.0,4002.3917474430204
1731069597.31,19.8,0.588,0.0,0.973,5474.87,5693.81,0.0,9364.9,6635.1,0.0,4002.2943751053594
1731069597.81,19.8,0.372,0.0,1.03,5475.0,5694.0,0.0,9365.0,6635.0,0.0,4002.197021636991
1731069598.31,20.5,0.523,0.0,1.18,5475.13,5694.19,0.0,9365.1,6634.9,0.0,4002.0996870392923
1731069598.81,19.8,0.545,0.0,0.923,5475.26,5694.38,0.0,9365.2,6634.8,0.0,4002.0023713136407
1731069599.31,19.9,0.5,0.0,0.842,5475.39,5694.57,0.0,9365.3,6634.7,0.0,4001.905074461411
1731069599.81,20.5,0.677,0.0,0.991,5475.52,5694.76,0.0,9365.4,6634.6,0.0,4001.8077964839836
1731069600.31,19.8,0.517,0.0,1.59,5475.65,5694.95,0.0,9365.5,6634.5,0.0,4001.710537382733
1731069600.81,19.8,0.495,0.0,0.952,5475.78,5695.14,0.0,9365.6,6634.4,0.0,4001.613297159035
1731069601.31,19.8,0.719,0.0,0.93,5475.91,5695.33,0.0,9365.7,6634.3,0.0,4001.5160758142665
1731069601.81,20.5,0.683,0.0,1.27,5476.04,5695.52,0.0,9365.8,6634.2,0.0,4001.4188733498013
1731069602.31,19.8,0.613,0.0,0.895,5476.17,5695.71,0.0,9365.9,6634.1,0.0,4001.3216897670195
1731069602.81,19.8,0.526,0.0,6.41,5476.3,5695.9,0.0,9366.0,6634.0,0.0,4001.224525067295
1731069603.31,19.8,0.769,0.0,0.874,5476.43,5696.09,0.0,9366.1,6633.9,0.0,4001.127379252003
1731069603.81,20.5,0.644,0.0,5.32,5476.56,5696.28,0.0,9366.2,6633.8,0.0,4001.0302523225196
1731069604.31,19.8,0.63,0.0,1.2,5476.69,5696.47,0.0,9366.3,6633.7,0.0,4000.9331442802186
1731069604.81,19.9,0.522,0.0,0.876,5476.82,5696.66,0.0,9366.4,6633.6,0.0,4000.836055126478
1731069605.31,19.2,5.469,0.032,36.3,5476.95,5696.85,0.0,9366.5,6633.5,0.0,4000.7389848626717
1731069605.81,20.5,1.256,0.0,0.844,5477.08,5697.04,0.0,9366.6,6633.4,0.0,4000.641933490175
1731069606.31,19.8,0.577,0.0,0.874,5477.21,5697.23,0.0,9366.7,6633.3,0.0,4000.544901010362
1731069606.81,19.8,0.585,0.0,1.03,5477.34,5697.42,0.0,9366.8,6633.2,0.0,4000.447887424606
1731069607.31,19.8,0.31,0.0,1.03,5477.47,5697.61,0.0,9366.9,6633.1,0.0,4000.350892734286
1731069607.81,20.5,0.41,0.0,1.38,5477.6,5697.8,0.0,9367.0,6633.0,0.0,4000.253916940773
1731069608.31,19.8,0.463,0.0,1.19,5477.73,5697.99,0.0,9367.1,6632.9,0.0,4000.156960045444
1731069608.81,19.8,0.751,0.0,0.865,5477.86,5698.18,0.0,9367.2,6632.8,0.0,4000.06002204967
1731069609.31,19.9,0.563,0.0,1.23,5477.99,5698.37,0.0,9367.3,6632.7,0.0,3999.9631029548254
1731069609.81,20.5,0.535,0.0,1.12,5478.12,5698.56,0.0,9367.4,6632.6,0.0,3999.8662027622872
1731069610.31,19.8,0.424,0.0,0.859,5478.25,5698.75,0.0,9367.5,6632.5,0.0,3999.769321473427
1731069610.81,19.8,0.978,0.0,1.03,5478.38,5698.94,0.0,9367.6,6632.4,0.0,3999.672459089619
1731069611.31,19.9,0.747,0.0,6.66,5478.51,5699.13,0.0,9367.7,6632.3,0.0,3999.575615612237
1731069611.81,20.5,1.069,0.0,1.31,5478.64,5699.32,0.0,9367.8,6632.2,0.0,3999.4787910426517
1731069612.31,19.8,0.51,0.0,1.56,5478.77,5699.51,0.0,9367.9,6632.1,0.0,3999.381985382241
1731069612.81,19.8,0.731,0.0,1.11,5478.9,5699.7,0.0,9368.0,6632.0,0.0,3999.2851986323763
1731069613.31,19.9,0.499,0.0,1.27,5479.03,5699.89,0.0,9368.1,6631.9,0.0,3999.1884307944288
1731069613.81,20.5,0.447,0.0,1.3,5479.16,5700.08,0.0,9368.2,6631.8,0.0,3999.091681869773
1731069614.31,19.8,0.593,0.0,0.884,5479.29,5700.27,0.0,9368.3,6631.7,0.0,3998.9949518597787
1731069614.81,19.8,0.697,0.0,0.967,5479.42,5700.46,0.0,9368.4,6631.6,0.0,3998.898240765823
1731069615.31,19.8,0.643,0.0,1.05,5479.55,5700.65,0.0,9368.5,6631.5,0.0,3998.801548589277
1731069615.81,20.5,0.509,0.0,1.53,5479.68,5700.84,0.0,9368.6,6631.4,0.0,3998.7048753315116
1731069616.31,19.8,0.676,0.0,0.809,5479.81,5701.03,0.0,9368.7,6631.3,0.0,3998.6082209939
1731069616.81,19.8,0.545,0.0,0.935,5479.94,5701.22,0.0,9368.8,6631.2,0.0,3998.5115855778126
1731069617.31,19.8,0.543,0.0,2.9,5480.07,5701.41,0.0,9368.9,6631.1,0.0,3998.4149690846248
1731069617.81,20.5,0.67,0.0,0.883,5480.2,5701.6,0.0,9369.0,6631.0,0.0,3998.318371515705
1731069618.31,19.8,0.562,0.0,1.37,5480.33,5701.79,0.0,9369.1,6630.9,0.0,3998.2217928724267
1731069618.81,19.8,0.756,0.0,1.94,5480.46,5701.98,0.0,9369.2,6630.8,0.0,3998.125233156161
1731069619.31,19.8,0.431,0.0,1.05,5480.59,5702.17,0.0,9369.3,6630.7,0.0,3998.028692368277
1731069619.81,20.5,0.456,0.0,1.39,5480.72,5702.36,0.0,9369.4,6630.6,0.0,3997.9321705101497
1731069620.31,19.8,0.589,0.0,0.981,5480.85,5702.55,0.0,9369.5,6630.5,0.0,3997.8356675831483
1731069620.81,19.8,0.426,0.0,1.27,5480.98,5702.74,0.0,9369.6,6630.4,0.0,3997.739183588645
1731069621.31,19.9,0.503,0.0,0.794,5481.11,5702.93,0.0,9369.7,6630.3,0.0,3997.6427185280086
1731069621.81,20.5,0.695,0.0,1.05,5481.24,5703.12,0.0,9369.8,6630.2,0.0,3997.5462724026092
1731069622.31,19.8,0.868,0.0,1.07,5481.37,5703.31,0.0,9369.9,6630.1,0.0,3997.4498452138205
1731069622.81,19.8,0.565,0.0,8.18,5481.5,5703.5,0.0,9370.0,6630.0,0.0,3997.3534369630115
1731069623.31,19.8,0.75,0.0,1.03,5481.63,5703.69,0.0,9370.1,6629.9,0.0,3997.257047651552
1731069623.81,20.5,0.678,0.0,1.08,5481.76,5703.88,0.0,9370.2,6629.8,0.0,3997.1606772808127
1731069624.31,19.8,0.571,0.0,0.84,5481.89,5704.07,0.0,9370.3,6629.7,0.0,3997.0643258521613
1731069624.81,19.8,0.72,0.0,1.89,5482.02,5704.26,0.0,9370.4,6629.6,0.0,3996.9679933669713
1731069625.31,19.8,0.666,0.0,0.845,5482.15,5704.45,0.0,9370.5,6629.5,0.0,3996.871679826612
1731069625.81,20.5,0.716,0.0,0.983,5482.28,5704.64,0.0,9370.6,6629.4,0.0,3996.775385232451
1731069626.31,19.8,0.683,0.0,1.5,5482.41,5704.83,0.0,9370.7,6629.3,0.0,3996.679109585858
1731069626.81,19.8,0.69,0.0,0.806,5482.54,5705.02,0.0,9370.8,6629.2,0.0,3996.582852888201
1731069627.31,19.8,0.677,0.0,0.709,5482.67,5705.21,0.0,9370.9,6629.1,0.0,3996.4866151408537
1731069627.81,19.8,0.483,0.0,2.47,5482.8,5705.4,0.0,9371.0,6629.0,0.0,3996.3903963451817
1731069628.31,20.5,0.472,0.0,1.15,5482.93,5705.59,0.0,9371.1,6628.9,0.0,3996.2941965025548
1731069628.81,19.8,0.326,0.0,2.65,5483.06,5705.78,0.0,9371.2,6628.8,0.0,3996.198015614342
1731069629.31,19.8,0.529,0.0,0.895,5483.19,5705.97,0.0,9371.3,6628.7,0.0,3996.10185368191
1731069629.81,20.5,0.432,0.0,0.92,5483.32,5706.16,0.0,9371.4,6628.6,0.0,3996.00571070663
1731069630.31,19.8,0.368,0.0,0.842,5483.45,5706.35,0.0,9371.5,6628.5,0.0,3995.9095866898692
1731069630.81,19.8,0.272,0.0,0.885,5483.58,5706.54,0.0,9371.6,6628.4,0.0,3995.8134816329957
1731069631.31,19.8,0.553,0.0,1.74,5483.71,5706.73,0.0,9371.7,6628.3,0.0,3995.717395537378
1731069631.81,19.8,0.494,0.0,0.979,5483.84,5706.92,0.0,9371.8,6628.2,0.0,3995.621328404381
1731069632.31,20.5,0.555,0.0,1.78,5483.97,5707.11,0.0,9371.9,6628.1,0.0,3995.525280235378
1731069632.81,19.9,0.367,0.0,0.781,5484.1,5707.3,0.0,9372.0,6628.0,0.0,3995.429251031733
1731069633.31,19.8,1.471,0.0,1.52,5484.23,5707.49,0.0,9372.1,6627.9,0.0,3995.333240794816
1731069633.81,20.5,0.762,0.0,2.23,5484.36,5707.68,0.0,9372.2,6627.8,0.0,3995.2372495259915
1731069634.31,19.8,0.51,0.0,0.862,5484.49,5707.87,0.0,9372.3,6627.7,0.0,3995.1412772266262
1731069634.81,19.8,0.47,0.0,1.03,5484.62,5708.06,0.0,9372.4,6627.6,0.0,3995.0453238980904
1731069635.31,19.8,0.424,0.0,1.33,5484.75,5708.25,0.0,9372.5,6627.5,0.0,3994.94938954175
1731069635.81,20.5,0.454,0.0,0.85,5484.88,5708.44,0.0,9372.6,6627.4,0.0,3994.853474158971
1731069636.31,19.8,0.907,0.0,4.66,5485.01,5708.63,0.0,9372.7,6627.3,0.0,3994.757577751121
1731069636.81,19.8,0.51,0.0,0.882,5485.14,5708.82,0.0,9372.8,6627.2,0.0,3994.6617003195643
1731069637.31,19.8,0.704,0.0,0.828,5485.27,5709.01,0.0,9372.9,6627.1,0.0,3994.5658418656703
1731069637.81,20.5,0.672,0.0,1.16,5485.4,5709.2,0.0,9373.0,6627.0,0.0,3994.470002390806
1731069638.31,19.8,0.521,0.0,0.843,5485.53,5709.39,0.0,9373.1,6626.9,0.0,3994.3741818963335
1731069638.81,19.8,0.826,0.0,1.21,5485.66,5709.58,0.0,9373.2,6626.8,0.0,3994.2783803836214
1731069639.31,19.8,0.612,0.0,1.15,5485.79,5709.77,0.0,9373.3,6626.7,0.0,3994.1825978540332
1731069639.81,20.5,0.605,0.0,0.86,5485.92,5709.96,0.0,9373.4,6626.6,0.0,3994.0868343089387
1731069640.31,19.8,0.545,0.0,0.832,5486.05,5710.15,0.0,9373.5,6626.5,0.0,3993.9910897497
1731069640.81,19.8,0.711,0.0,0.976,5486.18,5710.34,0.0,9373.6,6626.4,0.0,3993.8953641776848
1731069641.31,19.8,0.557,0.0,1.5,5486.31,5710.53,0.0,9373.7,6626.3,0.0,3993.7996575942566
1731069641.81,20.5,0.398,0.0,0.843,5486.44,5710.72,0.0,9373.8,6626.2,0.0,3993.703970000781
1731069642.31,19.8,0.525,0.0,1.34,5486.57,5710.91,0.0,9373.9,6626.1,0.0,3993.6083013986236
1731069642.81,19.8,0.535,0.0,1.95,5486.7,5711.1,0.0,9374.0,6626.0,0.0,3993.512651789149
1731069643.31,19.8,0.605,0.0,1.21,5486.83,5711.29,0.0,9374.1,6625.9,0.0,3993.417021173722
1731069643.81,20.5,0.576,0.0,2.04,5486.96,5711.48,0.0,9374.2,6625.8,0.0,3993.3214095537073
1731069644.31,19.8,0.471,0.0,0.753,5487.09,5711.67,0.0,9374.3,6625.7,0.0,3993.225816930467
1731069644.81,19.8,0.558,0.0,1.13,5487.22,5711.86,0.0,9374.4,6625.6,0.0,3993.1302433053693
1731069645.31,19.8,0.795,0.0,2.21,5487.35,5712.05,0.0,9374.5,6625.5,0.0,3993.034688679776
1731069645.81,20.5,0.554,0.0,0.851,5487.48,5712.24,0.0,9374.6,6625.4,0.0,3992.9391530550533
1731069646.31,19.8,0.822,0.0,1.04,5487.61,5712.43,0.0,9374.7,6625.3,0.0,3992.8436364325626
1731069646.81,19.8,0.666,0.0,1.91,5487.74,5712.62,0.0,9374.8,6625.2,0.0,3992.748138813666
1731069647.31,19.9,0.853,0.0,2.06,5487.87,5712.81,0.0,9374.9,6625.1,0.0,3992.652660199732
1731069647.81,20.5,0.678,0.0,1.66,5488.0,5713.0,0.0,9375.0,6625.0,0.0,3992.5572005921217
1731069648.31,19.8,0.629,0.0,0.802,5488.13,5713.19,0.0,9375.1,6624.9,0.0,3992.461759992198
1731069648.81,19.9,0.756,0.0,0.878,5488.26,5713.38,0.0,9375.2,6624.8,0.0,3992.3663384013253
1731069649.31,19.8,0.435,0.0,0.738,5488.39,5713.57,0.0,9375.3,6624.7,0.0,3992.2709358208635
1731069649.81,20.5,0.346,0.0,0.802,5488.52,5713.76,0.0,9375.4,6624.6,0.0,3992.1755522521794
1731069650.31,19.8,0.528,0.0,0.874,5488.65,5713.95,0.0,9375.5,6624.5,0.0,3992.080187696635
1731069650.81,19.8,0.378,0.0,0.956,5488.78,5714.14,0.0,9375.6,6624.4,0.0,3991.9848421555917
1731069651.31,19.9,0.443,0.0,1.38,5488.91,5714.33,0.0,9375.7,6624.3,0.0,3991.889515630412
1731069651.81,20.5,0.347,0.0,0.787,5489.04,5714.52,0.0,9375.8,6624.2,0.0,3991.794208122457
1731069652.31,19.8,0.645,0.0,0.738,5489.17,5714.71,0.0,9375.9,6624.1,0.0,3991.6989196330924
1731069652.81,19.9,0.61,0.0,1.27,5489.3,5714.9,0.0,9376.0,6624.0,0.0,3991.603650163678
1731069653.31,19.8,0.357,0.0,2.71,5489.43,5715.09,0.0,9376.1,6623.9,0.0,3991.508399715576
1731069653.81,20.5,0.319,0.0,0.847,5489.56,5715.28,0.0,9376.2,6623.8,0.0,3991.413168290149
1731069654.31,19.8,0.414,0.0,0.716,5489.69,5715.47,0.0,9376.3,6623.7,0.0,3991.317955888756
1731069654.81,19.8,0.396,0.0,0.829,5489.82,5715.66,0.0,9376.4,6623.6,0.0,3991.2227625127616
1731069655.31,19.8,0.376,0.0,1.03,5489.95,5715.85,0.0,9376.5,6623.5,0.0,3991.1275881635256
1731069655.81,20.5,0.402,0.0,1.47,5490.08,5716.04,0.0,9376.6,6623.4,0.0,3991.0324328424094
1731069656.31,19.8,0.405,0.0,0.793,5490.21,5716.23,0.0,9376.7,6623.3,0.0,3990.9372965507746
1731069656.81,19.8,0.673,0.0,1.02,5490.34,5716.42,0.0,9376.8,6623.2,0.0,3990.8421792899794
1731069657.31,19.8,0.703,0.0,1.21,5490.47,5716.61,0.0,9376.9,6623.1,0.0,3990.747081061389
1731069657.81,20.5,0.446,0.0,0.899,5490.6,5716.8,0.0,9377.0,6623.0,0.0,3990.6520018663614
1731069658.31,19.8,0.482,0.0,1.27,5490.73,5716.99,0.0,9377.1,6622.9,0.0,3990.5569417062584
1731069658.81,19.8,0.884,0.0,0.807,5490.86,5717.18,0.0,9377.2,6622.8,0.0,3990.461900582439
1731069659.31,19.8,0.845,0.0,1.27,5490.99,5717.37,0.0,9377.3,6622.7,0.0,3990.366878496261
1731069659.81,20.5,0.569,0.0,1.46,5491.12,5717.56,0.0,9377.4,6622.6,0.0,3990.2718754490897
1731069660.31,19.9,0.596,0.0,7.14,5491.25,5717.75,0.0,9377.5,6622.5,0.0,3990.176891442283
1731069660.81,19.8,0.681,0.0,0.917,5491.38,5717.94,0.0,9377.6,6622.4,0.0,3990.0819264772
1731069661.31,19.8,0.955,0.0,0.835,5491.51,5718.13,0.0,9377.7,6622.3,0.0,3989.9869805552003
1731069661.81,19.8,0.487,0.0,1.02,5491.64,5718.32,0.0,9377.8,6622.2,0.0,3989.8920536776423
1731069662.31,20.5,0.402,0.0,1.3,5491.77,5718.51,0.0,9377.9,6622.1,0.0,3989.797145845888
1731069662.81,19.8,0.576,0.0,0.902,5491.9,5718.7,0.0,9378.0,6622.0,0.0,3989.7022570612967
1731069663.31,19.8,0.429,0.0,0.895,5492.03,5718.89,0.0,9378.1,6621.9,0.0,3989.6073873252244
1731069663.81,19.8,0.438,0.0,0.995,5492.16,5719.08,0.0,9378.2,6621.8,0.0,3989.5125366390325
1731069664.31,20.5,0.492,0.0,1.4,5492.29,5719.27,0.0,9378.3,6621.7,0.0,3989.4177050040767
1731069664.81,19.8,0.451,0.0,0.899,5492.42,5719.46,0.0,9378.4,6621.6,0.0,3989.3228924217196
1731069665.31,19.8,0.526,0.0,0.705,5492.55,5719.65,0.0,9378.5,6621.5,0.0,3989.2280988933185
1731069665.81,20.5,0.548,0.0,1.09,5492.68,5719.84,0.0,9378.6,6621.4,0.0,3989.1333244202306
1731069666.31,19.8,0.571,0.0,1.38,5492.81,5720.03,0.0,9378.7,6621.3,0.0,3989.0385690038147
1731069666.81,19.8,0.5,0.0,2.09,5492.94,5720.22,0.0,9378.8,6621.2,0.0,3988.943832645428
1731069667.31,19.8,0.691,0.0,0.929,5493.07,5720.41,0.0,9378.9,6621.1,0.0,3988.8491153464306
1731069667.81,20.5,0.615,0.0,0.743,5493.2,5720.6,0.0,9379.0,6621.0,0.0,3988.754417108178
1731069668.31,19.8,0.614,0.0,0.82,5493.33,5720.79,0.0,9379.1,6620.9,0.0,3988.659737932029
1731069668.81,19.8,0.59,0.0,0.898,5493.46,5720.98,0.0,9379.2,6620.8,0.0,3988.5650778193412
1731069669.31,19.9,0.724,0.0,1.37,5493.59,5721.17,0.0,9379.3,6620.7,0.0,3988.470436771469
1731069669.81,20.5,0.652,0.0,1.07,5493.72,5721.36,0.0,9379.4,6620.6,0.0,3988.3758147897743
1731069670.31,19.9,0.511,0.0,1.3,5493.85,5721.55,0.0,9379.5,6620.5,0.0,3988.2812118756115
1731069670.81,19.8,0.389,0.0,1.08,5493.98,5721.74,0.0,9379.6,6620.4,0.0,3988.186628030339
1731069671.31,19.8,0.363,0.0,1.18,5494.11,5721.93,0.0,9379.7,6620.3,0.0,3988.0920632553116
1731069671.81,19.8,0.306,0.0,0.893,5494.24,5722.12,0.0,9379.8,6620.2,0.0,3987.997517551885
1731069672.31,20.5,0.437,0.0,0.773,5494.37,5722.31,0.0,9379.9,6620.1,0.0,3987.9029909214187
1731069672.81,19.8,0.462,0.0,1.02,5494.5,5722.5,0.0,9380.0,6620.0,0.0,3987.8084833652683
1731069673.31,19.9,0.576,0.0,1.43,5494.63,5722.69,0.0,9380.1,6619.9,0.0,3987.713994884789
1731069673.81,20.5,0.497,0.0,0.869,5494.76,5722.88,0.0,9380.2,6619.8,0.0,3987.619525481337
1731069674.31,19.8,0.737,0.0,6.18,5494.89,5723.07,0.0,9380.3,6619.7,0.0,3987.525075156267
1731069674.81,19.8,0.406,0.0,0.748,5495.02,5723.26,0.0,9380.4,6619.6,0.0,3987.4306439109378
1731069675.31,19.8,0.401,0.0,4.98,5495.15,5723.45,0.0,9380.5,6619.5,0.0,3987.3362317467036
1731069675.81,19.8,0.682,0.0,1.47,5495.28,5723.64,0.0,9380.6,6619.4,0.0,3987.241838664919
1731069676.31,20.5,0.575,0.0,0.772,5495.41,5723.83,0.0,9380.7,6619.3,0.0,3987.14746466694
1731069676.81,19.8,0.5,0.0,1.26,5495.54,5724.02,0.0,9380.8,6619.2,0.0,3987.0531097541193
1731069677.31,19.8,0.464,0.0,1.08,5495.67,5724.21,0.0,9380.9,6619.1,0.0,3986.9587739278168
1731069677.81,19.9,0.621,0.0,0.965,5495.8,5724.4,0.0,9381.0,6619.0,0.0,3986.8644571893838
1731069678.31,20.5,0.447,0.0,0.898,5495.93,5724.59,0.0,9381.1,6618.9,0.0,3986.770159540176
1731069678.81,19.8,0.532,0.0,0.947,5496.06,5724.78,0.0,9381.2,6618.8,0.0,3986.6758809815483
1731069679.31,19.9,0.526,0.0,1.01,5496.19,5724.97,0.0,9381.3,6618.7,0.0,3986.5816215148534
1731069679.81,20.5,0.467,0.0,2.46,5496.32,5725.16,0.0,9381.4,6618.6,0.0,3986.487381141448
1731069680.31,19.8,0.497,0.0,0.866,5496.45,5725.35,0.0,9381.5,6618.5,0.0,3986.3931598626846
1731069680.81,19.8,0.563,0.0,0.853,5496.58,5725.54,0.0,9381.6,6618.4,0.0,3986.298957679918
1731069681.31,19.8,0.523,0.0,0.97,5496.71,5725.73,0.0,9381.7,6618.3,0.0,3986.2047745945024
1731069681.81,20.5,0.474,0.0,0.797,5496.84,5725.92,0.0,9381.8,6618.2,0.0,3986.110610607788
1731069682.31,19.8,0.875,0.0,1.04,5496.97,5726.11,0.0,9381.9,6618.1,0.0,3986.0164657211335
1731069682.81,19.8,0.587,0.0,1.14,5497.1,5726.3,0.0,9382.0,6618.0,0.0,3985.92233993589
1731069683.31,19.8,0.465,0.0,0.981,5497.23,5726.49,0.0,9382.1,6617.9,0.0,3985.828233253411
1731069683.81,20.5,0.54,0.0,0.894,5497.36,5726.68,0.0,9382.2,6617.8,0.0,3985.7341456750482
1731069684.31,19.8,0.478,0.0,0.83,5497.49,5726.87,0.0,9382.3,6617.7,0.0,3985.6400772021543
1731069684.81,19.8,0.48,0.0,0.81,5497.62,5727.06,0.0,9382.4,6617.6,0.0,3985.546027836085
1731069685.31,19.8,0.515,0.0,0.723,5497.75,5727.25,0.0,9382.5,6617.5,0.0,3985.451997578192
1731069685.81,20.5,0.54,0.0,1.07,5497.88,5727.44,0.0,9382.6,6617.4,0.0,3985.3579864298267
1731069686.31,19.8,0.512,0.0,1.5,5498.01,5727.63,0.0,9382.7,6617.3,0.0,3985.263994392342
1731069686.81,19.8,0.499,0.0,0.844,5498.14,5727.82,0.0,9382.8,6617.2,0.0,3985.1700214670877
1731069687.31,19.8,0.547,0.0,0.992,5498.27,5728.01,0.0,9382.9,6617.1,0.0,3985.076067655421
1731069687.81,20.5,0.514,0.0,3.68,5498.4,5728.2,0.0,9383.0,6617.0,0.0,3984.982132958691
1731069688.31,19.8,0.564,0.0,0.771,5498.53,5728.39,0.0,9383.1,6616.9,0.0,3984.8882173782495
1731069688.81,19.8,0.593,0.0,0.781,5498.66,5728.58,0.0,9383.2,6616.8,0.0,3984.794320915448
1731069689.31,19.8,0.784,0.0,1.26,5498.79,5728.77,0.0,9383.3,6616.7,0.0,3984.700443571636
1731069689.81,19.9,0.793,0.0,1.0,5498.92,5728.96,0.0,9383.4,6616.6,0.0,3984.606585348169
1731069690.31,20.5,0.695,0.0,0.866,5499.05,5729.15,0.0,9383.5,6616.5,0.0,3984.5127462463965
1731069690.81,19.8,0.709,0.0,0.843,5499.18,5729.34,0.0,9383.6,6616.4,0.0,3984.418926267668
1731069691.31,19.8,0.837,0.0,0.849,5499.31,5729.53,0.0,9383.7,6616.3,0.0,3984.325125413337
1731069691.81,19.9,0.319,0.0,1.08,5499.44,5729.72,0.0,9383.8,6616.2,0.0,3984.231343684751
1731069692.31,20.5,0.276,0.0,1.59,5499.57,5729.91,0.0,9383.9,6616.1,0.0,3984.1375810832637
1731069692.81,19.9,0.286,0.0,0.968,5499.7,5730.1,0.0,9384.0,6616.0,0.0,3984.043837610224
1731069693.31,19.8,0.277,0.0,1.06,5499.83,5730.29,0.0,9384.1,6615.9,0.0,3983.9501132669825
1731069693.81,19.8,0.667,0.0,0.865,5499.96,5730.48,0.0,9384.2,6615.8,0.0,3983.8564080548895
1731069694.31,20.5,0.583,0.0,1.19,5500.09,5730.67,0.0,9384.3,6615.7,0.0,3983.7627219752926
1731069694.81,19.8,0.374,0.0,1.48,5500.22,5730.86,0.0,9384.4,6615.6,0.0,3983.669055029546
1731069695.31,19.8,0.419,0.0,7.14,5500.35,5731.05,0.0,9384.5,6615.5,0.0,3983.575407218997
1731069695.81,19.8,0.416,0.0,0.826,5500.48,5731.24,0.0,9384.6,6615.4,0.0,3983.4817785449964
1731069696.31,20.5,0.443,0.0,1.0,5500.61,5731.43,0.0,9384.7,6615.3,0.0,3983.388169008891
1731069696.81,19.8,0.52,0.0,1.35,5500.74,5731.62,0.0,9384.8,6615.2,0.0,3983.294578612031
1731069697.31,19.9,0.47,0.0,1.02,5500.87,5731.81,0.0,9384.9,6615.1,0.0,3983.201007355767
1731069697.81,20.5,0.377,0.0,0.999,5501.0,5732.0,0.0,9385.0,6615.0,0.0,3983.1074552414475
1731069698.31,19.8,0.479,0.0,0.823,5501.13,5732.19,0.0,9385.1,6614.9,0.0,3983.0139222704206
1731069698.81,19.8,0.594,0.0,1.02,5501.26,5732.38,0.0,9385.2,6614.8,0.0,3982.9204084440357
1731069699.31,19.9,0.469,0.0,1.19,5501.39,5732.57,0.0,9385.3,6614.7,0.0,3982.826913763639
1731069699.81,20.5,0.475,0.0,0.977,5501.52,5732.76,0.0,9385.4,6614.6,0.0,3982.733438230582
1731069700.31,19.8,0.618,0.0,1.01,5501.65,5732.95,0.0,9385.5,6614.5,0.0,3982.639981846213
1731069700.81,19.8,0.567,0.0,0.812,5501.78,5733.14,0.0,9385.6,6614.4,0.0,3982.546544611877
1731069701.31,19.8,0.592,0.0,0.946,5501.91,5733.33,0.0,9385.7,6614.3,0.0,3982.4531265289247
1731069701.81,20.5,0.562,0.0,1.07,5502.04,5733.52,0.0,9385.8,6614.2,0.0,3982.3597275987004
1731069702.31,19.8,0.502,0.0,2.33,5502.17,5733.71,0.0,9385.9,6614.1,0.0,3982.266347822556
1731069702.81,19.8,0.592,0.0,1.05,5502.3,5733.9,0.0,9386.0,6614.0,0.0,3982.172987201837
1731069703.31,19.8,0.609,0.0,1.27,5502.43,5734.09,0.0,9386.1,6613.9,0.0,3982.07964573789
1731069703.81,20.5,0.672,0.0,0.871,5502.56,5734.28,0.0,9386.2,6613.8,0.0,3981.9863234320637
1731069704.31,19.8,0.458,0.0,1.47,5502.69,5734.47,0.0,9386.3,6613.7,0.0,3981.8930202857027
1731069704.81,19.8,0.532,0.0,1.16,5502.82,5734.66,0.0,9386.4,6613.6,0.0,3981.7997363001573
1731069705.31,19.9,0.502,0.0,0.804,5502.95,5734.85,0.0,9386.5,6613.5,0.0,3981.706471476771
1731069705.81,20.5,0.508,0.0,0.816,5503.08,5735.04,0.0,9386.6,6613.4,0.0,3981.6132258168927
1731069706.31,19.8,0.392,0.0,0.997,5503.21,5735.23,0.0,9386.7,6613.3,0.0,3981.519999321868
1731069706.81,19.8,0.473,0.0,1.4,5503.34,5735.42,0.0,9386.8,6613.2,0.0,3981.4267919930403
1731069707.31,19.8,0.471,0.0,0.871,5503.47,5735.61,0.0,9386.9,6613.1,0.0,3981.3336038317607
1731069707.81,20.5,0.502,0.0,5.32,5503.6,5735.8,0.0,9387.0,6613.0,0.0,3981.2404348393725
1731069708.31,19.8,0.551,0.0,1.57,5503.73,5735.99,0.0,9387.1,6612.9,0.0,3981.147285017223
1731069708.81,19.8,0.612,0.0,0.871,5503.86,5736.18,0.0,9387.2,6612.8,0.0,3981.0541543666554
1731069709.31,19.8,0.688,0.0,1.23,5503.99,5736.37,0.0,9387.3,6612.7,0.0,3980.961042889015
1731069709.81,20.5,0.663,0.0,1.54,5504.12,5736.56,0.0,9387.4,6612.6,0.0,3980.8679505856503
1731069710.31,19.8,0.928,0.0,0.828,5504.25,5736.75,0.0,9387.5,6612.5,0.0,3980.7748774579054
1731069710.81,19.8,0.726,0.0,1.05,5504.38,5736.94,0.0,9387.6,6612.4,0.0,3980.681823507124
1731069711.31,19.8,0.815,0.0,1.44,5504.51,5737.13,0.0,9387.7,6612.3,0.0,3980.588788734652
1731069711.81,20.5,0.794,0.0,0.823,5504.64,5737.32,0.0,9387.8,6612.2,0.0,3980.495773141832
1731069712.31,19.8,0.686,0.0,1.42,5504.77,5737.51,0.0,9387.9,6612.1,0.0,3980.4027767300126
1731069712.81,19.8,0.608,0.0,6.5,5504.9,5737.7,0.0,9388.0,6612.0,0.0,3980.309799500537
1731069713.31,19.8,0.272,0.0,0.868,5505.03,5737.89,0.0,9388.1,6611.9,0.0,3980.216841454747
1731069713.81,20.5,0.374,0.0,1.02,5505.16,5738.08,0.0,9388.2,6611.8,0.0,3980.123902593989
1731069714.31,19.8,0.416,0.0,1.48,5505.29,5738.27,0.0,9388.3,6611.7,0.0,3980.0309829196044
1731069714.81,19.8,0.408,0.0,0.889,5505.42,5738.46,0.0,9388.4,6611.6,0.0,3979.938082432941
1731069715.31,19.8,0.334,0.0,2.51,5505.55,5738.65,0.0,9388.5,6611.5,0.0,3979.8452011353406
1731069715.81,20.5,0.664,0.0,1.81,5505.68,5738.84,0.0,9388.6,6611.4,0.0,3979.7523390281463
1731069716.31,19.8,0.359,0.0,0.912,5505.81,5739.03,0.0,9388.7,6611.3,0.0,3979.6594961127016
1731069716.81,19.8,0.417,0.0,0.739,5505.94,5739.22,0.0,9388.8,6611.2,0.0,3979.566672390349
1731069717.31,19.8,0.389,0.0,1.02,5506.07,5739.41,0.0,9388.9,6611.1,0.0,3979.473867862434
1731069717.81,20.5,0.38,0.0,4.22,5506.2,5739.6,0.0,9389.0,6611.0,0.0,3979.381082530297
1731069718.31,19.8,0.387,0.0,0.98,5506.33,5739.79,0.0,9389.1,6610.9,0.0,3979.2883163952824
1731069718.81,19.8,0.421,0.0,1.03,5506.46,5739.98,0.0,9389.2,6610.8,0.0,3979.1955694587323
1731069719.31,19.8,0.461,0.0,0.877,5506.59,5740.17,0.0,9389.3,6610.7,0.0,3979.102841721987
1731069719.81,20.5,0.507,0.0,1.49,5506.72,5740.36,0.0,9389.4,6610.6,0.0,3979.010133186393
1731069720.31,19.8,0.477,0.0,1.5,5506.85,5740.55,0.0,9389.5,6610.5,0.0,3978.9174438532896
1731069720.81,19.8,0.489,0.0,1.71,5506.98,5740.74,0.0,9389.6,6610.4,0.0,3978.824773724021
1731069721.31,19.9,0.472,0.0,1.17,5507.11,5740.93,0.0,9389.7,6610.3,0.0,3978.7321227999264
1731069721.81,20.5,0.508,0.0,1.48,5507.24,5741.12,0.0,9389.8,6610.2,0.0,3978.639491082347
1731069722.31,19.8,0.516,0.0,1.65,5507.37,5741.31,0.0,9389.9,6610.1,0.0,3978.5468785726275
1731069722.81,19.8,0.545,0.0,1.57,5507.5,5741.5,0.0,9390.0,6610.0,0.0,3978.454285272108
1731069723.31,19.8,0.463,0.0,0.982,5507.63,5741.69,0.0,9390.1,6609.9,0.0,3978.3617111821295
1731069723.81,20.5,0.56,0.0,1.22,5507.76,5741.88,0.0,9390.2,6609.8,0.0,3978.269156304033
1731069724.31,19.8,0.549,0.0,1.94,5507.89,5742.07,0.0,9390.3,6609.7,0.0,3978.176620639158
1731069724.81,19.9,0.729,0.0,2.21,5508.02,5742.26,0.0,9390.4,6609.6,0.0,3978.0841041888484
1731069725.31,19.9,0.499,0.0,1.24,5508.15,5742.45,0.0,9390.5,6609.5,0.0,3977.9916069544443
1731069725.81,19.2,0.424,0.032,1.18,5508.28,5742.64,0.0,9390.6,6609.4,0.0,3977.8991289372843
1731069726.31,20.5,0.415,0.0,0.925,5508.41,5742.83,0.0,9390.7,6609.3,0.0,3977.8066701387093
1731069726.81,19.8,0.529,0.0,1.09,5508.54,5743.02,0.0,9390.8,6609.2,0.0,3977.714230560058
1731069727.31,19.8,0.52,0.0,1.8,5508.67,5743.21,0.0,9390.9,6609.1,0.0,3977.621810202674
1731069727.81,20.5,0.541,0.0,1.09,5508.8,5743.4,0.0,9391.0,6609.0,0.0,3977.5294090678954
1731069728.31,19.2,0.545,0.032,7.86,5508.93,5743.59,0.0,9391.1,6608.9,0.0,3977.437027157061
1731069728.81,19.8,0.502,0.0,1.01,5509.06,5743.78,0.0,9391.2,6608.8,0.0,3977.344664471512
1731069729.31,19.8,0.576,0.0,1.97,5509.19,5743.97,0.0,9391.3,6608.7,0.0,3977.252321012585
1731069729.81,20.5,0.62,0.0,1.11,5509.32,5744.16,0.0,9391.4,6608.6,0.0,3977.1599967816232
1731069730.31,19.8,0.649,0.0,1.71,5509.45,5744.35,0.0,9391.5,6608.5,0.0,3977.067691779963
1731069730.81,19.8,0.763,0.0,0.921,5509.58,5744.54,0.0,9391.6,6608.4,0.0,3976.975406008944
1731069731.31,19.8,0.74,0.0,0.865,5509.71,5744.73,0.0,9391.7,6608.3,0.0,3976.883139469905
1731069731.81,19.9,0.691,0.0,0.828,5509.84,5744.92,0.0,9391.8,6608.2,0.0,3976.7908921641824
1731069732.31,20.5,0.621,0.0,0.953,5509.97,5745.11,0.0,9391.9,6608.1,0.0,3976.698664093119
1731069732.81,19.8,0.779,0.0,1.1,5510.1,5745.3,0.0,9392.0,6608.0,0.0,3976.6064552580506
1731069733.31,19.8,0.764,0.0,0.893,5510.23,5745.49,0.0,9392.1,6607.9,0.0,3976.5142656603166
1731069733.81,20.5,1.239,0.0,4.86,5510.36,5745.68,0.0,9392.2,6607.8,0.0,3976.422095301253
1731069734.31,19.8,0.549,0.0,0.8,5510.49,5745.87,0.0,9392.3,6607.7,0.0,3976.3299441821973
1731069734.81,19.8,0.394,0.0,4.87,5510.62,5746.06,0.0,9392.4,6607.6,0.0,3976.23781230449
1731069735.31,19.9,0.296,0.0,1.24,5510.75,5746.25,0.0,9392.5,6607.5,0.0,3976.1456996694674
1731069735.81,20.5,0.343,0.0,0.905,5510.88,5746.44,0.0,9392.6,6607.4,0.0,3976.053606278467
1731069736.31,19.8,0.384,0.0,0.779,5511.01,5746.63,0.0,9392.7,6607.3,0.0,3975.9615321328256
1731069736.81,19.8,0.327,0.0,1.65,5511.14,5746.82,0.0,9392.8,6607.2,0.0,3975.869477233878
1731069737.31,19.8,0.412,0.0,1.55,5511.27,5747.01,0.0,9392.9,6607.1,0.0,3975.777441582966
1731069737.81,20.5,0.515,0.0,1.0,5511.4,5747.2,0.0,9393.0,6607.0,0.0,3975.6854251814243
1731069738.31,19.8,0.871,0.0,1.07,5511.53,5747.39,0.0,9393.1,6606.9,0.0,3975.5934280305883
1731069738.81,19.9,0.531,0.0,1.2,5511.66,5747.58,0.0,9393.2,6606.8,0.0,3975.501450131795
1731069739.31,19.8,0.49,0.0,1.47,5511.79,5747.77,0.0,9393.3,6606.7,0.0,3975.4094914863795
1731069739.81,20.5,0.48,0.0,1.67,5511.92,5747.96,0.0,9393.4,6606.6,0.0,3975.317552095681
1731069740.31,19.8,0.563,0.0,0.873,5512.05,5748.15,0.0,9393.5,6606.5,0.0,3975.2256319610337
1731069740.81,19.8,0.651,0.0,0.936,5512.18,5748.34,0.0,9393.6,6606.4,0.0,3975.133731083773
1731069741.31,19.8,0.627,0.0,0.998,5512.31,5748.53,0.0,9393.7,6606.3,0.0,3975.041849465236
1731069741.81,20.5,0.58,0.0,1.03,5512.44,5748.72,0.0,9393.8,6606.2,0.0,3974.9499871067555
1731069742.31,19.8,0.494,0.0,1.1,5512.57,5748.91,0.0,9393.9,6606.1,0.0,3974.8581440096705
1731069742.81,19.8,0.562,0.0,0.901,5512.7,5749.1,0.0,9394.0,6606.0,0.0,3974.7663201753135
1731069743.31,19.8,0.533,0.0,0.849,5512.83,5749.29,0.0,9394.1,6605.9,0.0,3974.67451560502
1731069743.81,20.5,0.463,0.0,1.01,5512.96,5749.48,0.0,9394.2,6605.8,0.0,3974.582730300126
1731069744.31,19.8,0.646,0.0,1.07,5513.09,5749.67,0.0,9394.3,6605.7,0.0,3974.4909642619637
1731069744.81,19.8,0.581,0.0,0.867,5513.22,5749.86,0.0,9394.4,6605.6,0.0,3974.3992174918712
1731069745.31,19.8,0.516,0.0,1.03,5513.35,5750.05,0.0,9394.5,6605.5,0.0,3974.307489991181
1731069745.81,20.5,0.645,0.0,1.04,5513.48,5750.24,0.0,9394.6,6605.4,0.0,3974.215781761228
1731069746.31,19.8,0.565,0.0,0.791,5513.61,5750.43,0.0,9394.7,6605.3,0.0,3974.124092803345
1731069746.81,19.8,0.542,0.0,0.719,5513.74,5750.62,0.0,9394.8,6605.2,0.0,3974.0324231188647
1731069747.31,19.8,0.444,0.0,0.973,5513.87,5750.81,0.0,9394.9,6605.1,0.0,3973.9407727091248
1731069747.81,20.5,0.401,0.0,2.92,5514.0,5751.0,0.0,9395.0,6605.0,0.0,3973.8491415754575
1731069748.31,19.8,0.48,0.0,1.05,5514.13,5751.19,0.0,9395.1,6604.9,0.0,3973.7575297191956
1731069748.81,19.8,0.572,0.0,0.921,5514.26,5751.38,0.0,9395.2,6604.8,0.0,3973.665937141672
1731069749.31,19.8,0.55,0.0,0.94,5514.39,5751.57,0.0,9395.3,6604.7,0.0,3973.5743638442195
1731069749.81,20.5,0.691,0.0,1.05,5514.52,5751.76,0.0,9395.4,6604.6,0.0,3973.4828098281732
1731069750.31,19.8,0.538,0.0,0.848,5514.65,5751.95,0.0,9395.5,6604.5,0.0,3973.3912750948657
1731069750.81,19.8,0.505,0.0,0.848,5514.78,5752.14,0.0,9395.6,6604.4,0.0,3973.299759645628
1731069751.31,19.8,0.545,0.0,0.828,5514.91,5752.33,0.0,9395.7,6604.3,0.0,3973.2082634817934
1731069751.81,20.5,0.688,0.0,1.06,5515.04,5752.52,0.0,9395.8,6604.2,0.0,3973.1167866046917
1731069752.31,19.8,0.629,0.0,1.43,5515.17,5752.71,0.0,9395.9,6604.1,0.0,3973.0253290156606
1731069752.81,19.9,0.587,0.0,0.899,5515.3,5752.9,0.0,9396.0,6604.0,0.0,3972.9338907160286
1731069753.31,19.8,0.88,0.0,0.885,5515.43,5753.09,0.0,9396.1,6603.9,0.0,3972.8424717071275
1731069753.81,20.5,0.775,0.0,1.01,5515.56,5753.28,0.0,9396.2,6603.8,0.0,3972.7510719902907
1731069754.31,19.8,0.751,0.0,1.39,5515.69,5753.47,0.0,9396.3,6603.7,0.0,3972.659691566847
1731069754.81,19.8,0.686,0.0,7.51,5515.82,5753.66,0.0,9396.4,6603.6,0.0,3972.568330438131
1731069755.31,19.9,0.462,0.0,0.897,5515.95,5753.85,0.0,9396.5,6603.5,0.0,3972.4769886054723
1731069755.81,19.8,0.393,0.0,0.765,5516.08,5754.04,0.0,9396.6,6603.4,0.0,3972.385666070202
1731069756.31,20.5,0.394,0.0,0.752,5516.21,5754.23,0.0,9396.7,6603.3,0.0,3972.2943628336516
1731069756.81,19.8,0.319,0.0,1.06,5516.34,5754.42,0.0,9396.8,6603.2,0.0,3972.203078897149
1731069757.31,19.8,0.369,0.0,1.11,5516.47,5754.61,0.0,9396.9,6603.1,0.0,3972.1118142620303
1731069757.81,20.5,0.343,0.0,0.981,5516.6,5754.8,0.0,9397.0,6603.0,0.0,3972.0205689296217
1731069758.31,19.8,0.267,0.0,1.02,5516.73,5754.99,0.0,9397.1,6602.9,0.0,3971.9293429012564
1731069758.81,19.8,0.452,0.0,0.762,5516.86,5755.18,0.0,9397.2,6602.8,0.0,3971.8381361782617
1731069759.31,19.8,0.358,0.0,1.08,5516.99,5755.37,0.0,9397.3,6602.7,0.0,3971.746948761967
1731069759.81,19.8,0.403,0.0,1.42,5517.12,5755.56,0.0,9397.4,6602.6,0.0,3971.655780653706
1731069760.31,20.5,0.919,0.0,0.778,5517.25,5755.75,0.0,9397.5,6602.5,0.0,3971.564631854806
1731069760.81,19.8,0.505,0.0,1.34,5517.38,5755.94,0.0,9397.6,6602.4,0.0,3971.4735023665967
1731069761.31,19.8,0.4,0.0,1.37,5517.51,5756.13,0.0,9397.7,6602.3,0.0,3971.3823921904077
1731069761.81,19.8,0.448,0.0,5.32,5517.64,5756.32,0.0,9397.8,6602.2,0.0,3971.291301327566
1731069762.31,20.5,0.644,0.0,3.06,5517.77,5756.51,0.0,9397.9,6602.1,0.0,3971.2002297794047
1731069762.81,19.8,0.382,0.0,3.65,5517.9,5756.7,0.0,9398.0,6602.0,0.0,3971.109177547251
1731069763.31,19.8,0.475,0.0,4.8,5518.03,5756.89,0.0,9398.1,6601.9,0.0,3971.018144632432
1731069763.81,20.5,0.449,0.0,5.38,5518.16,5757.08,0.0,9398.2,6601.8,0.0,3970.9271310362783
1731069764.31,19.8,0.576,0.0,0.865,5518.29,5757.27,0.0,9398.3,6601.7,0.0,3970.8361367601146
1731069764.81,19.8,0.452,0.0,0.755,5518.42,5757.46,0.0,9398.4,6601.6,0.0,3970.7451618052746
1731069765.31,19.8,0.438,0.0,0.795,5518.55,5757.65,0.0,9398.5,6601.5,0.0,3970.6542061730834
1731069765.81,20.4,0.43,0.0,0.776,5518.68,5757.84,0.0,9398.6,6601.4,0.0,3970.5632698648687
1731069766.31,19.9,0.693,0.0,0.698,5518.81,5758.03,0.0,9398.7,6601.3,0.0,3970.4723528819595
1731069766.81,19.8,0.578,0.0,0.846,5518.94,5758.22,0.0,9398.8,6601.2,0.0,3970.381455225681
1731069767.31,19.8,0.559,0.0,0.995,5519.07,5758.41,0.0,9398.9,6601.1,0.0,3970.2905768973637
1731069767.81,20.5,0.782,0.0,1.47,5519.2,5758.6,0.0,9399.0,6601.0,0.0,3970.199717898333
1731069768.31,19.8,0.526,0.0,0.892,5519.33,5758.79,0.0,9399.1,6600.9,0.0,3970.108878229916
1731069768.81,19.8,0.367,0.0,0.864,5519.46,5758.98,0.0,9399.2,6600.8,0.0,3970.0180578934405
1731069769.31,19.8,0.422,0.0,0.866,5519.59,5759.17,0.0,9399.3,6600.7,0.0,3969.927256890231
1731069769.81,20.5,0.427,0.0,2.49,5519.72,5759.36,0.0,9399.4,6600.6,0.0,3969.8364752216175
1731069770.31,19.8,0.435,0.0,1.31,5519.85,5759.55,0.0,9399.5,6600.5,0.0,3969.7457128889246
1731069770.81,19.8,0.548,0.0,0.802,5519.98,5759.74,0.0,9399.6,6600.4,0.0,3969.65496989348
1731069771.31,19.8,0.499,0.0,4.62,5520.11,5759.93,0.0,9399.7,6600.3,0.0,3969.5642462366077
