Time,F1S1Bitrate,F1S1Jitter,F1S1Datagrams,F1S1Delay,F1S1Distance,F1F2Bitrate,F1F2Jitter,F1F2Datagrams,F1F2Delay,F1F2Distance,F1C1Bitrate,F1C1Jitter,F1C1Datagrams,F1C1Delay,F1C1Distance,F1F4Bitrate,F1F4Jitter,F1F4Datagrams,F1F4Delay,F1F4Distance
1731070780.55,40.3,0.806,0.0,1.06,4205.695657721604,19.8,0.57,0.0,0.734,944.0023358021962,8.32,1.0,0.0,1.12,3908.284220217357,19.8,0.553,0.0,1.53,3774.6844649586255
1731070781.05,39.7,0.939,0.0,0.941,4205.7905151033565,19.8,0.612,0.0,0.807,944.0447301372966,7.68,0.499,0.0,0.782,3908.190602951703,19.8,0.662,0.0,0.983,3774.854101816386
1731070781.55,40.3,0.907,0.0,2.1,4205.975759910593,20.5,0.892,0.0,0.835,944.0871252167354,8.32,0.912,0.0,0.804,3908.096985746388,20.5,0.479,0.0,7.93,3775.023741647197
1731070782.05,39.7,0.94,0.0,0.929,4206.475451416939,19.8,0.64,0.0,1.2,944.1295210404126,7.68,0.455,0.0,0.889,3908.0033686014144,19.8,0.51,0.0,0.868,3775.193384450657
1731070782.55,39.7,0.565,0.0,0.939,4206.471230313819,19.8,0.645,0.0,0.775,944.1719176082275,8.32,1.054,0.0,0.668,3907.909751516788,19.9,0.451,0.0,0.714,3775.363030226366
1731070783.05,40.3,0.443,0.0,0.871,4206.272778699327,19.8,0.892,0.0,1.44,944.2143149200832,7.68,1.004,0.0,1.79,3907.816134492512,19.8,0.451,0.0,0.717,3775.532678973921
1731070783.55,40.3,0.328,0.0,1.37,4206.163619085303,19.8,0.84,0.0,0.735,944.2567129758736,7.69,0.613,0.0,1.09,3907.722517528592,19.8,0.616,0.0,1.02,3775.7023306929264
1731070784.05,39.7,0.39,0.0,0.726,4206.321233981545,20.5,0.812,0.0,0.696,944.2991117755008,8.31,0.795,0.0,8.1,3907.628900625032,20.5,0.724,0.0,0.607,3775.871985382979
1731070784.55,40.3,0.434,0.0,0.805,4206.272744674682,19.8,0.749,0.0,0.897,944.3415113188654,8.32,0.539,0.0,1.02,3907.535283781837,19.8,0.609,0.0,1.29,3776.0416430436794
1731070785.05,39.7,0.443,0.0,0.831,4206.414047985847,19.8,0.652,0.0,0.892,944.3839116058668,7.68,0.998,0.0,0.852,3907.4416669990105,19.8,0.532,0.0,0.797,3776.211303674625
1731070785.55,40.3,0.451,0.0,0.851,4206.579691462871,20.5,0.622,0.0,0.826,944.426312636408,8.32,0.614,0.0,0.751,3907.348050276554,20.5,0.583,0.0,1.02,3776.380967275414
1731070786.05,39.7,0.545,0.0,0.765,4206.851742853412,19.8,0.577,0.0,1.29,944.4687144103827,7.68,0.546,0.0,0.912,3907.2544336144783,19.9,0.683,0.0,0.821,3776.550633845652
1731070786.55,40.3,0.398,0.0,0.944,4206.840936840568,19.9,0.589,0.0,1.04,944.511116927694,8.32,0.852,0.0,1.07,3907.160817012783,19.8,0.942,0.0,0.84,3776.720303384936
1731070787.05,39.7,0.448,0.0,0.878,4207.247687465814,19.8,0.745,0.0,1.88,944.5535201882416,7.68,0.538,0.0,1.66,3907.0672004714743,19.8,0.761,0.0,0.854,3776.8899758928646
1731070787.55,40.3,0.517,0.0,0.873,4206.583221232873,20.5,0.773,0.0,1.32,944.5959241919254,8.32,1.198,0.0,1.1,3906.973583990555,19.8,0.82,0.0,1.36,3777.059651369039
1731070788.05,39.7,0.524,0.0,1.13,4207.203431110697,19.8,0.775,0.0,1.08,944.6383289386486,7.69,1.072,0.0,1.11,3906.8799675700297,20.5,0.76,0.0,0.89,3777.2293298130567
1731070788.55,40.3,0.667,0.0,2.18,4206.933177128113,19.8,0.691,0.0,3.43,944.6807344283048,8.31,0.732,0.0,3.81,3906.786351209904,19.8,0.84,0.0,1.77,3777.399011224522
1731070789.05,39.7,0.665,0.0,1.52,4206.945014298564,19.8,0.864,0.0,0.86,944.723140660797,7.68,0.541,0.0,0.899,3906.6927349101834,19.8,0.855,0.0,1.14,3777.568695603033
1731070789.55,40.3,0.599,0.0,0.881,4207.30739169918,20.5,0.798,0.0,0.787,944.7655476360252,7.69,0.52,0.0,0.992,3906.599118670869,20.5,0.884,0.0,1.16,3777.73838294819
1731070790.05,39.7,0.638,0.0,0.88,4207.00396399261,19.8,0.812,0.0,2.58,944.8079553538896,8.31,1.174,0.0,0.847,3906.5055024919657,19.8,0.731,0.0,1.09,3777.9080732595926
1731070790.55,39.7,0.822,0.0,0.879,4207.412835499477,19.8,0.882,0.0,1.15,944.8503638142932,8.32,0.712,0.0,0.901,3906.411886373478,19.9,0.597,0.0,0.813,3778.077766536839
1731070791.05,40.3,0.598,0.0,1.2,4207.492751508046,19.9,1.138,0.0,1.38,944.8927730171298,7.69,0.591,0.0,0.857,3906.318270315412,19.8,0.661,0.0,0.808,3778.247462779535
1731070791.55,40.3,0.454,0.0,0.775,4207.647673174269,20.5,1.067,0.0,0.788,944.9351829623024,8.32,0.393,0.0,0.767,3906.224654317773,19.8,0.674,0.0,0.802,3778.417161987279
1731070792.05,39.7,0.726,0.0,0.983,4207.965768885199,19.8,0.97,0.0,0.934,944.9775936497113,7.68,0.571,0.0,0.875,3906.131038380561,20.5,0.606,0.0,0.827,3778.586864159669
1731070792.55,40.3,0.678,0.0,0.806,4207.811854474411,19.8,1.224,0.0,1.08,945.0200050792564,7.67,0.907,0.0,0.819,3906.037422503785,19.8,0.781,0.0,0.974,3778.756569296309
1731070793.05,39.7,0.65,0.0,0.786,4207.860832633071,19.8,1.149,0.0,0.768,945.0624172508408,8.32,0.856,0.0,1.49,3905.9438066874422,19.8,0.74,0.0,0.919,3778.9262773967935
1731070793.55,40.3,0.602,0.0,0.793,4207.518814719414,19.8,0.451,0.0,1.25,945.1048301643586,7.69,0.866,0.0,1.12,3905.850190931546,19.9,0.797,0.0,3.04,3779.095988460732
1731070794.05,39.7,0.889,0.0,0.724,4207.480606449666,20.5,0.57,0.0,0.92,945.147243819713,8.31,0.507,0.0,1.75,3905.756575236097,20.5,0.806,0.0,0.883,3779.26570248772
1731070794.55,40.4,0.804,0.0,1.52,4207.893393849827,19.8,0.553,0.0,1.66,945.189658216804,8.32,0.593,0.0,1.32,3905.6629596010976,19.8,0.797,0.0,1.02,3779.43541947736
1731070795.05,39.7,1.051,0.0,0.846,4208.028125470634,19.8,0.521,0.0,1.15,945.232073355532,7.68,0.618,0.0,1.01,3905.5693440265536,19.8,0.818,0.0,0.857,3779.605139429251
1731070795.55,39.7,0.673,0.0,1.54,4207.782527135738,20.5,0.592,0.0,1.08,945.2744892357998,7.69,0.69,0.0,1.57,3905.475728512468,20.5,0.873,0.0,0.993,3779.774862342993
1731070796.05,40.3,0.667,0.0,0.934,4208.091958341296,19.8,0.627,0.0,1.96,945.316905857502,8.32,0.93,0.0,6.28,3905.382113058849,19.8,0.825,0.0,1.02,3779.944588218192
1731070796.55,40.3,0.749,0.0,2.34,4207.94130808019,19.8,0.747,0.0,6.68,945.3593232205412,7.68,0.486,0.0,1.31,3905.2884976656974,19.8,0.916,0.0,0.996,3780.114317054446
1731070797.05,39.7,0.713,0.0,1.1,4208.468867842094,19.8,0.662,0.0,1.0,945.4017413248184,8.31,0.699,0.0,0.881,3905.19488233302,19.8,1.027,0.0,1.16,3780.284048851356
1731070797.55,40.3,0.706,0.0,0.878,4208.45483258355,19.8,0.477,0.0,1.19,945.4441601702332,7.69,0.906,0.0,0.835,3905.1012670608175,19.9,1.051,0.0,0.834,3780.4537836085246
1731070798.05,39.7,0.787,0.0,0.808,4208.137759278544,20.5,0.517,0.0,0.899,945.4865797566893,7.67,0.819,0.0,0.812,3905.007651849097,20.5,1.14,0.0,0.96,3780.623521325549
1731070798.55,39.7,1.009,0.0,0.834,4208.254985572984,19.8,0.436,0.0,0.797,945.5290000840804,7.69,0.982,0.0,1.36,3904.914036697863,19.8,0.749,0.0,0.83,3780.793262002036
1731070799.05,40.3,0.972,0.0,0.808,4208.455854322669,19.8,0.509,0.0,0.877,945.5714211523104,8.32,0.469,0.0,0.747,3904.820421607119,19.8,0.424,0.0,1.64,3780.963005637585
1731070799.55,39.7,0.861,0.0,0.856,4208.540240771527,20.5,0.542,0.0,0.703,945.6138429612791,8.31,0.626,0.0,0.776,3904.726806576871,19.8,0.468,0.0,2.48,3781.132752231797
1731070800.05,40.3,0.618,0.0,0.905,4208.713365582679,19.8,0.537,0.0,0.811,945.6562655108872,7.68,0.657,0.0,0.804,3904.63319160712,20.5,0.685,0.0,3.69,3781.3025017842738
1731070800.55,40.3,0.551,0.0,0.854,4208.730806087726,19.8,0.592,0.0,0.993,945.698688801038,8.32,0.808,0.0,0.885,3904.539576697872,19.9,0.471,0.0,5.92,3781.4722542946142
1731070801.05,39.7,0.807,0.0,0.84,4208.549661300135,19.8,0.611,0.0,0.851,945.7411128316254,7.69,0.877,0.0,0.788,3904.445961849132,19.8,0.464,0.0,0.828,3781.6420097624255
1731070801.55,40.3,0.627,0.0,0.862,4208.97433495893,20.5,0.623,0.0,1.69,945.7835376025532,8.31,0.418,0.0,2.2,3904.352347060905,20.5,0.458,0.0,4.02,3781.8117681873055
1731070802.05,39.7,0.673,0.0,0.992,4208.695309235442,19.9,0.599,0.0,0.989,945.8259631137214,7.68,0.668,0.0,0.865,3904.258732333195,19.8,0.538,0.0,0.882,3781.9815295688586
1731070802.55,40.3,0.902,0.0,0.702,4209.221497834941,19.8,0.582,0.0,1.24,945.8683893650308,8.32,0.334,0.0,1.17,3904.165117666004,19.8,0.511,0.0,3.42,3782.151293906684
1731070803.05,39.7,0.754,0.0,0.906,4208.702341851895,19.8,0.615,0.0,1.03,945.9108163563848,7.68,0.823,0.0,0.788,3904.0715030593374,19.9,0.488,0.0,1.02,3782.321061200383
1731070803.55,40.3,1.343,0.0,0.726,4209.0892025110825,20.3,0.835,0.0,0.909,945.9532440876776,8.32,0.952,0.0,0.754,3903.9778885132014,19.8,1.168,0.0,1.11,3782.4908314495615
1731070804.05,39.0,0.377,0.0,0.842,4209.325416159048,20.0,0.751,0.0,0.82,945.9956725588124,7.68,0.46,0.0,0.702,3903.8842740276,20.5,0.583,0.0,0.835,3782.66060465382
1731070804.55,41.0,0.309,0.0,0.838,4209.302902284256,19.8,0.772,0.0,0.849,946.0381017696902,7.69,0.753,0.0,0.917,3903.790659602536,19.8,0.531,0.0,1.25,3782.83038081276
1731070805.05,39.7,0.49,0.0,0.921,4209.173233416736,19.8,0.761,0.0,0.909,946.0805317202112,8.32,0.37,0.0,1.02,3903.697045238015,19.9,0.661,0.0,0.793,3783.000159925982
1731070805.55,40.3,0.406,0.0,0.741,4209.42646997582,20.5,0.826,0.0,0.775,946.1229624102792,8.32,1.002,0.0,1.7,3903.603430934038,19.8,0.585,0.0,0.865,3783.169941993089
1731070806.05,39.7,0.425,0.0,0.875,4209.09400444672,19.8,0.962,0.0,1.33,946.165393839788,7.68,0.788,0.0,0.99,3903.509816690615,20.5,0.636,0.0,0.735,3783.339727013686
1731070806.55,39.7,0.373,0.0,0.806,4209.410643979269,19.8,0.551,0.0,6.31,946.2078260086416,8.32,0.585,0.0,1.02,3903.416202507747,19.9,0.602,0.0,0.712,3783.509514987375
1731070807.05,40.3,0.43,0.0,0.777,4209.112176871699,19.8,0.621,0.0,1.43,946.2502589167408,7.68,1.021,0.0,0.936,3903.322588385439,19.8,0.613,0.0,0.743,3783.679305913756
1731070807.55,40.3,0.491,0.0,0.877,4209.332913712225,20.5,0.617,0.0,0.882,946.2926925639856,8.32,0.486,0.0,3.75,3903.228974323695,19.8,0.696,0.0,0.877,3783.849099792433
1731070808.05,39.0,0.555,0.0,0.773,4209.7670230514905,19.8,0.757,0.0,0.856,946.33512695028,7.68,1.055,0.0,1.43,3903.1353603225184,20.5,0.823,0.0,0.706,3784.018896623006
1731070808.55,40.3,0.47,0.016,0.886,4209.612536747178,19.8,0.648,0.0,0.852,946.377562075518,8.32,0.692,0.0,0.789,3903.041746381916,19.8,0.784,0.0,0.928,3784.1886964050814
1731070809.05,39.7,0.474,0.0,0.894,4209.93761672339,19.8,0.735,0.0,1.2,946.419997939604,7.68,0.54,0.0,1.04,3902.948132501891,19.8,0.83,0.0,0.86,3784.3584991382622
1731070809.55,40.3,0.634,0.0,2.45,4209.536138248652,20.5,0.897,0.0,1.06,946.462434542438,7.67,0.381,0.0,0.92,3902.854518682448,19.9,1.153,0.0,0.763,3784.5283048221486
1731070810.05,39.0,0.509,0.016,0.958,4209.554495457578,19.8,0.794,0.0,2.21,946.504871883921,8.33,0.454,0.0,0.815,3902.760904923591,20.5,0.868,0.0,1.28,3784.698113456344
1731070810.55,40.3,0.586,0.0,0.911,4210.348888716326,19.8,0.803,0.0,0.846,946.5473099639564,8.32,1.17,0.0,0.998,3902.667291225322,19.8,0.882,0.0,0.951,3784.867925040449
1731070811.05,39.7,0.722,0.0,0.841,4210.098990911066,19.8,1.003,0.0,0.912,946.5897487824392,7.68,0.714,0.0,1.57,3902.5736775876494,19.8,0.699,0.0,1.54,3785.037739574072
1731070811.55,40.3,0.635,0.0,0.901,4209.837103385408,20.5,0.819,0.0,0.816,946.6321883392726,8.32,0.594,0.0,1.03,3902.480064010577,19.8,0.627,0.0,0.771,3785.207557056812
1731070812.05,39.7,0.703,0.0,0.776,4210.081195947511,19.8,0.834,0.0,0.842,946.6746286343576,7.68,0.43,0.0,0.996,3902.386450494109,20.5,0.588,0.0,0.85,3785.3773774882734
1731070812.55,39.7,0.508,0.0,0.973,4210.251649191833,19.9,0.907,0.0,0.733,946.7170696675948,7.69,0.457,0.0,1.08,3902.292837038246,19.8,0.623,0.0,0.817,3785.547200868061
1731070813.05,40.3,0.558,0.0,0.799,4210.180444675388,19.8,1.063,0.0,0.817,946.7595114388882,8.31,0.824,0.0,0.786,3902.199223642996,19.8,0.758,0.0,1.02,3785.717027195772
1731070813.55,40.3,0.64,0.0,0.798,4210.773486487776,20.5,0.966,0.0,0.721,946.8019539481325,7.68,0.575,0.0,5.39,3902.105610308362,19.8,0.678,0.0,0.809,3785.886856471017
1731070814.05,39.7,0.635,0.0,0.733,4210.289331880685,19.8,1.147,0.0,0.763,946.8443971952308,8.32,0.633,0.0,0.891,3902.0119970343503,20.5,0.616,0.0,0.685,3786.056688693396
1731070814.55,40.3,0.59,0.0,0.88,4210.872493502452,19.8,0.875,0.0,1.33,946.8868411800846,8.32,0.399,0.0,1.01,3901.918383820964,19.8,0.612,0.0,0.732,3786.226523862512
1731070815.05,39.7,0.789,0.0,0.738,4210.776236112405,19.8,0.49,0.0,1.03,946.9292859025944,7.68,0.595,0.0,0.918,3901.8247706682064,19.8,0.908,0.0,0.767,3786.39636197797
1731070815.55,40.3,0.744,0.0,0.834,4210.674788367395,20.5,0.689,0.0,1.97,946.9717313626644,8.33,0.548,0.0,1.9,3901.7311575760814,19.8,0.908,0.0,0.951,3786.56620303937
1731070816.05,39.7,0.818,0.0,0.931,4210.537875241335,19.8,0.576,0.0,1.09,947.0141775601892,7.68,0.644,0.0,1.03,3901.637544544597,19.8,0.768,0.0,0.84,3786.736047046321
1731070816.55,40.3,1.103,0.0,0.927,4210.412057925558,19.8,0.519,0.0,5.7,947.056624495072,8.32,0.69,0.0,0.942,3901.543931573756,19.8,0.858,0.0,0.829,3786.905893998424
1731070817.05,39.7,0.643,0.0,0.725,4211.201667009715,19.9,0.507,0.0,1.09,947.0990721672148,7.68,0.414,0.0,0.979,3901.450318663561,19.8,0.938,0.0,0.844,3787.0757438952814
1731070817.55,40.3,0.606,0.0,0.991,4211.108823039133,20.5,0.66,0.0,0.808,947.1415205765176,7.69,0.505,0.0,0.919,3901.356705814018,19.8,0.943,0.0,3.16,3787.2455967365
1731070818.05,39.7,0.823,0.0,0.869,4211.040565380833,19.8,0.611,0.0,1.15,947.1839697228846,8.32,0.549,0.0,2.64,3901.263093025129,20.5,0.953,0.0,0.785,3787.415452521679
1731070818.55,40.3,0.842,0.0,0.965,4210.807886468328,19.8,0.666,0.0,0.752,947.2264196062108,8.31,0.644,0.0,0.963,3901.169480296901,19.8,1.233,0.0,0.818,3787.585311250427
1731070819.05,39.6,0.844,0.0,1.07,4211.379362906304,19.8,0.554,0.0,0.832,947.2688702263998,7.69,0.744,0.0,1.29,3901.0758676293394,19.8,1.083,0.0,0.766,3787.7551729223474
1731070819.55,40.3,1.138,0.0,1.59,4211.224955007129,20.5,0.64,0.0,0.836,947.311321583353,8.31,0.415,0.0,1.14,3900.982255022445,19.9,0.816,0.0,1.06,3787.9250375370425
1731070820.05,39.7,1.051,0.0,0.762,4211.710258840869,19.8,0.821,0.0,0.803,947.3537736769712,7.68,0.702,0.0,0.996,3900.888642476225,19.8,0.706,0.0,0.736,3788.094905094117
1731070820.55,40.3,0.948,0.0,0.819,4211.071555708225,19.8,0.69,0.0,0.84,947.396226507158,8.32,0.694,0.0,1.23,3900.7950299906806,20.5,0.533,0.0,0.928,3788.264775593173
1731070821.05,39.0,0.713,0.0,0.88,4211.501590562783,19.8,0.597,0.0,0.923,947.4386800738088,7.68,0.76,0.0,0.806,3900.70141756582,19.8,0.474,0.0,1.12,3788.434649033819
1731070821.55,41.0,0.661,0.0,0.876,4211.408409545599,20.5,0.543,0.0,0.844,947.4811343768276,8.32,0.813,0.0,0.871,3900.6078052016455,19.8,0.55,0.0,0.833,3788.6045254156575
1731070822.05,39.7,0.62,0.0,0.802,4211.608135444093,19.8,0.559,0.0,0.761,947.5235894161152,7.68,0.512,0.0,0.826,3900.5141928981625,20.5,0.757,0.0,0.956,3788.774404738293
1731070822.55,40.3,0.571,0.0,0.758,4211.587613126678,19.8,0.555,0.0,0.794,947.5660451915728,8.32,0.697,0.0,1.18,3900.420580655375,19.8,0.513,0.0,0.853,3788.944287001329
1731070823.05,39.7,0.704,0.0,0.798,4211.664149632932,19.8,0.565,0.0,2.77,947.6085017031044,7.69,0.403,0.0,0.755,3900.326968473284,19.9,0.72,0.0,0.81,3789.114172204368
1731070823.55,40.3,0.66,0.0,0.882,4211.875588608698,19.9,0.636,0.0,0.838,947.650958950605,8.31,0.807,0.0,0.882,3900.2333563518982,20.5,0.603,0.0,0.774,3789.28406034702
1731070824.05,39.0,0.846,0.016,0.899,4212.009869222673,20.5,0.858,0.0,0.749,947.6934169339788,7.66,0.881,0.0,0.966,3900.1397442912216,19.8,0.55,0.0,0.758,3789.4539514288863
1731070824.55,39.0,0.945,0.016,0.894,4211.9602838762485,19.8,0.703,0.0,1.38,947.7358756531268,8.34,0.549,0.0,0.793,3900.046132291259,19.8,0.501,0.0,0.739,3789.623845449573
1731070825.05,40.3,0.934,0.0,0.786,4211.99020511681,19.9,0.692,0.0,0.743,947.77833510795,7.68,0.802,0.0,1.56,3899.952520352011,19.8,0.495,0.0,0.749,3789.793742408682
1731070825.55,39.7,0.33,0.0,1.06,4211.72481818617,20.5,0.629,0.0,1.152,947.820795298353,8.32,0.386,0.0,1.23,3899.858908473485,19.8,0.629,0.0,0.999,3789.96364230582
1731070826.05,40.3,0.544,0.0,0.821,4212.116893241885,19.8,0.775,0.0,1.56,947.8632562242304,7.68,0.896,0.0,1.26,3899.765296655684,20.5,0.622,0.0,0.827,3790.133545140593
1731070826.55,40.3,0.556,0.0,1.16,4212.038584282356,19.8,0.763,0.0,0.766,947.9057178854868,7.68,0.582,0.0,1.25,3899.671684898615,19.8,0.544,0.0,0.773,3790.3034509126046
1731070827.05,39.7,0.512,0.0,0.776,4212.058672537959,19.8,0.686,0.0,0.905,947.948180282023,8.32,0.481,0.0,0.967,3899.57807320228,19.8,0.637,0.0,0.868,3790.473359621461
1731070827.55,40.3,0.314,0.0,0.759,4212.279514738064,19.8,0.661,0.0,1.05,947.9906434137404,8.32,0.851,0.0,2.66,3899.484461566683,19.9,0.63,0.0,0.828,3790.6432712667656
1731070828.05,39.6,0.473,0.0,0.848,4212.057610671511,20.5,0.658,0.0,0.971,948.0331072805434,7.68,0.423,0.0,0.961,3899.390849991829,20.5,0.593,0.0,1.48,3790.8131858481215
1731070828.55,40.3,0.374,0.0,1.18,4212.19914993062,19.8,0.59,0.0,0.842,948.0755718823268,8.32,0.969,0.0,1.06,3899.297238477722,19.8,0.67,0.0,0.872,3790.983103365141
1731070829.05,39.7,0.382,0.0,1.17,4212.394766694307,19.8,0.576,0.0,0.864,948.1180372189953,7.68,0.652,0.0,1.15,3899.20362702437,19.8,0.768,0.0,0.846,3791.153023817424
1731070829.55,39.7,0.426,0.0,1.46,4212.843502833697,20.5,0.646,0.0,0.969,948.1605032904496,7.68,0.642,0.0,1.12,3899.110015631773,20.5,0.728,0.0,1.05,3791.3229472045778
1731070830.05,40.3,0.503,0.0,5.91,4212.443058515408,19.8,0.642,0.0,0.814,948.2029700965916,8.32,0.69,0.0,0.76,3899.016404299936,19.8,0.741,0.0,0.959,3791.492873526206
1731070830.55,39.7,0.508,0.0,2.65,4212.851694597617,19.8,0.929,0.0,2.47,948.2454376373252,7.69,0.478,0.0,0.871,3898.922793028864,19.8,0.723,0.0,1.95,3791.662802781913
1731070831.05,40.3,0.577,0.0,3.83,4212.483338813579,19.9,0.824,0.0,1.07,948.2879059125456,8.31,1.071,0.0,0.788,3898.8291818185617,19.8,0.943,0.0,2.69,3791.8327349713086
1731070831.55,39.7,0.692,0.0,4.15,4212.772732880668,20.5,0.791,0.0,1.0,948.3303749221576,8.32,0.646,0.0,0.816,3898.735570669034,19.9,0.832,0.0,0.922,3792.0026700939966
1731070832.05,40.3,0.592,0.0,0.829,4212.790056566783,19.8,0.771,0.0,0.831,948.3728446660622,7.68,0.553,0.0,0.742,3898.641959580285,20.5,0.97,0.0,0.827,3792.172608149582
1731070832.55,40.3,0.908,0.0,0.928,4212.660170955855,19.8,0.822,0.0,0.829,948.4153151441608,8.32,0.36,0.0,0.95,3898.5483485523177,19.8,0.709,0.0,0.824,3792.342549137671
1731070833.05,39.7,0.895,0.0,1.14,4213.193116326143,19.8,0.817,0.0,0.8,948.4577863563576,7.68,0.424,0.0,0.817,3898.4547375851366,19.8,0.553,0.0,0.791,3792.5124930578654
1731070833.55,40.3,0.703,0.0,1.66,4212.90509840588,20.5,0.86,0.0,0.861,948.5002583025484,8.32,1.097,0.0,0.731,3898.361126678748,20.5,0.523,0.0,0.645,3792.682439909779
1731070834.05,39.7,0.516,0.0,1.08,4212.829077920233,19.8,0.867,0.0,0.685,948.5427309826374,7.69,0.625,0.0,1.08,3898.2675158331554,19.8,0.585,0.0,0.741,3792.852389693013
1731070834.55,40.3,0.502,0.0,0.874,4213.403066205704,19.8,0.916,0.0,1.18,948.585204396526,8.31,0.559,0.0,0.813,3898.173905048363,19.8,0.559,0.0,0.865,3793.0223424071737
1731070835.05,39.7,0.875,0.0,0.904,4213.607131438766,19.8,1.034,0.0,0.839,948.6276785441156,7.68,0.375,0.0,0.666,3898.0802943243752,19.8,0.662,0.0,0.861,3793.192298051868
1731070835.55,40.3,0.65,0.0,1.33,4213.704666165677,20.5,1.118,0.0,1.12,948.6701534253108,8.32,0.431,0.0,0.719,3897.986683661194,19.9,0.7,0.0,0.812,3793.3622566266977
1731070836.05,39.7,0.948,0.0,0.837,4213.240520529992,19.2,0.555,0.0,0.77,948.7126290400066,7.68,0.488,0.0,1.23,3897.8930730588286,20.5,0.799,0.0,0.714,3793.5322181312754
1731070836.55,40.3,0.698,0.0,1.55,4213.399087980159,20.5,0.46,0.0,0.824,948.755105388108,7.69,0.74,0.0,1.61,3897.79946251728,19.8,0.8,0.0,0.816,3793.702182565205
1731070837.05,39.0,1.042,0.016,1.29,4213.602698734579,19.8,0.441,0.0,0.904,948.7975824695164,8.32,0.703,0.0,2.21,3897.705852036555,19.9,0.761,0.0,0.793,3793.872149928092
1731070837.55,39.1,0.872,0.016,2.34,4213.71325672103,20.5,0.557,0.0,0.809,948.8400602841332,8.31,0.494,0.0,0.904,3897.6122416166554,19.8,0.772,0.0,0.707,3794.042120219543
1731070838.05,39.6,0.804,0.016,4.47,4213.531866119758,19.8,0.608,0.0,1.12,948.8825388318631,7.68,0.556,0.0,0.972,3897.518631257585,20.5,1.084,0.0,0.94,3794.212093439163
1731070838.55,40.3,0.56,0.0,0.848,4213.505751604957,19.8,0.862,0.0,1.49,948.9250181126016,8.32,0.822,0.0,0.822,3897.42502095935,19.8,0.968,0.0,0.858,3794.382069586561
1731070839.05,39.7,0.649,0.0,1.07,4213.726420876636,19.8,0.561,0.0,9.09,948.967498126253,7.68,0.949,0.0,3.77,3897.331410721957,19.8,0.921,0.0,0.753,3794.552048661344
1731070839.55,40.3,0.939,0.0,1.05,4214.099942366849,20.5,0.567,0.0,0.993,949.0099788727192,7.68,0.849,0.0,0.992,3897.237800545408,20.5,0.986,0.0,0.83,3794.722030663116
1731070840.05,39.7,0.793,0.0,1.76,4214.073780931393,19.8,0.466,0.0,1.0,949.0524603519016,8.32,0.428,0.0,1.19,3897.144190429705,19.8,0.936,0.0,0.915,3794.8920155914857
1731070840.55,39.7,0.816,0.0,0.819,4213.975279349032,19.8,0.586,0.0,1.12,949.0949425637048,8.32,0.574,0.0,0.869,3897.050580374855,19.8,1.098,0.0,0.8,3795.062003446056
1731070841.05,40.3,0.87,0.0,2.64,4213.804770903076,19.9,0.568,0.0,0.913,949.1374255080248,7.68,0.631,0.0,0.871,3896.956970380863,19.8,0.876,0.0,2.82,3795.23199422644
1731070841.55,40.3,0.968,0.0,1.65,4213.975014175115,19.8,0.549,0.0,0.92,949.1799091847656,8.32,0.989,0.0,0.959,3896.8633604477336,19.9,0.588,0.0,1.68,3795.40198793224
1731070842.05,39.7,1.077,0.0,1.82,4214.169688255028,20.5,0.681,0.0,0.761,949.2223935938296,7.68,0.927,0.0,0.799,3896.769750575469,20.5,0.601,0.0,2.11,3795.571984563065
1731070842.55,39.7,0.613,0.0,1.73,4214.169265444988,19.8,0.604,0.0,0.793,949.2648787351176,8.32,0.549,0.0,1.044,3896.676140764075,19.8,0.614,0.0,1.5,3795.741984118521
1731070843.05,40.3,0.507,0.0,1.59,4214.368997090478,19.8,0.744,0.0,0.948,949.3073646085352,7.68,0.707,0.0,1.29,3896.5825310135538,19.8,0.553,0.0,1.11,3795.911986598213
1731070843.55,39.7,0.664,0.0,2.2,4214.051532329641,20.5,0.655,0.0,0.929,949.3498512139774,7.68,0.483,0.0,0.802,3896.4889213239135,19.8,0.756,0.0,1.6,3796.081992001753
1731070844.05,40.3,0.734,0.0,1.04,4214.207332731061,19.8,0.645,0.0,1.29,949.3923385513492,8.32,0.88,0.0,1.46,3896.3953116951575,20.5,0.533,0.0,1.04,3796.2520003287455
1731070844.55,40.3,0.723,0.0,5.62,4214.753305865749,19.8,0.589,0.0,0.868,949.4348266205526,8.32,0.788,0.0,1.97,3896.301702127288,19.8,0.655,0.0,5.57,3796.422011578798
1731070845.05,39.7,0.836,0.0,2.11,4214.38049980675,19.9,0.615,0.0,1.07,949.4773154214888,7.68,0.461,0.0,1.73,3896.208092620312,19.9,0.613,0.0,1.52,3796.5920257515168
1731070845.55,40.3,0.869,0.0,0.815,4214.823935403149,20.5,0.645,0.0,0.914,949.5198049540631,8.32,0.695,0.0,1.13,3896.1144831742295,19.8,0.742,0.0,0.93,3796.762042846509
1731070846.05,39.7,0.908,0.0,1.13,4214.758674699284,19.8,0.644,0.0,1.82,949.5622952181712,7.69,0.373,0.0,1.26,3896.0208737890503,20.5,0.516,0.0,1.06,3796.932062863385
1731070846.55,39.0,0.566,0.0,0.896,4214.8165957522615,19.8,0.716,0.0,0.965,949.6047862137176,8.31,0.824,0.0,1.5,3895.9272644647767,19.8,0.573,0.0,1.15,3797.10208580175
1731070847.05,40.3,0.337,0.016,0.756,4215.029454119688,19.8,0.797,0.0,0.812,949.647277940604,7.68,0.696,0.0,2.82,3895.833655201413,19.8,0.562,0.0,0.813,3797.272111661213
1731070847.55,40.3,0.585,0.0,0.941,4215.162346162177,20.5,0.726,0.0,0.84,949.6897703987328,8.32,0.536,0.0,1.12,3895.740045998964,20.5,0.778,0.0,0.854,3797.44214044138
1731070848.05,39.7,0.308,0.0,0.874,4214.635613329011,19.8,0.804,0.0,0.698,949.7322635880084,7.68,0.75,0.0,1.05,3895.646436857431,19.8,0.637,0.0,0.906,3797.612172141857
1731070848.55,39.7,0.418,0.0,0.861,4214.694322016892,19.8,0.813,0.0,0.836,949.7747575083268,8.31,0.383,0.0,0.983,3895.552827776822,19.8,0.58,0.0,0.813,3797.782206762257
1731070849.05,40.3,0.381,0.0,0.894,4214.950461892556,19.8,0.577,0.0,0.83,949.8172521595932,7.68,0.969,0.0,1.0,3895.4592187571416,19.9,0.62,0.0,1.451,3797.9522443021847
1731070849.55,40.3,0.426,0.0,0.927,4215.495798874646,20.5,0.518,0.0,0.904,949.8597475417088,8.32,0.587,0.0,0.788,3895.365609798393,19.8,0.645,0.0,2.09,3798.122284761248
1731070850.05,39.7,0.518,0.0,1.66,4214.987713721017,19.8,0.67,0.0,0.802,949.902243654576,7.68,0.504,0.0,0.8,3895.2720009005793,19.9,0.648,0.0,1.36,3798.292328139056
1731070850.55,40.3,0.443,0.0,1.66,4215.117763211289,19.8,0.63,0.0,0.894,949.9447404981,8.32,0.812,0.0,0.994,3895.178392063706,19.8,0.673,0.0,1.67,3798.462374435213
1731070851.05,39.7,0.413,0.0,0.8,4215.317104760139,19.8,0.735,0.0,0.729,949.987238072176,7.68,0.597,0.0,0.755,3895.0847832877776,19.8,0.694,0.0,0.941,3798.632423649332
1731070851.55,40.3,0.49,0.0,0.736,4215.497177718485,20.5,0.901,0.0,0.976,950.0297363767094,8.32,1.106,0.0,0.649,3894.9911745728,19.8,0.791,0.0,0.957,3798.802475781019
1731070852.05,39.0,0.592,0.016,0.953,4215.462825796409,19.8,0.847,0.0,0.822,950.0722354116022,7.68,0.721,0.0,0.831,3894.897565918776,20.5,0.851,0.0,8.7,3798.972530829883
1731070852.55,40.3,0.435,0.0,0.778,4215.71099151343,19.9,0.712,0.0,0.736,950.1147351767564,8.32,0.566,0.0,0.784,3894.803957325709,19.8,0.815,0.0,0.774,3799.14258879553
1731070853.05,39.7,0.545,0.0,0.821,4215.753857064953,19.8,0.986,0.0,0.852,950.1572356720768,7.68,0.406,0.0,0.843,3894.710348793604,19.8,0.969,0.0,1.46,3799.3126496775694
1731070853.55,40.3,0.562,0.0,0.812,4216.111856328846,20.5,0.791,0.0,0.838,950.1997368974596,8.32,0.432,0.0,0.767,3894.6167403224654,20.5,0.869,0.0,1.06,3799.482713475612
1731070854.05,39.7,0.714,0.0,0.66,4215.94332678441,19.8,0.805,0.0,0.78,950.2422388528096,7.68,1.153,0.0,0.794,3894.523131912302,19.8,0.702,0.0,2.38,3799.652780189264
1731070854.55,40.3,0.744,0.0,0.837,4215.902447234431,19.8,0.883,0.0,0.848,950.2847415380292,7.68,0.643,0.0,0.718,3894.429523563112,19.8,0.532,0.0,1.09,3799.822849818134
1731070855.05,39.7,0.546,0.0,0.749,4215.987711905558,19.9,1.019,0.0,0.807,950.3272449530202,8.32,0.621,0.0,0.933,3894.335915274901,19.2,0.67,0.0,1.37,3799.992922361831
1731070855.55,40.3,0.508,0.0,0.982,4216.110737766204,20.5,0.881,0.0,0.766,950.369749097688,8.32,0.401,0.0,0.784,3894.2423070476734,20.5,0.557,0.03,1.17,3800.162997819961
1731070856.05,39.6,0.533,0.0,1.82,4215.934578308968,19.8,1.052,0.0,0.914,950.4122539719284,7.68,0.537,0.0,0.744,3894.148698881438,19.8,0.758,0.0,0.896,3800.3330761921375
1731070856.55,40.3,0.646,0.0,3.59,4216.531580068759,19.8,1.162,0.0,0.887,950.4547595756464,7.68,0.554,0.0,0.82,3894.055090776195,19.9,0.721,0.0,0.992,3800.5031574779673
1731070857.05,39.7,0.713,0.0,1.89,4216.071735898584,19.8,0.715,0.0,0.921,950.4972659087448,8.32,0.699,0.0,0.864,3893.9614827319497,19.8,0.674,0.0,0.811,3800.673241677059
1731070857.55,40.3,0.602,0.0,3.05,4216.217177352701,19.8,0.493,0.0,0.712,950.5397729711248,8.32,0.653,0.0,0.703,3893.867874748706,19.8,0.681,0.0,1.03,3800.843328789021
1731070858.05,39.7,0.786,0.0,8.32,4216.191212269946,20.5,0.512,0.0,1.39,950.5822807626924,7.68,0.714,0.0,1.33,3893.774266826468,20.5,0.878,0.0,1.0,3801.0134188134607
1731070858.55,40.3,0.868,0.0,1.27,4216.208941701524,19.8,0.562,0.0,0.863,950.6247892833436,8.32,0.613,0.0,0.875,3893.6806589652415,19.9,0.796,0.0,5.6,3801.1835117499913
1731070859.05,39.7,0.845,0.0,2.25,4216.673639986596,19.8,0.522,0.0,1.3,950.6672985329832,7.68,0.593,0.0,1.27,3893.5870511650314,19.8,0.828,0.0,1.24,3801.35360759822
1731070859.55,39.6,0.622,0.0,3.21,4216.2849429724265,20.5,0.608,0.0,0.854,950.7098085115136,7.69,0.671,0.0,0.79,3893.49344342584,19.8,0.902,0.0,1.21,3801.523706357755
1731070860.05,40.4,0.959,0.0,2.63,4216.341256768197,19.8,0.616,0.0,0.981,950.7523192188372,8.32,0.935,0.0,0.857,3893.399835747673,20.5,1.064,0.0,1.93,3801.693808028207
1731070860.55,40.3,0.706,0.0,3.54,4216.244571476667,19.9,0.553,0.0,0.836,950.7948306548592,7.67,0.532,0.0,0.926,3893.306228130533,19.9,0.95,0.0,0.912,3801.8639126091816
1731070861.05,39.7,0.762,0.0,0.857,4216.949786053485,19.8,0.45,0.0,0.786,950.8373428194756,8.32,0.68,0.0,1.0,3893.212620574427,19.8,0.984,0.0,1.67,3802.034020100293
1731070861.55,40.3,0.752,0.0,1.64,4216.866632841865,19.8,0.405,0.0,8.16,950.879855712592,8.32,0.651,0.0,3.29,3893.1190130793584,19.8,1.137,0.0,1.23,3802.204130501149
1731070862.05,39.7,0.932,0.0,1.17,4216.552515853346,20.5,0.969,0.0,2.63,950.9223693341108,7.68,0.942,0.0,1.49,3893.0254056453327,20.5,1.238,0.0,0.843,3802.374243811359
1731070862.55,40.3,1.141,0.0,4.67,4216.831879559877,19.8,0.567,0.0,4.09,950.9648836839336,8.31,0.875,0.0,1.2,3892.931798272352,19.8,0.953,0.0,0.867,3802.544360030532
1731070863.05,39.7,0.998,0.0,1.05,4216.741796880287,19.8,0.707,0.0,0.818,951.0073987619668,7.68,0.492,0.0,0.86,3892.83819096042,19.8,0.444,0.0,0.902,3802.714479158276
1731070863.55,39.7,0.76,0.0,0.903,4216.958999029442,19.8,0.523,0.0,0.884,951.0499145681056,8.31,0.746,0.0,0.796,3892.744583709544,20.5,0.425,0.0,0.771,3802.8846011942032
1731070864.05,40.3,0.571,0.0,0.882,4217.299014735868,20.5,0.486,0.0,0.727,951.0924311022562,7.69,0.565,0.0,0.923,3892.650976519729,19.9,0.446,0.0,0.725,3803.054726137924
1731070864.55,40.3,0.594,0.0,1.36,4217.341272080776,19.8,0.651,0.0,0.754,951.1349483643206,8.32,0.789,0.0,0.895,3892.557369390977,19.8,0.495,0.0,0.979,3803.224853989047
1731070865.05,39.7,0.613,0.0,0.766,4217.291987796973,19.9,0.682,0.0,0.95,951.1774663542012,7.69,0.841,0.0,0.87,3892.463762323293,19.9,0.476,0.0,0.94,3803.394984747181
1731070865.55,40.3,0.72,0.0,1.01,4217.60946396596,20.5,0.716,0.0,0.845,951.2199850718036,8.31,0.382,0.0,1.72,3892.37015531668,19.8,0.64,0.0,1.52,3803.5651184119342
1731070866.05,39.7,0.673,0.0,0.821,4217.731241597156,19.9,0.72,0.0,1.61,951.262504517024,7.68,0.661,0.0,0.998,3892.2765483711446,20.5,0.539,0.0,5.37,3803.735254982922
1731070866.55,40.3,0.724,0.0,0.876,4217.692103831946,19.8,0.632,0.0,0.889,951.305024689768,8.32,0.353,0.0,1.06,3892.182941486693,19.8,0.464,0.0,0.768,3803.905394459752
1731070867.05,39.7,0.8,0.0,0.832,4217.565104357343,19.9,0.835,0.0,1.06,951.3475455899378,7.69,0.924,0.0,0.804,3892.0893346633247,19.8,0.528,0.0,3.2,3804.0755368420337
1731070867.55,40.3,0.853,0.0,0.795,4217.342641005936,20.5,0.683,0.0,0.796,951.390067217436,7.68,0.812,0.0,0.847,3891.995727901048,19.8,0.511,0.0,0.887,3804.2456821293767
1731070868.05,39.0,0.471,0.0,0.993,4217.761669119796,19.8,0.666,0.0,1.01,951.4325895721684,8.31,0.511,0.0,0.827,3891.902121199863,20.5,0.749,0.0,3.56,3804.4158303213903
1731070868.55,40.9,0.377,0.0,0.81,4217.700033296851,19.8,0.713,0.0,0.922,951.4751126540312,8.32,0.773,0.0,1.03,3891.8085145597793,19.9,0.694,0.0,0.759,3804.585981417688
1731070869.05,38.4,0.457,0.032,0.997,4218.066378739797,19.8,0.851,0.0,2.45,951.5176364629295,7.68,0.419,0.0,0.858,3891.714907980799,19.8,0.677,0.0,3.4,3804.75613541788
1731070869.55,40.3,0.279,0.0,0.864,4217.948243947446,20.5,0.84,0.0,5.2,951.5601609987668,8.32,0.898,0.0,0.964,3891.621301462927,19.8,0.647,0.0,0.821,3804.926292321575
1731070870.05,39.7,0.54,0.0,0.979,4217.952666779632,19.8,0.685,0.0,0.956,951.6026862614448,7.68,0.552,0.0,0.782,3891.527695006166,20.5,0.706,0.0,2.97,3805.096452128383
1731070870.55,40.3,0.523,0.0,0.874,4217.733617658541,19.8,0.711,0.0,0.772,951.6452122508696,8.32,0.616,0.0,1.07,3891.434088610521,19.8,0.864,0.0,0.831,3805.2666148379135
1731070871.05,39.0,0.429,0.016,1.02,4217.690948901938,19.8,0.876,0.0,1.66,951.6877389669372,7.68,0.802,0.0,0.821,3891.340482275998,19.9,0.735,0.0,3.91,3805.436780449781
1731070871.55,40.3,0.644,0.0,0.911,4217.898516637638,20.5,0.973,0.0,1.08,951.7302664095536,8.32,0.512,0.0,2.0,3891.2468760026,19.8,0.746,0.0,0.786,3805.6069489635943
1731070872.05,39.7,0.607,0.0,0.962,4218.585236037542,19.9,0.673,0.0,1.54,951.7727945786216,7.68,1.047,0.0,1.57,3891.1532697903335,20.5,0.696,0.0,5.52,3805.777120378965
1731070872.55,40.3,0.623,0.0,0.795,4218.217327502525,19.8,0.649,0.0,0.785,951.8153234740432,7.69,0.673,0.0,2.13,3891.0596636392006,19.9,0.751,0.0,2.07,3805.9472946955016
1731070873.05,39.7,0.83,0.0,1.0,4218.642381626018,19.8,0.663,0.0,0.841,951.8578530957247,8.31,0.752,0.0,0.983,3890.966057549204,19.8,1.016,0.0,4.37,3806.1174719128144
1731070873.55,40.3,0.524,0.0,0.792,4218.626308209862,20.5,0.832,0.0,0.784,951.9003834435624,7.68,0.464,0.0,1.87,3890.872451520353,19.9,1.168,0.0,0.897,3806.287652030518
1731070874.05,39.7,0.61,0.0,1.24,4218.677742515037,19.8,0.721,0.0,1.49,951.942914517462,8.32,0.683,0.0,0.815,3890.778845552648,20.5,0.868,0.0,0.958,3806.4578350482234
1731070874.55,39.7,0.702,0.0,0.76,4218.330107761573,19.9,0.792,0.0,1.22,951.9854463173264,8.32,1.213,0.0,0.972,3890.6852396460968,19.8,0.972,0.0,0.807,3806.6280209655374
1731070875.05,40.3,0.66,0.0,8.16,4218.281394093279,19.8,0.847,0.0,2.48,952.0279788430578,7.68,0.781,0.0,0.884,3890.591633800701,19.9,0.898,0.0,0.805,3806.7982097820745
1731070875.55,40.3,0.638,0.0,0.88,4219.068633816708,20.5,0.783,0.0,1.92,952.0705120945624,8.32,0.6,0.0,1.77,3890.498028016464,19.8,0.556,0.0,0.782,3806.9684014974414
1731070876.05,39.7,0.79,0.0,1.18,4218.589159173401,19.8,0.97,0.0,1.45,952.1130460717368,7.68,0.416,0.0,1.05,3890.4044222933935,20.5,0.559,0.0,0.735,3807.138596111258
1731070876.55,39.0,0.418,0.016,0.761,4219.123488729749,19.8,0.927,0.0,0.851,952.1555807744868,8.32,0.47,0.0,1.4,3890.3108166314937,19.8,0.475,0.0,0.792,3807.308793623128
1731070877.05,40.3,0.513,0.0,1.54,4218.865412236205,19.8,1.191,0.0,0.806,952.1981162027148,7.68,0.864,0.0,2.14,3890.217211030768,19.8,0.637,0.0,0.87,3807.4789940326655
1731070877.55,40.3,0.546,0.0,0.793,4218.9434329876985,20.5,0.967,0.0,0.959,952.240652356324,7.69,0.688,0.0,0.91,3890.123605491219,20.5,0.631,0.0,0.904,3807.6491973394823
1731070878.05,39.7,0.773,0.0,0.787,4218.66017844871,19.8,1.143,0.0,0.79,952.2831892352204,8.31,0.664,0.0,1.4,3890.030000012853,19.9,0.846,0.0,1.28,3807.819403543187
1731070878.55,40.3,0.655,0.0,0.781,4219.36523816666,19.8,0.942,0.0,0.898,952.3257268393,8.32,0.455,0.0,1.89,3889.936394595674,19.8,0.775,0.0,0.92,3807.989612643395
1731070879.05,39.7,0.659,0.0,0.952,4219.227797948615,19.8,0.56,0.0,0.808,952.3682651684694,7.68,0.513,0.0,1.17,3889.842789239689,19.8,0.72,0.0,1.04,3808.159824639717
1731070879.55,40.3,0.715,0.0,0.736,4219.273784414826,20.5,0.531,0.0,0.885,952.410804222631,8.32,0.523,0.0,3.03,3889.749183944898,19.8,0.813,0.0,0.908,3808.330039531764
1731070880.05,39.7,0.834,0.0,1.65,4219.108432117497,19.8,0.527,0.0,0.842,952.453344001688,7.69,0.619,0.0,1.47,3889.655578711309,20.5,0.798,0.0,4.66,3808.500257319147
1731070880.55,40.3,0.807,0.0,1.11,4219.541572904152,19.8,0.471,0.0,1.44,952.495884505546,8.31,0.626,0.0,1.01,3889.561973538922,19.8,0.801,0.0,0.856,3808.670478001476
1731070881.05,39.7,0.548,0.0,2.02,4219.289558891782,19.8,0.547,0.0,1.01,952.538425734102,7.68,0.41,0.0,1.62,3889.4683684277466,19.8,0.81,0.0,2.91,3808.840701578368
1731070881.55,39.7,0.691,0.0,1.1,4219.573873083796,20.5,0.47,0.0,1.52,952.5809676872616,8.32,0.514,0.0,0.83,3889.374763377785,19.8,0.94,0.0,8.63,3809.010928049433
1731070882.05,40.3,0.673,0.0,0.88,4219.27714249379,19.8,0.549,0.0,0.942,952.6235103649284,7.68,0.587,0.0,1.24,3889.281158389041,20.5,0.869,0.0,3.17,3809.1811574142816
1731070882.55,40.3,0.665,0.0,0.843,4219.686772348078,19.8,0.494,0.0,0.971,952.6660537670048,8.32,0.771,0.0,1.06,3889.18755346152,19.8,0.92,0.0,2.22,3809.3513896725262
1731070883.05,39.7,1.091,0.0,0.832,4219.953202392698,19.8,0.475,0.0,0.755,952.7085978933968,7.68,0.805,0.0,1.01,3889.093948595224,19.8,1.055,0.0,1.88,3809.5216248237775
1731070883.55,40.3,0.814,0.0,0.891,4219.999462686181,19.8,0.471,0.0,0.862,952.7511427440018,8.32,0.44,0.0,0.878,3889.000343790162,20.5,0.977,0.0,3.2,3809.6918628676513
1731070884.05,39.7,1.088,0.0,0.874,4220.001521536163,20.5,0.577,0.0,0.94,952.7936883187252,7.68,0.666,0.0,0.633,3888.906739046335,19.2,0.361,0.0,0.814,3809.862103803759
1731070884.55,39.7,1.038,0.0,1.1,4219.888752908982,19.8,0.489,0.0,3.09,952.8362346174704,8.32,0.683,0.0,1.17,3888.8131343637488,20.5,0.477,0.0,0.825,3810.032347631711
1731070885.05,39.6,0.463,0.0,1.05,4219.567781229799,19.9,0.64,0.0,1.8,952.87878164014,7.68,0.772,0.0,0.797,3888.7195297424073,19.8,0.479,0.0,0.742,3810.20259435112
1731070885.55,41.0,0.601,0.0,2.16,4219.974314592383,20.5,0.551,0.0,0.826,952.9213293866408,8.32,0.771,0.0,0.781,3888.6259251823126,20.5,0.635,0.0,0.995,3810.3728439615975
1731070886.05,39.7,0.656,0.0,0.88,4220.327786398635,19.8,0.537,0.0,0.862,952.9638778568687,7.69,0.401,0.0,1.7,3888.532320683473,19.9,0.769,0.0,0.741,3810.54309646276
1731070886.55,40.3,0.574,0.0,0.763,4219.873947464095,19.8,0.584,0.0,0.794,953.0064270507308,7.67,0.659,0.0,0.905,3888.438716245892,19.8,0.515,0.0,0.902,3810.713351854217
1731070887.05,39.7,0.769,0.0,1.05,4220.158957796846,19.8,0.53,0.0,1.62,953.04897696813,8.31,0.328,0.0,1.92,3888.345111869573,19.8,0.52,0.0,0.97,3810.883610135582
1731070887.55,40.3,0.821,0.0,1.23,4220.711023492106,20.5,0.572,0.0,0.797,953.0915276089688,7.69,0.818,0.0,1.25,3888.2515075545207,19.8,0.737,0.0,0.752,3811.0538713064666
1731070888.05,39.7,0.943,0.0,2.78,4220.179493798213,19.8,0.752,0.0,0.9,953.134078973154,8.32,0.859,0.0,2.77,3888.157903300739,20.5,0.512,0.0,0.931,3811.224135366482
1731070888.55,39.7,0.823,0.0,6.08,4220.337195426778,19.8,0.738,0.0,0.81,953.1766310605822,8.32,0.584,0.0,5.91,3888.0642991082327,19.8,0.497,0.0,1.11,3811.394402315247
1731070889.05,40.3,1.037,0.0,0.972,4220.476148843119,19.8,0.79,0.0,1.07,953.2191838711598,7.69,0.863,0.0,0.955,3887.970694977008,19.8,0.62,0.0,0.963,3811.5646721523694
1731070889.55,39.7,0.455,0.0,0.881,4220.264371205229,20.5,0.669,0.0,0.863,953.26173740479,7.68,0.546,0.0,1.67,3887.877090907068,19.8,0.624,0.0,0.96,3811.734944877464
1731070890.05,40.3,0.41,0.0,0.92,4220.38702659073,19.8,0.8,0.0,0.952,953.304291661376,8.31,1.027,0.0,0.998,3887.783486898416,20.5,0.494,0.0,0.795,3811.905220490143
1731070890.55,40.3,0.333,0.0,0.822,4220.573664879971,19.8,0.813,0.0,1.04,953.3468466408236,7.68,0.65,0.0,1.03,3887.689882951056,19.8,0.534,0.0,0.764,3812.0754989900174
1731070891.05,39.7,0.492,0.0,0.828,4221.097872706133,19.8,0.621,0.0,0.969,953.3894023430306,8.33,0.514,0.0,0.945,3887.596279064994,19.8,0.668,0.0,0.752,3812.245780376705
1731070891.55,40.3,0.393,0.0,0.884,4220.729663540367,19.8,0.692,0.0,1.94,953.4319587679028,8.32,0.758,0.0,1.11,3887.502675240237,19.9,0.642,0.0,0.823,3812.416064649817
1731070892.05,39.7,0.396,0.0,0.858,4221.201787931918,20.5,0.828,0.0,0.905,953.4745159153435,7.67,0.361,0.0,1.16,3887.409071476786,20.5,0.603,0.0,0.862,3812.5863518089664
1731070892.55,40.3,0.545,0.0,0.729,4220.91808959677,19.8,0.643,0.0,1.06,953.517073785256,8.32,0.917,0.0,0.856,3887.3154677746447,19.8,0.624,0.0,0.678,3812.756641853766
1731070893.05,39.7,0.544,0.0,1.27,4220.902706469439,19.8,0.605,0.0,0.712,953.5596323775468,7.68,0.565,0.0,0.867,3887.2218641338177,19.8,0.723,0.0,0.741,3812.926934783827
1731070893.55,39.7,0.468,0.0,0.955,4221.05475846619,20.5,0.724,0.0,0.984,953.6021916921128,8.32,0.484,0.0,1.15,3887.128260554312,19.9,0.83,0.0,0.839,3813.097230598768
1731070894.05,40.3,0.578,0.0,1.5,4221.333405561409,19.8,0.851,0.0,1.64,953.6447517288605,7.68,0.614,0.0,6.34,3887.034657036132,20.5,0.965,0.0,0.966,3813.2675292982
1731070894.55,40.3,0.477,0.0,0.75,4221.008359270692,19.8,0.767,0.0,8.17,953.6873124876932,8.32,0.613,0.0,0.839,3886.94105357928,19.9,0.785,0.0,3.43,3813.4378308817368
1731070895.05,39.7,0.524,0.0,1.01,4221.553928836444,19.9,0.768,0.0,1.16,953.729873968514,7.69,1.155,0.0,0.838,3886.847450183761,19.8,1.019,0.0,1.19,3813.608135348991
1731070895.55,40.3,0.616,0.0,0.787,4221.586855111557,20.5,0.777,0.0,1.04,953.7724361712296,8.31,0.788,0.0,0.834,3886.753846849578,20.5,0.941,0.0,0.831,3813.7784426995754
1731070896.05,39.7,0.591,0.0,1.21,4221.593003981639,19.8,0.76,0.0,0.722,953.8149990957372,7.68,0.608,0.0,1.01,3886.660243576739,19.8,0.893,0.0,0.768,3813.9487529331054
1731070896.55,40.3,0.799,0.0,1.63,4221.523320595337,19.8,0.903,0.0,0.689,953.8575627419432,8.32,0.519,0.0,0.913,3886.566640365247,19.8,0.975,0.0,0.733,3814.119066049197
1731070897.05,39.7,0.863,0.0,1.94,4221.713507240168,19.8,0.888,0.0,0.857,953.9001271097508,7.68,0.537,0.0,4.18,3886.473037215105,19.8,0.701,0.0,1.36,3814.2893820474615
1731070897.55,40.3,0.731,0.0,1.67,4221.556641713511,20.5,0.93,0.0,0.758,953.9426921990636,8.32,1.185,0.0,0.872,3886.379434126319,19.8,0.611,0.0,0.768,3814.4597009275126
1731070898.05,39.7,0.526,0.0,0.894,4221.915596042369,19.8,0.907,0.0,0.977,953.9852580097884,7.68,0.749,0.0,0.822,3886.2858310988895,20.5,0.579,0.0,0.911,3814.6300226889625
1731070898.55,40.3,0.508,0.0,3.13,4221.936673903855,19.8,0.956,0.0,0.811,954.0278245418218,8.32,0.658,0.0,0.68,3886.192228132829,19.8,0.632,0.0,0.799,3814.8003473314297
1731070899.05,39.7,0.63,0.0,0.83,4221.753190002304,19.8,1.0,0.0,0.898,954.0703917950708,7.68,0.47,0.0,1.66,3886.098625228135,19.8,0.66,0.0,0.938,3814.9706748545264
1731070899.55,40.3,0.793,0.0,2.84,4221.519532710929,20.5,1.031,0.0,0.838,954.1129597694388,7.69,0.546,0.0,1.45,3886.005022384815,19.8,0.686,0.0,0.81,3815.1410052578663
1731070900.05,39.7,0.674,0.0,10.8,4221.564953885484,19.2,0.564,0.0,0.792,954.1555284648292,8.31,0.651,0.0,1.01,3885.9114196028713,20.5,0.829,0.0,0.897,3815.311338541064
1731070900.55,39.7,0.737,0.016,1.2,4221.614137422052,20.5,0.436,0.0,0.977,954.1980978811488,8.32,0.71,0.0,0.938,3885.817816882309,19.8,0.786,0.0,0.784,3815.481674703732
1731070901.05,39.0,0.873,0.016,1.27,4222.039016898613,19.8,0.465,0.0,0.86,954.2406680182946,7.68,0.704,0.0,5.16,3885.724214223134,19.8,0.787,0.0,1.21,3815.652013745488
1731070901.55,40.3,0.874,0.0,0.751,4222.225013596613,20.5,0.453,0.0,0.821,954.2832388761736,8.32,0.496,0.0,1.23,3885.630611625351,19.8,0.771,0.0,0.814,3815.822355665945
1731070902.05,39.7,0.958,0.0,0.872,4221.791558351214,19.8,0.466,0.0,0.851,954.3258104546888,7.68,0.588,0.0,0.858,3885.5370090889633,20.5,0.837,0.0,0.926,3815.992700464717
1731070902.55,40.3,0.74,0.0,0.826,4222.261258542123,19.8,0.572,0.0,0.904,954.3683827537444,7.69,0.611,0.0,0.832,3885.443406613974,19.8,0.898,0.0,0.825,3816.163048141419
1731070903.05,39.7,0.679,0.0,0.876,4222.391210859204,19.8,0.723,0.0,1.76,954.4109557732468,8.31,0.694,0.0,1.09,3885.349804200389,19.8,1.002,0.0,0.887,3816.333398695663
1731070903.55,40.3,0.728,0.0,0.898,4222.114506679707,20.5,0.639,0.0,0.885,954.4535295130931,7.69,0.733,0.0,0.824,3885.256201848212,20.5,0.934,0.0,0.972,3816.5037521270688
1731070904.05,39.7,0.721,0.0,0.84,4222.040013032032,19.8,0.586,0.0,0.805,954.4961039731908,8.32,0.439,0.0,0.981,3885.16259955745,19.8,0.982,0.0,1.39,3816.674108435249
1731070904.55,40.3,0.711,0.0,0.981,4222.741278344472,19.8,0.441,0.0,1.16,954.5386791534426,8.32,0.594,0.0,0.674,3885.0689973281046,19.9,1.069,0.0,1.82,3816.844467619817
1731070905.05,39.7,1.038,0.0,0.848,4222.562913333262,19.8,0.516,0.0,0.882,954.5812550537528,7.68,0.827,0.0,0.839,3884.975395160181,19.8,0.816,0.0,1.09,3817.0148296803886
1731070905.55,40.3,1.056,0.0,0.818,4222.362821314402,20.5,0.472,0.0,3.01,954.6238316740277,8.32,0.871,0.0,0.684,3884.881793053682,19.8,0.461,0.0,0.756,3817.1851946165766
1731070906.05,39.7,1.024,0.0,0.924,4222.823230269749,19.8,0.647,0.0,1.03,954.6664090141652,7.68,0.864,0.0,0.863,3884.788191008616,20.5,0.431,0.0,0.833,3817.355562428
1731070906.55,39.7,0.532,0.0,0.835,4223.161059512319,19.8,0.475,0.0,0.884,954.7089870740716,7.69,0.545,0.0,1.22,3884.694589024986,19.8,0.492,0.0,0.92,3817.525933114273
1731070907.05,40.3,0.83,0.0,0.948,4222.953515467781,19.8,0.524,0.0,0.898,954.7515658536512,8.32,0.772,0.0,0.831,3884.600987102794,19.8,0.794,0.0,0.86,3817.696306675009
1731070907.55,40.3,0.523,0.0,0.828,4223.044271184141,20.5,0.56,0.0,0.758,954.7941453528072,7.67,0.369,0.0,1.11,3884.507385242047,19.8,0.543,0.0,0.851,3817.866683109824
1731070908.05,39.7,0.638,0.0,0.855,4222.979728629259,19.8,0.615,0.0,1.06,954.8367255714468,8.32,0.775,0.0,0.841,3884.413783442747,20.5,0.452,0.0,0.928,3818.03706241833
1731070908.55,39.7,0.651,0.016,0.928,4223.431652156371,19.8,0.642,0.0,0.833,954.8793065094673,8.32,0.807,0.0,0.883,3884.320181704901,19.8,0.621,0.0,0.836,3818.207444600149
1731070909.05,39.7,0.814,0.0,1.73,4223.245679500223,19.8,0.635,0.0,1.09,954.9218881667756,7.68,0.454,0.0,0.815,3884.226580028513,19.9,0.469,0.0,0.952,3818.377829654892
1731070909.55,40.3,0.846,0.0,0.816,4222.817836134593,20.5,0.599,0.0,1.02,954.9644705432756,7.68,0.69,0.0,0.9,3884.1329784135874,19.8,0.6,0.0,0.882,3818.548217582175
1731070910.05,39.7,0.881,0.0,0.836,4223.037729082978,19.8,0.622,0.0,2.22,955.0070536388712,8.32,0.336,0.0,0.95,3884.039376860128,20.5,0.644,0.0,0.844,3818.7186083816136
1731070910.55,39.7,0.651,0.0,0.856,4223.206185948353,19.9,0.701,0.0,1.18,955.0496374534688,7.68,0.898,0.0,0.867,3883.945775368136,19.8,0.645,0.0,0.892,3818.8890020528215
1731070911.05,40.3,0.286,0.0,0.834,4222.968796333453,19.8,0.739,0.0,0.84,955.0922219869666,8.32,0.716,0.0,0.815,3883.8521739376224,19.8,0.553,0.0,0.827,3819.059398595418
1731070911.55,40.3,0.433,0.0,0.858,4223.877854104328,20.5,0.833,0.0,0.822,955.1348072392714,7.69,0.469,0.0,0.849,3883.758572568588,19.8,0.541,0.0,0.826,3819.2297980090175
1731070912.05,39.7,0.461,0.0,0.869,4223.57070401182,19.8,1.009,0.0,0.703,955.1773932102868,8.31,0.974,0.0,0.765,3883.664971261039,20.5,0.568,0.0,0.779,3819.4002002932352
1731070912.55,40.3,0.583,0.0,0.761,4223.5970465066375,19.9,0.681,0.0,1.1,955.2199798999168,8.32,0.463,0.0,1.17,3883.5713700149768,19.9,0.619,0.0,1.14,3819.5706054476864
1731070913.05,39.7,0.333,0.0,0.916,4223.482465883364,19.8,0.539,0.0,0.801,955.2625673080686,7.69,0.981,0.0,0.769,3883.477768830407,19.8,0.672,0.0,0.838,3819.7410134719858
1731070913.55,40.3,0.471,0.0,0.809,4223.669288308131,20.5,0.66,0.0,0.953,955.3051554346398,8.31,0.607,0.0,0.774,3883.384167707335,19.9,0.822,0.0,0.791,3819.9114243657527
1731070914.05,39.7,0.388,0.0,0.76,4223.435354765999,19.8,0.598,0.0,0.884,955.3477442795372,7.68,0.505,0.0,0.917,3883.290566645767,20.5,0.656,0.0,0.744,3820.081838128602
1731070914.55,40.3,0.424,0.0,0.915,4224.294011250238,19.8,0.637,0.0,1.64,955.390333842665,8.33,0.777,0.0,1.06,3883.196965645705,19.8,0.673,0.0,0.849,3820.252254760149
1731070915.05,39.7,0.488,0.0,0.755,4223.717127401063,19.8,0.733,0.0,0.829,955.432924123927,7.68,0.4,0.0,1.03,3883.103364707152,19.9,0.827,0.0,0.74,3820.4226742600094
1731070915.55,39.7,0.526,0.0,0.861,4224.39166462224,20.5,0.726,0.0,0.734,955.4755151232304,7.69,1.106,0.0,2.24,3883.0097638301136,19.8,0.989,0.0,0.789,3820.593096627799
1731070916.05,40.3,0.707,0.0,0.758,4224.381645331997,19.8,0.726,0.0,0.771,955.5181068404728,8.31,0.643,0.0,0.925,3882.916163014596,20.5,0.754,0.0,1.09,3820.763521863136
1731070916.55,39.7,0.606,0.0,0.862,4224.05391742012,19.8,0.771,0.0,0.82,955.5606992755614,8.32,0.5,0.0,0.959,3882.822562260604,19.8,0.91,0.0,0.863,3820.933949965636
1731070917.05,40.3,0.641,0.0,0.788,4224.514905760968,19.8,0.856,0.0,0.776,955.6032924284004,7.68,0.348,0.0,0.994,3882.7289615681393,19.8,0.971,0.0,0.805,3821.104380934916
1731070917.55,40.3,0.745,0.0,0.812,4224.38003128033,20.5,0.732,0.0,0.735,955.6458862988936,8.32,0.548,0.0,0.908,3882.635360937208,19.9,0.689,0.0,0.81,3821.2748147705897
1731070918.05,39.7,0.719,0.0,0.841,4224.507000298413,19.8,0.865,0.0,1.21,955.688480886948,7.68,1.315,0.0,1.95,3882.541760367813,20.5,0.78,0.0,0.751,3821.4452514722734
1731070918.55,39.7,0.682,0.016,1.34,4224.689527040778,19.8,0.831,0.0,0.944,955.7310761924616,8.32,0.769,0.0,0.759,3882.448159859961,19.8,0.583,0.0,0.881,3821.615691039589
1731070919.05,39.7,0.614,0.0,0.903,4224.213890973849,19.8,0.871,0.0,1.27,955.773672215342,7.68,0.625,0.0,0.805,3882.354559413656,19.8,0.6,0.0,0.789,3821.786133472149
1731070919.55,40.3,0.539,0.0,1.92,4224.74452324828,20.5,0.957,0.0,4.42,955.8162689554928,8.32,0.402,0.0,0.921,3882.2609590289007,19.8,0.606,0.0,0.802,3821.956578769571
1731070920.05,39.7,0.632,0.0,0.883,4224.440603019109,19.8,1.013,0.0,0.921,955.858866412818,7.68,0.531,0.0,0.827,3882.1673587057016,20.5,0.721,0.0,0.783,3822.127026931472
1731070920.55,40.3,0.609,0.0,5.77,4224.6602738185375,19.8,1.038,0.0,1.09,955.9014645872252,7.68,0.56,0.0,1.3,3882.073758444061,19.8,0.831,0.0,0.906,3822.297477957464
1731070921.05,39.7,0.689,0.0,0.805,4224.750500981335,19.8,0.695,0.0,0.747,955.9440634786124,8.32,0.609,0.0,0.881,3881.9801582439854,19.8,0.722,0.0,0.856,3822.467931847172
1731070921.55,40.3,0.714,0.0,0.845,4224.470460510771,19.8,0.492,0.0,0.831,955.9866630868864,8.32,0.689,0.0,1.33,3881.8865581054783,19.9,0.823,0.0,0.798,3822.6383886002086
1731070922.05,39.7,0.837,0.0,0.892,4225.171027192374,20.5,0.477,0.0,0.83,956.0292634119515,7.69,0.442,0.0,1.11,3881.7929580285454,20.5,0.769,0.0,0.872,3822.808848216192
1731070922.55,40.3,0.814,0.0,0.845,4224.443489963252,19.9,0.483,0.0,0.896,956.0718644537122,8.31,0.541,0.0,0.904,3881.699358013189,19.8,0.813,0.0,0.902,3822.979310694737
1731070923.05,39.7,0.755,0.0,0.868,4225.07550486031,19.8,0.601,0.0,0.78,956.1144662120756,7.67,0.598,0.0,0.751,3881.605758059413,19.8,0.845,0.0,1.62,3823.149776035461
1731070923.55,39.7,0.786,0.0,0.903,4225.177554645669,20.5,0.47,0.0,0.825,956.1570686869396,8.34,0.64,0.0,0.771,3881.512158167226,19.9,0.871,0.0,0.868,3823.320244237984
1731070924.05,39.7,0.689,0.016,3.39,4225.380421582141,19.8,0.505,0.0,0.84,956.1996718782118,7.68,0.676,0.0,0.786,3881.418558336629,20.5,1.057,0.0,0.873,3823.4907153019217
1731070924.55,40.3,0.953,0.0,1.12,4224.950148173404,19.9,0.519,0.0,0.856,956.2422757857962,7.68,0.412,0.0,0.853,3881.324958567629,19.9,0.924,0.0,0.804,3823.661189226891
1731070925.05,39.7,0.855,0.0,1.64,4225.333637823221,19.8,0.59,0.0,0.901,956.2848804095972,8.32,0.547,0.0,0.846,3881.231358860227,19.8,1.057,0.0,0.802,3823.8316660125097
1731070925.55,40.3,0.868,0.0,0.833,4225.515187913728,19.8,0.579,0.0,0.945,956.327485749522,7.69,0.596,0.0,0.787,3881.137759214429,19.8,1.04,0.0,0.774,3824.0021456583927
1731070926.05,39.7,0.796,0.0,0.953,4225.147907664396,20.5,0.457,0.0,0.902,956.370091805469,8.31,0.854,0.0,0.838,3881.04415963024,20.5,1.162,0.0,0.884,3824.172628164162
1731070926.55,40.3,1.095,0.0,0.855,4225.203716290842,19.8,0.501,0.0,1.57,956.4126985773452,8.33,0.817,0.0,0.852,3880.950560107665,19.8,0.96,0.0,0.788,3824.343113529433
1731070927.05,39.7,0.96,0.0,0.788,4225.366980902431,19.8,0.541,0.0,0.76,956.4553060650554,7.68,0.638,0.0,0.715,3880.856960646708,19.8,0.405,0.0,0.788,3824.513601753824
1731070927.55,40.3,1.083,0.0,0.755,4225.403567517069,20.5,0.593,0.0,1.29,956.4979142685036,7.67,0.733,0.0,0.888,3880.763361247373,19.8,0.658,0.0,0.746,3824.684092836951
1731070928.05,39.7,0.511,0.0,0.743,4225.530965774878,19.8,0.569,0.0,0.769,956.5405231875972,8.32,0.547,0.0,0.73,3880.669761909662,19.8,0.459,0.031,0.754,3824.8545867784296
1731070928.55,40.3,0.514,0.0,1.35,4225.903110760757,19.8,0.512,0.0,0.806,956.5831328222348,8.32,0.884,0.0,0.799,3880.576162633584,19.8,0.513,0.0,0.823,3825.0250835778834
1731070929.05,39.7,0.749,0.0,0.769,4226.007265651183,19.8,0.536,0.0,0.774,956.6257431723234,7.68,0.846,0.0,0.727,3880.482563419143,19.8,0.461,0.0,0.782,3825.195583234928
1731070929.55,40.3,0.875,0.0,0.802,4225.818278862271,19.8,0.547,0.0,0.78,956.6683542377676,7.69,0.431,0.0,0.862,3880.38896426634,20.5,0.717,0.0,0.741,3825.366085749181
1731070930.05,39.7,0.668,0.0,1.23,4225.625657252367,20.5,0.65,0.0,0.905,956.7109660184718,8.31,0.677,0.0,1.15,3880.295365175183,19.8,0.499,0.0,0.728,3825.5365911202575
1731070930.55,40.3,0.825,0.0,0.917,4225.960205249235,19.8,0.688,0.0,0.828,956.7535785143436,8.32,0.336,0.0,0.787,3880.201766145672,19.9,0.687,0.0,0.838,3825.7070993477782
1731070931.05,39.7,0.806,0.0,1.78,4226.043230380853,19.8,0.638,0.0,0.803,956.7961917252812,7.68,0.828,0.0,0.606,3880.108167177817,19.8,0.842,0.0,0.693,3825.877610431363
1731070931.55,40.3,0.917,0.0,0.903,4225.848730560979,20.5,0.663,0.0,0.809,956.8388056511924,8.33,0.855,0.0,2.87,3880.0145682716193,20.5,0.553,0.0,0.994,3826.048124370628
1731070932.05,39.1,0.317,0.0,0.778,4225.957222610784,19.8,0.789,0.0,0.908,956.881420291981,7.67,0.418,0.0,1.25,3879.920969427084,19.8,0.525,0.0,0.894,3826.218641165192
1731070932.55,40.3,0.397,0.016,1.29,4226.126163704595,19.8,0.728,0.0,0.85,956.9240356475522,8.32,0.67,0.0,3.4,3879.827370644215,19.8,0.594,0.0,0.874,3826.389160814672
1731070933.05,39.7,0.329,0.0,0.755,4226.369836761517,19.8,0.825,0.0,0.719,956.9666517178132,7.68,0.364,0.0,1.11,3879.733771923016,19.8,0.583,0.0,0.844,3826.5596833186846
1731070933.55,40.3,0.349,0.0,0.833,4226.260109821736,20.5,0.778,0.0,1.01,957.0092685026624,8.32,0.98,0.0,1.35,3879.6401732634954,19.8,0.572,0.0,0.879,3826.7302086768536
1731070934.05,39.7,0.398,0.0,2.05,4226.248233824125,19.8,0.632,0.0,0.843,957.0518860020076,7.69,0.591,0.0,5.67,3879.5465746656528,20.5,0.65,0.0,2.04,3826.900736888794
1731070934.55,40.3,0.361,0.0,1.05,4226.451484767177,19.8,0.507,0.0,0.756,957.0945042157534,7.68,0.512,0.0,1.8,3879.452976129496,19.8,0.667,0.0,1.34,3827.071267954126
1731070935.05,39.7,0.448,0.0,8.75,4226.936047713506,19.8,0.793,0.0,0.756,957.137123143804,8.31,0.78,0.0,0.954,3879.359377655028,19.8,0.672,0.0,8.64,3827.241801872467
1731070935.55,40.3,0.404,0.0,1.15,4227.032172252559,20.5,0.592,0.0,0.815,957.1797427860675,7.69,0.514,0.0,0.801,3879.265779242252,20.5,0.629,0.0,1.34,3827.412338643433
1731070936.05,39.7,0.665,0.0,0.913,4226.6956401562975,19.8,0.672,0.0,0.931,957.222363142442,8.31,1.041,0.0,0.813,3879.172180891176,19.8,0.807,0.0,0.958,3827.582878266648
1731070936.55,40.3,0.455,0.0,0.885,4226.810487879463,19.9,0.953,0.0,0.785,957.2649842128354,8.32,0.633,0.0,0.85,3879.078582601801,19.8,0.849,0.0,1.83,3827.753420741728
1731070937.05,39.7,0.425,0.0,0.865,4227.0884560225695,19.8,0.78,0.0,0.845,957.3076059971522,7.69,0.589,0.0,1.3,3878.984984374135,19.8,0.768,0.0,0.842,3827.923966068293
1731070937.55,40.3,0.522,0.0,1.51,4227.047893187471,20.5,0.688,0.0,0.824,957.3502284952972,7.67,0.449,0.0,1.83,3878.8913862081786,19.8,0.824,0.0,0.857,3828.094514245959
1731070938.05,39.7,0.523,0.0,0.81,4227.371143639175,19.8,0.79,0.0,0.738,957.392851707178,8.32,0.541,0.0,1.14,3878.797788103938,20.5,0.886,0.0,0.841,3828.265065274346
1731070938.55,40.3,0.667,0.0,0.839,4226.8776042745685,19.8,0.811,0.0,0.949,957.435475632693,8.32,1.096,0.0,0.936,3878.704190061417,19.8,0.861,0.0,0.98,3828.435619153076
1731070939.05,39.7,0.702,0.0,0.868,4227.214177026774,19.8,0.779,0.0,0.88,957.4781002717503,7.69,0.789,0.0,0.984,3878.610592080623,19.8,0.809,0.0,1.12,3828.606175881766
1731070939.55,40.4,0.642,0.0,0.9,4227.5107335770135,20.5,0.917,0.0,0.766,957.5207256242544,8.31,0.598,0.0,0.879,3878.5169941615577,19.8,0.556,0.0,0.934,3828.776735460035
1731070940.05,39.7,0.844,0.0,0.748,4227.529079296199,19.8,0.923,0.0,0.881,957.5633516901102,7.68,0.396,0.0,7.1,3878.4233963042257,20.5,0.536,0.0,1.44,3828.947297887503
1731070940.55,39.7,0.582,0.0,0.821,4227.475609622103,19.8,0.945,0.0,1.29,957.6059784692252,8.32,0.452,0.0,1.09,3878.329798508631,19.9,0.579,0.0,0.888,3829.117863163785
1731070941.05,40.3,0.563,0.0,0.817,4227.626136996626,19.8,1.069,0.0,0.724,957.6486059614984,7.68,0.837,0.0,1.0,3878.2362007747793,19.8,0.736,0.0,0.93,3829.288431288507
1731070941.55,40.3,0.613,0.0,0.718,4227.419952224131,19.8,1.131,0.0,1.29,957.6912341668371,7.68,0.612,0.0,1.15,3878.142603102676,19.8,0.79,0.0,1.1,3829.4590022612856
1731070942.05,39.7,0.722,0.0,0.749,4227.289930517423,20.5,0.971,0.0,0.812,957.7338630851468,8.32,0.605,0.0,1.08,3878.049005492324,20.5,0.674,0.0,6.21,3829.62957608174
1731070942.55,40.3,0.686,0.0,0.894,4227.732788219835,19.8,0.705,0.0,1.29,957.776492716332,7.69,0.447,0.0,0.892,3877.955407943728,19.9,0.703,0.0,0.848,3829.800152749489
1731070943.05,39.7,0.67,0.0,0.896,4227.908691870746,19.8,0.488,0.0,0.802,957.8191230603002,8.31,0.51,0.0,0.911,3877.8618104568905,19.8,0.725,0.0,0.803,3829.970732264151
1731070943.55,40.3,0.733,0.0,0.822,4228.085806837827,19.9,0.517,0.0,1.0,957.8617541169504,8.32,0.524,0.0,0.862,3877.76821303182,19.8,0.83,0.0,0.889,3830.141314625349
1731070944.05,39.7,0.902,0.0,0.726,4227.692446604093,20.5,0.456,0.0,0.819,957.9043858861908,7.68,0.618,0.0,0.754,3877.67461566852,20.5,0.81,0.0,0.934,3830.311899832702
1731070944.55,40.3,0.862,0.0,0.823,4227.5611052706045,19.9,0.511,0.0,0.891,957.9470183679256,8.32,0.63,0.0,0.911,3877.581018366992,19.9,0.867,0.0,0.996,3830.482487885829
1731070945.05,39.7,0.515,0.0,1.28,4227.780994589844,19.8,0.59,0.0,0.878,957.9896515620604,7.68,0.417,0.0,0.982,3877.487421127244,19.8,1.03,0.0,1.45,3830.653078784349
1731070945.55,40.3,0.588,0.0,1.0,4227.608196209524,20.5,0.526,0.0,1.06,958.0322854685026,7.68,0.583,0.0,1.4,3877.393823949277,20.5,0.855,0.0,0.944,3830.82367252788
1731070946.05,38.4,1.455,0.016,1.09,4227.74191982737,19.8,0.657,0.0,0.767,958.0749200871512,8.32,0.732,0.0,2.08,3877.300226833099,19.8,1.049,0.0,0.873,3830.9942691160472
1731070946.55,40.9,0.785,0.0,0.901,4228.340650943956,19.8,0.665,0.0,0.736,958.1175554179142,8.32,0.751,0.0,0.781,3877.206629778712,19.8,1.178,0.0,0.818,3831.164868548468
1731070947.05,39.7,0.766,0.0,0.737,4228.320450825796,19.8,0.451,0.0,0.706,958.1601914606966,7.68,0.783,0.0,1.32,3877.1130327861215,19.8,0.963,0.0,0.756,3831.3354708247625
1731070947.55,40.3,0.993,0.0,0.843,4228.1593786136045,19.8,0.739,0.0,0.901,958.2028282154032,7.68,0.408,0.0,0.769,3877.0194358553335,20.5,1.018,0.0,0.918,3831.5060759445514
1731070948.05,39.7,0.842,0.0,0.818,4228.086505181523,20.5,0.451,0.0,0.825,958.2454656819424,8.32,0.609,0.0,1.99,3876.925838986348,19.2,0.566,0.0,0.852,3831.6766839074494
1731070948.55,40.3,0.942,0.0,0.921,4228.555645011054,19.8,0.432,0.0,0.816,958.2881038602123,7.68,0.506,0.0,0.844,3876.8322421791736,20.5,0.494,0.0,0.81,3831.847294713086
1731070949.05,39.0,0.5,0.0,0.812,4228.187757636697,19.8,0.564,0.0,0.871,958.3307427501218,8.32,0.767,0.0,0.815,3876.738645433813,19.8,0.624,0.0,0.862,3832.017908361077
1731070949.55,40.3,0.564,0.0,0.887,4228.277594053388,20.5,0.501,0.0,1.07,958.3733823515752,8.32,0.764,0.0,0.949,3876.645048750273,20.5,0.454,0.0,0.833,3832.188524851042
1731070950.05,40.3,0.68,0.0,0.882,4228.252904464332,19.8,0.491,0.0,1.16,958.4160226644782,7.68,0.38,0.0,0.757,3876.5514521285545,19.8,0.376,0.0,1.08,3832.359144182602
1731070950.55,40.3,0.639,0.0,0.778,4228.609154169192,19.8,0.602,0.0,1.02,958.4586636887384,8.32,0.632,0.0,0.718,3876.457855568663,19.9,0.857,0.0,0.721,3832.529766355376
1731070951.05,39.0,0.676,0.016,0.787,4228.806443134317,19.8,0.647,0.0,1.04,958.5013054242552,7.69,0.327,0.0,0.786,3876.364259070604,19.8,0.609,0.0,0.705,3832.700391368988
1731070951.55,40.3,0.739,0.0,0.817,4228.582876460776,20.5,0.591,0.0,0.851,958.5439478709362,8.31,0.788,0.0,0.871,3876.270662634384,20.5,0.502,0.0,0.875,3832.8710192230574
1731070952.05,39.7,0.873,0.0,0.868,4229.24794910985,19.8,0.595,0.0,1.03,958.5865910286868,7.69,0.911,0.0,0.956,3876.1770662600034,19.8,0.702,0.0,0.868,3833.041649917204
1731070952.55,40.3,0.826,0.0,0.906,4228.723051698355,19.8,0.711,0.0,0.984,958.629234897412,8.32,0.437,0.0,0.769,3876.083469947468,19.8,0.486,0.0,0.83,3833.212283451049
1731070953.05,39.7,0.982,0.0,1.74,4228.943450486184,19.9,0.706,0.0,2.65,958.6718794770202,7.68,0.707,0.0,0.807,3875.9898736967816,19.8,0.513,0.0,0.762,3833.3829198242106
1731070953.55,39.7,0.303,0.0,0.74,4228.927825801256,20.5,0.667,0.0,0.983,958.7145247674102,8.32,0.33,0.0,2.57,3875.8962775079513,20.5,0.614,0.0,0.748,3833.5535590363143
1731070954.05,40.3,0.422,0.0,0.9,4229.007690644787,19.8,0.779,0.0,1.22,958.7571707684904,7.68,0.85,0.0,6.23,3875.802681380981,19.8,0.544,0.0,0.76,3833.72420108698
1731070954.55,40.3,0.344,0.0,0.805,4228.740486821306,19.8,0.732,0.0,0.847,958.7998174801656,7.68,0.556,0.0,1.91,3875.7090853158734,19.9,0.754,0.0,1.04,3833.894845975826
1731070955.05,39.7,0.302,0.0,0.816,4229.024656627535,19.8,0.624,0.0,0.863,958.8424649023412,8.32,0.465,0.0,0.733,3875.6154893126336,19.8,0.662,0.0,1.04,3834.065493702476
1731070955.55,40.3,0.531,0.0,0.809,4229.483355999955,19.8,0.712,0.0,0.681,958.8851130349258,8.32,0.841,0.0,0.868,3875.521893371265,19.8,0.978,0.0,1.98,3834.2361442665465
1731070956.05,39.0,0.451,0.016,0.976,4229.682810579192,20.5,0.549,0.0,0.849,958.927761877818,7.68,0.435,0.0,0.846,3875.428297491775,20.5,0.671,0.0,5.88,3834.4067976676647
1731070956.55,40.3,0.461,0.0,0.73,4229.127112030465,19.8,0.593,0.0,1.17,958.9704114309262,8.33,0.95,0.0,0.895,3875.3347016741664,19.8,0.75,0.0,1.41,3834.5774539054496
1731070957.05,39.7,0.379,0.0,0.776,4229.719150097913,19.8,0.742,0.0,3.35,959.013061694156,7.68,0.578,0.0,0.921,3875.2411059184433,19.8,0.653,0.0,0.894,3834.748112979522
1731070957.55,39.7,0.423,0.0,0.749,4229.900146886201,20.5,0.599,0.0,1.38,959.055712667412,7.69,0.62,0.0,0.893,3875.1475102246113,20.5,0.665,0.0,0.944,3834.9187748895033
1731070958.05,40.3,0.582,0.0,0.859,4229.475834932737,19.9,0.665,0.0,0.783,959.0983643506032,8.31,0.658,0.0,0.843,3875.0539145926728,19.8,0.713,0.0,1.28,3835.089439635012
1731070958.55,39.7,0.492,0.0,0.817,4230.030275012497,19.8,0.956,0.0,0.863,959.1410167436284,8.32,0.426,0.0,0.805,3874.9603190226335,19.8,0.746,0.0,1.28,3835.260107215676
1731070959.05,40.3,0.5,0.0,0.774,4229.732903962872,19.8,0.831,0.0,0.864,959.183669846396,7.69,1.041,0.0,0.742,3874.8667235145,19.8,0.805,0.0,1.9,3835.430777631113
1731070959.55,40.3,0.586,0.0,0.812,4230.16237614835,19.9,0.776,0.0,0.757,959.2263236588116,7.68,0.883,0.0,0.883,3874.773128068274,20.5,0.724,0.0,1.38,3835.601450880944
1731070960.05,39.7,0.611,0.0,0.776,4229.9708509578495,20.5,0.737,0.0,0.704,959.26897818078,8.32,0.695,0.0,1.05,3874.679532683962,19.9,0.874,0.0,1.08,3835.772126964792
1731070960.55,40.3,0.734,0.0,1.02,4230.301541997851,19.8,0.867,0.0,0.856,959.31163341221,8.32,0.436,0.0,0.809,3874.585937361565,19.8,0.688,0.0,6.6,3835.942805882277
1731070961.05,39.7,0.701,0.0,1.27,4230.079829908474,19.8,0.845,0.0,2.51,959.3542893530008,7.68,0.463,0.0,0.779,3874.4923421010913,19.8,0.57,0.0,1.13,3836.113487633023
1731070961.55,40.3,0.84,0.0,3.18,4229.939758619987,20.5,0.916,0.0,0.984,959.3969460030607,7.68,0.895,0.0,0.757,3874.3987469025433,20.5,0.563,0.0,1.18,3836.284172216652
1731070962.05,39.7,0.676,0.0,0.866,4229.857840710452,19.8,1.029,0.0,1.22,959.4396033622954,8.31,0.679,0.0,1.08,3874.305151765928,19.8,0.757,0.0,1.62,3836.454859632784
1731070962.55,40.3,0.51,0.0,0.713,4230.283606692092,19.9,1.07,0.0,0.792,959.4822614306102,8.32,0.578,0.0,0.83,3874.211556691245,19.9,0.645,0.0,2.24,3836.625549881042
1731070963.05,39.7,0.736,0.0,0.844,4230.197837543948,19.8,1.011,0.0,0.743,959.5249202079132,7.68,0.51,0.0,0.891,3874.117961678503,19.8,0.638,0.0,1.5,3836.796242961045
1731070963.55,40.3,0.738,0.0,0.835,4230.11519777446,20.5,1.028,0.0,0.834,959.5675796941044,8.32,0.507,0.0,0.841,3874.024366727705,20.5,0.678,0.0,1.38,3836.966938872421
1731070964.05,39.7,0.717,0.0,0.827,4230.417013185908,19.2,0.416,0.0,0.708,959.6102398890916,7.68,0.545,0.0,1.09,3873.930771838857,19.8,0.714,0.0,2.7,3837.1376376147887
1731070964.55,39.7,0.906,0.0,0.837,4230.236157918819,20.5,0.412,0.0,0.862,959.6529007927808,8.32,0.582,0.0,0.834,3873.837177011962,19.8,0.904,0.0,1.27,3837.3083391877694
1731070965.05,40.3,0.783,0.0,0.783,4230.210238877652,19.8,0.454,0.0,0.839,959.6955624050772,7.69,0.652,0.0,4.43,3873.743582247024,19.8,0.923,0.0,7.29,3837.479043590989
1731070965.55,40.3,1.356,0.0,1.05,4231.094239813815,20.5,0.654,0.0,0.928,959.7382247258896,8.31,0.442,0.0,0.824,3873.6499875440472,19.8,0.84,0.0,2.06,3837.649750824063
1731070966.05,39.7,0.736,0.0,0.857,4230.801577271109,19.8,0.491,0.0,1.34,959.7808877551174,7.69,0.517,0.0,1.72,3873.5563929030377,20.5,0.83,0.0,0.893,3837.820460886621
1731070966.55,40.4,0.657,0.0,0.831,4230.6512137165255,19.9,0.546,0.0,1.16,959.8235514926688,8.31,0.545,0.0,1.28,3873.462798324001,19.9,0.807,0.0,1.48,3837.9911737782822
1731070967.05,39.6,0.642,0.0,1.14,4231.020470466386,19.8,0.673,0.0,1.08,959.8662159384498,7.68,0.653,0.0,2.41,3873.3692038069394,19.8,0.943,0.0,1.1,3838.1618894986714
1731070967.55,40.3,0.862,0.0,0.709,4230.747700667595,20.5,0.561,0.0,0.856,959.9088810923656,8.32,0.691,0.0,0.932,3873.275609351858,19.8,0.949,0.0,0.825,3838.332608047407
1731070968.05,39.7,0.836,0.0,0.822,4231.194721420494,19.9,0.445,0.0,0.756,959.9515469543254,7.68,0.363,0.0,1.25,3873.182014958759,20.5,1.052,0.0,0.973,3838.503329424112
1731070968.55,40.3,0.732,0.0,0.892,4231.087145048675,19.8,0.539,0.0,1.41,959.994213524228,8.32,0.647,0.0,1.07,3873.088420627651,19.8,1.001,0.0,0.74,3838.674053628413
1731070969.05,39.7,1.003,0.0,0.882,4231.371772720036,19.8,0.471,0.0,0.78,960.0368808019824,7.69,0.662,0.0,1.04,3872.994826358538,19.8,0.692,0.0,0.903,3838.844780659932
1731070969.55,40.3,0.893,0.0,1.31,4231.220265122186,19.8,0.445,0.0,0.777,960.0795487874944,8.32,0.711,0.0,9.35,3872.901232151422,19.8,0.574,0.0,0.922,3839.01551051829
1731070970.05,39.7,1.054,0.0,0.887,4230.825495219601,20.5,0.566,0.0,0.994,960.1222174806692,7.67,0.803,0.0,0.83,3872.807638006309,20.4,0.443,0.0,1.56,3839.18624320311
1731070970.55,39.7,0.554,0.0,2.05,4231.397616496319,19.9,0.493,0.0,0.863,960.164886881416,7.69,0.391,0.0,2.76,3872.714043923201,19.9,0.419,0.0,0.815,3839.3569787140127
1731070971.05,40.3,0.511,0.0,1.06,4231.1051633771895,19.8,0.559,0.0,8.84,960.207556989634,8.32,0.614,0.0,1.92,3872.620449902107,19.8,0.565,0.0,1.04,3839.5277170506265
1731070971.55,40.3,0.678,0.0,1.19,4231.241431647039,20.5,0.586,0.0,0.85,960.250227805232,7.67,0.331,0.0,4.34,3872.5268559430287,19.9,0.763,0.0,1.7,3839.698458212572
1731070972.05,39.7,0.588,0.0,0.902,4231.518328818016,19.8,0.813,0.0,0.695,960.2928993281158,8.32,0.971,0.0,3.19,3872.433262045972,20.5,0.795,0.0,4.78,3839.869202199471
1731070972.55,40.3,0.627,0.0,2.64,4231.630623767698,19.9,0.666,0.0,0.898,960.3355715581912,8.32,0.984,0.0,3.13,3872.339668210939,19.8,0.56,0.0,0.82,3840.039949010949
1731070973.05,39.7,0.904,0.0,1.83,4231.630137926165,19.8,0.758,0.0,1.48,960.3782444953667,7.68,0.597,0.0,3.73,3872.246074437935,19.8,0.744,0.0,1.07,3840.210698646624
1731070973.55,40.3,0.813,0.0,3.52,4231.856347014675,20.5,0.744,0.0,0.924,960.4209181395422,8.32,0.742,0.0,1.7,3872.152480726966,19.8,0.61,0.0,0.88,3840.3814511061264
1731070974.05,39.7,0.88,0.0,4.35,4231.866050934204,19.8,0.676,0.0,2.18,960.4635924906264,7.69,0.474,0.0,5.04,3872.058887078036,20.5,0.539,0.0,1.88,3840.552206389076
1731070974.55,39.7,0.626,0.0,0.847,4232.036746995955,19.9,0.683,0.0,0.941,960.506267548525,8.31,0.86,0.0,7.57,3871.96529349115,19.8,0.508,0.0,1.1,3840.7229644950967
1731070975.05,40.3,0.369,0.0,3.71,4232.272447518705,19.8,0.695,0.0,0.907,960.548943313144,7.68,0.759,0.0,2.08,3871.8716999663097,19.8,0.59,0.0,1.17,3840.893725423812
1731070975.55,40.3,0.497,0.0,1.08,4231.837749056278,20.5,0.742,0.0,1.01,960.5916197843924,8.32,0.462,0.0,3.63,3871.778106503522,20.5,0.546,0.0,0.748,3841.0644891748425
1731070976.05,39.7,0.4,0.0,1.53,4232.314032426039,19.8,0.894,0.0,0.854,960.6342969621692,7.69,0.739,0.0,1.07,3871.684513102791,19.8,0.528,0.0,0.868,3841.2352557478166
1731070976.55,38.4,0.335,0.048,1.29,4231.844186039511,19.8,0.727,0.0,0.856,960.676974846384,7.68,0.387,0.0,1.45,3871.590919764122,19.8,0.618,0.0,1.09,3841.4060251423566
1731070977.05,39.7,0.374,0.0,0.982,4232.558790199558,19.8,0.57,0.0,0.675,960.7196534369424,8.31,0.927,0.0,1.01,3871.497326487519,19.8,0.643,0.0,0.806,3841.5767973580855
1731070977.55,40.3,0.686,0.0,1.33,4232.375636658668,20.5,0.6,0.0,0.827,960.7623327337504,8.32,0.564,0.0,1.01,3871.403733272985,19.8,0.695,0.0,1.03,3841.747572394627
1731070978.05,39.7,0.678,0.0,0.745,4232.179953801791,19.8,0.977,0.0,0.792,960.8050127367168,7.68,0.475,0.0,2.48,3871.310140120525,20.5,0.685,0.0,0.81,3841.918350251602
1731070978.55,40.3,0.411,0.0,1.07,4232.422309553659,19.9,0.841,0.0,0.819,960.8476934457412,7.68,0.588,0.0,1.1,3871.216547030144,19.8,0.663,0.0,0.798,3842.08913092864
1731070979.05,39.7,0.607,0.0,0.857,4232.501071154132,19.8,0.683,0.0,0.913,960.890374860733,8.32,0.49,0.0,7.07,3871.1229540018494,19.8,0.687,0.0,1.26,3842.259914425363
1731070979.55,40.3,0.616,0.0,1.35,4232.603311750417,20.5,0.624,0.0,1.01,960.9330569815978,8.32,1.002,0.0,0.909,3871.029361035641,20.5,1.106,0.0,0.892,3842.4307007413945
1731070980.05,39.7,0.509,0.0,0.871,4232.715880139642,19.8,0.794,0.0,3.14,960.9757398082418,7.69,1.113,0.0,0.853,3870.935768131526,19.8,0.941,0.0,8.17,3842.601489876358
1731070980.55,39.7,0.404,0.016,0.783,4232.427635294627,19.8,0.755,0.0,0.787,961.0184233405738,7.68,0.786,0.0,0.834,3870.8421752895056,19.8,0.803,0.0,0.759,3842.772281829876
1731070981.05,39.7,1.014,0.0,0.798,4232.942339515715,19.8,0.763,0.0,1.33,961.0611075784938,8.32,0.502,0.0,0.875,3870.7485825095896,19.8,1.078,0.0,0.75,3842.943076601577
1731070981.55,40.3,0.694,0.0,0.754,4232.960614208648,20.5,0.72,0.0,0.81,961.1037925219108,8.32,0.438,0.0,0.807,3870.6549897917794,19.8,0.82,0.0,0.795,3843.113874191084
1731070982.05,39.7,0.752,0.0,0.877,4232.827183712257,19.8,0.84,0.0,0.914,961.1464781707308,7.69,1.121,0.0,1.31,3870.56139713608,20.5,0.699,0.0,0.694,3843.28467459802
1731070982.55,40.3,0.687,0.0,0.782,4232.471657929768,19.8,0.879,0.0,0.985,961.1891645248596,8.31,0.73,0.0,0.863,3870.4678045424953,19.8,0.617,0.0,0.867,3843.455477822009
1731070983.05,39.7,0.656,0.0,1.06,4232.684259369108,19.8,1.013,0.0,1.58,961.2318515842068,7.68,0.594,0.0,0.831,3870.374212011029,19.8,0.595,0.0,1.04,3843.6262838626735
1731070983.55,40.3,0.527,0.0,1.02,4232.789457303846,20.5,1.056,0.0,0.904,961.2745393486716,8.32,0.391,0.0,0.749,3870.280619541689,19.8,0.569,0.031,0.886,3843.797092719645
1731070984.05,39.7,0.588,0.0,1.85,4232.991647326589,19.9,0.974,0.0,0.853,961.317227818164,7.68,0.457,0.0,0.871,3870.187027134477,19.9,0.682,0.0,2.55,3843.967904392543
1731070984.55,39.7,0.6,0.0,1.97,4233.384414390533,19.8,1.023,0.0,0.849,961.3599169925895,7.68,0.528,0.0,0.855,3870.093434789399,19.8,0.645,0.0,1.15,3844.138718880993
1731070985.05,40.3,0.694,0.0,1.08,4233.324559552482,19.8,0.739,0.0,0.845,961.4026068718543,7.69,0.63,0.077,0.831,3869.9998425064578,19.8,0.79,0.0,1.62,3844.30953618462
1731070985.55,40.3,0.712,0.0,0.802,4233.643430415918,19.8,0.495,0.0,0.932,961.445297455868,8.31,0.616,0.0,0.998,3869.906250285657,19.8,0.742,0.0,0.802,3844.480356303046
1731070986.05,39.7,0.75,0.0,0.891,4233.773089101286,20.5,0.431,0.0,0.738,961.4879887445298,7.68,0.513,0.0,1.51,3869.812658127005,20.5,0.744,0.0,1.69,3844.6511792359
1731070986.55,40.3,0.981,0.0,0.865,4233.474684642019,19.8,0.468,0.0,0.788,961.5306807377495,7.69,0.566,0.0,3.24,3869.719066030504,19.8,0.814,0.0,1.06,3844.8220049828055
1731070987.05,39.7,0.858,0.0,1.31,4233.7337387008765,19.8,0.514,0.0,0.861,961.573373435433,8.31,0.601,0.0,1.85,3869.62547399616,19.8,0.91,0.0,1.07,3844.992833543387
1731070987.55,39.7,0.672,0.0,0.724,4233.4012150870685,20.5,0.513,0.0,0.895,961.6160668374866,8.32,0.64,0.0,0.83,3869.5318820239754,20.5,0.839,0.0,0.884,3845.163664917269
1731070988.05,40.3,0.656,0.0,1.06,4233.450304861457,19.8,0.609,0.0,0.787,961.6587609438196,7.68,0.845,0.0,0.91,3869.438290113954,19.8,0.845,0.0,0.897,3845.334499104076
1731070988.55,40.3,0.604,0.0,0.929,4233.699442355401,19.9,0.717,0.0,0.797,961.701455754332,7.69,0.426,0.0,0.99,3869.344698266102,19.9,0.938,0.0,0.888,3845.505336103435
1731070989.05,39.6,0.698,0.0,1.61,4233.493748632037,19.8,0.523,0.0,0.793,961.7441512689328,8.31,0.611,0.0,0.785,3869.2511064804257,19.8,0.958,0.0,1.64,3845.676175914972
1731070989.55,40.3,0.841,0.0,1.07,4233.59822137403,19.9,0.423,0.0,1.03,961.7868474875288,8.32,0.588,0.0,0.941,3869.157514756928,19.9,0.992,0.0,5.39,3845.847018538309
1731070990.05,39.7,0.826,0.0,0.993,4233.58382712508,20.5,0.574,0.0,1.1,961.8295444100256,7.68,0.699,0.0,0.894,3869.0639230956112,20.5,1.005,0.0,1.05,3846.0178639730734
1731070990.55,40.3,0.958,0.0,0.835,4233.826291999479,19.8,0.443,0.0,2.33,961.8722420363332,8.32,0.824,0.0,1.89,3868.970331496482,19.8,0.728,0.0,0.868,3846.1887122188887
1731070991.05,39.7,1.037,0.0,0.795,4234.218183005541,19.8,0.477,0.0,1.08,961.9149403663512,7.68,0.406,0.0,0.819,3868.876739959545,19.8,0.584,0.0,0.814,3846.359563275383
1731070991.55,40.3,1.034,0.0,2.02,4234.067364128022,20.5,0.69,0.0,0.942,961.9576393999894,8.32,0.625,0.0,0.723,3868.783148484805,19.8,0.655,0.0,0.914,3846.530417142181
1731070992.05,39.1,0.54,0.016,3.74,4234.264170561814,19.8,0.542,0.0,0.862,962.0003391371538,7.68,0.487,0.0,0.774,3868.6895570722654,20.5,0.482,0.0,0.949,3846.7012738189073
1731070992.55,40.3,0.605,0.0,1.16,4233.838379598999,19.8,0.517,0.0,3.73,962.0430395777508,8.32,0.782,0.0,0.732,3868.595965721932,19.8,0.584,0.0,1.59,3846.872133305188
1731070993.05,39.7,0.614,0.0,0.872,4234.64085346653,19.8,0.556,0.0,0.877,962.0857407216896,7.68,0.852,0.0,0.857,3868.5023744338055,19.8,0.557,0.0,0.867,3847.042995600646
1731070993.55,40.3,0.821,0.0,0.827,4234.447649378589,20.5,0.569,0.0,3.68,962.1284425688708,8.32,0.478,0.0,0.863,3868.408783207896,20.5,0.5,0.0,0.79,3847.213860704912
1731070994.05,39.7,0.632,0.0,1.04,4234.598116989046,19.9,0.695,0.0,1.25,962.171145119204,7.68,0.788,0.0,0.772,3868.315192044206,19.8,0.548,0.0,0.93,3847.38472861761
1731070994.55,40.3,0.683,0.0,0.821,4234.4181408752,19.8,0.716,0.0,1.2,962.2138483725948,8.32,0.398,0.0,0.751,3868.2216009427375,19.8,0.516,0.0,1.09,3847.555599338365
1731070995.05,39.7,0.748,0.0,0.812,4234.737658214744,19.8,0.631,0.0,0.862,962.2565523289502,7.68,0.919,0.0,0.728,3868.1280099034993,19.8,0.482,0.0,1.7,3847.726472866803
1731070995.55,40.3,0.87,0.0,2.64,4234.661688121597,20.5,0.605,0.0,0.85,962.2992569881796,8.32,1.137,0.0,0.809,3868.0344189264906,19.8,0.578,0.0,1.08,3847.897349202548
1731070996.05,39.0,0.39,0.0,1.02,4234.58448108394,19.8,0.691,0.0,0.738,962.341962350183,7.68,0.546,0.0,1.13,3867.940828011721,20.5,0.541,0.0,0.854,3848.0682283452297
1731070996.55,41.0,0.388,0.0,4.33,4234.799378827178,19.8,0.768,0.0,0.804,962.3846684148704,8.32,0.764,0.0,0.745,3867.847237159192,19.8,0.753,0.0,0.813,3848.2391102944734
1731070997.05,39.7,0.271,0.0,2.63,4234.687758568765,19.9,1.074,0.0,0.899,962.427375182148,7.69,0.406,0.0,0.869,3867.753646368911,19.8,0.692,0.0,1.11,3848.409995049904
1731070997.55,40.3,0.511,0.0,3.16,4234.66506188766,20.5,0.781,0.0,0.941,962.470082651922,8.31,0.9,0.0,0.74,3867.660055640879,19.8,0.621,0.0,0.719,3848.580882611149
1731070998.05,39.7,0.272,0.0,2.04,4235.195436883557,19.9,0.681,0.0,1.62,962.5127908241024,7.68,0.585,0.0,0.746,3867.5664649751,20.5,0.639,0.0,0.716,3848.751772977831
1731070998.55,40.3,0.344,0.0,1.13,4234.621826217064,19.8,0.573,0.0,1.13,962.5554996985894,8.32,0.457,0.0,0.897,3867.472874371583,19.8,0.651,0.0,0.771,3848.922666149581
1731070999.05,39.7,0.59,0.0,4.49,4234.956931039158,19.8,0.664,0.0,1.17,962.5982092752926,7.68,0.809,0.0,0.843,3867.37928383033,19.8,0.808,0.0,0.841,3849.0935621260232
1731070999.55,40.3,0.427,0.0,0.929,4235.137038065432,20.5,0.7,0.0,5.3,962.6409195541185,8.32,0.438,0.0,0.818,3867.2856933513463,19.9,0.773,0.0,0.786,3849.264460906785
1731071000.05,39.7,0.509,0.0,0.738,4235.101287753628,19.8,0.607,0.0,3.99,962.6836305349736,7.68,1.051,0.0,0.737,3867.192102934635,20.5,0.699,0.0,2.0,3849.435362491493
1731071000.55,39.7,0.488,0.0,1.73,4235.350929242052,19.8,0.6,0.0,1.1,962.7263422177676,8.32,0.628,0.0,0.812,3867.0985125802,19.8,0.731,0.0,0.793,3849.606266879769
1731071001.05,40.3,0.567,0.0,1.42,4235.602293809668,19.8,0.69,0.0,1.19,962.7690546024012,7.68,0.542,0.0,0.905,3867.004922288048,19.8,0.76,0.0,0.815,3849.777174071247
1731071001.55,40.3,0.495,0.0,1.87,4235.766015133174,20.5,0.78,0.0,1.15,962.8117676887834,7.68,0.391,0.0,0.817,3866.911332058184,20.5,0.739,0.0,0.794,3849.94808406555
1731071002.05,39.7,0.858,0.0,1.07,4235.789553668899,19.8,0.944,0.0,0.906,962.8544814768215,8.32,0.411,0.0,1.02,3866.817741890611,19.9,0.855,0.0,0.821,3850.118996862305
1731071002.55,40.3,0.601,0.0,0.829,4235.59232142738,19.8,0.776,0.0,0.856,962.8971959664216,8.32,1.018,0.0,0.856,3866.724151785333,19.8,0.9,0.0,1.3,3850.28991246114
1731071003.05,39.6,0.634,0.0,1.44,4235.381330930458,19.8,0.802,0.0,1.09,962.939911157494,7.68,0.627,0.0,2.13,3866.6305617423545,19.8,0.764,0.0,4.09,3850.4608308616766
1731071003.55,40.4,1.064,0.0,1.29,4235.952939151415,20.5,0.787,0.0,1.12,962.9826270499386,8.32,0.519,0.0,5.6,3866.536971761681,19.8,0.586,0.0,1.11,3850.631752063549
1731071004.05,39.7,0.841,0.0,2.9,4236.05134961444,19.8,0.967,0.0,0.945,963.0253436436656,7.68,0.366,0.0,1.29,3866.443381843319,20.5,0.751,0.0,0.947,3850.8026760663806
1731071004.55,39.7,0.685,0.0,0.797,4236.082714646631,19.8,1.065,0.0,0.778,963.0680609385812,7.68,0.517,0.0,1.11,3866.34979198727,19.9,0.602,0.0,0.808,3850.9736028698
1731071005.05,40.3,0.611,0.0,0.769,4236.350911796309,19.9,1.25,0.0,0.709,963.1107789345924,8.32,0.959,0.0,0.874,3866.2562021935382,19.8,0.748,0.0,0.836,3851.144532473432
1731071005.55,40.3,0.666,0.0,0.741,4235.647519282363,20.5,0.965,0.0,0.865,963.1534976316092,7.68,0.724,0.0,1.7,3866.162612462129,19.9,0.759,0.0,0.71,3851.315464876903
1731071006.05,39.7,0.566,0.0,1.01,4236.094847752906,19.8,1.145,0.0,0.771,963.196217029532,8.32,0.668,0.0,1.13,3866.069022793048,20.5,0.647,0.0,0.98,3851.486400079844
1731071006.55,40.3,0.619,0.0,2.15,4236.0180844427005,19.8,0.752,0.0,0.803,963.2389371282704,8.32,0.53,0.0,0.887,3865.975433186301,19.9,0.733,0.0,0.885,3851.657338081881
1731071007.05,39.7,0.768,0.0,5.45,4236.284454766649,19.8,0.57,0.0,1.01,963.2816579277312,7.68,0.561,0.0,0.851,3865.881843641888,19.8,0.933,0.0,1.68,3851.828278882641
1731071007.55,39.7,0.762,0.0,4.13,4236.463012461634,20.5,0.49,0.0,3.19,963.3243794278216,8.32,0.645,0.0,0.982,3865.788254159817,20.5,0.76,0.0,0.863,3851.99922248175
1731071008.05,40.3,0.912,0.0,3.1,4236.023708499858,19.8,0.402,0.0,1.55,963.3671016284512,7.68,0.698,0.0,0.934,3865.6946647400896,19.8,0.955,0.0,0.838,3852.170168878835
1731071008.55,40.3,0.808,0.0,1.08,4236.320644532382,19.8,0.635,0.0,0.814,963.4098245295204,8.32,0.647,0.0,1.66,3865.6010753827145,19.8,0.819,0.0,0.839,3852.341118073528
1731071009.05,39.7,0.525,0.0,0.823,4236.510792041746,19.8,0.621,0.0,0.755,963.4525481309394,7.69,0.422,0.0,1.29,3865.5074860876935,19.8,0.833,0.0,0.846,3852.512070065453
1731071009.55,40.3,0.724,0.0,0.883,4236.649673936586,20.5,0.52,0.0,0.826,963.4952724326148,8.32,0.524,0.0,0.889,3865.413896855032,19.9,1.151,0.0,0.851,3852.6830248542383
1731071010.05,39.7,0.708,0.0,0.892,4236.402743059925,19.8,0.49,0.0,0.862,963.5379974344538,7.68,0.574,0.0,0.815,3865.320307684734,20.5,1.051,0.0,0.801,3852.853982439512
1731071010.55,40.3,0.729,0.0,0.796,4236.257892255095,19.8,0.472,0.0,0.799,963.580723136366,7.68,0.669,0.0,0.904,3865.2267185768014,19.9,1.02,0.0,0.844,3853.024942820899
1731071011.05,39.7,0.845,0.0,0.877,4236.870039119189,19.8,0.391,0.0,1.9,963.6234495382524,8.31,0.93,0.0,0.761,3865.133129531245,19.8,1.233,0.0,0.797,3853.195905998032
1731071011.55,40.3,0.817,0.0,1.55,4236.399155042444,20.5,0.554,0.0,0.685,963.666176640023,7.69,0.483,0.0,0.719,3865.039540548065,20.5,1.042,0.0,0.967,3853.366871970537
1731071012.05,39.7,0.869,0.0,0.945,4236.532162870961,19.8,0.45,0.0,0.753,963.7089044415844,8.31,0.722,0.0,0.759,3864.945951627268,19.2,0.444,0.0,0.817,3853.537840738041
1731071012.55,40.3,0.972,0.0,0.753,4236.811539022275,19.8,0.585,0.0,1.07,963.7516329428436,8.33,0.663,0.0,1.74,3864.852362768855,20.5,0.415,0.0,0.774,3853.7088123001727
1731071013.05,39.0,0.551,0.0,0.737,4237.183339254454,19.9,0.613,0.0,0.839,963.7943621437108,7.68,0.737,0.0,8.69,3864.758773972833,19.8,0.447,0.0,0.771,3853.879786656557
1731071013.55,41.0,0.61,0.0,2.54,4237.277476207362,20.5,0.485,0.0,0.83,963.8370920440868,8.32,0.769,0.0,1.09,3864.665185239207,19.9,0.647,0.0,0.844,3854.050763806828
1731071014.05,39.0,0.555,0.016,1.85,4236.964860884162,19.8,0.491,0.0,0.822,963.8798226438812,7.69,0.405,0.0,1.28,3864.571596567982,20.5,0.438,0.0,0.851,3854.221743750611
1731071014.55,40.3,0.676,0.0,1.08,4237.422490722764,19.8,0.667,0.0,0.87,963.9225539430016,8.31,0.634,0.0,0.818,3864.4780079591615,19.9,0.558,0.0,0.793,3854.3927264875338
1731071015.05,39.7,0.781,0.0,4.83,4237.356399642661,19.8,0.686,0.0,0.868,963.9652859413546,7.68,0.333,0.0,0.977,3864.384419412748,19.8,0.555,0.0,0.819,3854.563712017225
1731071015.55,40.3,0.78,0.0,0.826,4237.48992992298,20.5,0.789,0.0,0.923,964.0080186388506,8.32,0.759,0.0,0.804,3864.290830928748,19.8,0.626,0.0,0.828,3854.73470033931
1731071016.05,39.7,1.011,0.0,4.33,4237.234422772167,19.8,0.719,0.0,2.1,964.05075203539,7.68,1.165,0.0,0.951,3864.197242507167,20.5,0.635,0.0,0.866,3854.905691453423
1731071016.55,40.3,0.957,0.0,1.07,4237.676379680314,19.8,0.639,0.0,0.695,964.0934861308834,8.32,0.556,0.0,0.786,3864.10365414801,19.8,0.538,0.0,0.904,3855.07668535919
1731071017.05,39.7,0.921,0.0,2.9,4237.466319417861,19.8,0.715,0.0,0.807,964.1362209252376,7.68,0.854,0.0,0.862,3864.010065851279,19.8,0.524,0.0,0.725,3855.2476820562392
1731071017.55,39.7,0.279,0.0,1.15,4237.220961399815,20.5,0.859,0.0,0.82,964.17895641836,8.32,0.537,0.0,0.939,3863.91647761698,19.9,0.661,0.0,1.34,3855.418681544199
1731071018.05,40.3,0.266,0.0,1.37,4237.563805634592,19.8,0.735,0.0,0.77,964.2216926101604,7.68,0.939,0.0,0.83,3863.8228894451145,20.5,0.585,0.0,0.97,3855.589683822696
1731071018.55,40.3,0.423,0.0,1.7,4237.774209823293,19.8,0.873,0.0,0.743,964.2644295005396,7.68,0.632,0.0,0.829,3863.729301335692,19.8,0.811,0.0,1.11,3855.7606888913615
1731071019.05,39.7,0.354,0.0,0.917,4237.943846657533,19.8,0.627,0.0,0.75,964.3071670894084,8.32,0.483,0.0,0.944,3863.635713288716,19.8,0.667,0.0,0.848,3855.931696749827
1731071019.55,40.3,0.34,0.0,1.27,4238.0735655454055,19.9,0.567,0.0,0.756,964.3499053766732,8.32,0.784,0.0,1.06,3863.542125304188,19.8,0.695,0.0,0.943,3856.1027073977175
1731071020.05,39.7,0.545,0.0,0.859,4237.566100761142,20.5,0.568,0.0,0.76,964.392644362242,7.68,0.492,0.0,1.66,3863.448537382115,20.5,0.655,0.0,3.46,3856.2737208346616
1731071020.55,40.3,0.586,0.0,1.19,4238.059530682486,19.9,0.571,0.0,0.719,964.4353840460244,7.68,1.046,0.0,0.956,3863.3549495224993,19.8,0.621,0.0,1.05,3856.444737060288
1731071021.05,39.7,0.713,0.0,0.821,4238.321359545985,19.8,0.614,0.0,0.77,964.4781244279214,8.32,0.644,0.0,0.816,3863.261361725349,19.8,0.637,0.0,0.81,3856.615756074229
1731071021.55,39.7,0.625,0.0,0.716,4238.028362525266,20.5,0.61,0.0,0.79,964.5208655078436,8.32,0.582,0.0,0.803,3863.1677739906654,19.9,0.698,0.0,0.933,3856.786777876112
1731071022.05,39.7,0.456,0.016,0.801,4238.083543664372,19.8,0.878,0.0,0.873,964.5636072856984,7.68,0.62,0.0,1.37,3863.0741863184567,20.5,0.719,0.0,0.725,3856.9578024655657
1731071022.55,39.7,0.57,0.0,0.792,4238.065240939741,19.9,0.68,0.0,1.81,964.6063497613924,7.68,0.433,0.0,0.856,3862.9805987087234,19.8,0.756,0.0,1.45,3857.128829842219
1731071023.05,40.3,0.666,0.0,0.831,4238.273335458047,19.8,0.752,0.0,1.08,964.6490929348364,8.33,1.056,0.0,0.813,3862.8870111614697,19.8,0.853,0.0,1.3,3857.2998600057
1731071023.55,40.3,0.57,0.0,0.763,4238.694217841322,19.8,0.756,0.0,1.1,964.6918368059312,8.32,0.806,0.0,0.803,3862.7934236767046,19.8,0.843,0.0,1.28,3857.470892955642
1731071024.05,39.7,0.718,0.0,0.869,4238.652121509357,20.5,0.997,0.0,0.998,964.7345813745872,7.68,0.654,0.0,0.846,3862.6998362544296,20.5,1.039,0.0,0.871,3857.641928691672
1731071024.55,39.7,0.756,0.0,0.767,4238.687467221933,19.8,0.835,0.0,0.764,964.777326640712,7.68,0.442,0.0,1.13,3862.606248894651,19.9,0.757,0.0,0.845,3857.812967213419
1731071025.05,40.3,0.858,0.0,0.727,4238.420379350243,19.9,0.912,0.0,0.671,964.8200726042124,8.31,0.456,0.0,0.874,3862.512661597371,19.8,0.64,0.0,0.812,3857.984008520513
1731071025.55,40.3,0.745,0.0,0.852,4238.722404518995,20.5,0.845,0.0,0.826,964.8628192649992,8.32,1.102,0.0,1.66,3862.419074362594,20.5,0.636,0.0,0.742,3858.1550526125816
1731071026.05,39.7,0.577,0.0,0.895,4238.590883706015,19.8,0.935,0.0,0.74,964.9055666229732,7.68,0.611,0.0,0.732,3862.325487190327,19.8,0.624,0.0,0.744,3858.3260994892585
1731071026.55,40.3,0.91,0.0,0.695,4238.992336303712,19.8,0.958,0.0,0.941,964.9483146780452,8.32,0.585,0.0,0.795,3862.2319000805737,19.8,0.882,0.0,0.807,3858.497149150172
1731071027.05,39.7,0.633,0.0,0.847,4239.048046868253,19.8,0.999,0.0,0.779,964.9910634301224,7.69,0.481,0.0,0.723,3862.1383130333393,19.8,0.777,0.0,0.703,3858.66820159495
1731071027.55,40.3,0.536,0.0,0.688,4238.969037866899,20.5,1.005,0.0,0.703,965.0338128791124,7.68,0.536,0.0,0.899,3862.044726048625,19.8,0.694,0.0,3.88,3858.839256823224
1731071028.05,39.7,0.722,0.0,1.01,4239.16411850005,19.2,0.514,0.0,0.73,965.0765630249252,8.31,0.694,0.0,3.3,3861.951139126439,20.5,0.858,0.0,1.36,3859.01031483462
1731071028.55,40.3,0.734,0.0,0.747,4239.255113949659,20.5,0.473,0.0,0.703,965.1193138674624,8.32,0.667,0.0,1.1,3861.857552266784,19.8,0.787,0.0,1.75,3859.181375628774
1731071029.05,39.7,0.873,0.0,1.35,4238.901473983421,19.8,0.487,0.0,1.69,965.1620654066342,7.68,0.729,0.0,0.957,3861.7639654696654,19.9,0.787,0.0,1.64,3859.352439205313
1731071029.55,40.3,0.876,0.0,0.683,4239.015582740834,20.4,0.57,0.0,2.39,965.2048176423484,7.68,0.467,0.0,0.844,3861.670378735088,20.5,0.757,0.0,1.22,3859.523505563868
1731071030.05,39.7,0.918,0.0,0.785,4239.252839869267,19.9,0.746,0.0,8.82,965.247570574512,8.32,0.563,0.0,0.742,3861.576792063057,19.8,0.829,0.0,8.51,3859.694574704067
1731071030.55,40.3,0.558,0.0,0.884,4239.115676605608,19.8,0.582,0.0,1.42,965.290324203036,8.32,0.537,0.0,0.87,3861.483205453572,19.9,0.844,0.0,1.13,3859.8656466255393
1731071031.05,39.7,0.673,0.0,0.831,4238.992102327917,19.8,0.64,0.0,0.918,965.3330785278216,7.68,0.669,0.0,0.896,3861.389618906644,19.8,0.895,0.0,0.802,3860.03672132792
1731071031.55,40.3,0.928,0.0,0.812,4239.906154849307,20.5,0.74,0.0,1.67,965.375833548779,8.32,0.678,0.0,0.992,3861.296032422275,19.9,1.024,0.0,0.888,3860.207798810836
1731071032.05,39.7,0.935,0.0,0.761,4239.787919738745,19.9,0.802,0.0,1.32,965.4185892658164,7.68,0.445,0.0,0.845,3861.2024460004686,20.4,1.04,0.0,0.832,3860.378879073919
1731071032.55,40.3,1.06,0.0,0.875,4239.767527484324,19.8,0.434,0.0,2.01,965.4613456788404,8.32,0.676,0.0,1.61,3861.108859641231,19.9,1.286,0.0,0.879,3860.549962116797
1731071033.05,39.7,0.855,0.0,1.95,4239.981901349585,19.8,0.547,0.0,1.96,965.5041027877626,7.69,0.625,0.0,0.853,3861.015273344564,19.9,0.916,0.0,0.803,3860.7210479391015
1731071033.55,40.3,0.87,0.0,0.729,4239.779869099078,20.5,0.502,0.0,1.08,965.5468605924837,7.68,0.745,0.0,0.887,3860.921687110475,19.8,0.453,0.0,0.897,3860.892136540465
1731071034.05,39.7,1.036,0.0,0.785,4240.13845854268,19.8,0.505,0.0,0.903,965.5896190929146,8.31,0.662,0.0,0.805,3860.828100938968,20.5,0.457,0.0,0.878,3861.063227920517
1731071034.55,39.7,0.556,0.0,0.841,4240.0949497932215,19.8,0.463,0.0,4.75,965.632378288963,8.32,0.36,0.0,0.86,3860.734514830048,19.8,0.598,0.0,1.73,3861.234322078887
1731071035.05,40.3,0.504,0.0,0.837,4240.086866504807,19.8,0.512,0.0,0.841,965.675138180536,7.68,0.669,0.0,1.13,3860.6409287837178,19.8,0.523,0.0,1.57,3861.405419015208
1731071035.55,40.3,0.545,0.0,0.876,4239.6969432851965,20.5,0.649,0.0,0.876,965.7178987675452,7.69,0.342,0.0,0.86,3860.547342799981,20.5,0.48,0.0,1.1,3861.576518729105
1731071036.05,39.7,0.689,0.0,0.768,4239.64462675716,19.8,0.533,0.0,0.812,965.760660049891,8.32,0.773,0.0,1.61,3860.4537568788464,19.8,0.439,0.0,0.889,3861.747621220216
1731071036.55,39.7,0.783,0.016,0.965,4240.327638761727,19.8,0.581,0.0,0.784,965.8034220274848,7.68,0.877,0.0,0.829,3860.360171020315,19.8,0.648,0.0,0.8,3861.918726488169
1731071037.05,39.7,0.677,0.0,0.823,4240.325226981312,19.8,0.776,0.0,0.903,965.846184700234,8.32,0.41,0.0,0.758,3860.2665852243945,19.8,0.513,0.0,0.737,3862.0898345325945
1731071037.55,39.7,0.781,0.016,0.924,4240.051911870493,20.5,0.649,0.0,0.848,965.8889480680466,8.31,0.642,0.0,1.31,3860.172999491085,19.8,0.482,0.0,0.815,3862.260945353124
1731071038.05,39.7,1.061,0.0,1.39,4240.04537782237,19.8,0.765,0.0,1.8,965.931712130833,7.68,0.333,0.0,0.97,3860.079413820394,20.5,0.62,0.0,1.13,3862.432058949386
1731071038.55,39.7,0.542,0.0,2.06,4240.089603291515,19.8,0.701,0.0,1.01,965.9744768884948,7.68,0.889,0.0,1.48,3859.985828212326,19.9,0.537,0.0,0.772,3862.603175321016
1731071039.05,40.3,0.356,0.0,1.59,4240.088189163831,19.8,0.923,0.0,1.5,966.0172423409427,8.31,0.94,0.0,0.878,3859.8922426668855,19.8,0.649,0.0,0.778,3862.7742944676434
1731071039.55,40.3,0.288,0.0,1.01,4240.536675639337,20.5,0.737,0.0,0.735,966.0600084880848,8.32,0.548,0.0,0.856,3859.7986571840775,20.5,0.546,0.0,0.876,3862.945416388899
1731071040.05,39.7,0.294,0.0,2.19,4240.685754661354,19.8,0.876,0.0,0.781,966.1027753298288,7.68,1.052,0.0,10.3,3859.705071763904,19.8,0.56,0.0,0.895,3863.116541084414
1731071040.55,40.3,0.508,0.0,0.917,4240.584600360807,19.8,0.685,0.0,0.876,966.1455428660852,8.32,0.504,0.0,1.17,3859.611486406371,19.8,0.554,0.0,0.812,3863.2876685538176
1731071041.05,39.7,0.466,0.0,0.822,4240.63315369914,19.8,0.532,0.0,0.817,966.1883110967556,7.68,1.006,0.0,6.6,3859.517901111484,19.8,0.727,0.0,0.781,3863.458798796746
1731071041.55,40.3,0.471,0.0,0.911,4240.550389746337,20.5,0.572,0.0,0.982,966.2310800217512,8.32,0.648,0.0,1.09,3859.424315879248,19.8,0.656,0.0,0.783,3863.629931812828
1731071042.05,39.7,0.715,0.0,0.873,4240.515259549491,19.8,0.689,0.0,0.821,966.2738496409796,7.69,0.516,0.0,1.22,3859.3307307096657,20.5,0.656,0.0,0.763,3863.801067601696
1731071042.55,39.7,0.442,0.0,0.768,4240.8819338548365,19.8,0.889,0.0,0.808,966.3166199543488,8.31,0.78,0.0,1.21,3859.237145602743,19.9,0.758,0.0,0.87,3863.97220616298
1731071043.05,40.3,0.532,0.0,0.761,4240.885197747198,19.8,0.648,0.0,0.888,966.3593909617696,7.68,0.569,0.0,0.788,3859.1435605584816,19.8,0.793,0.0,0.866,3864.143347496311
1731071043.55,40.3,0.491,0.0,0.963,4241.5263687650695,20.5,0.711,0.0,0.819,966.4021626631436,8.32,1.082,0.0,0.814,3859.0499755768897,19.8,0.865,0.0,0.914,3864.3144916013234
1731071044.05,39.7,0.467,0.0,0.977,4241.302141152152,19.8,0.868,0.0,1.24,966.444935058382,7.68,0.694,0.0,0.844,3858.956390657972,20.5,0.857,0.0,4.04,3864.485638477649
1731071044.55,40.3,0.547,0.0,1.43,4240.910896671138,19.8,0.75,0.0,0.933,966.4877081473924,7.69,0.581,0.0,0.774,3858.86280580173,19.8,0.783,0.0,0.995,3864.656788124918
1731071045.05,39.7,0.762,0.0,0.864,4241.244713406104,19.8,0.795,0.0,1.51,966.5304819300824,8.32,0.376,0.0,0.957,3858.7692210081705,19.8,0.86,0.0,1.92,3864.827940542762
1731071045.55,40.3,0.671,0.0,0.768,4241.572092256718,20.5,0.818,0.0,0.923,966.5732564063638,8.31,0.518,0.0,0.829,3858.675636277296,19.9,0.741,0.0,0.904,3864.999095730812
1731071046.05,39.7,0.708,0.0,0.787,4241.077982523256,19.8,0.832,0.0,0.865,966.616031576138,7.68,1.125,0.0,1.05,3858.582051609114,20.5,0.761,0.0,0.939,3865.1702536887033
1731071046.55,40.3,0.7,0.0,0.759,4241.728123413151,19.9,0.819,0.0,0.829,966.6588074393156,8.32,0.722,0.0,0.85,3858.4884670036263,19.8,0.594,0.0,0.78,3865.341414416067
1731071047.05,39.7,0.701,0.0,0.734,4241.889666236492,19.8,1.022,0.0,0.86,966.7015839958052,7.68,0.65,0.0,1.59,3858.394882460841,19.8,0.655,0.0,0.826,3865.5125779125337
1731071047.55,40.3,0.579,0.0,0.938,4241.35364635448,20.5,0.94,0.0,0.759,966.7443612455144,8.32,0.413,0.0,0.994,3858.301297980759,19.9,0.647,0.0,0.782,3865.683744177737
1731071048.05,39.0,0.497,0.016,0.726,4241.552894686969,19.9,1.289,0.0,0.791,966.7871391883544,7.68,0.496,0.0,0.833,3858.207713563384,20.5,0.634,0.0,0.786,3865.8549132113058
1731071048.55,40.3,0.587,0.0,0.694,4241.669584464044,19.8,1.098,0.0,1.04,966.8299178242268,7.68,0.511,0.0,1.07,3858.114129208725,19.8,0.626,0.0,0.718,3866.0260850128775
1731071049.05,39.7,0.697,0.0,0.759,4241.6959073204525,19.9,0.751,0.0,0.82,966.872697153043,8.32,0.586,0.0,0.845,3858.020544916784,19.8,0.844,0.0,0.885,3866.197259582082
1731071049.55,40.3,0.692,0.0,0.835,4241.8975181957685,19.8,0.479,0.0,0.822,966.9154771747108,7.69,0.637,0.0,0.871,3857.926960687567,19.9,0.773,0.0,0.822,3866.368436918552
1731071050.05,39.7,0.756,0.0,0.922,4241.958617395168,20.5,0.573,0.0,0.824,966.9582578891384,8.32,0.608,0.0,0.897,3857.833376521076,20.5,0.713,0.0,0.758,3866.539617021919
1731071050.55,39.7,0.754,0.0,0.777,4241.923920286919,19.9,0.512,0.0,0.827,967.001039296237,7.68,0.6,0.0,0.664,3857.739792417316,19.8,0.873,0.0,3.67,3866.710799891814
1731071051.05,40.3,0.851,0.0,0.792,4242.141007148924,19.8,0.561,0.0,0.824,967.0438213959084,8.31,0.614,0.0,0.964,3857.6462083762935,19.8,0.871,0.0,1.07,3866.8819855278734
1731071051.55,39.6,0.759,0.0,1.69,4241.919654066481,20.5,0.578,0.0,0.77,967.0866041880632,8.32,0.637,0.0,0.861,3857.552624398013,20.5,0.821,0.0,1.36,3867.0531739297294
1731071052.05,40.3,0.593,0.0,1.46,4241.797653195888,19.8,0.536,0.0,0.831,967.1293876726106,7.68,0.735,0.0,0.877,3857.459040482479,19.8,0.902,0.0,1.09,3867.224365097014
1731071052.55,39.7,0.669,0.0,4.05,4242.12452952328,19.8,0.529,0.0,0.953,967.172171849458,7.68,0.383,0.0,0.732,3857.365456629693,19.9,0.961,0.0,0.963,3867.395559029359
1731071053.05,40.3,0.759,0.0,1.11,4242.003195093807,19.8,0.615,0.0,1.04,967.2149567185168,8.31,0.715,0.0,0.839,3857.271872839662,19.8,0.985,0.0,0.838,3867.566755726395
1731071053.55,40.3,0.864,0.0,5.75,4242.446782790895,19.8,0.433,0.0,1.16,967.257742279689,7.69,0.667,0.0,0.835,3857.178289112391,19.8,1.087,0.0,3.91,3867.73795518776
1731071054.05,39.7,0.831,0.0,2.75,4242.501543146304,20.5,0.518,0.0,0.805,967.3005285328856,8.31,0.759,0.0,0.983,3857.084705447885,20.5,1.063,0.0,0.925,3867.909157413085
1731071054.55,40.3,0.942,0.0,0.911,4242.4630597500345,19.8,0.576,0.0,2.47,967.3433154780153,7.68,0.843,0.0,0.921,3856.991121846148,19.9,0.739,0.0,1.89,3868.080362402002
1731071055.05,39.7,1.093,0.0,1.27,4242.401070611782,19.8,0.465,0.0,1.26,967.3861031149856,8.33,0.397,0.0,3.23,3856.897538307183,19.8,0.58,0.0,0.934,3868.2515701541447
1731071055.55,39.7,0.895,0.0,1.73,4242.678064949577,20.5,0.557,0.0,1.26,967.4288914437084,8.31,0.697,0.0,0.787,3856.803954830994,19.8,0.604,0.031,0.987,3868.422780669144
1731071056.05,40.3,0.611,0.0,1.26,4242.834772860249,19.8,0.507,0.0,5.54,967.4716804640854,7.68,0.561,0.0,0.937,3856.7103714175887,19.8,0.475,0.0,0.891,3868.593993946637
1731071056.55,40.3,0.601,0.0,2.3,4242.74536041034,19.9,0.545,0.0,0.794,967.514470176028,8.32,0.77,0.0,1.03,3856.616788066971,19.8,0.486,0.0,2.77,3868.765209986256
1731071057.05,39.7,0.575,0.0,2.69,4242.607293655307,19.8,0.555,0.0,3.76,967.5572605794443,7.68,0.842,0.0,1.64,3856.523204779144,19.8,0.48,0.0,0.805,3868.936428787633
1731071057.55,40.3,0.591,0.0,1.36,4242.881622166884,20.5,0.554,0.0,1.07,967.6000516742428,8.32,0.546,0.0,1.09,3856.4296215541135,20.5,0.563,0.0,1.09,3869.107650350402
1731071058.05,39.7,0.788,0.0,3.46,4242.790848960598,19.9,0.624,0.0,1.3,967.642843460335,7.68,0.836,0.0,1.03,3856.336038391882,19.8,0.557,0.0,0.799,3869.2788746741935
1731071058.55,40.3,0.909,0.0,7.31,4242.964266350378,19.8,0.648,0.0,0.926,967.6856359376228,8.32,0.401,0.0,0.801,3856.242455292457,19.8,0.527,0.0,0.805,3869.450101758646
1731071059.05,39.7,0.915,0.0,1.54,4243.190593723165,19.8,0.662,0.0,0.85,967.7284291060172,7.68,0.89,0.0,0.783,3856.1488722558415,19.8,0.459,0.0,0.809,3869.621331603391
1731071059.55,40.3,0.959,0.0,3.28,4243.420782430093,20.5,0.675,0.0,0.746,967.7712229654272,8.32,0.914,0.0,0.722,3856.055289282041,20.5,0.51,0.0,0.782,3869.792564208061
1731071060.05,39.0,0.373,0.0,0.852,4243.082741136877,19.8,0.641,0.0,0.855,967.814017515761,7.68,0.547,0.0,2.6,3855.961706371059,19.8,0.643,0.0,0.844,3869.963799572292
1731071060.55,40.9,0.319,0.0,0.915,4243.426352002964,19.8,0.76,0.0,0.719,967.8568127569296,8.31,0.755,0.0,1.1,3855.868123522898,19.9,0.644,0.0,0.75,3870.135037695713
1731071061.05,39.7,0.532,0.0,0.767,4243.780690583432,19.8,1.042,0.0,1.01,967.8996086888357,7.69,0.455,0.0,3.71,3855.774540737567,19.8,0.659,0.0,0.78,3870.3062785779625
1731071061.55,40.3,0.324,0.0,0.896,4243.246381446527,20.5,0.787,0.0,0.796,967.9424053113904,8.3,0.894,0.0,6.17,3855.680958015069,20.5,0.608,0.0,0.823,3870.477522218673
1731071062.05,39.7,0.548,0.0,0.868,4243.294132722585,19.8,0.775,0.0,0.736,967.9852026245024,7.71,0.705,0.0,1.18,3855.587375355408,19.8,0.774,0.0,0.829,3870.648768617479
1731071062.55,40.3,0.528,0.0,0.742,4243.826512489285,19.9,0.753,0.0,0.772,968.0280006280798,8.31,0.511,0.0,2.33,3855.493792758589,19.8,0.673,0.0,1.04,3870.8200177740127
1731071063.05,39.7,0.579,0.0,0.907,4243.626908793465,19.8,0.663,0.0,1.74,968.0707993220344,7.69,0.823,0.0,1.67,3855.400210224614,19.8,0.655,0.0,0.766,3870.991269687907
1731071063.55,40.3,0.474,0.0,0.8,4243.886907512416,20.5,0.59,0.0,1.19,968.113598706268,8.31,0.394,0.0,2.28,3855.306627753491,20.5,0.653,0.0,0.867,3871.1625243588
1731071064.05,39.7,0.414,0.0,0.839,4243.960233634089,19.8,0.683,0.0,1.93,968.1563987806928,7.68,1.025,0.0,1.74,3855.2130453452246,19.8,0.681,0.0,2.88,3871.333781786324
1731071064.55,40.3,0.617,0.0,0.744,4243.820041307138,19.9,0.622,0.0,0.872,968.199199545217,8.32,0.691,0.0,1.84,3855.119462999818,19.9,0.775,0.0,1.28,3871.505041970113
1731071065.05,39.7,0.459,0.0,0.842,4243.862526077807,19.8,0.858,0.0,0.88,968.2420009997488,7.68,0.579,0.0,1.12,3855.025880717275,19.8,1.045,0.0,3.35,3871.676304909801
1731071065.55,39.7,0.577,0.0,0.798,4243.786669398472,20.5,0.759,0.0,0.849,968.2848031442002,7.68,0.409,0.0,0.982,3854.932298497601,20.5,0.791,0.0,3.53,3871.847570605019
1731071066.05,40.3,0.736,0.0,1.32,4244.265881000414,19.9,0.728,0.0,0.849,968.3276059784732,8.32,0.477,0.0,4.5,3854.838716340801,19.8,0.807,0.0,0.894,3872.018839055409
1731071066.55,40.3,0.856,0.0,0.81,4244.07004473343,19.8,0.735,0.0,0.84,968.3704095024796,7.69,1.302,0.0,0.822,3854.7451342468808,19.8,1.216,0.0,1.6,3872.1901102606
1731071067.05,39.7,0.716,0.0,0.85,4244.527083420715,19.8,0.836,0.0,0.819,968.413213716128,8.31,0.928,0.0,2.87,3854.6515522158425,19.8,0.887,0.0,0.995,3872.361384220229
1731071067.55,40.3,0.578,0.0,1.675,4244.38968815761,20.5,0.867,0.0,1.59,968.4560186193266,8.32,0.651,0.0,8.71,3854.557970247692,19.8,0.578,0.0,1.0,3872.532660933928
1731071068.05,39.7,0.801,0.0,2.5,4243.897958861673,19.9,0.861,0.0,1.52,968.4988242119877,7.68,0.408,0.0,0.928,3854.464388342432,20.5,0.675,0.0,1.34,3872.703940401331
1731071068.55,39.6,0.449,0.0,1.09,4244.451434555769,19.8,0.913,0.0,4.15,968.541630494013,8.32,0.461,0.0,1.0,3854.3708065000696,19.8,0.617,0.0,0.858,3872.875222622076
1731071069.05,40.3,0.696,0.0,1.2,4244.377506381596,19.8,1.002,0.0,5.05,968.5844374653146,7.69,0.794,0.0,0.776,3854.2772247206094,19.8,0.611,0.0,0.912,3873.046507595797
1731071069.55,40.3,0.637,0.0,1.1,4244.5238673214,20.5,0.828,0.0,2.75,968.6272451258012,7.67,0.576,0.0,0.851,3854.183643004054,20.5,0.857,0.0,0.837,3873.217795322128
1731071070.05,39.7,0.621,0.0,0.876,4244.901643004201,19.9,0.974,0.0,2.93,968.670053475381,8.33,0.685,0.0,1.21,3854.0900613504095,19.2,0.691,0.032,0.894,3873.389085800703
1731071070.55,40.3,0.635,0.0,3.03,4244.472707374143,19.8,0.709,0.0,2.42,968.7128625139662,8.32,0.556,0.0,0.749,3853.996479759679,19.9,0.651,0.0,0.813,3873.560379031156
1731071071.05,39.7,0.69,0.0,0.823,4244.603938092873,19.8,0.383,0.0,1.31,968.755672241459,7.68,0.568,0.0,0.891,3853.9028982318687,19.8,0.75,0.0,0.817,3873.731675013125
1731071071.55,40.3,0.837,0.0,0.874,4245.184088394292,20.5,0.453,0.0,1.16,968.7984826577712,8.32,0.565,0.0,1.26,3853.809316766983,19.8,0.817,0.0,0.972,3873.902973746245
1731071072.05,39.7,0.792,0.0,0.944,4244.958533639701,19.8,0.416,0.0,1.08,968.8412937628116,7.68,0.655,0.0,0.769,3853.715735365026,20.5,0.839,0.0,0.813,3874.074275230149
1731071072.55,40.3,0.891,0.0,0.753,4245.211893810617,19.8,0.652,0.0,0.89,968.884105556489,8.32,0.731,0.0,0.873,3853.6221540260026,19.8,0.933,0.0,1.02,3874.245579464473
1731071073.05,39.7,0.523,0.0,8.51,4245.125378231188,19.8,0.532,0.0,1.01,968.9269180387148,7.68,0.454,0.0,0.841,3853.5285727499145,19.8,0.927,0.0,0.845,3874.416886448849
1731071073.55,39.7,0.729,0.0,1.84,4244.773777139134,20.5,0.492,0.0,1.12,968.969731209392,8.33,0.622,0.0,1.1,3853.434991536772,19.8,1.196,0.0,1.13,3874.5881961829177
1731071074.05,40.4,0.645,0.0,3.45,4245.285267101715,19.8,0.607,0.0,3.41,969.012545068432,7.68,0.632,0.0,0.895,3853.341410386575,20.5,0.978,0.0,0.819,3874.759508666312
1731071074.55,40.3,0.694,0.0,1.44,4245.364705268822,19.8,0.744,0.0,0.818,969.055359615744,7.69,0.726,0.0,0.786,3853.247829299331,19.8,1.002,0.0,0.947,3874.9308238986673
1731071075.05,39.7,0.864,0.0,0.733,4245.557755938459,19.8,0.508,0.0,0.841,969.0981748512364,8.31,0.781,0.0,0.823,3853.154248275042,19.8,1.001,0.0,0.879,3875.1021418796186
1731071075.55,40.3,0.891,0.0,0.777,4245.421506856952,20.5,0.409,0.0,0.717,969.1409907748214,8.32,0.378,0.0,0.941,3853.060667313713,20.5,1.026,0.0,0.929,3875.273462608799
1731071076.05,39.7,0.959,0.0,0.877,4245.692951248004,19.8,0.534,0.0,1.04,969.1838073864014,7.68,0.58,0.0,1.07,3852.9670864153504,19.2,0.642,0.0,0.799,3875.4447860858495
1731071076.55,40.3,1.062,0.0,0.815,4245.312067173016,19.9,0.543,0.0,3.01,969.2266246858884,8.32,0.707,0.0,0.847,3852.873505579959,20.5,0.578,0.0,0.938,3875.6161123104025
1731071077.05,39.0,0.49,0.0,0.934,4245.074233784009,19.8,0.67,0.0,1.31,969.2694426731912,7.69,0.767,0.0,0.898,3852.7799248075416,19.9,0.494,0.0,0.821,3875.7874412820943
1731071077.55,41.0,0.588,0.0,0.773,4245.441939357986,20.5,0.562,0.0,1.05,969.3122613482188,8.31,0.797,0.0,1.04,3852.6863440981024,19.8,0.526,0.0,0.897,3875.95877300056
1731071078.05,39.7,0.603,0.0,0.821,4245.934583011086,19.8,0.552,0.0,0.929,969.3550807108828,7.04,0.437,0.083,0.857,3852.592763451647,20.5,0.539,0.0,0.875,3876.1301074654334
1731071078.55,40.3,0.731,0.0,0.74,4245.981175846511,19.8,0.592,0.0,0.921,969.3979007610864,8.32,0.633,0.0,0.991,3852.49918286818,19.8,0.471,0.0,1.02,3876.3014446763545
1731071079.05,39.7,0.67,0.0,0.976,4245.962411593561,19.8,0.586,0.0,1.06,969.4407214987413,7.69,0.402,0.0,0.889,3852.4056023477074,19.8,0.55,0.0,1.06,3876.472784632958
1731071079.55,40.3,0.726,0.0,0.857,4245.955449914766,20.5,0.766,0.0,1.32,969.4835429237564,7.68,0.871,0.0,0.73,3852.3120218902313,20.5,0.648,0.0,1.18,3876.644127334879
1731071080.05,39.7,0.8,0.0,0.908,4245.693517424354,19.8,0.702,0.0,1.1,969.5263650360404,8.31,1.087,0.0,0.75,3852.218441495758,19.8,0.719,0.0,0.884,3876.8154727817528
1731071080.55,39.7,0.829,0.0,0.801,4246.096522976682,19.8,0.655,0.0,0.978,969.5691878355058,8.32,0.538,0.0,0.891,3852.1248611642886,19.9,0.509,0.0,0.742,3876.9868209732144
1731071081.05,40.3,0.792,0.0,0.946,4246.28569879358,19.8,0.713,0.0,2.8,969.6120113220552,7.68,0.771,0.0,0.783,3852.031280895834,19.8,0.578,0.0,1.09,3877.158171908904
1731071081.55,39.7,0.314,0.0,0.836,4246.531180022647,20.5,0.647,0.0,0.745,969.6548354956004,8.32,0.375,0.0,1.04,3851.937700690394,19.8,0.518,0.0,1.94,3877.329525588456
1731071082.05,40.3,0.264,0.0,0.838,4246.189821416501,19.8,0.687,0.0,0.779,969.6976603560508,7.68,0.92,0.0,0.832,3851.844120547975,20.5,0.605,0.0,2.79,3877.500882011506
1731071082.55,40.3,0.602,0.0,1.26,4246.2289398588,19.9,0.76,0.0,1.11,969.7404859033152,7.69,0.632,0.0,0.82,3851.7505404685808,19.8,0.676,0.0,1.826,3877.6722411776896
1731071083.05,39.7,0.435,0.0,0.81,4246.667721455428,19.8,0.693,0.0,0.709,969.7833121373054,8.31,0.487,0.0,0.808,3851.656960452215,19.8,0.681,0.0,0.862,3877.8436030866415
1731071083.55,40.3,0.307,0.0,1.12,4246.658062893375,19.8,0.508,0.0,1.16,969.8261390579248,7.68,0.745,0.0,0.819,3851.563380498885,19.9,0.661,0.0,1.26,3878.014967738004
1731071084.05,39.7,0.591,0.0,1.13,4246.862436345762,20.5,0.632,0.0,0.833,969.8689666650852,8.32,0.357,0.0,0.89,3851.4698006085937,20.5,0.758,0.0,1.0,3878.1863351314105
1731071084.55,39.7,0.493,0.0,0.936,4246.726742503023,19.8,0.609,0.0,1.03,969.9117949586956,8.32,0.923,0.0,0.854,3851.376220781346,19.9,0.687,0.0,1.36,3878.357705266496
1731071085.05,40.3,0.496,0.0,0.765,4246.321658738855,19.8,0.849,0.0,1.1,969.9546239386652,7.68,0.613,0.0,1.06,3851.2826410171465,19.8,0.666,0.0,1.17,3878.5290781428994
1731071085.55,39.7,0.448,0.0,3.77,4246.787646335981,20.5,0.616,0.0,1.4,969.9974536049064,8.32,0.498,0.0,0.788,3851.1890613159976,19.9,0.779,0.0,0.862,3878.700453760253
1731071086.05,40.3,0.416,0.0,0.897,4247.085373423245,19.8,0.671,0.0,0.883,970.0402839573215,7.68,0.607,0.0,1.4,3851.095481677908,20.5,0.72,0.0,0.777,3878.871832118199
1731071086.55,39.7,0.512,0.0,3.39,4246.614444166066,19.8,0.67,0.0,0.931,970.0831149958234,8.32,0.411,0.0,1.08,3851.00190210288,19.8,0.823,0.0,0.866,3879.043213216373
1731071087.05,40.3,0.679,0.0,0.8,4246.84813346418,19.9,0.748,0.0,3.41,970.1259467203208,7.68,1.051,0.0,1.92,3850.908322590919,19.8,0.867,0.0,0.838,3879.214597054409
1731071087.55,40.3,0.712,0.0,5.66,4246.794608983127,20.5,1.324,0.0,0.864,970.168779130723,8.32,0.623,0.0,0.919,3850.814743142028,20.5,0.974,0.0,0.93,3879.3859836319466
1731071088.05,39.7,0.561,0.0,0.848,4246.537021763889,19.8,0.941,0.0,0.984,970.2116122269422,7.68,0.548,0.0,5.61,3850.721163756212,19.9,0.906,0.0,0.917,3879.55737294862
1731071088.55,40.3,0.707,0.0,3.72,4247.207095189983,19.8,0.94,0.0,1.06,970.2544460088814,7.68,0.375,0.077,1.08,3850.627584433477,19.8,0.767,0.0,1.67,3879.728765004069
1731071089.05,39.7,0.649,0.0,1.13,4246.935667368593,19.9,1.029,0.0,0.894,970.2972804764528,7.68,0.457,0.0,0.783,3850.534005173828,19.8,0.534,0.0,1.12,3879.9001597979295
1731071089.55,40.3,0.741,0.0,1.08,4247.49194991613,20.5,0.925,0.0,0.848,970.3401156295656,8.32,1.113,0.0,1.43,3850.440425977268,19.8,0.568,0.0,1.03,3880.07155732984
1731071090.05,39.7,0.473,0.0,0.992,4247.046859578182,19.8,0.925,0.0,0.799,970.3829514681292,7.69,0.697,0.0,1.6,3850.346846843802,20.5,0.646,0.0,0.718,3880.2429575994342
1731071090.55,40.3,0.677,0.0,0.732,4247.190754588012,19.9,1.171,0.0,0.813,970.4257879920558,8.31,0.612,0.0,1.23,3850.253267773433,19.8,0.761,0.0,1.07,3880.4143606063503
1731071091.05,39.7,0.627,0.0,0.872,4247.4565499067,19.8,1.101,0.0,0.791,970.4686252012484,7.68,0.459,0.0,1.07,3850.159688766168,19.9,0.657,0.0,0.831,3880.585766350229
1731071091.55,40.3,0.559,0.0,0.973,4247.0769867788285,20.5,1.105,0.0,0.769,970.5114630956195,8.32,0.488,0.0,0.815,3850.066109822012,19.9,0.779,0.0,2.13,3880.7571748307055
1731071092.05,38.4,0.661,0.032,0.782,4247.3224612463055,19.2,0.568,0.0,1.96,970.5543016750782,7.68,0.546,0.0,0.895,3849.972530940968,20.5,0.749,0.0,1.07,3880.9285860474174
1731071092.55,40.3,0.693,0.0,0.881,4247.761170176104,20.5,0.436,0.0,0.971,970.597140939534,8.32,0.58,0.0,0.677,3849.878952123041,19.8,0.697,0.0,2.82,3881.100000000001
1731071093.05,39.1,0.988,0.016,0.84,4248.089755466539,19.9,0.447,0.0,2.47,970.6399808888992,7.68,0.656,0.0,1.15,3849.785373368234,19.8,0.831,0.0,1.35,3881.271416688093
1731071093.55,39.7,0.942,0.0,0.782,4247.884419949896,20.5,0.521,0.0,1.14,970.6828215230768,8.32,0.435,0.0,1.14,3849.691794676555,19.9,0.945,0.0,1.28,3881.4428361113337
1731071094.05,40.3,0.705,0.0,0.922,4247.984440040056,19.8,0.536,0.0,1.11,970.7256628419792,7.68,0.555,0.0,2.28,3849.598216048008,20.5,0.837,0.0,1.95,3881.614258269361
1731071094.55,40.3,0.594,0.0,0.793,4247.846819744169,19.8,0.588,0.0,1.31,970.768504845516,8.32,0.56,0.0,0.874,3849.5046374825943,19.8,0.848,0.0,1.37,3881.7856831618105
1731071095.05,37.8,0.708,0.048,0.763,4247.711906498568,19.9,0.61,0.0,7.44,970.8113475335964,7.68,0.656,0.0,0.775,3849.411058980322,19.8,0.965,0.0,2.03,3881.9571107883207
1731071095.55,40.3,0.867,0.0,1.06,4248.22512703135,20.5,0.548,0.0,1.04,970.8541909061332,7.68,0.789,0.0,1.11,3849.3174805411927,19.8,1.032,0.0,5.16,3882.1285411485273
1731071096.05,39.7,0.712,0.0,0.71,4247.855528407444,19.9,0.497,0.0,1.0,970.897034963029,8.32,0.431,0.0,0.863,3849.223902165214,20.5,0.929,0.0,1.7,3882.299974242072
1731071096.55,39.7,0.795,0.016,1.37,4247.916722233033,19.8,0.416,0.0,1.02,970.9398797041968,7.68,0.615,0.0,0.817,3849.130323852389,19.9,1.023,0.0,1.62,3882.471410068592
1731071097.05,39.7,0.991,0.0,0.839,4247.835217249904,19.8,0.443,0.0,1.06,970.9827251295457,8.32,0.695,0.0,0.756,3849.0367456027234,19.8,0.692,0.0,1.42,3882.642848627724
1731071097.55,39.7,1.106,0.0,1.09,4248.302809596004,20.5,0.627,0.0,0.87,971.0255712389852,8.32,0.726,0.0,0.723,3848.94316741622,19.8,0.654,0.0,1.9,3882.8142899191057
1731071098.05,40.3,0.997,0.0,1.34,4248.44191526955,19.9,0.638,0.0,0.727,971.068418032428,7.68,0.779,0.0,0.926,3848.849589292883,20.5,0.434,0.0,1.34,3882.985733942373
1731071098.55,39.7,0.504,0.0,0.705,4248.190030260564,19.8,0.624,0.0,0.861,971.1112655097774,8.32,0.393,0.0,0.809,3848.75601123272,19.8,0.447,0.0,0.978,3883.15718069717
1731071099.05,40.3,0.655,0.0,1.34,4248.844767444912,19.8,0.514,0.0,0.832,971.1541136709455,7.69,0.654,0.0,0.856,3848.6624332357337,19.8,0.479,0.0,1.88,3883.328630183132
1731071099.55,40.3,0.599,0.0,2.0,4248.3709617853865,20.5,0.586,0.0,0.963,971.1969625158424,7.67,0.339,0.0,0.79,3848.56885530193,20.5,0.48,0.0,1.35,3883.5000823998967
1731071100.05,39.7,0.736,0.0,2.35,4248.312914929788,19.9,0.595,0.0,0.929,971.2398120443776,8.32,0.877,0.0,0.774,3848.475277431311,19.8,0.404,0.0,1.84,3883.6715373471034
1731071100.55,40.3,0.726,0.0,0.987,4248.500594963214,19.8,1.022,0.0,2.17,971.282662256463,8.32,0.917,0.0,1.26,3848.381699623882,19.8,0.73,0.0,0.9,3883.842995024386
1731071101.05,39.7,0.718,0.0,1.58,4248.642844188613,19.8,0.749,0.0,2.68,971.3255131520026,7.68,0.471,0.0,0.898,3848.2881218796488,19.8,0.673,0.0,3.59,3884.0144554313897
1731071101.55,39.7,0.857,0.0,1.47,4248.610442958737,20.5,0.75,0.0,0.918,971.3683647309088,7.68,0.72,0.0,8.2,3848.1945441986168,20.4,0.637,0.0,1.23,3884.1859185677504
1731071102.05,40.3,1.023,0.0,3.03,4248.656773091861,19.8,0.671,0.0,2.17,971.4112169930912,8.33,0.614,0.0,0.876,3848.1009665807896,19.9,0.505,0.0,1.13,3884.3573844331063
1731071102.55,39.7,0.586,0.0,1.38,4249.007451450023,19.8,0.702,0.0,1.0,971.4540699384596,8.31,0.951,0.0,0.98,3848.00738902617,19.8,0.576,0.0,0.947,3884.528853027096
1731071103.05,40.3,0.266,0.0,0.802,4248.658439323171,19.9,0.825,0.0,1.57,971.4969235669264,7.68,0.838,0.0,0.854,3847.913811534764,19.8,0.508,0.0,0.811,3884.700324349356
1731071103.55,40.3,0.443,0.0,2.7,4249.331859770224,20.5,0.712,0.0,2.18,971.5397778783952,7.68,0.507,0.0,2.06,3847.8202341065767,20.5,0.788,0.0,0.768,3884.87179839953
1731071104.05,39.7,0.318,0.0,1.68,4248.853458564231,19.8,0.749,0.0,0.767,971.5826328727784,8.32,0.772,0.0,1.31,3847.726656741615,19.9,0.621,0.0,0.866,3885.043275177253
1731071104.55,39.6,0.341,0.0,1.76,4248.846544930537,19.9,0.687,0.0,0.887,971.625488549986,8.32,0.403,0.0,4.22,3847.633079439879,19.8,0.633,0.0,1.23,3885.214754682166
1731071105.05,40.3,0.484,0.0,0.869,4249.0313139088685,19.8,0.717,0.0,0.812,971.6683449099274,7.68,0.948,0.0,1.07,3847.539502201376,19.8,0.659,0.0,1.21,3885.3862369139065
1731071105.55,40.3,0.372,0.0,0.738,4248.996450688599,20.5,0.548,0.0,0.788,971.7112019525156,8.32,0.62,0.0,0.965,3847.4459250261066,20.5,0.721,0.0,1.14,3885.557721872112
1731071106.05,39.7,0.439,0.0,1.13,4249.6038683902425,19.8,0.553,0.0,0.964,971.7540596776538,7.69,0.576,0.0,0.784,3847.352347914081,19.8,0.681,0.0,1.01,3885.729209556424
1731071106.55,40.3,0.428,0.0,0.844,4249.492114852748,19.8,0.62,0.0,0.828,971.7969180852552,7.68,0.654,0.0,1.05,3847.258770865303,19.9,0.705,0.0,0.919,3885.9006999664825
1731071107.05,39.7,0.5,0.0,1.29,4249.621705018253,19.8,0.861,0.0,0.749,971.8397771752292,8.31,0.424,0.0,0.936,3847.1651938797754,19.8,0.753,0.0,1.03,3886.072193101925
1731071107.55,40.3,0.471,0.0,0.863,4249.269194807844,20.5,0.698,0.0,0.771,971.8826369474854,8.32,1.007,0.0,3.25,3847.071616957501,20.5,0.763,0.0,3.35,3886.24368896239
1731071108.05,39.7,0.497,0.0,1.1,4249.310168272765,19.9,0.691,0.0,0.96,971.9254974019368,7.68,0.664,0.0,0.757,3846.978040098487,19.8,0.775,0.0,1.17,3886.415187547516
1731071108.55,40.3,0.524,0.0,0.936,4249.659438092424,19.8,0.713,0.0,0.769,971.9683585384872,7.68,0.586,0.0,0.852,3846.8844633027375,19.8,0.916,0.0,1.08,3886.586688856945
1731071109.05,39.7,0.605,0.0,1.93,4249.971390243559,19.8,0.744,0.0,0.641,972.0112203570492,8.33,0.399,0.0,0.816,3846.790886570259,19.8,0.854,0.0,0.904,3886.758192890317
1731071109.55,40.3,0.622,0.0,0.841,4249.463002075165,20.5,0.785,0.0,1.33,972.0540828575324,7.68,0.452,0.0,0.779,3846.697309901054,19.8,0.93,0.031,0.815,3886.929699647269
1731071110.05,39.7,0.679,0.0,0.741,4250.162269596706,19.8,0.846,0.0,0.773,972.0969460398472,8.31,1.115,0.0,0.956,3846.603733295127,19.9,0.783,0.0,0.834,3887.10120912744
1731071110.55,40.3,0.78,0.0,0.664,4249.833820871601,19.9,0.943,0.0,1.72,972.139809903906,8.32,0.65,0.0,0.823,3846.510156752481,19.8,0.636,0.0,1.49,3887.272721330469
1731071111.05,39.7,0.747,0.0,0.711,4250.297421039263,19.8,0.937,0.0,2.03,972.1826744496124,7.69,0.551,0.0,0.645,3846.416580273125,19.8,0.634,0.0,1.66,3887.444236256
1731071111.55,40.3,0.777,0.0,0.849,4249.82951171291,19.8,0.969,0.0,2.77,972.2255396768796,8.31,0.383,0.0,1.01,3846.32300385706,19.8,0.608,0.0,3.28,3887.61575390367
1731071112.05,39.7,0.63,0.0,0.801,4250.527881027685,20.5,0.961,0.0,1.7,972.2684055856174,7.68,0.472,0.0,0.732,3846.2294275042937,20.5,0.694,0.0,1.13,3887.7872742731183
1731071112.55,40.3,0.649,0.0,0.789,4249.891463678576,19.8,1.08,0.0,1.1,972.3112721757356,7.68,0.52,0.0,0.908,3846.135851214827,19.8,0.646,0.0,1.37,3887.9587973639855
1731071113.05,39.7,0.724,0.0,0.898,4250.381263115341,19.8,0.742,0.0,2.73,972.3541394471472,8.32,0.586,0.0,0.965,3846.0422749886666,19.8,0.872,0.0,3.25,3888.130323175909
1731071113.55,40.3,0.921,0.0,4.08,4250.377935291683,19.8,0.417,0.0,1.36,972.397007399756,7.68,0.701,0.0,0.895,3845.948698825817,19.8,0.795,0.0,1.07,3888.301851708532
1731071114.05,39.7,0.838,0.0,1.7,4250.234497208407,20.5,0.662,0.0,5.05,972.4398760334748,8.31,0.456,0.0,0.862,3845.855122726284,20.5,0.867,0.0,5.64,3888.473382961493
1731071114.55,40.3,0.898,0.0,1.04,4250.226563102629,19.9,0.513,0.0,2.05,972.4827453482136,7.69,0.524,0.0,0.829,3845.761546690071,19.8,0.778,0.0,1.01,3888.644916934433
1731071115.05,39.7,0.961,0.0,0.961,4250.400548634377,19.8,0.632,0.0,1.13,972.5256153438826,8.31,0.597,0.0,0.801,3845.667970717181,19.9,0.893,0.0,1.26,3888.816453626991
1731071115.55,39.7,0.532,0.0,1.04,4250.826032517844,20.5,0.48,0.0,2.12,972.5684860203944,7.69,0.683,0.0,0.882,3845.57439480762,20.5,0.74,0.0,1.81,3888.987993038805
1731071116.05,40.3,0.657,0.0,0.87,4250.950736030112,19.9,0.785,0.0,1.67,972.6113573776532,8.31,0.69,0.0,0.748,3845.480818961394,19.8,0.897,0.0,1.63,3889.15953516952
1731071116.55,40.3,0.76,0.0,0.745,4251.139985673784,19.8,0.548,0.0,1.53,972.654229415572,7.69,0.359,0.0,0.852,3845.387243178508,19.9,0.895,0.0,1.39,3889.3310800187737
1731071117.05,39.7,0.749,0.0,0.777,4251.083121554631,19.8,0.543,0.0,2.0,972.6971021340604,8.31,0.915,0.0,1.33,3845.2936674589632,19.8,0.978,0.0,1.54,3889.5026275862074
1731071117.55,40.3,0.745,0.0,0.878,4250.928478154058,19.8,0.464,0.0,0.879,972.7399755330288,8.32,0.76,0.0,0.828,3845.200091802767,19.9,0.951,0.0,1.72,3889.6741778714586
1731071118.05,39.7,1.011,0.0,0.868,4251.18117423776,20.5,0.525,0.0,1.27,972.7828496123904,7.69,0.931,0.0,1.37,3845.1065162099208,20.5,0.761,0.0,1.11,3889.845730874169
1731071118.55,40.3,0.908,0.0,0.93,4250.914156561478,19.8,0.477,0.0,3.1,972.8257243720486,8.31,0.824,0.0,0.834,3845.0129406804335,19.8,0.769,0.0,5.6,3890.01728659398
1731071119.05,39.7,1.062,0.0,0.874,4251.498021537743,19.9,0.504,0.0,9.97,972.8685998119172,7.69,0.435,0.0,0.863,3844.919365214309,19.8,0.667,0.0,1.18,3890.188845030534
1731071119.55,40.3,1.061,0.0,1.61,4251.127110556688,20.5,0.568,0.0,0.903,972.9114759319056,8.31,0.609,0.0,0.81,3844.825789811549,19.8,0.455,0.0,1.67,3890.360406183469
1731071120.05,39.7,0.779,0.0,1.21,4251.476303011707,19.9,0.625,0.0,0.801,972.954352731924,7.68,0.485,0.0,0.943,3844.7322144721606,20.5,0.451,0.0,0.901,3890.5319700524255
1731071120.55,40.3,0.539,0.0,0.873,4251.342777621875,19.8,0.511,0.0,0.713,972.9972302118864,8.32,0.728,0.0,0.8,3844.6386391961455,19.2,0.427,0.032,2.36,3890.703536637043
1731071121.05,39.7,0.654,0.0,0.675,4251.4379202345535,19.9,0.511,0.0,0.726,973.0401083716956,7.68,0.798,0.0,0.742,3844.5450639835135,19.8,0.495,0.0,3.05,3890.8751059369656
1731071121.55,40.3,0.649,0.0,1.48,4251.754656072711,20.5,0.595,0.0,1.07,973.0829872112656,8.32,0.381,0.0,0.828,3844.451488834265,20.5,0.441,0.0,3.69,3891.0466779518338
1731071122.05,39.7,0.7,0.0,0.941,4251.508865299526,19.8,0.553,0.0,0.838,973.125866730506,7.68,0.676,0.0,0.966,3844.357913748407,19.8,0.523,0.0,0.883,3891.2182526812862
1731071122.55,40.3,0.791,0.0,1.17,4251.732548029935,19.8,0.594,0.0,0.733,973.1687469293277,8.32,0.341,0.0,0.752,3844.2643387259423,19.9,0.506,0.0,0.693,3891.3898301249656
1731071123.05,39.7,0.816,0.0,0.948,4251.800886340955,19.9,0.714,0.0,1.16,973.211627807643,7.68,0.838,0.0,0.774,3844.170763766874,19.8,0.508,0.0,0.811,3891.561410282509
1731071123.55,40.3,0.875,0.0,0.701,4251.722520814596,20.5,0.648,0.0,0.824,973.2545093653569,8.32,0.857,0.0,0.933,3844.077188871212,20.5,0.515,0.0,0.826,3891.732993153564
1731071124.05,39.0,0.418,0.0,1.2,4251.8016846566425,19.8,0.702,0.0,0.759,973.2973916023816,7.68,0.426,0.0,1.07,3843.9836140389566,19.8,0.525,0.0,1.73,3891.904578737768
1731071124.55,41.0,0.501,0.0,1.01,4251.693749764833,19.8,0.789,0.0,0.864,973.3402745186283,8.33,0.771,0.0,1.82,3843.8900392701153,19.9,0.671,0.0,0.954,3892.076167034762
1731071125.05,39.7,0.337,0.0,2.19,4251.79040188186,19.8,0.933,0.0,0.784,973.3831581140068,7.68,0.724,0.0,1.17,3843.79646456469,19.8,0.646,0.0,2.02,3892.247758044188
1731071125.55,40.3,0.79,0.0,1.53,4252.242177312505,20.5,0.767,0.0,0.835,973.4260423884303,8.32,1.362,0.0,1.75,3843.702889922684,19.8,0.57,0.0,0.957,3892.419351765685
1731071126.05,39.7,0.725,0.0,0.998,4251.886679524245,19.8,0.708,0.0,0.771,973.4689273418034,7.68,0.836,0.0,5.08,3843.609315344107,20.5,0.653,0.0,0.948,3892.590948198898
1731071126.55,40.3,0.56,0.0,3.5,4251.986329734358,19.8,0.593,0.0,1.18,973.5118129740388,8.32,0.607,0.0,0.997,3843.5157408289615,19.8,0.692,0.0,4.32,3892.7625473434673
1731071127.05,39.7,0.556,0.0,0.868,4252.274381509755,19.8,0.544,0.0,0.846,973.5546992850471,7.68,1.047,0.0,1.45,3843.422166377252,19.8,0.666,0.0,0.731,3892.9341491990335
1731071127.55,39.7,0.531,0.016,1.55,4252.263128338061,20.5,0.593,0.0,0.8,973.5975862747388,7.69,0.615,0.0,1.2,3843.328591988981,19.8,0.705,0.0,1.09,3893.105753765239
1731071128.05,39.7,0.619,0.0,0.908,4252.520112545344,19.8,0.657,0.0,0.827,973.6404739430272,8.31,1.211,0.0,7.24,3843.235017664155,20.5,0.686,0.0,0.79,3893.2773610417216
1731071128.55,40.3,0.435,0.0,0.872,4252.242695754646,19.8,0.877,0.0,0.854,973.683362289816,8.32,0.839,0.0,1.48,3843.1414434027774,19.8,0.881,0.0,1.02,3893.4489710281287
1731071129.05,39.7,0.506,0.0,0.977,4252.788053835064,19.8,0.736,0.0,0.897,973.7262513150192,7.68,0.644,0.0,1.25,3843.047869204858,19.8,0.862,0.0,0.858,3893.6205837241
1731071129.55,40.3,0.638,0.0,1.0,4252.535441774043,20.5,0.675,0.0,0.852,973.769141018547,7.68,0.45,0.0,1.57,3842.954295070396,19.9,0.971,0.0,0.786,3893.792199129276
1731071130.05,39.7,0.572,0.0,1.57,4252.7433518178,19.8,0.72,0.0,0.856,973.8120314003096,8.32,0.451,0.0,0.9,3842.860720999397,20.5,0.869,0.0,0.945,3893.963817243299
1731071130.55,40.3,0.735,0.0,4.88,4252.811766491828,19.8,0.957,0.0,0.894,973.8549224602208,7.69,1.151,0.0,0.889,3842.7671469918646,19.8,1.158,0.0,0.848,3894.1354380658095
1731071131.05,39.7,0.71,0.0,0.916,4252.719386061185,19.8,1.012,0.0,0.657,973.8978141981844,8.32,0.73,0.0,1.81,3842.6735730478063,19.8,0.722,0.0,0.808,3894.307061596453
1731071131.55,40.3,0.576,0.0,0.716,4252.88506753698,20.5,1.056,0.0,0.734,973.9407066141142,8.31,0.587,0.0,1.04,3842.5799991672266,19.8,0.531,0.0,0.732,3894.4786878348687
1731071132.05,39.7,0.782,0.0,1.08,4252.771498847202,19.8,0.885,0.0,0.734,973.9835997079206,7.69,0.441,0.0,1.85,3842.486425350128,20.5,0.535,0.0,0.856,3894.6503167807
1731071132.55,39.7,0.531,0.0,0.724,4253.022176173699,19.8,0.916,0.0,0.865,974.026493479514,7.68,0.549,0.0,7.13,3842.392851596516,19.9,0.616,0.0,1.11,3894.821948433588
1731071133.05,40.3,0.847,0.0,1.41,4252.6930070244925,19.8,1.083,0.0,1.0,974.069387928808,8.32,0.89,0.0,1.0,3842.299277906394,19.8,0.719,0.0,0.883,3894.993582793172
1731071133.55,39.7,0.604,0.0,1.23,4253.231798499924,20.5,0.953,0.0,1.28,974.1122830557068,7.67,0.608,0.0,1.57,3842.205704279769,19.9,0.66,0.0,1.49,3895.165219859101
1731071134.05,39.7,0.596,0.016,2.15,4253.129509293539,19.8,1.122,0.0,1.63,974.155178860124,8.32,0.636,0.0,1.2,3842.112130716645,20.4,0.727,0.0,1.01,3895.336859631013
1731071134.55,39.7,0.631,0.0,1.07,4253.4911497952735,19.8,0.746,0.0,0.765,974.19807534197,8.32,0.585,0.0,0.914,3842.0185572170262,19.9,0.676,0.0,1.01,3895.508502108551
1731071135.05,40.3,0.738,0.0,1.23,4253.230630599749,19.8,0.515,0.0,1.19,974.2409725011556,7.68,0.711,0.0,1.5,3841.924983780918,19.8,0.753,0.0,0.773,3895.6801472913567
1731071135.55,40.3,0.745,0.0,1.95,4252.911866089832,20.5,0.75,0.0,1.72,974.2838703375944,8.32,0.644,0.0,1.39,3841.831410408322,19.8,0.809,0.0,0.987,3895.851795179072
1731071136.05,39.7,1.141,0.0,6.7,4253.644837568984,19.8,0.661,0.0,1.28,974.3267688511904,7.69,0.685,0.0,1.58,3841.7378370992474,20.5,1.059,0.0,0.868,3896.023445771341
1731071136.55,39.7,0.686,0.0,3.72,4253.391013344297,19.8,0.576,0.0,0.967,974.3696680418576,8.31,0.662,0.0,1.05,3841.644263853695,19.8,0.85,0.0,0.959,3896.195099067808
1731071137.05,40.4,0.694,0.0,2.44,4253.407875004222,19.8,0.519,0.0,2.85,974.4125679095066,7.68,0.521,0.0,4.05,3841.550690671673,19.9,1.155,0.0,1.05,3896.366755068112
1731071137.55,40.3,0.622,0.0,1.82,4253.655638302832,19.8,0.685,0.0,5.02,974.4554684540476,7.68,0.611,0.0,1.8,3841.457117553182,19.9,0.924,0.0,0.926,3896.538413771897
1731071138.05,39.7,0.728,0.0,2.95,4253.28507269898,20.5,0.599,0.0,3.84,974.4983696753948,8.32,0.605,0.0,0.931,3841.363544498229,20.5,1.046,0.0,1.97,3896.710075178803
1731071138.55,40.3,0.846,0.0,3.45,4253.6331098827295,19.8,0.567,0.0,0.877,974.5412715734524,7.69,0.749,0.0,1.06,3841.269971506819,19.8,1.139,0.0,5.34,3896.8817392884794
1731071139.05,39.7,1.185,0.0,1.12,4253.81556890154,19.8,0.452,0.0,1.26,974.5841741481338,8.31,0.744,0.0,1.17,3841.176398578956,19.8,1.213,0.0,0.82,3897.053406100563
1731071139.55,39.7,0.833,0.0,1.02,4253.982873331225,20.5,0.455,0.0,1.62,974.62707739935,8.33,0.355,0.0,1.12,3841.082825714645,20.5,1.01,0.0,4.17,3897.2250756147
1731071140.05,40.3,0.911,0.0,0.885,4253.849352667971,19.8,0.469,0.0,1.8,974.6699813270118,7.67,0.686,0.0,0.947,3840.98925291389,19.2,0.433,0.0,0.869,3897.396747830532
1731071140.55,40.3,1.092,0.0,2.83,4253.790165799765,19.8,0.632,0.0,0.814,974.7128859310328,8.32,1.153,0.0,0.87,3840.895680176696,20.5,0.457,0.0,3.68,3897.5684227477
1731071141.05,39.0,0.501,0.0,10.9,4253.917841266751,19.8,0.666,0.0,0.97,974.7557912113172,7.69,1.214,0.0,0.87,3840.802107503066,19.8,0.383,0.0,0.969,3897.740100365851
1731071141.55,41.0,0.541,0.0,1.47,4254.506328060068,20.5,0.586,0.0,0.777,974.7986971677792,8.31,0.961,0.0,0.879,3840.708534893009,19.8,0.458,0.0,1.37,3897.911780684627
1731071142.05,39.7,0.674,0.0,0.885,4254.5278131678815,19.8,0.569,0.0,0.787,974.8416038003296,7.68,0.482,0.0,0.85,3840.614962346525,20.5,0.572,0.0,0.763,3898.083463703671
1731071142.55,40.3,0.548,0.0,1.89,4254.040260965611,19.9,0.59,0.0,0.851,974.8845111088788,7.69,0.713,0.0,0.932,3840.5213898636216,19.2,0.57,0.032,0.803,3898.255149422624
1731071143.05,39.7,0.708,0.0,1.27,4254.110301204737,19.8,0.653,0.0,0.908,974.9274190933407,8.32,0.334,0.0,0.893,3840.4278174443,19.8,0.753,0.0,1.11,3898.42683784113
1731071143.55,40.3,0.829,0.0,1.84,4254.668538458824,20.5,0.606,0.0,0.849,974.97032775362,8.31,0.816,0.0,8.69,3840.33424508857,19.8,0.554,0.0,1.11,3898.5985289588352
1731071144.05,39.1,0.798,0.016,0.814,4254.355825041599,19.9,0.657,0.0,0.926,975.0132370896304,7.68,0.977,0.0,1.01,3840.240672796433,20.5,0.505,0.0,4.05,3898.7702227753816
1731071144.55,40.3,0.868,0.0,2.202,4254.562957297172,19.8,0.623,0.0,0.755,975.056147101283,8.32,0.479,0.0,0.87,3840.147100567894,19.9,0.496,0.0,1.06,3898.941919290413
1731071145.05,39.7,0.987,0.0,3.59,4254.685253974726,19.8,0.918,0.0,1.56,975.0990577884884,7.68,0.751,0.0,1.24,3840.0535284029575,19.8,0.859,0.0,0.787,3899.1136185035703
1731071145.55,39.7,0.508,0.0,3.21,4254.616214739637,19.9,0.97,0.0,0.865,975.1419691511604,7.68,0.411,0.0,0.923,3839.9599563016272,20.5,0.582,0.0,0.735,3899.2853204144976
1731071146.05,40.3,0.318,0.0,3.56,4254.878981316455,20.5,0.82,0.0,0.873,975.1848811892036,8.32,1.093,0.0,1.75,3839.866384263911,19.8,0.632,0.0,0.926,3899.457025022842
1731071146.55,40.3,0.476,0.0,2.59,4254.825735849108,19.8,0.754,0.0,0.736,975.2277939025324,7.68,0.682,0.0,0.851,3839.77281228981,19.9,0.745,0.0,0.807,3899.628732328245
1731071147.05,39.7,0.36,0.0,6.04,4255.266647752089,19.8,0.734,0.0,3.76,975.2707072910572,8.31,0.552,0.0,1.38,3839.679240379332,19.8,0.719,0.0,0.725,3899.800442330352
1731071147.55,40.3,0.326,0.0,4.28,4255.075038742035,19.8,0.94,0.0,1.31,975.313621354689,8.32,0.843,0.0,0.881,3839.58566853248,20.5,0.584,0.0,1.05,3899.972155028803
1731071148.05,39.1,0.533,0.016,1.26,4254.668859521582,20.5,0.785,0.0,1.36,975.3565360933418,7.68,0.451,0.0,1.69,3839.492096749256,19.8,0.75,0.0,0.869,3900.143870423243
1731071148.55,39.7,0.419,0.0,0.895,4254.681206324295,19.8,0.678,0.0,0.856,975.3994515069204,7.69,1.051,0.0,0.832,3839.398525029669,19.9,0.75,0.0,0.999,3900.315588513319
1731071149.05,40.3,0.513,0.0,0.958,4255.198394911366,19.8,0.617,0.0,0.941,975.4423675953389,8.31,0.618,0.0,1.29,3839.304953373722,19.8,0.716,0.0,1.05,3900.4873092986727
1731071149.55,40.1,0.424,0.0,0.784,4255.218552196977,20.5,0.623,0.0,0.813,975.4852843585078,7.68,0.523,0.0,0.758,3839.2113817814206,20.5,0.865,0.0,1.43,3900.6590327789486
1731071150.05,40.0,0.549,0.0,0.996,4255.430559763828,19.8,0.668,0.0,0.855,975.5282017963384,8.33,0.821,0.0,1.11,3839.117810252768,19.8,0.792,0.0,1.14,3900.830758953791
1731071150.55,40.3,0.492,0.0,0.871,4255.539118051255,19.8,0.684,0.0,0.908,975.5711199087448,7.68,0.54,0.0,0.831,3839.024238787768,19.9,0.787,0.0,0.829,3901.002487822841
1731071151.05,39.7,0.546,0.0,1.29,4255.317595873663,19.8,0.718,0.0,0.762,975.6140386956316,8.32,1.094,0.0,0.952,3838.930667386426,19.8,0.914,0.0,0.892,3901.174219385747
1731071151.55,40.3,0.511,0.0,0.851,4255.291037178413,20.5,0.759,0.0,0.881,975.6569581569128,7.69,0.714,0.0,0.831,3838.83709604875,20.5,0.799,0.0,0.83,3901.345953642153
1731071152.05,39.7,0.566,0.0,0.863,4255.185015654512,19.8,0.72,0.0,0.814,975.6998782924998,8.32,0.564,0.0,1.24,3838.743524774741,19.8,0.825,0.0,0.845,3901.5176905917015
1731071152.55,40.3,0.703,0.0,0.824,4255.906061516912,19.8,0.817,0.0,0.791,975.7427991023033,8.32,0.352,0.0,0.773,3838.649953564404,19.9,0.813,0.0,0.792,3901.689430234037
1731071153.05,39.0,0.465,0.016,0.822,4255.520137668467,19.8,0.912,0.0,0.861,975.7857205862372,7.68,0.447,0.0,1.29,3838.556382417744,19.8,0.676,0.0,1.05,3901.861172568803
1731071153.55,40.3,0.822,0.0,0.915,4255.797194076688,20.5,0.912,0.0,0.817,975.8286427442072,7.68,0.829,0.0,0.939,3838.462811334766,20.5,0.759,0.0,0.828,3902.032917595647
1731071154.05,39.7,0.442,0.0,0.829,4256.0861999104745,19.9,0.942,0.0,0.874,975.8715655761264,8.31,0.632,0.0,2.91,3838.369240315476,19.9,0.579,0.0,1.02,3902.204665314212
1731071154.55,40.3,0.67,0.0,0.731,4255.987504061131,19.8,1.022,0.0,0.731,975.9144890819066,7.69,0.606,0.0,1.11,3838.275669359876,19.8,0.824,0.0,0.837,3902.376415724143
1731071155.05,39.7,0.56,0.0,1.25,4255.79140767022,19.8,1.181,0.0,0.749,975.9574132614588,8.31,0.399,0.0,0.846,3838.182098467972,19.8,0.734,0.0,0.834,3902.548168825083
1731071155.55,40.3,0.617,0.0,0.783,4255.87330722232,20.5,1.072,0.0,0.776,976.0003381146968,7.68,0.518,0.077,0.735,3838.088527639767,20.5,0.692,0.0,0.836,3902.719924616676
1731071156.05,39.7,0.857,0.0,1.19,4256.092537388993,19.2,0.514,0.0,0.774,976.043263641526,7.68,0.564,0.0,0.854,3837.9949568752686,19.8,0.881,0.0,3.27,3902.891683098571
1731071156.55,40.3,0.789,0.0,0.787,4256.578472466178,20.5,0.519,0.0,0.945,976.0861898418602,8.31,0.776,0.0,0.768,3837.901386174481,19.8,0.828,0.0,8.14,3903.0634442704095
1731071157.05,39.7,0.704,0.0,0.747,4256.330603385027,19.9,0.547,0.0,1.0,976.129116715611,7.68,0.838,0.0,1.639,3837.807815537407,19.8,0.775,0.0,1.03,3903.23520813184
1731071157.55,40.3,0.964,0.0,0.761,4256.2957199052535,20.5,0.531,0.0,1.73,976.1720442626892,8.32,0.543,0.0,2.51,3837.714244964052,20.5,0.945,0.0,1.12,3903.406974682503
1731071158.05,39.7,0.708,0.0,1.07,4256.165001146615,19.8,0.545,0.0,0.809,976.2149724830092,7.68,0.65,0.0,2.14,3837.62067445442,19.8,0.933,0.0,0.848,3903.5787439220426
1731071158.55,40.3,0.657,0.0,1.35,4256.489568675939,19.8,0.595,0.0,0.867,976.257901376476,8.32,0.607,0.0,4.43,3837.527104008517,19.8,0.914,0.0,1.0,3903.750515850109
1731071159.05,39.7,0.636,0.0,1.31,4256.7816475873415,19.8,0.524,0.0,0.822,976.300830943004,7.68,0.703,0.0,2.43,3837.433533626348,19.8,1.05,0.0,0.819,3903.9222904663457
1731071159.55,40.3,0.742,0.0,0.833,4256.226863245503,19.8,0.744,0.0,1.26,976.3437611825042,7.69,0.702,0.0,0.855,3837.339963307917,19.9,0.95,0.0,1.17,3904.094067770397
1731071160.05,39.7,0.825,0.0,0.866,4256.556244570301,20.5,0.594,0.0,2.46,976.386692094888,8.32,0.597,0.0,0.955,3837.246393053228,20.5,1.034,0.0,0.83,3904.265847761908
1731071160.55,39.7,0.923,0.016,0.862,4256.389480574603,19.8,0.551,0.0,1.38,976.4296236800697,7.68,0.684,0.0,0.781,3837.152822862284,19.8,1.076,0.0,2.53,3904.4376304405214
1731071161.05,39.7,0.919,0.0,0.761,4256.81548371724,19.9,0.611,0.0,1.37,976.4725559379544,8.31,0.763,0.0,0.884,3837.0592527350937,19.8,0.881,0.0,1.33,3904.609415805888
1731071161.55,40.3,0.823,0.0,0.824,4257.161701156889,20.5,0.494,0.0,0.773,976.515488868456,7.69,0.783,0.0,0.871,3836.96568267166,19.9,0.458,0.0,1.15,3904.7812038576494
1731071162.05,39.7,1.197,0.0,0.872,4256.513378544817,19.8,0.597,0.0,0.808,976.5584224714868,8.31,0.782,0.0,0.849,3836.872112671989,20.5,0.57,0.0,2.16,3904.952994595454
1731071162.55,39.7,0.544,0.0,0.762,4256.817642012664,19.8,0.511,0.0,0.842,976.6013567469572,7.68,0.422,0.0,0.818,3836.778542736081,19.9,0.415,0.0,0.866,3905.124788018944
1731071163.05,40.3,0.634,0.0,0.839,4256.831499625483,19.8,0.517,0.0,1.14,976.644291694782,8.33,0.686,0.0,0.857,3836.684972863943,19.8,0.544,0.0,1.49,3905.2965841277655
1731071163.55,40.3,0.601,0.0,0.886,4257.224703257547,20.5,0.55,0.0,8.46,976.6872273148664,7.67,0.368,0.0,0.984,3836.591403055581,19.8,0.621,0.0,1.21,3905.4683829215664
1731071164.05,39.7,0.625,0.0,1.18,4257.23884769045,19.8,0.635,0.0,1.02,976.7301636071244,8.32,0.982,0.0,1.3,3836.497833311,20.5,0.468,0.0,2.28,3905.640184399992
1731071164.55,40.3,0.684,0.0,0.734,4256.78834624092,19.8,0.84,0.0,0.894,976.7731005714678,8.33,0.901,0.0,0.916,3836.404263630204,19.8,0.48,0.0,1.36,3905.811988562686
1731071165.05,39.7,0.782,0.0,0.838,4257.172245610562,19.8,0.61,0.0,0.912,976.816038207808,7.68,0.466,0.0,1.03,3836.310694013195,19.8,0.5,0.0,4.87,3905.983795409296
1731071165.55,40.3,0.821,0.0,1.51,4257.076878215173,20.5,0.661,0.0,0.81,976.8589765160592,8.31,0.705,0.0,0.922,3836.21712445998,19.8,0.567,0.0,2.39,3906.155604939464
1731071166.05,39.7,0.953,0.0,1.09,4257.739544691088,19.8,0.648,0.0,0.886,976.9019154961264,7.68,0.39,0.0,1.67,3836.1235549705634,20.5,0.597,0.0,0.848,3906.3274171528415
1731071166.55,39.0,0.636,0.016,2.29,4257.713259399118,19.8,0.652,0.0,0.746,976.944855147925,7.69,0.89,0.0,3.23,3836.029985544952,19.9,0.614,0.0,1.25,3906.499232049073
1731071167.05,40.2,0.563,0.0,1.15,4257.396591554671,19.8,0.747,0.0,0.855,976.9877954713656,8.31,0.713,0.0,0.751,3835.936416183147,19.8,0.535,0.0,0.765,3906.671049627804
1731071167.55,40.4,0.488,0.0,0.818,4257.466389737542,20.5,0.695,0.0,1.54,977.03073646636,8.32,0.44,0.0,4.12,3835.8428468851534,19.8,0.574,0.0,0.892,3906.842869888679
1731071168.05,39.7,0.285,0.0,1.12,4257.731553230081,19.8,0.819,0.0,0.764,977.0736781328226,7.68,0.736,0.0,0.838,3835.749277650977,20.5,0.633,0.0,0.966,3907.014692831343
1731071168.55,40.3,0.38,0.0,1.22,4257.862329150137,19.8,0.852,0.0,0.997,977.1166204706586,8.32,0.393,0.0,3.49,3835.655708480624,19.8,0.616,0.0,1.04,3907.186518455447
1731071169.05,39.7,0.45,0.0,8.74,4257.425953319703,19.8,0.782,0.0,0.897,977.159563479783,7.68,1.004,0.0,0.823,3835.562139374097,19.8,0.703,0.0,0.93,3907.3583467606345
1731071169.55,40.3,0.438,0.0,1.08,4257.522924809218,20.5,0.808,0.0,2.27,977.202507160107,8.32,0.681,0.0,3.22,3835.468570331401,20.5,0.616,0.0,1.64,3907.530177746553
1731071170.05,39.7,0.533,0.0,0.859,4257.848939659227,19.8,0.706,0.0,0.766,977.245451511542,7.68,0.543,0.0,0.81,3835.375001352541,19.8,0.642,0.0,0.793,3907.702011412847
1731071170.55,39.7,0.386,0.0,2.89,4258.216293977999,19.8,0.639,0.0,0.971,977.2883965340028,8.32,0.811,0.0,3.69,3835.28143243752,19.8,0.683,0.0,0.775,3907.8738477591614
1731071171.05,40.3,0.602,0.0,2.42,4257.673919166391,19.8,0.629,0.0,0.789,977.3313422273948,7.68,0.408,0.0,1.21,3835.1878635863454,19.8,0.78,0.0,0.756,3908.045686785147
1731071171.55,40.3,0.509,0.0,4.74,4258.475148852603,20.5,0.686,0.0,0.864,977.3742885916326,8.32,1.022,0.0,1.32,3835.0942947990206,20.5,0.858,0.0,0.904,3908.2175284904497
1731071172.05,39.7,0.585,0.0,2.18,4258.043599793047,19.8,0.806,0.0,0.968,977.4172356266278,7.68,0.687,0.0,0.848,3835.000726075552,19.8,0.915,0.0,0.755,3908.389372874715
1731071172.55,40.3,0.491,0.0,2.83,4258.186627710919,19.8,0.705,0.0,0.833,977.460183332292,8.32,0.54,0.0,0.807,3834.90715741594,19.8,0.838,0.0,0.716,3908.561219937588
1731071173.05,39.7,0.548,0.0,2.81,4258.470149839043,19.8,0.867,0.0,0.947,977.5031317085396,7.68,0.395,0.0,0.899,3834.813588820192,19.8,1.011,0.0,0.802,3908.7330696787153
1731071173.55,40.3,0.497,0.0,1.3,4258.44360873652,20.5,0.827,0.0,0.785,977.5460807552764,8.32,0.423,0.0,0.825,3834.7200202883128,19.8,0.722,0.0,0.717,3908.904922097747
1731071174.05,39.7,0.78,0.0,0.803,4258.037640450392,19.8,0.876,0.0,0.665,977.5890304724168,7.68,1.156,0.0,0.82,3834.626451820307,20.5,0.685,0.0,0.982,3909.0767771943288
1731071174.55,40.3,0.783,0.0,1.17,4258.195622237018,19.8,0.842,0.0,0.927,977.6319808598728,8.32,0.69,0.0,0.769,3834.532883416181,19.8,0.743,0.0,1.16,3909.248634968106
1731071175.05,39.7,0.743,0.0,0.792,4258.914043492765,19.8,0.862,0.0,0.837,977.674931917556,7.69,0.565,0.0,0.998,3834.439315075935,19.9,0.74,0.0,1.6,3909.420495418727
1731071175.55,39.7,0.582,0.0,0.846,4258.827633250273,20.5,1.005,0.0,1.12,977.7178836453808,7.68,0.396,0.0,0.838,3834.345746799576,19.8,0.656,0.0,1.06,3909.592358545836
1731071176.05,40.3,0.572,0.0,0.899,4258.4798614601705,19.8,1.006,0.0,0.897,977.7608360432532,8.31,0.468,0.0,0.86,3834.2521785871095,20.5,0.616,0.0,0.98,3909.764224349084
1731071176.55,40.3,0.624,0.0,0.949,4258.643299370212,19.8,1.045,0.0,1.73,977.8037891110874,7.68,0.514,0.0,0.803,3834.158610438541,19.9,0.697,0.0,0.868,3909.9360928281167
1731071177.05,39.7,0.825,0.0,3.31,4258.784267149309,19.8,0.715,0.0,0.807,977.8467428487957,8.32,0.586,0.0,0.861,3834.0650423538727,19.8,0.822,0.0,0.865,3910.107963982581
1731071177.55,40.3,0.655,0.0,0.861,4259.079113958673,19.8,0.499,0.0,0.879,977.8896972562897,8.32,0.594,0.0,0.857,3833.97147433311,19.9,0.759,0.0,1.19,3910.279837812124
1731071178.05,39.7,0.782,0.0,0.944,4258.85033316032,20.5,0.637,0.0,0.856,977.9326523334836,7.69,0.402,0.0,0.79,3833.8779063762577,20.5,0.781,0.0,0.881,3910.45171431639
1731071178.55,40.3,0.724,0.0,0.823,4258.9183146612295,19.8,0.531,0.0,0.777,977.975608080284,7.68,0.559,0.0,0.881,3833.784338483321,19.8,0.743,0.0,0.89,3910.623593495032
1731071179.05,39.7,0.857,0.0,0.804,4259.163057339117,19.8,0.532,0.0,0.796,978.018564496605,8.32,0.553,0.0,0.721,3833.690770654305,19.8,0.901,0.0,0.927,3910.795475347695
1731071179.55,39.7,0.555,0.0,0.934,4259.044530945003,20.5,0.656,0.0,0.881,978.0615215823588,7.68,0.632,0.0,1.01,3833.597202889214,19.8,0.823,0.0,1.37,3910.9673598740255
1731071180.05,40.3,0.623,0.0,0.846,4258.947262699687,19.8,0.593,0.0,0.769,978.1044793374568,8.32,0.746,0.0,0.813,3833.5036351880512,20.5,0.862,0.0,8.1,3911.139247073672
1731071180.55,40.3,0.726,0.0,0.855,4259.328392040928,19.8,0.539,0.0,0.79,978.1474377618144,7.68,0.361,0.0,0.898,3833.4100675508216,19.8,0.969,0.0,1.02,3911.311136946279
1731071181.05,39.7,0.783,0.0,1.01,4259.391466758576,19.8,0.506,0.0,1.22,978.1903968553368,8.31,0.537,0.0,0.79,3833.316499977532,19.8,0.986,0.0,0.995,3911.483029491499
1731071181.55,40.3,0.751,0.0,0.859,4259.496131487632,19.8,0.488,0.0,2.88,978.2333566179392,8.32,0.559,0.0,0.967,3833.222932468186,20.5,0.962,0.0,1.21,3911.654924708978
1731071182.05,39.7,0.847,0.0,1.56,4259.589423981135,20.5,0.51,0.0,1.33,978.2763170495332,7.68,0.692,0.0,0.835,3833.129365022788,19.8,1.16,0.0,0.829,3911.826822598363
1731071182.55,40.3,1.023,0.0,0.72,4260.028844310052,19.8,0.469,0.0,0.719,978.3192781500308,8.31,0.73,0.0,0.742,3833.035797641343,19.8,0.899,0.0,0.853,3911.998723159302
1731071183.05,39.7,1.145,0.0,0.684,4259.887880675937,19.8,0.467,0.0,0.777,978.3622399193472,7.68,0.497,0.0,0.897,3832.942230323853,19.8,0.411,0.0,0.763,3912.17062639144
1731071183.55,39.7,0.747,0.0,0.775,4259.420673044088,20.5,0.453,0.0,3.27,978.405202357388,8.32,0.629,0.0,0.797,3832.848663070328,19.8,0.406,0.0,1.89,3912.34253229443
1731071184.05,40.4,0.624,0.0,0.754,4260.042131720422,19.8,0.562,0.0,3.09,978.448165464068,7.68,0.563,0.0,0.808,3832.755095880768,20.5,0.64,0.0,1.45,3912.5144408679184
1731071184.55,40.3,0.794,0.0,0.836,4260.087569724294,19.8,0.53,0.0,4.35,978.4911292392992,7.68,0.996,0.0,0.819,3832.661528755181,19.8,0.561,0.0,4.65,3912.686352111552
1731071185.05,39.7,0.647,0.0,1.21,4259.9980268120935,19.8,0.666,0.0,0.913,978.5340936829936,8.32,0.923,0.0,0.902,3832.5679616935695,19.8,0.831,0.0,1.01,3912.85826602498
1731071185.55,40.3,0.761,0.0,0.828,4260.246327759287,19.8,0.623,0.0,0.7,978.5770587950664,8.31,0.504,0.0,0.792,3832.474394695938,20.5,0.583,0.0,1.05,3913.030182607846
1731071186.05,39.7,0.707,0.0,0.766,4260.15302932437,20.5,0.611,0.0,0.895,978.6200245754228,7.68,0.715,0.0,0.764,3832.380827762293,19.8,0.459,0.0,4.39,3913.202101859805
1731071186.55,40.3,0.784,0.0,0.736,4259.823818224149,19.8,0.603,0.0,2.07,978.6629910239786,8.32,0.337,0.0,0.995,3832.2872608926377,19.8,0.565,0.0,1.86,3913.3740237805023
1731071187.05,39.7,0.871,0.0,0.738,4260.038099642832,19.8,0.649,0.0,0.776,978.7059581406454,7.68,0.842,0.0,0.869,3832.193694086979,19.8,0.5,0.0,1.29,3913.5459483695854
1731071187.55,40.3,0.916,0.0,0.782,4260.142081711496,20.5,0.692,0.0,0.751,978.7489259253354,8.32,0.844,0.0,0.912,3832.100127345318,19.8,0.486,0.0,2.33,3913.717875626705
1731071188.05,39.0,0.391,0.0,0.699,4260.273572056723,19.8,0.727,0.0,0.867,978.7918943779634,7.68,0.422,0.0,0.761,3832.006560667661,20.5,0.494,0.0,0.821,3913.889805551504
1731071188.55,41.0,0.514,0.0,1.22,4260.167782561747,19.8,0.781,0.0,0.832,978.8348634984357,8.32,0.729,0.0,0.927,3831.912994054014,19.8,0.589,0.0,0.864,3914.0617381436377
1731071189.05,39.7,0.353,0.0,0.821,4260.44932038634,19.8,0.776,0.0,0.994,978.877833286667,7.68,0.403,0.0,0.892,3831.8194275043807,19.8,0.619,0.0,1.31,3914.233673402752
1731071189.55,40.3,0.452,0.0,0.784,4260.683265842318,20.5,0.881,0.0,0.826,978.9208037425698,8.33,0.886,0.0,0.954,3831.7258610187664,19.8,0.614,0.0,1.0,3914.405611328495
1731071190.05,39.7,0.44,0.0,0.91,4260.461648074583,19.8,0.662,0.0,0.843,978.9637748660558,7.68,0.728,0.0,0.863,3831.6322945971738,20.5,0.798,0.0,2.16,3914.5775519205145
1731071190.55,40.3,0.43,0.0,0.856,4260.385369259294,19.9,0.521,0.0,0.86,979.0067466570404,8.32,0.599,0.0,0.775,3831.5387282396086,19.9,0.782,0.0,0.846,3914.749495178458
1731071191.05,39.7,0.57,0.0,0.846,4260.706216808419,19.8,0.585,0.0,0.851,979.0497191154294,7.68,0.849,0.0,1.08,3831.445161946076,19.8,0.659,0.0,0.845,3914.921441101979
1731071191.55,40.3,0.441,0.0,0.836,4260.847519099257,20.5,0.761,0.0,0.727,979.092692241138,8.32,0.415,0.0,1.99,3831.3515957165823,20.5,0.681,0.0,0.866,3915.093389690724
1731071192.05,39.7,0.384,0.0,0.907,4260.715825536011,19.8,0.684,0.0,0.747,979.1356660340788,7.68,0.99,0.0,1.97,3831.258029551129,19.8,0.7,0.0,1.44,3915.265340944341
1731071192.55,40.3,0.551,0.0,1.01,4260.883264859225,19.8,0.744,0.0,1.18,979.1786404941632,8.31,0.62,0.0,2.13,3831.1644634497234,19.8,0.685,0.0,0.829,3915.437294862479
1731071193.05,39.7,0.462,0.0,0.82,4260.821990972033,19.8,0.863,0.0,0.722,979.2216156213068,7.69,0.551,0.0,3.1,3831.070897412366,19.2,0.861,0.032,0.949,3915.6092514447855
1731071193.55,39.7,0.519,0.016,0.875,4260.906238245519,20.5,0.809,0.0,0.847,979.2645914154158,7.69,0.427,0.0,1.03,3830.9773314390673,20.5,0.847,0.0,1.11,3915.781210690913
1731071194.05,39.7,0.547,0.0,0.856,4261.042637221642,19.8,0.833,0.0,0.72,979.3075678764052,8.31,0.541,0.0,4.09,3830.883765529829,19.8,0.975,0.0,1.59,3915.9531726005102
1731071194.55,40.3,0.755,0.0,0.779,4261.076460865032,19.8,0.833,0.0,0.761,979.3505450041872,7.69,1.266,0.0,1.0,3830.790199684656,19.9,0.87,0.0,5.01,3916.125137173224
1731071195.05,39.7,0.677,0.0,0.911,4261.240764475011,19.8,0.825,0.0,0.944,979.3935227986744,8.31,0.784,0.0,0.842,3830.696633903552,19.8,0.754,0.0,0.905,3916.297104408705
1731071195.55,40.3,0.635,0.0,0.861,4261.206327138812,20.5,0.803,0.0,0.821,979.4365012597816,8.32,0.584,0.0,1.03,3830.603068186522,19.8,0.683,0.0,0.905,3916.4690743066
1731071196.05,39.7,0.696,0.0,0.834,4261.329206951938,19.9,0.821,0.0,0.874,979.4794803874154,7.68,0.668,0.0,0.892,3830.5095025335727,20.5,0.793,0.0,0.858,3916.641046866561
1731071196.55,39.7,0.622,0.0,0.859,4261.346466036705,19.8,0.919,0.0,0.804,979.5224601814908,8.32,0.57,0.0,0.852,3830.415936944707,19.8,0.827,0.0,1.35,3916.813022088239
1731071197.05,40.3,0.608,0.0,0.829,4261.289537555624,19.8,0.951,0.0,0.749,979.56544064192,7.68,0.863,0.0,0.726,3830.322371419931,19.9,0.606,0.0,0.876,3916.98499997128
1731071197.55,40.3,0.513,0.0,0.929,4261.456906164259,20.5,0.898,0.0,1.17,979.6084217686156,7.68,0.619,0.0,1.0,3830.228805959248,19.8,0.706,0.0,0.894,3917.156980515334
1731071198.05,39.7,0.686,0.0,0.797,4261.562984587411,19.8,1.062,0.0,0.759,979.6514035614928,8.32,0.644,0.0,1.02,3830.135240562661,20.5,0.882,0.0,0.782,3917.328963720049
1731071198.55,40.3,0.687,0.0,0.745,4261.486282553639,19.8,0.749,0.0,0.828,979.6943860204576,8.31,0.451,0.0,1.63,3830.0416752301794,19.8,0.752,0.0,0.907,3917.500949585079
1731071199.05,39.7,0.798,0.0,0.78,4261.651186704245,19.8,0.526,0.0,0.833,979.7373691454256,7.68,0.546,0.0,0.848,3829.948109961804,19.8,0.726,0.0,0.869,3917.6729381100713
1731071199.55,40.3,0.903,0.0,0.836,4261.949868052562,20.5,0.54,0.0,1.3,979.7803529363092,7.68,0.586,0.0,0.765,3829.854544757543,20.5,0.787,0.0,1.05,3917.844929294676
1731071200.05,39.7,0.856,0.0,0.892,4261.615592613912,19.8,0.455,0.0,0.885,979.8233373930208,8.31,0.628,0.0,0.741,3829.760979617397,19.8,0.766,0.0,1.6,3918.016923138542
1731071200.55,39.7,0.7,0.0,0.864,4261.900273532742,19.8,0.634,0.0,1.14,979.8663225154758,7.69,0.763,0.0,2.91,3829.667414541372,19.8,0.843,0.0,1.47,3918.188919641317
1731071201.05,40.3,0.546,0.0,0.852,4262.080758301679,19.8,0.515,0.0,1.04,979.9093083035804,8.32,0.664,0.0,3.12,3829.573849529474,19.9,0.931,0.0,1.6,3918.360918802656
1731071201.55,40.3,0.734,0.0,0.81,4262.108106019517,20.5,0.482,0.0,1.39,979.95229475725,8.31,0.672,0.0,1.48,3829.480284581708,19.8,0.944,0.0,1.16,3918.5329206222063
1731071202.05,39.6,0.663,0.0,1.33,4262.101894300223,19.8,0.894,0.0,0.891,979.995281876397,7.68,0.72,0.0,0.853,3829.3867196980777,20.5,0.9,0.0,5.4,3918.7049250996174
1731071202.55,39.7,0.919,0.0,0.822,4261.8428742371525,19.8,0.616,0.0,1.78,980.038269660934,7.69,0.762,0.0,0.813,3829.2931548785873,19.8,0.905,0.0,1.37,3918.876932234541
1731071203.05,40.3,0.842,0.0,0.922,4261.956978263268,19.8,0.661,0.0,7.87,980.0812581107764,8.29,0.842,0.0,0.841,3829.199590123241,19.8,1.256,0.0,1.36,3919.048942026623
1731071203.55,40.3,0.828,0.0,1.69,4262.238112448418,19.8,0.536,0.0,1.29,980.1242472258308,8.35,0.478,0.0,0.731,3829.106025432045,19.8,0.819,0.0,1.84,3919.220954475519
1731071204.05,39.0,1.103,0.016,1.51,4262.7852813751815,20.5,0.469,0.0,0.843,980.167237006012,7.68,0.702,0.0,4.66,3829.0124608050055,19.8,0.426,0.0,0.858,3919.392969580877
1731071204.55,39.0,1.161,0.016,1.68,4262.385311626351,19.8,0.615,0.0,0.829,980.2102274512334,8.32,0.716,0.0,1.16,3828.918896242124,20.5,0.44,0.0,0.746,3919.564987342346
1731071205.05,39.7,0.485,0.0,1.06,4262.690856359194,19.8,0.499,0.0,0.81,980.2532185614068,7.68,0.772,0.0,0.866,3828.8253317434064,19.8,0.42,0.0,0.815,3919.7370077595774
1731071205.55,41.0,0.545,0.0,0.852,4262.494211167968,20.5,0.706,0.0,0.998,980.2962103364486,7.69,0.994,0.0,0.889,3828.731767308856,20.5,0.387,0.0,1.46,3919.90903083222
1731071206.05,39.7,0.568,0.0,0.699,4262.604536299698,19.8,0.638,0.0,0.859,980.3392027762642,8.32,0.572,0.0,0.694,3828.63820293848,19.8,0.546,0.0,0.996,3920.081056559927
1731071206.55,40.3,0.618,0.0,0.656,4262.63616442141,19.8,0.58,0.0,2.22,980.3821958807696,7.67,0.735,0.0,1.25,3828.5446386322833,19.8,0.509,0.0,1.22,3920.253084942348
1731071207.05,39.7,0.653,0.0,0.898,4262.960749418917,19.8,0.571,0.0,0.729,980.4251896498778,8.32,0.453,0.0,0.844,3828.451074390269,19.8,0.528,0.0,1.01,3920.425115979134
1731071207.55,39.7,0.677,0.0,0.762,4263.24208903316,20.5,0.567,0.0,0.862,980.4681840835008,7.69,0.91,0.0,0.74,3828.3575102124414,19.8,0.52,0.0,1.02,3920.5971496699335
1731071208.05,40.3,0.743,0.0,0.771,4263.165587834582,19.9,0.58,0.0,0.719,980.5111791815544,8.31,0.867,0.0,0.878,3828.263946098805,20.5,0.525,0.0,0.783,3920.769186014397
1731071208.55,40.3,0.822,0.0,1.19,4263.299892176008,19.8,0.624,0.0,0.842,980.5541749439452,8.32,0.443,0.0,0.874,3828.170382049367,19.8,0.526,0.0,0.929,3920.941225012177
1731071209.05,39.7,0.789,0.0,0.773,4263.242833926446,19.8,0.699,0.0,0.975,980.5971713705889,7.68,0.744,0.0,0.903,3828.0768180641303,19.8,0.505,0.0,3.49,3921.1132666629255
1731071209.55,39.7,0.638,0.0,0.744,4263.196392441536,20.5,0.699,0.0,0.817,980.6401684613978,7.69,0.51,0.0,0.837,3827.983254143101,19.8,0.692,0.0,1.15,3921.285310966292
1731071210.05,40.3,0.386,0.0,0.829,4263.579572019269,19.8,1.075,0.0,0.773,980.6831662162848,8.31,0.925,0.0,0.905,3827.8896902862816,20.5,0.58,0.0,0.9,3921.457357921925
1731071210.55,40.3,0.269,0.0,3.38,4262.92655009291,19.8,0.798,0.0,0.848,980.726164635166,7.68,0.772,0.0,0.857,3827.7961264936766,19.9,0.589,0.0,1.085,3921.629407529477
1731071211.05,39.7,0.701,0.0,3.37,4263.092263859579,19.9,0.729,0.0,0.843,980.7691637179472,8.32,0.544,0.0,0.798,3827.702562765294,19.8,0.795,0.0,1.27,3921.8014597886
1731071211.55,40.3,0.769,0.0,3.75,4263.632657888453,19.8,0.561,0.0,0.82,980.8121634645444,8.32,0.944,0.0,1.29,3827.608999101136,19.8,0.616,0.0,0.719,3921.9735146989456
1731071212.05,39.7,0.409,0.0,7.42,4263.514021164673,20.5,0.664,0.0,0.7,980.8551638748704,7.68,0.473,0.0,0.97,3827.5154355012087,20.5,0.636,0.0,0.845,3922.145572260163
1731071212.55,40.3,0.589,0.0,3.21,4263.706557214326,19.8,0.722,0.0,0.853,980.8981649488378,7.68,1.129,0.0,1.2,3827.4218719655146,19.2,0.973,0.0,0.79,3922.3176324719047
1731071213.05,39.7,0.492,0.0,3.78,4263.890688230717,19.8,0.618,0.0,0.787,980.9411666863627,8.32,0.734,0.0,0.867,3827.32830849406,19.9,0.84,0.031,0.732,3922.4896953338175
1731071213.55,39.6,0.481,0.0,0.817,4263.53075634413,20.5,0.603,0.0,0.854,980.9841690873512,8.32,0.543,0.0,0.864,3827.234745086848,19.8,0.917,0.0,0.761,3922.661760845561
1731071214.05,40.3,0.555,0.0,1.01,4264.087901795884,19.8,0.627,0.0,0.921,981.0271721517198,7.68,0.613,0.0,0.836,3827.141181743888,20.5,0.942,0.0,0.907,3922.833829006781
1731071214.55,40.3,0.459,0.0,0.803,4263.704080422092,19.8,0.777,0.0,0.792,981.0701758793806,8.32,0.404,0.0,0.808,3827.04761846518,19.8,0.99,0.0,0.843,3923.0058998171294
1731071215.05,39.7,0.463,0.0,0.811,4264.048046323403,19.8,0.751,0.0,0.905,981.1131802702466,7.68,1.025,0.0,0.723,3826.954055250729,19.8,0.928,0.0,0.851,3923.177973276258
1731071215.55,40.3,0.51,0.0,0.864,4263.7677174928085,20.5,0.701,0.0,0.935,981.156185324234,8.32,0.619,0.0,0.821,3826.860492100541,20.5,0.879,0.0,0.848,3923.350049383816
1731071216.05,39.7,0.548,0.0,0.774,4264.463631206966,19.8,0.726,0.0,1.56,981.1991910412488,7.68,0.584,0.0,0.839,3826.766929014621,19.8,0.932,0.0,0.851,3923.52212813946
1731071216.55,40.3,0.559,0.0,0.742,4264.087977475267,19.9,0.922,0.0,0.863,981.2421974212076,8.31,0.4,0.0,0.734,3826.673365992975,19.8,0.702,0.0,0.813,3923.6942095428394
1731071217.05,39.7,0.663,0.0,0.909,4264.020675057321,19.8,0.81,0.0,0.934,981.2852044640226,7.68,0.456,0.0,0.779,3826.579803035604,19.9,0.568,0.0,0.785,3923.866293593604
1731071217.55,40.3,0.733,0.0,0.802,4264.481340904377,20.5,0.85,0.0,0.85,981.3282121696072,7.69,0.818,0.0,0.762,3826.4862401425153,20.5,0.629,0.0,0.857,3924.038380291407
1731071218.05,39.7,0.514,0.0,3.33,4264.716488632687,19.8,0.917,0.0,0.793,981.371220537877,8.3,0.601,0.0,0.875,3826.392677313712,19.8,0.611,0.0,0.835,3924.210469635898
1731071218.55,40.3,0.574,0.0,3.32,4264.175308044123,19.8,1.064,0.0,2.64,981.4142295687388,8.33,0.555,0.0,0.779,3826.299114549201,19.8,0.802,0.0,0.801,3924.382561626732
1731071219.05,39.7,0.613,0.0,4.78,4264.416295661242,19.8,1.038,0.0,0.725,981.4572392621086,7.68,0.564,0.0,0.797,3826.205551848986,19.8,0.65,0.0,0.823,3924.554656263562
1731071219.55,40.3,0.788,0.0,0.873,4264.89267389234,20.5,1.069,0.0,1.04,981.5002496178994,7.68,0.598,0.0,0.797,3826.111989213071,19.9,0.818,0.0,0.726,3924.726753546036
1731071220.05,39.7,0.859,0.0,1.29,4264.314589989301,19.2,0.518,0.0,1.15,981.543260636024,8.32,0.656,0.0,0.82,3826.018426641461,20.5,0.789,0.0,2.33,3924.8988534738073
1731071220.55,40.3,1.209,0.0,0.768,4264.744811670169,20.5,0.492,0.0,2.19,981.5862723163984,7.69,0.728,0.0,1.17,3825.924864134161,19.8,0.742,0.0,0.849,3925.070956046526
1731071221.05,39.7,0.915,0.0,0.93,4264.652810012192,19.8,0.427,0.0,1.15,981.6292846589294,8.31,0.747,0.0,0.825,3825.831301691176,19.8,0.733,0.0,3.05,3925.243061263849
1731071221.55,40.3,1.126,0.0,1.83,4264.961515028299,20.5,0.507,0.0,1.08,981.672297663533,8.32,0.486,0.0,0.837,3825.7377393125103,19.8,0.817,0.0,2.67,3925.4151691254265
1731071222.05,39.7,0.89,0.0,0.832,4264.760703627115,19.8,0.383,0.0,3.12,981.7153113301222,7.68,0.542,0.0,0.854,3825.6441769981698,20.5,0.844,0.0,4.1,3925.5872796309095
1731071222.55,40.3,0.645,0.0,0.878,4264.881530244274,19.8,0.529,0.0,0.878,981.75832565861,8.32,0.54,0.0,3.12,3825.550614748157,19.8,0.869,0.0,1.06,3925.759392779951
1731071223.05,39.6,1.04,0.0,0.789,4264.808264929578,19.9,0.559,0.0,0.836,981.8013406489129,7.68,0.633,0.0,3.27,3825.457052562477,19.9,0.958,0.0,0.883,3925.931508572201
1731071223.55,40.3,0.638,0.0,0.777,4265.463605694567,19.8,0.576,0.0,0.98,981.844356300937,7.69,0.738,0.0,5.11,3825.363490441137,20.5,0.894,0.0,0.739,3926.103627007315
1731071224.05,39.7,0.799,0.0,0.8,4265.068700602322,20.5,0.521,0.0,0.824,981.8873726145988,8.32,0.41,0.0,3.4,3825.2699283841393,19.8,1.03,0.0,0.863,3926.275748084946
1731071224.55,40.3,1.206,0.0,0.841,4265.015317009893,19.8,0.458,0.0,0.945,981.9303895898114,8.31,0.626,0.0,2.66,3825.176366391491,19.9,1.342,0.0,0.884,3926.447871804744
1731071225.05,39.7,0.882,0.0,0.787,4265.135600239645,19.8,0.541,0.0,0.906,981.9734072264878,7.68,0.649,0.0,11.2,3825.0828044631926,19.8,0.853,0.0,1.09,3926.6199981663626
1731071225.55,40.3,1.207,0.0,0.867,4265.347044848,20.5,0.459,0.0,1.73,982.016425524544,8.32,0.736,0.0,0.897,3824.989242599252,19.8,0.445,0.0,0.824,3926.792127169452
1731071226.05,39.7,1.073,0.0,0.871,4265.255602801322,19.8,0.447,0.0,0.904,982.0594444838872,7.68,0.806,0.0,0.716,3824.895680799673,20.5,0.459,0.0,1.18,3926.96425881367
1731071226.55,39.7,0.549,0.0,0.876,4265.705526091172,19.8,0.605,0.0,0.885,982.1024641044336,7.68,0.396,0.0,1.02,3824.802119064462,19.8,0.426,0.0,0.825,3927.136393098666
1731071227.05,40.3,0.539,0.0,0.95,4265.687973423989,19.9,0.711,0.0,0.87,982.145484386096,8.31,0.596,0.0,0.787,3824.708557393623,19.8,0.446,0.0,1.54,3927.308530024093
1731071227.55,39.7,0.626,0.0,0.843,4265.5950515505465,20.5,0.5,0.0,0.765,982.1885053287874,7.68,0.318,0.0,0.843,3824.614995787158,20.5,0.532,0.0,0.933,3927.480669589605
1731071228.05,40.3,0.657,0.0,0.904,4265.723458086942,19.8,0.777,0.0,0.787,982.2315269324246,8.32,0.755,0.0,0.847,3824.5214342450736,19.8,0.605,0.0,1.37,3927.65281179485
1731071228.55,40.3,0.667,0.0,0.732,4265.399438041147,19.8,0.675,0.0,0.799,982.2745491969144,8.32,1.006,0.0,0.831,3824.427872767376,19.8,0.824,0.0,0.766,3927.824956639488
1731071229.05,39.0,0.706,0.016,2.17,4265.7630735341945,19.8,0.669,0.0,0.809,982.3175721221728,7.68,0.503,0.0,1.67,3824.3343113540695,19.8,0.711,0.0,2.08,3927.997104123169
1731071229.55,40.3,0.815,0.0,2.12,4265.51901185802,19.8,0.685,0.0,0.736,982.3605957081132,8.32,0.746,0.0,1.5,3824.2407500051568,19.8,0.548,0.0,1.11,3928.169254245545
1731071230.05,39.7,0.941,0.0,3.33,4266.005257388753,20.5,0.685,0.0,0.79,982.4036199546484,7.68,0.394,0.0,2.57,3824.147188720644,20.5,0.494,0.0,1.89,3928.341407006271
1731071230.55,39.7,0.681,0.0,0.999,4265.876834373054,19.8,0.802,0.0,0.874,982.4466448616956,7.68,0.887,0.0,1.58,3824.053627500534,19.8,0.564,0.0,1.76,3928.513562404996
1731071231.05,40.3,0.283,0.0,0.814,4265.978705597481,19.8,0.939,0.0,0.85,982.4896704291608,8.31,1.0,0.0,1.24,3823.960066344835,19.8,0.515,0.0,1.26,3928.685720441378
1731071231.55,40.3,0.364,0.0,3.72,4266.161248762973,20.5,0.695,0.0,0.884,982.5326966569612,7.69,0.603,0.0,2.39,3823.8665052535503,20.5,0.623,0.0,2.83,3928.857881115071
1731071232.05,39.7,0.291,0.0,8.2,4266.083250575105,19.8,0.762,0.0,0.87,982.5757235450094,8.31,0.777,0.0,1.07,3823.772944226684,19.8,0.557,0.0,1.29,3929.030044425724
1731071232.55,40.3,0.359,0.0,1.95,4265.929283982739,19.8,0.717,0.0,0.687,982.6187510932192,8.32,0.386,0.0,1.02,3823.6793832642406,19.9,0.551,0.0,0.716,3929.202210372992
1731071233.05,39.7,0.31,0.0,0.877,4266.284092993773,19.9,0.563,0.0,0.927,982.6617793015064,7.68,0.945,0.0,4.37,3823.585822366224,19.8,0.588,0.0,1.27,3929.374378956527
1731071233.55,40.3,0.393,0.0,2.31,4266.596599969294,20.5,0.485,0.0,0.762,982.7048081697784,8.32,0.589,0.0,0.703,3823.492261532642,19.8,0.694,0.0,0.764,3929.5465501759854
1731071234.05,39.7,0.446,0.0,1.98,4266.585402691532,19.8,0.705,0.0,0.797,982.747837697952,7.68,0.509,0.0,0.782,3823.398700763497,20.5,0.794,0.0,1.81,3929.718724031021
1731071234.55,40.3,0.553,0.0,4.21,4266.546473916859,19.8,0.61,0.0,0.872,982.7908678859396,8.33,0.775,0.0,0.78,3823.305140058796,19.8,0.718,0.0,1.1,3929.8909005212863
1731071235.05,39.7,0.556,0.0,3.45,4267.0142444217145,19.8,0.675,0.0,0.778,982.8338987336556,7.68,0.375,0.0,0.862,3823.21157941854,19.9,0.84,0.0,5.32,3930.0630796464334
1731071235.55,40.3,0.488,0.0,4.55,4266.642820742121,20.5,0.625,0.0,0.719,982.8769302410158,8.32,0.988,0.0,1.59,3823.1180188427343,19.8,0.862,0.0,1.14,3930.235261406115
1731071236.05,39.7,0.648,0.0,2.59,4266.977784116703,19.8,0.893,0.0,0.962,982.9199624079272,7.68,0.627,0.0,1.08,3823.024458331388,20.5,0.936,0.0,0.861,3930.407445799989
1731071236.55,39.7,0.515,0.0,10.4,4267.001852205376,19.8,0.75,0.0,0.842,982.9629952343068,8.32,0.792,0.0,1.08,3822.930897884501,19.8,0.831,0.0,0.791,3930.579632827708
1731071237.05,40.3,0.67,0.0,1.09,4267.273753567311,19.8,0.764,0.0,0.87,983.0060287200678,7.68,0.483,0.0,0.867,3822.837337502082,19.8,0.885,0.0,0.835,3930.751822488925
1731071237.55,39.7,0.741,0.0,1.21,4266.577406843552,20.5,0.788,0.0,0.758,983.0490628651236,8.32,0.472,0.0,0.941,3822.743777184132,20.5,0.882,0.0,1.29,3930.924014783293
1731071238.05,40.3,0.601,0.0,0.715,4267.055680183663,19.8,0.924,0.0,0.9,983.0920976693906,7.69,1.111,0.0,0.832,3822.650216930657,19.8,0.726,0.0,1.3,3931.096209710466
1731071238.55,40.3,0.734,0.0,1.75,4267.325319473221,19.9,0.851,0.0,0.846,983.135133132776,7.68,0.62,0.0,0.978,3822.556656741662,19.8,0.69,0.0,1.17,3931.268407270101
1731071239.05,39.7,0.634,0.0,1.31,4267.465467891397,19.8,0.902,0.0,0.821,983.1781692551966,8.32,0.569,0.0,0.902,3822.463096617154,19.8,0.629,0.0,0.931,3931.44060746185
1731071239.55,40.3,0.665,0.0,1.84,4266.985443321323,20.5,0.93,0.0,0.821,983.2212060365656,7.68,0.568,0.0,2.76,3822.369536557135,19.9,0.713,0.0,1.03,3931.6128102853672
1731071240.05,39.7,0.628,0.0,0.829,4267.635236208227,19.8,0.972,0.0,0.823,983.2642434767968,8.32,0.571,0.0,5.89,3822.275976561609,20.5,0.644,0.0,1.12,3931.7850157403072
1731071240.55,40.3,0.552,0.0,2.08,4266.981808085033,19.8,1.06,0.0,0.826,983.3072815758064,7.67,0.549,0.0,1.22,3822.182416630582,19.8,0.681,0.0,0.774,3931.957223826321
1731071241.05,39.7,0.629,0.0,0.753,4267.557732523047,19.8,0.696,0.0,1.04,983.350320333502,8.32,0.62,0.0,0.838,3822.088856764059,19.8,0.646,0.0,0.758,3932.129434543069
1731071241.55,40.3,0.778,0.0,0.848,4267.537933434302,19.8,0.407,0.0,0.755,983.3933597498002,8.31,0.654,0.0,0.797,3821.9952969620463,19.8,0.926,0.0,0.918,3932.301647890202
1731071242.05,39.7,0.803,0.0,0.946,4267.388782448177,20.5,0.51,0.0,0.831,983.4363998246145,7.69,0.506,0.0,0.742,3821.9017372245457,20.5,0.824,0.0,0.759,3932.4738638673753
1731071242.55,40.3,0.905,0.0,1.29,4267.367889504087,19.8,0.678,0.0,0.778,983.479440557858,8.32,0.611,0.0,0.796,3821.808177551564,19.8,0.782,0.0,0.827,3932.6460824742426
1731071243.05,39.7,0.841,0.0,2.26,4268.0625918079695,19.8,0.567,0.0,0.925,983.522481949448,7.68,0.677,0.0,0.937,3821.7146179431024,19.8,0.981,0.0,0.895,3932.818303710457
1731071243.55,39.7,0.518,0.0,1.1,4267.62660081594,19.8,0.512,0.0,0.758,983.5655239992916,8.32,0.707,0.0,0.777,3821.62105839917,20.5,0.904,0.0,0.746,3932.990527575676
1731071244.05,40.3,0.701,0.0,1.7,4267.895058414526,20.5,0.496,0.0,0.953,983.6085667073056,7.68,0.717,0.0,1.07,3821.527498919771,19.8,1.169,0.0,0.733,3933.162754069554
1731071244.55,40.3,0.616,0.0,0.796,4268.084700358525,19.8,0.623,0.0,0.814,983.6516100734032,7.68,0.373,0.0,0.871,3821.433939504908,19.8,0.855,0.0,0.848,3933.334983191745
1731071245.05,39.7,0.779,0.0,0.733,4268.341078536968,19.8,0.453,0.0,0.828,983.6946540974986,8.32,0.57,0.0,0.923,3821.3403801545874,19.8,1.016,0.0,0.915,3933.507214941903
1731071245.55,40.3,0.773,0.0,0.893,4268.091347091273,19.8,0.471,0.0,0.854,983.7376987795084,7.69,0.608,0.0,0.754,3821.246820868811,19.9,1.001,0.0,0.815,3933.6794493196817
1731071246.05,39.7,0.925,0.0,0.793,4268.123730572503,20.5,0.39,0.0,0.903,983.7807441193396,8.31,0.724,0.0,0.821,3821.153261647588,20.5,1.062,0.0,0.822,3933.851686324739
1731071246.55,40.3,0.966,0.0,1.11,4268.076864147681,19.8,0.464,0.0,0.853,983.8237901169092,8.32,0.716,0.0,0.754,3821.05970249092,19.8,0.708,0.0,0.76,3934.0239259567297
1731071247.05,39.7,0.935,0.0,0.789,4268.540479725684,19.8,0.554,0.0,0.729,983.8668367721308,7.68,0.393,0.0,0.807,3820.9661433988135,19.8,0.365,0.0,0.766,3934.1961682153074
1731071247.55,39.7,0.799,0.0,0.809,4268.387817608541,20.5,0.588,0.0,0.774,983.9098840849184,8.32,0.59,0.0,0.84,3820.8725843712728,19.8,0.448,0.0,0.902,3934.3684131001264
1731071248.05,40.3,0.471,0.0,0.781,4268.684184983321,19.8,0.517,0.0,0.818,983.9529320551884,7.69,0.459,0.0,0.874,3820.7790254082993,20.5,0.425,0.0,0.816,3934.540660610841
1731071248.55,40.3,0.483,0.0,1.78,4268.482037611443,19.8,0.543,0.0,0.731,983.9959806828488,7.67,0.787,0.0,0.728,3820.685466509904,19.9,0.467,0.0,0.737,3934.71291074711
1731071249.05,39.0,0.638,0.016,1.14,4268.671271413,19.8,0.763,0.0,0.855,984.0390299678158,8.32,0.879,0.0,0.949,3820.591907676087,19.8,0.451,0.0,0.818,3934.885163508587
1731071249.55,40.3,0.63,0.0,1.22,4268.703642961501,20.5,0.55,0.0,0.901,984.0820799100036,8.32,0.42,0.0,0.793,3820.498348906856,19.8,0.426,0.0,0.952,3935.057418894927
1731071250.05,39.7,0.66,0.0,1.12,4268.762956668327,19.8,0.801,0.0,0.807,984.1251305093258,7.68,0.661,0.0,0.816,3820.404790202212,20.5,0.459,0.0,0.812,3935.229676905785
1731071250.55,40.3,0.916,0.0,0.839,4268.531936716216,19.8,0.616,0.0,0.773,984.1681817656992,8.32,0.363,0.0,0.928,3820.311231562161,19.8,0.457,0.0,0.776,3935.401937540814
1731071251.05,39.7,0.863,0.0,0.762,4268.830902537846,19.8,0.645,0.0,0.804,984.2112336790316,7.68,0.833,0.0,0.687,3820.21767298671,19.8,0.748,0.0,0.745,3935.574200799674
1731071251.55,40.3,0.822,0.0,1.221,4268.838783468693,20.5,0.846,0.0,1.14,984.2542862492396,8.32,0.857,0.0,0.75,3820.1241144758633,19.9,0.507,0.0,0.826,3935.746466682019
1731071252.05,39.0,0.434,0.0,1.68,4268.98452403669,19.8,0.778,0.0,0.742,984.2973394762372,7.68,0.656,0.0,0.784,3820.0305560296247,20.5,0.496,0.0,0.787,3935.918735187504
1731071252.55,41.0,0.315,0.0,1.59,4269.185224154927,19.9,0.835,0.0,1.22,984.340393359938,8.32,0.786,0.0,0.901,3819.9369976479984,19.8,0.6,0.0,0.814,3936.091006315785
1731071253.05,39.7,0.61,0.0,3.22,4268.61451922131,19.8,0.77,0.0,0.912,984.3834479002592,7.69,0.378,0.0,0.886,3819.843439330989,19.8,0.653,0.0,0.828,3936.263280066514
1731071253.55,40.3,0.29,0.0,0.944,4268.821855916104,20.5,0.792,0.0,0.792,984.4265030971084,7.68,0.975,0.0,0.821,3819.749881078602,19.9,0.605,0.0,0.818,3936.4355564393527
1731071254.05,39.7,0.352,0.0,1.22,4269.126279037142,19.8,0.686,0.0,0.664,984.4695589504024,8.31,0.611,0.0,1.03,3819.656322890844,20.5,0.671,0.0,0.686,3936.607835433954
1731071254.55,39.0,0.432,0.016,4.35,4268.966744034588,19.8,0.562,0.0,0.803,984.5126154600554,8.32,0.471,0.0,1.62,3819.562764767717,19.2,0.687,0.032,0.838,3936.780117049974
1731071255.05,40.3,0.368,0.0,1.01,4269.09161846442,19.8,0.648,0.0,0.794,984.5556726259808,7.68,0.757,0.0,1.56,3819.469206709226,19.8,0.677,0.0,0.745,3936.952401287068
1731071255.55,39.7,0.448,0.0,2.18,4269.086050463416,20.5,0.657,0.0,0.785,984.598730448096,8.32,0.634,0.0,0.825,3819.375648715375,20.5,0.706,0.0,0.731,3937.1246881448897
1731071256.05,40.3,0.424,0.0,1.35,4269.289241910505,19.8,0.64,0.0,0.842,984.6417889263084,7.68,1.127,0.0,0.877,3819.282090786173,19.8,0.731,0.0,0.767,3937.2969776231
1731071256.55,40.3,0.549,0.0,1.3,4269.539086416372,19.8,0.824,0.0,0.888,984.6848480605356,8.32,0.731,0.0,0.797,3819.1885329216207,19.8,1.01,0.0,0.869,3937.469269721352
1731071257.05,39.7,0.449,0.0,2.07,4269.578320885665,19.9,0.731,0.0,1.22,984.7279078506908,7.69,0.581,0.0,0.834,3819.094975121724,19.8,0.75,0.0,1.12,3937.641564439304
1731071257.55,40.3,0.536,0.0,2.85,4269.647201830006,20.5,0.693,0.0,0.954,984.7709682966886,7.67,0.494,0.0,0.778,3819.001417386488,19.9,0.889,0.0,1.32,3937.813861776609
1731071258.05,39.7,0.701,0.0,3.63,4269.614471109741,19.8,0.776,0.0,2.31,984.8140293984457,8.32,0.477,0.0,0.827,3818.907859715916,19.8,1.029,0.031,2.4,3937.986161732922
1731071258.55,39.7,0.628,0.0,4.35,4269.879968892574,19.8,0.934,0.0,1.08,984.85709115587,7.69,1.16,0.0,0.875,3818.814302110015,19.8,0.936,0.0,7.14,3938.158464307905
1731071259.05,40.3,0.555,0.0,2.61,4269.712556423385,19.8,0.923,0.0,1.11,984.9001535688784,8.31,0.669,0.0,0.826,3818.720744568788,19.8,0.616,0.0,1.76,3938.330769501211
1731071259.55,39.7,0.765,0.016,4.43,4270.145479854383,20.5,0.783,0.0,1.08,984.943216637385,8.32,0.525,0.0,0.666,3818.6271870922415,19.8,0.553,0.0,1.5,3938.5030773124968
1731071260.05,39.7,0.696,0.0,3.79,4270.283795073031,19.8,0.848,0.0,7.02,984.986280361304,7.68,0.477,0.0,0.849,3818.533629680379,20.5,0.566,0.0,0.808,3938.675387741418
1731071260.55,39.7,0.516,0.0,3.72,4270.081961401249,19.8,0.967,0.0,1.21,985.0293447405528,7.69,0.54,0.0,0.846,3818.440072333203,19.8,0.556,0.0,1.05,3938.8477007876295
1731071261.05,40.3,0.811,0.0,2.63,4270.024165440547,19.8,0.958,0.0,0.978,985.0724097750384,8.31,0.856,0.0,0.86,3818.3465150507222,19.9,0.616,0.0,1.19,3939.020016450792
1731071261.55,40.3,0.617,0.0,1.01,4270.0979046516695,20.5,1.078,0.0,1.03,985.1154754646788,7.68,0.602,0.0,0.829,3818.252957832941,20.5,0.807,0.0,1.69,3939.19233473056
1731071262.05,39.7,0.532,0.0,1.59,4270.113738651329,19.8,1.131,0.0,1.14,985.1585418093875,8.32,0.74,0.0,0.79,3818.1594006798623,19.8,0.674,0.0,0.867,3939.3646556265903
1731071262.55,40.3,0.881,0.0,0.949,4270.376510063002,19.9,0.732,0.0,0.812,985.201608809079,7.68,0.849,0.0,1.12,3818.065843591491,19.9,0.87,0.0,0.895,3939.536979138539
1731071263.05,39.7,0.652,0.0,0.84,4270.043348272007,19.8,0.427,0.0,1.35,985.2446764636704,8.32,0.968,0.0,0.992,3817.972286567832,19.8,0.86,0.0,0.879,3939.7093052660616
1731071263.55,40.3,0.827,0.0,1.01,4270.4075066725845,20.5,0.536,0.0,1.06,985.2877447730694,8.32,0.743,0.0,0.98,3817.8787296088894,19.8,0.924,0.0,1.38,3939.8816340088174
1731071264.05,39.7,0.89,0.0,0.941,4270.54186739322,19.8,0.451,0.0,1.2,985.3308137371936,7.68,0.959,0.0,2.74,3817.785172714672,20.5,0.804,0.0,0.863,3940.0539653664646
1731071264.55,40.3,1.0,0.0,1.49,4270.318229822108,19.8,0.48,0.0,1.37,985.3738833559568,8.32,0.79,0.0,0.861,3817.691615885181,19.8,0.918,0.0,1.97,3940.2262993386566
1731071265.05,39.0,0.591,0.016,1.45,4270.517830862279,19.8,0.561,0.0,0.916,985.4169536292734,7.68,0.601,0.0,1.36,3817.5980591204207,19.8,0.914,0.0,1.02,3940.398635925052
1731071265.55,39.7,0.568,0.016,0.767,4270.478144877315,20.5,0.535,0.0,1.09,985.4600245570606,8.32,0.606,0.0,0.83,3817.504502420396,19.8,0.869,0.0,1.9,3940.570975125304
1731071266.05,39.7,0.84,0.0,3.1,4271.095249102644,19.8,0.619,0.0,0.918,985.5030961392264,7.68,0.646,0.0,3.54,3817.410945785113,20.5,0.899,0.0,3.57,3940.743316939077
1731071266.55,39.7,0.73,0.0,8.91,4270.988899692869,19.8,0.474,0.0,1.09,985.546168375688,8.32,0.682,0.0,6.84,3817.317389214578,19.8,1.002,0.0,1.36,3940.915661366024
1731071267.05,40.3,0.789,0.0,1.51,4270.856933770552,19.8,0.403,0.0,1.19,985.58924126636,7.68,0.742,0.0,1.39,3817.223832708793,19.9,1.053,0.0,0.968,3941.088008405801
1731071267.55,40.3,0.786,0.0,1.39,4270.8070076067925,20.5,0.515,0.0,1.3,985.632314811156,8.32,0.36,0.0,1.5,3817.1302762677615,19.8,0.798,0.0,0.811,3941.260358058068
1731071268.05,39.7,0.867,0.0,1.03,4271.310387978272,19.9,0.44,0.0,0.9,985.6753890099938,7.68,0.591,0.0,1.46,3817.036719891491,19.8,0.429,0.0,2.0,3941.4327103224778
1731071268.55,39.7,1.052,0.0,1.58,4270.725599754645,19.8,0.464,0.0,0.985,985.7184638627812,8.32,0.623,0.0,1.79,3816.9431635799865,20.5,0.504,0.0,0.874,3941.605065198693
1731071269.05,39.6,0.653,0.0,0.886,4270.824737690604,19.8,0.52,0.0,0.81,985.761539369436,7.68,0.752,0.0,0.886,3816.849607333252,19.8,0.484,0.0,1.23,3941.77742268637
1731071269.55,41.0,0.874,0.0,0.852,4271.059201238766,20.5,0.468,0.0,0.827,985.804615529872,8.32,0.903,0.0,1.28,3816.756051151292,19.8,0.825,0.031,1.25,3941.9497827851646
1731071270.05,39.7,0.589,0.0,0.835,4271.587121962343,19.8,0.502,0.0,2.56,985.8476923440038,7.68,0.478,0.0,0.763,3816.662495034111,19.8,0.516,0.0,2.79,3942.1221454947354
1731071270.55,40.1,0.786,0.0,1.36,4271.57172774411,19.8,0.655,0.0,3.13,985.8907698117488,7.68,0.71,0.0,1.59,3816.568938981713,19.8,0.482,0.0,1.24,3942.294510814735
1731071271.05,39.9,0.708,0.0,1.03,4271.2391361873815,19.8,0.76,0.0,1.15,985.9338479330148,8.32,0.509,0.0,1.02,3816.4753829941046,19.8,0.486,0.0,1.66,3942.466878744829
1731071271.55,39.7,0.737,0.0,3.76,4271.181206956668,20.5,0.696,0.0,0.801,985.9769267077196,8.32,0.923,0.0,3.41,3816.3818270712895,20.5,0.554,0.0,3.34,3942.639249284672
1731071272.05,40.3,0.83,0.0,1.18,4271.611190748825,19.9,0.592,0.0,0.959,986.0200061357776,7.68,1.062,0.0,2.2,3816.2882712132746,19.9,0.614,0.0,0.766,3942.811622433921
1731071272.55,40.3,0.816,0.0,5.71,4271.721248572718,19.8,0.576,0.0,0.738,986.0630862171028,7.68,0.521,0.0,5.35,3816.1947154200616,19.8,0.693,0.0,1.26,3942.983998192233
1731071273.05,39.7,1.264,0.0,1.88,4271.746776379379,19.8,0.804,0.0,0.771,986.106166951613,8.32,0.911,0.0,1.72,3816.101159691655,19.8,1.034,0.0,5.05,3943.156376559265
1731071273.55,39.7,0.629,0.0,2.87,4271.670303016845,20.5,0.865,0.0,1.696,986.1492483392162,7.69,0.487,0.0,3.22,3816.007604028063,20.5,0.756,0.0,1.15,3943.328757534679
1731071274.05,40.3,0.496,0.0,0.959,4271.744009952522,19.8,0.876,0.0,2.62,986.19233037983,8.32,0.947,0.0,1.34,3815.914048429288,19.8,0.577,0.0,0.858,3943.501141118131
1731071274.55,39.7,0.436,0.0,1.28,4271.682308885755,19.8,0.892,0.0,1.03,986.2354130733688,7.67,0.695,0.0,1.12,3815.820492895336,19.8,0.622,0.0,0.989,3943.673527309278
1731071275.05,40.3,0.622,0.0,0.852,4272.066978006805,19.8,0.904,0.0,2.09,986.2784964197472,8.31,0.524,0.0,1.03,3815.72693742621,19.9,0.755,0.0,1.12,3943.845916107779
1731071275.55,40.3,0.456,0.0,1.69,4271.832722284492,19.8,0.794,0.0,0.854,986.3215804188828,8.33,0.771,0.0,1.32,3815.633382021915,20.5,0.594,0.0,1.21,3944.0183075132895
1731071276.05,39.7,0.415,0.0,0.951,4272.006583984363,20.5,0.595,0.0,1.21,986.3646650706831,7.68,0.419,0.0,1.02,3815.539826682457,19.8,0.637,0.0,2.0,3944.190701525472
1731071276.55,40.3,0.491,0.0,1.35,4271.857311747127,19.8,0.812,0.0,0.734,986.4077503750668,8.33,0.964,0.0,2.3,3815.446271407841,19.8,0.837,0.0,1.06,3944.363098143983
1731071277.05,39.7,0.408,0.0,1.01,4271.829479745012,19.8,0.634,0.0,0.93,986.4508363319476,7.67,0.635,0.0,3.88,3815.352716198072,19.8,0.701,0.0,1.16,3944.53549736848
1731071277.55,39.7,0.41,0.0,0.977,4272.526802864193,20.5,0.606,0.0,0.779,986.4939229412402,8.32,0.54,0.0,0.915,3815.259161053152,19.9,0.761,0.0,1.02,3944.7078991986223
1731071278.05,40.3,0.473,0.0,0.789,4272.111225358507,19.8,0.641,0.0,0.789,986.5370102028623,7.68,0.58,0.0,1.16,3815.165605973088,20.5,0.688,0.0,0.88,3944.880303634065
1731071278.55,39.7,0.425,0.0,0.8,4272.565589065938,19.8,1.081,0.0,0.877,986.5800981167222,8.32,0.411,0.0,0.891,3815.072050957884,19.8,0.778,0.0,2.26,3945.052710674472
1731071279.05,40.3,0.587,0.0,0.817,4272.6235127975815,19.8,0.84,0.0,0.751,986.6231866827376,7.68,1.166,0.0,1.87,3814.9784960075463,19.9,0.878,0.0,1.57,3945.225120319498
1731071279.55,39.7,0.542,0.0,1.128,4272.318651739972,19.8,0.742,0.0,0.8,986.6662759008228,8.32,1.013,0.0,1.56,3814.884941122078,19.8,0.996,0.0,8.88,3945.397532568804
1731071280.05,40.3,0.625,0.0,1.44,4272.894640662604,20.5,0.813,0.0,0.746,986.7093657708928,7.68,0.762,0.0,1.12,3814.791386301485,20.5,0.853,0.0,1.35,3945.569947422046
1731071280.55,40.3,0.585,0.0,1.34,4272.85207230159,19.8,0.782,0.0,0.776,986.752456292865,7.69,0.717,0.0,1.51,3814.697831545769,19.8,0.709,0.0,1.56,3945.742364878882
1731071281.05,39.7,0.634,0.0,1.35,4273.041097455431,19.8,0.908,0.0,0.703,986.795547466648,8.32,0.752,0.0,1.15,3814.60427685494,19.8,0.619,0.0,2.27,3945.914784938975
1731071281.55,40.3,0.919,0.0,1.21,4272.427158513283,20.5,0.853,0.0,0.749,986.8386392921592,8.31,1.248,0.0,3.19,3814.510722229,20.5,0.58,0.0,1.3,3946.087207601981
1731071282.05,39.7,0.526,0.0,3.65,4272.937315262526,19.8,0.88,0.0,0.939,986.8817317693132,7.68,0.671,0.0,1.3,3814.417167667952,19.8,0.82,0.0,3.67,3946.25963286756
1731071282.55,40.3,0.492,0.0,2.58,4272.805823056758,19.8,0.968,0.0,0.888,986.9248248980252,8.31,0.61,0.0,1.0,3814.323613171804,19.9,0.695,0.0,2.19,3946.432060735368
1731071283.05,39.7,0.527,0.0,1.57,4273.2452026278,19.8,1.012,0.0,1.04,986.9679186782124,7.68,0.421,0.0,1.2,3814.2300587405575,19.8,0.709,0.0,0.836,3946.604491205065
1731071283.55,40.3,0.7,0.0,1.12,4273.272049658996,20.5,1.098,0.0,0.855,987.0110131097836,7.69,0.478,0.0,0.888,3814.13650437422,19.9,0.709,0.0,0.801,3946.776924276313
1731071284.05,39.7,0.636,0.0,2.62,4273.224799969024,19.2,0.555,0.0,1.67,987.0541081926564,8.31,0.547,0.0,0.855,3814.042950072796,20.5,0.789,0.0,0.929,3946.949359948769
1731071284.55,40.3,0.781,0.0,0.897,4272.972190224808,20.5,0.409,0.0,0.806,987.0972039267454,8.32,0.606,0.0,0.855,3813.9493958362905,19.8,0.768,0.0,0.771,3947.121798222093
1731071285.05,39.7,0.706,0.0,1.48,4273.035623264927,19.8,0.45,0.0,1.5,987.1403003119656,7.68,0.637,0.0,0.826,3813.8558416647065,19.9,0.802,0.0,0.676,3947.2942390959415
1731071285.55,40.3,0.809,0.0,1.2,4273.439445085464,20.5,0.556,0.0,1.29,987.1833973482346,8.32,0.425,0.0,0.744,3813.762287558048,20.5,0.798,0.0,0.74,3947.4666825699737
1731071286.05,39.7,0.722,0.0,1.05,4273.552707588519,19.8,0.577,0.0,8.81,987.2264950354612,7.68,0.521,0.0,0.741,3813.6687335163233,19.8,0.864,0.0,0.766,3947.639128643853
1731071286.55,40.3,0.583,0.0,1.47,4273.28608458208,19.8,0.603,0.0,1.46,987.2695933735628,8.32,0.6,0.0,0.738,3813.575179539536,19.8,0.829,0.0,0.911,3947.811577317236
1731071287.05,39.7,0.683,0.0,1.34,4273.449905376192,19.8,0.756,0.0,0.912,987.3126923624544,7.68,0.689,0.0,1.08,3813.4816256276895,19.9,0.881,0.0,0.796,3947.984028589782
1731071287.55,40.3,0.721,0.0,2.31,4273.604145819956,20.5,0.6,0.0,1.76,987.3557920020512,8.32,0.733,0.0,0.955,3813.388071780789,20.5,0.898,0.0,0.748,3948.1564824611514
1731071288.05,39.7,0.767,0.0,1.77,4273.984442962091,19.8,0.498,0.0,1.01,987.3988922922704,7.69,0.431,0.0,1.68,3813.294517998839,19.8,1.07,0.0,1.22,3948.328938931
1731071288.55,40.3,0.805,0.0,1.29,4273.758667038378,19.9,0.545,0.0,1.08,987.4419932330208,8.31,0.46,0.0,0.757,3813.200964281845,19.8,1.007,0.0,0.763,3948.501397998992
1731071289.05,39.7,1.043,0.0,2.22,4273.811146576305,19.8,0.89,0.0,0.922,987.4850948242206,7.68,0.781,0.0,0.862,3813.107410629813,19.9,0.994,0.0,1.67,3948.673859664786
1731071289.55,40.3,0.927,0.0,1.28,4273.922275809732,20.5,0.512,0.0,1.0,987.5281970657844,8.32,0.792,0.0,0.869,3813.013857042747,19.8,0.534,0.0,1.08,3948.846323928041
1731071290.05,39.7,1.091,0.0,1.75,4273.726647578837,19.8,0.537,0.0,0.722,987.5712999576272,7.68,0.791,0.0,0.736,3812.9203035206497,20.5,0.453,0.0,2.32,3949.018790788417
1731071290.55,39.7,0.514,0.0,1.16,4273.716300575717,19.8,0.5,0.0,1.37,987.6144034996668,8.32,0.456,0.0,0.96,3812.826750063527,19.8,0.527,0.0,0.807,3949.19126024557
1731071291.05,40.3,0.531,0.0,0.908,4274.497654239893,19.8,0.622,0.0,0.823,987.6575076918116,7.68,0.637,0.0,0.871,3812.7331966713846,19.8,0.494,0.0,0.859,3949.363732299165
1731071291.55,39.7,0.602,0.016,0.798,4274.117414802132,20.5,0.633,0.0,1.39,987.7006125339803,7.68,0.346,0.0,0.963,3812.639643344228,20.5,0.568,0.0,3.61,3949.5362069488615
1731071292.05,39.7,0.588,0.0,0.864,4274.235493242551,19.8,0.542,0.0,1.05,987.7437180260872,8.32,0.774,0.0,0.759,3812.54609008206,19.2,0.566,0.032,0.898,3949.708684194317
1731071292.55,40.3,0.645,0.0,0.758,4273.898097142901,19.8,0.575,0.0,2.64,987.7868241680476,8.32,0.797,0.0,0.837,3812.4525368848863,19.8,0.536,0.0,1.05,3949.881164035193
1731071293.05,39.7,0.695,0.0,0.745,4274.116962682015,19.8,0.599,0.0,0.844,987.8299309597794,7.68,0.44,0.0,1.06,3812.3589837527097,19.8,0.432,0.0,0.898,3950.0536464711454
1731071293.55,40.3,0.729,0.0,0.848,4274.109803847254,19.8,0.653,0.0,0.824,987.8730384011913,8.31,0.67,0.0,0.804,3812.265430685539,19.8,0.492,0.0,0.987,3950.22613150184
1731071294.05,39.7,0.853,0.0,0.832,4274.681288752303,20.5,0.62,0.0,0.825,987.916146492201,7.68,0.37,0.0,1.1,3812.171877683376,20.5,0.562,0.0,0.928,3950.398619126936
1731071294.55,39.7,0.775,0.0,0.683,4274.560379634527,19.8,0.661,0.0,1.25,987.959255232724,8.32,0.815,0.0,0.899,3812.0783247462273,19.8,0.465,0.0,2.0,3950.5711093460914
1731071295.05,40.3,0.444,0.0,0.83,4274.381225034776,19.8,0.92,0.0,0.744,988.0023646226751,7.68,0.81,0.0,0.902,3811.984771874096,19.8,0.63,0.0,0.976,3950.7436021589674
1731071295.55,39.7,0.421,0.0,0.819,4274.953620775731,20.5,0.72,0.0,1.47,988.0454746619724,7.68,0.496,0.0,0.898,3811.891219066986,19.8,0.608,0.0,1.34,3950.9160975652208
1731071296.05,40.3,0.39,0.0,0.766,4274.645681118991,19.8,0.965,0.0,0.874,988.0885853505248,8.32,0.89,0.0,2.47,3811.7976663249055,20.5,0.541,0.0,0.985,3951.088595564518
1731071296.55,39.7,0.347,0.0,0.934,4274.443810755321,19.8,0.819,0.0,0.836,988.13169668825,8.32,0.429,0.0,6.16,3811.7041136478574,19.8,0.579,0.0,6.25,3951.261096156517
1731071297.05,40.3,0.432,0.0,0.85,4274.898561939124,19.8,0.686,0.0,0.906,988.1748086750636,7.68,0.96,0.0,1.13,3811.610561035847,19.8,0.628,0.0,0.844,3951.433599340878
1731071297.55,40.3,0.513,0.0,0.816,4274.984952576935,20.5,0.532,0.0,0.813,988.2179213108805,8.32,0.571,0.0,2.22,3811.517008488878,20.5,0.655,0.0,0.855,3951.606105117261
1731071298.05,39.7,0.495,0.0,1.43,4275.211012356783,19.8,0.769,0.0,1.79,988.2610345956186,7.68,0.548,0.0,1.31,3811.423456006954,19.8,0.868,0.0,1.22,3951.778613485325
1731071298.55,40.3,0.463,0.0,1.7,4274.997444937479,19.8,0.643,0.0,0.807,988.3041485291868,8.32,0.81,0.0,2.42,3811.329903590084,19.9,0.735,0.0,1.57,3951.951124444734
1731071299.05,39.7,0.503,0.0,1.79,4274.753939586178,19.8,0.821,0.0,0.777,988.3472631115036,7.68,0.417,0.0,1.23,3811.236351238269,19.8,0.908,0.0,1.81,3952.1236379951474
1731071299.55,40.3,0.455,0.0,1.36,4275.4207894161045,20.5,0.722,0.0,0.729,988.390378342484,8.32,1.004,0.0,2.78,3811.1427989515178,19.9,0.827,0.0,1.06,3952.296154136226
1731071300.05,39.0,0.472,0.016,1.0,4275.001810941943,19.8,0.716,0.0,0.901,988.433494222043,7.69,0.744,0.0,1.57,3811.04924672983,20.5,0.968,0.0,0.73,3952.46867286763
1731071300.55,39.4,0.734,0.0,1.24,4275.270649945088,19.8,0.862,0.0,0.883,988.4766107500988,8.31,0.591,0.0,1.0,3810.955694573213,19.8,1.099,0.0,0.89,3952.6411941890183
1731071301.05,40.6,0.534,0.0,5.21,4275.716028013539,19.8,0.806,0.0,0.852,988.5197279265606,7.68,0.391,0.0,6.79,3810.862142481671,19.8,0.867,0.0,0.745,3952.813718100057
1731071301.55,40.3,0.541,0.0,1.44,4275.489984026112,19.8,0.81,0.0,0.814,988.5628457513462,8.32,0.443,0.0,1.03,3810.768590455212,19.9,0.707,0.0,1.31,3952.986244600404
1731071302.05,39.7,0.873,0.0,0.782,4275.553069208344,20.5,0.832,0.0,0.816,988.6059642243712,7.68,1.124,0.0,1.03,3810.675038493837,20.5,0.713,0.0,0.888,3953.158773689719
1731071302.55,40.3,0.787,0.0,0.874,4276.012873261773,19.8,0.838,0.0,0.941,988.6490833455508,8.32,0.809,0.0,2.02,3810.5814865975512,19.8,0.83,0.0,0.899,3953.331305367665
1731071303.05,39.7,0.715,0.0,1.04,4275.208405460518,19.8,1.045,0.0,0.898,988.6922031148029,7.69,0.672,0.0,1.22,3810.48793476636,19.8,0.609,0.0,0.839,3953.5038396339
1731071303.55,40.3,0.639,0.0,0.737,4275.765742038122,20.5,0.928,0.0,1.67,988.7353235320368,7.68,0.461,0.0,1.0,3810.394383000268,19.8,0.604,0.0,0.722,3953.67637648809
1731071304.05,39.7,0.515,0.0,0.865,4275.963978625455,19.8,1.071,0.0,0.775,988.7784445971706,8.31,0.555,0.0,1.17,3810.300831299282,20.5,0.762,0.0,0.748,3953.8489159298942
1731071304.55,40.3,0.723,0.0,0.928,4275.7636165048325,19.8,1.304,0.0,1.28,988.82156631012,7.69,0.557,0.0,0.889,3810.2072796634047,19.8,0.655,0.0,0.928,3954.021457958973
1731071305.05,39.7,0.592,0.0,0.862,4276.202876803935,19.8,0.79,0.0,0.798,988.8646886707996,8.32,0.776,0.0,1.07,3810.1137280926414,19.8,0.804,0.0,0.727,3954.1940025749886
1731071305.55,40.3,0.785,0.0,0.726,4276.016929747655,19.8,0.479,0.0,0.828,988.9078116791284,8.32,0.687,0.0,2.82,3810.020176586994,19.8,1.003,0.0,0.765,3954.366549777599
1731071306.05,39.7,0.809,0.0,0.775,4276.242867096792,20.5,0.456,0.0,0.857,988.9509353350152,7.68,0.609,0.0,1.12,3809.926625146473,20.5,0.756,0.0,1.71,3954.539099566471
1731071306.55,39.7,0.872,0.0,0.833,4276.278899927254,19.8,0.513,0.0,0.853,988.9940596383782,8.32,0.574,0.0,0.774,3809.8330737710808,19.8,0.784,0.0,0.924,3954.711651941264
1731071307.05,40.3,0.896,0.0,0.753,4276.089805211798,19.8,0.575,0.0,0.946,989.037184589133,7.68,0.596,0.0,0.779,3809.739522460821,19.9,0.81,0.0,1.43,3954.884206901639
1731071307.55,39.7,0.611,0.0,0.829,4276.1977087743535,20.5,0.785,0.0,0.795,989.0803101871948,8.32,0.657,0.0,0.843,3809.645971215699,19.8,0.845,0.0,1.04,3955.056764447257
1731071308.05,40.3,0.659,0.0,0.942,4276.113843748611,19.8,0.525,0.0,0.898,989.123436432482,7.68,0.724,0.0,0.836,3809.552420035718,20.5,0.837,0.0,0.706,3955.2293245777782
1731071308.55,39.7,0.679,0.016,0.85,4276.703078606274,19.8,0.615,0.0,1.03,989.166563324904,7.68,0.407,0.0,0.779,3809.4588689208863,19.8,0.905,0.0,0.791,3955.4018872928696
1731071309.05,39.7,0.751,0.0,0.794,4276.301338578049,19.8,0.512,0.0,0.814,989.2096908643788,8.32,0.604,0.0,0.855,3809.365317871207,19.8,1.255,0.0,0.745,3955.5744525921896
1731071309.55,40.3,0.754,0.0,0.686,4276.264799708747,19.8,0.428,0.0,0.738,989.2528190508222,7.69,0.646,0.0,0.815,3809.271766886685,19.9,1.033,0.0,3.39,3955.7470204754
1731071310.05,39.7,0.801,0.0,2.69,4276.983028715091,20.5,0.438,0.0,0.907,989.2959478841492,8.32,0.727,0.0,0.791,3809.178215967324,20.5,0.982,0.0,6.91,3955.919590942163
1731071310.55,40.3,0.939,0.0,3.27,4276.547774727199,19.9,0.456,0.0,0.926,989.3390773642788,8.31,1.016,0.0,0.858,3809.084665113128,19.8,0.702,0.0,1.04,3956.0921639921376
1731071311.05,39.7,1.093,0.0,4.08,4276.656861365488,19.8,0.499,0.0,2.02,989.38220749112,7.68,0.499,0.0,0.859,3808.991114324106,19.8,0.544,0.0,1.09,3956.264739624991
1731071311.55,40.3,0.986,0.0,3.39,4276.790375582634,20.5,0.66,0.0,6.58,989.4253382645908,7.69,0.67,0.0,0.953,3808.89756360026,20.5,0.527,0.0,0.984,3956.437317840383
1731071312.05,39.7,0.672,0.0,2.15,4277.127072893116,19.9,0.509,0.0,1.1,989.4684696846074,8.31,0.495,0.0,0.818,3808.804012941596,19.8,0.463,0.0,0.657,3956.609898637975
1731071312.55,40.3,0.611,0.0,4.08,4276.463078696355,19.8,0.557,0.0,1.11,989.5116017510848,8.32,0.722,0.0,0.887,3808.710462348117,19.8,0.689,0.0,0.719,3956.782482017429
1731071313.05,39.7,0.564,0.0,2.03,4277.024519270279,19.8,0.55,0.0,0.927,989.5547344639418,7.68,0.823,0.0,0.927,3808.616911819827,19.8,0.466,0.0,0.782,3956.955067978406
1731071313.55,40.3,0.786,0.0,5.85,4276.977315323305,20.5,0.68,0.0,1.6,989.5978678230877,8.32,0.393,0.0,0.812,3808.523361356734,20.5,0.471,0.0,1.03,3957.127656520572
1731071314.05,39.7,0.723,0.0,1.63,4277.034704252376,19.8,0.588,0.0,1.26,989.6410018284408,7.68,0.642,0.0,0.975,3808.4298109588417,19.2,0.506,0.032,0.894,3957.300247643588
1731071314.55,40.3,0.787,0.0,0.97,4276.885810710755,19.8,0.67,0.0,2.02,989.6841364799168,8.32,0.326,0.0,0.799,3808.3362606261553,19.8,0.604,0.0,1.47,3957.472841347115
1731071315.05,39.7,0.872,0.0,0.918,4277.5385961121,19.8,0.794,0.0,1.09,989.7272717774314,7.68,0.807,0.0,1.3,3808.242710358677,19.8,0.636,0.0,0.883,3957.645437630815
1731071315.55,40.3,0.882,0.0,1.14,4276.963220739495,20.5,0.809,0.0,1.02,989.770407720903,7.69,0.788,0.0,0.828,3808.1491601564135,20.5,0.571,0.0,1.33,3957.81803649435
1731071316.05,38.4,0.602,0.016,0.951,4277.378702787473,19.8,0.691,0.0,6.41,989.8135443102408,8.31,0.491,0.0,0.856,3808.05561001937,19.8,0.632,0.0,2.79,3957.990637937386
1731071316.55,41.0,0.323,0.0,1.42,4277.121689737213,19.8,0.733,0.0,0.788,989.856681545364,7.69,0.774,0.0,0.834,3807.962059947552,19.8,0.622,0.0,1.85,3958.163241959584
1731071317.05,39.7,0.339,0.0,1.02,4277.246365266311,19.9,0.775,0.0,0.837,989.8998194261876,8.31,0.384,0.0,1.86,3807.868509940962,19.8,0.552,0.0,1.3,3958.335848560605
1731071317.55,40.3,0.457,0.0,0.893,4277.443455105141,19.8,0.628,0.0,0.97,989.9429579526276,7.69,0.942,0.0,1.24,3807.7749599996064,19.9,0.618,0.0,0.832,3958.508457740113
1731071318.05,39.7,0.453,0.0,2.36,4277.797651956057,20.5,0.642,0.0,0.88,989.9860971246025,8.32,0.572,0.0,1.78,3807.681410123488,20.5,0.649,0.0,0.89,3958.681069497768
1731071318.55,40.3,0.373,0.0,0.866,4278.1540436190135,19.8,0.612,0.0,1.74,990.0292369420216,7.67,0.486,0.0,0.805,3807.587860312615,19.8,0.965,0.0,0.949,3958.8536838332375
1731071319.05,39.0,0.442,0.0,0.895,4277.983565229165,19.8,0.788,0.0,0.736,990.0723774048035,8.32,0.789,0.0,0.973,3807.4943105669904,19.2,0.492,0.032,0.826,3959.026300746182
1731071319.55,40.3,0.616,0.016,0.812,4277.444998451007,20.5,0.584,0.0,0.775,990.1155185128646,7.68,0.424,0.0,0.831,3807.400760886618,19.9,0.697,0.0,0.811,3959.1989202362647
1731071320.05,39.7,0.665,0.0,0.801,4278.093206331885,19.8,0.583,0.0,0.731,990.15866026612,8.32,1.066,0.0,1.42,3807.307211271505,20.5,0.74,0.0,0.843,3959.371542303148
1731071320.55,40.3,0.546,0.0,0.785,4278.066434854766,19.9,0.666,0.0,0.812,990.2018026644884,8.32,0.559,0.0,0.787,3807.213661721653,19.8,0.731,0.0,0.829,3959.544166946492
1731071321.05,39.7,0.466,0.0,1.08,4277.775861483289,19.8,0.823,0.0,0.814,990.2449457078797,7.69,0.51,0.0,0.909,3807.12011223707,19.8,0.912,0.0,0.787,3959.716794165966
1731071321.55,39.7,0.548,0.0,0.871,4278.280625849574,20.5,0.728,0.0,0.736,990.288089396212,7.68,0.377,0.0,1.03,3807.026562817759,20.5,0.894,0.0,0.886,3959.8894239612296
1731071322.05,40.3,0.628,0.0,1.35,4277.929273853394,19.8,0.77,0.0,0.793,990.3312337294016,8.32,0.578,0.0,0.793,3806.9330134637257,19.8,0.873,0.0,1.55,3960.062056331946
1731071322.55,40.3,0.852,0.0,1.75,4278.627148798066,19.8,0.798,0.0,0.822,990.374378707364,8.32,1.11,0.0,0.796,3806.839464174974,19.8,0.899,0.0,1.6,3960.2346912777793
1731071323.05,39.7,0.666,0.0,1.34,4278.117683677535,19.9,0.832,0.0,0.735,990.4175243300184,7.68,0.774,0.0,0.83,3806.745914951509,19.9,0.944,0.0,2.1,3960.407328798389
1731071323.55,40.3,0.632,0.0,1.58,4278.604204136947,20.5,0.804,0.0,0.771,990.4606705972736,8.32,0.582,0.0,2.01,3806.6523657933353,19.8,0.746,0.0,1.11,3960.579968893445
1731071324.05,39.7,0.768,0.0,0.895,4278.589617859373,19.8,0.857,0.0,0.843,990.5038175090492,7.68,0.423,0.0,1.04,3806.558816700459,20.5,0.568,0.0,1.62,3960.7526115626056
1731071324.55,39.7,0.586,0.0,1.28,4278.850381772184,19.8,0.969,0.0,0.833,990.5469650652608,8.32,0.453,0.0,2.49,3806.4652676728847,19.2,0.785,0.032,2.55,3960.925256805536
1731071325.05,40.3,0.587,0.0,0.856,4278.624479248236,19.8,0.943,0.0,0.73,990.5901132658238,7.68,0.868,0.0,0.866,3806.371718710615,19.9,0.661,0.0,0.784,3961.0979046219
1731071325.55,39.7,0.594,0.016,0.867,4279.013609714478,20.5,1.07,0.0,0.893,990.6332621106574,7.68,0.796,0.0,1.04,3806.278169813656,19.8,0.682,0.0,1.93,3961.2705550113583
1731071326.05,39.7,0.651,0.0,0.879,4278.59726370535,19.8,1.127,0.0,0.819,990.6764115996712,8.32,0.675,0.0,0.832,3806.184620982013,20.5,0.68,0.0,0.911,3961.4432079735775
1731071326.55,40.3,0.929,0.0,1.19,4279.024992531561,19.8,0.87,0.0,0.756,990.7195617327842,8.32,0.434,0.0,0.832,3806.0910722156927,19.9,0.698,0.0,1.05,3961.6158635082224
1731071327.05,39.7,0.958,0.0,0.729,4278.810988996882,19.8,0.454,0.0,0.743,990.762712509912,7.68,0.53,0.0,0.715,3805.9975235146967,19.8,0.732,0.0,0.735,3961.7885216149534
1731071327.55,39.7,0.774,0.0,0.896,4278.845766391649,20.5,0.563,0.0,0.709,990.8058639309708,8.32,0.574,0.0,1.03,3805.90397487903,19.8,0.754,0.0,0.84,3961.9611822934367
1731071328.05,40.3,0.788,0.0,0.733,4278.857767868555,19.8,0.455,0.0,0.754,990.8490159958794,7.68,0.67,0.0,0.739,3805.8104263086975,20.5,0.852,0.0,0.754,3962.133845543332
1731071328.55,40.3,0.87,0.0,0.7,4278.969994997606,19.8,0.44,0.0,0.737,990.8921687045474,8.32,0.689,0.0,1.06,3805.716877803706,19.9,1.014,0.0,0.851,3962.306511364308
1731071329.05,39.7,0.671,0.0,0.742,4278.975780336103,19.8,0.53,0.0,0.764,990.935322056894,7.68,0.407,0.0,0.771,3805.623329364061,19.8,0.919,0.0,0.8,3962.4791797560274
1731071329.55,40.3,0.818,0.0,0.743,4279.488744047183,20.5,0.56,0.0,0.929,990.9784760528348,8.32,0.855,0.0,1.33,3805.529780989764,20.5,0.838,0.0,1.02,3962.651850718153
1731071330.05,39.7,1.023,0.0,1.08,4279.161176654568,19.8,0.577,0.0,1.07,991.0216306922858,7.68,0.757,0.0,0.826,3805.436232680822,19.9,0.929,0.0,0.976,3962.824524250349
1731071330.55,40.3,0.682,0.0,0.708,4279.5388297258105,19.8,0.612,0.0,1.63,991.0647859751664,7.69,0.749,0.0,0.885,3805.3426844372366,19.8,0.99,0.0,8.3,3962.997200352278
1731071331.05,39.7,1.132,0.0,0.877,4279.320285496037,19.9,0.541,0.0,1.22,991.107941901386,8.32,0.735,0.0,0.878,3805.249136259017,19.9,1.18,0.0,0.968,3963.1698790236073
1731071331.55,40.3,1.181,0.0,0.915,4279.551281983365,20.5,0.527,0.0,1.17,991.151098470864,8.31,0.502,0.0,0.902,3805.155588146167,19.8,0.744,0.0,2.07,3963.342560264
1731071332.05,39.7,0.973,0.0,0.882,4279.829542225043,19.8,0.737,0.0,1.59,991.1942556835156,7.68,0.653,0.0,0.828,3805.0620400986895,19.8,0.464,0.0,0.771,3963.51524407312
1731071332.55,40.3,0.991,0.0,2.46,4279.394565931075,19.9,0.541,0.0,1.08,991.2374135392578,8.32,0.638,0.0,0.782,3804.968492116591,20.5,0.655,0.0,0.9,3963.687930450631
1731071333.05,39.0,0.559,0.0,0.975,4279.42596893763,19.8,0.537,0.0,6.15,991.2805720380092,7.68,0.779,0.0,0.84,3804.874944199874,19.8,0.715,0.0,0.962,3963.860619396196
1731071333.55,41.0,0.598,0.0,0.766,4279.588063279816,20.5,0.511,0.0,1.04,991.3237311796794,8.32,0.775,0.0,0.85,3804.781396348547,20.5,0.604,0.0,1.86,3964.033310909482
1731071334.05,39.7,0.68,0.0,0.825,4280.227694536633,19.8,0.575,0.0,1.16,991.366890964188,7.68,0.412,0.0,0.832,3804.687848562613,19.8,0.451,0.0,0.941,3964.206004990154
1731071334.55,40.3,0.624,0.0,0.761,4280.192232732624,19.8,0.57,0.0,0.895,991.4100513914506,8.32,0.774,0.0,0.887,3804.594300842076,19.8,0.501,0.0,1.05,3964.378701637875
1731071335.05,39.7,0.699,0.0,0.819,4279.762866547597,19.8,0.766,0.0,1.02,991.4532124613836,7.68,0.408,0.0,0.708,3804.500753186942,19.8,0.625,0.0,2.59,3964.551400852309
1731071335.55,40.3,0.643,0.0,1.02,4280.118533647297,20.5,0.606,0.0,1.3,991.496374173906,8.32,0.808,0.0,0.85,3804.407205597213,20.5,0.545,0.0,0.811,3964.72410263312
1731071336.05,39.7,0.822,0.0,0.722,4280.111768071559,19.8,0.627,0.0,1.45,991.539536528928,7.68,0.924,0.0,1.31,3804.3136580728974,19.8,0.494,0.0,0.711,3964.8968069799744
1731071336.55,40.3,0.858,0.0,0.944,4280.062589427424,19.9,0.608,0.0,0.843,991.5826995263684,8.32,0.606,0.0,1.77,3804.220110614001,19.9,0.48,0.0,1.34,3965.069513892537
1731071337.05,39.7,0.883,0.0,0.761,4279.939228555413,19.8,0.843,0.0,0.823,991.6258631661432,7.68,0.759,0.0,7.43,3804.126563220525,19.8,0.511,0.0,0.989,3965.242223370472
1731071337.55,39.7,0.274,0.0,0.91,4280.030301663032,20.5,0.811,0.0,0.932,991.6690274481692,8.32,0.366,0.0,0.871,3804.033015892476,20.5,0.527,0.0,1.06,3965.414935413444
1731071338.05,40.3,0.355,0.0,0.836,4280.6452536703,19.8,0.795,0.0,0.785,991.7121923723648,7.68,1.009,0.0,0.848,3803.939468629857,19.8,0.611,0.0,1.12,3965.587650021115
1731071338.55,39.7,0.375,0.0,0.787,4280.4618436348765,19.8,0.768,0.0,0.792,991.7553579386406,7.68,0.618,0.0,0.834,3803.845921432675,19.8,0.556,0.0,0.982,3965.760367193156
1731071339.05,40.3,0.415,0.0,1.25,4280.278538577649,19.8,0.682,0.0,0.824,991.7985241469156,8.32,0.482,0.0,0.837,3803.752374300935,19.8,0.523,0.0,0.749,3965.933086929229
1731071339.55,40.3,0.479,0.0,0.911,4280.418627222804,19.8,0.526,0.0,0.856,991.841690997106,8.32,0.757,0.0,0.8,3803.658827234641,19.8,0.634,0.0,0.895,3966.105809228998
1731071340.05,39.6,0.416,0.0,1.67,4280.704146485641,20.5,0.65,0.0,2.69,991.884858489128,7.68,0.401,0.0,0.861,3803.565280233797,20.5,0.745,0.0,0.744,3966.278534092129
1731071340.55,40.4,0.649,0.0,0.809,4280.955212924177,19.8,0.565,0.0,2.38,991.9280266229008,7.68,1.024,0.0,0.749,3803.471733298408,19.8,0.692,0.0,1.28,3966.451261518285
1731071341.05,39.7,0.857,0.0,0.933,4280.422763050483,19.8,0.591,0.0,3.56,991.9711953983348,8.32,0.592,0.0,0.796,3803.37818642848,19.8,1.028,0.0,0.793,3966.623991507135
1731071341.55,39.7,0.399,0.0,1.0,4280.666557555068,20.5,0.676,0.0,0.976,992.0143648153488,8.32,0.532,0.0,0.809,3803.284639624019,19.8,0.765,0.0,1.04,3966.796724058343
1731071342.05,40.3,0.672,0.0,1.52,4280.444943284172,19.8,0.641,0.0,0.905,992.0575348738594,7.68,0.691,0.0,0.798,3803.1910928850266,19.8,0.929,0.031,1.1,3966.969459171573
1731071342.55,40.3,0.617,0.0,0.82,4281.067515777148,19.8,0.77,0.0,6.48,992.1007055737828,8.32,0.474,0.0,0.787,3803.09754621151,19.9,0.892,0.0,1.56,3967.142196846492
1731071343.05,39.7,0.552,0.0,0.884,4280.943377531607,19.8,0.889,0.0,0.832,992.1438769150382,7.68,1.068,0.0,0.786,3803.00399960347,19.8,0.916,0.0,4.37,3967.314937082761
1731071343.55,40.3,0.554,0.0,0.811,4280.83839131271,20.5,0.7,0.0,0.962,992.187048897536,7.68,0.781,0.0,0.784,3802.910453060918,19.8,0.841,0.0,1.08,3967.487679880052
1731071344.05,39.7,0.552,0.0,0.925,4281.203590166089,19.8,0.788,0.0,0.935,992.2302215211952,8.31,0.584,0.0,1.11,3802.816906583855,20.5,0.956,0.0,1.07,3967.6604252380266
1731071344.55,40.3,0.612,0.0,0.813,4280.794717967626,19.8,0.88,0.0,0.988,992.2733947859324,8.32,0.374,0.0,0.702,3802.723360172286,19.9,0.745,0.0,0.79,3967.833173156352
1731071345.05,39.7,0.796,0.0,0.95,4281.349432454525,19.8,1.17,0.0,0.913,992.316568691664,7.68,0.568,0.0,0.756,3802.629813826216,19.8,0.769,0.0,1.41,3968.005923634693
1731071345.55,40.3,0.684,0.0,0.793,4281.559502633659,19.8,1.038,0.0,0.832,992.359743238309,8.32,1.237,0.0,0.81,3802.536267545649,19.9,0.72,0.0,0.885,3968.178676672712
1731071346.05,39.7,0.578,0.0,1.04,4281.737132873106,20.5,0.891,0.0,0.761,992.402918425778,7.68,0.807,0.0,1.04,3802.442721330592,20.5,0.628,0.0,0.84,3968.35143227008
1731071346.55,40.3,0.55,0.0,1.05,4281.257926720454,19.8,1.005,0.0,0.742,992.4460942539902,8.32,0.88,0.0,1.01,3802.349175181048,19.8,0.633,0.0,0.706,3968.524190426461
1731071347.05,39.7,0.572,0.0,1.87,4281.423021591515,19.8,1.028,0.0,0.846,992.489270722862,7.68,0.558,0.0,1.08,3802.255629097024,19.8,0.82,0.0,0.796,3968.696951141522
1731071347.55,40.3,0.526,0.0,4.78,4281.599836036163,20.5,0.973,0.0,0.852,992.53244783231,8.32,0.53,0.0,0.817,3802.1620830785214,20.5,0.654,0.0,1.23,3968.869714414925
1731071348.05,39.7,0.609,0.0,0.782,4281.630532503716,19.2,0.486,0.0,1.01,992.5756255822538,7.68,0.555,0.0,1.68,3802.0685371255463,19.8,0.69,0.0,0.93,3969.0424802463367
1731071348.55,39.7,0.881,0.0,3.26,4281.731622881801,20.5,0.469,0.0,0.924,992.6188039726032,8.32,0.665,0.0,2.49,3801.974991238106,19.8,0.753,0.0,1.63,3969.215248635427
1731071349.05,40.3,0.939,0.0,0.762,4281.589036692669,19.8,0.454,0.0,3.66,992.661983003278,7.68,0.68,0.0,1.23,3801.8814454162034,19.9,1.089,0.0,1.05,3969.38801958186
1731071349.55,39.7,0.651,0.016,6.11,4281.998786811302,20.5,0.551,0.0,0.774,992.7051626741944,8.32,0.551,0.0,0.837,3801.787899659844,19.8,0.843,0.0,1.01,3969.560793085301
1731071350.05,39.7,0.644,0.0,1.83,4281.925560906397,19.9,0.555,0.0,1.33,992.7483429852692,7.68,0.573,0.0,0.743,3801.694353969031,20.5,0.766,0.0,0.912,3969.733569145416
1731071350.55,40.3,0.663,0.0,4.46,4281.916510707191,19.8,0.539,0.0,0.816,992.7915239364216,8.32,0.619,0.0,2.32,3801.6008083437687,19.8,0.847,0.0,3.38,3969.906347761871
1731071351.05,39.7,0.687,0.0,2.21,4281.765614981952,19.8,0.663,0.0,0.852,992.8347055275624,7.68,0.71,0.0,0.797,3801.507262784065,19.8,1.128,0.0,1.24,3970.079128934333
1731071351.55,40.3,0.683,0.0,0.988,4281.802086921009,20.5,0.851,0.0,0.834,992.8778877586104,7.69,0.783,0.0,0.848,3801.413717289924,20.5,0.87,0.0,1.25,3970.2519126624697
1731071352.05,39.7,0.677,0.0,1.05,4282.524078545682,19.8,0.581,0.0,0.88,992.921070629483,8.31,0.437,0.0,0.781,3801.3201718613504,19.8,0.978,0.0,1.35,3970.4246989459457
1731071352.55,39.7,0.912,0.0,0.782,4282.617714713538,19.8,0.422,0.0,0.836,992.9642541400962,8.32,0.641,0.0,0.826,3801.2266264983473,19.9,1.01,0.0,0.835,3970.597487784428
1731071353.05,40.3,0.883,0.0,1.0,4282.341935377528,19.8,0.476,0.0,0.81,993.0074382903698,7.69,0.643,0.0,0.787,3801.13308120092,19.8,0.827,0.0,0.931,3970.77027917758
1731071353.55,39.7,1.051,0.0,1.27,4282.516453406764,20.5,0.467,0.0,0.736,993.050623080214,8.31,0.848,0.0,0.771,3801.0395359690738,19.8,0.439,0.0,0.897,3970.9430731250727
1731071354.05,40.3,1.159,0.0,4.72,4282.315997658987,19.8,0.523,0.0,0.872,993.0938085095486,7.68,1.124,0.0,0.753,3800.9459908028166,20.5,0.512,0.0,2.04,3971.115869626572
1731071354.55,39.7,0.497,0.0,0.818,4282.257522874429,19.8,0.585,0.0,0.824,993.1369945782902,8.32,0.776,0.0,0.717,3800.852445702148,19.9,0.379,0.0,1.11,3971.2886686817424
1731071355.05,40.3,0.582,0.0,0.839,4282.31295188528,19.8,0.699,0.0,0.864,993.1801812863552,7.69,0.805,0.0,0.813,3800.758900667077,19.8,0.616,0.0,2.4,3971.461470290252
1731071355.55,40.3,0.642,0.0,1.864,4282.841873005724,20.5,0.753,0.0,0.928,993.2233686336637,7.68,0.535,0.0,0.962,3800.665355697604,19.9,0.598,0.0,0.912,3971.634274451764
1731071356.05,39.7,0.747,0.0,2.89,4282.418305765049,19.8,0.638,0.0,0.791,993.2665566201256,8.31,0.862,0.0,0.785,3800.571810793738,20.5,0.602,0.0,1.17,3971.8070811659513
1731071356.55,40.3,0.741,0.0,8.73,4282.700044308045,19.8,0.708,0.0,0.977,993.309745245661,8.32,0.987,0.0,0.714,3800.478265955484,19.9,0.498,0.0,0.922,3971.979890432478
1731071357.05,39.7,0.762,0.0,1.36,4282.686209767476,19.8,0.645,0.0,0.845,993.3529345101864,7.68,0.503,0.0,0.807,3800.384721182844,19.8,0.51,0.0,0.96,3972.1527022510095
1731071357.55,40.3,0.844,0.0,0.851,4282.650132117585,20.5,0.637,0.0,1.06,993.3961244136186,7.69,0.732,0.0,0.757,3800.291176475824,19.8,0.499,0.0,7.06,3972.325516621216
1731071358.05,39.7,0.918,0.0,1.06,4283.282822374556,19.8,0.791,0.0,0.893,993.4393149558772,8.31,0.363,0.0,1.19,3800.197631834428,20.5,0.467,0.0,0.827,3972.4983335427582
1731071358.55,40.1,0.778,0.0,0.836,4283.426091286191,19.8,0.697,0.0,0.93,993.4825061368726,8.32,0.825,0.0,0.815,3800.104087258663,19.8,0.586,0.0,0.829,3972.67115301531
1731071359.05,39.9,0.309,0.0,0.985,4283.275327170987,19.9,0.71,0.0,0.842,993.5256979565248,7.69,0.703,0.0,0.821,3800.0105427485328,19.8,0.639,0.0,0.794,3972.843975038536
1731071359.55,40.3,0.287,0.0,0.832,4282.930302308507,20.5,0.795,0.0,3.71,993.5688904147506,8.31,0.444,0.0,0.837,3799.9169983040415,19.8,0.55,0.0,0.756,3973.016799612104
1731071360.05,39.7,0.347,0.0,0.85,4283.086048551412,19.8,1.011,0.0,1.09,993.6120835114664,7.68,0.788,0.0,0.841,3799.823453925196,20.5,0.701,0.0,0.728,3973.18962673568
1731071360.55,40.3,0.38,0.0,0.796,4283.550190784805,19.9,0.71,0.0,1.21,993.6552772465924,8.32,0.417,0.0,1.47,3799.729909611997,19.8,0.586,0.0,0.7,3973.362456408928
1731071361.05,39.7,0.422,0.0,1.37,4283.623245110572,19.8,0.563,0.0,0.887,993.6984716200388,7.68,0.951,0.0,0.994,3799.6363653644535,19.8,0.631,0.0,0.982,3973.535288631522
1731071361.55,40.3,0.35,0.0,1.12,4283.71524547078,20.5,0.538,0.0,0.805,993.7416666317258,8.32,0.566,0.0,3.3,3799.542821182569,20.4,0.569,0.0,0.989,3973.708123403127
1731071362.05,39.7,0.444,0.0,1.8,4283.623999869132,19.8,0.648,0.0,0.992,993.78486228157,7.68,0.504,0.0,1.04,3799.4492770663496,19.9,0.637,0.0,1.47,3973.880960723409
1731071362.55,40.3,0.401,0.0,0.771,4283.960838082765,19.9,0.595,0.0,0.786,993.828058569488,7.69,0.608,0.0,1.24,3799.355733015797,19.8,0.709,0.0,2.81,3974.053800592036
1731071363.05,39.7,0.419,0.0,2.2,4283.767039946055,19.8,0.632,0.0,1.42,993.8712554954,8.31,0.432,0.0,3.22,3799.262189030917,19.8,0.79,0.0,2.87,3974.226643008674
1731071363.55,40.3,0.515,0.0,1.65,4283.91575027968,20.5,0.763,0.0,0.972,993.9144530592164,8.32,1.16,0.0,1.84,3799.168645111716,19.8,0.79,0.0,4.31,3974.399487972994
1731071364.05,39.7,0.463,0.0,2.54,4283.791665096918,19.8,0.681,0.0,1.92,993.9576512608572,7.68,0.713,0.0,1.18,3799.0751012582,19.8,0.742,0.0,1.72,3974.572335484662
1731071364.55,39.7,0.64,0.0,0.98,4283.665382786412,19.8,0.834,0.0,0.859,994.0008501002396,7.69,0.584,0.0,2.23,3798.981557470371,19.9,1.013,0.0,2.91,3974.7451855433455
1731071365.05,39.7,0.701,0.016,6.69,4284.114408741437,19.8,0.823,0.0,0.839,994.0440495772798,8.31,0.368,0.0,1.84,3798.888013748234,19.8,1.088,0.0,6.53,3974.918038148712
1731071365.55,40.3,0.645,0.0,4.62,4283.915496444148,20.5,0.911,0.0,1.91,994.0872496918984,8.32,0.472,0.0,1.07,3798.794470091794,19.9,0.82,0.0,1.51,3975.090893300428
1731071366.05,39.7,0.695,0.0,0.925,4283.967267251192,19.8,0.964,0.0,1.55,994.1304504440054,7.68,1.13,0.0,0.861,3798.700926501058,20.5,0.833,0.0,1.95,3975.263750998164
1731071366.55,40.3,0.669,0.0,0.935,4284.063709288344,19.8,0.864,0.0,2.07,994.1736518335216,7.69,0.642,0.0,1.07,3798.60738297603,19.8,0.541,0.0,1.24,3975.436611241588
1731071367.05,39.1,0.624,0.016,0.841,4283.944179957852,19.9,0.936,0.0,2.41,994.2168538603632,8.31,0.586,0.0,0.794,3798.513839516713,19.8,0.618,0.0,1.19,3975.609474030366
1731071367.55,40.3,0.592,0.0,0.8,4284.278264479968,20.5,0.922,0.0,0.873,994.2600565244476,8.32,0.533,0.0,0.736,3798.4202961231135,19.8,0.791,0.0,1.03,3975.782339364167
1731071368.05,39.7,0.652,0.0,0.72,4284.219320043549,19.8,1.133,0.0,0.849,994.3032598256945,7.68,0.531,0.0,0.855,3798.326752795235,20.5,0.725,0.0,0.733,3975.955207242656
1731071368.55,40.3,0.604,0.0,0.819,4284.264318381103,19.8,1.065,0.0,0.803,994.3464637640149,7.68,0.543,0.0,0.769,3798.233209533085,19.8,0.817,0.0,0.815,3976.128077665506
1731071369.05,39.7,0.912,0.0,0.789,4284.446592114404,19.8,0.791,0.0,0.765,994.3896683393286,8.32,0.605,0.0,1.29,3798.139666336666,19.8,0.691,0.0,0.772,3976.300950632384
1731071369.55,39.7,0.683,0.0,0.837,4284.454284372911,19.8,0.478,0.0,0.843,994.4328735515528,8.32,0.645,0.0,1.36,3798.046123205984,19.8,0.784,0.0,0.716,3976.473826142957
1731071370.05,40.3,0.828,0.0,0.728,4284.733261150056,20.5,0.413,0.0,1.15,994.4760794006046,7.68,0.439,0.0,1.33,3797.9525801410423,20.5,0.692,0.0,0.765,3976.6467041968926
1731071370.55,40.3,0.728,0.0,0.709,4284.805196718572,19.8,0.672,0.0,6.34,994.5192858864036,8.32,0.494,0.0,4.66,3797.859037141847,19.8,0.848,0.0,0.886,3976.8195847938578
1731071371.05,39.7,0.917,0.0,0.799,4284.478243950168,19.8,0.546,0.0,1.2,994.5624930088612,7.68,0.535,0.0,0.781,3797.765494208403,19.8,0.917,0.0,0.844,3976.992467933525
1731071371.55,39.7,0.648,0.0,1.07,4285.123830422035,20.5,0.601,0.0,1.26,994.6057007678972,8.32,0.753,0.0,3.35,3797.671951340716,19.9,0.877,0.0,0.771,3977.165353615562
1731071372.05,40.3,0.766,0.0,0.813,4285.096381670048,19.8,0.504,0.0,0.885,994.6489091634288,7.68,0.764,0.0,1.0,3797.5784085387895,20.5,0.866,0.0,1.08,3977.338241839636
1731071372.55,40.3,0.709,0.0,0.775,4284.799131961612,19.8,0.512,0.0,0.776,994.6921181953728,7.68,0.488,0.0,1.38,3797.484865802629,19.8,0.91,0.0,0.971,3977.511132605415
1731071373.05,39.7,0.708,0.0,0.826,4285.032515728212,19.9,0.455,0.0,1.28,994.7353278636496,8.33,0.618,0.0,0.825,3797.391323132236,19.8,0.983,0.0,2.64,3977.684025912565
1731071373.55,40.3,0.73,0.0,0.824,4285.288695606916,19.8,0.467,0.0,0.753,994.77853816817,7.68,0.882,0.0,1.38,3797.297780527621,20.5,0.985,0.0,1.07,3977.856921760761
1731071374.05,39.7,0.933,0.0,1.08,4285.118588064236,20.5,0.418,0.0,1.05,994.8217491088542,8.31,0.836,0.0,0.733,3797.2042379887857,19.8,1.053,0.0,0.874,3978.029820149668
1731071374.55,40.3,0.91,0.0,0.823,4284.98865862696,19.9,0.577,0.0,0.857,994.8649606856192,7.69,0.842,0.0,0.841,3797.1106955157375,19.8,0.738,0.0,0.915,3978.202721078955
1731071375.05,39.7,1.078,0.0,0.789,4285.404101896027,19.8,0.519,0.0,0.928,994.9081728983824,8.31,0.416,0.0,0.889,3797.017153108477,19.9,0.436,0.0,0.87,3978.3756245482914
1731071375.55,39.7,0.914,0.0,0.899,4285.782702401011,20.5,0.545,0.0,1.13,994.9513857470638,8.32,0.775,0.0,0.903,3796.9236107670113,19.8,0.541,0.0,0.773,3978.548530557343
1731071376.05,40.3,0.626,0.0,0.801,4285.15222572415,19.8,0.745,0.0,0.784,994.9945992315744,7.68,0.622,0.0,0.916,3796.830068491345,20.5,0.555,0.0,0.849,3978.7214391057832
1731071376.55,40.3,0.665,0.0,0.902,4285.650711896971,19.8,0.694,0.0,0.789,995.0378133518344,7.69,0.836,0.0,0.727,3796.736526281485,19.8,0.565,0.0,0.723,3978.89435019328
1731071377.05,39.6,0.711,0.0,0.735,4285.696132373293,19.8,0.632,0.0,0.794,995.0810281077612,8.31,0.831,0.0,1.26,3796.6429841374343,19.8,0.693,0.0,0.661,3979.0672638195
1731071377.55,40.3,0.675,0.0,0.754,4285.550204459219,20.5,0.728,0.0,0.79,995.1242434992716,7.69,0.468,0.0,0.829,3796.549442059197,19.9,0.392,0.0,0.831,3979.2401799841145
1731071378.05,39.7,0.881,0.0,0.815,4285.575450851989,19.8,0.711,0.0,0.834,995.1674595262862,8.31,0.669,0.0,0.924,3796.455900046779,20.5,0.614,0.0,0.872,3979.413098686789
1731071378.55,40.3,0.935,0.0,0.835,4285.963795316712,19.9,0.752,0.0,0.879,995.210676188716,8.32,0.333,0.0,1.09,3796.362358100184,19.8,0.694,0.0,0.989,3979.586019927198
1731071379.05,39.7,0.755,0.0,0.913,4286.1515676971885,19.8,0.829,0.0,1.11,995.2538934864812,7.68,0.817,0.0,1.68,3796.268816219421,19.8,0.598,0.0,0.747,3979.758943705008
1731071379.55,40.3,0.827,0.0,0.872,4285.682125545566,20.5,0.709,0.0,0.857,995.2971114194992,8.32,0.876,0.0,0.843,3796.1752744044898,19.8,0.513,0.0,0.872,3979.931870019888
1731071380.05,39.0,0.358,0.0,0.843,4286.194656570331,19.8,0.66,0.0,0.925,995.3403299876868,7.68,0.442,0.0,0.811,3796.081732655397,20.5,0.682,0.0,0.811,3980.104798871508
1731071380.55,41.0,0.356,0.0,0.82,4285.850633044711,19.8,0.722,0.0,0.816,995.3835491909653,8.32,0.756,0.0,0.794,3795.988190972147,19.8,0.634,0.0,0.934,3980.277730259535
1731071381.05,39.7,0.499,0.0,2.62,4286.394833137943,19.8,1.119,0.0,0.82,995.4267690292448,7.68,0.433,0.0,1.19,3795.894649354747,19.8,0.618,0.0,0.877,3980.450664183642
1731071381.55,40.3,0.317,0.0,1.16,4286.203220832837,20.5,0.827,0.0,0.758,995.469989502446,8.32,0.909,0.0,0.891,3795.801107803201,19.9,0.662,0.0,2.07,3980.623600643497
1731071382.05,39.7,0.462,0.0,3.43,4286.056358773103,19.8,0.706,0.0,0.864,995.5132106104865,7.69,0.616,0.0,0.833,3795.707566317511,20.5,0.665,0.0,0.942,3980.79653963877
1731071382.55,40.3,0.441,0.0,0.864,4286.263899471932,19.9,0.498,0.0,0.859,995.5564323532832,8.31,0.51,0.0,1.23,3795.614024897685,19.8,0.639,0.0,1.12,3980.969481169129
1731071383.05,39.7,0.526,0.0,0.836,4286.239422829709,19.8,0.611,0.0,0.918,995.599654730757,7.69,0.863,0.0,0.838,3795.5204835437257,19.8,0.689,0.0,1.15,3981.142425234243
1731071383.55,40.3,0.472,0.0,2.64,4286.306442265037,20.5,0.617,0.0,0.768,995.6428777428188,8.31,0.416,0.0,0.751,3795.42694225564,19.8,0.788,0.0,1.21,3981.315371833786
1731071384.05,39.7,0.394,0.0,2.38,4286.384475061632,19.8,0.64,0.0,0.818,995.6861013893888,7.68,1.023,0.0,1.5,3795.333401033432,20.5,0.716,0.0,0.842,3981.488320967424
1731071384.55,39.7,0.535,0.016,7.7,4286.561714993799,19.8,0.646,0.0,0.742,995.7293256703846,7.68,0.663,0.0,1.01,3795.2398598771074,19.8,0.778,0.0,3.31,3981.661272634829
1731071385.05,39.7,0.747,0.0,0.985,4286.779571349804,19.8,0.861,0.0,0.943,995.7725505857236,8.31,0.589,0.0,1.55,3795.146318786669,19.8,0.85,0.0,0.829,3981.8342268356687
1731071385.55,39.7,0.501,0.0,0.925,4286.622586581584,19.8,0.766,0.0,0.749,995.8157761353264,7.69,0.474,0.0,1.44,3795.0527777621214,20.5,0.796,0.0,3.62,3982.007183569612
1731071386.05,40.3,0.533,0.0,0.887,4286.814712434026,20.5,0.729,0.0,0.856,995.859002319104,8.32,0.443,0.0,1.01,3794.959236803473,19.8,0.787,0.0,0.789,3982.180142836333
1731071386.55,40.3,0.582,0.0,0.848,4286.802230864446,19.8,0.828,0.0,0.768,995.9022291369772,8.33,1.054,0.0,0.885,3794.8656959107257,19.9,0.813,0.0,3.3,3982.353104635499
1731071387.05,39.7,0.761,0.0,0.766,4287.038546702815,19.8,0.825,0.0,0.735,995.945456588863,7.68,0.836,0.0,0.667,3794.772155083887,19.8,0.673,0.0,0.722,3982.526068966781
1731071387.55,40.3,0.773,0.0,0.703,4286.793706341291,20.5,0.833,0.0,1.29,995.9886846746792,8.32,0.642,0.0,0.926,3794.678614322958,19.9,0.571,0.0,3.58,3982.699035829849
1731071388.05,39.7,0.831,0.0,0.738,4286.805779488785,19.8,1.067,0.0,0.809,996.0319133943462,7.68,0.525,0.0,0.949,3794.585073627945,20.5,0.617,0.0,1.23,3982.87200522437
1731071388.55,39.7,0.49,0.0,0.873,4287.277602897955,19.8,1.07,0.0,0.749,996.0751427477754,8.32,0.57,0.0,0.837,3794.4915329988544,19.8,0.6,0.0,1.1,3983.044977150019
1731071389.05,40.3,0.802,0.0,2.23,4287.4584594573125,19.8,1.074,0.0,0.882,996.1183727348872,7.68,0.89,0.0,1.07,3794.397992435691,19.8,0.666,0.0,0.897,3983.217951606465
1731071389.55,39.7,0.609,0.0,0.765,4287.123398142332,20.5,1.1,0.0,0.747,996.1616033555996,7.68,0.719,0.0,0.831,3794.3044519384575,19.8,0.592,0.0,0.874,3983.390928593377
1731071390.05,40.3,0.709,0.0,0.857,4287.192578590773,19.8,1.106,0.0,0.901,996.2048346098294,8.32,0.625,0.0,1.36,3794.210911507161,20.5,0.604,0.0,0.731,3983.5639081104255
1731071390.55,39.7,0.644,0.016,0.784,4287.156194667984,19.8,0.908,0.0,0.829,996.2480664974976,8.32,0.431,0.0,0.903,3794.117371141804,19.8,0.76,0.0,1.21,3983.73689015728
1731071391.05,39.7,0.833,0.0,0.834,4287.70606836401,19.8,0.508,0.0,0.831,996.2912990185156,7.68,0.486,0.0,1.71,3794.023830842394,19.8,0.714,0.0,0.74,3983.909874733613
1731071391.55,40.3,1.016,0.0,0.828,4287.670633508476,20.5,0.547,0.0,0.697,996.3345321728038,8.32,0.546,0.0,0.99,3793.930290608936,19.9,0.969,0.0,0.836,3984.082861839096
1731071392.05,39.7,0.874,0.0,0.734,4287.684880998836,19.8,0.471,0.0,0.758,996.3777659602802,7.68,0.634,0.0,0.842,3793.836750441432,20.4,1.022,0.0,0.898,3984.255851473397
1731071392.55,39.7,0.785,0.0,0.743,4287.394943313131,19.8,0.498,0.0,0.84,996.421000380862,7.69,0.798,0.0,1.03,3793.7432103398887,19.2,0.928,0.032,0.932,3984.428843636188
1731071393.05,40.3,0.772,0.0,1.15,4287.902463850626,19.8,0.515,0.0,0.727,996.46423543447,8.31,0.443,0.0,0.845,3793.649670304309,19.8,0.835,0.0,0.896,3984.601838327136
1731071393.55,39.6,0.552,0.016,0.738,4287.900580658333,20.5,0.612,0.0,0.744,996.5074711210152,8.32,0.565,0.0,0.811,3793.5561303347017,20.5,0.976,0.0,0.86,3984.7748355459175
1731071394.05,39.7,0.77,0.0,0.845,4288.10371708912,19.8,0.651,0.0,0.876,996.5507074404192,7.68,0.683,0.0,1.2,3793.4625904310697,19.8,1.032,0.0,0.812,3984.947835292201
1731071394.55,40.3,0.757,0.0,0.765,4287.451619508598,19.8,0.5,0.0,1.2,996.593944392599,8.32,0.694,0.0,0.762,3793.369050593417,19.9,1.08,0.0,1.09,3985.1208375656574
1731071395.05,39.7,0.823,0.0,0.896,4287.896796050321,19.8,0.449,0.0,0.812,996.6371819774724,7.67,0.728,0.0,1.02,3793.27551082175,19.9,1.103,0.0,0.788,3985.293842365956
1731071395.55,39.7,0.876,0.0,0.773,4288.034713439173,19.8,0.421,0.0,0.727,996.6804201949602,8.33,0.364,0.0,0.924,3793.18197111607,20.5,0.996,0.0,0.958,3985.466849692768
1731071396.05,40.3,0.944,0.0,0.781,4287.890066186376,20.5,0.414,0.0,0.811,996.7236590449738,7.69,0.555,0.0,1.99,3793.088431476387,19.2,0.434,0.0,1.44,3985.6398595457663
1731071396.55,40.3,1.036,0.0,0.709,4287.799160942666,19.8,0.612,0.0,1.0,996.766898527434,8.32,0.584,0.0,0.732,3792.9948919027033,20.5,0.451,0.0,1.64,3985.8128719246215
1731071397.05,39.0,0.519,0.0,0.829,4288.667068580589,19.8,0.685,0.0,0.821,996.8101386422586,7.68,0.759,0.0,0.739,3792.901352395024,19.8,0.452,0.0,3.305,3985.985886829005
1731071397.55,40.3,0.611,0.0,0.763,4288.463849302407,20.5,0.569,0.0,0.848,996.853379389365,8.32,0.96,0.0,0.762,3792.807812953354,19.9,0.491,0.0,4.97,3986.1589042585856
1731071398.05,40.3,0.768,0.0,0.914,4288.343886184736,19.8,0.525,0.0,0.876,996.8966207686746,7.68,0.485,0.0,0.913,3792.714273577697,20.5,0.447,0.0,2.34,3986.331924213034
1731071398.55,39.7,0.676,0.0,0.916,4288.602366584417,19.8,0.601,0.0,0.845,996.9398627800985,8.32,0.667,0.0,3.43,3792.62073426806,19.9,0.494,0.0,1.54,3986.5049466920254
1731071399.05,40.3,0.653,0.0,1.81,4288.510513117964,19.8,0.746,0.0,1.11,996.9831054235572,7.68,0.344,0.0,1.48,3792.527195024447,19.8,0.502,0.0,2.01,3986.677971695231
1731071399.55,40.3,0.632,0.0,0.954,4288.767521152257,20.5,0.747,0.0,1.09,997.0263486989692,8.32,0.786,0.0,0.908,3792.433655846864,19.8,0.528,0.0,2.48,3986.850999222319
1731071400.05,39.7,0.76,0.0,0.824,4288.641288180501,19.8,0.629,0.0,1.72,997.069592606252,7.68,1.12,0.0,1.19,3792.3401167353127,20.5,0.455,0.0,0.868,3987.024029272962
1731071400.55,40.3,0.828,0.0,2.93,4288.611949803163,19.8,0.66,0.0,1.01,997.1128371453266,8.32,0.53,0.0,0.807,3792.2465776897993,19.9,0.419,0.0,1.12,3987.19706184683
1731071401.05,39.7,0.89,0.0,2.33,4288.427214102414,19.8,0.708,0.0,0.832,997.1560823161042,7.68,0.73,0.0,0.824,3792.1530387103303,19.8,0.534,0.0,1.09,3987.3700969435977
1731071401.55,39.1,0.4,0.016,4.13,4288.739951874854,20.5,0.708,0.0,1.04,997.199328118506,8.32,0.363,0.0,0.756,3792.059499796911,20.5,0.652,0.0,1.21,3987.543134562936
1731071402.05,40.3,0.385,0.0,0.985,4288.8690043930255,19.8,0.708,0.0,0.821,997.24257455245,7.68,1.122,0.0,0.81,3791.965960949545,19.8,0.568,0.0,0.804,3987.7161747045134
1731071402.55,40.3,0.508,0.0,0.876,4288.979603735268,19.8,0.78,0.0,0.947,997.2858216178536,7.68,0.653,0.0,0.778,3791.872422168236,19.8,0.615,0.0,0.749,3987.889217368006
1731071403.05,39.7,0.347,0.0,0.71,4288.976461178147,19.8,0.693,0.0,0.768,997.3290693146382,8.33,0.721,0.0,0.777,3791.778883452989,19.8,0.721,0.0,0.806,3988.06226255308
1731071403.55,40.3,0.401,0.0,0.919,4288.979378555377,19.8,0.584,0.0,1.08,997.3723176427152,8.31,0.899,0.0,0.728,3791.685344803811,19.9,0.596,0.0,3.03,3988.235310259413
1731071404.05,39.7,0.498,0.0,1.08,4289.304472970011,20.5,0.521,0.0,0.74,997.4155666020056,7.68,0.454,0.0,0.768,3791.591806220707,20.5,0.594,0.0,1.39,3988.408360486674
1731071404.55,40.3,0.379,0.0,0.836,4289.132750971053,19.8,0.583,0.0,1.06,997.4588161924274,7.68,1.013,0.0,0.881,3791.49826770368,19.8,0.649,0.0,0.881,3988.581413234536
1731071405.05,39.7,0.401,0.0,1.13,4289.030183264785,19.8,0.608,0.0,0.719,997.5020664138984,8.32,0.634,0.0,0.863,3791.404729252735,19.8,0.647,0.0,1.29,3988.7544685026687
1731071405.55,40.3,0.444,0.0,1.02,4289.398818256896,20.5,0.599,0.0,0.875,997.5453172663398,8.32,0.498,0.0,0.845,3791.311190867876,19.8,0.859,0.0,0.743,3988.927526290744
1731071406.05,39.7,0.473,0.0,2.68,4289.364447383158,19.8,0.627,0.0,0.919,997.5885687496632,7.68,0.784,0.0,0.817,3791.2176525491113,20.5,0.838,0.0,1.29,3989.100586598437
1731071406.55,39.7,0.658,0.0,0.987,4289.802209346599,19.8,0.881,0.0,0.704,997.6318208637894,8.32,0.502,0.0,0.833,3791.124114296445,19.9,1.0,0.0,0.828,3989.273649425419
1731071407.05,40.3,0.556,0.0,0.9,4289.551012030076,19.8,0.941,0.0,1.09,997.6750736086368,7.69,1.107,0.0,1.46,3791.030576109879,19.8,0.863,0.0,1.04,3989.446714771361
1731071407.55,40.3,0.566,0.0,1.01,4289.417081647653,20.5,0.804,0.0,1.03,997.7183269841232,8.31,0.689,0.0,0.888,3790.937037989421,19.9,0.873,0.0,1.04,3989.6197826359353
1731071408.05,39.7,0.59,0.0,0.864,4289.60305349,19.9,0.747,0.0,1.87,997.7615809901696,7.67,0.727,0.0,0.824,3790.8434999350734,20.5,0.956,0.0,1.58,3989.792853018812
1731071408.55,40.3,0.661,0.0,1.0,4289.325825420612,19.8,0.868,0.0,1.01,997.8048356266876,8.33,0.508,0.0,1.32,3790.749961946844,19.8,0.812,0.0,0.864,3989.965925919668
1731071409.05,39.7,0.649,0.0,0.85,4289.509545853237,19.8,0.837,0.0,6.22,997.8480908935989,7.67,0.551,0.0,1.2,3790.656424024736,19.8,0.549,0.0,1.27,3990.139001338174
1731071409.55,40.3,0.751,0.0,1.21,4289.6650083480245,20.5,0.874,0.0,1.17,997.8913467908212,7.69,0.847,0.0,1.09,3790.562886168755,20.5,0.478,0.0,0.765,3990.3120792740015
1731071410.05,39.7,0.516,0.0,0.8,4290.013418528942,19.9,1.055,0.0,0.829,997.9346033182724,8.32,0.615,0.0,0.98,3790.4693483789056,19.8,0.635,0.0,0.826,3990.485159726823
1731071410.55,40.3,0.516,0.0,0.752,4290.271435122861,19.8,1.064,0.0,0.928,997.9778604758736,8.31,0.544,0.0,0.897,3790.375810655191,19.9,0.606,0.0,0.903,3990.6582426963087
1731071411.05,39.7,0.606,0.0,1.06,4290.113291607636,19.8,1.069,0.0,1.09,998.0211182635372,7.68,0.381,0.0,0.888,3790.282272997619,19.8,0.629,0.0,0.954,3990.831328182137
1731071411.55,39.7,0.655,0.0,0.915,4289.9608382038,20.5,1.07,0.0,1.43,998.0643766811838,8.32,0.454,0.0,0.778,3790.188735406193,20.5,0.616,0.0,7.07,3991.004416183976
1731071412.05,40.3,0.671,0.0,2.22,4290.546261258155,19.2,0.47,0.0,1.03,998.1076357287318,7.68,0.575,0.0,0.778,3790.09519788092,19.8,0.723,0.0,0.811,3991.1775067015
1731071412.55,40.3,0.761,0.0,1.4,4290.211190407654,20.5,0.415,0.0,1.02,998.1508954060992,7.68,0.677,0.0,0.732,3790.0016604218,19.9,0.714,0.0,0.749,3991.350599734381
1731071413.05,39.7,0.917,0.0,0.931,4290.20634567258,19.8,0.469,0.0,0.735,998.1941557132072,8.33,0.697,0.0,0.796,3789.9081230288416,19.8,0.782,0.0,0.847,3991.52369528229
1731071413.55,40.3,0.826,0.0,0.84,4290.228260647471,20.5,0.546,0.0,1.01,998.2374166499676,7.68,0.417,0.0,0.759,3789.814585702049,19.9,0.838,0.0,1.16,3991.696793344905
1731071414.05,39.7,0.693,0.0,3.45,4290.506659076246,19.8,0.525,0.0,0.865,998.280678216302,8.31,0.535,0.0,0.751,3789.7210484414286,20.5,0.83,0.0,0.831,3991.869893921895
1731071414.55,40.3,0.767,0.0,0.819,4290.411008406445,19.8,0.724,0.0,1.24,998.3239404121284,8.32,0.535,0.0,0.952,3789.627511246984,19.8,1.068,0.0,0.815,3992.0429970129335
1731071415.05,39.7,0.715,0.0,3.58,4290.729518817277,19.8,0.613,0.0,2.55,998.3672032373648,7.68,0.71,0.0,2.09,3789.5339741187177,19.8,0.96,0.0,0.855,3992.2161026176937
1731071415.55,39.7,0.659,0.016,1.01,4290.412783972731,20.5,0.543,0.0,8.09,998.4104666919326,8.32,0.673,0.0,8.43,3789.440437056637,19.8,0.987,0.0,0.76,3992.389210735846
1731071416.05,39.7,0.788,0.0,1.28,4290.769892989052,19.8,0.634,0.0,1.07,998.4537307757436,7.68,0.348,0.0,1.41,3789.346900060747,20.5,0.977,0.0,0.99,3992.562321367068
1731071416.55,40.3,0.76,0.0,0.896,4290.933745827579,19.8,0.508,0.0,0.76,998.4969954887196,8.32,0.543,0.0,0.804,3789.2533631310544,19.8,1.037,0.0,1.32,3992.735434511032
1731071417.05,39.7,0.988,0.0,0.888,4290.759172919313,19.8,0.494,0.0,1.04,998.5402608307784,7.68,0.612,0.0,0.906,3789.15982626756,19.8,0.734,0.0,0.778,3992.9085501674094
1731071417.55,40.3,1.042,0.0,0.879,4290.951806394735,20.5,0.472,0.0,0.915,998.5835268018382,8.32,0.674,0.0,0.889,3789.066289470271,19.8,0.589,0.0,0.831,3993.0816683358735
1731071418.05,39.7,1.022,0.0,0.745,4291.360378058291,19.8,0.492,0.0,1.52,998.6267934018206,7.69,0.838,0.0,0.787,3788.9727527391897,20.5,0.541,0.0,0.742,3993.2547890160968
1731071418.55,39.0,0.495,0.016,0.798,4290.759651593424,19.8,0.481,0.0,0.869,998.6700606306376,8.31,0.514,0.0,0.82,3788.8792160743255,19.8,0.431,0.0,0.725,3993.427912207756
1731071419.05,40.3,0.59,0.0,0.842,4291.247642223678,19.8,0.528,0.0,1.41,998.7133284882104,7.68,0.936,0.0,1.34,3788.785679475681,19.8,0.7,0.0,1.04,3993.6010379105214
1731071419.55,39.7,0.609,0.0,0.876,4291.330389916861,20.5,0.595,0.0,0.803,998.7565969744574,7.68,0.48,0.0,0.992,3788.692142943261,20.5,0.514,0.0,0.841,3993.774166124069
1731071420.05,40.3,0.677,0.0,0.819,4291.629486300642,19.8,0.632,0.0,1.29,998.799866089297,8.33,1.056,0.0,1.29,3788.598606477071,19.8,0.651,0.0,0.901,3993.9472968480704
1731071420.55,40.3,0.739,0.0,0.769,4291.518644882308,19.8,0.649,0.0,0.811,998.8431358326504,8.31,0.941,0.0,0.877,3788.5050700771135,19.9,0.577,0.0,0.798,3994.120430082197
1731071421.05,39.7,0.696,0.0,0.753,4291.506905526145,19.9,0.651,0.0,1.31,998.8864062044298,7.69,0.462,0.0,1.97,3788.411533743397,19.8,0.514,0.0,1.11,3994.293565826127
1731071421.55,40.3,0.801,0.0,0.803,4291.4938728546285,20.5,0.679,0.0,0.934,998.9296772045568,8.31,0.663,0.0,0.962,3788.3179974759246,19.8,0.606,0.0,0.767,3994.466704079532
1731071422.05,39.7,0.837,0.0,3.38,4291.881519049723,19.8,0.676,0.0,1.84,998.9729488329494,7.68,0.368,0.0,1.89,3788.2244612747018,20.5,0.474,0.0,0.745,3994.639844842086
1731071422.55,39.7,0.653,0.0,2.71,4292.000748729261,19.8,0.698,0.0,1.47,999.0162210895264,8.32,0.809,0.0,1.11,3788.130925139733,19.8,0.494,0.0,0.846,3994.8129881134623
1731071423.05,40.3,0.383,0.0,3.5,4291.439979496209,19.8,0.692,0.0,1.07,999.059493974209,7.68,0.686,0.0,1.09,3788.0373890710207,19.8,0.548,0.0,0.761,3994.986133893332
1731071423.55,40.3,0.301,0.0,0.897,4291.512521615068,20.5,0.749,0.0,3.36,999.1027674869092,8.32,0.448,0.0,3.0,3787.9438530685743,20.5,0.542,0.0,0.78,3995.159282181375
1731071424.05,39.1,0.342,0.016,1.0,4292.051026546678,19.8,0.764,0.0,0.791,999.146041627549,7.68,0.889,0.0,0.807,3787.850317132397,19.8,0.599,0.0,0.84,3995.332432977261
1731071424.55,40.3,0.369,0.0,1.83,4292.028657748497,19.8,0.64,0.0,1.25,999.1893163960464,8.32,0.529,0.0,1.04,3787.756781262493,19.8,0.623,0.0,0.83,3995.505586280665
1731071425.05,39.7,0.381,0.0,2.51,4291.742317950529,19.9,0.636,0.0,0.828,999.23259179232,7.68,1.143,0.0,1.01,3787.663245458868,19.9,0.673,0.0,0.905,3995.6787420912615
1731071425.55,40.3,0.343,0.0,0.838,4291.964907868507,20.5,0.654,0.0,0.836,999.2758678162916,8.32,0.845,0.0,1.62,3787.569709721525,19.8,0.639,0.0,0.834,3995.8519004087216
1731071426.05,39.7,0.455,0.0,0.85,4292.337168230525,19.8,0.593,0.0,0.761,999.3191444678728,7.68,0.655,0.0,0.869,3787.476174050471,20.5,0.671,0.0,2.38,3996.025061232724
1731071426.55,40.3,0.467,0.0,0.826,4291.900679279012,19.8,0.683,0.0,0.807,999.3624217469855,8.32,0.985,0.0,1.12,3787.382638445712,19.8,0.83,0.0,3.19,3996.1982245629406
1731071427.05,39.7,0.495,0.0,0.85,4292.256367014522,19.8,0.658,0.0,0.845,999.4056996535484,7.69,0.548,0.0,2.33,3787.28910290725,19.9,0.76,0.0,0.909,3996.371390399046
1731071427.55,40.3,0.471,0.0,0.771,4292.003765642145,20.5,0.676,0.0,1.36,999.4489781874798,7.68,1.119,0.0,2.53,3787.195567435091,20.5,0.711,0.0,0.816,3996.544558740714
1731071428.05,39.7,0.816,0.0,1.0,4292.109007494191,19.8,0.686,0.0,1.11,999.4922573487012,8.31,0.688,0.0,1.96,3787.10203202924,19.9,0.801,0.0,0.851,3996.717729587616
1731071428.55,40.3,0.496,0.0,0.729,4292.250244441999,19.8,0.75,0.0,1.22,999.5355371371252,8.32,0.654,0.0,1.14,3787.0084966897016,19.8,0.752,0.0,0.778,3996.890902939433
1731071429.05,39.7,0.582,0.0,0.81,4292.48980380258,19.8,0.758,0.0,0.872,999.5788175526732,7.68,0.426,0.0,1.32,3786.9149614164826,19.8,0.71,0.0,0.738,3997.064078795836
1731071429.55,39.7,0.65,0.0,1.07,4292.709151292743,20.5,0.839,0.0,0.843,999.6220985952637,8.32,0.462,0.0,0.859,3786.8214262095858,20.5,0.814,0.0,1.9,3997.2372571564974
1731071430.05,40.3,0.672,0.0,0.75,4292.531530995372,19.9,0.809,0.0,0.708,999.6653802648152,7.68,1.094,0.0,3.54,3786.727891069017,19.9,0.715,0.0,1.12,3997.410438021096
1731071430.55,40.3,0.777,0.0,0.959,4292.75245679861,19.8,1.024,0.0,0.93,999.7086625612496,8.32,0.727,0.0,0.799,3786.6343559947786,19.8,0.659,0.0,3.42,3997.5836213893
1731071431.05,39.7,0.614,0.0,0.779,4293.103698907652,19.9,0.925,0.0,2.8,999.7519454844792,7.68,0.674,0.0,3.71,3786.54082098688,19.8,0.554,0.0,0.88,3997.756807260791
1731071431.55,40.3,0.534,0.0,0.775,4292.657848651892,20.5,1.167,0.0,0.744,999.7952290344258,8.32,0.418,0.0,1.02,3786.447286045324,20.5,0.59,0.0,1.2,3997.929995635241
1731071432.05,39.7,0.516,0.0,2.09,4292.968293368864,19.8,0.975,0.0,0.806,999.8385132110078,7.68,0.492,0.0,1.41,3786.353751170115,19.9,0.621,0.0,0.786,3998.103186512325
1731071432.55,39.7,0.606,0.0,0.828,4292.844937099494,19.8,1.263,0.0,0.868,999.881798014144,7.69,0.521,0.0,1.06,3786.2602163612582,19.8,0.935,0.0,0.903,3998.276379891716
1731071433.05,40.3,0.662,0.0,0.939,4292.847259930804,19.9,0.65,0.0,0.938,999.925083443756,8.31,0.57,0.0,1.51,3786.166681618758,19.9,0.695,0.0,1.02,3998.449575773089
1731071433.55,40.3,0.78,0.0,0.877,4292.933867786908,19.8,0.439,0.0,0.834,999.9683694997564,8.32,0.584,0.0,1.12,3786.073146942621,19.8,0.75,0.0,0.967,3998.622774156121
1731071434.05,39.7,0.759,0.0,2.0,4292.841701613615,20.5,0.553,0.0,1.33,1000.0116561820668,7.68,0.444,0.0,0.779,3785.97961233285,20.5,0.845,0.0,1.82,3998.795975040487
1731071434.55,40.3,0.845,0.0,0.858,4293.083221453271,19.8,0.513,0.0,0.86,1000.0549434906058,8.32,0.667,0.0,2.32,3785.886077789453,19.8,0.794,0.0,1.36,3998.969178425861
1731071435.05,39.7,0.864,0.0,0.749,4293.225719125842,19.8,0.697,0.0,0.79,1000.0982314252924,7.69,0.686,0.0,1.36,3785.792543312431,19.8,1.215,0.0,0.835,3999.142384311917
1731071435.55,39.7,0.584,0.0,0.847,4293.479059179158,20.5,0.514,0.0,1.92,1000.141519986048,8.31,0.768,0.0,2.47,3785.69900890179,19.9,0.937,0.0,2.35,3999.3155926983295
1731071436.05,40.3,0.68,0.0,2.88,4293.270372895252,19.8,0.616,0.0,1.73,1000.1848091727854,7.68,0.784,0.0,3.0,3785.605474557537,20.5,0.811,0.0,1.59,3999.4888035847775
1731071436.55,40.3,0.612,0.0,6.42,4293.199702413139,19.8,0.569,0.0,1.9,1000.2280989854264,7.68,0.419,0.0,1.67,3785.511940279676,19.8,0.953,0.0,1.75,3999.662016970934
1731071437.05,39.7,0.758,0.0,2.34,4293.934131981136,19.8,0.491,0.0,1.31,1000.2713894238896,8.32,0.599,0.0,1.9,3785.418406068213,19.9,1.09,0.0,1.07,3999.835232856474
1731071437.55,40.3,0.845,0.0,1.05,4293.454313725263,19.8,0.43,0.0,0.891,1000.314680488094,8.32,0.624,0.0,0.933,3785.3248719231487,19.8,1.04,0.0,1.06,4000.008451241073
1731071438.05,39.7,0.81,0.0,1.41,4293.975912042804,20.5,0.406,0.0,0.856,1000.3579721779612,7.68,0.951,0.0,1.83,3785.231337844491,20.5,1.004,0.0,1.52,4000.181672124404
1731071438.55,40.3,1.101,0.0,1.56,4293.930403109313,19.8,0.496,0.0,0.661,1000.4012644934038,8.32,1.003,0.0,1.15,3785.1378038322455,19.8,0.849,0.0,5.11,4000.354895506147
1731071439.05,39.7,1.003,0.0,0.831,4293.887262645491,19.8,0.498,0.0,1.99,1000.4445574343438,7.68,0.765,0.0,1.37,3785.044269886417,19.9,0.451,0.0,0.844,4000.5281213859753
1731071439.55,40.3,1.045,0.0,2.71,4293.625163631907,20.5,0.503,0.0,1.06,1000.4878510007,7.68,0.928,0.0,1.65,3784.95073600701,20.5,0.47,0.0,1.03,4000.701349763565
1731071440.05,39.7,0.611,0.0,1.51,4294.335786569001,19.8,0.622,0.0,2.66,1000.531145192391,8.31,0.595,0.0,1.56,3784.857202194028,19.8,0.667,0.0,0.867,4000.874580638589
1731071440.55,39.7,0.928,0.0,2.68,4294.029052464299,19.8,0.572,0.0,5.31,1000.5744400093392,7.69,0.814,0.0,2.13,3784.763668447476,19.8,0.511,0.0,0.762,4001.047814010724
1731071441.05,40.3,0.637,0.0,8.18,4293.8227387078605,19.8,0.599,0.0,0.987,1000.6177354514566,8.32,0.876,0.0,8.66,3784.6701347673607,19.8,0.595,0.0,0.826,4001.221049879649
1731071441.55,39.7,0.685,0.0,1.09,4294.31722577093,20.5,0.539,0.0,0.916,1000.6610315186656,8.31,0.413,0.0,0.915,3784.576601153688,20.5,0.486,0.0,1.12,4001.394288245036
1731071442.05,40.4,0.86,0.0,2.78,4293.972559824892,19.8,0.645,0.0,0.906,1000.704328210885,7.68,0.666,0.0,2.78,3784.48306760646,19.8,0.471,0.0,0.811,4001.567529106563
1731071442.55,40.3,0.797,0.0,0.71,4294.049724742102,19.9,0.681,0.0,2.5,1000.7476255280336,8.32,0.366,0.0,0.874,3784.389534125683,19.8,0.777,0.0,1.4,4001.7407724639047
1731071443.05,39.7,0.818,0.0,0.832,4294.692289119356,19.8,0.859,0.0,1.65,1000.7909234700336,7.68,0.819,0.0,1.52,3784.29600071136,19.8,0.632,0.0,1.19,4001.914018316735
1731071443.55,40.3,0.946,0.0,0.792,4294.383900389678,20.5,0.656,0.0,1.93,1000.8342220367972,8.32,0.842,0.0,0.83,3784.202467363499,20.5,0.464,0.0,1.47,4002.087266664733
1731071444.05,39.0,0.268,0.0,2.43,4294.271283599358,19.8,0.883,0.0,1.01,1000.877521228247,7.68,0.436,0.0,1.27,3784.108934082105,19.9,0.486,0.0,0.781,4002.260517507575
1731071444.55,41.0,0.244,0.0,1.7,4294.67872970261,19.8,0.839,0.0,0.944,1000.9208210443016,7.68,0.753,0.0,0.888,3784.0154008671793,19.8,0.511,0.0,1.05,4002.433770844935
1731071445.05,39.7,0.382,0.0,1.42,4294.754562403318,19.8,0.771,0.0,0.868,1000.96412148488,8.31,0.351,0.0,1.77,3783.9218677187305,19.9,0.616,0.0,0.819,4002.6070266764896
1731071445.55,40.4,0.376,0.0,1.53,4294.524621110521,20.5,0.76,0.0,0.775,1001.0074225499044,8.32,1.187,0.0,0.835,3783.82833463676,19.9,0.553,0.0,0.962,4002.780285001913
1731071446.05,39.0,0.395,0.016,0.767,4294.49431088288,19.8,0.667,0.0,0.659,1001.0507242392872,7.68,0.691,0.0,0.896,3783.734801621276,20.5,0.577,0.0,0.874,4002.9535458208848
1731071446.55,40.3,0.55,0.0,1.28,4294.873137550592,19.9,0.541,0.0,0.911,1001.0940265529508,8.32,0.502,0.0,0.828,3783.6412686722815,19.8,0.664,0.0,0.826,4003.1268091330808
1731071447.05,39.7,0.509,0.0,0.803,4294.719649809087,19.8,0.705,0.0,2.81,1001.137329490814,7.68,0.838,0.0,0.846,3783.547735789784,19.9,0.799,0.0,0.909,4003.300074938176
1731071447.55,40.3,1.072,0.0,1.046,4295.251177893661,20.5,0.568,0.0,10.1,1001.180633052796,8.31,0.741,0.0,0.795,3783.4542029737854,20.5,0.693,0.0,0.788,4003.473343235847
1731071448.05,39.0,0.448,0.016,1.29,4294.957538814425,19.8,0.609,0.0,1.68,1001.223937238819,7.68,1.152,0.0,1.36,3783.360670224291,19.8,0.793,0.0,0.927,4003.646614025767
1731071448.55,40.3,0.475,0.0,0.988,4295.191050629131,19.8,0.616,0.0,1.14,1001.2672420487957,8.32,0.796,0.0,0.727,3783.2671375413074,19.8,0.703,0.0,0.912,4003.819887307619
1731071449.05,39.7,0.615,0.0,1.32,4294.821500151643,19.8,0.649,0.0,0.837,1001.3105474826478,7.68,0.632,0.0,1.23,3783.1736049248384,19.8,0.926,0.0,0.86,4003.993163081076
1731071449.55,40.3,0.438,0.0,0.949,4294.909582841471,20.5,0.832,0.0,0.773,1001.3538535402952,7.68,0.416,0.0,0.875,3783.08007237489,20.5,0.74,0.0,0.826,4004.166441345815
1731071450.05,39.7,0.969,0.0,0.732,4295.286864646711,19.8,1.182,0.0,0.814,1001.3971602216562,8.33,0.572,0.0,8.05,3782.986539891465,19.9,0.936,0.0,0.893,4004.339722101511
1731071450.55,40.4,0.681,0.0,1.33,4295.607112935678,19.8,1.005,0.0,0.767,1001.4404675266536,7.68,1.156,0.0,0.901,3782.89300747457,19.8,1.031,0.0,1.51,4004.5130053478406
1731071451.05,39.0,0.641,0.016,0.882,4295.414321739572,19.9,0.89,0.0,0.719,1001.4837754552,8.31,0.682,0.0,1.18,3782.7994751242095,19.8,0.76,0.0,1.33,4004.6862910844834
1731071451.55,39.7,0.864,0.0,8.65,4295.043449787351,20.5,0.767,0.0,0.798,1001.5270840072176,8.32,0.555,0.0,1.04,3782.7059428403895,19.8,0.756,0.0,1.78,4004.859579311115
1731071452.05,40.3,0.714,0.0,1.14,4295.532162751904,19.8,0.881,0.0,0.859,1001.5703931826254,7.69,0.427,0.0,0.886,3782.612410623114,20.5,0.55,0.0,1.34,4005.0328700274113
1731071452.55,39.7,0.452,0.0,1.11,4295.769692206071,19.8,1.006,0.0,0.953,1001.6137029813428,7.68,0.494,0.0,0.829,3782.518878472387,19.8,0.657,0.0,0.807,4005.2061632330497
1731071453.05,40.3,0.605,0.0,0.85,4295.731342325206,19.8,0.996,0.0,0.894,1001.657013403292,8.32,0.816,0.0,1.19,3782.4253463882137,19.8,0.647,0.0,0.728,4005.379458927705
1731071453.55,40.3,0.541,0.0,1.2,4295.500641747104,20.5,0.914,0.0,1.69,1001.7003244483858,7.67,0.75,0.0,1.55,3782.3318143706,19.8,0.748,0.0,0.901,4005.5527571110574
1731071454.05,39.7,0.629,0.0,1.3,4295.939796779312,19.8,1.066,0.0,0.892,1001.7436361165466,8.32,0.804,0.0,0.976,3782.238282419552,20.5,0.649,0.0,0.747,4005.726057782784
1731071454.55,40.3,0.526,0.0,1.72,4295.8026602066775,19.8,0.747,0.0,0.835,1001.7869484076934,8.32,0.483,0.0,1.43,3782.144750535072,19.8,0.718,0.0,0.767,4005.8993609425593
1731071455.05,39.7,0.702,0.0,1.0,4296.123232917324,19.8,0.441,0.0,0.815,1001.8302613217458,7.68,0.564,0.0,1.09,3782.051218717167,19.8,0.764,0.0,1.95,4006.072666590062
1731071455.55,40.3,0.706,0.0,0.77,4295.92064153498,20.5,0.517,0.0,0.852,1001.8735748586258,8.32,0.533,0.0,1.04,3781.957686965838,20.5,0.777,0.0,0.892,4006.245974724966
1731071456.05,39.7,0.873,0.0,0.92,4296.036270634871,19.8,0.427,0.0,1.08,1001.9168890182464,7.68,0.744,0.0,3.13,3781.864155281096,19.8,0.733,0.0,2.7,4006.4192853469535
1731071456.55,39.7,0.73,0.0,0.761,4296.279160113964,19.8,0.5,0.0,0.851,1001.9602038005302,8.32,0.698,0.0,0.946,3781.7706236629424,19.8,0.799,0.0,7.01,4006.5925984557
1731071457.05,40.3,0.541,0.0,0.766,4296.132212329903,19.8,0.595,0.0,0.799,1002.0035192053962,7.64,0.401,0.0,1.39,3781.677092111383,19.8,0.827,0.0,3.34,4006.765914050882
1731071457.55,39.7,0.651,0.0,0.664,4296.4510504081645,20.5,0.587,0.0,0.739,1002.0468352327636,7.73,0.541,0.0,0.907,3781.583560626421,19.9,0.991,0.0,0.806,4006.939232132178
1731071458.05,40.3,0.719,0.0,0.973,4296.378957286583,19.9,0.65,0.0,0.735,1002.0901518825552,8.32,0.676,0.0,1.09,3781.490029208063,20.5,1.073,0.0,1.05,4007.112552699261
1731071458.55,40.3,0.735,0.0,0.837,4296.357555289513,19.8,0.534,0.0,1.11,1002.1334691546836,8.32,0.686,0.0,0.883,3781.3964978563145,19.8,1.152,0.0,0.828,4007.285875751816
1731071459.05,39.7,0.803,0.0,0.731,4296.531876285194,19.8,0.556,0.0,0.852,1002.1767870490715,7.65,0.702,0.0,0.879,3781.3029665711792,19.8,1.064,0.0,3.84,4007.459201289516
1731071459.55,40.3,0.814,0.0,0.735,4296.533004266433,20.5,0.418,0.0,1.25,1002.220105565638,8.35,0.337,0.0,0.889,3781.209435352663,19.8,0.833,0.0,1.55,4007.6325293120394
1731071460.05,39.7,1.053,0.0,0.756,4296.560037659772,19.8,0.419,0.0,0.89,1002.2634247043028,7.68,0.627,0.0,0.849,3781.11590420077,19.8,0.6,0.0,1.06,4007.805859819061
1731071460.55,39.7,1.009,0.0,1.12,4296.416855454318,19.8,0.499,0.0,1.8,1002.306744464988,8.32,0.8,0.0,0.774,3781.022373115504,20.5,0.59,0.0,2.07,4007.979192810261
1731071461.05,39.7,0.516,0.0,0.893,4296.736888920327,19.8,0.459,0.0,0.855,1002.3500648476066,7.68,0.836,0.0,0.764,3780.928842096873,19.8,0.526,0.0,1.07,4008.152528285319
1731071461.55,40.3,0.523,0.0,0.814,4296.962157070533,20.5,0.801,0.0,0.86,1002.3933858520816,7.69,0.884,0.0,0.953,3780.83531114488,20.5,0.669,0.0,5.75,4008.325866243911
1731071462.05,40.3,0.523,0.0,0.75,4296.924288991359,19.8,0.599,0.0,0.794,1002.436707478332,8.32,0.454,0.0,0.839,3780.7417802595305,19.9,0.546,0.0,0.762,4008.499206685715
1731071462.55,39.6,0.718,0.0,0.792,4296.735259156834,19.8,0.546,0.0,0.813,1002.4800297262772,8.31,0.638,0.0,0.883,3780.6482494408287,19.8,0.611,0.0,0.805,4008.672549610408
1731071463.05,40.3,0.704,0.0,0.862,4296.644591565458,19.8,0.638,0.0,0.778,1002.5233525958398,7.68,0.331,0.0,0.873,3780.55471868878,19.8,0.534,0.0,1.41,4008.845895017666
1731071463.55,40.3,0.695,0.0,1.19,4297.16756648484,19.8,0.623,0.0,0.791,1002.566676086933,8.32,0.789,0.0,0.866,3780.461188003389,20.5,0.52,0.0,0.885,4009.019242907172
1731071464.05,39.7,0.803,0.0,0.813,4297.093204147166,20.5,0.648,0.0,0.749,1002.6100001994794,7.68,1.002,0.0,1.2,3780.3676573846624,19.8,0.443,0.0,0.788,4009.1925932786016
1731071464.55,39.7,0.858,0.0,0.791,4297.183899785529,19.8,0.694,0.0,0.707,1002.6533249333984,8.32,0.451,0.0,0.843,3780.274126832604,19.8,0.549,0.0,0.799,4009.365946131633
1731071465.05,40.3,0.815,0.0,0.856,4297.266408759228,19.8,0.749,0.0,0.661,1002.6966502886092,7.69,0.747,0.0,0.804,3780.180596347217,19.8,0.536,0.0,0.792,4009.539301465944
1731071465.55,39.7,0.323,0.0,1.01,4297.158377233576,20.5,0.836,0.0,1.11,1002.7399762650348,8.31,0.418,0.0,0.903,3780.087065928508,20.5,0.503,0.0,1.17,4009.71265928121
1731071466.05,40.3,0.296,0.0,0.889,4297.643922771856,19.8,0.735,0.0,3.41,1002.7833028625882,7.68,0.915,0.0,0.841,3779.993535576482,19.8,0.528,0.0,0.902,4009.8860195771135
1731071466.55,39.7,0.449,0.0,1.03,4297.8006712234255,19.8,0.805,0.0,1.34,1002.826630081192,7.68,0.759,0.0,0.831,3779.9000052911456,19.9,0.809,0.0,0.84,4010.0593823533336
1731071467.05,40.3,0.318,0.0,0.738,4297.724300951672,19.8,0.642,0.0,1.04,1002.8699579207658,8.33,0.556,0.0,0.702,3779.8064750725007,19.8,0.609,0.0,0.778,4010.2327476095456
1731071467.55,40.3,0.314,0.0,1.24,4297.618709977822,19.8,0.704,0.0,0.935,1002.9132863812292,7.68,0.814,0.0,0.827,3779.712944920554,19.9,0.585,0.0,0.751,4010.406115345428
1731071468.05,39.7,0.363,0.0,0.749,4297.555431233256,20.5,0.587,0.0,0.799,1002.9566154625048,8.32,0.383,0.0,0.774,3779.619414835308,20.5,0.657,0.0,0.811,4010.579485560658
1731071468.55,39.7,0.431,0.0,1.08,4297.804989087142,19.8,0.559,0.0,0.643,1002.9999451645056,7.68,1.012,0.0,0.805,3779.525884816771,19.8,0.712,0.0,0.705,4010.752858254918
1731071469.05,40.3,0.413,0.0,0.75,4298.108497473448,19.8,0.72,0.0,0.757,1003.0432754871548,8.31,0.596,0.0,0.873,3779.432354864948,19.8,0.719,0.0,0.841,4010.926233427885
1731071469.55,39.7,0.379,0.0,1.31,4297.70101784954,20.5,0.621,0.0,0.804,1003.0866064303714,7.68,0.556,0.0,0.782,3779.33882497984,20.5,0.787,0.0,0.805,4011.099611079237
1731071470.05,40.3,0.461,0.0,0.936,4297.877766068565,19.9,0.643,0.0,0.825,1003.1299379940754,8.32,0.648,0.0,0.844,3779.245295161457,19.8,0.734,0.0,0.732,4011.272991208652
1731071470.55,40.3,0.475,0.0,2.41,4297.825716778911,19.8,0.752,0.0,0.685,1003.1732701781892,7.68,0.491,0.0,0.915,3779.1517654097984,19.8,0.768,0.0,0.739,4011.446373815808
1731071471.05,39.7,0.496,0.0,0.96,4298.1617790767,19.9,0.732,0.0,0.636,1003.2166029826268,8.32,1.134,0.0,1.87,3779.058235724874,19.9,0.863,0.0,0.798,4011.6197589003855
1731071471.55,39.7,0.617,0.0,0.965,4298.46362220917,20.5,0.711,0.0,0.844,1003.2599364073102,7.68,0.72,0.0,0.962,3778.964706106687,19.8,1.041,0.0,0.847,4011.7931464620656
1731071472.05,40.3,0.503,0.0,0.778,4298.627620090831,19.8,0.834,0.0,0.92,1003.3032704521592,8.33,0.732,0.0,1.07,3778.8711765552425,20.5,0.847,0.0,0.863,4011.966536500524
1731071472.55,40.3,0.755,0.0,0.748,4298.104557606152,19.9,0.832,0.0,0.795,1003.346605117094,8.31,0.662,0.0,0.877,3778.7776470705458,19.8,0.797,0.0,0.818,4012.139929015439
1731071473.05,39.7,0.687,0.0,0.765,4298.545808006394,19.8,0.841,0.0,0.845,1003.3899404020366,7.68,0.736,0.0,0.835,3778.684117652598,19.8,0.589,0.0,0.828,4012.313324006488
1731071473.55,40.3,0.675,0.0,0.843,4298.571646938819,20.5,0.912,0.0,0.83,1003.4332763069008,7.69,1.001,0.0,0.996,3778.59058830141,19.8,0.616,0.0,0.954,4012.4867214733554
1731071474.05,39.7,0.515,0.0,1.22,4298.399518613806,19.8,0.942,0.0,0.836,1003.4766128316096,8.31,0.701,0.0,0.871,3778.497059016984,20.5,0.608,0.0,0.821,4012.660121415717
1731071474.55,40.3,0.565,0.0,0.833,4298.412743007743,19.8,1.057,0.0,0.876,1003.5199499760824,7.69,0.636,0.0,0.922,3778.403529799326,19.8,0.664,0.0,0.775,4012.833523833253
1731071475.05,39.7,0.575,0.0,0.816,4298.490305078789,19.9,1.036,0.0,0.727,1003.5632877402388,8.32,0.514,0.0,0.855,3778.3100006484383,19.9,0.622,0.0,0.748,4013.0069287256415
1731071475.55,40.3,0.535,0.0,0.805,4298.43436854468,20.5,1.047,0.0,0.785,1003.606626124002,8.32,0.616,0.0,0.908,3778.216471564328,19.8,0.642,0.0,0.81,4013.18033609256
1731071476.05,39.7,0.669,0.0,0.695,4298.602005836059,19.2,0.431,0.0,0.737,1003.6499651272854,7.68,0.811,0.0,0.743,3778.122942546999,20.5,0.675,0.0,0.81,4013.353745933692
1731071476.55,40.3,0.857,0.0,0.868,4298.802629631162,20.5,0.406,0.0,0.892,1003.6933047500116,7.68,0.751,0.0,0.88,3778.029413596458,19.8,1.024,0.0,0.822,4013.5271582487135
1731071477.05,38.4,2.178,0.032,36.834,4298.823345268602,19.2,6.053,0.032,0.82,1003.7366449921008,7.69,6.689,0.077,52.44,3777.93588471271,18.6,5.888,0.065,0.791,4013.700573037306
1731071477.55,40.3,0.85,0.0,72.8,4298.597663896884,20.5,1.269,0.0,2.3,1003.7799858534725,8.3,3.014,0.0,104.0,3777.842355895757,20.5,1.477,0.0,0.883,4013.873990299148
1731071478.05,39.0,0.672,0.016,0.941,4298.997217704239,19.8,0.544,0.0,3.18,1003.8233273340496,7.69,1.699,0.0,0.84,3777.748827145605,19.9,0.973,0.0,1.44,4014.047410033917
1731071478.55,40.3,0.665,0.0,1.23,4299.23478354821,19.8,0.54,0.0,1.12,1003.8666694337458,8.32,1.102,0.0,0.798,3777.655298462261,19.8,1.282,0.0,0.877,4014.220832241295
1731071479.05,39.7,0.72,0.0,1.15,4298.844040025179,19.8,0.487,0.0,0.943,1003.9100121524835,7.68,0.979,0.0,0.777,3777.56176984573,19.8,1.126,0.0,0.864,4014.3942569209617
1731071479.55,40.4,0.729,0.0,0.801,4299.18195198797,20.5,0.53,0.0,1.04,1003.9533554901834,8.32,0.87,0.0,1.244,3777.468241296014,20.5,0.986,0.0,0.989,4014.567684072596
1731071480.05,39.7,0.701,0.0,1.07,4299.42453866336,19.8,0.462,0.0,0.665,1003.9966994467648,7.68,0.472,0.0,1.71,3777.37471281312,19.8,0.904,0.0,0.774,4014.7411136958767
1731071480.55,39.7,0.956,0.0,0.96,4299.3499944764,19.8,0.426,0.0,0.807,1004.0400440221508,8.32,0.6,0.0,0.861,3777.281184397052,19.8,1.105,0.0,0.657,4014.914545790482
1731071481.05,39.6,0.758,0.016,1.65,4299.587265843701,19.8,0.577,0.0,0.755,1004.0833892162548,7.68,0.618,0.0,0.816,3777.187656047816,19.8,0.757,0.0,0.937,4015.087980356096
1731071481.55,40.3,0.996,0.0,4.57,4299.379552104292,20.5,0.473,0.0,1.27,1004.1267350290002,8.32,0.678,0.0,1.28,3777.0941277654174,19.8,0.404,0.0,0.821,4015.261417392397
1731071482.05,39.0,1.395,0.016,1.02,4299.384305943187,19.8,0.471,0.0,0.977,1004.1700814603064,7.68,0.783,0.0,0.742,3777.00059954986,20.5,0.432,0.0,0.892,4015.434856899064
1731071482.55,39.7,0.533,0.0,1.28,4299.654590075014,19.8,0.523,0.0,1.95,1004.213428510094,8.32,0.362,0.0,0.955,3776.907071401149,19.8,0.6,0.0,0.807,4015.6082988757767
1731071483.05,40.3,0.542,0.0,0.947,4299.604003275078,19.8,0.557,0.0,0.767,1004.2567761782852,7.68,0.652,0.0,0.921,3776.813543319288,19.8,0.703,0.0,0.802,4015.781743322213
1731071483.55,40.3,0.694,0.0,0.907,4299.470936291164,20.5,0.605,0.0,0.832,1004.3001244647944,7.68,0.325,0.0,1.66,3776.720015304285,20.5,0.526,0.0,0.827,4015.9551902380576
1731071484.05,39.7,0.593,0.0,1.19,4299.664510539307,19.8,0.551,0.0,0.735,1004.343473369544,8.32,0.792,0.0,4.68,3776.626487356143,19.9,0.509,0.0,0.74,4016.128639622989
1731071484.55,40.3,0.775,0.0,0.897,4299.75036921574,19.8,0.679,0.0,0.872,1004.3868228924543,8.32,0.813,0.0,0.876,3776.532959474868,19.8,0.574,0.0,0.802,4016.302091476687
1731071485.05,39.1,0.765,0.016,0.858,4299.980724205045,19.8,0.732,0.0,0.772,1004.4301730334456,7.69,0.54,0.0,1.01,3776.439431660464,19.8,0.659,0.0,0.843,4016.47554579883
1731071485.55,39.6,0.721,0.016,0.698,4300.06181994554,20.5,0.605,0.0,1.0,1004.4735237924403,8.31,0.725,0.0,0.913,3776.345903912934,19.8,0.533,0.0,0.766,4016.6490025890976
1731071486.05,39.7,0.868,0.0,0.828,4300.414844386944,19.8,0.68,0.0,0.767,1004.5168751693528,7.68,0.501,0.0,1.03,3776.252376232288,20.5,0.69,0.0,0.761,4016.8224618471754
1731071486.55,39.7,0.63,0.0,0.878,4300.164074802156,19.8,0.762,0.0,2.66,1004.560227164106,8.32,0.892,0.0,0.829,3776.158848618527,19.8,0.672,0.0,0.944,4016.995923572739
1731071487.05,40.3,0.301,0.0,0.798,4300.35937475871,19.9,0.898,0.0,1.33,1004.6035797766197,7.68,0.739,0.0,0.791,3776.065321071658,19.8,0.551,0.0,0.839,4017.16938776547
1731071487.55,40.3,0.282,0.0,0.877,4300.721295365617,20.5,0.727,0.0,1.7,1004.6469330068138,8.32,0.419,0.0,0.912,3775.9717935916847,19.8,0.557,0.0,0.823,4017.3428544250496
1731071488.05,39.7,0.296,0.0,0.891,4300.74382205853,19.8,0.787,0.0,1.3,1004.690286854612,7.69,0.73,0.0,0.827,3775.8782661786113,20.5,0.704,0.0,0.766,4017.516323551155
1731071488.55,40.3,0.367,0.0,0.784,4300.373180150598,19.9,0.737,0.0,1.38,1004.7336413199278,8.31,0.339,0.0,1.2,3775.784738832445,19.9,0.624,0.0,0.844,4017.689795143472
1731071489.05,39.7,0.482,0.0,0.834,4300.610868193873,19.8,0.705,0.0,3.2,1004.7769964026844,7.68,0.919,0.0,0.793,3775.6912115531904,19.8,0.622,0.0,0.816,4017.863269201679
1731071489.55,40.3,0.404,0.0,0.821,4300.52635605811,20.5,0.496,0.0,1.28,1004.8203521028018,8.32,0.559,0.0,0.82,3775.597684340852,19.8,0.716,0.0,0.785,4018.036745725455
1731071490.05,39.7,0.721,0.0,0.725,4300.799345887751,19.9,0.697,0.0,0.848,1004.8637084202004,7.69,0.517,0.0,0.723,3775.504157195434,20.5,0.61,0.0,0.754,4018.210224714482
1731071490.55,39.7,0.388,0.0,0.771,4301.1056679648045,19.8,0.62,0.0,0.688,1004.9070653548032,8.31,0.847,0.0,0.955,3775.410630116941,19.8,0.675,0.0,0.833,4018.383706168438
1731071491.05,40.3,0.416,0.0,0.776,4300.708641864232,19.8,0.668,0.0,0.815,1004.950422906524,7.68,0.428,0.0,0.962,3775.3171031053794,19.8,0.721,0.0,0.839,4018.5571900870086
1731071491.55,40.3,0.717,0.0,0.973,4300.927058770516,20.5,0.863,0.0,0.776,1004.993781075286,8.32,1.035,0.0,1.62,3775.2235761607553,19.9,1.102,0.0,0.782,4018.730676469873
1731071492.05,39.7,0.671,0.0,0.838,4301.01447814902,19.8,0.884,0.0,0.8,1005.0371398610096,7.69,0.692,0.0,0.87,3775.130049283071,20.4,0.911,0.0,0.884,4018.904165316711
1731071492.55,40.3,0.63,0.0,1.37,4300.687615683863,19.8,0.839,0.0,0.799,1005.0804992636148,8.31,0.543,0.0,0.842,3775.0365224723328,19.9,0.851,0.0,0.757,4019.077656627203
1731071493.05,39.6,0.562,0.0,0.769,4300.953440074709,19.8,0.787,0.0,0.745,1005.1238592830252,7.69,0.391,0.0,0.707,3774.942995728544,19.8,0.908,0.0,0.763,4019.251150401029
1731071493.55,40.3,0.573,0.0,0.868,4301.223076902669,20.5,0.734,0.0,0.75,1005.167219919154,8.32,0.536,0.0,1.06,3774.849469051712,20.5,0.888,0.0,0.654,4019.4246466378736
1731071494.05,39.7,0.648,0.0,0.978,4301.249578849245,19.8,0.839,0.0,0.972,1005.2105811719254,7.68,1.329,0.0,0.891,3774.7559424418414,19.8,0.755,0.0,0.854,4019.598145337417
1731071494.55,39.7,0.571,0.016,0.819,4301.684923868734,19.8,0.909,0.0,0.858,1005.2539430412588,8.3,0.755,0.0,0.779,3774.6624158989375,19.8,0.549,0.0,0.783,4019.771646499338
1731071495.05,39.7,0.56,0.0,1.33,4301.465637824185,19.9,0.879,0.0,0.844,1005.2973055270752,7.69,0.618,0.0,0.811,3774.5688894230034,19.8,0.619,0.0,0.869,4019.9451501233207
1731071495.55,39.7,0.459,0.016,0.824,4301.629096628886,20.5,1.018,0.0,0.831,1005.3406686292972,8.32,0.422,0.0,0.896,3774.475363014044,19.8,0.661,0.0,0.757,4020.118656209042
1731071496.05,39.7,0.509,0.0,0.934,4301.38996835375,19.8,0.938,0.0,0.794,1005.3840323478394,7.69,0.507,0.0,1.3,3774.381836672066,20.5,0.571,0.0,0.754,4020.292164756188
1731071496.55,40.3,0.72,0.0,0.869,4301.451506152062,19.9,1.087,0.0,0.819,1005.4273966826248,7.68,0.566,0.0,0.858,3774.288310397074,19.8,0.687,0.0,0.878,4020.465675764438
1731071497.05,39.7,0.676,0.0,1.68,4301.469275622856,19.8,0.848,0.0,3.03,1005.4707616335736,8.32,0.574,0.0,1.36,3774.194784189073,19.9,0.699,0.0,0.92,4020.6391892334736
1731071497.55,40.3,0.748,0.0,2.32,4301.647853850966,19.9,0.436,0.0,3.27,1005.5141272006064,8.31,0.629,0.0,0.874,3774.101258048068,20.5,0.835,0.0,0.771,4020.812705162976
1731071498.05,39.7,0.858,0.0,0.944,4301.912134782805,20.5,0.51,0.0,3.06,1005.5574933836466,7.68,0.492,0.0,0.795,3774.007731974061,19.8,0.743,0.0,0.832,4020.986223552624
1731071498.55,40.3,0.81,0.0,0.833,4301.841230914281,19.8,0.656,0.0,0.782,1005.600860182608,8.32,0.577,0.0,0.856,3773.9142059670617,19.8,0.832,0.0,0.85,4021.159744402104
1731071499.05,39.0,0.874,0.016,0.745,4301.883462909182,19.8,0.619,0.0,0.713,1005.6442275974144,7.68,0.624,0.0,0.859,3773.8206800270727,19.8,0.993,0.0,1.28,4021.333267711096
1731071499.55,39.7,0.687,0.0,0.768,4301.956785032792,20.5,0.478,0.0,0.792,1005.6875956279856,8.32,0.636,0.0,0.833,3773.727154154101,20.5,0.922,0.0,1.22,4021.506793479281
1731071500.05,40.4,0.615,0.0,1.15,4301.581500858294,19.8,0.686,0.0,0.932,1005.7309642742424,7.68,0.683,0.0,0.867,3773.6336283481473,19.8,0.846,0.0,2.76,4021.68032170634
1731071500.55,40.3,0.605,0.0,0.762,4302.271907073516,19.8,0.539,0.0,0.753,1005.7743335361082,7.68,0.377,0.0,0.712,3773.54010260922,19.8,0.911,0.0,1.1,4021.853852391953
1731071501.05,39.7,0.674,0.0,1.35,4302.451447184359,19.9,0.484,0.0,0.805,1005.8177034134968,8.32,0.701,0.0,0.92,3773.4465769373214,19.8,0.969,0.0,1.56,4022.0273855358064
1731071501.55,39.7,0.804,0.0,0.774,4302.113985131082,19.8,0.423,0.0,0.843,1005.8610739063324,8.32,0.692,0.0,0.89,3773.3530513324617,20.5,1.066,0.0,7.98,4022.20092113758
1731071502.05,40.3,0.901,0.0,1.28,4302.183090717102,20.5,0.48,0.0,0.649,1005.9044450145344,7.69,0.854,0.0,1.44,3773.259525794642,19.8,1.084,0.0,0.985,4022.374459196956
1731071502.55,40.3,1.14,0.0,0.783,4302.157476736512,19.8,0.486,0.0,0.826,1005.947816738024,8.31,0.798,0.0,1.69,3773.166000323866,19.9,0.759,0.0,1.13,4022.547999713616
1731071503.05,39.7,0.975,0.0,1.34,4302.69178126459,19.9,0.6,0.0,0.911,1005.9911890767248,7.69,0.402,0.0,6.23,3773.072474920141,19.8,0.47,0.0,1.35,4022.721542687238
1731071503.55,39.7,0.977,0.0,0.819,4302.724967199933,20.5,0.529,0.0,0.936,1006.0345620305504,8.31,0.594,0.0,1.29,3772.978949583471,20.5,0.542,0.0,1.14,4022.895088117511
1731071504.05,40.3,0.475,0.0,0.899,4302.724431670193,19.8,0.464,0.0,1.48,1006.0779355994248,7.68,0.475,0.0,1.03,3772.885424313864,19.8,0.419,0.0,1.33,4023.0686360041136
1731071504.55,40.3,0.782,0.0,0.678,4302.498444878696,19.8,0.494,0.0,0.72,1006.121309783268,8.32,0.724,0.0,0.735,3772.79189911132,19.8,0.486,0.0,1.1,4023.242186346728
1731071505.05,39.7,0.887,0.0,0.835,4302.915821906815,19.8,0.556,0.0,0.788,1006.164684582001,7.68,0.783,0.0,1.01,3772.698373975848,19.9,0.475,0.0,3.93,4023.4157391450376
1731071505.55,40.3,0.739,0.0,1.76,4302.666487434188,20.5,0.772,0.0,0.671,1006.2080599955472,8.32,0.395,0.0,0.873,3772.6048489074487,19.8,0.541,0.0,2.1,4023.589294398721
1731071506.05,39.7,0.678,0.0,0.975,4302.779826854678,19.9,0.641,0.0,1.34,1006.2514360238208,7.68,0.638,0.0,1.37,3772.511323906132,20.5,0.52,0.0,7.64,4023.762852107464
1731071506.55,40.3,0.746,0.0,1.34,4302.644212285332,19.8,0.71,0.0,0.768,1006.2948126667452,8.32,0.311,0.0,0.8,3772.417798971901,19.8,0.549,0.0,1.68,4023.936412270949
1731071507.05,39.0,0.433,0.016,0.809,4302.7208145816185,19.8,0.656,0.0,1.28,1006.3381899242416,7.69,0.855,0.0,0.659,3772.32427410476,19.8,0.593,0.0,1.07,4024.109974888858
1731071507.55,40.3,0.874,0.0,1.15,4302.915155081667,20.5,0.749,0.0,0.789,1006.3815677962298,8.31,0.945,0.0,0.73,3772.230749304714,20.5,0.54,0.0,0.906,4024.283539960872
1731071508.05,39.0,0.303,0.0,2.76,4302.867101803859,19.8,0.819,0.0,1.4,1006.424946282634,7.68,0.484,0.0,0.945,3772.137224571768,19.8,0.471,0.0,1.12,4024.457107486672
1731071508.55,41.0,0.387,0.0,1.45,4303.177848792751,19.8,0.799,0.0,0.815,1006.468325383368,7.68,0.939,0.0,0.837,3772.043699905928,19.9,0.552,0.0,0.851,4024.630677465945
1731071509.05,39.7,0.467,0.0,0.945,4303.50727464011,19.9,0.904,0.0,1.05,1006.511705098356,8.31,0.471,0.0,0.814,3771.9501753071977,19.8,0.576,0.0,0.73,4024.804249898372
1731071509.55,40.3,0.294,0.0,1.03,4303.22771733145,20.5,0.863,0.0,0.816,1006.5550854275184,8.32,0.939,0.0,0.792,3771.856650775584,19.8,0.652,0.0,0.927,4024.977824783636
1731071510.05,39.7,0.379,0.0,1.1,4303.01005513192,19.8,0.645,0.0,1.28,1006.5984663707756,7.68,0.747,0.0,1.0,3771.76312631109,20.5,0.603,0.0,0.891,4025.151402121417
1731071510.55,40.3,0.436,0.0,0.835,4303.37230602775,19.8,0.557,0.0,1.02,1006.6418479280516,8.32,0.509,0.0,0.88,3771.66960191372,19.8,0.593,0.0,1.44,4025.3249819113976
1731071511.05,39.0,0.728,0.016,0.867,4303.199854846632,19.8,1.007,0.0,1.24,1006.6852300992606,7.68,0.796,0.0,0.782,3771.576077583481,19.8,1.15,0.0,0.752,4025.498564153265
1731071511.55,40.3,0.412,0.0,0.938,4303.432068113179,19.8,0.676,0.0,5.79,1006.7286128843264,8.32,0.52,0.0,0.765,3771.482553320378,19.8,0.836,0.0,0.856,4025.672148846699
1731071512.05,39.7,0.469,0.0,1.01,4303.4297146873705,20.5,0.639,0.0,0.861,1006.7719962831698,7.68,1.207,0.0,0.797,3771.389029124416,20.5,0.739,0.0,0.787,4025.845735991384
1731071512.55,40.3,0.44,0.0,1.31,4303.927013284256,19.9,0.685,0.0,3.74,1006.8153802957112,8.32,0.669,0.0,0.79,3771.295504995598,19.8,0.84,0.0,0.77,4026.019325587
1731071513.05,39.7,0.41,0.0,0.902,4303.7609755465455,19.8,0.719,0.0,1.12,1006.8587649218744,7.68,0.549,0.0,0.717,3771.20198093393,19.8,0.848,0.0,0.874,4026.192917633232
1731071513.55,40.3,0.606,0.0,0.957,4303.503207877719,20.5,0.852,0.0,1.08,1006.902150161574,7.68,0.386,0.0,0.853,3771.1084569394175,19.8,0.862,0.0,0.771,4026.366512129763
1731071514.05,39.7,0.733,0.0,1.0,4303.655727525968,19.9,1.006,0.0,1.41,1006.945536014734,8.33,0.623,0.0,0.684,3771.014933012066,20.5,0.783,0.0,0.789,4026.5401090762775
1731071514.55,40.3,0.626,0.0,5.04,4304.045055140267,19.8,0.81,0.0,3.22,1006.9889224812748,8.31,1.123,0.0,0.85,3770.9214091518807,19.8,1.111,0.0,1.13,4026.713708472457
1731071515.05,39.7,0.865,0.0,1.03,4304.215178207024,19.8,0.827,0.0,1.03,1007.032309561117,7.68,0.773,0.0,0.873,3770.827885358864,19.9,1.069,0.0,1.36,4026.887310317984
1731071515.55,40.4,0.625,0.0,1.18,4303.770112354655,20.5,0.969,0.0,0.911,1007.0756972541848,8.32,0.602,0.0,0.854,3770.734361633022,19.9,0.608,0.0,2.45,4027.0609146125407
1731071516.05,39.7,1.021,0.0,1.06,4303.9321025524805,19.8,0.901,0.0,1.25,1007.1190855603926,7.68,0.402,0.0,2.91,3770.640837974361,20.5,0.568,0.0,5.86,4027.234521355814
1731071516.55,39.7,0.695,0.0,1.27,4304.254686216525,19.8,0.87,0.0,0.886,1007.162474479664,7.69,0.499,0.0,3.67,3770.547314382887,19.8,1.0,0.0,0.914,4027.4081305474874
1731071517.05,40.3,0.609,0.0,0.989,4304.158323210974,19.8,0.987,0.0,5.59,1007.2058640119202,8.31,0.817,0.0,5.75,3770.4537908586017,19.8,0.67,0.0,3.26,4027.58174218724
1731071517.55,39.7,0.798,0.0,1.34,4304.6270354354165,20.5,1.113,0.0,0.873,1007.2492541570816,7.68,0.565,0.0,1.65,3770.360267401513,20.5,1.05,0.0,0.875,4027.7553562747594
1731071518.05,40.3,0.606,0.0,0.755,4304.609904913931,19.8,1.026,0.0,0.844,1007.2926449150726,8.32,0.696,0.0,6.35,3770.2667440116215,19.9,0.672,0.0,4.38,4027.9289728097233
1731071518.55,40.3,0.718,0.0,0.743,4304.634899695195,19.9,0.729,0.0,0.706,1007.3360362858072,8.33,0.633,0.0,1.31,3770.173220688938,19.8,0.723,0.0,0.777,4028.1025917918223
1731071519.05,39.7,0.718,0.0,0.844,4304.34780242836,19.8,0.511,0.0,0.758,1007.3794282692098,7.68,0.642,0.0,0.952,3770.079697433464,19.9,0.669,0.0,3.45,4028.2762132207367
1731071519.55,40.3,0.823,0.0,0.692,4304.874284412037,20.5,0.685,0.0,0.733,1007.422820865201,8.32,0.592,0.0,0.974,3769.986174245206,20.5,0.666,0.0,0.738,4028.449837096151
1731071520.05,39.7,0.887,0.0,0.741,4304.770228018238,19.8,0.615,0.0,0.833,1007.4662140737016,7.68,0.745,0.0,0.693,3769.892651124168,19.8,0.98,0.0,3.34,4028.623463417748
1731071520.55,40.3,0.874,0.0,0.826,4304.7946817534585,19.8,0.543,0.0,0.842,1007.5096078946356,7.68,0.855,0.0,0.751,3769.799128070353,19.8,0.883,0.0,0.719,4028.797092185209
1731071521.05,39.0,0.562,0.016,0.718,4304.800393990711,19.8,0.577,0.0,1.01,1007.553002327918,8.32,0.549,0.0,0.738,3769.7056050837705,19.8,0.865,0.0,2.194,4028.970723398222
1731071521.55,40.3,0.925,0.0,0.674,4304.6387391155895,20.5,0.514,0.0,0.86,1007.5963973734722,8.32,0.656,0.0,0.831,3769.612082164424,19.8,0.95,0.0,3.67,4029.144357056471
1731071522.05,39.7,0.717,0.0,0.79,4304.713072152287,19.9,0.618,0.0,0.739,1007.6397930312196,7.68,0.677,0.0,0.691,3769.518559312317,20.5,0.962,0.0,3.435,4029.317993159637
1731071522.55,40.3,0.725,0.0,0.755,4305.136782224208,19.8,0.547,0.0,0.824,1007.6831893010806,8.32,0.703,0.0,1.85,3769.425036527455,19.8,0.958,0.0,3.2,4029.491631707405
1731071523.05,39.7,0.905,0.0,0.867,4305.002637904437,19.8,0.512,0.0,1.47,1007.7265861829798,7.68,0.749,0.0,0.801,3769.331513809842,19.8,0.975,0.0,0.911,4029.665272699457
1731071523.55,40.3,1.013,0.0,2.39,4304.846003410467,20.5,0.493,0.0,0.854,1007.7699836768315,8.32,0.411,0.0,0.903,3769.237991159486,19.8,0.797,0.0,3.69,4029.838916135482
1731071524.05,39.7,1.058,0.0,0.819,4305.431754464422,19.8,0.534,0.0,0.888,1007.81338178256,7.68,0.599,0.0,0.829,3769.14446857639,19.8,0.405,0.0,0.88,4030.0125620151607
1731071524.55,40.3,1.045,0.0,0.853,4305.398603744785,19.8,0.666,0.0,0.812,1007.856780500086,8.32,0.613,0.0,1.58,3769.050946060561,20.5,0.515,0.0,3.57,4030.186210338178
1731071525.05,39.0,0.62,0.0,0.667,4305.605902268517,19.8,0.693,0.0,0.726,1007.9001798293308,7.68,0.746,0.0,0.746,3768.957423612,19.8,0.504,0.0,0.963,4030.3598611042175
1731071525.55,40.3,0.565,0.016,0.866,4305.183428585609,20.5,0.557,0.0,1.473,1007.9435797702184,8.31,0.797,0.0,0.762,3768.863901230714,19.9,0.418,0.0,1.44,4030.5335143129614
1731071526.05,39.7,0.622,0.0,1.09,4305.198051934884,19.8,0.695,0.0,2.22,1007.9869803226632,7.68,0.392,0.0,0.804,3768.770378916709,20.5,0.398,0.0,1.07,4030.7071699640983
1731071526.55,40.3,0.596,0.0,0.766,4305.369028888476,19.8,0.539,0.0,0.738,1008.03038148659,8.32,0.784,0.0,0.779,3768.676856669991,19.8,0.768,0.0,0.887,4030.880828057312
1731071527.05,39.7,0.728,0.0,0.964,4305.233274207828,19.8,0.551,0.0,0.871,1008.0737832619192,7.69,0.466,0.0,0.942,3768.583334490562,19.8,0.592,0.0,0.854,4031.054488592285
1731071527.55,40.3,0.731,0.0,0.801,4305.768473179744,20.5,0.603,0.0,0.818,1008.117185648572,8.31,0.841,0.0,0.838,3768.489812378428,19.8,0.513,0.0,0.837,4031.228151568701
1731071528.05,39.0,1.054,0.016,3.34,4305.538966187172,19.8,0.855,0.0,0.815,1008.1605886464728,7.68,0.935,0.0,3.54,3768.3962903335946,20.5,0.464,0.0,0.782,4031.401816986244
1731071528.55,39.7,1.206,0.0,2.16,4305.4976358647855,19.8,0.657,0.0,0.832,1008.2039922555364,8.32,0.427,0.0,0.962,3768.302768356066,19.9,0.462,0.0,0.792,4031.575484844603
1731071529.05,40.3,0.863,0.0,2.44,4305.72681611043,19.8,0.658,0.0,0.783,1008.2473964756864,7.69,0.696,0.0,1.68,3768.20924644585,19.8,0.502,0.0,0.81,4031.74915514346
1731071529.55,39.7,0.394,0.0,1.02,4305.788527163968,20.5,0.831,0.0,0.715,1008.2908013068444,8.31,0.34,0.0,3.68,3768.115724602949,19.8,0.541,0.0,1.17,4031.9228278824985
1731071530.05,40.3,0.211,0.0,0.848,4305.606516746478,19.8,0.77,0.0,0.852,1008.3342067489318,7.68,0.867,0.0,3.32,3768.022202827367,20.5,0.527,0.0,2.18,4032.0965030614047
1731071530.55,40.3,0.301,0.0,0.741,4305.772360650646,19.9,0.79,0.0,0.669,1008.3776128018724,7.68,0.539,0.0,4.64,3767.9286811191096,19.8,0.528,0.0,1.51,4032.270180679861
1731071531.05,39.7,0.401,0.0,0.876,4305.915335526664,19.8,0.696,0.0,0.886,1008.4210194655808,8.32,0.454,0.0,1.39,3767.835159478185,19.8,0.76,0.0,0.897,4032.4438607375546
1731071531.55,40.3,0.356,0.0,0.95,4306.289619044273,19.8,0.535,0.0,0.824,1008.4644267399816,8.23,0.708,0.0,1.75,3767.7416379045953,20.5,0.573,0.0,0.904,4032.617543234171
1731071532.05,39.7,0.399,0.0,0.83,4305.940982724049,20.5,0.609,0.0,0.819,1008.5078346249962,7.77,0.504,0.0,6.4,3767.648116398346,19.8,0.618,0.0,0.799,4032.7912281693934
1731071532.55,40.4,0.481,0.0,0.865,4306.459946446161,19.8,0.577,0.0,0.808,1008.5512431205452,7.68,1.189,0.0,0.805,3767.554594959442,19.8,0.661,0.0,0.871,4032.964915542907
1731071533.05,39.7,0.591,0.0,0.742,4306.821793869221,19.9,0.667,0.0,0.851,1008.5946522265536,8.31,0.726,0.0,1.22,3767.4610735878873,19.8,0.91,0.0,0.863,4033.1386053543943
1731071533.55,39.7,0.435,0.0,0.938,4306.485176353604,19.8,0.628,0.0,0.938,1008.6380619429356,8.32,0.888,0.0,0.765,3767.3675522836897,19.9,0.837,0.0,2.17,4033.312297603546
1731071534.05,40.3,0.444,0.0,1.11,4306.463204291909,20.5,0.753,0.0,0.834,1008.681472269616,7.68,0.727,0.0,0.959,3767.274031046852,20.5,0.731,0.0,0.899,4033.485992290044
1731071534.55,40.3,0.434,0.0,1.08,4306.23036750713,19.8,0.719,0.0,0.88,1008.7248832065156,8.32,0.499,0.0,0.825,3767.180509877381,19.9,0.806,0.0,2.26,4033.659689413573
1731071535.05,39.7,0.552,0.0,1.09,4306.923953896608,19.8,0.725,0.0,0.862,1008.768294753556,7.68,1.098,0.0,0.848,3767.08698877528,19.8,0.816,0.0,1.05,4033.833388973819
1731071535.55,40.3,0.516,0.0,1.07,4307.061535488114,20.5,0.81,0.0,0.893,1008.8117069106617,8.32,0.662,0.0,0.913,3766.9934677405527,20.5,0.804,0.0,1.2,4034.007090970465
1731071536.05,39.7,0.557,0.0,0.794,4307.035286277233,19.8,0.75,0.0,0.905,1008.855119677747,7.68,0.583,0.0,0.934,3766.899946773208,19.8,0.904,0.0,0.848,4034.1807954032
1731071536.55,40.3,0.628,0.0,0.833,4306.68973316122,19.9,1.075,0.0,0.915,1008.8985330547368,7.69,0.429,0.0,0.968,3766.806425873249,19.8,0.977,0.0,1.44,4034.354502271708
1731071537.05,39.7,0.705,0.0,0.836,4307.132618334186,19.8,0.86,0.0,0.867,1008.9419470415525,8.31,0.602,0.0,1.62,3766.712905040681,19.8,0.744,0.0,0.866,4034.5282115756736
1731071537.55,39.7,0.58,0.0,0.692,4307.053649881407,20.5,1.043,0.0,0.855,1008.9853616381148,7.69,0.911,0.0,0.819,3766.6193842755074,20.5,0.627,0.0,1.69,4034.701923314783
1731071538.05,40.3,0.466,0.0,0.775,4306.81902432851,19.8,0.957,0.0,0.828,1009.0287768443488,8.31,0.686,0.0,0.895,3766.525863577734,19.8,0.765,0.0,1.24,4034.8756374887184
1731071538.55,40.3,0.522,0.0,0.979,4307.276900137807,19.8,0.945,0.0,0.854,1009.072192660169,8.32,0.602,0.0,0.971,3766.432342947367,19.2,0.662,0.032,1.93,4035.04935409717
1731071539.05,39.7,0.608,0.0,0.837,4307.0240716298895,19.8,1.058,0.0,0.73,1009.1156090855002,7.68,0.494,0.0,0.929,3766.338822384412,19.8,0.728,0.0,1.33,4035.223073139824
1731071539.55,40.3,0.545,0.0,2.11,4307.455680241436,19.9,0.844,0.0,0.685,1009.1590261202635,8.32,0.511,0.0,0.97,3766.2453018888727,19.8,0.726,0.0,4.81,4035.3967946163616
1731071540.05,39.7,0.591,0.0,2.85,4307.162268060599,19.8,0.48,0.0,0.759,1009.2024437643804,7.69,0.554,0.0,0.762,3766.151781460753,20.5,0.682,0.0,1.97,4035.570518526471
1731071540.55,40.3,0.792,0.0,4.14,4307.426095743547,20.5,0.62,0.0,0.763,1009.2458620177754,8.31,0.664,0.0,0.951,3766.058261100058,19.8,0.789,0.0,0.878,4035.744244869835
1731071541.05,39.0,0.765,0.016,7.2,4307.306686228734,19.8,0.641,0.0,0.791,1009.2892808803635,7.68,0.652,0.0,0.758,3765.9647408067954,19.9,0.742,0.0,1.25,4035.917973646144
1731071541.55,39.7,1.031,0.0,0.774,4307.788667330123,20.5,0.448,0.0,0.775,1009.3327003520692,8.31,0.502,0.0,0.837,3765.8712205809697,20.5,0.819,0.0,0.882,4036.091704855082
1731071542.05,40.3,0.88,0.0,3.33,4307.402757325902,19.8,0.634,0.0,0.79,1009.376120432814,7.68,0.832,0.0,0.824,3765.777700422584,19.9,0.871,0.0,0.989,4036.2654384963344
1731071542.55,40.3,0.609,0.0,0.894,4307.646352486719,19.8,0.61,0.0,0.8,1009.4195411225194,8.31,0.764,0.0,1.35,3765.684180331644,19.8,0.818,0.0,0.973,4036.439174569587
1731071543.05,39.7,0.576,0.0,3.5,4307.662726734853,19.8,0.651,0.0,0.763,1009.4629624211096,7.68,0.841,0.0,0.744,3765.590660308153,19.8,0.886,0.0,1.6,4036.612913074524
1731071543.55,39.0,0.805,0.016,0.789,4308.003478485599,20.5,0.752,0.0,1.22,1009.5063843285,7.69,0.826,0.0,0.866,3765.49714035212,20.5,0.966,0.0,0.864,4036.7866540108353
1731071544.05,40.3,0.715,0.0,2.38,4307.983830561744,19.8,0.544,0.0,0.807,1009.5498068446152,8.31,0.412,0.0,0.711,3765.4036204635486,19.8,0.947,0.0,0.97,4036.9603973782055
1731071544.55,40.3,0.78,0.0,3.97,4308.068880052649,19.8,0.499,0.0,0.818,1009.5932299693768,8.32,0.574,0.0,1.36,3765.310100642442,19.9,0.995,0.0,0.845,4037.134143176321
1731071545.05,39.7,1.092,0.0,0.92,4308.3518835591385,19.9,0.561,0.0,0.739,1009.6366537027058,7.69,0.72,0.0,0.88,3765.216580888808,19.8,0.881,0.0,1.68,4037.307891404866
1731071545.55,40.3,1.038,0.0,3.23,4307.944189862136,20.5,0.574,0.0,0.778,1009.6800780445272,7.68,0.793,0.0,0.691,3765.123061202648,19.8,0.382,0.0,0.887,4037.481642063527
1731071546.05,39.7,1.257,0.0,0.758,4308.048958912024,19.8,0.67,0.0,0.857,1009.723502994756,8.31,0.786,0.0,0.757,3765.0295415839696,20.5,0.423,0.0,1.14,4037.6553951519927
1731071546.55,39.7,0.576,0.0,3.76,4307.93171833401,19.8,0.499,0.0,0.81,1009.7669285533171,8.32,0.362,0.0,0.766,3764.936022032778,19.9,0.498,0.0,0.84,4037.829150669949
1731071547.05,40.3,0.512,0.0,1.08,4307.861530119054,19.8,0.573,0.0,0.82,1009.810354720132,7.68,0.689,0.0,0.888,3764.8425025490783,19.8,0.732,0.0,0.858,4038.002908617081
1731071547.55,39.7,0.55,0.016,1.15,4308.031399055791,20.5,0.635,0.0,0.829,1009.853781495122,7.68,0.349,0.0,1.04,3764.748983132874,20.5,0.474,0.0,0.728,4038.176668993075
1731071548.05,39.7,0.693,0.0,1.06,4308.8678085586735,19.8,0.565,0.0,0.784,1009.8972088782118,8.32,0.789,0.0,0.766,3764.655463784169,19.9,0.481,0.0,0.845,4038.350431797616
1731071548.55,40.3,0.671,0.0,0.859,4308.600184146968,19.8,0.562,0.0,0.753,1009.9406368693168,8.33,0.834,0.0,1.32,3764.561944502972,19.8,0.658,0.0,0.801,4038.524197030395
1731071549.05,39.7,0.661,0.0,0.735,4308.862233456737,19.8,0.69,0.0,1.17,1009.9840654683616,7.68,0.531,0.0,0.813,3764.468425289286,19.8,0.469,0.0,0.825,4038.697964691096
1731071549.55,39.0,0.756,0.032,0.797,4308.527564040837,20.5,0.613,0.0,0.818,1010.027494675268,7.68,0.814,0.0,1.49,3764.3749061431176,19.8,0.597,0.0,3.08,4038.871734779405
1731071550.05,39.7,1.238,0.0,0.983,4308.817391290584,19.8,0.85,0.0,0.781,1010.0709244899576,8.31,0.39,0.0,0.858,3764.2813870644695,20.5,0.547,0.0,5.13,4039.0455072950094
1731071550.55,39.7,0.689,0.0,1.08,4308.719048701017,19.8,0.866,0.0,0.712,1010.1143549123548,8.32,1.175,0.0,0.734,3764.1878680533455,19.8,0.475,0.0,12.1,4039.219282237595
1731071551.05,40.3,0.388,0.0,0.791,4309.081031673481,19.8,0.847,0.0,0.878,1010.1577859423752,7.68,0.896,0.0,0.881,3764.094349109756,19.8,0.608,0.0,5.68,4039.393059606851
1731071551.55,40.3,0.279,0.0,1.89,4308.951272422607,20.5,0.761,0.0,0.935,1010.2012175799432,8.32,0.548,0.0,0.832,3764.0008302337023,20.5,0.556,0.0,4.36,4039.5668394024624
1731071552.05,39.7,0.562,0.0,1.54,4308.63532521972,19.8,0.805,0.0,0.676,1010.2446498249813,7.68,0.808,0.0,0.995,3763.907311425191,19.2,0.622,0.032,6.42,4039.740621624117
1731071552.55,40.3,0.33,0.0,2.98,4308.755856881671,19.8,0.776,0.0,0.921,1010.28808267741,8.32,0.417,0.0,0.87,3763.813792684224,19.9,0.559,0.0,3.1,4039.9144062715
1731071553.05,39.7,0.491,0.0,3.04,4309.078298827369,19.8,1.039,0.0,0.943,1010.3315161371552,7.68,1.041,0.0,1.71,3763.7202740108087,19.8,0.67,0.0,3.26,4040.088193344298
1731071553.55,40.3,0.744,0.0,1.62,4308.8645898394325,20.5,0.689,0.0,2.27,1010.3749502041316,8.33,0.706,0.0,0.68,3763.62675540495,20.5,0.818,0.0,0.804,4040.261982842201
1731071554.05,39.7,0.378,0.0,1.42,4308.963893571825,19.8,0.572,0.0,0.95,1010.4183848782642,7.67,0.658,0.0,1.02,3763.533236866655,19.8,0.685,0.0,0.845,4040.435774764896
1731071554.55,39.7,0.717,0.0,0.804,4309.2462288427705,19.8,0.706,0.0,0.752,1010.4618201594748,8.32,0.634,0.0,0.807,3763.439718395925,19.8,0.7,0.0,0.919,4040.609569112067
1731071555.05,40.3,0.407,0.0,0.821,4309.487601159573,19.9,0.647,0.0,1.28,1010.5052560476852,7.68,0.322,0.0,0.927,3763.346199992768,19.8,0.748,0.0,0.842,4040.783365883404
1731071555.55,40.3,0.579,0.0,0.797,4309.043687807669,20.5,0.709,0.0,0.806,1010.5486925428198,8.32,0.932,0.0,1.0,3763.252681657185,20.5,0.724,0.0,0.744,4040.9571650785897
1731071556.05,39.7,0.638,0.0,0.806,4309.395548680079,19.8,0.626,0.0,1.55,1010.5921296447946,7.68,0.571,0.0,3.15,3763.159163389185,19.8,0.728,0.0,0.897,4041.1309666973175
1731071556.55,40.3,0.491,0.0,0.961,4309.664880172296,19.9,0.746,0.0,1.0,1010.6355673535344,8.32,0.473,0.0,0.875,3763.0656451887735,19.9,0.832,0.0,1.37,4041.304770739272
1731071557.05,39.7,0.559,0.0,0.811,4309.774154956226,19.8,0.771,0.0,1.33,1010.6790056689604,7.68,0.326,0.0,0.902,3762.972127055953,19.8,0.84,0.0,1.49,4041.478577204141
1731071557.55,40.3,0.601,0.0,0.968,4309.800544965499,19.8,0.844,0.0,1.0,1010.7224445909952,8.32,0.475,0.0,0.801,3762.878608990729,19.9,0.723,0.0,3.0,4041.6523860916095
1731071558.05,39.7,0.91,0.0,0.935,4309.891435385462,20.5,0.842,0.0,3.84,1010.7658841195632,7.67,1.149,0.0,1.09,3762.7850909931058,20.5,0.774,0.0,0.907,4041.826197401367
1731071558.55,40.3,0.685,0.0,1.7,4309.809622166107,19.8,0.806,0.0,1.38,1010.8093242545804,8.33,0.697,0.0,1.54,3762.691573063091,19.8,0.535,0.0,1.49,4042.000011133102
1731071559.05,39.7,0.596,0.0,1.18,4310.111549326976,19.8,0.893,0.0,0.828,1010.8527649959713,7.69,0.584,0.0,2.29,3762.598055200688,19.9,0.598,0.0,1.06,4042.173827286501
1731071559.55,40.3,0.46,0.0,1.08,4310.234711329537,20.5,1.033,0.0,0.856,1010.8962063436576,8.31,0.383,0.0,1.2,3762.5045374059023,20.5,0.581,0.0,0.851,4042.347645861252
1731071560.05,39.7,0.608,0.0,0.881,4309.8107563015765,19.8,1.027,0.0,0.862,1010.9396482975616,7.68,0.451,0.0,0.711,3762.4110196787383,19.8,0.681,0.0,0.703,4042.5214668570416
1731071560.55,40.4,0.612,0.0,0.944,4309.814762642806,19.8,1.043,0.0,0.948,1010.983090857608,7.68,0.503,0.0,1.0,3762.3175020192,19.8,0.654,0.0,0.809,4042.695290273556
1731071561.05,39.7,0.673,0.0,3.0,4310.017667700357,19.8,0.729,0.0,0.766,1011.0265340237124,8.32,0.724,0.0,0.869,3762.223984427296,19.9,0.688,0.0,0.853,4042.869116110488
1731071561.55,40.3,0.718,0.0,1.53,4309.942368632757,19.8,0.668,0.0,0.767,1011.0699777958002,7.69,0.677,0.0,0.775,3762.130466903028,20.5,0.799,0.0,0.867,4043.0429443675216
1731071562.05,39.7,0.704,0.0,1.24,4310.633404324501,20.5,0.445,0.0,0.909,1011.1134221737929,8.31,0.477,0.0,0.926,3762.036949446405,19.8,0.747,0.0,0.882,4043.2167750443455
1731071562.55,40.3,0.789,0.0,0.911,4310.321534662707,19.8,0.528,0.0,1.41,1011.1568671576124,8.32,0.577,0.0,0.9,3761.943432057426,19.8,0.848,0.0,0.871,4043.390608140649
1731071563.05,39.7,0.891,0.0,0.822,4310.406122328555,19.9,0.542,0.0,0.708,1011.200312747184,7.69,0.567,0.0,1.07,3761.849914736099,19.8,0.884,0.0,0.923,4043.564443656116
1731071563.55,39.7,0.663,0.0,0.864,4310.519778332499,20.5,0.491,0.0,0.884,1011.2437589424228,8.32,0.608,0.0,0.988,3761.756397482431,20.5,0.844,0.0,0.821,4043.738281590439
1731071564.05,40.3,0.59,0.0,0.813,4310.535572915086,19.8,0.741,0.0,0.805,1011.2872057432548,7.69,0.747,0.0,2.5,3761.6628802964256,19.8,0.969,0.0,0.842,4043.912121943305
1731071564.55,40.3,0.766,0.0,0.83,4310.587619609655,19.8,0.625,0.0,0.922,1011.3306531496012,7.67,0.432,0.0,5.4,3761.569363178088,19.9,0.877,0.0,0.778,4044.0859647144007
1731071565.05,39.7,0.847,0.0,1.34,4310.460642677603,19.8,0.788,0.0,0.808,1011.374101161384,8.32,0.66,0.0,1.03,3761.475846127422,19.8,0.938,0.0,0.862,4044.2598099034153
1731071565.55,40.3,0.821,0.0,0.771,4310.330183388223,19.8,0.526,0.0,0.985,1011.4175497785288,8.32,0.614,0.0,0.953,3761.382329144433,20.5,1.132,0.0,0.905,4044.433657510034
1731071566.05,39.7,0.927,0.0,0.862,4310.848853763328,20.5,0.528,0.0,0.835,1011.4609990009508,7.69,0.707,0.0,0.791,3761.2888122291274,19.8,1.068,0.0,0.815,4044.6075075339504
1731071566.55,40.3,0.985,0.0,0.804,4310.670403556381,19.8,0.453,0.0,1.4,1011.5044488285754,8.31,0.726,0.0,1.04,3761.19529538151,19.8,0.893,0.0,0.783,4044.78135997485
1731071567.05,39.7,1.031,0.0,0.885,4310.491927822822,19.8,0.498,0.0,1.14,1011.5478992613243,7.68,0.387,0.0,0.929,3761.101778601585,19.8,0.49,0.0,0.742,4044.955214832422
1731071567.55,40.3,1.071,0.0,0.798,4310.721080960483,20.5,0.486,0.0,1.47,1011.5913502991204,8.32,0.697,0.0,1.36,3761.0082618893575,20.5,0.421,0.0,0.952,4045.129072106353
1731071568.05,39.7,0.567,0.0,0.881,4311.2620218409165,19.8,0.491,0.0,0.897,1011.634801941888,7.68,0.541,0.0,0.812,3760.914745244831,19.8,0.422,0.0,0.76,4045.302931796331
1731071568.55,40.3,0.604,0.0,0.766,4311.164501056118,19.8,0.819,0.0,0.967,1011.6782541895428,8.32,0.788,0.0,1.01,3760.821228668015,19.8,0.531,0.0,1.26,4045.476793902048
1731071569.05,39.7,0.613,0.0,0.825,4311.276481313644,19.9,0.736,0.0,0.701,1011.7217070420106,7.69,0.964,0.0,0.739,3760.727712158912,19.8,0.697,0.0,0.875,4045.650658423191
1731071569.55,40.3,0.696,0.0,0.837,4310.902136089851,20.5,0.543,0.0,0.752,1011.7651604992132,8.31,0.466,0.0,0.94,3760.634195717526,20.5,0.493,0.0,1.02,4045.824525359448
1731071570.05,39.7,0.717,0.0,0.868,4311.203528756796,19.9,0.815,0.0,0.76,1011.8086145610728,7.68,0.959,0.0,1.14,3760.5406793438633,19.8,0.667,0.0,0.834,4045.998394710508
1731071570.55,39.7,0.86,0.016,0.841,4311.5687647636105,19.8,0.641,0.0,0.867,1011.8520692275144,8.32,0.473,0.0,1.21,3760.447163037928,19.8,0.553,0.0,0.858,4046.172266476057
1731071571.05,39.7,1.023,0.0,1.11,4311.430773621511,19.8,0.761,0.0,0.78,1011.895524498454,7.68,0.887,0.0,2.42,3760.353646799726,19.8,0.51,0.0,0.854,4046.346140655789
1731071571.55,40.3,0.938,0.0,1.0,4311.532721125484,20.5,0.644,0.0,0.904,1011.9389803738168,8.32,0.921,0.0,2.07,3760.260130629263,20.5,0.532,0.0,0.853,4046.5200172493896
1731071572.05,39.1,0.526,0.0,0.7,4311.374272536092,19.8,0.801,0.0,0.853,1011.982436853525,7.68,0.529,0.0,1.08,3760.166614526543,19.8,0.71,0.0,0.924,4046.6938962565487
1731071572.55,40.9,0.348,0.0,0.776,4311.982502689733,19.8,0.792,0.0,1.03,1012.0258939375008,8.32,0.835,0.0,1.06,3760.073098491572,19.8,0.573,0.0,0.857,4046.867777676954
1731071573.05,39.7,0.333,0.0,0.702,4311.334745585505,19.8,0.747,0.0,1.06,1012.0693516256692,7.68,0.415,0.0,0.876,3759.979582524351,19.8,0.607,0.0,0.734,4047.0416615102927
1731071573.55,40.3,0.374,0.0,0.814,4312.1283596795965,20.5,0.956,0.0,9.9,1012.1128099179464,7.69,0.995,0.0,0.757,3759.886066624892,20.5,0.539,0.0,0.709,4047.215547756259
1731071574.05,39.7,0.377,0.0,0.828,4311.889295186706,19.8,0.85,0.0,0.804,1012.1562688142576,8.31,0.695,0.0,0.83,3759.7925507931946,19.8,0.618,0.0,0.826,4047.389436414539
1731071574.55,40.3,0.385,0.0,0.711,4311.645386001535,19.8,0.562,0.0,0.926,1012.1997283145251,7.68,0.543,0.0,1.03,3759.699035029268,19.8,0.648,0.0,0.861,4047.563327484822
1731071575.05,39.7,0.512,0.0,0.77,4311.941314262981,19.8,0.565,0.0,0.845,1012.2431884186713,8.32,0.861,0.0,0.866,3759.6055193331126,19.8,0.804,0.0,0.777,4047.737220966797
1731071575.55,40.3,0.499,0.0,0.812,4312.0260931785,20.5,0.596,0.0,0.718,1012.2866491266208,8.32,0.41,0.0,0.747,3759.512003704736,20.5,0.694,0.0,0.833,4047.911116860151
1731071576.05,39.7,0.446,0.0,0.887,4312.13215736167,19.9,0.659,0.0,0.722,1012.3301104382904,7.68,0.992,0.0,0.7,3759.418488144143,19.8,0.726,0.0,0.762,4048.085015164577
1731071576.55,39.7,0.495,0.0,0.843,4312.167062627947,19.8,0.644,0.0,0.726,1012.373572353605,8.32,0.863,0.0,0.778,3759.324972651341,19.8,0.784,0.0,0.899,4048.258915879764
1731071577.05,30.7,1.925,0.0,1.176,4312.518493903343,17.3,2.13,0.0,0.924,1012.4170348724872,7.04,10.044,0.083,0.941,3759.2314572263313,16.0,1.54,0.0,0.824,4048.4328190053993
1731071577.55,48.0,0.719,0.038,1.51,4312.63883134838,22.4,2.348,0.028,0.818,1012.4604979948588,7.68,4.741,0.0,0.894,3759.13794186912,22.4,2.378,0.054,1.04,4048.606724541173
1731071578.05,39.7,0.524,0.0,1.07,4312.662422123283,19.8,1.004,0.0,0.788,1012.5039617206456,8.32,2.321,0.0,0.848,3759.044426579712,20.5,1.077,0.0,0.911,4048.780632486773
1731071578.55,39.7,0.708,0.0,8.01,4312.358780797826,19.8,0.854,0.0,0.928,1012.5474260497635,8.32,1.876,0.0,0.77,3758.9509113581134,19.8,1.01,0.0,0.754,4048.954542841892
1731071579.05,40.3,0.861,0.0,0.858,4312.240236918169,19.8,0.821,0.0,1.17,1012.590890982138,7.68,1.199,0.0,0.886,3758.857396204331,19.9,0.799,0.0,0.841,4049.128455606218
1731071579.55,40.3,0.701,0.0,0.844,4313.0308403998215,20.5,0.864,0.0,0.868,1012.6343565176912,8.32,0.774,0.0,0.817,3758.763881118366,19.8,0.652,0.0,0.882,4049.3023707794414
1731071580.05,39.7,0.749,0.0,0.977,4312.426349049698,19.8,0.952,0.0,0.752,1012.6778226563458,7.68,0.482,0.0,1.08,3758.6703661002257,20.5,0.766,0.0,1.07,4049.47628836125
1731071580.55,39.7,0.507,0.0,0.855,4312.76665946802,19.8,1.0,0.0,0.769,1012.7212893980272,8.32,0.483,0.0,0.769,3758.5768511499127,19.8,0.566,0.0,0.853,4049.650208351333
1731071581.05,40.3,0.52,0.0,0.794,4312.851696717397,19.9,1.075,0.0,0.939,1012.7647567426512,7.69,0.887,0.0,0.855,3758.483336267436,19.8,0.685,0.0,0.96,4049.824130749383
1731071581.55,40.3,0.607,0.0,0.782,4312.76905532118,20.5,0.989,0.0,2.14,1012.8082246901434,7.67,0.611,0.0,0.886,3758.389821452799,20.5,0.75,0.0,0.958,4049.9980555550887
1731071582.05,39.7,0.743,0.0,1.5,4313.198638095813,19.8,1.132,0.0,4.26,1012.8516932404264,8.33,0.615,0.0,0.988,3758.2963067060055,19.9,0.696,0.0,1.59,4050.17198276814
1731071582.55,40.3,0.626,0.0,0.751,4312.882420772544,19.8,0.785,0.0,1.73,1012.8951623934224,8.32,0.465,0.0,3.28,3758.202792027062,19.8,0.705,0.0,0.88,4050.3459123882258
1731071583.05,39.7,0.865,0.0,2.15,4312.949440888914,19.8,1.276,0.0,0.88,1012.938632149057,7.68,0.525,0.0,1.11,3758.109277415972,19.8,0.699,0.0,0.877,4050.519844415034
1731071583.55,40.3,0.893,0.0,0.81,4313.3754302070565,20.5,0.611,0.0,3.54,1012.9821025072464,8.32,0.531,0.0,2.6,3758.015762872742,20.5,0.746,0.0,0.677,4050.69377884826
1731071584.05,39.7,1.051,0.0,0.765,4313.244071270212,19.8,0.446,0.0,0.95,1013.025573467916,7.68,0.654,0.0,3.53,3757.922248397377,19.9,0.957,0.0,0.768,4050.867715687591
1731071584.55,39.7,1.044,0.0,0.715,4313.376758874204,19.9,0.471,0.0,1.13,1013.0690450309884,8.32,0.644,0.0,1.65,3757.8287339898825,19.9,0.814,0.0,0.86,4051.041654932717
1731071585.05,40.3,0.711,0.0,0.887,4313.410264389859,19.8,0.557,0.0,0.796,1013.112517196386,7.69,0.4,0.0,8.14,3757.7352196502634,19.8,0.834,0.0,1.17,4051.215596583328
1731071585.55,40.3,0.606,0.0,0.731,4313.402367041438,20.5,0.495,0.0,0.752,1013.1559899640343,8.31,0.537,0.0,1.12,3757.64170537852,20.5,0.931,0.0,0.893,4051.389540639112
1731071586.05,39.7,0.896,0.0,0.796,4313.320306230996,19.8,0.669,0.0,1.08,1013.1994633338498,7.68,0.684,0.0,0.965,3757.548191174665,19.8,0.936,0.0,0.685,4051.563487099764
1731071586.55,40.3,0.85,0.0,0.776,4313.951257651663,19.8,0.615,0.0,0.771,1013.242937305758,7.69,0.72,0.0,0.884,3757.4546770387,19.9,0.979,0.0,1.61,4051.737435964971
1731071587.05,39.7,0.791,0.0,0.683,4313.645014792099,19.8,0.527,0.0,1.3,1013.2864118796812,8.31,0.92,0.0,0.759,3757.36116297063,19.8,1.406,0.0,1.06,4051.911387234425
1731071587.55,40.3,0.769,0.0,0.799,4314.095307917728,20.5,0.429,0.0,0.716,1013.329887055542,8.32,0.466,0.0,0.756,3757.26764897046,20.5,1.213,0.0,1.01,4052.085340907816
1731071588.05,39.7,0.89,0.0,0.855,4313.4547306952345,19.8,0.556,0.0,0.873,1013.3733628332662,7.68,0.64,0.0,0.93,3757.1741350381935,19.2,0.672,0.0,4.68,4052.259296984831
1731071588.55,39.7,0.971,0.0,3.43,4313.510152767711,19.8,0.501,0.0,0.816,1013.41683921277,8.32,0.619,0.0,0.825,3757.080621173838,20.5,0.454,0.0,0.826,4052.433255465165
1731071589.05,39.7,0.525,0.0,0.79,4313.844835829101,19.8,0.7,0.0,0.824,1013.460316193979,7.68,0.753,0.0,0.758,3756.9871073774,19.8,0.499,0.0,3.77,4052.607216348508
1731071589.55,41.0,0.555,0.0,0.735,4314.015284439619,20.5,0.578,0.0,0.839,1013.503793776816,8.32,0.769,0.0,0.736,3756.8935936488815,19.8,0.725,0.0,0.959,4052.7811796345486
1731071590.05,39.7,0.561,0.0,0.918,4313.688380901743,19.8,0.521,0.0,0.837,1013.5472719612034,7.68,0.399,0.0,1.27,3756.800079988288,20.5,0.574,0.0,1.78,4052.9551453229783
1731071590.55,40.3,0.664,0.0,0.832,4314.302835398168,19.8,0.584,0.0,0.804,1013.5907507470667,8.32,0.62,0.0,1.09,3756.706566395624,19.9,0.469,0.0,1.12,4053.1291134134863
1731071591.05,39.0,0.733,0.016,0.821,4314.22301504693,19.9,0.759,0.0,0.907,1013.6342301343228,7.68,0.379,0.0,1.1,3756.613052870896,19.8,0.593,0.0,0.996,4053.303083905766
1731071591.55,40.3,0.721,0.0,0.734,4313.99009818476,20.5,0.593,0.0,0.913,1013.677710122897,8.32,1.06,0.0,1.42,3756.519539414111,20.5,0.596,0.0,1.01,4053.477056799508
1731071592.05,39.7,0.819,0.0,0.939,4314.71293835943,19.8,0.697,0.0,0.837,1013.721190712712,7.68,1.157,0.0,0.729,3756.42602602527,19.8,0.499,0.0,0.809,4053.651032094401
1731071592.55,40.3,0.774,0.0,0.731,4314.739833491398,19.8,0.804,0.0,0.833,1013.7646719036906,8.32,0.555,0.0,0.763,3756.332512704381,19.9,0.477,0.0,0.783,4053.825009790137
1731071593.05,39.7,0.818,0.0,0.73,4314.593501247764,19.8,0.702,0.0,0.735,1013.8081536957584,7.68,0.864,0.0,0.766,3756.238999451445,19.8,0.638,0.0,1.02,4053.998989886405
1731071593.55,39.0,0.382,0.016,0.908,4314.569285986158,20.5,0.66,0.0,2.49,1013.851636088832,8.32,0.422,0.0,0.745,3756.1454862664727,20.5,0.553,0.0,0.981,4054.1729723828994
1731071594.05,40.3,0.513,0.0,0.894,4314.645896533168,19.9,0.717,0.0,2.93,1013.8951190828368,7.68,0.895,0.0,0.908,3756.051973149467,19.8,0.651,0.0,1.61,4054.34695727931
1731071594.55,40.3,0.332,0.0,0.799,4314.756300391029,19.8,0.848,0.0,2.99,1013.938602677696,7.68,0.559,0.0,0.769,3755.9584601004312,19.8,0.568,0.0,1.53,4054.520944575328
1731071595.05,39.7,0.386,0.0,0.982,4314.484928899921,19.8,0.682,0.0,0.877,1013.982086873332,8.32,0.466,0.0,0.965,3755.8649471193726,19.8,0.578,0.0,1.31,4054.694934270642
1731071595.55,39.7,0.366,0.0,1.34,4314.531050762075,19.9,0.518,0.0,0.801,1014.0255716696709,8.32,0.752,0.0,0.87,3755.771434206293,20.5,0.569,0.0,1.04,4054.868926364944
1731071596.05,40.3,0.436,0.0,1.25,4314.772208609042,20.5,0.709,0.0,0.774,1014.0690570666286,7.68,0.392,0.0,1.11,3755.6779213612017,19.8,0.729,0.0,0.808,4055.042920857928
1731071596.55,40.3,0.435,0.0,0.741,4315.091621213089,19.8,0.733,0.0,0.69,1014.1125430641316,8.32,0.927,0.0,0.734,3755.5844085841018,19.8,0.661,0.0,1.04,4055.216917749284
1731071597.05,39.7,0.515,0.0,0.897,4314.77832991673,19.8,0.785,0.0,0.877,1014.1560296621022,7.68,0.615,0.0,0.811,3755.4908958749993,19.9,0.897,0.0,1.32,4055.3909170387024
1731071597.55,39.7,0.345,0.0,0.696,4315.3504905353375,20.5,0.623,0.0,0.931,1014.1995168604634,8.32,0.467,0.0,0.857,3755.397383233898,20.5,0.667,0.0,2.0,4055.5649187258746
1731071598.05,40.3,0.438,0.0,0.918,4315.366501781936,19.8,0.698,0.0,0.994,1014.2430046591412,7.68,0.576,0.0,0.814,3755.303870660801,19.8,0.849,0.0,1.49,4055.73892281049
1731071598.55,40.3,0.552,0.0,0.739,4314.909579077768,19.8,0.87,0.0,1.59,1014.2864930580516,8.32,0.402,0.0,0.771,3755.210358155718,19.8,0.922,0.0,1.19,4055.912929292245
1731071599.05,39.0,0.779,0.016,0.963,4315.178521563484,19.8,0.836,0.0,5.05,1014.3299820571212,7.04,1.114,0.0,1.5,3755.116845718652,19.8,0.91,0.0,2.04,4056.086938170828
1731071599.55,40.3,0.548,0.0,0.747,4315.637016299748,19.8,1.083,0.0,0.817,1014.3734716562724,8.32,0.742,0.071,1.11,3755.023333349609,20.5,0.903,0.0,0.899,4056.2609494459302
1731071600.05,39.7,0.734,0.0,0.811,4315.132024350064,20.5,0.816,0.0,4.21,1014.4169618554282,7.68,0.623,0.0,1.28,3754.929821048591,19.9,0.907,0.0,6.65,4056.434963117245
1731071600.55,40.3,0.867,0.0,0.76,4315.472452526204,19.8,0.853,0.0,0.838,1014.4604526545146,8.33,0.472,0.0,0.756,3754.8363088156048,19.2,0.904,0.032,1.0,4056.6089791844606
1731071601.05,39.7,0.746,0.0,0.751,4315.507089188645,19.8,0.859,0.0,1.34,1014.503944053448,7.67,0.51,0.0,0.693,3754.7427966506566,19.8,0.821,0.0,1.48,4056.782997647273
1731071601.55,39.7,0.665,0.0,0.742,4315.513115924403,20.5,0.955,0.0,0.773,1014.5474360521542,8.32,1.386,0.0,0.886,3754.649284553752,19.9,0.607,0.0,1.5,4056.957018505372
1731071602.05,40.3,0.564,0.0,0.745,4315.458428287492,19.8,0.926,0.0,0.815,1014.5909286505564,7.68,0.77,0.0,0.777,3754.555772524895,20.5,0.611,0.0,1.22,4057.13104175845
1731071602.55,40.3,0.656,0.0,0.746,4315.51840511477,19.8,0.948,0.0,0.722,1014.6344218485776,8.32,0.636,0.0,0.83,3754.462260564088,19.8,0.748,0.0,1.64,4057.305067406197
1731071603.05,39.7,0.584,0.0,0.677,4315.610847131233,19.8,0.994,0.0,0.776,1014.6779156461436,7.68,0.447,0.0,0.724,3754.3687486713393,19.8,0.655,0.0,1.07,4057.4790954483046
1731071603.55,40.3,0.856,0.0,0.983,4316.025564659025,20.5,0.999,0.0,0.767,1014.7214100431712,7.67,0.606,0.0,0.885,3754.275236846653,19.8,0.761,0.0,1.16,4057.653125884468
1731071604.05,39.7,0.666,0.0,0.879,4316.248076013803,19.2,0.529,0.0,0.826,1014.764905039586,8.32,0.632,0.0,0.876,3754.1817250900367,20.5,0.679,0.0,1.68,4057.8271587143777
1731071604.55,40.3,0.723,0.0,1.42,4315.502052359857,20.5,0.6,0.0,0.755,1014.8084006353114,8.32,0.622,0.0,0.804,3754.088213401491,19.8,0.786,0.0,5.28,4058.0011939377255
1731071605.05,39.7,0.876,0.0,1.31,4316.447751321725,19.8,0.466,0.0,0.688,1014.8518968302702,7.69,0.682,0.0,0.826,3753.994701781025,19.8,0.768,0.0,0.841,4058.175231554203
1731071605.55,40.3,0.987,0.0,0.933,4315.79281126273,20.5,0.594,0.0,0.706,1014.8953936243886,8.31,0.635,0.0,0.794,3753.9011902286393,19.8,0.852,0.0,1.62,4058.3492715635
1731071606.05,39.7,0.842,0.0,3.05,4315.961238012728,19.9,0.564,0.0,0.835,1014.938891017583,7.68,0.627,0.0,0.826,3753.8076787443433,20.5,1.17,0.0,1.09,4058.523313965314
1731071606.55,40.3,0.625,0.0,0.762,4316.09705712688,19.8,0.573,0.0,0.748,1014.9823890097798,8.32,0.594,0.0,0.777,3753.714167328141,19.8,0.983,0.0,1.76,4058.697358759335
1731071607.05,39.6,0.793,0.0,3.4,4316.468640944448,19.8,0.635,0.0,0.82,1015.025887600902,7.68,0.68,0.0,0.862,3753.6206559800366,19.8,1.054,0.0,1.19,4058.871405945255
1731071607.55,40.3,0.719,0.0,4.12,4316.53526461237,20.5,0.89,0.0,0.893,1015.0693867908724,8.32,0.705,0.0,1.11,3753.527144700036,19.8,1.17,0.0,1.21,4059.0454555227648
1731071608.05,39.7,0.717,0.0,6.66,4316.480859901888,19.8,0.735,0.0,0.881,1015.1128865796172,7.68,0.38,0.0,1.61,3753.433633488142,20.5,1.07,0.0,1.29,4059.219507491556
1731071608.55,40.3,0.727,0.0,2.62,4316.558112026311,19.8,0.597,0.0,0.828,1015.1563869670532,8.32,0.609,0.0,8.04,3753.340122344363,19.8,1.031,0.0,0.994,4059.393561851326
1731071609.05,39.7,1.071,0.0,2.96,4316.597938255674,19.8,0.463,0.0,0.874,1015.1998879531066,7.69,0.632,0.0,0.795,3753.2466112687034,19.8,0.862,0.0,1.04,4059.567618601765
1731071609.55,40.3,0.921,0.0,2.06,4316.602475284818,20.4,0.537,0.0,0.756,1015.2433895377004,8.31,0.868,0.0,0.759,3753.1531002611664,19.8,0.502,0.0,6.01,4059.741677742564
1731071610.05,39.7,1.071,0.0,2.5,4316.814944506457,19.9,0.465,0.0,0.793,1015.2868917207576,7.68,1.088,0.0,0.825,3753.059589321759,20.5,0.651,0.0,1.23,4059.915739273416
1731071610.55,39.7,0.474,0.0,3.78,4317.0417481014565,19.8,0.491,0.0,0.792,1015.3303945022049,7.68,0.538,0.0,1.4,3752.966078450482,19.8,0.503,0.0,0.814,4060.089803194012
1731071611.05,40.3,0.554,0.0,3.99,4317.222919923715,19.8,0.585,0.0,0.866,1015.3738978819582,8.32,0.816,0.0,1.06,3752.872567647348,19.9,0.571,0.0,0.759,4060.263869504049
1731071611.55,40.3,0.777,0.0,6.67,4316.831891014897,20.5,0.636,0.0,0.891,1015.4174018599444,7.68,0.483,0.0,1.17,3752.7790569123567,19.8,0.541,0.0,0.87,4060.437938203218
1731071612.05,39.7,0.66,0.0,3.12,4317.1813282442245,19.8,0.544,0.0,0.683,1015.4609064360868,8.32,1.035,0.0,0.914,3752.685546245516,20.5,0.544,0.0,0.853,4060.6120092912106
1731071612.55,40.3,0.932,0.0,3.47,4317.19258096362,19.8,0.618,0.0,0.858,1015.5044116103078,8.33,0.97,0.0,0.887,3752.592035646828,19.2,0.573,0.032,0.743,4060.786082767721
1731071613.05,39.7,0.795,0.0,3.26,4316.735578894649,19.8,0.745,0.0,0.825,1015.5479173825344,7.67,0.461,0.0,0.79,3752.498525116299,19.9,0.557,0.0,0.946,4060.9601586324375
1731071613.55,39.7,0.78,0.0,0.83,4316.665737560472,20.5,0.837,0.0,0.798,1015.5914237526828,8.32,0.734,0.0,0.74,3752.4050146539344,19.8,0.531,0.0,0.744,4061.13423688506
1731071614.05,40.3,0.947,0.0,1.3,4317.564265341324,19.8,0.715,0.0,1.43,1015.6349307206798,7.68,0.368,0.0,0.717,3752.311504259741,20.5,0.606,0.0,0.766,4061.308317525277
1731071614.55,39.6,0.709,0.0,0.947,4317.733214248747,19.8,0.968,0.0,1.1,1015.6784382864485,8.32,0.837,0.0,0.78,3752.217993933722,19.2,0.637,0.032,0.985,4061.482400552784
1731071615.05,40.3,0.283,0.0,1.72,4317.701544089847,19.9,0.862,0.0,1.75,1015.7219464499118,7.68,0.81,0.0,0.769,3752.124483675882,19.8,0.519,0.0,0.837,4061.656485967272
1731071615.55,40.3,0.363,0.0,1.42,4317.742082641456,19.8,0.954,0.0,1.14,1015.7654552109964,7.68,0.507,0.0,0.951,3752.030973486226,20.5,0.497,0.0,0.924,4061.830573768432
1731071616.05,39.1,0.383,0.016,1.13,4317.508936301806,20.5,0.929,0.0,1.19,1015.808964569619,8.32,0.791,0.0,1.13,3751.937463364761,19.8,0.679,0.0,0.805,4062.0046639559623
1731071616.55,40.3,0.347,0.0,2.02,4317.3988983205445,19.8,0.892,0.0,1.46,1015.852474525706,8.31,0.51,0.0,1.73,3751.843953311492,19.8,0.666,0.0,0.653,4062.178756529555
1731071617.05,39.7,0.378,0.0,3.59,4317.807293761328,19.8,0.763,0.0,3.75,1015.8959850791806,7.68,0.982,0.0,0.743,3751.7504433264216,19.9,0.667,0.0,0.77,4062.352851488901
1731071617.55,40.3,0.379,0.0,1.2,4318.056934264235,20.5,0.573,0.0,1.37,1015.9394962299662,7.69,0.644,0.0,0.854,3751.6569334095575,19.8,0.765,0.0,3.17,4062.5269488336944
1731071618.05,39.1,0.522,0.016,1.11,4317.517324613243,19.8,0.633,0.0,0.901,1015.983007977989,8.31,0.502,0.0,0.784,3751.563423560901,20.5,0.696,0.0,3.26,4062.701048563627
1731071618.55,40.3,0.505,0.0,1.24,4317.699559617987,19.8,0.725,0.0,1.15,1016.0265203231662,7.68,0.602,0.0,0.768,3751.4699137804632,19.8,0.701,0.0,2.0,4062.875150678396
1731071619.05,39.7,0.555,0.0,1.51,4317.617230622425,19.8,0.729,0.0,1.28,1016.070033265424,8.32,0.397,0.0,0.899,3751.376404068245,19.9,0.878,0.0,1.21,4063.049255177693
1731071619.55,40.3,0.45,0.0,1.81,4317.683298759332,20.5,0.673,0.0,1.67,1016.113546804686,8.31,1.096,0.0,0.908,3751.282894424253,20.5,0.759,0.0,0.818,4063.2233620612105
1731071620.05,39.7,0.574,0.0,1.13,4318.137770589686,19.8,0.725,0.0,1.18,1016.1570609408752,7.68,0.731,0.0,0.765,3751.189384848492,19.8,0.777,0.0,1.08,4063.3974713286425
1731071620.55,39.7,0.773,0.0,1.815,4317.668421249209,19.8,1.107,0.0,0.981,1016.200575673918,8.32,0.549,0.0,0.845,3751.095875340964,19.8,0.83,0.0,0.972,4063.571582979682
1731071621.05,40.3,0.681,0.0,2.5,4317.880348445615,19.9,0.849,0.0,0.969,1016.244091003732,7.68,0.384,0.0,0.803,3751.00236590168,19.8,0.95,0.0,1.91,4063.745697014024
1731071621.55,39.7,0.589,0.016,1.16,4318.049762409507,20.5,0.792,0.0,1.66,1016.287606930243,8.32,0.447,0.0,0.943,3750.9088565306406,19.8,0.786,0.0,0.91,4063.9198134313615
1731071622.05,39.7,0.718,0.0,1.38,4318.396989611834,19.8,0.905,0.0,0.738,1016.3311234533746,7.68,1.156,0.0,0.748,3750.8153472278536,20.5,0.826,0.0,1.26,4064.093932231391
1731071622.55,39.7,0.751,0.0,1.03,4318.788659332206,19.8,1.004,0.0,0.881,1016.3746405730504,8.32,0.704,0.0,0.887,3750.7218379933215,19.9,0.68,0.0,0.826,4064.268053413801
1731071623.05,40.3,0.525,0.0,4.52,4318.781290179721,19.8,0.971,0.0,0.812,1016.4181582891968,7.68,0.582,0.0,0.774,3750.6283288270506,19.8,0.655,0.0,5.04,4064.442176978286
1731071623.55,40.3,0.703,0.0,1.58,4318.234945563795,20.5,0.943,0.0,0.715,1016.4616766017308,7.68,0.386,0.0,0.868,3750.5348197290473,20.5,0.613,0.0,0.777,4064.616302924545
1731071624.05,39.7,0.546,0.0,1.08,4318.64535491499,19.9,1.069,0.0,0.896,1016.5051955105788,8.32,0.595,0.0,0.944,3750.441310699315,19.8,0.757,0.0,3.81,4064.790431252268
1731071624.55,40.3,0.562,0.0,0.781,4318.715583189767,19.8,1.103,0.0,3.1,1016.5487150156646,7.69,0.589,0.0,0.794,3750.3478017378607,19.8,0.666,0.0,1.07,4064.96456196115
1731071625.05,39.7,0.834,0.0,0.894,4318.775268454857,19.8,0.759,0.0,1.47,1016.5922351169112,8.32,0.603,0.0,0.776,3750.254292844687,19.8,0.893,0.0,1.31,4065.138695050885
1731071625.55,40.3,0.7,0.0,0.882,4318.6637465013,19.8,0.417,0.0,0.886,1016.6357558142456,8.31,0.624,0.0,0.757,3750.1607840198,19.8,0.814,0.0,1.14,4065.312830521164
1731071626.05,39.6,0.764,0.0,0.785,4318.72913707858,20.5,0.597,0.0,0.903,1016.6792771075848,7.68,0.42,0.0,0.764,3750.067275263205,20.5,0.881,0.0,0.896,4065.486968371685
1731071626.55,40.3,0.751,0.0,0.904,4318.576621878138,19.8,0.472,0.0,1.29,1016.7227989968554,8.32,0.542,0.0,0.778,3749.973766574908,19.9,0.796,0.0,1.3,4065.661108602142
1731071627.05,39.7,0.899,0.0,0.823,4318.834597415121,19.8,0.543,0.0,1.32,1016.7663214819808,7.68,0.709,0.0,0.807,3749.880257954913,19.8,0.798,0.0,0.721,4065.835251212228
1731071627.55,39.7,0.548,0.0,0.832,4318.810849699631,20.5,0.561,0.0,1.38,1016.8098445628846,8.32,0.711,0.0,0.882,3749.786749403225,20.5,0.888,0.0,0.88,4066.0093962016376
1731071628.05,40.3,0.882,0.0,0.794,4319.365347913312,19.8,0.672,0.0,0.879,1016.8533682394932,7.68,0.737,0.0,0.844,3749.693240919848,19.8,0.93,0.0,0.782,4066.183543570063
1731071628.55,40.3,1.063,0.0,0.811,4319.6085100775945,19.8,0.553,0.0,0.753,1016.8968925117244,7.68,0.41,0.0,0.793,3749.59973250479,19.8,0.996,0.0,1.17,4066.357693317202
1731071629.05,39.7,0.69,0.0,0.756,4319.118980479701,19.8,0.455,0.0,0.877,1016.940417379504,8.32,0.582,0.0,0.855,3749.506224158056,19.8,1.169,0.0,0.791,4066.531845442748
1731071629.55,40.3,0.772,0.0,1.16,4319.035409263833,19.9,0.448,0.0,0.814,1016.9839428427564,8.32,0.692,0.0,0.815,3749.4127158796487,20.5,0.985,0.0,0.922,4066.7059999463945
1731071630.05,39.7,0.872,0.0,0.911,4319.711055956017,20.5,0.398,0.0,1.4,1017.0274689014044,7.68,0.736,0.0,2.24,3749.319207669575,19.8,1.09,0.0,0.84,4066.880156827836
1731071630.55,40.3,1.019,0.0,1.95,4319.467992548817,19.8,0.555,0.0,0.87,1017.0709955553756,8.32,0.853,0.0,0.713,3749.225699527836,19.8,0.806,0.0,0.836,4067.054316086766
1731071631.05,39.7,1.197,0.0,0.852,4319.610862384946,19.8,0.712,0.0,0.922,1017.1145228045864,7.68,0.424,0.0,0.806,3749.1321914544433,19.8,0.455,0.0,0.832,4067.2284777228815
1731071631.55,40.3,1.156,0.0,1.3,4319.649411601993,20.5,0.52,0.0,0.87,1017.1580506489638,8.32,0.627,0.0,0.844,3749.038683449399,20.5,0.438,0.0,1.71,4067.402641735878
1731071632.05,39.7,0.589,0.0,0.842,4320.0001210100045,19.8,0.496,0.0,0.76,1017.2015790884316,7.68,0.507,0.0,0.867,3748.945175512707,19.8,0.51,0.0,1.09,4067.576808125448
1731071632.55,40.3,0.531,0.0,1.62,4319.508823350536,19.8,0.664,0.0,0.908,1017.2451081229132,7.68,0.801,0.0,0.844,3748.851667644374,19.8,0.581,0.0,1.21,4067.7509768912855
1731071633.05,39.7,0.769,0.0,0.795,4319.44960610262,19.8,0.809,0.0,0.714,1017.2886377523356,8.32,0.904,0.0,0.767,3748.758159844403,19.8,0.508,0.0,1.22,4067.925148033085
1731071633.55,40.3,0.648,0.0,0.768,4319.511266553309,20.5,0.583,0.0,0.794,1017.3321679766158,8.31,0.458,0.0,0.752,3748.6646521128023,19.9,0.561,0.0,0.838,4068.099321550544
1731071634.05,39.7,0.764,0.0,0.894,4319.968127437166,19.9,0.803,0.0,0.85,1017.3756987956808,7.68,0.701,0.0,0.669,3748.571144449575,20.5,0.816,0.0,0.799,4068.273497443357
1731071634.55,39.7,0.832,0.016,0.747,4319.718470609939,19.8,0.865,0.0,1.49,1017.4192302094544,8.32,0.515,0.0,1.18,3748.477636854728,19.9,0.605,0.0,3.4,4068.447675711217
1731071635.05,39.7,0.864,0.0,0.864,4319.711695878509,19.8,0.668,0.0,1.7,1017.46276221786,7.68,0.931,0.0,0.757,3748.384129328264,19.8,0.51,0.0,0.78,4068.621856353821
1731071635.55,40.3,0.899,0.0,1.18,4320.426044920407,19.8,0.791,0.0,2.36,1017.5062948208245,8.31,0.909,0.0,0.8,3748.2906218701874,20.5,0.551,0.0,0.857,4068.79603937086
1731071636.05,39.1,0.337,0.0,0.842,4320.511752673893,20.5,0.723,0.0,1.24,1017.5498280182652,7.68,0.442,0.0,0.847,3748.1971144805066,19.9,0.638,0.0,0.872,4068.970224762034
1731071636.55,40.9,0.283,0.0,0.701,4320.60583146454,19.9,0.853,0.0,1.53,1017.5933618101092,7.69,0.763,0.0,0.799,3748.103607159225,19.8,0.579,0.0,0.796,4069.144412527037
1731071637.05,39.7,0.391,0.0,0.749,4320.386082497769,19.8,0.828,0.0,8.63,1017.6368961962802,8.32,0.357,0.0,0.871,3748.0100999063498,19.8,0.556,0.0,1.44,4069.318602665562
1731071637.55,40.3,0.319,0.0,0.827,4320.555129546818,20.5,0.865,0.0,0.981,1017.6804311767016,8.31,0.866,0.0,0.838,3747.916592721882,19.9,0.588,0.0,0.919,4069.4927951773066
1731071638.05,39.7,0.336,0.0,0.9,4320.5167886717045,19.9,0.834,0.0,2.07,1017.7239667513006,7.69,0.572,0.0,0.766,3747.823085605829,20.5,0.574,0.0,2.18,4069.666990061962
1731071638.55,40.3,0.393,0.0,0.732,4320.539648228462,19.8,0.536,0.0,1.63,1017.7675029199946,8.31,0.472,0.0,0.98,3747.729578558196,19.8,0.608,0.0,0.863,4069.841187319229
1731071639.05,39.7,0.386,0.0,0.772,4320.702745470266,19.8,0.588,0.0,1.59,1017.8110396827104,7.68,0.805,0.0,0.855,3747.636071578989,19.8,0.68,0.0,0.754,4070.015386948801
1731071639.55,39.7,0.453,0.0,0.789,4320.62144365608,20.5,0.613,0.0,1.43,1017.854577039372,8.32,0.488,0.0,0.828,3747.542564668213,19.9,0.671,0.0,1.07,4070.1895889503726
1731071640.05,40.3,0.643,0.0,0.979,4320.790896805487,19.8,0.673,0.0,2.06,1017.8981149899028,7.68,1.051,0.0,0.844,3747.44905782587,20.5,0.781,0.0,0.833,4070.36379332364
1731071640.55,40.3,0.46,0.0,0.808,4320.736534182639,19.8,0.715,0.0,2.52,1017.94165353423,8.32,0.646,0.0,0.827,3747.355551051968,19.8,0.725,0.0,1.1,4070.538000068295
1731071641.05,39.7,0.376,0.0,0.766,4321.173394514492,19.8,0.918,0.0,1.61,1017.9851926722712,7.68,0.578,0.0,0.751,3747.262044346511,19.8,0.685,0.0,0.794,4070.7122091840383
1731071641.55,40.3,0.741,0.0,0.725,4320.794251834417,20.5,0.827,0.0,7.56,1018.0287324039532,7.68,0.467,0.0,0.847,3747.168537709507,19.9,0.871,0.0,0.839,4070.886420670564
1731071642.05,39.7,0.559,0.0,0.896,4321.0855790748055,19.8,0.888,0.0,2.82,1018.0722727292,8.32,0.481,0.0,1.14,3747.075031140957,20.5,0.905,0.0,1.1,4071.060634527568
1731071642.55,40.3,0.55,0.0,0.873,4321.326404818463,19.8,1.166,0.0,0.838,1018.1158136479352,7.68,1.143,0.0,0.745,3746.981524640869,19.8,0.838,0.0,0.721,4071.234850754745
1731071643.05,39.0,0.626,0.016,1.26,4321.030228162854,19.8,0.856,0.0,2.39,1018.1593551600862,8.32,0.715,0.0,0.753,3746.888018209244,19.8,0.736,0.0,0.831,4071.409069351788
1731071643.55,40.3,0.94,0.0,0.75,4321.138368038315,20.5,0.861,0.0,0.811,1018.2028972655702,8.32,0.553,0.0,0.654,3746.794511846092,19.8,0.749,0.0,1.1,4071.583290318398
1731071644.05,39.7,0.756,0.0,0.708,4321.06601166441,19.8,0.884,0.0,0.827,1018.2464399643144,7.68,0.458,0.0,0.684,3746.701005551417,20.5,0.644,0.0,0.826,4071.7575136542696
1731071644.55,39.7,0.592,0.0,1.02,4321.335243860504,19.8,1.121,0.0,0.779,1018.2899832562424,8.33,0.511,0.0,0.871,3746.607499325223,19.8,0.586,0.0,0.684,4071.9317393590977
1731071645.05,40.3,0.655,0.0,1.48,4321.620552328563,19.8,1.08,0.0,2.42,1018.3335271412788,7.68,0.882,0.0,0.839,3746.513993167516,19.8,0.616,0.0,0.827,4072.1059674325775
1731071645.55,40.3,0.572,0.0,7.63,4321.252798403143,20.5,0.961,0.0,0.835,1018.37707161935,7.68,0.623,0.0,0.815,3746.420487078298,20.5,0.753,0.0,0.74,4072.280197874404
1731071646.05,39.7,0.666,0.0,0.841,4321.547283818313,19.8,1.032,0.0,0.812,1018.4206166903738,8.32,0.701,0.0,0.867,3746.32698105758,19.9,0.761,0.0,0.808,4072.454430684276
1731071646.55,40.3,0.731,0.0,1.23,4321.154883461103,19.8,0.762,0.0,0.79,1018.4641623542774,8.32,0.502,0.0,0.919,3746.233475105362,19.8,0.729,0.0,0.799,4072.62866586189
1731071647.05,39.7,0.676,0.0,1.54,4321.233687938611,19.8,0.566,0.0,1.45,1018.5077086109848,7.68,0.579,0.0,0.807,3746.139969221653,19.8,0.722,0.0,0.838,4072.802903406941
1731071647.55,40.3,0.771,0.0,0.903,4321.583294181589,20.5,0.644,0.0,1.69,1018.5512554604198,7.69,0.591,0.0,1.56,3746.046463406455,19.8,0.909,0.0,0.762,4072.977143319124
1731071648.05,39.7,0.892,0.0,0.893,4321.826897805934,19.8,0.628,0.0,0.755,1018.5948029025096,8.31,0.622,0.0,0.882,3745.952957659772,20.5,0.898,0.0,0.742,4073.151385598133
1731071648.55,40.3,0.849,0.0,0.783,4322.04332420659,19.8,0.595,0.0,0.877,1018.638350937172,7.69,0.749,0.0,0.833,3745.8594519816143,19.8,0.879,0.0,0.826,4073.325630243671
1731071649.05,39.7,0.67,0.0,0.89,4321.588485818948,19.8,0.52,0.0,0.846,1018.681899564334,8.31,0.513,0.0,0.856,3745.7659463719833,19.8,0.869,0.0,0.783,4073.4998772554295
1731071649.55,40.3,0.573,0.0,0.911,4322.281781711118,20.5,0.722,0.0,0.817,1018.7254487839198,8.32,0.729,0.0,0.807,3745.672440830886,20.5,0.849,0.0,0.819,4073.674126633107
1731071650.05,39.7,0.87,0.0,0.789,4322.18781894679,19.8,0.596,0.0,0.972,1018.7689985958532,7.68,0.697,0.0,0.981,3745.578935358325,19.8,0.92,0.0,0.742,4073.8483783763977
1731071650.55,40.4,0.741,0.0,0.801,4322.35725696406,19.8,0.669,0.0,1.63,1018.8125490000614,8.32,0.737,0.0,0.782,3745.4854299543063,19.8,0.97,0.0,0.727,4074.0226324849978
1731071651.05,39.7,0.812,0.0,0.787,4322.392405104678,19.8,0.662,0.0,0.864,1018.8560999964624,7.68,0.817,0.0,1.22,3745.3919246188366,19.9,1.08,0.0,0.988,4074.196888958608
1731071651.55,40.3,0.827,0.0,0.769,4321.992085538685,20.5,0.495,0.0,1.27,1018.8996515849832,8.32,0.55,0.0,0.698,3745.2984193519214,20.5,1.078,0.0,0.828,4074.371147796921
1731071652.05,39.7,0.96,0.0,1.24,4322.437590566463,19.8,0.466,0.0,0.872,1018.9432037655478,7.68,0.754,0.0,1.01,3745.204914153565,19.2,0.63,0.0,0.884,4074.545408999635
1731071652.55,39.7,1.13,0.0,0.919,4322.132378946415,19.9,0.462,0.0,0.764,1018.9867565380804,8.32,0.774,0.0,0.966,3745.111409023769,20.5,0.522,0.0,0.864,4074.719672566446
1731071653.05,39.6,0.571,0.0,1.42,4322.631539685997,19.8,0.603,0.0,0.981,1019.0303099025084,7.68,0.848,0.0,3.52,3745.017903962543,19.8,0.515,0.0,0.925,4074.893938497049
1731071653.55,41.0,0.605,0.0,0.8,4322.602153932643,20.5,0.509,0.0,0.99,1019.0738638587496,8.32,0.841,0.0,0.876,3744.92439896989,20.5,0.52,0.0,0.923,4075.068206791145
1731071654.05,39.7,0.526,0.0,0.95,4322.707793109968,19.8,0.489,0.0,2.09,1019.117418406731,7.68,0.459,0.0,0.796,3744.830894045818,19.8,0.538,0.0,2.06,4075.242477448428
1731071654.55,40.3,0.606,0.0,0.997,4322.714368036594,19.8,0.559,0.0,1.03,1019.1609735463768,8.32,0.662,0.0,0.959,3744.737389190329,19.9,0.503,0.0,1.33,4075.416750468595
1731071655.05,39.7,0.657,0.0,3.26,4322.424039061846,19.8,0.734,0.0,1.48,1019.2045292776114,7.69,0.345,0.0,0.786,3744.6438844034296,19.9,0.701,0.0,1.78,4075.591025851344
1731071655.55,40.3,0.847,0.0,1.09,4322.639384624649,19.8,0.714,0.0,0.877,1019.2480856003618,8.31,0.969,0.0,1.87,3744.550379685122,19.8,0.582,0.0,2.41,4075.765303596368
1731071656.05,39.7,0.932,0.0,0.979,4322.803051028988,20.5,0.653,0.0,3.91,1019.291642514546,7.68,0.96,0.0,1.13,3744.456875035417,20.5,0.618,0.0,1.7,4075.9395837033694
1731071656.55,40.3,0.857,0.0,1.65,4322.525436341107,19.8,0.644,0.0,1.16,1019.3352000200916,8.32,0.463,0.0,2.45,3744.363370454316,19.8,0.678,0.0,8.49,4076.113866172043
1731071657.05,38.4,1.016,0.032,0.85,4323.036768858948,19.8,0.751,0.0,1.22,1019.3787581169224,7.68,0.741,0.0,0.831,3744.269865941824,19.8,0.564,0.0,0.756,4076.288151002086
1731071657.55,39.1,0.327,0.016,0.897,4323.07874864846,20.5,0.801,0.0,0.812,1019.4223168049624,8.32,0.365,0.0,1.31,3744.176361497947,20.5,0.734,0.0,1.67,4076.462438193195
1731071658.05,40.3,0.398,0.0,0.919,4322.9141054675065,19.8,0.757,0.0,0.655,1019.4658760841396,7.68,0.881,0.0,0.873,3744.082857122689,19.8,0.557,0.0,0.855,4076.636727745065
1731071658.55,40.3,0.425,0.0,1.45,4322.852364062093,19.8,1.02,0.0,0.732,1019.5094359543716,7.69,0.577,0.0,2.08,3743.989352816057,19.9,0.668,0.0,0.852,4076.811019657398
1731071659.05,39.7,0.379,0.0,0.955,4322.881742566878,19.9,0.793,0.0,0.862,1019.552996415586,8.32,0.486,0.0,0.897,3743.895848578056,19.8,0.602,0.0,0.85,4076.985313929889
1731071659.55,39.6,0.346,0.0,1.2,4323.292100240483,19.8,0.589,0.0,0.882,1019.5965574677068,8.31,0.839,0.0,1.35,3743.80234440869,20.5,0.608,0.0,0.899,4077.159610562236
1731071660.05,40.3,0.581,0.0,0.967,4323.521217336734,20.5,0.612,0.0,0.812,1019.6401191106584,7.68,0.459,0.0,1.1,3743.708840307965,19.9,0.731,0.0,0.811,4077.333909554135
1731071660.55,40.4,0.421,0.0,0.962,4323.629370799373,19.8,0.637,0.0,0.797,1019.683681344368,8.32,0.991,0.0,7.54,3743.6153362758832,19.8,0.676,0.0,0.891,4077.508210905282
1731071661.05,39.7,0.659,0.0,0.96,4323.456644161622,19.8,0.847,0.0,1.03,1019.7272441687538,7.68,0.726,0.0,0.932,3743.521832312455,19.8,0.692,0.0,0.812,4077.6825146153774
1731071661.55,39.7,0.532,0.0,7.65,4323.639245057992,20.5,0.78,0.0,0.906,1019.7708075837432,8.32,0.627,0.0,0.878,3743.4283284176818,19.9,0.837,0.0,0.784,4077.85682068412
1731071662.05,40.3,0.459,0.0,1.35,4323.432551876979,19.8,0.684,0.0,1.71,1019.8143715892608,7.68,0.75,0.0,0.86,3743.334824591571,20.5,0.869,0.0,0.752,4078.031129111204
1731071662.55,40.3,0.564,0.0,1.01,4324.074742610236,19.8,0.846,0.0,1.07,1019.8579361852304,8.32,0.531,0.0,0.771,3743.241320834125,19.8,0.85,0.0,0.849,4078.2054398963287
1731071663.05,39.7,0.446,0.0,1.38,4323.674888041635,19.9,0.982,0.0,0.964,1019.9015013715798,7.69,1.141,0.0,0.881,3743.1478171453496,19.8,0.876,0.0,0.979,4078.379753039189
1731071663.55,40.3,0.592,0.0,0.678,4323.633851521132,20.5,0.746,0.0,0.807,1019.945067148227,7.68,0.727,0.0,0.84,3743.054313525252,19.8,0.944,0.0,0.843,4078.5540685394863
1731071664.05,39.7,0.707,0.0,0.868,4323.949401190784,19.8,0.762,0.0,0.924,1019.9886335150997,8.32,0.555,0.0,1.1,3742.9608099738366,19.9,0.922,0.0,0.852,4078.728386396917
1731071664.55,40.3,0.814,0.0,0.787,4324.089781793703,19.8,0.994,0.0,1.02,1020.0322004721216,7.68,0.535,0.0,0.813,3742.8673064911086,19.8,0.785,0.0,1.37,4078.9027066111794
1731071665.05,39.7,0.744,0.0,1.44,4324.336388405519,19.9,1.03,0.0,1.72,1020.075768019218,8.31,0.521,0.0,1.21,3742.773803077072,19.8,0.592,0.0,1.15,4079.0770291819695
1731071665.55,40.3,0.749,0.0,0.994,4323.9174288487375,20.5,1.068,0.0,1.25,1020.119336156316,8.32,1.167,0.0,0.872,3742.680299731731,19.8,0.805,0.0,1.17,4079.2513541089857
1731071666.05,39.7,0.655,0.0,2.14,4324.108934304122,19.8,0.935,0.0,0.983,1020.1629048833336,7.68,0.706,0.0,1.83,3742.586796455093,19.8,0.709,0.031,1.17,4079.425681391928
1731071666.55,40.3,0.719,0.0,0.85,4324.185404149915,19.8,1.001,0.0,0.917,1020.2064742001984,7.69,0.63,0.0,1.07,3742.493293247164,19.9,0.854,0.0,1.03,4079.600011030493
1731071667.05,39.7,0.601,0.0,0.751,4324.0816295378845,19.8,1.081,0.0,0.935,1020.2500441068348,8.32,0.434,0.0,0.835,3742.3997901079465,19.8,0.641,0.0,1.09,4079.774343024379
1731071667.55,40.3,0.692,0.0,1.24,4324.126240591645,20.5,1.045,0.0,1.14,1020.2936146031676,7.68,0.522,0.0,0.91,3742.306287037448,19.8,0.735,0.0,0.899,4079.948677373284
1731071668.05,39.7,0.808,0.0,1.3,4324.405894649185,19.2,0.623,0.0,1.09,1020.3371856891245,8.31,0.535,0.0,0.993,3742.212784035669,19.8,0.873,0.031,2.01,4080.123014076903
1731071668.55,40.3,0.828,0.0,1.04,4324.387391577304,20.5,0.501,0.0,1.67,1020.3807573646228,8.32,0.582,0.0,0.793,3742.119281102621,19.8,0.841,0.0,0.893,4080.29735313494
1731071669.05,39.7,0.859,0.0,0.849,4324.531306067973,19.8,0.647,0.0,7.69,1020.4243296295908,7.68,0.66,0.0,0.744,3742.025778238306,19.8,0.804,0.0,0.737,4080.47169454709
1731071669.55,40.3,0.861,0.0,0.74,4324.44661951649,20.5,0.489,0.0,0.685,1020.467902483953,8.32,0.623,0.0,0.831,3741.9322754427294,20.5,0.874,0.0,1.49,4080.646038313052
1731071670.05,39.0,0.827,0.016,2.13,4324.639800002475,19.8,0.669,0.0,0.844,1020.5114759276338,7.68,0.641,0.0,0.75,3741.838772715896,19.8,0.85,0.0,1.04,4080.820384432524
1731071670.55,40.3,0.654,0.0,3.52,4324.350637522663,19.8,0.609,0.0,0.767,1020.5550499605608,7.68,0.57,0.0,0.886,3741.74527005781,19.8,0.872,0.0,1.18,4080.994732905201
1731071671.05,39.7,0.76,0.0,6.37,4324.978221022854,19.8,0.507,0.0,0.893,1020.598624582652,8.33,0.859,0.0,0.739,3741.65176746848,19.8,0.892,0.0,0.841,4081.1690837307874
1731071671.55,40.3,0.846,0.0,1.19,4324.693479040399,20.5,0.546,0.0,1.25,1020.6421997938356,8.31,0.954,0.0,0.748,3741.558264947907,19.9,1.155,0.0,0.836,4081.34343690898
1731071672.05,39.7,0.692,0.0,0.901,4324.5491484714485,19.8,0.488,0.0,1.94,1020.685775594036,7.68,0.481,0.0,0.782,3741.464762496101,20.5,0.981,0.0,0.82,4081.517792439475
1731071672.55,39.7,0.787,0.016,0.836,4324.805920173142,19.8,0.467,0.0,0.829,1020.7293519831776,8.32,0.634,0.0,0.753,3741.371260113063,19.8,1.229,0.0,0.833,4081.692150321972
1731071673.05,39.7,0.885,0.0,0.746,4325.210243531599,19.8,0.437,0.0,1.01,1020.772928961188,7.68,0.68,0.0,0.905,3741.277757798797,19.8,0.777,0.0,0.745,4081.8665105561686
1731071673.55,40.3,0.91,0.0,0.751,4325.400306106326,20.5,0.461,0.0,0.799,1020.8165065279858,8.32,0.76,0.0,0.868,3741.184255553313,19.8,0.491,0.0,0.914,4082.0408731417674
1731071674.05,39.7,1.135,0.0,1.13,4325.63595904987,19.8,0.47,0.0,0.849,1020.8600846834986,7.68,0.839,0.0,0.759,3741.0907533766135,20.5,0.46,0.0,0.852,4082.215238078463
1731071674.55,39.7,0.784,0.0,0.879,4325.456948256653,19.8,0.508,0.0,0.896,1020.9036634276512,8.32,0.446,0.0,1.29,3740.997251268705,19.8,0.516,0.0,0.693,4082.389605365956
1731071675.05,40.3,0.689,0.0,1.61,4325.427714652648,19.8,0.555,0.0,0.878,1020.9472427603678,7.68,0.779,0.0,0.799,3740.90374922959,19.8,0.557,0.0,1.08,4082.563975003945
1731071675.55,39.7,0.602,0.0,0.927,4325.202726695926,19.8,0.557,0.0,0.805,1020.9908226815766,7.68,0.408,0.0,0.872,3740.810247259275,19.9,0.632,0.0,0.834,4082.7383469921256
1731071676.05,40.3,0.655,0.0,1.63,4325.56752446261,20.5,0.819,0.0,0.917,1021.0344031911958,8.32,1.143,0.0,0.945,3740.716745357765,20.5,0.599,0.0,0.785,4082.9127213302017
1731071676.55,39.7,0.763,0.0,1.59,4325.397832211159,19.8,0.694,0.0,0.752,1021.077984289153,8.32,1.021,0.0,0.85,3740.623243525068,19.9,0.592,0.0,0.772,4083.087098017871
1731071677.05,40.3,0.787,0.0,0.801,4325.436176724028,19.8,0.671,0.0,0.928,1021.1215659753732,7.68,0.537,0.0,0.762,3740.529741761186,19.8,0.47,0.0,0.82,4083.261477054832
1731071677.55,40.3,0.781,0.0,0.869,4325.700239330055,20.5,0.69,0.0,0.812,1021.1651482497812,8.32,0.852,0.0,0.707,3740.436240066124,19.8,0.583,0.0,0.983,4083.4358584407823
1731071678.05,39.7,0.823,0.0,3.32,4325.960727782791,19.8,0.687,0.0,0.773,1021.2087311123043,7.68,0.437,0.0,0.832,3740.342738439888,20.5,0.638,0.0,0.888,4083.61024217542
1731071678.55,39.7,0.638,0.0,0.892,4325.994825405181,19.8,0.807,0.0,0.867,1021.2523145628612,8.28,0.944,0.0,0.921,3740.249236882483,19.8,0.536,0.0,0.824,4083.7846282584487
1731071679.05,39.7,0.383,0.016,1.07,4326.150913487781,19.8,0.765,0.0,0.796,1021.29589860138,7.72,0.806,0.0,0.786,3740.155735393916,19.8,0.547,0.0,1.41,4083.959016689565
1731071679.55,40.3,0.397,0.0,1.01,4326.151312537932,20.5,0.913,0.0,0.843,1021.3394832277849,8.32,0.476,0.0,0.796,3740.062233974189,19.8,0.565,0.0,0.905,4084.1334074684687
1731071680.05,39.7,0.268,0.0,0.623,4325.988090428924,19.8,0.905,0.0,0.764,1021.383068442001,7.68,0.798,0.0,0.829,3739.9687326233097,20.5,0.676,0.0,1.36,4084.307800594858
1731071680.55,40.3,0.383,0.0,0.948,4325.958873570579,19.8,0.862,0.0,0.686,1021.4266542439562,8.32,0.363,0.0,0.81,3739.87523134128,19.8,0.592,0.0,0.836,4084.482196068431
1731071681.05,39.7,0.359,0.0,0.904,4326.109832363821,19.8,0.627,0.0,1.04,1021.470240633569,7.69,0.937,0.0,0.876,3739.7817301281098,19.8,0.684,0.0,0.867,4084.6565938888903
1731071681.55,40.3,0.434,0.0,1.54,4326.494582208416,20.5,0.543,0.0,0.919,1021.5138276107672,8.31,0.577,0.0,0.802,3739.688228983801,20.5,0.654,0.0,0.791,4084.830994055935
1731071682.05,39.7,0.516,0.0,0.798,4326.156776549567,19.8,0.574,0.0,2.01,1021.5574151754754,7.68,0.532,0.0,0.765,3739.59472790836,19.8,0.601,0.0,0.708,4085.005396569264
1731071682.55,40.3,0.466,0.0,0.813,4326.120185871975,19.8,0.741,0.0,1.01,1021.6010033276189,8.32,0.877,0.0,0.708,3739.501226901792,19.8,0.72,0.0,0.819,4085.179801428575
1731071683.05,39.7,0.609,0.0,0.741,4326.144079462794,19.9,0.746,0.0,1.18,1021.6445920671252,7.68,0.481,0.0,0.738,3739.407725964099,19.8,0.836,0.0,2.0,4085.354208633566
1731071683.55,40.3,0.565,0.0,0.781,4326.604086568613,20.5,0.719,0.0,0.926,1021.688181393913,8.32,1.014,0.0,1.16,3739.314225095291,19.8,1.025,0.0,1.25,4085.5286181839424
1731071684.05,39.7,0.475,0.0,0.821,4326.861280589472,19.8,0.946,0.0,0.949,1021.7317713079104,7.68,0.66,0.0,0.845,3739.220724295371,19.8,0.813,0.031,3.76,4085.703030079401
1731071684.55,40.3,0.645,0.0,0.765,4326.869780500898,19.9,0.742,0.0,1.23,1021.775361809042,8.32,0.509,0.0,0.892,3739.1272235643446,19.8,0.803,0.0,0.83,4085.8774443196417
1731071685.05,39.7,0.533,0.0,0.776,4326.682215714704,19.8,0.855,0.0,1.34,1021.8189528972327,7.68,0.373,0.0,0.747,3739.033722902216,19.9,0.832,0.0,0.805,4086.051860904363
1731071685.55,40.3,0.552,0.0,0.826,4326.534271822746,20.5,0.779,0.0,1.2,1021.862544572411,8.32,0.446,0.0,0.978,3738.9402223089896,19.8,0.724,0.0,0.93,4086.226279833264
1731071686.05,39.7,0.734,0.0,0.766,4327.02779708148,19.8,0.872,0.0,0.856,1021.9061368344948,7.68,1.126,0.0,0.813,3738.846721784673,20.5,0.707,0.0,1.1,4086.400701106047
1731071686.55,40.3,0.795,0.0,0.748,4326.83218201378,19.8,0.859,0.0,0.815,1021.9497296834126,7.69,0.706,0.0,0.746,3738.75322132927,19.9,0.73,0.0,1.43,4086.575124722413
1731071687.05,39.7,0.773,0.0,0.939,4326.831875675543,19.8,1.044,0.0,0.733,1021.993323119089,8.32,0.608,0.0,0.947,3738.659720942788,19.8,0.638,0.0,1.86,4086.749550682058
1731071687.55,40.3,0.63,0.0,0.947,4327.131183273446,20.5,0.976,0.0,0.926,1022.0369171414492,8.31,0.416,0.0,0.856,3738.566220625228,20.5,0.613,0.0,0.874,4086.9239789846847
1731071688.05,39.7,0.613,0.0,8.23,4327.37517833652,19.8,0.963,0.0,0.808,1022.080511750421,7.68,0.497,0.0,0.705,3738.472720376597,19.8,0.684,0.0,1.29,4087.09840962999
1731071688.55,39.7,0.598,0.0,0.812,4327.320790052312,19.8,1.059,0.0,0.768,1022.1241069459234,7.69,0.583,0.0,0.809,3738.3792201969018,19.8,0.678,0.0,0.914,4087.272842617678
1731071689.05,40.3,0.838,0.0,1.13,4327.062750574327,19.8,0.786,0.0,0.817,1022.167702727884,8.31,0.604,0.0,0.654,3738.2857200861463,19.8,0.776,0.0,0.976,4087.447277947448
1731071689.55,40.3,0.646,0.0,1.09,4327.582504692579,19.8,0.628,0.0,0.654,1022.2112990962282,7.68,0.68,0.0,0.735,3738.192220044337,20.5,0.69,0.0,1.01,4087.621715618999
1731071690.05,39.7,0.725,0.0,2.39,4327.582819178357,20.5,0.508,0.0,0.762,1022.2548960508808,8.32,0.572,0.0,0.903,3738.0987200714753,19.8,0.849,0.0,1.74,4087.796155632031
1731071690.55,40.3,0.796,0.0,1.25,4327.328122459035,19.8,0.606,0.0,1.28,1022.2984935917702,8.32,0.704,0.0,0.783,3738.005220167569,19.8,0.803,0.0,1.41,4087.970597986242
1731071691.05,39.7,0.893,0.0,1.19,4327.682728166339,19.8,1.099,0.0,1.01,1022.3420917188148,7.68,0.789,0.0,0.932,3737.911720332624,19.9,0.911,0.0,1.08,4088.1450426813376
1731071691.55,39.7,0.57,0.0,1.21,4327.400678437085,20.5,0.63,0.0,1.83,1022.3856904319426,7.68,0.753,0.0,0.92,3737.818220566645,19.8,0.913,0.0,0.985,4088.319489717016
1731071692.05,39.7,0.684,0.0,1.18,4327.722891556633,19.8,0.585,0.0,0.806,1022.429289731079,7.68,0.756,0.0,0.899,3737.7247208696367,20.5,0.894,0.0,0.89,4088.4939390929767
1731071692.55,40.3,0.602,0.016,1.65,4327.450056009876,19.8,0.595,0.0,1.04,1022.4728896161488,7.69,0.426,0.0,3.6,3737.631221241604,19.8,0.933,0.0,3.89,4088.668390808921
1731071693.05,39.7,0.733,0.0,5.49,4327.958164929125,19.8,0.506,0.0,0.806,1022.5164900870805,8.32,0.617,0.0,2.63,3737.537721682551,19.8,0.994,0.0,0.833,4088.842844864546
1731071693.55,40.3,0.737,0.0,1.34,4327.442539108906,19.8,0.492,0.0,1.01,1022.5600911437924,7.68,0.654,0.0,0.875,3737.444222192486,19.8,1.063,0.0,3.61,4089.017301259557
1731071694.05,39.7,0.836,0.0,1.04,4328.37332804855,20.5,0.479,0.0,0.858,1022.6036927862132,8.31,0.765,0.0,0.89,3737.350722771413,20.5,1.063,0.0,1.15,4089.191759993654
1731071694.55,40.3,1.039,0.0,1.06,4327.672568162106,19.8,0.475,0.0,0.844,1022.6472950142676,8.32,0.79,0.0,0.892,3737.2572234193353,19.8,0.78,0.0,1.24,4089.3662210665366
1731071695.05,39.7,0.963,0.0,1.28,4328.245057344754,19.9,0.656,0.0,2.03,1022.690897827881,7.69,0.389,0.0,0.813,3737.163724136261,19.8,0.462,0.0,1.28,4089.540684477905
1731071695.55,39.7,0.76,0.0,0.88,4327.779057842512,20.5,0.681,0.0,2.28,1022.7345012269816,8.31,0.592,0.0,0.812,3737.0702249221913,20.5,0.438,0.0,1.06,4089.715150227457
1731071696.05,40.3,0.684,0.0,0.769,4328.442025442088,19.8,0.621,0.0,4.8,1022.778105211488,7.69,0.472,0.0,0.761,3736.976725777136,19.9,0.633,0.0,1.07,4089.8896183149
1731071696.55,39.7,0.58,0.0,0.737,4328.26502196605,19.8,0.615,0.0,2.07,1022.8217097813284,8.31,0.733,0.0,0.667,3736.8832267010966,19.8,0.645,0.0,0.872,4090.064088739931
1731071697.05,39.7,0.718,0.0,0.881,4328.42076319677,19.8,0.946,0.0,2.33,1022.8653149364284,7.68,0.888,0.0,2.14,3736.789727694081,19.8,0.765,0.0,1.07,4090.2385615022513
1731071697.55,40.3,0.602,0.0,0.835,4328.492940160088,20.5,0.588,0.0,1.03,1022.9089206767128,7.69,0.45,0.0,0.831,3736.696228756093,20.5,0.615,0.0,0.7,4090.4130366015615
1731071698.05,40.3,0.738,0.0,0.774,4328.7776079702535,19.8,0.682,0.0,0.868,1022.95252700211,8.31,0.714,0.0,1.51,3736.602729887136,19.8,0.75,0.0,1.24,4090.5875140375606
1731071698.55,40.3,0.793,0.0,1.07,4328.487575704879,19.8,0.689,0.0,0.777,1022.9961339125388,8.29,0.39,0.0,0.897,3736.5092310872183,19.8,0.974,0.0,1.26,4090.761993809954
1731071699.05,39.0,0.777,0.016,0.715,4328.181629532299,19.8,0.787,0.0,0.695,1023.039741407928,7.71,0.857,0.0,0.829,3736.415732356345,19.8,0.557,0.0,1.5,4090.936475918442
1731071699.55,39.7,0.921,0.016,1.48,4328.472152263077,20.5,0.815,0.0,0.944,1023.083349488202,8.32,1.028,0.0,1.56,3736.32223369452,20.5,0.671,0.0,5.44,4091.1109603627233
1731071700.05,39.0,0.355,0.0,0.749,4328.841236790428,19.8,1.151,0.0,0.844,1023.1269581532868,7.68,0.839,0.0,1.79,3736.228735101748,19.8,0.593,0.0,0.882,4091.2854471425
1731071700.55,40.9,0.294,0.0,1.07,4328.457698255887,19.8,0.757,0.0,0.855,1023.1705674031102,8.32,1.001,0.0,1.39,3736.1352365780335,19.8,0.679,0.0,0.892,4091.4599362574713
1731071701.05,39.7,0.505,0.0,0.825,4329.193137657755,19.8,1.179,0.0,0.794,1023.2141772375916,7.68,0.491,0.0,1.3,3736.041738123384,19.8,0.619,0.0,0.919,4091.634427707343
1731071701.55,40.3,0.276,0.0,1.35,4329.071131937709,20.5,0.828,0.0,0.959,1023.2577876566588,8.32,0.915,0.0,3.35,3735.9482397378047,20.5,0.6,0.0,2.14,4091.8089214918136
1731071702.05,39.0,0.426,0.016,1.26,4329.317096106501,19.8,1.127,0.0,0.804,1023.3013986602376,7.68,0.596,0.0,1.06,3735.8547414213,19.8,0.646,0.0,1.21,4091.983417610585
1731071702.55,40.3,0.444,0.0,0.756,4328.662921413824,19.8,0.59,0.0,0.669,1023.3450102482532,8.32,0.489,0.0,0.882,3735.7612431738735,18.6,0.685,0.065,1.09,4092.1579160633582
1731071703.05,39.7,0.433,0.0,0.809,4328.945336735381,19.8,0.637,0.0,1.27,1023.388622420634,7.68,0.82,0.0,0.85,3735.667744995531,19.8,0.715,0.0,0.911,4092.332416849833
1731071703.55,40.3,0.408,0.0,0.729,4328.932426331389,20.5,0.924,0.0,0.879,1023.4322351772986,8.32,0.49,0.0,1.365,3735.57424688628,19.8,0.712,0.0,0.978,4092.506919969714
1731071704.05,39.7,0.585,0.0,0.787,4328.961195970355,19.8,0.993,0.0,1.67,1023.4758485181758,7.68,1.272,0.0,1.88,3735.480748846124,20.5,0.827,0.0,1.81,4092.681425422702
1731071704.55,40.3,0.375,0.0,1.46,4329.208152995302,19.8,0.698,0.0,0.876,1023.5194624431912,8.32,0.756,0.0,0.815,3735.3872508750687,19.8,0.767,0.0,1.53,4092.855933208498
1731071705.05,39.7,0.495,0.0,1.3,4329.129171806199,19.8,0.77,0.0,0.828,1023.5630769522694,7.68,0.577,0.0,0.814,3735.2937529731184,19.9,0.744,0.0,1.65,4093.0304433268034
1731071705.55,40.3,0.43,0.0,2.53,4329.578115554343,20.5,0.759,0.0,0.813,1023.6066920453396,7.68,0.373,0.0,1.94,3735.2002551402775,20.5,0.795,0.0,7.08,4093.2049557773175
1731071706.05,39.7,0.543,0.0,1.43,4329.344620769343,19.8,0.856,0.0,1.52,1023.6503077223203,8.32,0.452,0.0,0.932,3735.106757376554,19.8,0.804,0.0,0.792,4093.379470559747
1731071706.55,39.7,0.601,0.0,1.04,4329.290257268694,19.8,0.811,0.0,1.26,1023.6939239831406,7.68,1.116,0.0,1.68,3735.013259681952,19.8,1.001,0.0,1.79,4093.553987673792
1731071707.05,40.3,0.607,0.0,2.5,4329.580118424402,19.9,0.843,0.0,2.91,1023.7375408277254,8.31,0.673,0.0,0.924,3734.919762056476,19.8,0.878,0.0,1.51,4093.7285071191527
1731071707.55,39.7,0.82,0.016,6.59,4329.694523855717,20.5,0.87,0.0,6.28,1023.7811582560004,8.32,0.702,0.0,0.834,3734.8262645001314,19.8,0.689,0.0,2.11,4093.9030288955314
1731071708.05,39.7,0.821,0.0,2.13,4329.586464839406,19.8,0.882,0.0,1.99,1023.8247762678936,7.68,0.521,0.0,1.73,3734.732767012922,19.8,0.686,0.031,1.29,4094.077553002629
1731071708.55,39.7,0.539,0.0,1.8,4329.86161734345,19.8,1.045,0.0,1.79,1023.8683948633249,8.32,0.55,0.0,1.36,3734.639269594856,19.8,0.764,0.0,1.1,4094.2520794401503
1731071709.05,40.4,0.703,0.0,1.76,4329.849758892665,19.8,1.27,0.0,1.34,1023.9120140422224,7.69,0.895,0.0,3.04,3734.545772245937,19.2,0.696,0.032,1.82,4094.426608207797
1731071709.55,40.3,0.534,0.0,1.95,4330.006482844297,20.5,1.024,0.0,1.83,1023.9556338045114,7.67,0.597,0.0,1.76,3734.45227496617,20.5,0.618,0.0,1.51,4094.601139305269
1731071710.05,39.7,0.656,0.0,2.18,4329.954760470084,19.8,1.114,0.0,2.12,1023.9992541501176,8.32,0.685,0.0,1.04,3734.358777755561,19.8,0.753,0.0,1.13,4094.775672732269
1731071710.55,39.7,0.774,0.0,1.75,4330.031156662077,19.8,0.903,0.0,2.53,1024.04287507897,8.32,0.442,0.0,6.03,3734.265280614112,19.8,0.773,0.0,1.11,4094.950208488498
1731071711.05,40.3,0.758,0.0,1.54,4329.897997328706,19.8,0.58,0.0,1.11,1024.0864965909868,7.68,0.526,0.0,1.1,3734.1717835418335,19.8,0.82,0.0,0.937,4095.1247465736615
1731071711.55,40.3,0.769,0.0,0.969,4329.865066452079,20.5,0.712,0.0,1.29,1024.1301186860974,7.69,0.633,0.0,1.29,3734.0782865387273,19.8,0.85,0.0,0.794,4095.29928698746
1731071712.05,39.7,0.824,0.0,8.44,4329.929671542541,19.8,0.758,0.0,8.83,1024.173741364227,8.32,0.632,0.0,1.28,3733.9847896048,20.5,0.929,0.0,0.784,4095.473829729596
1731071712.55,40.3,0.946,0.0,1.55,4330.555033629868,19.8,0.582,0.0,1.05,1024.2173646253011,7.67,0.695,0.0,2.12,3733.891292740056,19.8,0.894,0.0,0.772,4095.6483747997713
1731071713.05,39.7,0.55,0.0,1.35,4330.06290793122,19.8,0.538,0.0,1.12,1024.2609884692488,8.32,0.476,0.0,0.847,3733.797795944499,19.8,0.885,0.0,0.905,4095.8229221976862
1731071713.55,40.3,0.711,0.0,1.48,4330.288159420403,20.5,0.526,0.0,0.886,1024.3046128959888,7.69,0.615,0.0,0.857,3733.704299218136,20.5,1.03,0.0,0.797,4095.997471923047
1731071714.05,39.7,0.833,0.0,1.02,4330.7790245902615,19.9,0.954,0.0,0.86,1024.34823790545,8.32,1.177,0.0,0.957,3733.6108025609738,19.8,1.048,0.0,1.03,4096.172023975556
1731071714.55,40.3,0.794,0.0,1.34,4330.382129049325,19.8,0.54,0.0,0.976,1024.3918634975576,7.67,0.951,0.0,0.865,3733.517305973016,19.8,1.041,0.0,0.926,4096.346578354914
1731071715.05,39.7,0.817,0.0,1.13,4330.523605832122,19.8,0.536,0.0,0.787,1024.4354896722375,8.33,0.933,0.0,1.29,3733.423809454266,19.8,1.067,0.0,2.17,4096.521135060822
1731071715.55,40.3,0.961,0.0,1.28,4330.624221493871,20.5,0.438,0.0,0.839,1024.4791164294188,8.32,0.466,0.0,0.706,3733.33031300473,19.9,0.881,0.0,1.09,4096.695694092983
1731071716.05,39.7,1.09,0.0,0.89,4330.9897113550605,19.8,0.697,0.0,0.935,1024.5227437690205,7.68,0.695,0.0,0.863,3733.236816624415,19.8,0.474,0.0,1.34,4096.870255451104
1731071716.55,40.3,0.983,0.0,0.736,4331.132493262844,19.8,0.518,0.0,0.82,1024.5663716909703,8.32,0.64,0.0,0.888,3733.1433203133256,20.5,0.636,0.0,1.04,4097.044819134885
1731071717.05,39.0,0.684,0.0,0.816,4331.304848876014,19.9,0.725,0.0,0.731,1024.6100001951957,7.68,0.737,0.0,0.874,3733.049824071466,19.8,0.554,0.0,1.12,4097.219385144028
1731071717.55,41.0,0.829,0.0,0.808,4331.059778487706,20.5,0.676,0.0,0.872,1024.6536292816209,8.32,0.8,0.0,0.99,3732.9563278988417,19.8,0.571,0.0,1.51,4097.393953478236
1731071718.05,39.7,0.914,0.0,0.72,4331.115270475108,19.8,0.765,0.0,0.835,1024.6972589501752,7.68,0.504,0.0,1.16,3732.8628317954567,19.8,0.565,0.0,6.12,4097.56852413721
1731071718.55,40.3,0.678,0.0,0.698,4330.80109580903,19.8,0.669,0.0,0.699,1024.7408892007782,8.31,0.805,0.0,5.7,3732.7693357613184,19.8,0.499,0.0,1.39,4097.743097120657
1731071719.05,39.6,0.895,0.0,0.731,4331.0038009139535,19.8,0.93,0.0,0.984,1024.784520033358,7.68,0.41,0.0,1.05,3732.6758397964327,19.8,0.825,0.0,0.824,4097.917672428279
1731071719.55,40.3,0.706,0.0,0.783,4331.250029980786,20.5,0.606,0.0,1.27,1024.828151447841,7.69,0.924,0.0,6.76,3732.582343900802,20.6,0.644,0.0,0.937,4098.092250059777
1731071720.05,39.7,1.233,0.0,0.683,4331.064665895632,19.8,0.649,0.0,0.728,1024.8717834441525,8.31,0.944,0.0,0.928,3732.488848074433,19.8,0.502,0.0,0.843,4098.266830014854
1731071720.55,40.3,0.914,0.0,1.08,4331.525447702844,19.9,0.965,0.0,0.746,1024.915416022221,8.32,0.652,0.0,0.994,3732.3953523173286,19.8,0.535,0.0,0.835,4098.441412293214
1731071721.05,39.7,0.865,0.0,3.7,4331.288942590563,19.8,1.175,0.0,0.825,1024.9590491819667,7.68,0.857,0.0,0.917,3732.301856629498,19.9,0.839,0.0,0.904,4098.615996894561
1731071721.55,39.7,0.651,0.0,1.17,4331.350209995937,19.8,0.904,0.0,0.711,1025.002682923318,7.69,0.589,0.0,1.32,3732.208361010944,20.5,0.576,0.0,1.93,4098.790583818598
1731071722.05,40.3,0.407,0.0,1.05,4332.007452009965,20.5,1.069,0.0,0.763,1025.0463172462007,8.31,0.981,0.0,0.835,3732.114865461673,19.8,0.615,0.0,1.0,4098.965173065027
1731071722.55,40.3,0.349,0.0,0.925,4331.815406426125,19.8,1.037,0.0,1.29,1025.0899521505405,7.68,0.631,0.0,0.886,3732.0213699816895,19.8,0.582,0.0,2.06,4099.139764633552
1731071723.05,39.7,0.341,0.0,0.805,4331.311418225258,19.8,0.681,0.0,0.761,1025.1335876362664,8.32,0.476,0.0,0.937,3731.927874570996,19.9,0.593,0.0,0.913,4099.314358523873
1731071723.55,40.3,0.34,0.0,1.36,4331.924560014295,19.8,0.757,0.0,0.949,1025.1772237032976,8.32,0.805,0.0,0.889,3731.834379229603,19.8,0.618,0.0,0.753,4099.488954735699
1731071724.05,39.7,0.373,0.0,0.795,4332.245671037348,20.5,0.576,0.0,0.927,1025.2208603515635,7.68,0.44,0.0,1.9,3731.740883957513,20.5,0.84,0.0,1.44,4099.663553268731
1731071724.55,39.7,0.386,0.0,1.14,4331.875421838765,19.8,0.758,0.0,1.86,1025.2644975809894,8.32,1.005,0.0,2.34,3731.647388754732,19.8,0.756,0.0,1.08,4099.838154122673
1731071725.05,40.3,0.508,0.0,0.844,4332.312433364481,19.8,0.693,0.0,0.837,1025.3081353915013,7.68,0.685,0.0,2.21,3731.5538936212624,19.9,0.782,0.0,1.93,4100.012757297227
1731071725.55,39.7,0.425,0.0,0.691,4332.409551570172,20.5,0.682,0.0,1.32,1025.3517737830284,8.32,0.55,0.0,1.66,3731.460398557112,20.5,0.677,0.0,1.23,4100.187362792095
1731071726.05,40.3,0.439,0.0,0.785,4332.446412092952,19.8,0.696,0.0,3.71,1025.3954127554898,7.68,0.714,0.0,1.32,3731.366903562285,19.8,0.762,0.0,1.45,4100.361970606985
1731071726.55,39.1,0.489,0.016,0.879,4332.13797145108,19.8,0.76,0.0,2.04,1025.4390523088148,7.68,0.471,0.0,2.56,3731.2734086367886,19.2,0.841,0.032,1.44,4100.536580741598
1731071727.05,40.4,0.517,0.0,1.0,4332.388050158514,19.8,0.903,0.0,1.25,1025.4826924429287,8.32,1.106,0.0,6.56,3731.179913780627,19.8,0.833,0.0,7.1,4100.71119319564
1731071727.55,40.3,0.533,0.0,8.21,4332.224160179848,20.5,0.785,0.0,0.847,1025.5263331577582,8.32,0.659,0.0,1.54,3731.0864189938034,20.5,0.907,0.0,1.26,4100.885807968811
1731071728.05,39.7,0.574,0.0,0.843,4332.551742193013,19.9,0.807,0.0,1.23,1025.569974453232,7.68,0.549,0.0,0.977,3730.992924276324,19.8,0.944,0.0,1.27,4101.060425060815
1731071728.55,40.3,0.621,0.0,1.02,4332.7688649700885,19.8,0.824,0.0,0.836,1025.6136163292692,8.31,0.372,0.0,1.09,3730.8994296281953,19.8,0.722,0.0,1.74,4101.235044471359
1731071729.05,39.7,0.648,0.0,0.873,4332.542244196773,19.8,0.918,0.0,1.27,1025.6572587857993,7.68,0.509,0.0,1.82,3730.805935049424,19.8,0.579,0.0,1.1,4101.409666200147
1731071729.55,40.3,0.702,0.0,0.701,4332.6998180366745,20.5,0.909,0.0,1.18,1025.7009018227482,7.69,0.931,0.0,3.47,3730.712440540011,19.8,0.649,0.0,3.73,4101.58429024688
1731071730.05,39.7,0.525,0.0,0.989,4332.433923090039,19.8,0.981,0.0,1.64,1025.7445454400415,8.32,0.704,0.0,4.24,3730.618946099964,20.5,0.703,0.0,3.92,4101.758916611264
1731071730.55,40.3,0.656,0.0,0.839,4332.63483231976,19.8,1.05,0.0,1.14,1025.7881896376086,7.68,0.661,0.0,3.39,3730.525451729286,19.9,0.663,0.0,1.07,4101.933545292999
1731071731.05,39.7,0.644,0.0,0.889,4332.782803380549,19.8,1.217,0.0,1.35,1025.831834415369,8.32,0.494,0.0,2.21,3730.431957427986,19.8,0.708,0.0,0.88,4102.108176291795
1731071731.55,39.6,0.637,0.0,0.834,4332.955787933727,20.5,1.178,0.0,2.35,1025.875479773252,8.32,0.503,0.0,9.21,3730.338463196068,19.8,0.71,0.0,10.2,4102.282809607354
1731071732.05,40.4,0.643,0.0,0.777,4333.158413039561,19.2,1.014,0.0,0.863,1025.9191257111834,7.68,0.531,0.0,1.63,3730.244969033536,20.5,0.842,0.0,0.865,4102.457445239378
1731071732.55,40.3,0.868,0.0,1.09,4333.453667963991,20.5,0.461,0.0,1.61,1025.962772229089,8.32,0.653,0.0,2.1,3730.151474940395,19.8,0.86,0.0,2.02,4102.632083187573
1731071733.05,39.7,0.946,0.0,0.96,4332.838529300479,19.8,0.577,0.0,0.876,1026.006419326898,7.68,1.109,0.0,2.83,3730.05798091665,19.9,0.849,0.0,11.5,4102.806723451641
1731071733.55,40.3,0.916,0.0,1.99,4332.950300545941,20.5,0.463,0.0,0.822,1026.0500670045303,8.32,0.658,0.0,2.71,3729.964486962309,19.8,0.805,0.0,0.814,4102.98136603129
1731071734.05,39.7,0.692,0.0,0.733,4333.2599161997305,19.8,0.487,0.0,1.29,1026.0937152619151,7.69,0.655,0.0,2.52,3729.870993077374,20.5,0.793,0.0,0.668,4103.156010926224
1731071734.55,40.3,0.661,0.0,0.747,4333.139032196246,19.8,0.666,0.0,1.27,1026.1373640989782,8.31,0.628,0.0,2.82,3729.777499261853,19.8,0.912,0.0,1.0,4103.330658136145
1731071735.05,39.7,0.59,0.0,0.847,4333.332277037033,19.8,0.467,0.0,1.3,1026.1810135156454,7.68,0.692,0.0,1.69,3729.6840055157495,19.8,1.081,0.0,0.804,4103.505307660757
1731071735.55,40.3,0.634,0.0,1.2,4333.534551289211,20.5,0.554,0.0,0.929,1026.2246635118463,7.69,0.792,0.0,2.95,3729.5905118390674,20.5,0.988,0.0,1.27,4103.679959499765
1731071736.05,39.7,0.918,0.0,0.803,4333.385293279023,19.9,0.446,0.0,0.884,1026.2683140875008,8.32,0.366,0.0,5.0,3729.497018231815,19.8,1.013,0.0,0.804,4103.854613652876
1731071736.55,40.3,0.775,0.0,1.01,4333.723222577524,19.8,0.446,0.0,1.34,1026.3119652425378,8.31,0.573,0.0,3.47,3729.403524693996,19.9,0.981,0.0,0.798,4104.029270119793
1731071737.05,39.7,0.891,0.0,1.02,4333.792156651022,19.8,0.455,0.0,0.87,1026.3556169768833,7.68,1.149,0.0,3.51,3729.310031225616,19.8,0.828,0.0,1.06,4104.2039289002205
1731071737.55,40.3,0.896,0.0,1.53,4333.609157344139,20.5,0.513,0.0,0.819,1026.3992692904635,7.69,1.175,0.0,2.52,3729.216537826679,19.8,0.738,0.0,0.836,4104.378589993862
1731071738.05,39.7,1.185,0.0,1.01,4334.014211085341,19.8,0.754,0.0,0.888,1026.4429221832077,8.31,0.96,0.0,1.69,3729.123044497191,20.5,0.882,0.0,0.779,4104.553253400422
1731071738.55,39.7,0.641,0.0,0.826,4333.641555853268,19.8,0.571,0.0,0.841,1026.4865756550355,8.32,0.445,0.0,1.34,3729.029551237157,19.8,0.518,0.0,0.843,4104.727919119609
1731071739.05,40.3,0.733,0.0,0.803,4334.133674277367,19.8,0.55,0.0,0.848,1026.5302297058768,7.68,0.861,0.0,1.19,3728.936058046585,19.8,0.695,0.0,0.907,4104.902587151125
1731071739.55,39.7,0.564,0.016,1.35,4333.805622406155,19.9,0.527,0.0,0.797,1026.5738843356569,7.69,0.455,0.0,1.4,3728.842564925477,20.5,0.595,0.0,0.859,4105.077257494676
1731071740.05,39.7,0.684,0.0,0.841,4334.235972578777,20.5,0.632,0.0,0.664,1026.6175395443024,8.32,0.822,0.0,0.731,3728.749071873837,19.8,0.638,0.0,2.05,4105.251930149964
1731071740.55,40.3,0.699,0.0,0.76,4334.095684546849,19.8,0.774,0.0,0.987,1026.6611953317426,8.32,0.883,0.0,1.38,3728.655578891673,19.8,0.526,0.0,0.773,4105.426605116695
1731071741.05,39.7,0.78,0.0,0.693,4334.3876075279,19.8,0.647,0.0,0.844,1026.7048516978973,7.68,0.505,0.0,0.874,3728.562085978989,19.8,0.543,0.0,1.59,4105.601282394577
1731071741.55,40.3,0.958,0.0,1.02,4334.426295480208,19.8,0.894,0.0,1.68,1026.748508642696,7.05,0.764,0.083,1.17,3728.468593135793,19.8,0.515,0.0,6.14,4105.775961983313
1731071742.05,39.7,1.18,0.0,0.776,4333.950749113917,20.5,0.987,0.0,0.881,1026.7921661660644,8.32,0.382,0.0,1.06,3728.375100362087,20.5,1.198,0.0,1.06,4105.950643882608
1731071742.55,39.7,0.806,0.0,0.914,4334.4865487993975,19.8,0.793,0.0,0.97,1026.835824267929,8.31,0.863,0.0,8.2,3728.281607657877,19.9,0.81,0.0,0.967,4106.125328092167
1731071743.05,40.3,0.359,0.0,0.785,4334.690760788884,19.8,0.773,0.0,0.796,1026.8794829482194,7.68,0.966,0.0,0.797,3728.188115023167,19.8,0.58,0.0,1.04,4106.300014611694
1731071743.55,40.3,0.384,0.0,0.964,4334.468218397646,19.8,0.807,0.0,1.03,1026.9231422068551,8.32,0.554,0.0,0.864,3728.094622457965,19.8,1.013,0.0,0.862,4106.474703440896
1731071744.05,39.1,0.307,0.0,0.877,4334.0924398227,20.5,0.969,0.0,0.93,1026.9668020437662,7.68,0.809,0.0,0.883,3728.001129962275,20.5,0.63,0.0,0.883,4106.649394579479
1731071744.55,40.3,0.313,0.016,0.813,4334.50728754907,19.8,0.739,0.0,5.22,1027.0104624588782,8.32,0.373,0.0,0.866,3727.907637536102,19.8,0.6,0.0,0.856,4106.824088027147
1731071745.05,39.7,0.633,0.0,0.731,4334.715543648216,19.8,0.691,0.0,0.759,1027.0541234521177,7.68,0.934,0.0,0.795,3727.8141451794513,19.2,1.156,0.032,0.867,4106.998783783604
1731071745.55,40.3,0.608,0.0,1.04,4334.947528307866,20.5,0.734,0.0,6.31,1027.0977850234135,8.32,0.608,0.0,0.753,3727.720652892327,20.3,0.701,0.0,0.823,4107.173481848556
1731071746.05,39.7,0.442,0.0,0.777,4334.701987693431,19.9,0.58,0.0,1.74,1027.1414471726866,7.67,0.591,0.0,0.829,3727.627160674736,20.0,0.677,0.0,0.781,4107.348182221711
1731071746.55,40.3,0.662,0.0,0.811,4335.074827045598,19.8,0.634,0.0,1.14,1027.185109899866,8.34,0.838,0.0,0.804,3727.533668526684,19.8,0.957,0.0,0.988,4107.5228849027735
1731071747.05,39.7,0.463,0.0,0.75,4334.675154015721,19.8,0.96,0.0,0.777,1027.228773204878,7.68,0.435,0.0,0.836,3727.440176448176,19.8,0.794,0.0,0.808,4107.697589891447
1731071747.55,40.3,0.555,0.0,0.881,4335.182841173117,20.5,0.744,0.0,0.913,1027.2724370876488,7.69,1.043,0.0,0.837,3727.346684439215,19.8,0.827,0.0,0.946,4107.87229718744
1731071748.05,39.7,0.753,0.0,1.8,4334.965638852853,19.8,0.694,0.0,1.03,1027.316101548108,8.31,0.654,0.0,1.3,3727.2531924998057,20.5,1.2,0.0,0.802,4108.0470067904525
1731071748.55,40.3,0.557,0.0,2.0,4335.022144048007,19.8,0.754,0.0,1.57,1027.3597665861755,8.32,0.511,0.0,0.848,3727.159700629958,19.8,0.98,0.0,1.65,4108.221718700196
1731071749.05,39.7,0.665,0.0,4.54,4335.057057439379,19.9,0.765,0.0,0.785,1027.4034322017812,7.69,0.448,0.0,1.52,3727.0662088296735,19.8,0.9,0.0,0.931,4108.396432916376
1731071749.55,40.3,0.589,0.0,1.34,4335.7054186675205,19.8,0.815,0.0,1.4,1027.447098394851,8.31,0.462,0.0,0.931,3726.97271709896,19.9,0.719,0.0,5.46,4108.571149438696
1731071750.05,39.7,0.771,0.0,1.66,4335.390801474423,20.5,0.87,0.0,1.99,1027.4907651653116,7.68,1.142,0.0,0.818,3726.87922543782,20.5,0.844,0.0,0.733,4108.745868266862
1731071750.55,39.7,0.745,0.0,2.61,4335.43224259474,19.9,0.856,0.0,0.792,1027.5344325130925,8.32,0.697,0.0,0.76,3726.7857338462586,19.8,0.564,0.0,0.821,4108.920589400578
1731071751.05,40.3,0.664,0.0,1.33,4335.354750406608,19.8,0.973,0.0,0.836,1027.578100438113,7.68,0.579,0.0,0.818,3726.692242324283,19.8,0.754,0.0,0.769,4109.095312839554
1731071751.55,40.3,0.485,0.0,1.55,4335.498233081396,20.5,0.958,0.0,0.798,1027.6217689403045,8.32,0.409,0.0,1.239,3726.5987508719,19.8,0.834,0.0,1.48,4109.270038583495
1731071752.05,39.7,0.577,0.0,3.1,4335.797897713773,19.8,1.013,0.0,0.836,1027.6654380195914,7.68,0.614,0.0,1.66,3726.505259489111,20.5,0.811,0.0,0.841,4109.444766632107
1731071752.55,39.7,0.78,0.0,1.01,4335.529395636897,19.9,1.097,0.0,0.874,1027.7091076759014,7.69,0.591,0.0,0.851,3726.411768175922,19.8,0.712,0.0,2.41,4109.619496985093
1731071753.05,39.7,0.778,0.016,1.13,4336.028799463335,19.8,0.712,0.0,0.763,1027.7527779091638,8.31,0.64,0.0,1.43,3726.318276932339,19.9,0.725,0.0,2.28,4109.79422964216
1731071753.55,40.3,0.651,0.0,0.784,4335.67111739919,19.8,0.61,0.0,1.04,1027.7964487192985,7.69,0.7,0.0,0.828,3726.224785758368,20.5,0.699,0.0,4.13,4109.9689646030165
1731071754.05,39.0,0.793,0.016,5.53,4336.089467525295,20.5,0.683,0.0,0.863,1027.8401201062352,8.31,0.398,0.0,0.932,3726.131294654015,19.9,0.889,0.0,0.811,4110.143701867369
1731071754.55,40.3,0.827,0.0,1.29,4335.794817197306,19.8,0.461,0.0,0.866,1027.883792069901,8.32,0.533,0.0,1.3,3726.037803619282,19.8,0.913,0.0,0.817,4110.318441434922
1731071755.05,39.7,1.028,0.0,3.92,4335.9166223626735,19.9,0.528,0.0,1.34,1027.927464610221,7.68,0.582,0.0,0.849,3725.944312654177,19.8,0.915,0.0,0.841,4110.4931833053815
1731071755.55,39.7,0.842,0.0,1.65,4336.030194807472,20.5,0.781,0.0,0.867,1027.9711377271262,7.69,0.836,0.0,0.859,3725.850821758702,20.5,0.843,0.0,0.882,4110.667927478452
1731071756.05,39.7,0.712,0.016,1.84,4336.525754371261,19.8,0.735,0.0,0.929,1028.0148114205365,8.31,0.951,0.0,0.842,3725.7573309328654,19.2,0.994,0.032,0.782,4110.8426739538445
1731071756.55,39.7,0.695,0.0,1.03,4336.408728238753,19.8,0.588,0.0,0.832,1028.0584856903813,7.68,0.465,0.0,0.811,3725.663840176674,19.9,1.029,0.0,0.828,4111.017422731264
1731071757.05,39.7,0.711,0.016,1.45,4336.2562925306565,19.8,0.49,0.0,0.75,1028.1021605365877,8.33,0.605,0.0,1.07,3725.570349490129,19.8,0.96,0.0,0.805,4111.192173810415
1731071757.55,40.3,0.758,0.0,1.77,4336.379158379294,19.9,0.57,0.0,0.774,1028.145835959081,8.31,0.752,0.0,0.828,3725.4768588732377,19.9,1.062,0.0,0.764,4111.366927191005
1731071758.05,39.7,0.902,0.0,1.05,4336.376478717322,20.5,0.421,0.0,0.761,1028.189511957792,7.68,0.939,0.0,0.756,3725.3833683260023,20.5,1.064,0.0,0.905,4111.541682872738
1731071758.55,40.3,0.953,0.0,6.5,4336.271984083958,19.8,0.577,0.0,0.986,1028.2331885326407,8.32,1.013,0.0,0.939,3725.2898778484337,19.9,0.911,0.0,1.33,4111.716440855327
1731071759.05,39.7,0.936,0.0,1.08,4336.673581083301,19.8,0.58,0.0,0.782,1028.276865683557,7.68,0.503,0.0,0.699,3725.196387440533,19.8,0.439,0.0,2.18,4111.891201138474
1731071759.55,40.3,0.992,0.0,1.33,4336.293123875916,20.4,0.577,0.0,0.857,1028.3205434104673,8.31,0.653,0.0,0.747,3725.102897102308,19.8,0.502,0.0,2.92,4112.065963721886
1731071760.05,38.4,0.515,0.032,2.45,4336.531628440984,19.9,0.599,0.0,0.807,1028.364221713298,7.68,1.062,0.0,0.835,3725.0094068337607,20.5,0.597,0.0,1.78,4112.240728605271
1731071760.55,40.4,0.752,0.0,0.862,4336.937772654848,19.9,0.75,0.0,0.816,1028.4079005919791,8.32,1.001,0.0,1.41,3724.915916634897,19.8,0.764,0.0,1.02,4112.415495788332
1731071761.05,39.7,0.615,0.0,1.29,4336.651290408617,19.8,0.688,0.0,1.02,1028.4515800464314,7.68,0.957,0.0,0.808,3724.822426505725,19.8,0.602,0.0,0.734,4112.590265270781
1731071761.55,40.3,0.662,0.0,1.81,4336.488283750471,20.5,0.718,0.0,0.721,1028.495260076584,8.32,0.486,0.0,1.26,3724.728936446248,19.8,0.657,0.0,1.67,4112.765037052323
1731071762.05,39.7,0.697,0.0,0.866,4337.234284310004,19.9,0.692,0.0,0.748,1028.5389406823635,7.68,0.709,0.0,0.799,3724.635446456472,20.5,0.575,0.0,0.88,4112.939811132665
1731071762.55,39.7,0.807,0.0,0.838,4337.1841219772,19.8,0.8,0.0,0.844,1028.582621863697,8.32,0.325,0.0,0.844,3724.541956536401,19.9,0.653,0.0,1.32,4113.1145875115135
1731071763.05,40.3,0.787,0.0,0.832,4336.922502519646,19.8,0.71,0.0,0.734,1028.6263036205144,7.68,0.819,0.0,0.845,3724.44846668604,19.8,0.553,0.0,0.955,4113.289366188573
1731071763.55,40.3,0.869,0.0,1.026,4337.358936549841,20.5,0.72,0.0,0.906,1028.6699859527355,8.32,0.978,0.0,0.819,3724.354976905396,19.9,0.625,0.0,1.95,4113.464147163555
1731071764.05,39.0,0.356,0.0,1.22,4337.472889579007,19.8,0.717,0.0,0.754,1028.713668860291,7.68,0.485,0.0,1.13,3724.2614871944743,20.5,0.589,0.0,0.809,4113.6389304361655
1731071764.55,41.0,0.278,0.0,1.58,4337.303314860516,19.8,0.847,0.0,0.886,1028.7573523431065,8.32,0.715,0.0,1.37,3724.16799755328,19.8,0.607,0.0,0.976,4113.813716006111
1731071765.05,39.7,0.447,0.0,3.08,4337.245481037181,19.9,0.952,0.0,0.852,1028.8010364011095,7.68,0.399,0.0,1.15,3724.074507981816,19.9,0.574,0.0,0.795,4113.988503873097
1731071765.55,40.3,0.393,0.0,0.861,4337.5738020798735,19.8,0.844,0.0,0.74,1028.84472103423,8.33,1.02,0.0,0.863,3723.981018480089,19.8,0.684,0.0,0.847,4114.163294036832
1731071766.05,39.7,0.561,0.0,0.736,4337.821880526879,20.5,0.693,0.0,0.836,1028.888406242388,7.68,0.732,0.0,0.739,3723.887529048104,20.5,0.659,0.0,0.847,4114.338086497024
1731071766.55,40.3,0.479,0.0,0.644,4337.326590681068,19.9,0.558,0.0,0.817,1028.9320920255136,8.31,0.568,0.0,0.719,3723.794039685869,19.8,0.633,0.0,1.05,4114.512881253381
1731071767.05,39.7,0.379,0.0,0.804,4337.906563882701,19.8,0.712,0.0,0.867,1028.9757783835337,7.68,0.883,0.0,0.783,3723.7005503933856,19.8,0.665,0.0,1.6,4114.68767830561
1731071767.55,40.3,0.415,0.0,0.832,4338.074184632915,20.5,0.722,0.0,0.876,1029.0194653163744,8.32,0.49,0.0,1.19,3723.607061170661,19.8,0.671,0.0,0.902,4114.862477653416
1731071768.05,39.7,0.553,0.0,0.755,4337.639237422524,19.8,0.674,0.0,0.985,1029.063152823967,7.68,1.049,0.0,0.801,3723.5135720176977,20.5,0.683,0.0,0.862,4115.037279296506
1731071768.55,40.3,0.593,0.0,0.701,4337.997346857895,19.8,0.771,0.0,0.798,1029.1068409062304,7.69,0.704,0.0,1.07,3723.420082934505,19.9,0.731,0.0,0.807,4115.212083234593
1731071769.05,39.7,0.461,0.0,0.701,4338.084974131606,19.8,0.684,0.0,0.782,1029.1505295630957,8.32,0.537,0.0,0.845,3723.326593921087,19.8,0.733,0.0,1.4,4115.386889467381
1731071769.55,40.3,0.44,0.0,0.797,4337.995274021758,20.5,0.66,0.0,0.69,1029.1942187944892,7.68,0.373,0.0,0.83,3723.233104977447,19.8,0.799,0.0,1.35,4115.561697994577
1731071770.05,39.7,0.511,0.0,0.926,4337.759792267473,19.8,0.857,0.0,0.816,1029.237908600338,8.32,0.439,0.0,0.955,3723.139616103592,20.5,0.815,0.0,4.29,4115.7365088158895
1731071770.55,40.3,0.507,0.0,0.811,4338.290991113204,19.8,0.872,0.0,0.684,1029.2815989805715,8.31,1.057,0.0,0.708,3723.046127299526,19.8,0.934,0.0,0.803,4115.911321931024
1731071771.05,39.7,0.648,0.0,0.763,4337.963165449222,19.8,0.889,0.0,1.06,1029.3252899351114,7.69,0.694,0.0,0.75,3722.952638565256,19.8,0.881,0.0,1.03,4116.086137339693
1731071771.55,40.3,0.661,0.0,0.77,4338.218033813505,20.5,0.888,0.0,0.949,1029.368981463887,8.31,0.539,0.0,0.823,3722.8591499007857,19.8,0.574,0.0,0.826,4116.260955041602
1731071772.05,39.7,0.869,0.0,0.85,4338.317595437959,19.8,0.834,0.0,0.983,1029.412673566825,7.68,0.382,0.0,0.761,3722.765661306121,20.5,0.548,0.0,1.96,4116.435775036458
1731071772.55,39.7,0.486,0.0,3.75,4338.555723619778,19.8,0.955,0.0,0.872,1029.4563662438527,8.32,0.475,0.0,0.853,3722.672172781268,19.8,0.884,0.0,1.01,4116.610597323969
1731071773.05,40.3,0.532,0.0,5.14,4338.479899639836,19.8,1.001,0.0,2.39,1029.5000594949,7.68,0.858,0.0,0.839,3722.578684326229,19.8,0.7,0.0,0.853,4116.785421903842
1731071773.55,40.3,0.545,0.0,3.17,4338.8829892084905,20.5,0.988,0.0,2.12,1029.5437533198874,7.68,0.596,0.0,0.865,3722.485195941013,19.8,0.7,0.0,1.93,4116.960248775788
1731071774.05,39.7,0.523,0.0,0.94,4338.234538879239,19.8,1.051,0.0,2.97,1029.5874477187454,8.32,0.62,0.0,0.833,3722.391707625623,20.5,0.644,0.0,0.774,4117.135077939513
1731071774.55,40.3,0.746,0.0,0.908,4338.890233984776,19.9,0.804,0.0,5.32,1029.6311426914003,7.69,0.468,0.0,0.801,3722.298219380065,19.8,0.777,0.0,1.022,4117.309909394726
1731071775.05,39.7,0.764,0.0,0.776,4338.6217733086,19.8,0.526,0.0,0.876,1029.6748382377796,8.31,0.529,0.0,0.843,3722.204731204344,19.8,0.772,0.0,1.27,4117.484743141134
